t_s,experiment_z
0.0,-0.5474577154416702
0.008330000000000837,-0.5536117980015438
0.016660000000001673,-0.5574226851244379
0.02499000000000251,-0.5592853778837465
0.03332000000000335,-0.5595948673550081
0.041650000000004184,-0.5587461507949153
0.04998000000000502,-0.5571342233237597
0.05831000000000586,-0.5545956656644354
0.0666400000000067,-0.5503268570277224
0.07497000000000753,-0.5495637773229494
0.08330000000000837,-0.5524791392903985
0.0916300000000092,-0.5581930688330766
0.09996000000001004,-0.5663572831419802
0.10829000000001088,-0.5757769671185581
0.11662000000001171,-0.5850425578528924
0.12495000000001255,-0.5956117933126877
0.1332800000000134,-0.6059425720678108
0.14161000000001422,-0.6140460447406667
0.14994000000001506,-0.6220851505409818
0.1582700000000159,-0.6281097221952398
0.16660000000001673,-0.6312525466822413
0.17493000000001757,-0.6358397511850454
0.1832600000000184,-0.6430683824953831
0.19159000000001924,-0.6506363196392617
0.19992000000002008,-0.6590605479377362
0.20825000000002092,-0.6655758721993319
0.21658000000002176,-0.6723937692566456
0.2249100000000226,-0.6770316017691691
0.23324000000002343,-0.6809919954449429
0.24157000000002427,-0.6838543231335991
0.2499000000000251,-0.6866319989829718
0.25823000000002594,-0.6925638738395612
0.2665600000000268,-0.6935411891358612
0.2748900000000276,-0.6894344416791401
0.28322000000002845,-0.6839628063934023
0.2915500000000293,-0.6711636997344204
0.2998800000000301,-0.652861536358275
0.30821000000003096,-0.628195722153554
0.3165400000000318,-0.5966357232545224
0.32487000000003263,-0.554679336918705
0.33320000000003347,-0.4904873215941195
0.3415300000000343,-0.4008964912883442
0.34986000000003514,-0.2874142318477309
0.358190000000036,-0.15363493261991149
0.3665200000000368,0.014704144368228646
0.37485000000003765,0.20501271891187203
0.3831800000000385,0.4240333113023053
0.3915100000000393,0.6700062576391904
0.39984000000004016,0.9412177053756645
0.408170000000041,1.1914969044983752
0.41650000000004184,1.4286102528501277
0.4248300000000427,1.6552405982949199
0.4331600000000435,1.8739368293049958
0.44149000000004435,2.078059987327886
0.4498200000000452,2.2724518845335626
0.458150000000046,2.451487302616216
0.46648000000004686,2.62265136951454
0.4748100000000477,2.778447193777307
0.48314000000004853,2.9348905043397906
0.49147000000004937,3.083524458279096
0.4998000000000502,3.218116890835838
0.508130000000051,3.302717786036888
0.5164600000000519,3.363078541073494
0.5247900000000527,3.390020283170256
0.5331200000000536,3.3805522800051935
0.5414500000000544,3.3392849012098376
0.5497800000000552,3.2633182810675767
0.5581100000000561,3.1530773172391733
0.5664400000000569,3.013226357197189
0.5747700000000577,2.8326385634660576
0.5831000000000586,2.620279661945234
0.5914300000000594,2.3714434063680505
0.5997600000000602,2.086426458676842
0.6080900000000611,1.7726394461401969
0.6164200000000619,1.4419086324763093
0.6247500000000628,1.075683151699388
0.6330800000000636,0.6899111174342965
0.6414100000000644,0.2869464167360034
0.6497400000000653,-0.13544891247553859
0.6580700000000661,-0.5851258261317861
0.6664000000000669,-1.0367068575723215
0.6747300000000678,-1.502891347546624
0.6830600000000686,-1.9655091385362713
0.6913900000000694,-2.4286633147632326
0.6997200000000703,-2.870239286464176
0.7080500000000711,-3.2845796576967907
0.716380000000072,-3.6629195856933943
0.7247100000000728,-4.009862941191718
0.7330400000000736,-4.3021586574720505
0.7413700000000745,-4.541717309898738
0.7497000000000753,-4.72298799329282
0.7580300000000761,-4.854722425778398
0.766360000000077,-4.899046324280983
0.7746900000000778,-4.868956989210147
0.7830200000000787,-4.777597301824008
0.7913500000000795,-4.628462515568571
0.7996800000000803,-4.407338536070218
0.8080100000000812,-4.147553643014432
0.816340000000082,-3.847623946026361
0.8246700000000828,-3.5278571206271594
0.8330000000000837,-3.173852039918451
0.8413300000000845,-2.801047968577917
0.8496600000000853,-2.4071296109835245
0.8579900000000862,-2.010713637429034
0.866320000000087,-1.6085252257770069
0.8746500000000879,-1.1880501242173624
0.8829800000000887,-0.7908227057369118
0.8913100000000895,-0.39148400977408904
0.8996400000000904,0.011237278524223161
0.9079700000000912,0.3954037556964657
0.916300000000092,0.7686021311797655
0.9246300000000929,1.1198206386021625
0.9329600000000937,1.464715904873661
0.9412900000000946,1.7822588601284748
0.9496200000000954,2.076434350593773
0.9579500000000962,2.3395392789256557
0.9662800000000971,2.5804279242247277
0.9746100000000979,2.8053427428490423
0.9829400000000987,2.994045276099108
0.9912700000000996,3.166159607917078
0.9996000000001004,3.3125758239903904
1.0079300000001012,3.4301294509097815
1.016260000000102,3.528197558023013
1.024590000000103,3.600011384022193
1.0329200000001038,3.6398661801021372
1.0412500000001046,3.6498116725603116
1.0495800000001054,3.6380080861218613
1.0579100000001063,3.603238106106376
1.066240000000107,3.5419066462937154
1.074570000000108,3.452515924331832
1.0829000000001088,3.34041255856791
1.0912300000001096,3.197727728334339
1.0995600000001104,3.0361491947034156
1.1078900000001113,2.845862920063993
1.1162200000001121,2.643026612701706
1.124550000000113,2.42558034418434
1.1328800000001138,2.189989140232
1.1412100000001146,1.943638011492812
1.1495400000001155,1.6878025958327303
1.1578700000001163,1.4295496078038246
1.1662000000001171,1.1657318400632637
1.174530000000118,0.9031836909673145
1.1828600000001188,0.6316353581829741
1.1911900000001197,0.35900822014711603
1.1995200000001205,0.10045720359440294
1.2078500000001213,-0.15788993099692541
1.2161800000001222,-0.4081475001324286
1.224510000000123,-0.6439708062434603
1.2328400000001238,-0.8802077833856194
1.2411700000001247,-1.1209644427681982
1.2495000000001255,-1.3539953080807663
1.2578300000001263,-1.5714189266257859
1.2661600000001272,-1.7734775640225164
1.274490000000128,-1.961510926328742
1.2828200000001289,-2.1446807367301273
1.2911500000001297,-2.307160350869004
1.2994800000001305,-2.442831993619063
1.3078100000001314,-2.5601607944770577
1.3161400000001322,-2.659669864414603
1.324470000000133,-2.7356522139651065
1.3328000000001339,-2.8024574710264245
1.3411300000001347,-2.8600680868462716
1.3494600000001356,-2.8991802259068695
1.3577900000001364,-2.9187559859252112
1.3661200000001372,-2.918439587388666
1.374450000000138,-2.901079439485026
1.382780000000139,-2.8735914782812677
1.3911100000001397,-2.837621446822836
1.3994400000001406,-2.786226836023284
1.4077700000001414,-2.722823092299723
1.4161000000001422,-2.6482477782168763
1.424430000000143,-2.5647841849552924
1.432760000000144,-2.4718031143644787
1.4410900000001448,-2.37396033034257
1.4494200000001456,-2.2707824407438433
1.4577500000001464,-2.1649374419374294
1.4660800000001473,-2.0467768719684902
1.474410000000148,-1.914904992739765
1.482740000000149,-1.7771120312940147
1.4910700000001498,-1.6313631226028402
1.4994000000001506,-1.4775124628187812
1.5077300000001514,-1.3130309594183949
1.5160600000001523,-1.1413710269356272
1.5243900000001531,-0.9639633060710703
1.532720000000154,-0.7770426390449182
1.5410500000001548,-0.5788617421595629
1.5493800000001556,-0.37573811730697243
1.5577100000001565,-0.16241432887701543
1.5660400000001573,0.06564638342060841
1.5743700000001581,0.29884177766929393
1.582700000000159,0.536812110027621
1.5910300000001598,0.7775460928956314
1.5993600000001607,1.0156823446688674
1.6076900000001615,1.2498812459433302
1.6160200000001623,1.4764340033542602
1.6243500000001632,1.6962936527753854
1.632680000000164,1.9059169225239274
1.6410100000001648,2.102826813736747
1.6493400000001657,2.2804020660901436
1.6576700000001665,2.4445639283800857
1.6660000000001673,2.5828177864052893
1.6743300000001682,2.696391275544887
1.682660000000169,2.790235467087717
1.6909900000001699,2.8620051084423856
1.6993200000001707,2.9072579260168285
1.7076500000001715,2.9234147806470747
1.7159800000001724,2.912443049037584
1.7243100000001732,2.870685005855419
1.732640000000174,2.7974609118691647
1.7409700000001749,2.702262933235521
1.7493000000001757,2.5670723341374253
1.7576300000001766,2.4054322132548416
1.7659600000001774,2.2158787721199396
1.7742900000001782,1.9952057844370361
1.782620000000179,1.7531184019664943
1.79095000000018,1.4878749606727
1.7992800000001807,1.202267120040088
1.8076100000001816,0.894784760568166
1.8159400000001824,0.5753387811397004
1.8242700000001832,0.23911559284135137
1.832600000000184,-0.09825739975255768
1.840930000000185,-0.4259300996042745
1.8492600000001858,-0.7550706629372667
1.8575900000001866,-1.0596117140910908
1.8659200000001874,-1.3405483200775061
1.8742500000001883,-1.5957828736444406
1.882580000000189,-1.8167129472711447
1.89091000000019,-1.9954472070545441
1.8992400000001908,-2.127539836203984
1.9075700000001916,-2.2194534114407345
1.9159000000001924,-2.2596359696667543
1.9242300000001933,-2.2442027460929825
1.9325600000001941,-2.169760284629163
1.940890000000195,-2.0362270210616518
1.9492200000001958,-1.8632133413476761
1.9575500000001966,-1.653669139509463
1.9658800000001975,-1.4145398515250585
1.9742100000001983,-1.1628869492716665
1.9825400000001991,-0.9074861506949528
1.9908700000002,-0.6545127078158262
1.9992000000002008,-0.40501570774514084
2.0075300000002017,-0.16898848373455264
2.0158600000002025,0.060068890304719944
2.0241900000002033,0.28840871754066505
2.032520000000204,0.5041824044660763
2.040850000000205,0.7081702333916331
2.049180000000206,0.8903603834674728
2.0575100000002067,1.0581963451271765
2.0658400000002075,1.2108040637252253
2.0741700000002083,1.3403409134494093
2.082500000000209,1.450481708783832
2.09083000000021,1.5370312802230945
2.099160000000211,1.6095114787081044
2.1074900000002117,1.6566988705139722
2.1158200000002125,1.683516813556752
2.1241500000002134,1.6900455816448834
2.132480000000214,1.6736793441271562
2.140810000000215,1.6321344425820092
2.149140000000216,1.565496579383593
2.1574700000002167,1.4791104944953817
2.1658000000002176,1.372745937367
2.1741300000002184,1.2389714444820739
2.1824600000002192,1.0818879264023846
2.19079000000022,0.9079190290716588
2.199120000000221,0.718691098689371
2.2074500000002217,0.5114765613273489
2.2157800000002226,0.2956396857927789
2.2241100000002234,0.07912137748982784
2.2324400000002242,-0.14687076993216402
2.240770000000225,-0.3724122540366947
2.249100000000226,-0.6008293641126784
2.2574300000002268,-0.8254325874820215
2.2657600000002276,-1.0404015713121428
2.2740900000002284,-1.2622267683065567
2.2824200000002293,-1.4779107724646439
2.29075000000023,-1.675221185535465
2.299080000000231,-1.860624671217815
2.3074100000002318,-2.0292487435686026
2.3157400000002326,-2.174170081637275
2.3240700000002334,-2.2895711785905086
2.3324000000002343,-2.3814217400732582
2.340730000000235,-2.4411586083838483
2.349060000000236,-2.4747391153125204
2.357390000000237,-2.4729364281005126
2.3657200000002376,-2.434930116426799
2.3740500000002385,-2.37311581505697
2.3823800000002393,-2.2825379526906717
2.39071000000024,-2.1602517341825007
2.399040000000241,-2.0124175828673363
2.407370000000242,-1.8318406318309126
2.4157000000002427,-1.6376118956730576
2.4240300000002435,-1.4223378205505701
2.4323600000002443,-1.1991913104024439
2.440690000000245,-0.9603890649446473
2.449020000000246,-0.7035371649532919
2.457350000000247,-0.4453312000222936
2.4656800000002477,-0.18374072877921638
2.4740100000002485,0.08164677654926608
2.4823400000002493,0.34957076685711413
2.49067000000025,0.609757059103315
2.499000000000251,0.8644755351851904
2.507330000000252,1.1140438972592193
2.5156600000002527,1.343531494964967
2.5239900000002535,1.5631682674246905
2.5323200000002544,1.7640402615231152
2.540650000000255,1.9544926583222633
2.548980000000256,2.128423250286004
2.557310000000257,2.280231273587286
2.5656400000002577,2.418951550763343
2.5739700000002586,2.541352939813838
2.5823000000002594,2.647105754838333
2.5906300000002602,2.722514394532605
2.598960000000261,2.7739701638708136
2.607290000000262,2.802875862722413
2.6156200000002627,2.8127672675740802
2.6239500000002636,2.7966949868948086
2.6322800000002644,2.7538541962226746
2.6406100000002652,2.682017901171007
2.648940000000266,2.5842164624838455
2.657270000000267,2.465314695572524
2.6656000000002678,2.323483683563891
2.6739300000002686,2.154143651763817
2.6822600000002694,1.9642797116193964
2.6905900000002703,1.7492539324278362
2.698920000000271,1.520062362569669
2.707250000000272,1.2898842944127165
2.7155800000002728,1.0535781529989772
2.7239100000002736,0.8145756904648058
2.7322400000002744,0.5755229643129465
2.7405700000002753,0.3309850997183323
2.748900000000276,0.08944167242208226
2.757230000000277,-0.1471207614405331
2.765560000000278,-0.3761084642514391
2.7738900000002786,-0.5977021568190299
2.7822200000002795,-0.8082712610072568
2.7905500000002803,-1.0069316267352388
2.798880000000281,-1.1868844027240268
2.807210000000282,-1.3485589567538832
2.815540000000283,-1.499264404389329
2.8238700000002837,-1.629744557498135
2.8322000000002845,-1.7483143502432934
2.8405300000002853,-1.8608156974798513
2.848860000000286,-1.9620689820537411
2.857190000000287,-2.056286138927006
2.865520000000288,-2.138793895390463
2.8738500000002887,-2.212926799435605
2.8821800000002895,-2.2825008836761316
2.8905100000002903,-2.3488751134321166
2.898840000000291,-2.4125946295989262
2.907170000000292,-2.4722555645176922
2.915500000000293,-2.527225711845521
2.9238300000002937,-2.5783458368535084
2.9321600000002945,-2.626698860159931
2.9404900000002954,-2.6731494686231683
2.948820000000296,-2.715357110243186
2.957150000000297,-2.7547383533332495
2.965480000000298,-2.7874972841060908
2.9738100000002987,-2.811501529444851
2.9821400000002996,-2.8288744988453405
2.9904700000003004,-2.83534036827231
2.9988000000003012,-2.8301847808851797
3.007130000000302,-2.8086614505892444
3.015460000000303,-2.7670855454656076
3.0237900000003037,-2.698665302463323
3.0321200000003046,-2.59971329969101
3.0404500000003054,-2.468296409352332
3.0487800000003062,-2.2980447241965956
3.057110000000307,-2.082096841507388
3.065440000000308,-1.8213394825361517
3.0737700000003088,-1.524770366033183
3.0821000000003096,-1.1932768562795284
3.0904300000003104,-0.8266077580278661
3.0987600000003113,-0.44910790062942607
3.107090000000312,-0.05755222270590458
3.115420000000313,0.3436453036401886
3.1237500000003138,0.7478273178518456
3.1320800000003146,1.1483510007971338
3.1404100000003154,1.5380360615286863
3.1487400000003163,1.916038725737811
3.157070000000317,2.283027923298525
3.165400000000318,2.625790247473643
3.173730000000319,2.942427292078598
3.1820600000003196,3.2395048391242467
3.1903900000003205,3.5085043553085993
3.1987200000003213,3.7376774604521086
3.207050000000322,3.9378514201778008
3.215380000000323,4.10576326048081
3.223710000000324,4.2394119250938065
3.2320400000003247,4.340901379052228
3.2403700000003255,4.407169396666053
3.2487000000003263,4.4375851683149925
3.257030000000327,4.439601760063675
3.265360000000328,4.410458910579536
3.273690000000329,4.352405657975149
3.2820200000003297,4.255472525606434
3.2903500000003305,4.11111870194542
3.2986800000003313,3.9337065058458043
3.307010000000332,3.7203114735786285
3.315340000000333,3.464107730612631
3.323670000000334,3.165823559828656
3.3320000000003347,2.8358177141549645
3.3403300000003355,2.4661543709874345
3.3486600000003364,2.0821829958091422
3.356990000000337,1.6952302708739269
3.365320000000338,1.2814240210217813
3.373650000000339,0.8575625405145172
3.3819800000003397,0.4223743616333824
3.3903100000003406,-0.02591207814703951
3.3986400000003414,-0.46641824787132796
3.4069700000003422,-0.9021883990833349
3.415300000000343,-1.3273592426560854
3.423630000000344,-1.741619014113523
3.4319600000003447,-2.1326118256216056
3.4402900000003456,-2.4982152964433353
3.4486200000003464,-2.810298396367771
3.4569500000003472,-3.086585992213377
3.465280000000348,-3.3413223775983796
3.473610000000349,-3.54953233266268
3.4819400000003498,-3.71722875272186
3.4902700000003506,-3.852989334394761
3.4986000000003514,-3.9482283041804993
3.5069300000003523,-3.9986246228324367
3.515260000000353,-4.00767434781166
3.523590000000354,-3.986816609427807
3.5319200000003548,-3.921894419340173
3.5402500000003556,-3.8168479874564087
3.5485800000003564,-3.682322265394
3.5569100000003573,-3.5214977963773095
3.565240000000358,-3.33151644881266
3.573570000000359,-3.109551023503763
3.58190000000036,-2.856518234303198
3.5902300000003606,-2.5938944482149195
3.5985600000003615,-2.321425986074902
3.6068900000003623,-2.0362139975966604
3.615220000000363,-1.7421169909397125
3.623550000000364,-1.4434046797144455
3.631880000000365,-1.1416432999633033
3.6402100000003657,-0.8417958262944495
3.6485400000003665,-0.5490127697375093
3.6568700000003673,-0.26224126527260405
3.665200000000368,0.016441069966621744
3.673530000000369,0.2886383447587797
3.68186000000037,0.5471878256709691
3.6901900000003707,0.7777556467196749
3.6985200000003715,0.989141594588394
3.7068500000003723,1.1850658139720127
3.715180000000373,1.3687950275875633
3.723510000000374,1.5382256856524905
3.731840000000375,1.6912066069391307
3.7401700000003757,1.8309705366949989
3.7485000000003765,1.9495688805551739
3.7568300000003774,2.044993251476647
3.765160000000378,2.12209986877278
3.773490000000379,2.1754317051434704
3.78182000000038,2.208006638549046
3.7901500000003807,2.219801106010254
3.7984800000003816,2.2048283708841874
3.8068100000003824,2.1702060708454813
3.8151400000003832,2.110162656321734
3.823470000000384,2.024257205454962
3.831800000000385,1.9080943729103899
3.8401300000003857,1.7708900523017905
3.8484600000003866,1.6109751235324665
3.8567900000003874,1.4277787746166986
3.8651200000003882,1.237550566135437
3.873450000000389,1.0337796758221665
3.88178000000039,0.8271150824103147
3.8901100000003908,0.6177054079289998
3.8984400000003916,0.4125389106456845
3.9067700000003924,0.22088039030431822
3.9151000000003933,0.03805338577725918
3.923430000000394,-0.13161183780848726
3.931760000000395,-0.2824176300202928
3.9400900000003958,-0.4041063869306932
3.9484200000003966,-0.5037797547308646
3.9567500000003974,-0.5849849397565603
3.9650800000003983,-0.6339370479879485
3.973410000000399,-0.6664544775754887
3.9817400000004,-0.67584213237137
3.990070000000401,-0.6645656154253086
3.9984000000004016,-0.6266877248681826
4.0067300000004025,-0.5735318195472574
4.015060000000403,-0.5052707336053914
4.023390000000404,-0.42660488177207817
4.031720000000405,-0.3390758775889988
4.040050000000406,-0.2450526738417634
4.048380000000407,-0.1513625533151492
4.0567100000004075,-0.0618391311811167
4.065040000000408,0.023176396164315983
4.073370000000409,0.09791801533296146
4.08170000000041,0.16526326852698192
4.090030000000411,0.2208755884528725
4.098360000000412,0.2655451663236334
4.1066900000004125,0.296521841914282
4.115020000000413,0.3148098466741385
4.123350000000414,0.3220146193383863
4.131680000000415,0.31669907502384714
4.140010000000416,0.2962071030251438
4.148340000000417,0.26264732785344197
4.1566700000004175,0.21846502729867978
4.165000000000418,0.16369180113912862
4.173330000000419,0.1000921144779328
4.18166000000042,0.03128011617957339
4.189990000000421,-0.04147981522345473
4.198320000000422,-0.11435534623233547
4.2066500000004226,-0.1830835696092321
4.214980000000423,-0.24696405846383285
4.223310000000424,-0.30100788370813225
4.231640000000425,-0.34622423403118285
4.239970000000426,-0.38565699675526677
4.248300000000427,-0.4130109008751116
4.256630000000428,-0.4275041417317555
4.264960000000428,-0.42927553375267624
4.273290000000429,-0.4231293289651075
4.28162000000043,-0.404709354842681
4.289950000000431,-0.38123696899541054
4.298280000000432,-0.35397973699461177
4.306610000000433,-0.3190338229143026
4.314940000000433,-0.2812613856212514
4.323270000000434,-0.24020885586185148
4.331600000000435,-0.1983793344749188
4.339930000000436,-0.15857142341493485
4.348260000000437,-0.11915197879288346
4.356590000000438,-0.0823074996887256
4.3649200000004384,-0.04961908253913907
4.373250000000439,-0.025536240196558365
4.38158000000044,-0.011278957050728861
4.389910000000441,-0.011386071118942801
4.398240000000442,-0.023268428281583115
4.406570000000443,-0.04278807439803119
4.4149000000004435,-0.0756376583515749
4.423230000000444,-0.12324714854827473
4.431560000000445,-0.18304741176980585
4.439890000000446,-0.24994251149634414
4.448220000000447,-0.3293511146855647
4.456550000000448,-0.4204374541423641
4.4648800000004485,-0.5189585934848738
4.473210000000449,-0.6271541490453124
4.48154000000045,-0.7464771305430243
4.489870000000451,-0.8642354237820532
4.498200000000452,-0.9820659567733746
4.506530000000453,-1.1025561646589421
4.5148600000004535,-1.2274687714921304
4.523190000000454,-1.3576872567602076
4.531520000000455,-1.4804816560428986
4.539850000000456,-1.5944757644416574
4.548180000000457,-1.7011669675598176
4.556510000000458,-1.7932590733835232
4.5648400000004585,-1.8632860035772778
4.573170000000459,-1.9086148338505387
4.58150000000046,-1.9250571866047061
4.589830000000461,-1.9108665614480937
4.598160000000462,-1.8678033646803829
4.606490000000463,-1.7950690278105363
4.6148200000004636,-1.6935701768366749
4.623150000000464,-1.5649994421106557
4.631480000000465,-1.4095868248867607
4.639810000000466,-1.2275484539850339
4.648140000000467,-1.0081776789658619
4.656470000000468,-0.7647222436592048
4.664800000000469,-0.503680819232368
4.673130000000469,-0.22566262771139511
4.68146000000047,0.06059776409839255
4.689790000000471,0.3491240376868883
4.698120000000472,0.6416406345154841
4.706450000000473,0.9304907251097119
4.714780000000474,1.2114019294201503
4.723110000000474,1.4796008824001525
4.731440000000475,1.732771128743262
4.739770000000476,1.9759280814923104
4.748100000000477,2.2082510381467704
4.756430000000478,2.418799714815009
4.764760000000479,2.608538538151762
4.7730900000004794,2.779010269523429
4.78142000000048,2.925257666608936
4.789750000000481,3.050559030213584
4.798080000000482,3.154025223607806
4.806410000000483,3.2332121913329104
4.814740000000484,3.2881912671932922
4.8230700000004845,3.3150452097374417
4.831400000000485,3.316369287420379
4.839730000000486,3.2872115584165065
4.848060000000487,3.223783499303459
4.856390000000488,3.1366050221883
4.864720000000489,3.0224198970032843
4.8730500000004895,2.8740228101363563
4.88138000000049,2.6939387481137156
4.889710000000491,2.4900309083350556
4.898040000000492,2.259482215753553
4.906370000000493,2.00565998957105
4.914700000000494,1.7273629164650612
4.9230300000004945,1.4304116467417052
4.931360000000495,1.1154517685835916
4.939690000000496,0.7890494261647826
4.948020000000497,0.45208252549609806
4.956350000000498,0.111296947812673
4.964680000000499,-0.24276274894851124
4.9730100000004995,-0.6033711806053548
4.9813400000005,-0.9711526147955912
4.989670000000501,-1.3367036467415592
4.998000000000502,-1.7007430257197773
5.006330000000503,-2.0627049862331166
5.014660000000504,-2.4209293552134854
5.0229900000005046,-2.7712135486960388
5.031320000000505,-3.1066384149116257
5.039650000000506,-3.413697113110034
5.047980000000507,-3.697051158590126
5.056310000000508,-3.9501806873004703
5.064640000000509,-4.1728755815726615
5.07297000000051,-4.352397640505158
5.08130000000051,-4.494250788053716
5.089630000000511,-4.588838092098018
5.097960000000512,-4.632619186686646
5.106290000000513,-4.617243348691008
5.114620000000514,-4.549312073074314
5.122950000000515,-4.419618777810466
5.131280000000515,-4.227698133766346
5.139610000000516,-3.983931415642449
5.147940000000517,-3.6883019707939453
5.156270000000518,-3.3469775413338865
5.164600000000519,-2.9770944258253613
5.17293000000052,-2.5810576577993807
5.1812600000005204,-2.1693886865517733
5.189590000000521,-1.7458382113108946
5.197920000000522,-1.310911369998248
5.206250000000523,-0.864589237623545
5.214580000000524,-0.4346811798014857
5.222910000000525,-0.02274356003608569
5.2312400000005255,0.3683186120702666
5.239570000000526,0.7326673884334264
5.247900000000527,1.0761602799412473
5.256230000000528,1.3905321083805078
5.264560000000529,1.6793584213258845
5.27289000000053,1.9489618375475097
5.2812200000005305,2.1999375246429973
5.289550000000531,2.4336431618282677
5.297880000000532,2.65135343143075
5.306210000000533,2.846581768324037
5.314540000000534,3.0060767779012827
5.322870000000535,3.131638330071043
5.3312000000005355,3.2294074702174775
5.339530000000536,3.2977904522516894
5.347860000000537,3.3364263657892366
5.356190000000538,3.3466593779572573
5.364520000000539,3.3333674749695184
5.37285000000054,3.289920583797028
5.3811800000005405,3.216868829779967
5.389510000000541,3.118864790658667
5.397840000000542,2.998424730927148
5.406170000000543,2.8518810051847656
5.414500000000544,2.6924194093824214
5.422830000000545,2.525358627982405
5.4311600000005456,2.3473386798390905
5.439490000000546,2.1682389669432274
5.447820000000547,1.9889758232421237
5.456150000000548,1.8125744733258424
5.464480000000549,1.6399944952468584
5.47281000000055,1.4676345181741972
5.481140000000551,1.2998555078419163
5.489470000000551,1.139974453605704
5.497800000000552,0.9860736790443227
5.506130000000553,0.8302316524306278
5.514460000000554,0.6835081962987666
5.522790000000555,0.5416192365734682
5.531120000000556,0.39970837766265993
5.539450000000556,0.2578314807770034
5.547780000000557,0.11900049644476021
5.556110000000558,-0.021969179206604163
5.564440000000559,-0.1621019662643991
5.57277000000056,-0.30828367344320334
5.581100000000561,-0.45770928591771165
5.5894300000005614,-0.6030280018790688
5.597760000000562,-0.7526683014378606
5.606090000000563,-0.9171477827006187
5.614420000000564,-1.0911509522434417
5.622750000000565,-1.2684155654991478
5.631080000000566,-1.4330908958071675
5.6394100000005665,-1.6009921066406423
5.647740000000567,-1.765511971726653
5.656070000000568,-1.923440046605166
5.664400000000569,-2.0750487588583213
5.67273000000057,-2.2218693030883077
5.681060000000571,-2.354323598975841
5.6893900000005715,-2.4700630549113183
5.697720000000572,-2.5797135594101763
5.706050000000573,-2.682868955430444
5.714380000000574,-2.7726857324957424
5.722710000000575,-2.8363128138712637
5.731040000000576,-2.8688228845811024
5.7393700000005765,-2.8887526180396157
5.747700000000577,-2.888095363490246
5.756030000000578,-2.8592534361587436
5.764360000000579,-2.802942182623526
5.77269000000058,-2.723967270067647
5.781020000000581,-2.619716921283978
5.7893500000005815,-2.488544377494948
5.797680000000582,-2.3285681859830976
5.806010000000583,-2.150222879809209
5.814340000000584,-1.9489204289863755
5.822670000000585,-1.7272270422481586
5.831000000000586,-1.4935135647751108
5.8393300000005866,-1.2479029978586136
5.847660000000587,-0.9935261461598075
5.855990000000588,-0.7361764387326571
5.864320000000589,-0.4781270207682077
5.87265000000059,-0.22966593298217428
5.880980000000591,0.012407992737754387
5.889310000000592,0.2516488590807361
5.897640000000592,0.48234511922866535
5.905970000000593,0.6949314207848136
5.914300000000594,0.8969869784508664
5.922630000000595,1.0846201850936075
5.930960000000596,1.260070038077137
5.939290000000597,1.426364432629748
5.947620000000597,1.576742033193533
5.955950000000598,1.7054127350537427
5.964280000000599,1.8136198541952695
5.9726100000006,1.8991037242976099
5.980940000000601,1.964706993243261
5.989270000000602,2.00999876264734
5.9976000000006024,2.034945947538092
6.005930000000603,2.036831979992412
6.014260000000604,2.018775579225591
6.022590000000605,1.9822653820172702
6.030920000000606,1.927902674251913
6.039250000000607,1.8576901771742074
6.0475800000006075,1.7694574256353104
6.055910000000608,1.6588615423701754
6.064240000000609,1.5284311503298336
6.07257000000061,1.3826548146124298
6.080900000000611,1.2282059291767096
6.089230000000612,1.067654208813511
6.0975600000006125,0.8951628740993535
6.105890000000613,0.7114555745597231
6.114220000000614,0.5247417707640827
6.122550000000615,0.33407931153653264
6.130880000000616,0.14206312508423743
6.139210000000617,-0.04743666291642366
6.1475400000006175,-0.23793823763479727
6.155870000000618,-0.4295918141476164
6.164200000000619,-0.6113664330265277
6.17253000000062,-0.7831314871968024
6.180860000000621,-0.9427453894324583
6.189190000000622,-1.0889512199062423
6.1975200000006225,-1.2257837165858625
6.205850000000623,-1.3444331668395
6.214180000000624,-1.4384769056619535
6.222510000000625,-1.5106826199607595
6.230840000000626,-1.559901879122226
6.239170000000627,-1.5821676107661649
6.2475000000006276,-1.5777316223463353
6.255830000000628,-1.5424938039541074
6.264160000000629,-1.4699893380108127
6.27249000000063,-1.366848577919695
6.280820000000631,-1.2322772808550504
6.289150000000632,-1.0596493551586517
6.297480000000633,-0.8586943555009614
6.305810000000633,-0.6333970972812982
6.314140000000634,-0.3898064734752952
6.322470000000635,-0.13537986929551798
6.330800000000636,0.12296792077469265
6.339130000000637,0.3788355995628455
6.347460000000638,0.6236610542459348
6.355790000000638,0.8531883200195295
6.364120000000639,1.0686483629786447
6.37245000000064,1.2640125303521985
6.380780000000641,1.4414724098923934
6.389110000000642,1.6046499989463738
6.397440000000643,1.744104979155042
6.4057700000006434,1.8629533320225549
6.414100000000644,1.9607375395895719
6.422430000000645,2.0388400185210354
6.430760000000646,2.0935070964444913
6.439090000000647,2.1188124375041095
6.447420000000648,2.121855940629393
6.4557500000006485,2.0962359290664923
6.464080000000649,2.041435699020284
6.47241000000065,1.9528960707742244
6.480740000000651,1.8290577939590085
6.489070000000652,1.6765830208191153
6.497400000000653,1.500961675026998
6.5057300000006535,1.286871715618108
6.514060000000654,1.0524355097496596
6.522390000000655,0.8069994893197441
6.530720000000656,0.5401889827479786
6.539050000000657,0.2574782646077874
6.547380000000658,-0.031511241943523886
6.5557100000006585,-0.32754599247316535
6.564040000000659,-0.6357388318347464
6.57237000000066,-0.9491709998018882
6.580700000000661,-1.2594657651939047
6.589030000000662,-1.5549923367277514
6.597360000000663,-1.8353701875586197
6.6056900000006635,-2.1065588568414357
6.614020000000664,-2.3413482996036477
6.622350000000665,-2.537139727933781
6.630680000000666,-2.701959069794723
6.639010000000667,-2.8270090536340478
6.647340000000668,-2.9110266622515577
6.6556700000006686,-2.945008882373143
6.664000000000669,-2.941323073161441
6.67233000000067,-2.8908183088605974
6.680660000000671,-2.793782333779318
6.688990000000672,-2.652866564263581
6.697320000000673,-2.47468217861633
6.705650000000674,-2.2677691515462555
6.713980000000674,-2.032483492736658
6.722310000000675,-1.7775588429795641
6.730640000000676,-1.5138001072932734
6.738970000000677,-1.2518626859716753
6.747300000000678,-0.993692925322706
6.755630000000679,-0.7310944700753745
6.763960000000679,-0.4777403679942657
6.77229000000068,-0.23257128948710243
6.780620000000681,0.0038184878570191876
6.788950000000682,0.23596293715433878
6.797280000000683,0.45799942043462066
6.805610000000684,0.6673834855759224
6.8139400000006844,0.8662774912325532
6.822270000000685,1.053059271337005
6.830600000000686,1.2278017816206002
6.838930000000687,1.387565555221986
6.847260000000688,1.5352597851856362
6.855590000000689,1.6733957846326075
6.8639200000006895,1.7970838213798328
6.87225000000069,1.90671960715542
6.880580000000691,2.003453542114188
6.888910000000692,2.082967549184593
6.897240000000693,2.1394495452180813
6.905570000000694,2.174829086854219
6.9139000000006945,2.1925152620833894
6.922230000000695,2.1996231184841792
6.930560000000696,2.197144198921061
6.938890000000697,2.1818169007794292
6.947220000000698,2.155990142266925
6.955550000000699,2.1225145882100565
6.9638800000006995,2.0835166666783316
6.9722100000007,2.0394782965907887
6.980540000000701,1.9916299827266006
6.988870000000702,1.93274630392711
6.997200000000703,1.8653196337467695
7.005530000000704,1.7904962453816637
7.0138600000007045,1.7086037761150672
7.022190000000705,1.6183296190024508
7.030520000000706,1.5193493189568887
7.038850000000707,1.4103830780497968
7.047180000000708,1.2943432234581285
7.055510000000709,1.1668245287073276
7.0638400000007096,1.0291403729523867
7.07217000000071,0.8821240660350559
7.080500000000711,0.7296267429893172
7.088830000000712,0.5711341589103229
7.097160000000713,0.40708632865927535
7.105490000000714,0.24001347358820158
7.113820000000715,0.06392180852701884
7.122150000000715,-0.12261182940499413
7.130480000000716,-0.31687538272863797
7.138810000000717,-0.5164024634535868
7.147140000000718,-0.720853244472094
7.155470000000719,-0.9325011350049187
7.16380000000072,-1.1461922387853811
7.17213000000072,-1.3626671855711472
7.180460000000721,-1.5740559656336082
7.188790000000722,-1.7791445921511426
7.197120000000723,-1.9756904364861725
7.205450000000724,-2.1639677185583293
7.213780000000725,-2.343756785416655
7.2221100000007254,-2.5119555127739503
7.230440000000726,-2.6656208070078655
7.238770000000727,-2.801797835395075
7.247100000000728,-2.9207208638380737
7.255430000000729,-3.021058155455507
7.26376000000073,-3.10066969115703
7.2720900000007305,-3.1601489836844174
7.280420000000731,-3.198376779233711
7.288750000000732,-3.2148133069561307
7.297080000000733,-3.2077671034865007
7.305410000000734,-3.178384869236351
7.313740000000735,-3.1287073224866764
7.3220700000007355,-3.057837871129144
7.330400000000736,-2.9776721984822405
7.338730000000737,-2.876614018725202
7.347060000000738,-2.7488324000290056
7.355390000000739,-2.597723451407759
7.36372000000074,-2.418373672106663
7.3720500000007405,-2.212373846528521
7.380380000000741,-1.9867187355956106
7.388710000000742,-1.7322175682505836
7.397040000000743,-1.4518820772964796
7.405370000000744,-1.1550111952185889
7.413700000000745,-0.8504401208281452
7.4220300000007455,-0.5297211766376488
7.430360000000746,-0.19940487863640594
7.438690000000747,0.1452268860105667
7.447020000000748,0.4970144444577112
7.455350000000749,0.8451088347858031
7.46368000000075,1.1978838410642034
7.4720100000007506,1.5492529657015093
7.480340000000751,1.886691767932563
7.488670000000752,2.215590862678021
7.497000000000753,2.5271099380733526
7.505330000000754,2.8133624756070645
7.513660000000755,3.078257429740025
7.521990000000756,3.3267378880483363
7.530320000000756,3.5539999933337763
7.538650000000757,3.748986917279618
7.546980000000758,3.911434602643362
7.555310000000759,4.041447215183203
7.56364000000076,4.1439830710163506
7.571970000000761,4.219569575127417
7.580300000000761,4.25957731405251
7.588630000000762,4.266633920967541
7.596960000000763,4.239337216030516
7.605290000000764,4.173760206426786
7.613620000000765,4.076886861468554
7.621950000000766,3.9430894410923645
7.6302800000007664,3.7656059843128915
7.638610000000767,3.551766491489927
7.646940000000768,3.304374009213968
7.655270000000769,3.0236658339435905
7.66360000000077,2.7191663119921983
7.671930000000771,2.3897752806421546
7.6802600000007715,2.0284996902144496
7.688590000000772,1.6444888818403718
7.696920000000773,1.2467346654462386
7.705250000000774,0.8185199431477466
7.713580000000775,0.3874823031937112
7.721910000000776,-0.04059289894385412
7.7302400000007765,-0.4736564452245414
7.738570000000777,-0.9001146780282693
7.746900000000778,-1.31819490555072
7.755230000000779,-1.715438732445094
7.76356000000078,-2.0727048580510936
7.771890000000781,-2.394634969863071
7.7802200000007815,-2.674419561917765
7.788550000000782,-2.9002683127017574
7.796880000000783,-3.0703381231979305
7.805210000000784,-3.1946107278241054
7.813540000000785,-3.247250421514834
7.821870000000786,-3.237773077335161
7.8302000000007865,-3.1872728733271165
7.838530000000787,-3.098615302941641
7.846860000000788,-2.9784320343871293
7.855190000000789,-2.8184981671447566
7.86352000000079,-2.623760927585289
7.871850000000791,-2.407167852885179
7.8801800000007916,-2.1745448948483963
7.888510000000792,-1.9277715939639168
7.896840000000793,-1.6726212778637621
7.905170000000794,-1.421459145706307
7.913500000000795,-1.1760601914936544
7.921830000000796,-0.9390779461095655
7.930160000000797,-0.7084621741175325
7.938490000000797,-0.48629353507943174
7.946820000000798,-0.27716482900680983
7.955150000000799,-0.07696684343904094
7.9634800000008,0.10825925657256373
7.971810000000801,0.28334490825236586
7.980140000000802,0.4497183593491455
7.988470000000802,0.6087384407132954
7.996800000000803,0.7524511505625096
8.005130000000804,0.8777252353050781
8.013460000000805,0.9899337644018475
8.021790000000806,1.0886459368488741
8.030120000000807,1.1752521469676616
8.038450000000807,1.241548978298381
8.046780000000808,1.2829965172138398
8.05511000000081,1.3020837394766653
8.06344000000081,1.3027775853486523
8.07177000000081,1.289876767210268
8.080100000000812,1.2618050915107413
8.088430000000812,1.2184530388641766
8.096760000000813,1.1617664442785933
8.105090000000814,1.0926130013712094
8.113420000000815,1.0137420981555314
8.121750000000816,0.9275940560613265
8.130080000000817,0.8385727768591119
8.138410000000817,0.7452148915432272
8.146740000000818,0.6483666243493544
8.15507000000082,0.5518085245225091
8.16340000000082,0.45755295291088854
8.17173000000082,0.36747999333960263
8.180060000000822,0.28513140861507824
8.188390000000823,0.21393949440620894
8.196720000000823,0.15333169232663352
8.205050000000824,0.09898476674450758
8.213380000000825,0.05468505744621567
8.221710000000826,0.021840644241012442
8.230040000000827,9.408437514546145e-05
8.238370000000828,-0.013809953811524901
8.246700000000828,-0.02301131485086816
8.25503000000083,-0.029276705337774923
8.26336000000083,-0.0330084841405552
8.27169000000083,-0.03407361773315793
8.280020000000832,-0.03361239574188643
8.288350000000833,-0.028513746882538906
8.296680000000833,-0.019642270590895853
8.305010000000834,-0.008758804919238687
8.313340000000835,0.003756222720564369
8.321670000000836,0.015758871855103163
8.330000000000837,0.026520413157157467
8.338330000000838,0.03537764516459744
8.346660000000838,0.040385948008654
8.35499000000084,0.04274529539390628
8.36332000000084,0.04410773171866689
8.371650000000841,0.04467169333728077
8.379980000000842,0.04472927822437509
8.388310000000843,0.049148295707889124
8.396640000000843,0.05796831362591807
8.404970000000844,0.06911780747477546
8.413300000000845,0.08184006750705146
8.421630000000846,0.09481927700545252
8.429960000000847,0.10729105500795147
8.438290000000848,0.1169018914655814
8.446620000000848,0.12449047598113017
8.45495000000085,0.1342469192011464
8.46328000000085,0.1466738236023972
8.471610000000851,0.1599579138940242
8.479940000000852,0.1740613846261805
8.488270000000853,0.18713270008290697
8.496600000000853,0.19686185579230875
8.504930000000854,0.20256368117575282
8.513260000000855,0.20414231604105398
8.521590000000856,0.20088138726255808
8.529920000000857,0.19292460370158615
8.538250000000858,0.18062055809548194
8.546580000000858,0.16701341555077495
8.55491000000086,0.15417795448377797
8.56324000000086,0.14155640996521562
8.571570000000861,0.12907857673857373
8.579900000000862,0.11792674101947453
8.588230000000863,0.10569237365696144
8.596560000000864,0.09275612025595796
8.604890000000864,0.07846654151002311
8.613220000000865,0.06163818570212036
8.621550000000866,0.04658373151575141
8.629880000000867,0.035511339074911726
8.638210000000868,0.026778679618555394
8.646540000000869,0.020523734293688096
8.65487000000087,0.016197948910438208
8.66320000000087,0.012275641569420404
8.671530000000871,0.009346841386018894
8.679860000000872,0.008154621697693354
8.688190000000873,0.0037705424513438867
8.696520000000874,-0.00660155222144418
8.704850000000874,-0.026513122918216864
8.713180000000875,-0.05438940324270309
8.721510000000876,-0.08572419049621531
8.729840000000877,-0.12153876323076895
8.738170000000878,-0.16916038370306855
8.746500000000879,-0.22543782619950514
8.75483000000088,-0.28355734117393455
8.76316000000088,-0.3407121880515669
8.771490000000881,-0.3958875609618029
8.779820000000882,-0.4564105022711885
8.788150000000883,-0.5259992118080598
8.796480000000884,-0.6053434448517605
8.804810000000884,-0.6947596923421814
8.813140000000885,-0.7907773434233891
8.821470000000886,-0.895190934300239
8.829800000000887,-1.0103044050582952
8.838130000000888,-1.1412000235808406
8.846460000000889,-1.2793980848984576
8.85479000000089,-1.4147143449939852
8.86312000000089,-1.5445193437724172
8.871450000000891,-1.666393452759658
8.879780000000892,-1.783227841818476
8.888110000000893,-1.8890871050031104
8.896440000000894,-1.9819718868387153
8.904770000000894,-2.0575104144870493
8.913100000000895,-2.1066030146780723
8.921430000000896,-2.128814630359851
8.929760000000897,-2.1223569747389446
8.938090000000898,-2.082199863577133
8.946420000000899,-2.000555645682757
8.9547500000009,-1.8681726672201893
8.9630800000009,-1.6836390536298687
8.971410000000901,-1.4494791793228
8.979740000000902,-1.175905935584297
8.988070000000903,-0.8663171873103136
8.996400000000904,-0.5254013782937281
9.004730000000905,-0.161471006036711
9.013060000000905,0.21982291404055868
9.021390000000906,0.6089339868255895
9.029720000000907,0.9937242713808747
9.038050000000908,1.3720600481625462
9.046380000000909,1.741327088251965
9.05471000000091,2.094664324204559
9.06304000000091,2.4262485715897135
9.071370000000911,2.7307792228415
9.079700000000912,3.0042500832261974
9.088030000000913,3.251297649330712
9.096360000000914,3.4739266050582374
9.104690000000915,3.667443968089595
9.113020000000915,3.830755175400476
9.121350000000916,3.9627563422359247
9.129680000000917,4.0600822457290455
9.138010000000918,4.12766247658478
9.146340000000919,4.163847990090009
9.15467000000092,4.166541709018741
9.16300000000092,4.137088815986131
9.171330000000921,4.071522518549118
9.179660000000922,3.9690949563151214
9.187990000000923,3.831237888798315
9.196320000000924,3.6551561798711987
9.204650000000925,3.4423159282949602
9.212980000000925,3.193653404266356
9.221310000000926,2.910323674453796
9.229640000000927,2.5960645200211103
9.237970000000928,2.256261535640561
9.246300000000929,1.8888335219417125
9.25463000000093,1.5014671401846305
9.26296000000093,1.1001943309030242
9.271290000000931,0.6824230897753855
9.279620000000932,0.25801272143210174
9.287950000000933,-0.17056421386550624
9.296280000000934,-0.6001454762496371
9.304610000000935,-1.0274257102876785
9.312940000000935,-1.4453575206917006
9.321270000000936,-1.84130846915325
9.329600000000937,-2.2085446211899717
9.337930000000938,-2.542019710542027
9.346260000000939,-2.8399494673467367
9.35459000000094,-3.096551382631371
9.36292000000094,-3.3090368217897312
9.371250000000941,-3.48058358648338
9.379580000000942,-3.6074642842773
9.387910000000943,-3.697361808751145
9.396240000000944,-3.75719485082738
9.404570000000945,-3.793856236957365
9.412900000000946,-3.797983006596632
9.421230000000946,-3.763269094571571
9.429560000000947,-3.697890634025739
9.437890000000948,-3.598491275503506
9.446220000000949,-3.4661933962144853
9.45455000000095,-3.3082706375976407
9.46288000000095,-3.1222102711086963
9.471210000000951,-2.917496955995986
9.479540000000952,-2.700335918146333
9.487870000000953,-2.470523529971875
9.496200000000954,-2.235527256400133
9.504530000000955,-1.9980257527568985
9.512860000000956,-1.7521888838783666
9.521190000000956,-1.4950007927266855
9.529520000000957,-1.2299019487095115
9.537850000000958,-0.9539146345871286
9.546180000000959,-0.6665961346547421
9.55451000000096,-0.38045265896796415
9.56284000000096,-0.10542874071620524
9.571170000000961,0.1506902067012025
9.579500000000962,0.3898776486586273
9.587830000000963,0.6188599712207298
9.596160000000964,0.8318012759845205
9.604490000000965,1.0270499435499616
9.612820000000966,1.2126180891173535
9.621150000000966,1.394271574996296
9.629480000000967,1.571781517163359
9.637810000000968,1.7456849982481355
9.646140000000969,1.9138885733519233
9.65447000000097,2.062763951437581
9.66280000000097,2.1883638507234004
9.671130000000971,2.295621158925278
9.679460000000972,2.3845825569852233
9.687790000000973,2.4556214971866566
9.696120000000974,2.5052961160343075
9.704450000000975,2.5341723564221184
9.712780000000976,2.54552445282936
9.721110000000976,2.5393034964494268
9.729440000000977,2.515795681873833
9.737770000000978,2.476250835549012
9.746100000000979,2.419936037121831
9.75443000000098,2.346020854792415
9.76276000000098,2.256926774028403
9.771090000000981,2.1544492955239356
9.779420000000982,2.0400562649771885
9.787750000000983,1.9141422908529622
9.796080000000984,1.7792663096938703
9.804410000000985,1.6393304582067623
9.812740000000986,1.495353136769513
9.821070000000987,1.3505062127237253
9.829400000000987,1.2065334472400628
9.837730000000988,1.0647498629862686
9.846060000000989,0.9250004547964077
9.85439000000099,0.7843131921752791
9.86272000000099,0.6474352804462611
9.871050000000992,0.5150039692271834
9.879380000000992,0.3846905194184315
9.887710000000993,0.25783775112729873
9.896040000000994,0.13202358052747148
9.904370000000995,0.009177990771023275
9.912700000000996,-0.10897047542377132
9.921030000000997,-0.22488387488494863
9.929360000000997,-0.34229971159185896
9.937690000000998,-0.46405868279252227
9.946020000000999,-0.5904536779245974
9.954350000001,-0.7195009466368589
9.962680000001,-0.8486860605530446
9.971010000001002,-0.9834887809416255
9.979340000001002,-1.1205647105296235
9.987670000001003,-1.2557240959921014
9.996000000001004,-1.389819857992046
10.004330000001005,-1.519505815867129
10.012660000001006,-1.6465051844198788
10.020990000001007,-1.7709726363188172
10.029320000001007,-1.8903898336681277
10.037650000001008,-2.0015793365183336
10.045980000001009,-2.102302637740304
10.05431000000101,-2.1924431446042982
10.06264000000101,-2.272784006431406
10.070970000001012,-2.3428905005841316
10.079300000001012,-2.3936475126406727
10.087630000001013,-2.4201736100702282
10.095960000001014,-2.4201762838167173
10.104290000001015,-2.392067607830714
10.112620000001016,-2.3343465651473125
10.120950000001017,-2.2404125324948367
10.129280000001017,-2.108086863144007
10.137610000001018,-1.9399477355882822
10.14594000000102,-1.7432813457519425
10.15427000000102,-1.525511640463528
10.16260000000102,-1.2877797701522977
10.170930000001022,-1.0357010675943066
10.179260000001022,-0.7718161551940496
10.187590000001023,-0.5007884470424326
10.195920000001024,-0.22987395593840104
10.204250000001025,0.040392421943662
10.212580000001026,0.3095413845866947
10.220910000001027,0.5741900874138054
10.229240000001028,0.8262498114380391
10.237570000001028,1.0610254819930307
10.24590000000103,1.2761025810400808
10.25423000000103,1.4700158846463507
10.26256000000103,1.64382852203034
10.270890000001032,1.7958184093557161
10.279220000001033,1.9273234463290632
10.287550000001033,2.036442728304557
10.295880000001034,2.122999212934032
10.304210000001035,2.1925505102557565
10.312540000001036,2.2408119383365
10.320870000001037,2.2620445589641895
10.329200000001038,2.2582583254898827
10.337530000001038,2.229544622661465
10.34586000000104,2.172504553058684
10.35419000000104,2.086442473490451
10.362520000001041,1.9699047007203259
10.370850000001042,1.8272857639695637
10.379180000001043,1.6614959127956357
10.387510000001043,1.473961051258035
10.395840000001044,1.26912997800069
10.404170000001045,1.0484065726879874
10.412500000001046,0.8189162883870266
10.420830000001047,0.5794543074190954
10.429160000001048,0.33618675351497207
10.437490000001048,0.0988279258973778
10.44582000000105,-0.14019980700918921
10.45415000000105,-0.3794358348137071
10.462480000001051,-0.6066016656376888
10.470810000001052,-0.8124222717943439
10.479140000001053,-0.9952303488155589
10.487470000001053,-1.152000906739282
10.495800000001054,-1.2808619075898184
10.504130000001055,-1.3820973800019263
10.512460000001056,-1.4461315792873608
10.520790000001057,-1.4753638944782337
10.529120000001058,-1.4690363622789042
10.537450000001058,-1.4225078149566484
10.54578000000106,-1.349144386062735
10.55411000000106,-1.2493253915586975
10.562440000001061,-1.1169711388733015
10.570770000001062,-0.9559242757990777
10.579100000001063,-0.7717465488118391
10.587430000001063,-0.5721137953216098
10.595760000001064,-0.3658864475210914
10.604090000001065,-0.15815867683968066
10.612420000001066,0.050590535685801755
10.620750000001067,0.2583877083835585
10.629080000001068,0.4591165603013835
10.637410000001069,0.6508041089095509
10.64574000000107,0.8289713762440412
10.65407000000107,0.9908597141126774
10.662400000001071,1.1400422344936436
10.670730000001072,1.276086552151693
10.679060000001073,1.3969060587088158
10.687390000001074,1.5011695658138415
10.695720000001074,1.5878546238196893
10.704050000001075,1.6582904073826101
10.712380000001076,1.7145900960147358
10.720710000001077,1.7569936664311332
10.729040000001078,1.7833844242395944
10.737370000001079,1.7914094949521262
10.74570000000108,1.7779605813815305
10.75403000000108,1.7435948212313304
10.762360000001081,1.6923005394971808
10.770690000001082,1.6213673546067482
10.779020000001083,1.529763206430205
10.787350000001084,1.4218572044880298
10.795680000001084,1.2994349729366519
10.804010000001085,1.1594546842203437
10.812340000001086,1.0005627597375468
10.820670000001087,0.8275096384955688
10.829000000001088,0.638713238633738
10.837330000001089,0.4349152409508789
10.84566000000109,0.22244534661414128
10.85399000000109,0.0018726698208811094
10.862320000001091,-0.2234630455476149
10.870650000001092,-0.4499773776317994
10.878980000001093,-0.673884188999898
10.887310000001094,-0.8945054204164606
10.895640000001094,-1.1144236504460878
10.903970000001095,-1.3348152279243826
10.912300000001096,-1.5543996161657718
10.920630000001097,-1.7650604529266285
10.928960000001098,-1.9654694993552029
10.937290000001099,-2.1495986957145763
10.9456200000011,-2.3143388806210323
10.9539500000011,-2.463243231124512
10.962280000001101,-2.5919079899357174
10.970610000001102,-2.69352413299055
10.978940000001103,-2.767901395709023
10.987270000001104,-2.8194563358717106
10.995600000001104,-2.845969358082783
11.003930000001105,-2.843025602223164
11.012260000001106,-2.8097809034425145
11.020590000001107,-2.739567175630042
11.028920000001108,-2.6284057383818484
11.037250000001109,-2.48012757071367
11.04558000000111,-2.3030894316365855
11.05391000000111,-2.0958935932918505
11.062240000001111,-1.8617959991084005
11.070570000001112,-1.6095002251378279
11.078900000001113,-1.3414288267043475
11.087230000001114,-1.0700781099642513
11.095560000001115,-0.8015829171485662
11.103890000001115,-0.5351476047988333
11.112220000001116,-0.275726836746926
11.120550000001117,-0.023726845997634662
11.128880000001118,0.21712661139795886
11.137210000001119,0.4418273715411544
11.14554000000112,0.6517533697034262
11.15387000000112,0.8511978121339088
11.162200000001121,1.0414695593348287
11.170530000001122,1.2226202615336823
11.178860000001123,1.393600693488882
11.187190000001124,1.5461533452851508
11.195520000001125,1.6848147299464873
11.203850000001125,1.8111131665280134
11.212180000001126,1.917491998838362
11.220510000001127,2.004341299853743
11.228840000001128,2.072384041206534
11.237170000001129,2.1210353223121987
11.24550000000113,2.150309627121181
11.25383000000113,2.1636608292794826
11.262160000001131,2.1667704168421653
11.270490000001132,2.1581504742305113
11.278820000001133,2.1353404366266857
11.287150000001134,2.1012816759706108
11.295480000001135,2.0597187060726903
11.303810000001135,2.0110066016647954
11.312140000001136,1.9565592759578043
11.320470000001137,1.901205210075414
11.328800000001138,1.844192522795387
11.337130000001139,1.7839526030002708
11.34546000000114,1.7228512749297338
11.35379000000114,1.6630097063054514
11.362120000001141,1.6032346278460083
11.370450000001142,1.541006333141682
11.378780000001143,1.4753724955217564
11.387110000001144,1.4028036203436551
11.395440000001145,1.321692247650256
11.403770000001145,1.2316782144620546
11.412100000001146,1.1332632936067544
11.420430000001147,1.027970173644418
11.428760000001148,0.9107499672905746
11.437090000001149,0.785498305590006
11.44542000000115,0.647918442780428
11.45375000000115,0.4927350493808305
11.462080000001151,0.3257266973553068
11.470410000001152,0.1476499169891268
11.478740000001153,-0.04309813197387229
11.487070000001154,-0.2508457387788455
11.495400000001155,-0.471491261348869
11.503730000001156,-0.7013566016263136
11.512060000001156,-0.937369277709865
11.520390000001157,-1.1758892338818123
11.528720000001158,-1.4111209335319679
11.537050000001159,-1.6409592537146835
11.54538000000116,-1.873525643640324
11.55371000000116,-2.1078485837727867
11.562040000001161,-2.3338337448670297
11.570370000001162,-2.5541267311722033
11.578700000001163,-2.770851853453946
11.587030000001164,-2.97958367387361
11.595360000001165,-3.170644854190016
11.603690000001166,-3.3408709638287712
11.612020000001166,-3.4881487308310675
11.620350000001167,-3.6040415240023616
11.628680000001168,-3.680595516017247
11.637010000001169,-3.7218572891684802
11.64534000000117,-3.7275096668619856
11.65367000000117,-3.6934692172963355
11.662000000001171,-3.61147082217429
11.670330000001172,-3.479460432180227
11.678660000001173,-3.304250022227757
11.686990000001174,-3.0860238577293617
11.695320000001175,-2.823838533858105
11.703650000001176,-2.5198174529442583
11.711980000001176,-2.1805241003136424
11.720310000001177,-1.8169567170470518
11.728640000001178,-1.439287081846852
11.736970000001179,-1.0535092976694176
11.74530000000118,-0.6645081956451646
11.75363000000118,-0.2813951069625257
11.761960000001181,0.09837924240637039
11.770290000001182,0.4712017769533621
11.778620000001183,0.8273935556041193
11.786950000001184,1.1684639067063993
11.795280000001185,1.4969612175595082
11.803610000001186,1.810472453150438
11.811940000001186,2.1071219349558907
11.820270000001187,2.381080775522944
11.828600000001188,2.6305933933419565
11.836930000001189,2.8562686547585856
11.84526000000119,3.052873180781453
11.85359000000119,3.2156437111436182
11.861920000001192,3.3507096796578075
11.870250000001192,3.458003751932119
11.878580000001193,3.5358314793309553
11.886910000001194,3.5854869170908135
11.895240000001195,3.6083595184318566
11.903570000001196,3.601520200341672
11.911900000001197,3.569184493200639
11.920230000001197,3.5122437112877565
11.928560000001198,3.423857770269779
11.936890000001199,3.301522703736042
11.9452200000012,3.150140308556275
11.9535500000012,2.971726518344591
11.961880000001202,2.768104834999399
11.970210000001202,2.542429273451562
11.978540000001203,2.2966743401505485
11.986870000001204,2.034544123816055
11.995200000001205,1.760378564447499
12.003530000001206,1.477310369187423
12.011860000001207,1.1877177219817616
12.020190000001207,0.8906697310021711
12.028520000001208,0.5870609296043503
12.036850000001209,0.28175021124666166
12.04518000000121,-0.02007089037832166
12.05351000000121,-0.316207247038842
12.061840000001212,-0.6045052222908472
12.070170000001212,-0.8809039422102919
12.078500000001213,-1.1450172951456277
12.086830000001214,-1.3977335639438877
12.095160000001215,-1.630259355481076
12.103490000001216,-1.8376518229118484
12.111820000001217,-2.023621034013446
12.120150000001217,-2.188605107589014
12.128480000001218,-2.3272575646650555
12.13681000000122,-2.4421563764798795
12.14514000000122,-2.530619128469747
12.15347000000122,-2.5837924016126874
12.161800000001222,-2.603294433594529
12.170130000001222,-2.59034526802904
12.178460000001223,-2.5470858304209756
12.186790000001224,-2.4710126557628276
12.195120000001225,-2.3606927356559826
12.203450000001226,-2.2172803120985187
12.211780000001227,-2.051536595284259
12.220110000001227,-1.8649578819592567
12.228440000001228,-1.649328995444254
12.23677000000123,-1.4260586764071999
12.24510000000123,-1.194054255170928
12.25343000000123,-0.9550012504393408
12.261760000001232,-0.7195073525595016
12.270090000001233,-0.4976954034808284
12.278420000001233,-0.28892663939035945
12.286750000001234,-0.09134875449633333
12.295080000001235,0.09064961652117792
12.303410000001236,0.25587034128416886
12.311740000001237,0.4015841199644632
12.320070000001238,0.5374818380088336
12.328400000001238,0.6711211259154746
12.33673000000124,0.7825839028110471
12.34506000000124,0.8785778281439156
12.35339000000124,0.9586116926369123
12.361720000001242,1.0194489367132422
12.370050000001243,1.0548329678532642
12.378380000001243,1.0723473744390362
12.386710000001244,1.0750000714508252
12.395040000001245,1.06128405619129
12.403370000001246,1.02775218212405
12.411700000001247,0.9789049081082352
12.420030000001248,0.9164161016419488
12.428360000001248,0.842208000510291
12.43669000000125,0.7525404788848207
12.44502000000125,0.6496280399898147
12.453350000001251,0.5387507097125865
12.461680000001252,0.4204303413906042
12.470010000001253,0.296180610510702
12.478340000001253,0.17483993729069744
12.486670000001254,0.05754263411609431
12.495000000001255,-0.053702180248260595
12.503330000001256,-0.15569716998338054
12.511660000001257,-0.24209930247387412
12.519990000001258,-0.312166881438667
12.528320000001258,-0.366134707859841
12.53665000000126,-0.40380626928412566
12.54498000000126,-0.42308737016519865
12.553310000001261,-0.4236502192822009
12.561640000001262,-0.4080805688280192
12.569970000001263,-0.37790255400441924
12.578300000001263,-0.33085789782532826
12.586630000001264,-0.27659382900340906
12.594960000001265,-0.21592963636366688
12.603290000001266,-0.14748586137572783
12.611620000001267,-0.0705638799658985
12.619950000001268,0.008483847393053441
12.628280000001268,0.08332904487437626
12.63661000000127,0.1528704137379547
12.64494000000127,0.21597768609216506
12.653270000001271,0.2711825667222619
12.661600000001272,0.3195035499857084
12.669930000001273,0.35861881560346687
12.678260000001274,0.38987835096014484
12.686590000001274,0.4103830464617364
12.694920000001275,0.4207715903101273
12.703250000001276,0.42277247523802014
12.711580000001277,0.4188461768117822
12.719910000001278,0.406146171613299
12.728240000001279,0.38514099256388784
12.73657000000128,0.3575573525246186
12.74490000000128,0.32262403874429085
12.753230000001281,0.283565722139967
12.761560000001282,0.24324378504983643
12.769890000001283,0.20001850376346786
12.778220000001284,0.155630463269301
12.786550000001284,0.11295249899355035
12.794880000001285,0.07105491661670855
12.803210000001286,0.03484014421192137
12.811540000001287,0.009200649398737522
12.819870000001288,-0.008401645162910774
12.828200000001289,-0.01809162912331742
12.83653000000129,-0.01649636461861206
12.84486000000129,-0.0004732922103318694
12.853190000001291,0.035562846944672245
12.861520000001292,0.0863781020791368
12.869850000001293,0.14866694440159148
12.878180000001294,0.22113157601492028
12.886510000001294,0.30373887442840963
12.894840000001295,0.3916636549993654
12.903170000001296,0.4840407861910609
12.911500000001297,0.5748934800068831
12.919830000001298,0.6587339394784932
12.928160000001299,0.73210519675787
12.9364900000013,0.7974634976487184
12.9448200000013,0.855082486798608
12.953150000001301,0.9002885255085645
12.961480000001302,0.9290149832919331
12.969810000001303,0.9434713002003655
12.978140000001304,0.9413263590751692
12.986470000001304,0.9210613021840036
12.994800000001305,0.8827546862301567
13.003130000001306,0.8293607149248693
13.011460000001307,0.7597223324338654
13.019790000001308,0.674426000043729
13.028120000001309,0.570237108624307
13.03645000000131,0.45045867380083304
13.04478000000131,0.3131106723475626
13.053110000001311,0.1566649341156627
13.061440000001312,-0.01226175942908773
13.069770000001313,-0.1873771688788216
13.078100000001314,-0.36958889994357974
13.086430000001315,-0.5582227056186077
13.094760000001315,-0.7491969445481175
13.103090000001316,-0.9378394935975751
13.111420000001317,-1.1260328016338055
13.119750000001318,-1.3129312089985297
13.128080000001319,-1.4961646527359944
13.13641000000132,-1.673226564368605
13.14474000000132,-1.8430985703762766
13.153070000001321,-2.0039367833312167
13.161400000001322,-2.148942842042126
13.169730000001323,-2.2732433100680147
13.178060000001324,-2.3775005734588404
13.186390000001325,-2.4606965436901707
13.194720000001325,-2.5214579111337656
13.203050000001326,-2.558423972812689
13.211380000001327,-2.572045320496834
13.219710000001328,-2.558939055739058
13.228040000001329,-2.516432308419261
13.23637000000133,-2.4508541284567382
13.24470000000133,-2.3598971873106156
13.253030000001331,-2.241358781060985
13.261360000001332,-2.0932645164179253
13.269690000001333,-1.919658733755999
13.278020000001334,-1.7197063914643709
13.286350000001335,-1.4957254223690215
13.294680000001335,-1.2538415734124169
13.303010000001336,-0.994586639821523
13.311340000001337,-0.7231259755854452
13.319670000001338,-0.4374480305497145
13.328000000001339,-0.14578044271663992
13.33633000000134,0.15080984839112999
13.34466000000134,0.4566980160748247
13.352990000001341,0.770565832221119
13.361320000001342,1.0915576123060404
13.369650000001343,1.4137093980829658
13.377980000001344,1.7351994997340554
13.386310000001345,2.044371081326185
13.394640000001345,2.3343581868902317
13.402970000001346,2.6030694636434966
13.411300000001347,2.84387871073882
13.419630000001348,3.0573412439650527
13.427960000001349,3.2412211690304886
13.43629000000135,3.3997945847708637
13.44462000000135,3.5325375447708396
13.452950000001351,3.639760563462449
13.461280000001352,3.724823882085559
13.469610000001353,3.7852552241378667
13.477940000001354,3.8165139704836983
13.486270000001355,3.813265879346126
13.494600000001356,3.7789413267095817
13.502930000001356,3.7119620813367855
13.511260000001357,3.608651010179205
13.519590000001358,3.4698741916095734
13.527920000001359,3.2986509220923903
13.53625000000136,3.088197250786251
13.54458000000136,2.846884383055232
13.552910000001361,2.574243796869483
13.561240000001362,2.278048415962571
13.569570000001363,1.9598532183455541
13.577900000001364,1.6197011663164564
13.586230000001365,1.2662094545826512
13.594560000001366,0.8982945096750539
13.602890000001366,0.5150474307672405
13.611220000001367,0.11978957034799698
13.619550000001368,-0.27973440518528625
13.627880000001369,-0.6781020397054566
13.63621000000137,-1.0764933071821605
13.64454000000137,-1.463941587900265
13.652870000001371,-1.8327475010403471
13.661200000001372,-2.1759995711557947
13.669530000001373,-2.493047211387372
13.677860000001374,-2.778286376093227
13.686190000001375,-3.0239758544088673
13.694520000001376,-3.232322251576446
13.702850000001376,-3.3984256812745026
13.711180000001377,-3.5220006287532044
13.719510000001378,-3.6039870493170265
13.727840000001379,-3.635211864439631
13.73617000000138,-3.6196702831374585
13.74450000000138,-3.5624273489451124
13.752830000001381,-3.462788512665999
13.761160000001382,-3.3321508232809056
13.769490000001383,-3.1771707389209025
13.777820000001384,-3.003476843704824
13.786150000001385,-2.813814186033791
13.794480000001386,-2.6062680291379072
13.802810000001386,-2.3880739326531177
13.811140000001387,-2.1664437619344596
13.819470000001388,-1.94585119568099
13.827800000001389,-1.7218486403311013
13.83613000000139,-1.4953063815690748
13.84446000000139,-1.2662601580185249
13.852790000001391,-1.036325367604654
13.861120000001392,-0.8130512407812519
13.869450000001393,-0.6012692047734048
13.877780000001394,-0.40116679964351976
13.886110000001395,-0.20841150371752712
13.894440000001396,-0.021160492587191337
13.902770000001397,0.15556635660165846
13.911100000001397,0.31965963640781986
13.919430000001398,0.4675325266331223
13.927760000001399,0.6024690601026556
13.9360900000014,0.7326691754319321
13.9444200000014,0.8575814177193612
13.952750000001402,0.9731639759594384
13.961080000001402,1.075118382403247
13.969410000001403,1.1619763537410184
13.977740000001404,1.236201516742459
13.986070000001405,1.2999142059098172
13.994400000001406,1.3556853230033732
14.002730000001407,1.4043864605248295
14.011060000001407,1.4477726068180634
14.019390000001408,1.486931287759066
14.027720000001409,1.5259159813868108
14.03605000000141,1.5666176156880418
14.04438000000141,1.6101777280919016
14.052710000001412,1.6563624072808842
14.061040000001412,1.7009315861257048
14.069370000001413,1.7401389377637053
14.077700000001414,1.7737553454967605
14.086030000001415,1.8010669869759193
14.094360000001416,1.824287810547665
14.102690000001417,1.8387319712292927
14.111020000001417,1.8427576059767328
14.119350000001418,1.836549319759815
14.127680000001419,1.820364194706639
14.13601000000142,1.793553057159083
14.14434000000142,1.754849154431733
14.152670000001422,1.6997746786115668
14.161000000001422,1.6282135782557077
14.169330000001423,1.5408589117656317
14.177660000001424,1.4391786163869111
14.185990000001425,1.319953920283676
14.194320000001426,1.1878494682055663
14.202650000001427,1.0377562798870539
14.210980000001427,0.8737160894358688
14.219310000001428,0.699474046928604
14.22764000000143,0.5144566032692307
14.23597000000143,0.32156050273639286
14.24430000000143,0.11398906317140277
14.252630000001432,-0.10261444062668582
14.260960000001432,-0.31230899324457895
14.269290000001433,-0.5157221152649876
14.277620000001434,-0.7195874216626407
14.285950000001435,-0.9268583272290716
14.294280000001436,-1.126784727582808
14.302610000001437,-1.3176016006025861
14.310940000001438,-1.4944093160501
14.319270000001438,-1.6548219671438564
14.32760000000144,-1.79864809715253
14.33593000000144,-1.9271034240362341
14.34426000000144,-2.0417874019542084
14.352590000001442,-2.1322472338516234
14.360920000001443,-2.1930018787947456
14.369250000001443,-2.2314533463819712
14.377580000001444,-2.2558755845887806
14.385910000001445,-2.263483851862994
14.394240000001446,-2.2459701265684306
14.402570000001447,-2.207340914870613
14.410900000001448,-2.150233419948946
14.419230000001448,-2.0729580307200406
14.42756000000145,-1.977733034623124
14.43589000000145,-1.8685908614565094
14.444220000001451,-1.745063709855103
14.452550000001452,-1.6059727680565008
14.460880000001453,-1.4537560044658961
14.469210000001453,-1.289496926875608
14.477540000001454,-1.1165281911417058
14.485870000001455,-0.940335739037323
14.494200000001456,-0.7598761454826132
14.502530000001457,-0.5785700285644755
14.510860000001458,-0.3963680663117623
14.519190000001458,-0.21340223223729657
14.52752000000146,-0.029996227048509988
14.53585000000146,0.14912846617385953
14.544180000001461,0.32322711168777385
14.552510000001462,0.4943602493784264
14.560840000001463,0.6561545135780441
14.569170000001463,0.8077360963588113
14.577500000001464,0.9493478475483762
14.585830000001465,1.0702537524380569
14.594160000001466,1.1784010377771341
14.602490000001467,1.273443158452362
14.610820000001468,1.3531837292131483
14.619150000001468,1.417425190475684
14.62748000000147,1.4646728263451105
14.63581000000147,1.4958641958640568
14.644140000001471,1.5095544984702864
14.652470000001472,1.5082680587766784
14.660800000001473,1.488481482770697
14.669130000001473,1.4448924547080952
14.677460000001474,1.3820328748373187
14.685790000001475,1.2995233845927194
14.694120000001476,1.1985164374682264
14.702450000001477,1.0779911096360644
14.710780000001478,0.9429802548815083
14.719110000001479,0.7829122265978531
14.72744000000148,0.6097776190513472
14.73577000000148,0.43063675949872854
14.744100000001481,0.23871649723335708
14.752430000001482,0.0444768678406545
14.760760000001483,-0.15488571827928796
14.769090000001484,-0.35723907164889485
14.777420000001484,-0.5524215448190011
14.785750000001485,-0.7342388927824568
14.794080000001486,-0.9056850045530148
14.802410000001487,-1.0604706124570111
14.810740000001488,-1.1959473592570935
14.819070000001489,-1.3169556940308873
14.82740000000149,-1.4074289964932702
14.83573000000149,-1.4675237408688429
14.844060000001491,-1.5002876297095424
14.852390000001492,-1.4940067913926502
14.860720000001493,-1.4503860608705366
14.869050000001494,-1.361922037597197
14.877380000001494,-1.2338505094369268
14.885710000001495,-1.0705439035802629
14.894040000001496,-0.8725277747350263
14.902370000001497,-0.6477535261277703
14.910700000001498,-0.4027266870524561
14.919030000001499,-0.14998946158281581
14.9273600000015,0.10405132604907402
14.9356900000015,0.35263725303682686
14.944020000001501,0.597778925619988
14.952350000001502,0.8399978093554883
14.960680000001503,1.0776069243479403
14.969010000001504,1.3051324699963867
14.977340000001504,1.5114936178779133
14.985670000001505,1.7004124762361497
14.994000000001506,1.8765797374921778
15.002330000001507,2.0342367670760013
15.010660000001508,2.1707848247748895
15.018990000001509,2.279085849858427
15.02732000000151,2.3597285228485374
15.03565000000151,2.4123580798851703
15.043980000001511,2.4437375061588487
15.052310000001512,2.448035364390998
15.060640000001513,2.4230276047359336
15.068970000001514,2.3689120049735233
15.077300000001514,2.2843590240203215
15.085630000001515,2.1784332608356713
15.093960000001516,2.044436635946618
15.102290000001517,1.8868206896260113
15.110620000001518,1.7037821093058525
15.118950000001519,1.4975452021808784
15.12728000000152,1.2712639793117924
15.13561000000152,1.0264640768842264
15.143940000001521,0.7649095028190194
15.152270000001522,0.49317211149559986
15.160600000001523,0.21753412689896548
15.168930000001524,-0.06270789876709025
15.177260000001525,-0.3421123501316403
15.185590000001525,-0.6179023167849778
15.193920000001526,-0.8902762429842199
15.202250000001527,-1.1575269856700392
15.210580000001528,-1.412055992300654
15.218910000001529,-1.645495469740313
15.22724000000153,-1.8584687178976487
15.23557000000153,-2.0463102038540195
15.243900000001531,-2.2048651909681523
15.252230000001532,-2.3312216495719666
15.260560000001533,-2.428719776937331
15.268890000001534,-2.5024774680327493
15.277220000001535,-2.5473881810340875
15.285550000001535,-2.5664831502855767
15.293880000001536,-2.56219738119581
15.302210000001537,-2.537734010189591
15.310540000001538,-2.489568503841047
15.318870000001539,-2.4222577157414635
15.32720000000154,-2.342363652190352
15.33553000000154,-2.2467165568433587
15.343860000001541,-2.1394797098143554
15.352190000001542,-2.025264024486459
15.360520000001543,-1.9055507928702102
15.368850000001544,-1.7836410486070116
15.377180000001545,-1.6571443068965235
15.385510000001545,-1.5249032109291571
15.393840000001546,-1.3896980261366494
15.402170000001547,-1.2536716801887982
15.410500000001548,-1.1151997046402546
15.418830000001549,-0.9714404362938054
15.42716000000155,-0.825037487765106
15.43549000000155,-0.6740327909247807
15.443820000001551,-0.520122927594878
15.452150000001552,-0.3661005595941632
15.460480000001553,-0.21320722704732875
15.468810000001554,-0.06140873555065971
15.477140000001555,0.08999028309282064
15.485470000001555,0.24210562179713083
15.493800000001556,0.39331861547320196
15.502130000001557,0.5411331764035192
15.510460000001558,0.6919481695746553
15.518790000001559,0.8453123862975165
15.52712000000156,0.9938461780843917
15.53545000000156,1.13796270576492
15.543780000001561,1.2770854771092988
15.552110000001562,1.409926950839301
15.560440000001563,1.5333757293227945
15.568770000001564,1.6462206117558322
15.577100000001565,1.7448401711215762
15.585430000001566,1.834038048298732
15.593760000001566,1.9092651208967806
15.602090000001567,1.9747333147235122
15.610420000001568,2.0301971236370266
15.618750000001569,2.074765213160869
15.62708000000157,2.1091597864016616
15.63541000000157,2.132610717931332
15.643740000001571,2.147950748491807
15.652070000001572,2.1515975100489184
15.660400000001573,2.140946535613409
15.668730000001574,2.112903570455269
15.677060000001575,2.0652966661367653
15.685390000001576,2.000954798820176
15.693720000001576,1.9211293121323976
15.702050000001577,1.8286403993430826
15.710380000001578,1.7239741841388176
15.718710000001579,1.6098481695788245
15.72704000000158,1.489609924932185
15.73537000000158,1.3604521293740326
15.743700000001581,1.2195695681189087
15.752030000001582,1.0683934203303345
15.760360000001583,0.9067935490546204
15.768690000001584,0.735969481560627
15.777020000001585,0.551729566703076
15.785350000001586,0.362230074599781
15.793680000001586,0.1662705085839729
15.802010000001587,-0.038294990975316835
15.810340000001588,-0.2473547554059965
15.818670000001589,-0.4602537519822625
15.82700000000159,-0.6735686429025348
15.83533000000159,-0.8911972486875318
15.843660000001591,-1.1138928070638763
15.851990000001592,-1.3347171273308653
15.860320000001593,-1.5514081558355572
15.868650000001594,-1.7698661785976944
15.876980000001595,-1.9866259023964303
15.885310000001596,-2.1922591809323086
15.893640000001596,-2.3890473449262632
15.901970000001597,-2.5754387403273693
15.910300000001598,-2.7464079388819465
15.918630000001599,-2.9015953885627015
15.9269600000016,-3.0409297320436464
15.9352900000016,-3.163272177316813
15.943620000001602,-3.2650522659888805
15.951950000001602,-3.3435745221717026
15.960280000001603,-3.3963722306467163
15.968610000001604,-3.4314665930703443
15.976940000001605,-3.434332643945545
15.985270000001606,-3.3979076451986683
15.993600000001607,-3.315009737755993
16.001930000001607,-3.1847360072683233
16.010260000001608,-3.0028341976649835
16.01859000000161,-2.7788474117308537
16.02692000000161,-2.5218488190991653
16.03525000000161,-2.229815199565963
16.04358000000161,-1.9076486972163955
16.051910000001612,-1.5577202197658
16.060240000001613,-1.1888871389686189
16.068570000001614,-0.8146972330195777
16.076900000001615,-0.440945543065302
16.085230000001616,-0.06907729738350635
16.093560000001617,0.30094746963328695
16.101890000001617,0.6707453453429166
16.11022000000162,1.0318574148170805
16.11855000000162,1.3736379676129906
16.12688000000162,1.6892900644645334
16.13521000000162,1.989563755831713
16.14354000000162,2.274298965320423
16.151870000001622,2.539469634183515
16.160200000001623,2.7784842923751074
16.168530000001624,2.986741118218399
16.176860000001625,3.162628054222374
16.185190000001626,3.3073478340998226
16.193520000001627,3.429004227201769
16.201850000001627,3.525596525464466
16.21018000000163,3.589837650480786
16.21851000000163,3.6218148737944547
16.22684000000163,3.62351229475032
16.23517000000163,3.596872797765174
16.24350000000163,3.5331893195289372
16.251830000001632,3.4330936121985784
16.260160000001633,3.2930021820211426
16.268490000001634,3.119230965929333
16.276820000001635,2.9161022544513426
16.285150000001636,2.681593164096434
16.293480000001637,2.423150689275473
16.301810000001637,2.1390073709414854
16.31014000000164,1.8338192816573347
16.31847000000164,1.517781487994938
16.32680000000164,1.1959003505731027
16.33513000000164,0.8689578643884854
16.34346000000164,0.5372359839047033
16.351790000001643,0.20538332067034687
16.360120000001643,-0.12347703622669322
16.368450000001644,-0.43243086245305495
16.376780000001645,-0.7129589720948366
16.385110000001646,-0.9665659304300277
16.393440000001647,-1.191704051556179
16.401770000001648,-1.387013316648895
16.41010000000165,-1.550584351928442
16.41843000000165,-1.673316877720525
16.42676000000165,-1.7594486915089573
16.43509000000165,-1.8113490511866859
16.44342000000165,-1.8394183560537238
16.451750000001653,-1.8454631945198263
16.460080000001653,-1.8254128064522543
16.468410000001654,-1.7808469921818777
16.476740000001655,-1.7102492871761557
16.485070000001656,-1.6235950675518611
16.493400000001657,-1.529710170989998
16.501730000001658,-1.4258161810803294
16.51006000000166,-1.3128845699234917
16.51839000000166,-1.1943778823969151
16.52672000000166,-1.0719703082750955
16.53505000000166,-0.9487438275603751
16.54338000000166,-0.8309262188940475
16.551710000001663,-0.7138895782428447
16.560040000001663,-0.6023670478197549
16.568370000001664,-0.497800519957041
16.576700000001665,-0.3994447766777725
16.585030000001666,-0.30783211566470897
16.593360000001667,-0.2252300479735345
16.601690000001668,-0.1510283211798543
16.61002000000167,-0.08360988953821688
16.61835000000167,-0.026558649859075353
16.62668000000167,0.02639851181844644
16.63501000000167,0.07335716493269692
16.643340000001672,0.11346616027268877
16.651670000001673,0.1506513339434206
16.660000000001673,0.1829398816580945
16.668330000001674,0.20718256159356782
16.676660000001675,0.22244409927165534
16.684990000001676,0.23173083209437947
16.693320000001677,0.2331095832214012
16.701650000001678,0.22605879878391366
16.70998000000168,0.21385617364184487
16.71831000000168,0.193480416255492
16.72664000000168,0.1687130082344963
16.73497000000168,0.14133672648930332
16.743300000001682,0.11273149788286059
16.751630000001683,0.0829589988804301
16.759960000001684,0.04812491164697547
16.768290000001684,0.006219759672742996
16.776620000001685,-0.03820610754368248
16.784950000001686,-0.08227224740631973
16.793280000001687,-0.12648888574842126
16.801610000001688,-0.16800081263389005
16.80994000000169,-0.2065850363203477
16.81827000000169,-0.2432371073843806
16.82660000000169,-0.27596859549971625
16.83493000000169,-0.301847643818388
16.843260000001692,-0.3248155262845964
16.851590000001693,-0.3451537795858065
16.859920000001694,-0.3652492601065096
16.868250000001694,-0.38161483168506566
16.876580000001695,-0.3939692555307926
16.884910000001696,-0.4018731186911309
16.893240000001697,-0.40868357348113554
16.901570000001698,-0.41224441990139254
16.9099000000017,-0.4096618064732932
16.9182300000017,-0.3999363323713725
16.9265600000017,-0.3834554752749402
16.9348900000017,-0.3608102422503258
16.943220000001702,-0.33283443629507925
16.951550000001703,-0.2917822357466089
16.959880000001704,-0.2407770498999016
16.968210000001704,-0.18478468381329233
16.976540000001705,-0.13028720525535606
16.984870000001706,-0.07661391639901022
16.993200000001707,-0.027194174251376213
17.001530000001708,0.019127032152799508
17.00986000000171,0.0638309738259146
17.01819000000171,0.10373477557778835
17.02652000000171,0.1377383087230501
17.03485000000171,0.16588749440583403
17.043180000001712,0.19201963591576315
17.051510000001713,0.21764290767767697
17.059840000001714,0.23770878268714246
17.068170000001714,0.24967739175706505
17.076500000001715,0.25402971787890377
17.084830000001716,0.2545773570161576
17.093160000001717,0.2511932809241677
17.101490000001718,0.2461977544249165
17.10982000000172,0.23840614278406216
17.11815000000172,0.2284286311973227
17.12648000000172,0.217784995386005
17.13481000000172,0.20684685887966653
17.143140000001722,0.20022926237843142
17.151470000001723,0.1979558748531988
17.159800000001724,0.20124856518260464
17.168130000001725,0.21500381734014226
17.176460000001725,0.2361633841352525
17.184790000001726,0.26275893298703823
17.193120000001727,0.2970870660209091
17.201450000001728,0.33994066282197555
17.20978000000173,0.38633182593635046
17.21811000000173,0.43882043199051296
17.22644000000173,0.4950660764724507
17.23477000000173,0.5548923842642604
17.243100000001732,0.618606915357392
17.251430000001733,0.6848588000402102
17.259760000001734,0.7539588348934156
17.268090000001735,0.8247954228745932
17.276420000001735,0.8895324625932918
17.284750000001736,0.9470177644414165
17.293080000001737,0.9938084219228073
17.301410000001738,1.0292740197992705
17.30974000000174,1.0466220645347442
17.31807000000174,1.0508615498296907
17.32640000000174,1.0375228858917385
17.33473000000174,1.0060713939154737
17.343060000001742,0.9543921417183078
17.351390000001743,0.8855842028645542
17.359720000001744,0.8006314442326299
17.368050000001745,0.6996073071785966
17.376380000001745,0.5828848741780027
17.384710000001746,0.45266193467904914
17.393040000001747,0.30864807692093954
17.401370000001748,0.14744058022950546
17.40970000000175,-0.029164450428299373
17.41803000000175,-0.21064505824439647
17.42636000000175,-0.4131055250383885
17.43469000000175,-0.6265843819971998
17.443020000001752,-0.8572839981486805
17.451350000001753,-1.094678229000699
17.459680000001754,-1.3269649560889345
17.468010000001755,-1.56218729113468
17.476340000001755,-1.7897075727808454
17.484670000001756,-2.005013522343794
17.493000000001757,-2.210557004595812
17.501330000001758,-2.4043189999910553
17.50966000000176,-2.57764595115736
17.51799000000176,-2.726425238320759
17.52632000000176,-2.857721485703614
17.53465000000176,-2.9580868345543454
17.542980000001762,-3.0314286715617564
17.551310000001763,-3.0580334405649854
17.559640000001764,-3.032251661140968
17.567970000001765,-2.967694405785699
17.576300000001766,-2.8486918931432603
17.584630000001766,-2.6763057860910338
17.592960000001767,-2.4586968894878325
17.601290000001768,-2.2026370225761482
17.60962000000177,-1.9109816211024853
17.61795000000177,-1.5770135241652035
17.62628000000177,-1.2138682872214168
17.63461000000177,-0.8398464182571249
17.642940000001772,-0.4654899217819603
17.651270000001773,-0.08594152053694928
17.659600000001774,0.29155762752553216
17.667930000001775,0.6611187044243615
17.676260000001776,1.0175216002777054
17.684590000001776,1.3600636375694213
17.692920000001777,1.675577058704211
17.701250000001778,1.9618951598424599
17.70958000000178,2.2279058532840685
17.71791000000178,2.480117933096117
17.72624000000178,2.7052106498964545
17.73457000000178,2.902949271384066
17.742900000001782,3.0723364544320857
17.751230000001783,3.2199769699024476
17.759560000001784,3.34457975959341
17.767890000001785,3.4449568441827174
17.776220000001786,3.5143975574263857
17.784550000001786,3.5554971070012
17.792880000001787,3.561731633848948
17.801210000001788,3.538046900240936
17.80954000000179,3.485355477465956
17.81787000000179,3.4008768359709074
17.82620000000179,3.29064289220705
17.83453000000179,3.156658344796876
17.842860000001792,2.9929475187038808
17.851190000001793,2.801824720815722
17.859520000001794,2.590186962385986
17.867850000001795,2.353954230308563
17.876180000001796,2.101934444131532
17.884510000001796,1.8319693958550414
17.892840000001797,1.550587900737934
17.901170000001798,1.2593665075015121
17.9095000000018,0.9656803993643824
17.9178300000018,0.6612305642621176
17.9261600000018,0.3567529302912175
17.9344900000018,0.05486021304166633
17.942820000001802,-0.24425940968108165
17.951150000001803,-0.5366776464633858
17.959480000001804,-0.8197500099184688
17.967810000001805,-1.0908290546046464
17.976140000001806,-1.3476229070223196
17.984470000001807,-1.5922945279573528
17.992800000001807,-1.8149860015446029
18.001130000001808,-2.022130691251502
18.00946000000181,-2.2098131948176607
18.01779000000181,-2.383273746625992
18.02612000000181,-2.5382567776923755
18.03445000000181,-2.671186304678761
18.042780000001812,-2.782142503842415
18.051110000001813,-2.8747173156694985
18.059440000001814,-2.9441217524643
18.067770000001815,-2.986805008478834
18.076100000001816,-3.0083195531220794
18.084430000001817,-2.999152061247273
18.092760000001817,-2.962487565172554
18.10109000000182,-2.9001140982267346
18.10942000000182,-2.813665050505166
18.11775000000182,-2.7059656068922324
18.12608000000182,-2.5772052485005297
18.13441000000182,-2.428131682826855
18.142740000001822,-2.2623507136162377
18.151070000001823,-2.0878099098747787
18.159400000001824,-1.9019323676256668
18.167730000001825,-1.7124531901255935
18.176060000001826,-1.5165852728423836
18.184390000001827,-1.3164413681966145
18.192720000001827,-1.119721309530146
18.20105000000183,-0.9255259128928827
18.20938000000183,-0.73760972876868
18.21771000000183,-0.5576254456503217
18.22604000000183,-0.38196824183184114
18.23437000000183,-0.21316864160932597
18.242700000001832,-0.05343804257926652
18.251030000001833,0.09529806020325864
18.259360000001834,0.2340346201181552
18.267690000001835,0.3667802635328614
18.276020000001836,0.4958327240366358
18.284350000001837,0.6175171880515188
18.292680000001837,0.7290320769734028
18.30101000000184,0.8281208363355868
18.30934000000184,0.9155505431487758
18.31767000000184,0.9941206809245003
18.32600000000184,1.0643544014357889
18.33433000000184,1.1256680171997875
18.342660000001842,1.1780535128020126
18.350990000001843,1.2184212392685485
18.359320000001844,1.2556090422390398
18.367650000001845,1.2931118780979256
18.375980000001846,1.3248272103822882
18.384310000001847,1.3521940362127647
18.392640000001848,1.3721529959015026
18.40097000000185,1.3846721771603752
18.40930000000185,1.3937075475645724
18.41763000000185,1.4063135315031245
18.42596000000185,1.4235059402701093
18.43429000000185,1.438749703277624
18.442620000001853,1.4506336478795259
18.450950000001853,1.4585712883773192
18.459280000001854,1.467164846845563
18.467610000001855,1.4666537495048693
18.475940000001856,1.456473342928116
18.484270000001857,1.4348812065956953
18.492600000001858,1.4006092779354997
18.50093000000186,1.3563569763033323
18.50926000000186,1.3024448923859073
18.51759000000186,1.2412684182506573
18.52592000000186,1.171417034868916
18.53425000000186,1.0868610341524396
18.542580000001863,0.9935590116360743
18.550910000001863,0.8903792213111258
18.559240000001864,0.7683791801906042
18.567570000001865,0.634340869436504
18.575900000001866,0.48839470365160853
18.584230000001867,0.3315079740012452
18.592560000001868,0.16154534248145516
18.60089000000187,-0.02319580888342868
18.60922000000187,-0.21627630753927982
18.61755000000187,-0.4148592768266735
18.62588000000187,-0.6166596974750816
18.634210000001872,-0.8148541780237392
18.642540000001873,-1.0079114843409527
18.650870000001873,-1.1961768182912624
18.659200000001874,-1.3791925308533797
18.667530000001875,-1.5463607315390422
18.675860000001876,-1.6990115493255986
18.684190000001877,-1.8326829517740075
18.692520000001878,-1.9505406885143826
18.70085000000188,-2.0512900319293097
18.70918000000188,-2.1213893267788535
18.71751000000188,-2.161311459133507
18.72584000000188,-2.1703908814409756
18.734170000001882,-2.1390039087571004
18.742500000001883,-2.0763374238005663
18.750830000001883,-1.9744746689692292
18.759160000001884,-1.8406601972355714
18.767490000001885,-1.6729614027567892
18.775820000001886,-1.477005051081846
18.784150000001887,-1.2603970428034248
18.792480000001888,-1.0339430479348215
18.80081000000189,-0.7989511185157142
18.80914000000189,-0.5550606263621686
18.81747000000189,-0.31665380395962267
18.82580000000189,-0.08553977991173473
18.834130000001892,0.13906216161703575
18.842460000001893,0.34642145305247407
18.850790000001894,0.5446917362915145
18.859120000001894,0.7287410060010551
18.867450000001895,0.895751968474809
18.875780000001896,1.0446243115360678
18.884110000001897,1.1732742565574925
18.892440000001898,1.2802608082069507
18.9007700000019,1.3705172516345001
18.9091000000019,1.4455877305932465
18.9174300000019,1.4950044114558556
18.9257600000019,1.5218062402684596
18.934090000001902,1.5304618426321672
18.942420000001903,1.5194639017314722
18.950750000001904,1.4883246260540062
18.959080000001904,1.433166771120428
18.967410000001905,1.3488827233113247
18.975740000001906,1.2448685527996448
18.984070000001907,1.1201106243614474
18.992400000001908,0.9872912838513548
19.00073000000191,0.8376711472590822
19.00906000000191,0.6749285114666062
19.01739000000191,0.49962157503495186
19.02572000000191,0.31707274525522533
19.034050000001912,0.13261040799138293
19.042380000001913,-0.05102344738575953
19.050710000001914,-0.23545872571646584
19.059040000001914,-0.419990011177525
19.067370000001915,-0.5994891661193997
19.075700000001916,-0.7624950593123966
19.084030000001917,-0.9081287273307332
19.092360000001918,-1.0310277476690959
19.10069000000192,-1.1416473307819026
19.10902000000192,-1.2326189927018292
19.11735000000192,-1.3027954662868813
19.12568000000192,-1.3489950617430189
19.134010000001922,-1.3788410507488176
19.142340000001923,-1.388286246915156
19.150670000001924,-1.376650125024299
19.159000000001924,-1.3461475878887186
19.167330000001925,-1.292342500583692
19.175660000001926,-1.2161560369589897
19.183990000001927,-1.1243063247271643
19.192320000001928,-1.0210919145849144
19.20065000000193,-0.8996438563546146
19.20898000000193,-0.7652515714178353
19.21731000000193,-0.6102792318774453
19.22564000000193,-0.447273581599194
19.233970000001932,-0.2820977720612128
19.242300000001933,-0.10651206910359265
19.250630000001934,0.07413088179996999
19.258960000001935,0.25423240227658883
19.267290000001935,0.4374793986215686
19.275620000001936,0.6205148444179579
19.283950000001937,0.7993179609541072
19.292280000001938,0.9653014601970391
19.30061000000194,1.1261693962506094
19.30894000000194,1.2790997314215937
19.31727000000194,1.4250529201503612
19.32560000000194,1.5508634780000132
19.333930000001942,1.6644507026174638
19.342260000001943,1.766703276412945
19.350590000001944,1.8514535453859289
19.358920000001945,1.9158760253135574
19.367250000001945,1.9647710952674438
19.375580000001946,1.996492560267095
19.383910000001947,2.007776075631896
19.392240000001948,1.9928298751851463
19.40057000000195,1.954448551980921
19.40890000000195,1.8986333051657485
19.41723000000195,1.8195672155745368
19.42556000000195,1.713842135267368
19.433890000001952,1.5880655032871476
19.442220000001953,1.4433256271778985
19.450550000001954,1.2811211586312778
19.458880000001955,1.0977564588893247
19.467210000001955,0.8973946870332495
19.475540000001956,0.6879618651290766
19.483870000001957,0.46443637074873356
19.492200000001958,0.2294540285599431
19.50053000000196,-0.013353375578414222
19.50886000000196,-0.2646334927277899
19.51719000000196,-0.511439405058204
19.52552000000196,-0.7718567548533639
19.533850000001962,-1.0273555668325571
19.542180000001963,-1.2732397170269627
19.550510000001964,-1.5031946299667525
19.558840000001965,-1.7209564611659085
19.567170000001965,-1.9199094503515808
19.575500000001966,-2.098169961419707
19.583830000001967,-2.254393713233856
19.592160000001968,-2.381521271785482
19.60049000000197,-2.484017163393405
19.60882000000197,-2.5637589385210355
19.61715000000197,-2.609768726347707
19.62548000000197,-2.641238478100744
19.633810000001972,-2.6456717362609954
19.642140000001973,-2.6210340565629653
19.650470000001974,-2.571677059661041
19.658800000001975,-2.5055700050819527
19.667130000001976,-2.4225212045860145
19.675460000001976,-2.322769411153386
19.683790000001977,-2.2009220075968225
19.692120000001978,-2.0655031891756535
19.70045000000198,-1.9209328651829403
19.70878000000198,-1.7658783941735954
19.71711000000198,-1.6035006857388214
19.72544000000198,-1.4391601399000649
19.733770000001982,-1.276543234629686
19.742100000001983,-1.110677844136739
19.750430000001984,-0.949663986294188
19.758760000001985,-0.7936775017683568
19.767090000001986,-0.6459678389284838
19.775420000001986,-0.4991418081944221
19.783750000001987,-0.3570093042511923
19.792080000001988,-0.22593043222942447
19.80041000000199,-0.10146726469953399
19.80874000000199,0.014679190800016213
19.81707000000199,0.1234385885123898
19.82540000000199,0.23006650315868804
19.833730000001992,0.3302145382724132
19.842060000001993,0.43041820617967785
19.850390000001994,0.5258847852933809
19.858720000001995,0.6145426666536394
19.867050000001996,0.7012465835699938
19.875380000001996,0.7897713567616057
19.883710000001997,0.8869824788213517
19.892040000001998,0.9837873343683574
19.900370000002,1.0879264971549796
19.908700000002,1.193538885014387
19.917030000002,1.30777185536951
19.925360000002,1.4341287346807174
19.933690000002002,1.5583223313499288
19.942020000002003,1.6829022234416817
19.950350000002004,1.800759251576767
19.958680000002005,1.9093508888825013
19.967010000002006,2.0105342406915674
19.975340000002006,2.106154283206488
19.983670000002007,2.1965903453758635
19.992000000002008,2.271268579707716
20.00033000000201,2.32914031991552
20.00866000000201,2.367391551737432
20.01699000000201,2.3888187722966667
20.02532000000201,2.3959995040826665
20.033650000002012,2.3789688468989323
20.041980000002013,2.341033906012567
20.050310000002014,2.2761990813705055
20.058640000002015,2.187133491387855
20.066970000002016,2.0712776997529043
20.075300000002017,1.93628063243185
20.083630000002017,1.7753896434957408
20.091960000002018,1.597713247963072
20.10029000000202,1.3940052735731443
20.10862000000202,1.1639777952814043
20.11695000000202,0.9188729537725701
20.12528000000202,0.658602083174625
20.133610000002022,0.37915946437500186
20.141940000002023,0.0910707048754904
20.150270000002024,-0.20941972798096284
20.158600000002025,-0.5175251587692334
20.166930000002026,-0.8319868316982731
20.175260000002027,-1.1469091691405688
20.183590000002027,-1.454664661816533
20.19192000000203,-1.7465555072416996
20.20025000000203,-2.0305651533924522
20.20858000000203,-2.297567927845629
20.21691000000203,-2.5380646703197565
20.22524000000203,-2.7544672862770265
20.233570000002032,-2.9442748150844986
20.241900000002033,-3.102605529133417
20.250230000002034,-3.233373424082326
20.258560000002035,-3.3364913793124766
20.266890000002036,-3.4081671823557143
20.275220000002037,-3.4458180558961584
20.283550000002037,-3.4502904558188385
20.29188000000204,-3.4238947751317026
20.30021000000204,-3.361233600060534
20.30854000000204,-3.2644306476156006
20.31687000000204,-3.134226324930711
20.32520000000204,-2.97561273945231
20.333530000002042,-2.7826914784359587
20.341860000002043,-2.5710613262242683
20.350190000002044,-2.3386503020474105
20.358520000002045,-2.0837692261340712
20.366850000002046,-1.8127842170712642
20.375180000002047,-1.5315258820014255
20.383510000002047,-1.2497723493451347
20.39184000000205,-0.9587532432466472
20.40017000000205,-0.6694142204540198
20.40850000000205,-0.38334236188849147
20.41683000000205,-0.09740551678932541
20.42516000000205,0.18135390452730235
20.433490000002053,0.4586051911967126
20.441820000002053,0.7200488557074011
20.450150000002054,0.9729838873382766
20.458480000002055,1.2156409092246057
20.466810000002056,1.442009816452494
20.475140000002057,1.6521636087467486
20.483470000002058,1.841755349459999
20.49180000000206,2.016683955355097
20.50013000000206,2.17083102223213
20.50846000000206,2.3105286665765
20.51679000000206,2.431066033807244
20.52512000000206,2.533606490537017
20.533450000002063,2.6135637873092437
20.541780000002063,2.667030822398954
20.550110000002064,2.6941329736901753
20.558440000002065,2.6944968518543417
20.566770000002066,2.667357563757261
20.575100000002067,2.614297310167388
20.583430000002068,2.5326724221867627
20.59176000000207,2.428402318150014
20.60009000000207,2.3090550746387875
20.60842000000207,2.1619606729801455
20.61675000000207,1.975064560699828
20.62508000000207,1.818122124347889
20.633410000002073,1.6362284962613287
20.641740000002073,1.4439063051971683
20.650070000002074,1.2333656324192979
20.658400000002075,1.009280674634535
20.666730000002076,0.7703882504568311
20.675060000002077,0.5238753683727971
20.683390000002078,0.27141574394135753
20.69172000000208,0.018107839330754674
20.70005000000208,-0.2316151674099028
20.70838000000208,-0.4823289301354596
20.71671000000208,-0.7245993470354275
20.725040000002082,-0.9081625142638778
20.733370000002083,-1.092141677060161
20.741700000002083,-1.243270832156563
20.750030000002084,-1.375233378496306
20.758360000002085,-1.4796978746494454
20.766690000002086,-1.5645644978115671
20.775020000002087,-1.6236523638681062
20.783350000002088,-1.6501963080175224
20.79168000000209,-1.6500976406007482
20.80001000000209,-1.6218722866761943
20.80834000000209,-1.568859647118439
20.81667000000209,-1.5049339459047466
20.825000000002092,-1.407226729449267
20.833330000002093,-1.2878650293300988
20.841660000002094,-1.1545122764200124
20.849990000002094,-1.0135708040934615
20.858320000002095,-0.8697878560420836
20.866650000002096,-0.7292141033379147
20.874980000002097,-0.5879919871111201
20.883310000002098,-0.4498031153106591
20.8916400000021,-0.3194603117506721
20.8999700000021,-0.19492334014385437
20.9083000000021,-0.08284244306321727
20.9166300000021,0.01599715956006567
20.924960000002102,0.12039435402520866
20.933290000002103,0.20851827458046235
20.941620000002104,0.2822375969722393
20.949950000002104,0.3409637131436515
20.958280000002105,0.38604993006223176
20.966610000002106,0.4179322821979898
20.974940000002107,0.43849933537430474
20.983270000002108,0.4419447774360311
20.99160000000211,0.43268805392023024
20.99993000000211,0.40929437217939835
21.00826000000211,0.36985115950110176
21.01659000000211,0.3177909806064142
21.024920000002112,0.25559905139987876
21.033250000002113,0.18394322860575707
21.041580000002114,0.10164884166855327
21.049910000002114,0.015605929691310123
21.058240000002115,-0.06929537338129056
21.066570000002116,-0.15219828294941493
21.074900000002117,-0.22976058329532298
21.083230000002118,-0.29863230671712154
21.09156000000212,-0.36457671599151664
21.09989000000212,-0.4241763454707452
21.10822000000212,-0.47606063691517353
21.11655000000212,-0.5227055230921247
21.124880000002122,-0.5555598780375439
21.133210000002123,-0.5761443913960373
21.141540000002124,-0.5833153889251346
21.149870000002124,-0.5743178003034688
21.158200000002125,-0.5528356459586458
21.166530000002126,-0.5229142144247256
21.174860000002127,-0.4798560235100678
21.183190000002128,-0.4298322774462876
21.19152000000213,-0.3772242862365792
21.19985000000213,-0.3203497765171
21.20818000000213,-0.26388767651400236
21.21651000000213,-0.2122416586506309
21.224840000002132,-0.1614193330327647
21.233170000002133,-0.11364428240356632
21.241500000002134,-0.06902279208840152
21.249830000002135,-0.033018072002835644
21.258160000002135,-0.006518207896883618
21.266490000002136,0.009302214187882756
21.274820000002137,0.018707757739932985
21.283150000002138,0.020492695283394643
21.29148000000214,0.016562190483038003
21.29981000000214,0.0006840834424136816
21.30814000000214,-0.02284818074057531
21.31647000000214,-0.05472096597609528
21.324800000002142,-0.09415269139735072
21.333130000002143,-0.13405549061842886
21.341460000002144,-0.17395709589700914
21.349790000002145,-0.21063603261320224
21.358120000002145,-0.24219355911816384
21.366450000002146,-0.26903088293471805
21.374780000002147,-0.28433547370834994
21.383110000002148,-0.28837842615348397
21.39144000000215,-0.2899408735475356
21.39977000000215,-0.28453971888747276
21.40810000000215,-0.27152588326041355
21.41643000000215,-0.2520711701260506
21.424760000002152,-0.22315505716412068
21.433090000002153,-0.1804323493476922
21.441420000002154,-0.12276641807113099
21.449750000002155,-0.05124978793649884
21.458080000002155,0.031605269260572263
21.466410000002156,0.12574475019616968
21.474740000002157,0.2330400088374296
21.483070000002158,0.34762988979774384
21.49140000000216,0.4619280552915423
21.49973000000216,0.5763339326906104
21.50806000000216,0.6835036198560062
21.51639000000216,0.7875796871640519
21.524720000002162,0.8891278100102629
21.533050000002163,0.9808518919294069
21.541380000002164,1.0656108711563619
21.549710000002165,1.1397801462486263
21.558040000002165,1.2020272167095927
21.566370000002166,1.25585364627576
21.574700000002167,1.2974564071325454
21.583030000002168,1.3278521265189454
21.59136000000217,1.3413353817652058
21.59969000000217,1.3397894344003065
21.60802000000217,1.326622546270571
21.61635000000217,1.30150683774247
21.624680000002172,1.2621439705712094
21.633010000002173,1.2034992796552102
21.641340000002174,1.1347935299695733
21.649670000002175,1.048007293432588
21.658000000002176,0.9507424586709453
21.666330000002176,0.8394981362222019
21.674660000002177,0.7082179682314736
21.682990000002178,0.5648431008834588
21.69132000000218,0.4125126769762309
21.69965000000218,0.2459719383129333
21.70798000000218,0.07236276459985012
21.71631000000218,-0.11286785093816061
21.724640000002182,-0.30526631634308227
21.732970000002183,-0.5035303005350382
21.741300000002184,-0.7074511865701332
21.749630000002185,-0.9162423296944351
21.757960000002186,-1.119525501556622
21.766290000002186,-1.322311195612122
21.774620000002187,-1.5247520276154862
21.782950000002188,-1.7180264536742464
21.79128000000219,-1.899955692833928
21.79961000000219,-2.0822915324233047
21.80794000000219,-2.251649337771082
21.81627000000219,-2.4107526439209184
21.824600000002192,-2.5560915808651354
21.832930000002193,-2.6848497966388756
21.841260000002194,-2.797797273631472
21.849590000002195,-2.887044455306441
21.857920000002196,-2.94506369174147
21.866250000002196,-2.9724550138175636
21.874580000002197,-2.971293375872439
21.882910000002198,-2.9414760860009195
21.8912400000022,-2.8740281250854074
21.8995700000022,-2.768342777873854
21.9079000000022,-2.6249626939504593
21.9162300000022,-2.4478538971849186
21.924560000002202,-2.2353936862482953
21.932890000002203,-1.9834210005813342
21.941220000002204,-1.7182887901834993
21.949550000002205,-1.4277054212284073
21.957880000002206,-1.1102269921821364
21.966210000002206,-0.7786080817496693
21.974540000002207,-0.44140030547897385
21.982870000002208,-0.10379781881520209
21.99120000000221,0.24671379861463982
21.99953000000221,0.5977093226799763
22.00786000000221,0.9433033468010992
22.01619000000221,1.2717913906195417
22.024520000002212,1.5954477683972583
22.032850000002213,1.9052780279490389
22.041180000002214,2.178547216497636
22.049510000002215,2.4343791806416197
22.057840000002216,2.667694503368906
22.066170000002217,2.872303530115338
22.074500000002217,3.051215150315171
22.082830000002218,3.204243186854133
22.09116000000222,3.336186482600031
22.09949000000222,3.439880535711936
22.10782000000222,3.5207772760874994
22.11615000000222,3.5722975364790424
22.124480000002222,3.605441216340038
22.132810000002223,3.601817941985951
22.141140000002224,3.547460724511224
22.149470000002225,3.4719044464175126
22.157800000002226,3.3598881732165
22.166130000002227,3.2162825520752536
22.174460000002227,3.0395285346813408
22.18279000000223,2.809707628362188
22.19112000000223,2.5705576110824153
22.19945000000223,2.333780044805049
22.20778000000223,2.0924497904010435
22.21611000000223,1.8243689787672346
22.224440000002232,1.5259083514364606
22.232770000002233,1.2037815745740377
22.241100000002234,0.8654440745072587
22.249430000002235,0.5323639972283659
22.257760000002236,0.18504447844496938
22.266090000002237,-0.15747442029395362
22.274420000002237,-0.4950558343188057
22.28275000000224,-0.8160114141979746
22.29108000000224,-1.0805080062192234
22.29941000000224,-1.3015207235989035
22.30774000000224,-1.4977263205990736
22.31607000000224,-1.6817436962609793
22.324400000002242,-1.836781635803002
22.332730000002243,-1.9595619588853626
22.341060000002244,-2.0564707343882107
22.349390000002245,-2.1289376516870964
22.357720000002246,-2.1825575196114713
22.366050000002247,-2.215631607675315
22.374380000002247,-2.225352603798569
22.38271000000225,-2.215078711409978
22.39104000000225,-2.196947625528658
22.39937000000225,-2.1690017579482115
22.40770000000225,-2.1311609679482184
22.41603000000225,-2.0854495714655177
22.424360000002252,-2.0252091315745715
22.432690000002253,-1.9621565722754293
22.441020000002254,-1.891987729684028
22.449350000002255,-1.814760114023698
22.457680000002256,-1.738871819698015
22.466010000002257,-1.6654764076934112
22.474340000002258,-1.591999882632699
22.48267000000226,-1.5180117836957645
22.49100000000226,-1.44576325312856
22.49933000000226,-1.3725327134843501
22.50766000000226,-1.294219869185046
22.51599000000226,-1.2158583787857067
22.524320000002263,-1.1323655194217566
22.532650000002263,-1.0446053245462679
22.540980000002264,-0.9491016861311886
22.549310000002265,-0.8458497417739352
22.557640000002266,-0.7414069191766728
22.565970000002267,-0.6369211840156268
22.574300000002268,-0.5304192396117324
22.58263000000227,-0.4266754570384642
22.59096000000227,-0.32044492625575205
22.59929000000227,-0.21068894841502395
22.60762000000227,-0.09227006321240909
22.61595000000227,0.025756392044111013
22.624280000002273,0.1490609532049364
22.632610000002273,0.2782910710486129
22.640940000002274,0.4108091626954035
22.649270000002275,0.5475383331908261
22.657600000002276,0.6810575310972407
22.665930000002277,0.8129340310673188
22.674260000002278,0.9395039316154685
22.68259000000228,1.0520714931878206
22.69092000000228,1.160494197048232
22.69925000000228,1.2589466096527477
22.70758000000228,1.350685852970962
22.715910000002282,1.4304939969433046
22.724240000002283,1.4996232984413733
22.732570000002283,1.5575556638005623
22.740900000002284,1.6060351030655486
22.749230000002285,1.6425908961141087
22.757560000002286,1.6671401210149501
22.765890000002287,1.6786766696652036
22.774220000002288,1.677931155767671
22.78255000000229,1.660251843545336
22.79088000000229,1.6300353906539076
22.79921000000229,1.5836750628233796
22.80754000000229,1.52886077666118
22.815870000002292,1.460976345434496
22.824200000002293,1.3789290765510651
22.832530000002293,1.2839550413641985
22.840860000002294,1.1800238393563014
22.849190000002295,1.0670775546301308
22.857520000002296,0.9498664600731649
22.865850000002297,0.8230713687516373
22.874180000002298,0.6881201765455284
22.8825100000023,0.5452959792036753
22.8908400000023,0.3972792257892182
22.8991700000023,0.239425351794256
22.9075000000023,0.08090442012079543
22.915830000002302,-0.08191621352749501
22.924160000002303,-0.24618986528559755
22.932490000002304,-0.40955895360331407
22.940820000002304,-0.567840267510718
22.949150000002305,-0.7224093807515253
22.957480000002306,-0.8691313214203962
22.965810000002307,-1.0111909530067886
22.974140000002308,-1.1415467242969295
22.98247000000231,-1.2606852823566084
22.99080000000231,-1.3670859503986195
22.99913000000231,-1.4607531911927343
23.00746000000231,-1.5381074519667497
23.015790000002312,-1.595450438860311
23.024120000002313,-1.6351860903311872
23.032450000002314,-1.6593963024823712
23.040780000002314,-1.6665850525052395
23.049110000002315,-1.6582064956487226
23.057440000002316,-1.6310432109976514
23.065770000002317,-1.5880372063733426
23.074100000002318,-1.5216098213652263
23.08243000000232,-1.4338833359045404
23.09076000000232,-1.326058214254823
23.09909000000232,-1.1989127122886938
23.10742000000232,-1.0534924084392074
23.115750000002322,-0.8935105112068326
23.124080000002323,-0.7208160878347997
23.132410000002324,-0.5389035392551756
23.140740000002324,-0.34835874977617737
23.149070000002325,-0.15915169793095654
23.157400000002326,0.02500623212130187
23.165730000002327,0.20040689415118432
23.174060000002328,0.3734441810332619
23.18239000000233,0.5378555321865505
23.19072000000233,0.6878174474782639
23.19905000000233,0.8228365390412061
23.20738000000233,0.947548962895161
23.215710000002332,1.05827623673788
23.224040000002333,1.1603553079722597
23.232370000002334,1.2505857512839176
23.240700000002334,1.325458702908061
23.249030000002335,1.3767228247088033
23.257360000002336,1.408061936340942
23.265690000002337,1.419377013796471
23.274020000002338,1.4066601427807577
23.28235000000234,1.3730554287131316
23.29068000000234,1.3155735571601708
23.29901000000234,1.2362218682108865
23.30734000000234,1.141580536099022
23.315670000002342,1.0265269246827473
23.324000000002343,0.9029913851969634
23.332330000002344,0.7605166408128056
23.340660000002345,0.6061943932437959
23.348990000002345,0.43954012479247223
23.357320000002346,0.2642212416439826
23.365650000002347,0.07741250560425396
23.373980000002348,-0.12288911772623394
23.38231000000235,-0.3242805325937722
23.39064000000235,-0.5329627665353468
23.39897000000235,-0.7413551870155055
23.40730000000235,-0.941549348725246
23.415630000002352,-1.1304595775699846
23.423960000002353,-1.2937207585146482
23.432290000002354,-1.4395851468857583
23.440620000002355,-1.555503232608676
23.448950000002355,-1.6391946893309766
23.457280000002356,-1.6876657436407472
23.465610000002357,-1.70262172483075
23.473940000002358,-1.676981042306473
23.48227000000236,-1.6071214015366335
23.49060000000236,-1.4995350655730528
23.49893000000236,-1.3541090011380483
23.50726000000236,-1.174797170332648
23.515590000002362,-0.96680253953272
23.523920000002363,-0.7348046409547108
23.532250000002364,-0.4920406968913646
23.540580000002365,-0.24598790480415694
23.548910000002365,0.0026129143254848917
23.557240000002366,0.2487472653735317
23.565570000002367,0.4884836410847643
23.573900000002368,0.7215220906955432
23.58223000000237,0.9434077785382405
23.59056000000237,1.150286145590998
23.59889000000237,1.3421352433834608
23.60722000000237,1.5184079173433844
23.615550000002372,1.6781315352113688
23.623880000002373,1.8202487914635597
23.632210000002374,1.9414185467455691
23.640540000002375,2.045641006812177
23.648870000002375,2.129603424946386
23.657200000002376,2.1902923095276083
23.665530000002377,2.230718571028769
23.673860000002378,2.246448125686852
23.68219000000238,2.240551970873712
23.69052000000238,2.209398219003491
23.69885000000238,2.157701458345902
23.70718000000238,2.0890187315584785
23.715510000002382,1.9974054352968567
23.723840000002383,1.8823096931759489
23.732170000002384,1.7461567401738034
23.740500000002385,1.6015936126306412
23.748830000002386,1.437418076820996
23.757160000002386,1.2558147979859973
23.765490000002387,1.0807581992077993
23.773820000002388,0.9192306043364525
23.78215000000239,0.7521005218709975
23.79048000000239,0.5729144938649409
23.79881000000239,0.39395944672968747
23.80714000000239,0.2140295874038604
23.815470000002392,0.030239147480114366
23.823800000002393,-0.15563962298587578
23.832130000002394,-0.33847644219007933
23.840460000002395,-0.5149231906759486
23.848790000002396,-0.6927315898234536
23.857120000002396,-0.8629714400802921
23.865450000002397,-1.0084095680692233
23.873780000002398,-1.1395020246645056
23.8821100000024,-1.2765187482262124
23.8904400000024,-1.4093617800383176
23.8987700000024,-1.5332344709938033
23.9071000000024,-1.649077471208166
23.915430000002402,-1.7471962789739033
23.923760000002403,-1.8319780471793043
23.932090000002404,-1.9039403725797606
23.940420000002405,-1.962398048826786
23.948750000002406,-2.005311718211249
23.957080000002406,-2.0378725838980087
23.965410000002407,-2.0566404063398362
23.973740000002408,-2.0634437624033053
23.98207000000241,-2.0566102462126636
23.99040000000241,-2.0397539550375616
23.99873000000241,-2.0142108512710024
24.00706000000241,-1.9748388782691495
24.015390000002412,-1.921891595960874
24.023720000002413,-1.860915361509502
24.032050000002414,-1.7904378266732979
24.040380000002415,-1.7071754150009075
24.048710000002416,-1.6145042918716315
24.057040000002416,-1.5164869844953617
24.065370000002417,-1.4080640323048668
24.073700000002418,-1.291787161577639
24.08203000000242,-1.1672539213694324
24.09036000000242,-1.041198823005865
24.09869000000242,-0.9140408658861449
24.10702000000242,-0.7788383034067712
24.115350000002422,-0.6384531914628266
24.123680000002423,-0.49303229584545843
24.132010000002424,-0.3415183451276241
24.140340000002425,-0.18737608047103263
24.148670000002426,-0.03730057609902352
24.157000000002427,0.10976200803165506
24.165330000002427,0.25147608248201014
24.173660000002428,0.3942359734603929
24.18199000000243,0.5359896747275239
24.19032000000243,0.6684433309496991
24.19865000000243,0.7971928646961983
24.20698000000243,0.9313285745648214
24.215310000002432,1.0683436916927773
24.223640000002433,1.1988619884692244
24.231970000002434,1.3239617725813788
24.240300000002435,1.4404424284106687
24.248630000002436,1.5513054977073744
24.256960000002437,1.6527699580220512
24.265290000002437,1.7444037180907466
24.27362000000244,1.8330199244164151
24.28195000000244,1.909898912195692
24.29028000000244,1.9777468587468452
24.29861000000244,2.0407451591419954
24.30694000000244,2.0996152048688512
24.315270000002442,2.1504376518821866
24.323600000002443,2.186214580100973
24.331930000002444,2.2074268955374308
24.340260000002445,2.2174106245053755
24.348590000002446,2.214578171475209
24.356920000002447,2.194899482172538
24.365250000002447,2.1586088228726275
24.37358000000245,2.1047152483906513
24.38191000000245,2.033747223736895
24.39024000000245,1.944973069168744
24.39857000000245,1.8379724709316339
24.40690000000245,1.7165479415929021
24.415230000002452,1.5777611665635904
24.423560000002453,1.4169429915981964
24.431890000002454,1.237797947484482
24.440220000002455,1.0501665234034072
24.448550000002456,0.8442976066040847
24.456880000002457,0.6248080032943167
24.465210000002457,0.3945546448250326
24.47354000000246,0.15208627725075813
24.48187000000246,-0.09417819963284471
24.49020000000246,-0.3542408005650562
24.49853000000246,-0.618764068140179
24.50686000000246,-0.8894464146170309
24.515190000002463,-1.1632953490391835
24.523520000002463,-1.4374718428562354
24.531850000002464,-1.700826247633985
24.540180000002465,-1.9555419655837174
24.548510000002466,-2.2041636352971534
24.556840000002467,-2.4319185606923512
24.565170000002468,-2.640706947421889
24.57350000000247,-2.8308237971562984
24.58183000000247,-2.991756304757508
24.59016000000247,-3.1301334635422244
24.59849000000247,-3.2356796987448146
24.60682000000247,-3.3047707266902355
24.615150000002473,-3.3310389210022207
24.623480000002473,-3.310412448239076
24.631810000002474,-3.2341819154060243
24.640140000002475,-3.11118577880483
24.648470000002476,-2.939036186409061
24.656800000002477,-2.7271637086747087
24.665130000002478,-2.4816594125586753
24.67346000000248,-2.1995641960610666
24.68179000000248,-1.8910068493096537
24.69012000000248,-1.570404856520681
24.69845000000248,-1.2431731790394862
24.70678000000248,-0.9137150056995544
24.715110000002483,-0.5814092889071731
24.723440000002483,-0.24780667840392887
24.731770000002484,0.08438218494112609
24.740100000002485,0.40080225764615124
24.748430000002486,0.6957908017271706
24.756760000002487,0.9646781383825336
24.765090000002488,1.2188764616536358
24.77342000000249,1.4575380231281612
24.78175000000249,1.6714367177225855
24.79008000000249,1.8576243670308237
24.79841000000249,2.019623294211494
24.806740000002492,2.1619569218315697
24.815070000002493,2.2900469622557904
24.823400000002493,2.399341953732916
24.831730000002494,2.485630049402452
24.840060000002495,2.5450720120521835
24.848390000002496,2.576514384212675
24.856720000002497,2.5805732979386486
24.865050000002498,2.566381051903945
24.8733800000025,2.523867412688417
24.8817100000025,2.454568332976378
24.8900400000025,2.3559897969385215
24.8983700000025,2.2342859768323624
24.906700000002502,2.0912639171691754
24.915030000002503,1.9327531738057724
24.923360000002504,1.7627570160880102
24.931690000002504,1.5755676897884527
24.940020000002505,1.381751303243
24.948350000002506,1.1823256593490095
24.956680000002507,0.9831183218499726
24.965010000002508,0.7908098600417734
24.97334000000251,0.5988478815984141
24.98167000000251,0.41509489922692777
24.99000000000251,0.23554067845786494
24.99833000000251,0.065805705427366
25.006660000002512,-0.09319489550776683
25.014990000002513,-0.239057929959714
25.023320000002514,-0.3718105354005243
25.031650000002514,-0.49397251913967816
25.039980000002515,-0.5974460891387325
25.048310000002516,-0.6839910937708262
25.056640000002517,-0.7535985189450117
25.064970000002518,-0.8084934308773287
25.07330000000252,-0.8489244914989417
25.08163000000252,-0.875375676193017
25.08996000000252,-0.8940092313604022
25.09829000000252,-0.9029799434327939
25.106620000002522,-0.9040436502103439
25.114950000002523,-0.8960626253861705
25.123280000002524,-0.877653218291167
25.131610000002524,-0.849909985066662
25.139940000002525,-0.8130867612065779
25.148270000002526,-0.7674377109918771
25.156600000002527,-0.7141070113518818
25.164930000002528,-0.6544947008471264
25.17326000000253,-0.5933403524397197
25.18159000000253,-0.530451292647916
25.18992000000253,-0.46748613353699775
25.19825000000253,-0.40390920167513955
25.206580000002532,-0.34457592799655384
25.214910000002533,-0.286388248684246
25.223240000002534,-0.23224727483291333
25.231570000002534,-0.1797241422511688
25.239900000002535,-0.13109851958695204
25.248230000002536,-0.08894586279019986
25.256560000002537,-0.04741091251431147
25.264890000002538,-0.00805196860074362
25.27322000000254,0.026314817599799128
25.28155000000254,0.058728399959837016
25.28988000000254,0.0886620687068138
25.29821000000254,0.10988462490544737
25.306540000002542,0.12161511749235925
25.314870000002543,0.12720747836087887
25.323200000002544,0.12444066619594693
25.331530000002545,0.1147462627113784
25.339860000002545,0.09738184353319626
25.348190000002546,0.07068431613672475
25.356520000002547,0.03810778890925646
25.364850000002548,0.0017320399108245108
25.37318000000255,-0.03794545834819023
25.38151000000255,-0.07884307826644626
25.38984000000255,-0.12125131629230872
25.39817000000255,-0.1663361337691076
25.406500000002552,-0.20925162772312686
25.414830000002553,-0.25113415798779176
25.423160000002554,-0.2939944242407447
25.431490000002555,-0.33442375949178316
25.439820000002555,-0.36642802257077106
25.448150000002556,-0.39721660646113016
25.456480000002557,-0.4245015818938968
25.464810000002558,-0.4452238772475068
25.47314000000256,-0.4640243004728932
25.48147000000256,-0.48128250298166897
25.48980000000256,-0.4983122451905611
25.49813000000256,-0.5125188881310597
25.506460000002562,-0.521803212465466
25.514790000002563,-0.5275542850007789
25.523120000002564,-0.5315028374215176
25.531450000002565,-0.5269229462884173
25.539780000002565,-0.5112826549121217
25.548110000002566,-0.48962981374778836
25.556440000002567,-0.46093849325928954
25.564770000002568,-0.4262725665485762
25.57310000000257,-0.3926097447328205
25.58143000000257,-0.35699391375119105
25.58976000000257,-0.31732098527886543
25.59809000000257,-0.2763363790021898
25.606420000002572,-0.23446710085779485
25.614750000002573,-0.19458505590010255
25.623080000002574,-0.15983229741855218
25.631410000002575,-0.126308040285425
25.639740000002575,-0.09616719865507445
25.648070000002576,-0.07162714706490945
25.656400000002577,-0.05327988810887215
25.664730000002578,-0.03969605187387484
25.67306000000258,-0.031794722272153644
25.68139000000258,-0.025246438479416475
25.68972000000258,-0.02027766830253445
25.69805000000258,-0.020174289739428034
25.706380000002582,-0.02343082095234562
25.714710000002583,-0.029370346559982368
25.723040000002584,-0.03744844022738163
25.731370000002585,-0.04770415218425843
25.739700000002586,-0.05782265689446316
25.748030000002586,-0.06572107883421366
25.756360000002587,-0.06456398002325447
25.764690000002588,-0.05500819954715414
25.77302000000259,-0.03110117091514838
25.78135000000259,0.006722726130397614
25.78968000000259,0.05418371180251447
25.79801000000259,0.12237929483734773
25.806340000002592,0.20755105276115393
25.814670000002593,0.30905302533384615
25.823000000002594,0.4255896229707689
25.831330000002595,0.5527778684294359
25.839660000002596,0.6862025232530525
25.847990000002596,0.8253873589524789
25.856320000002597,0.9736040740493839
25.864650000002598,1.120895321451937
25.8729800000026,1.2643643293699167
25.8813100000026,1.39826335352021
25.8896400000026,1.5188237039017256
25.8979700000026,1.633686919522305
25.906300000002602,1.7322433244472926
25.914630000002603,1.8167450114281383
25.922960000002604,1.8866132524930117
25.931290000002605,1.9354374161922667
25.939620000002606,1.9617317594703443
25.947950000002606,1.9703634200946851
25.956280000002607,1.9559692743009236
25.964610000002608,1.9141901269759478
25.97294000000261,1.845894214712721
25.98127000000261,1.7531935806586976
25.98960000000261,1.6407325092582603
25.99793000000261,1.4996676715986812
26.006260000002612,1.337047128969555
26.014590000002613,1.1554599450760334
26.022920000002614,0.9506965065154738
26.031250000002615,0.7258679822265431
26.039580000002616,0.48463758837424803
26.047910000002616,0.23331506812200967
26.056240000002617,-0.032245371394903764
26.064570000002618,-0.3086007874143154
26.07290000000262,-0.5911103606345068
26.08123000000262,-0.8748453359598511
26.08956000000262,-1.1599949303566042
26.09789000000262,-1.4460413323630699
26.106220000002622,-1.7132012655622304
26.114550000002623,-1.9653219360049694
26.122880000002624,-2.2008709489228013
26.131210000002625,-2.4086073021911063
26.139540000002626,-2.590812307204916
26.147870000002627,-2.7431171280486537
26.156200000002627,-2.8667939831095817
26.164530000002628,-2.9667060415668773
26.17286000000263,-3.0389858145126305
26.18119000000263,-3.0799997773885837
26.18952000000263,-3.0882329703582307
26.19785000000263,-3.0566455592399335
26.206180000002632,-2.980689377729099
26.214510000002633,-2.8656223853930944
26.222840000002634,-2.7117759123473033
26.231170000002635,-2.519233429847964
26.239500000002636,-2.301452985717494
26.247830000002637,-2.0606210996470846
26.256160000002637,-1.798584422200998
26.26449000000264,-1.526131585370966
26.27282000000264,-1.2483716551687494
26.28115000000264,-0.9631178520983544
26.28948000000264,-0.6725088831830469
26.29781000000264,-0.38397383134292523
26.306140000002642,-0.09654567986694901
26.314470000002643,0.18048729623175627
26.322800000002644,0.4518453204774014
26.331130000002645,0.7211648623233812
26.339460000002646,0.9824202474925576
26.347790000002647,1.233625329262861
26.356120000002647,1.4716525730655685
26.36445000000265,1.690639676816899
26.37278000000265,1.8904070469784686
26.38111000000265,2.0744385155353413
26.38944000000265,2.2400733848194947
26.39777000000265,2.3858310961485363
26.406100000002652,2.511122089033999
26.414430000002653,2.611439228704228
26.422760000002654,2.6977450974981525
26.431090000002655,2.7679157892121418
26.439420000002656,2.815749648460689
26.447750000002657,2.8409240522874346
26.456080000002657,2.83763311603763
26.46441000000266,2.8072028988751954
26.47274000000266,2.754571247593861
26.48107000000266,2.680148801102193
26.48940000000266,2.5867090325103717
26.49773000000266,2.4711496852483292
26.506060000002662,2.3399304902746403
26.514390000002663,2.1882178790567086
26.522720000002664,2.0211883865846145
26.531050000002665,1.8402276959214323
26.539380000002666,1.6429984202298638
26.547710000002667,1.4313964898704463
26.556040000002668,1.2061623780286908
26.56437000000267,0.9728784964907041
26.57270000000267,0.7384206348266312
26.58103000000267,0.5006502564090756
26.58936000000267,0.2610181608544987
26.59769000000267,0.02026976619052258
26.606020000002673,-0.21019405156550916
26.614350000002673,-0.4362649800955783
26.622680000002674,-0.6527344881173317
26.631010000002675,-0.860471332916727
26.639340000002676,-1.0589423469998327
26.647670000002677,-1.2467093937175502
26.656000000002678,-1.4183938464353478
26.66433000000268,-1.5712294227475871
26.67266000000268,-1.7066707037972653
26.68099000000268,-1.8284281512388172
26.68932000000268,-1.9339122578141876
26.69765000000268,-2.017915123175441
26.705980000002683,-2.0805202121334654
26.714310000002683,-2.121651325679007
26.722640000002684,-2.144165449434151
26.730970000002685,-2.1491296301438414
26.739300000002686,-2.1296807519428804
26.747630000002687,-2.096210049528375
26.755960000002688,-2.0471668199075546
26.76429000000269,-1.9844528300589563
26.77262000000269,-1.912037320969887
26.78095000000269,-1.8323918435160782
26.78928000000269,-1.7463830666288822
26.797610000002692,-1.6519668034595398
26.805940000002693,-1.5503967936006666
26.814270000002693,-1.4425773053903208
26.822600000002694,-1.3341613585453962
26.830930000002695,-1.2254390121639342
26.839260000002696,-1.1139682101296156
26.847590000002697,-1.0066725673454722
26.855920000002698,-0.9057558050041574
26.8642500000027,-0.8123582933163578
26.8725800000027,-0.7220313701774359
26.8809100000027,-0.6374541516647019
26.8892400000027,-0.5585805110824156
26.897570000002702,-0.48387693732023107
26.905900000002703,-0.41182015426895663
26.914230000002703,-0.3417662912583834
26.922560000002704,-0.2703853312746782
26.930890000002705,-0.19861420002390043
26.939220000002706,-0.12333902808597175
26.947550000002707,-0.04395731374528437
26.955880000002708,0.03621553131481527
26.96421000000271,0.11853097439229303
26.97254000000271,0.20630482495651362
26.98087000000271,0.29708366704499556
26.98920000000271,0.38923994589850536
26.997530000002712,0.484043991255638
27.005860000002713,0.5842901215073307
27.014190000002714,0.6907012010636189
27.022520000002714,0.8002001007965993
27.030850000002715,0.9101159599048017
27.039180000002716,1.0251366056420144
27.047510000002717,1.1421900537490457
27.055840000002718,1.2585017407817807
27.06417000000272,1.367930309080977
27.07250000000272,1.470489495425498
27.08083000000272,1.562932257349922
27.08916000000272,1.641787048978702
27.097490000002722,1.7080011370183001
27.105820000002723,1.7613015602688171
27.114150000002724,1.7954667154346398
27.122480000002724,1.8106794516183844
27.130810000002725,1.8076383592066778
27.139140000002726,1.7881632068881412
27.147470000002727,1.7505767694100929
27.155800000002728,1.6898594233844235
27.16413000000273,1.6051086869911106
27.17246000000273,1.5019135198588884
27.18079000000273,1.37799495122883
27.18912000000273,1.2370882408459074
27.197450000002732,1.0850091859009887
27.205780000002733,0.9174840848719997
27.214110000002734,0.738713354794091
27.222440000002734,0.5507344855029107
27.230770000002735,0.3553671086175396
27.239100000002736,0.1532995554770285
27.247430000002737,-0.05363900967164131
27.255760000002738,-0.26384435258690586
27.26409000000274,-0.46859026422072253
27.27242000000274,-0.6647988827947012
27.28075000000274,-0.8538942998513478
27.28908000000274,-1.0277628983428195
27.297410000002742,-1.183242521768108
27.305740000002743,-1.3199047576369083
27.314070000002744,-1.4318484010020471
27.322400000002744,-1.5198712063620676
27.330730000002745,-1.5832367954402298
27.339060000002746,-1.6227066194108368
27.347390000002747,-1.6330175257836947
27.355720000002748,-1.6154826261182056
27.36405000000275,-1.5708459939467778
27.37238000000275,-1.5049156477295629
27.38071000000275,-1.4193310021000467
27.38904000000275,-1.309428770277614
27.397370000002752,-1.1785618588430318
27.405700000002753,-1.0308022415490712
27.414030000002754,-0.8730521890084106
27.422360000002755,-0.7073318257092112
27.430690000002755,-0.5349770126478921
27.439020000002756,-0.35999489096564674
27.447350000002757,-0.18446346372923822
27.455680000002758,-0.019828798618016834
27.46401000000276,0.13331560666535733
27.47234000000276,0.27220037370354755
27.48067000000276,0.39888569655251477
27.48900000000276,0.5198740568494181
27.497330000002762,0.6318970985512754
27.505660000002763,0.7334093087688669
27.513990000002764,0.8214498859904141
27.522320000002765,0.8967518854468084
27.530650000002765,0.9620610152324691
27.538980000002766,1.0160762704471702
27.547310000002767,1.056703277127394
27.555640000002768,1.0762520282561563
27.56397000000277,1.076692785652245
27.57230000000277,1.058902984967762
27.58063000000277,1.0232642359902213
27.58896000000277,0.978408886116542
27.597290000002772,0.9205373129357703
27.605620000002773,0.8450960054239259
27.613950000002774,0.7500596739590571
27.622280000002775,0.6435835219068801
27.630610000002775,0.5287087123349691
27.638940000002776,0.4059768405750648
27.647270000002777,0.274880218731923
27.655600000002778,0.13489039129372937
27.66393000000278,-0.008543882665510072
27.67226000000278,-0.1553132143079721
27.68059000000278,-0.3040997272815884
27.68892000000278,-0.45123577121607017
27.697250000002782,-0.5984177568022869
27.705580000002783,-0.7429193481648424
27.713910000002784,-0.8764751329299022
27.722240000002785,-0.9960571779912641
27.730570000002785,-1.1047495315817941
27.738900000002786,-1.2021118445039736
27.747230000002787,-1.2878298881116885
27.755560000002788,-1.3581929644167579
27.76389000000279,-1.4111375851881585
27.77222000000279,-1.4458919079752126
27.78055000000279,-1.4644676468310445
27.78888000000279,-1.4679060063298444
27.797210000002792,-1.4505847499180466
27.805540000002793,-1.4100086991265839
27.813870000002794,-1.3461367812804135
27.822200000002795,-1.2632284675231613
27.830530000002796,-1.1644533938987827
27.838860000002796,-1.0453270555225471
27.847190000002797,-0.91277600564281
27.855520000002798,-0.7657826579814468
27.8638500000028,-0.6029269225785858
27.8721800000028,-0.42298408211112193
27.8805100000028,-0.2295638004139934
27.8888400000028,-0.028610714454216216
27.897170000002802,0.1804441677762974
27.905500000002803,0.39079002972893895
27.913830000002804,0.5989530410007232
27.922160000002805,0.8028328826803631
27.930490000002806,0.9957325633373213
27.938820000002806,1.1796192363686502
27.947150000002807,1.345007674268692
27.955480000002808,1.49431637261161
27.96381000000281,1.6337460566479571
27.97214000000281,1.7640744258288332
27.98047000000281,1.882792012520164
27.98880000000281,1.9846503720181936
27.997130000002812,2.0692073255507255
28.005460000002813,2.133676466686209
28.013790000002814,2.178688796392498
28.022120000002815,2.2044805949762725
28.030450000002816,2.207070534305957
28.038780000002816,2.1827768486900547
28.047110000002817,2.129786353519396
28.055440000002818,2.056314124714164
28.06377000000282,1.9617434593776581
28.07210000000282,1.8500576560248307
28.08043000000282,1.719270359064473
28.08876000000282,1.5636042181781746
28.097090000002822,1.385794453658542
28.105420000002823,1.1928069729991804
28.113750000002824,0.9894542434004012
28.122080000002825,0.7766586035287598
28.130410000002826,0.5570628736365812
28.138740000002826,0.33073863032930134
28.147070000002827,0.10159294110805213
28.155400000002828,-0.11560186486407052
28.16373000000283,-0.32415002716230495
28.17206000000283,-0.5231505611480989
28.18039000000283,-0.7115320457285617
28.18872000000283,-0.893585278238239
28.197050000002832,-1.057895332100042
28.205380000002833,-1.2015598025151777
28.213710000002834,-1.3263402777491116
28.222040000002835,-1.433612338479066
28.230370000002836,-1.5185775818037675
28.238700000002837,-1.5812518247236438
28.247030000002837,-1.6250658807068894
28.255360000002838,-1.6477029924373516
28.26369000000284,-1.6610449030795267
28.27202000000284,-1.6682999897900017
28.28035000000284,-1.666544377884901
28.28868000000284,-1.660948662487215
28.297010000002842,-1.6485798906970348
28.305340000002843,-1.634293044617424
28.313670000002844,-1.6168543800004296
28.322000000002845,-1.590903706425866
28.330330000002846,-1.5556303748209528
28.338660000002847,-1.5144683853383112
28.346990000002847,-1.4721353166209838
28.35532000000285,-1.4289015373694718
28.36365000000285,-1.3863547228604816
28.37198000000285,-1.344450099405854
28.38031000000285,-1.3075916413551554
28.38864000000285,-1.2748068683040719
28.396970000002852,-1.2443170163865693
28.405300000002853,-1.2142988877177066
28.413630000002854,-1.1758362866845686
28.421960000002855,-1.127162431932552
28.430290000002856,-1.07246870298998
28.438620000002857,-1.0131804191737823
28.446950000002857,-0.9444954696809404
28.45528000000286,-0.8609576382971853
28.46361000000286,-0.7604651687073118
28.47194000000286,-0.6500654240049408
28.48027000000286,-0.5346339259356278
28.48860000000286,-0.40855172109127363
28.496930000002862,-0.2701871563646562
28.505260000002863,-0.11573699122607176
28.513590000002864,0.053432571597746586
28.521920000002865,0.23086493972083105
28.530250000002866,0.41299091254891795
28.538580000002867,0.5985652126883129
28.546910000002867,0.7877550446901541
28.55524000000287,0.982556264302775
28.56357000000287,1.1800947355736333
28.57190000000287,1.3726613958249019
28.58023000000287,1.5561231023042612
28.58856000000287,1.7314349574897079
28.596890000002873,1.8989373924455666
28.605220000002873,2.0573174273015824
28.613550000002874,2.197636009579387
28.621880000002875,2.3182024534522756
28.630210000002876,2.419218862009995
28.638540000002877,2.4972729304083643
28.646870000002878,2.5521335132500336
28.65520000000288,2.5901611856761795
28.66353000000288,2.6099852758886475
28.67186000000288,2.609180723732704
28.68019000000288,2.5875095475854506
28.68852000000288,2.5427167300542157
28.696850000002883,2.479630503829198
28.705180000002883,2.3960802942771653
28.713510000002884,2.2849666542477305
28.721840000002885,2.15115752146898
28.730170000002886,1.996612642328566
28.738500000002887,1.8170047340929054
28.746830000002888,1.6153271303254515
28.75516000000289,1.39855567350561
28.76349000000289,1.1662290102639896
28.77182000000289,0.9235519231324395
28.78015000000289,0.6713168549661305
28.78848000000289,0.4081437378330123
28.796810000002893,0.14554337949587123
28.805140000002893,-0.12027553408325246
28.813470000002894,-0.39032952888894606
28.821800000002895,-0.6598620372774042
28.830130000002896,-0.9252001910769467
28.838460000002897,-1.186059026298919
28.846790000002898,-1.4382728729788365
28.8551200000029,-1.6754055439364328
28.8634500000029,-1.894549389348862
28.8717800000029,-2.0905394688907784
28.8801100000029,-2.2661122940972245
28.888440000002902,-2.4203194907347956
28.896770000002903,-2.547028284258775
28.905100000002903,-2.6501221124537686
28.913430000002904,-2.7289376662731164
28.921760000002905,-2.7851336275097616
28.930090000002906,-2.8151862404034222
28.938420000002907,-2.816145762610012
28.946750000002908,-2.7902404166566117
28.95508000000291,-2.740105586264174
28.96341000000291,-2.664999537335986
28.97174000000291,-2.562790633532376
28.98007000000291,-2.4381624234525954
28.988400000002912,-2.2950183786069718
28.996730000002913,-2.1293976196165048
29.005060000002914,-1.9401953739730704
29.013390000002914,-1.7348544542659
29.021720000002915,-1.516122713947751
29.030050000002916,-1.2824331015298804
29.038380000002917,-1.037843300540402
29.046710000002918,-0.7850287979493861
29.05504000000292,-0.5314021119296126
29.06337000000292,-0.2783363185762091
29.07170000000292,-0.02554129411910719
29.08003000000292,0.2225199295774772
29.088360000002922,0.4621681044948657
29.096690000002923,0.6941524500606393
29.105020000002924,0.9167558685893272
29.113350000002924,1.1234748152162843
29.121680000002925,1.3159979580378443
29.130010000002926,1.491324049892082
29.138340000002927,1.6473597798864663
29.146670000002928,1.7862676746774289
29.15500000000293,1.9070969975667758
29.16333000000293,2.009653072697816
29.17166000000293,2.096363869586109
29.17999000000293,2.16562096529025
29.188320000002932,2.2135880113656703
29.196650000002933,2.2395132069289327
29.204980000002934,2.246074998858277
29.213310000002934,2.2304709047855464
29.221640000002935,2.190451253487484
29.229970000002936,2.122986409805553
29.238300000002937,2.0328252127069923
29.246630000002938,1.9197592153064615
29.25496000000294,1.7856041674349008
29.26329000000294,1.6289638222404585
29.27162000000294,1.45187439671335
29.27995000000294,1.262090768064074
29.288280000002942,1.0606699476715664
29.296610000002943,0.8540261808441415
29.304940000002944,0.647447945866459
29.313270000002944,0.43993308472053483
29.321600000002945,0.23561601150923395
29.329930000002946,0.03782730565866026
29.338260000002947,-0.14506817287422452
29.346590000002948,-0.31107346695481397
29.35492000000295,-0.4627862581964674
29.36325000000295,-0.5971880221709956
29.37158000000295,-0.7098729321006247
29.37991000000295,-0.7929753464702386
29.388240000002952,-0.8501224763834397
29.396570000002953,-0.8807905539244956
29.404900000002954,-0.887686954005043
29.413230000002955,-0.8709730547987161
29.421560000002955,-0.8313090068892137
29.429890000002956,-0.7757603097576501
29.438220000002957,-0.7048007020091137
29.446550000002958,-0.6233519670337699
29.45488000000296,-0.5376456444381651
29.46321000000296,-0.4489815782120567
29.47154000000296,-0.3615337418362104
29.47987000000296,-0.27693883040849454
29.488200000002962,-0.19505210738648981
29.496530000002963,-0.11521190991948332
29.504860000002964,-0.038050047827386746
29.513190000002965,0.03654424733996179
29.521520000002965,0.10468279004956353
29.529850000002966,0.1618822811491673
29.538180000002967,0.20998302718222978
29.546510000002968,0.2490472776122482
29.55484000000297,0.2770116746612775
29.56317000000297,0.29018472577923954
29.57150000000297,0.288045345009367
29.57983000000297,0.27512148425428395
29.588160000002972,0.2560371283846005
29.596490000002973,0.23188469760445143
29.604820000002974,0.2046450187809621
29.613150000002975,0.17006508192517675
29.621480000002975,0.12893809088609465
29.629810000002976,0.08268669943343109
29.638140000002977,0.031832004549225905
29.646470000002978,-0.019484800462811765
29.65480000000298,-0.07037622628842657
29.66313000000298,-0.12094132311917419
29.67146000000298,-0.16861871436334788
29.67979000000298,-0.21227594150155116
29.688120000002982,-0.2532027241353479
29.696450000002983,-0.2889616652212689
29.704780000002984,-0.31750926761796155
29.713110000002985,-0.3448739915890223
29.721440000002985,-0.3667587869073169
29.729770000002986,-0.380454908216736
29.738100000002987,-0.3873571197964975
29.746430000002988,-0.3849404927681142
29.75476000000299,-0.37430857122918665
29.76309000000299,-0.3575248689190367
29.77142000000299,-0.33735190836032974
29.77975000000299,-0.31627476941686944
29.788080000002992,-0.2946584064207431
29.796410000002993,-0.27218685609172805
29.804740000002994,-0.25070442950643207
29.813070000002995,-0.2318951697426331
29.821400000002996,-0.21267489789485303
29.829730000002996,-0.19324639463749854
29.838060000002997,-0.17702228628523953
29.846390000002998,-0.16273082393660032
29.854720000003,-0.1527919369527154
29.863050000003,-0.15074468772691646
29.871380000003,-0.1569050782885029
29.879710000003,-0.16948131083597764
29.888040000003002,-0.18539657966103193
29.896370000003003,-0.20671257123257886
29.904700000003004,-0.23518004660138617
29.913030000003005,-0.26897092035012826
29.921360000003006,-0.30624281242487134
29.929690000003006,-0.343435761896295
29.938020000003007,-0.3793981827116669
29.946350000003008,-0.41544449315701565
29.95468000000301,-0.45283509184958204
29.96301000000301,-0.4894994265726445
29.97134000000301,-0.5231975787545716
29.97967000000301,-0.5525103796806835
29.988000000003012,-0.5783333422548377
29.996330000003013,-0.5999372848786361
30.004660000003014,-0.6154883522089556
30.012990000003015,-0.6210744613529389
30.021320000003016,-0.6143183108130964
30.029650000003016,-0.5931352566012703
30.037980000003017,-0.557922950504013
30.046310000003018,-0.508482853924061
30.05464000000302,-0.44477074189506943
30.06297000000302,-0.36969298724590643
30.07130000000302,-0.2861861718455887
30.07963000000302,-0.19410609961424263
30.087960000003022,-0.09523560373853793
30.096290000003023,0.012308581166265313
30.104620000003024,0.126654612164959
30.112950000003025,0.24667854151725424
30.121280000003026,0.3704146531200243
30.129610000003026,0.49538087610060016
30.137940000003027,0.6209324586116356
30.146270000003028,0.7454341742545825
30.15460000000303,0.8662237719887087
30.16293000000303,0.9789665911507733
30.17126000000303,1.0820665461172976
30.17959000000303,1.1788021061900646
30.187920000003032,1.2693774840108827
30.196250000003033,1.3524065821118867
30.204580000003034,1.4259674720787439
30.212910000003035,1.4890495011691414
30.221240000003036,1.540698237659779
30.229570000003037,1.5823585660404473
30.237900000003037,1.6137616686100265
30.246230000003038,1.6344901891241923
30.25456000000304,1.6454662550686519
30.26289000000304,1.6415363565980585
30.27122000000304,1.6228837134507426
30.27955000000304,1.5897817161349825
30.287880000003042,1.5386979641487692
30.296210000003043,1.472517306628125
30.304540000003044,1.3889931496731016
30.312870000003045,1.289507649114267
30.321200000003046,1.1731773007234154
30.329530000003047,1.0389863244170323
30.337860000003047,0.8899116680793717
30.34619000000305,0.7254180184983345
30.35452000000305,0.548333294288739
30.36285000000305,0.35856206627862885
30.37118000000305,0.15773167957810766
30.37951000000305,-0.05272202781034541
30.387840000003052,-0.27191169161886497
30.396170000003053,-0.4922585883088139
30.404500000003054,-0.7160651375444249
30.412830000003055,-0.9415986559262095
30.421160000003056,-1.172854729700621
30.429490000003057,-1.4074516819895666
30.437820000003057,-1.6366921393365939
30.44615000000306,-1.8603044086767622
30.45448000000306,-2.072217583656758
30.46281000000306,-2.2690900869377613
30.47114000000306,-2.44701545696405
30.47947000000306,-2.6014531369610228
30.487800000003062,-2.73161702792609
30.496130000003063,-2.833512210850196
30.504460000003064,-2.907222340453736
30.512790000003065,-2.9536009643127863
30.521120000003066,-2.9713535209651525
30.529450000003067,-2.950865872458908
30.537780000003067,-2.888676720478794
30.54611000000307,-2.786073234330096
30.55444000000307,-2.63820415664456
30.56277000000307,-2.4433394204440493
30.57110000000307,-2.208991878896808
30.57943000000307,-1.94109052043838
30.587760000003072,-1.6461501897835724
30.596090000003073,-1.3356627399307075
30.604420000003074,-1.0161523950957911
30.612750000003075,-0.6992232766184787
30.621080000003076,-0.38254361894578187
30.629410000003077,-0.05978986224023638
30.637740000003078,0.2600988550033298
30.64607000000308,0.5658793237872852
30.65440000000308,0.85648648044277
30.66273000000308,1.1348971539030839
30.67106000000308,1.3969371069693586
30.67939000000308,1.6429259823852531
30.687720000003083,1.8689961914808233
30.696050000003083,2.0695820755668923
30.704380000003084,2.246390791703724
30.712710000003085,2.39807422055183
30.721040000003086,2.531695355183522
30.729370000003087,2.6508611415439254
30.737700000003088,2.746795076298898
30.74603000000309,2.812625233449895
30.75436000000309,2.854023303620268
30.76269000000309,2.8733246169006423
30.77102000000309,2.866280632388347
30.77935000000309,2.8317989049272865
30.787680000003093,2.7674051002240114
30.796010000003093,2.6774597018884725
30.804340000003094,2.562731205331181
30.812670000003095,2.4241851360038202
30.821000000003096,2.265631156954806
30.829330000003097,2.093093486513997
30.837660000003098,1.9135956865437556
30.8459900000031,1.7269022523207564
30.8543200000031,1.5318259068862687
30.8626500000031,1.3271856702029352
30.8709800000031,1.1194285691089763
30.879310000003102,0.9152837394054755
30.887640000003103,0.7137881128809707
30.895970000003103,0.5168274496835885
30.904300000003104,0.32206273026518584
30.912630000003105,0.13387329765072586
30.920960000003106,-0.04128788685791572
30.929290000003107,-0.2004065595331247
30.937620000003108,-0.3428607728383648
30.94595000000311,-0.47506764388681894
30.95428000000311,-0.5989044423441644
30.96261000000311,-0.7133618989429494
30.97094000000311,-0.8149010215271111
30.979270000003112,-0.9042494242481566
30.987600000003113,-0.987525041479651
30.995930000003113,-1.0672552868496767
31.004260000003114,-1.143569615781489
31.012590000003115,-1.2107857133493238
31.020920000003116,-1.2684402749763208
31.029250000003117,-1.320629590810153
31.037580000003118,-1.36730928888545
31.04591000000312,-1.407131113787121
31.05424000000312,-1.4417265335339258
31.06257000000312,-1.473895319542483
31.07090000000312,-1.4999546923435096
31.079230000003122,-1.519057045656428
31.087560000003123,-1.5337407804896255
31.095890000003124,-1.5436546036446213
31.104220000003124,-1.5484542974330044
31.112550000003125,-1.5466346129774275
31.120880000003126,-1.5406882541864433
31.129210000003127,-1.5323772306883339
31.137540000003128,-1.516121029147833
31.14587000000313,-1.4907236201699354
31.15420000000313,-1.4585394703007941
31.16253000000313,-1.4201131055978784
31.17086000000313,-1.375265505394411
31.179190000003132,-1.3234621116396292
31.187520000003133,-1.2636285553685114
31.195850000003134,-1.1934639820024773
31.204180000003134,-1.1100725320761973
31.212510000003135,-1.0161929907952285
31.220840000003136,-0.9147564029676887
31.229170000003137,-0.8044325771767594
31.237500000003138,-0.6847866225975678
31.24583000000314,-0.5610082662080029
31.25416000000314,-0.43649459816691816
31.26249000000314,-0.30962700575655944
31.27082000000314,-0.181762262680467
31.279150000003142,-0.05158937637854804
31.287480000003143,0.07940789833300294
31.295810000003144,0.20723310799857206
31.304140000003144,0.3336724383831258
31.312470000003145,0.45550529457159583
31.320800000003146,0.5725728123085055
31.329130000003147,0.6868090623187751
31.337460000003148,0.7920984204956112
31.34579000000315,0.8853330092861047
31.35412000000315,0.9724526770635202
31.36245000000315,1.0584240941051057
31.37078000000315,1.138492212334136
31.379110000003152,1.209560905055428
31.387440000003153,1.267950581665273
31.395770000003154,1.3108793655662765
31.404100000003154,1.341973380898368
31.412430000003155,1.363939320395958
31.420760000003156,1.378650737859468
31.429090000003157,1.3830628601344488
31.437420000003158,1.3712295467407891
31.44575000000316,1.3467694467985318
31.45408000000316,1.3152421783640984
31.46241000000316,1.2757405182229544
31.47074000000316,1.2253709981543226
31.479070000003162,1.1623779901169993
31.487400000003163,1.0891571573445122
31.495730000003164,1.0103369108601439
31.504060000003165,0.9274578942546441
31.512390000003165,0.8406289022447809
31.520720000003166,0.7491698133285042
31.529050000003167,0.6485234923402702
31.537380000003168,0.5370313858989947
31.54571000000317,0.42242661050550084
31.55404000000317,0.30271972850206386
31.56237000000317,0.17369864698190543
31.57070000000317,0.038628473564015414
31.579030000003172,-0.10199049509751291
31.587360000003173,-0.24390660805528697
31.595690000003174,-0.3857451469261991
31.604020000003175,-0.5269413291110346
31.612350000003175,-0.6662427729482774
31.620680000003176,-0.8021284440014471
31.629010000003177,-0.931526103791072
31.637340000003178,-1.0505788713926292
31.64567000000318,-1.1529618625739015
31.65400000000318,-1.2407302279435939
31.66233000000318,-1.309905038450108
31.67066000000318,-1.354910999794886
31.678990000003182,-1.3790676094987255
31.687320000003183,-1.3814900277470132
31.695650000003184,-1.3626726220779593
31.703980000003185,-1.3177084552469094
31.712310000003185,-1.2443007544715672
31.720640000003186,-1.1428715830720364
31.728970000003187,-1.0147512253801776
31.737300000003188,-0.8652991701656745
31.74563000000319,-0.7006029931065038
31.75396000000319,-0.5234122174819671
31.76229000000319,-0.3315909882441968
31.77062000000319,-0.13417063077493568
31.778950000003192,0.05686988736235557
31.787280000003193,0.23820586283446213
31.795610000003194,0.39467675401910174
31.803940000003195,0.5512937475236858
31.812270000003195,0.7220969237991416
31.820600000003196,0.8750065092431801
31.828930000003197,1.010593423876874
31.837260000003198,1.1266295763133385
31.8455900000032,1.2214903499278549
31.8539200000032,1.2987694651621513
31.8622500000032,1.361880325133791
31.8705800000032,1.4018486557393457
31.878910000003202,1.4146001841245355
31.887240000003203,1.4023306111192022
31.895570000003204,1.3622616324316759
31.903900000003205,1.3202079109057252
31.912230000003206,1.2707058819854196
31.920560000003206,1.187261881049415
31.928890000003207,1.087865557362399
31.937220000003208,0.9693740160096169
31.94555000000321,0.8334020294274694
31.95388000000321,0.6823334677125621
31.96221000000321,0.5168534617406882
31.97054000000321,0.3398156973542837
31.978870000003212,0.15546381161178072
31.987200000003213,-0.035408509167341604
31.995530000003214,-0.23250318797376224
32.003860000003215,-0.43151162601882415
32.012190000003216,-0.6279182891875057
32.020520000003216,-0.8175183458689516
32.02885000000322,-0.9972511168653367
32.03718000000322,-1.1657294671359024
32.04551000000322,-1.3162618005003006
32.05384000000322,-1.4455855311969064
32.06217000000322,-1.5509144261147019
32.07050000000322,-1.6294003463853315
32.07883000000322,-1.6840482879758998
32.08716000000322,-1.7148183312588527
32.095490000003224,-1.71432804510762
32.103820000003225,-1.681994021557033
32.112150000003226,-1.6215415155700645
32.12048000000323,-1.533212248394183
32.12881000000323,-1.4194325196632744
32.13714000000323,-1.2819535201791132
32.14547000000323,-1.1226296668362499
32.15380000000323,-0.9462961715831605
32.16213000000323,-0.7586294417911207
32.17046000000323,-0.5643602846265047
32.17879000000323,-0.3672553912124768
32.18712000000323,-0.17454215515646418
32.195450000003234,0.01697178289096211
32.203780000003235,0.2106116112249485
32.212110000003236,0.39770924909059596
32.22044000000324,0.5725409181537977
32.22877000000324,0.7352297536814758
32.23710000000324,0.8880546137370338
32.24543000000324,1.0292196649085628
32.25376000000324,1.1597329572006811
32.26209000000324,1.278620795152108
32.27042000000324,1.386457241270252
32.27875000000324,1.4819067313033332
32.28708000000324,1.5582130937974106
32.295410000003244,1.6214493350272747
32.303740000003245,1.6758079646553379
32.312070000003246,1.7138535388145895
32.32040000000325,1.7343210548206127
32.32873000000325,1.73980640430572
32.33706000000325,1.7308734168024356
32.34539000000325,1.7086586499027638
32.35372000000325,1.6727477240104274
32.36205000000325,1.623080175646677
32.37038000000325,1.561680765005051
32.37871000000325,1.4888788430940645
32.38704000000325,1.4069952956220138
32.395370000003254,1.3172903384557022
32.403700000003255,1.2177095567276743
32.412030000003256,1.11088416440309
32.42036000000326,0.9979040993614742
32.42869000000326,0.8771370080677535
32.43702000000326,0.7500111449579336
32.44535000000326,0.620433295763557
32.45368000000326,0.48535223407148226
32.46201000000326,0.348111316451149
32.47034000000326,0.21116699686886967
32.47867000000326,0.07473047063029158
32.48700000000326,-0.058710255750302316
32.495330000003264,-0.1924267517153452
32.503660000003265,-0.3303534680960933
32.511990000003266,-0.4690411191910217
32.52032000000327,-0.6045076485792672
32.52865000000327,-0.7356886621997019
32.53698000000327,-0.8623288972965979
32.54531000000327,-0.9824074717580903
32.55364000000327,-1.098365978289165
32.56197000000327,-1.2101490641752979
32.57030000000327,-1.314390125121584
32.57863000000327,-1.4102146927735224
32.58696000000327,-1.4979217695411566
32.595290000003274,-1.5784410427838433
32.603620000003275,-1.6502853418289452
32.611950000003276,-1.7113960567729325
32.62028000000328,-1.7601162326796356
32.62861000000328,-1.7975403631774969
32.63694000000328,-1.8238758029847568
32.64527000000328,-1.8364473738736316
32.65360000000328,-1.8390801026925956
32.66193000000328,-1.8314760488531125
32.67026000000328,-1.8092320534615527
32.67859000000328,-1.7765825240171156
32.68692000000328,-1.7341470997718607
32.695250000003284,-1.6794762234316192
32.703580000003285,-1.6141799383465374
32.711910000003286,-1.5433418378819916
32.72024000000329,-1.4702507453215548
32.72857000000329,-1.3924814745418197
32.73690000000329,-1.3061723113130306
32.74523000000329,-1.2125199777272502
32.75356000000329,-1.1169606489651518
32.76189000000329,-1.017040674360402
32.77022000000329,-0.9149386611424849
32.77855000000329,-0.8146887309285885
32.78688000000329,-0.7110841250347778
32.795210000003294,-0.6016326919818896
32.803540000003295,-0.4894250365969051
32.811870000003296,-0.37473659595904724
32.8202000000033,-0.25831018706210057
32.8285300000033,-0.13732617679771933
32.8368600000033,-0.008482347848077026
32.8451900000033,0.12497378846201308
32.8535200000033,0.26068583731347345
32.8618500000033,0.39849085950377316
32.8701800000033,0.5380950082164656
32.8785100000033,0.6820706276140075
32.8868400000033,0.8336136131119499
32.895170000003304,0.9901373560025735
32.903500000003305,1.1492802440510403
32.911830000003306,1.3119248245181176
32.92016000000331,1.4720978131877391
32.92849000000331,1.6273455604511318
32.93682000000331,1.7767029740719837
32.94515000000331,1.9152575817834052
32.95348000000331,2.040170715093369
32.96181000000331,2.1508020545108186
32.97014000000331,2.246972274019294
32.97847000000331,2.32764562623098
32.98680000000331,2.3893985658240613
32.995130000003314,2.4294417719397376
33.003460000003315,2.4506784824582306
33.011790000003316,2.4543598487130396
33.02012000000332,2.4363406539015005
33.02845000000332,2.3960492394359796
33.03678000000332,2.3294229516135467
33.04511000000332,2.2378145106521683
33.05344000000332,2.126562055161979
33.06177000000332,1.9947594337733685
33.07010000000332,1.8375509727687065
33.07843000000332,1.6561249082730811
33.08676000000332,1.4518065366951682
33.095090000003324,1.2227570045391338
33.103420000003325,0.9708071863444772
33.111750000003326,0.7116061504022232
33.12008000000333,0.44009661539493883
33.12841000000333,0.15677544596581258
33.13674000000333,-0.13033687594702573
33.14507000000333,-0.4200326709792947
33.15340000000333,-0.7055673899680789
33.16173000000333,-0.9875862123798295
33.17006000000333,-1.2620385682342266
33.17839000000333,-1.5208837567647713
33.186720000003334,-1.7617604692820996
33.195050000003334,-1.984388202857017
33.203380000003335,-2.1861674962381494
33.211710000003336,-2.353713437031047
33.22004000000334,-2.498767137754267
33.22837000000334,-2.617416342477666
33.23670000000334,-2.7043522476989077
33.24503000000334,-2.761989630632017
33.25336000000334,-2.7847705438411983
33.26169000000334,-2.7725222454929552
33.27002000000334,-2.7206576180536053
33.27835000000334,-2.631808242554975
33.286680000003344,-2.504872915691575
33.295010000003344,-2.3422903430561615
33.303340000003345,-2.1544381567889537
33.311670000003346,-1.9445359675001488
33.32000000000335,-1.7205389625981748
33.32833000000335,-1.4875882470701438
33.33666000000335,-1.252402999818932
33.34499000000335,-1.0138364675568534
33.35332000000335,-0.7730562317540695
33.36165000000335,-0.535890445559917
33.36998000000335,-0.30365360123986485
33.37831000000335,-0.08203436916927753
33.386640000003354,0.1312756281920135
33.394970000003354,0.33658388188237964
33.403300000003355,0.5300436694126017
33.411630000003356,0.7111860314252187
33.41996000000336,0.875430413343738
33.42829000000336,1.0221471578393082
33.43662000000336,1.1516303409668773
33.44495000000336,1.2667746057919063
33.45328000000336,1.370082902272261
33.46161000000336,1.4565097871103851
33.46994000000336,1.524373665541297
33.47827000000336,1.5723792584388472
33.486600000003364,1.602811493438299
33.494930000003365,1.6195955320577018
33.503260000003365,1.620731224786648
33.511590000003366,1.6036756431215329
33.51992000000337,1.564215244446158
33.52825000000337,1.5054438707327062
33.53658000000337,1.436784259500916
33.54491000000337,1.3597954861569923
33.55324000000337,1.2720621270241887
33.56157000000337,1.1732009178722922
33.56990000000337,1.0655933795841799
33.57823000000337,0.9516328159963444
33.586560000003374,0.8356812804953929
33.594890000003375,0.7214117930848928
33.603220000003375,0.608123758040852
33.611550000003376,0.4941314602984466
33.61988000000338,0.3772237240704794
33.62821000000338,0.2642651077627073
33.63654000000338,0.16358628498049188
33.64487000000338,0.0705095069274094
33.65320000000338,-0.02001219804015908
33.66153000000338,-0.10535226243033231
33.66986000000338,-0.1861100198044939
33.67819000000338,-0.2608617851578133
33.686520000003384,-0.3267542414606883
33.694850000003385,-0.3845127199053447
33.703180000003385,-0.4346330836991068
33.711510000003386,-0.4774733749046809
33.71984000000339,-0.5118964850927844
33.72817000000339,-0.5352326916757304
33.73650000000339,-0.5500206292170474
33.74483000000339,-0.5567115737578143
33.75316000000339,-0.5578455155388259
33.76149000000339,-0.5534361472994351
33.76982000000339,-0.5418966844390217
33.77815000000339,-0.5266088361674514
33.786480000003394,-0.5078080275128014
33.794810000003395,-0.48416437695560216
33.803140000003395,-0.4555557809356974
33.811470000003396,-0.41978420194034666
33.8198000000034,-0.37783008510088417
33.8281300000034,-0.333085876090047
33.8364600000034,-0.285206813828947
33.8447900000034,-0.23161431075847064
33.8531200000034,-0.1762456714922346
33.8614500000034,-0.1229378622052668
33.8697800000034,-0.07274687784209859
33.8781100000034,-0.02972376944938409
33.886440000003404,0.012030536528683501
33.894770000003405,0.05167947768805845
33.903100000003406,0.08634062897687568
33.911430000003406,0.11969865081446084
33.91976000000341,0.14747042125930432
33.92809000000341,0.1718552565239721
33.93642000000341,0.19188877918005975
33.94475000000341,0.20536697409267846
33.95308000000341,0.21287243872011324
33.96141000000341,0.20855153520027725
33.96974000000341,0.1922407103453509
33.97807000000341,0.1665601321237242
33.986400000003414,0.13530236566529982
33.994730000003415,0.09125685104278708
34.003060000003416,0.038661158695568465
34.011390000003416,-0.015368763343300475
34.01972000000342,-0.07310273649894224
34.02805000000342,-0.13001776642605606
34.03638000000342,-0.18670637666285822
34.04471000000342,-0.23844194072263847
34.05304000000342,-0.2835689894997363
34.06137000000342,-0.3271756439729672
34.06970000000342,-0.36720508669813634
34.07803000000342,-0.4017746823392344
34.086360000003424,-0.42967253233074504
34.094690000003425,-0.4550346730496773
34.103020000003426,-0.4724213093782523
34.111350000003426,-0.47944353766000536
34.11968000000343,-0.47921156246280466
34.12801000000343,-0.47098410404817115
34.13634000000343,-0.45615763945694704
34.14467000000343,-0.43316184411910225
34.15300000000343,-0.4050969958662991
34.16133000000343,-0.3747382644890233
34.16966000000343,-0.34364009877975216
34.17799000000343,-0.31501307633658987
34.186320000003434,-0.2900921348793729
34.194650000003435,-0.2701001627543357
34.202980000003436,-0.2546634344223132
34.21131000000344,-0.2441985704898925
34.21964000000344,-0.23838931214558517
34.22797000000344,-0.23546029880146782
34.23630000000344,-0.2335872004922303
34.24463000000344,-0.23448002702030438
34.25296000000344,-0.23876595321732474
34.26129000000344,-0.24690452914274985
34.26962000000344,-0.26089856312089593
34.27795000000344,-0.2815215745648458
34.286280000003444,-0.31149334014217944
34.294610000003445,-0.34869669205288606
34.302940000003446,-0.39091272164706664
34.31127000000345,-0.4387023928657664
34.31960000000345,-0.4879005402873524
34.32793000000345,-0.5346065250061897
34.33626000000345,-0.5766229947005245
34.34459000000345,-0.6153179835084023
34.35292000000345,-0.6462663160959516
34.36125000000345,-0.6642345513181407
34.36958000000345,-0.6682339080170343
34.37791000000345,-0.6549101216020327
34.386240000003454,-0.62717130890945
34.394570000003455,-0.5857067199268198
34.402900000003456,-0.5284944361158714
34.41123000000346,-0.45666798075073284
34.41956000000346,-0.36337942541110374
34.42789000000346,-0.25230664389493
34.43622000000346,-0.1255317264218152
34.44455000000346,0.015885775101816206
34.45288000000346,0.1693130700045536
34.46121000000346,0.3340669452665853
34.46954000000346,0.5056885708772866
34.47787000000346,0.6867316941120005
34.486200000003464,0.8683357265006099
34.494530000003465,1.0437993169816655
34.502860000003466,1.2133174358190824
34.51119000000347,1.3738539544077735
34.51952000000347,1.527315384552552
34.52785000000347,1.6651869441398521
34.53618000000347,1.7877266211117915
34.54451000000347,1.892880931517943
34.55284000000347,1.9788791546908795
34.56117000000347,2.047784671395781
34.56950000000347,2.0976981259628005
34.57783000000347,2.129574495226114
34.586160000003474,2.1375080761047087
34.594490000003475,2.1205619804923557
34.602820000003476,2.0824137398625484
34.61115000000348,2.0217330022743507
34.61948000000348,1.9353576220102033
34.62781000000348,1.81989917316883
34.63614000000348,1.6822082523682695
34.64447000000348,1.5242722519197764
34.65280000000348,1.3420542504813542
34.66113000000348,1.1450718451120476
34.66946000000348,0.9337109158259581
34.67779000000348,0.7056332143899281
34.686120000003484,0.4632085191070154
34.694450000003485,0.2110757949275361
34.702780000003486,-0.040600377452570564
34.71111000000349,-0.2984792847447233
34.71944000000349,-0.5624516694811006
34.72777000000349,-0.8298113106688747
34.73610000000349,-1.0894613046548773
34.74443000000349,-1.3370440279831435
34.75276000000349,-1.5778176500910484
34.76109000000349,-1.798102094052246
34.76942000000349,-1.9979989424153244
34.77775000000349,-2.1770053854927536
34.786080000003494,-2.32988397219655
34.794410000003495,-2.459312697396885
34.802740000003496,-2.5619624333534694
34.8110700000035,-2.6435034552175236
34.8194000000035,-2.700480789563592
34.8277300000035,-2.733963708137332
34.8360600000035,-2.740235950476417
34.8443900000035,-2.7175453727835652
34.8527200000035,-2.6669625197828095
34.8610500000035,-2.587362689000147
34.8693800000035,-2.478823508593623
34.8777100000035,-2.341667441527011
34.886040000003504,-2.1815704451518685
34.894370000003505,-2.0109200679218486
34.902700000003506,-1.8261565798322428
34.91103000000351,-1.6292512353046387
34.91936000000351,-1.4253179873805701
34.92769000000351,-1.2095544676449563
34.93602000000351,-0.9850956820362208
34.94435000000351,-0.7585320789343871
34.95268000000351,-0.5237380018379963
34.96101000000351,-0.29052659186025687
34.96934000000351,-0.05935318913042461
34.97767000000351,0.16935093180631522
34.986000000003514,0.3929369666763992
34.994330000003515,0.6090546916360535
35.002660000003516,0.8169660902658827
35.01099000000352,1.0181513532587634
35.01932000000352,1.2103910228560808
35.02765000000352,1.3981450946237517
35.03598000000352,1.571509733322651
35.04431000000352,1.727700469514173
35.05264000000352,1.8726026713323196
35.06097000000352,1.9988852227320055
35.06930000000352,2.1074250146683435
35.07763000000352,2.199130177072719
35.085960000003524,2.276270792311323
35.094290000003525,2.339734840736974
35.102620000003526,2.3754878474522854
35.11095000000353,2.38969749051155
35.11928000000353,2.3827902293407335
35.12761000000353,2.356437063790712
35.13594000000353,2.30795585571384
35.14427000000353,2.2380090629955474
35.15260000000353,2.140450451145829
35.16093000000353,2.022052873068235
35.16926000000353,1.8885603399387516
35.17759000000353,1.7421607347676438
35.185920000003534,1.584056338972613
35.194250000003535,1.4130412398703198
35.202580000003536,1.2255592583389203
35.21091000000354,1.0292601479095402
35.21924000000354,0.8331656595894049
35.22757000000354,0.6408102233512432
35.23590000000354,0.44906705985397344
35.24423000000354,0.2597751700435308
35.25256000000354,0.07159220135920094
35.26089000000354,-0.10745625544788569
35.26922000000354,-0.2697469169384548
35.277550000003544,-0.4173193212018116
35.285880000003544,-0.5509769089356904
35.294210000003545,-0.6702636735609531
35.302540000003546,-0.7767924176779746
35.31087000000355,-0.8735083127142697
35.31920000000355,-0.954419725977871
35.32753000000355,-1.0206912233475682
35.33586000000355,-1.0785427387116182
35.34419000000355,-1.1262168949568871
35.35252000000355,-1.1665476946883195
35.36085000000355,-1.2011961126143593
35.36918000000355,-1.2268578742638558
35.377510000003554,-1.246110282009791
35.385840000003554,-1.258745475380804
35.394170000003555,-1.2663779816042284
35.402500000003556,-1.2717433340813211
35.41083000000356,-1.2727995524794462
35.41916000000356,-1.267696321569528
35.42749000000356,-1.258477599133889
35.43582000000356,-1.2491084726323536
35.44415000000356,-1.2387972049838207
35.45248000000356,-1.2248686905678687
35.46081000000356,-1.2096014781627809
35.46914000000356,-1.1966320854106025
35.477470000003564,-1.1871191982399283
35.485800000003564,-1.178966018114712
35.494130000003565,-1.1707376548590107
35.502460000003566,-1.1582268936148916
35.51079000000357,-1.1409515658616143
35.51912000000357,-1.1183597441494624
35.52745000000357,-1.0922987676759943
35.53578000000357,-1.0643635295672118
35.54411000000357,-1.032056690043676
35.55244000000357,-0.9897257626261784
35.56077000000357,-0.9360099638696733
35.56910000000357,-0.8715044175581309
35.577430000003574,-0.7983000600299849
35.585760000003575,-0.714702124087779
35.594090000003575,-0.6204625878730246
35.602420000003576,-0.5115983751160041
35.61075000000358,-0.3936372970205683
35.61908000000358,-0.2640201498278812
35.62741000000358,-0.12194425987731389
35.63574000000358,0.02372128102140775
35.64407000000358,0.1707848808634693
35.65240000000358,0.321508667625972
35.66073000000358,0.474373803910214
35.66906000000358,0.6269633257128053
35.677390000003584,0.7746007955140229
35.685720000003585,0.9141803665841159
35.694050000003585,1.0430365956411698
35.702380000003586,1.1616942402079555
35.71071000000359,1.2657779717805608
35.71904000000359,1.3623218747955321
35.72737000000359,1.4506485166884302
35.73570000000359,1.5228518972432075
35.74403000000359,1.5778468522107048
35.75236000000359,1.61874594745908
35.76069000000359,1.6418027588015838
35.76902000000359,1.6503410168568673
35.777350000003594,1.6388393592146084
35.785680000003595,1.6059595679477445
35.794010000003595,1.552185973588131
35.802340000003596,1.4773076474421896
35.8106700000036,1.3851212783545799
35.8190000000036,1.2756220035401051
35.8273300000036,1.15225203273743
35.8356600000036,1.0117587184855041
35.8439900000036,0.8593910632932104
35.8523200000036,0.6879456178579866
35.8606500000036,0.5089687268150638
35.8689800000036,0.32934232387417
35.877310000003604,0.1446407050714877
35.885640000003605,-0.03862568403387557
35.893970000003605,-0.21903806492109695
35.902300000003606,-0.3901555359642498
35.91063000000361,-0.5490517857979467
35.91896000000361,-0.697442215381196
35.92729000000361,-0.8280343511590228
35.93562000000361,-0.9441440192255488
35.94395000000361,-1.039876164341394
35.95228000000361,-1.121999998066489
35.96061000000361,-1.176264813701804
35.96894000000361,-1.209889204154603
35.977270000003614,-1.2257883263686318
35.985600000003615,-1.2216044914673245
35.993930000003616,-1.1993980588958588
36.002260000003616,-1.1546414704792456
36.01059000000362,-1.0963029928506869
36.01892000000362,-1.023155962815614
36.02725000000362,-0.9329525852384302
36.03558000000362,-0.8284253880499675
36.04391000000362,-0.7157466906854401
36.05224000000362,-0.5962394649047975
36.06057000000362,-0.47305803250745043
36.06890000000362,-0.3543596311914668
36.077230000003624,-0.23586235799833694
36.085560000003625,-0.11834826920336798
36.093890000003626,-0.0014623801171694218
36.102220000003626,0.11282287594727457
36.11055000000363,0.21976085339295884
36.11888000000363,0.3217410541181735
36.12721000000363,0.419514057659408
36.13554000000363,0.512751615860454
36.14387000000363,0.5961210236204056
36.15220000000363,0.6688200041578753
36.16053000000363,0.7315759205197995
36.16886000000363,0.7820363380235518
36.177190000003634,0.8206205196821904
36.185520000003635,0.8472739213630979
36.193850000003636,0.8616145130324696
36.20218000000364,0.8639975768318914
36.21051000000364,0.8585833365035928
36.21884000000364,0.8424636000391486
36.22717000000364,0.8151568526621233
36.23550000000364,0.779637101125778
36.24383000000364,0.733884797664985
36.25216000000364,0.6760433331839387
36.26049000000364,0.6077197915744861
36.26882000000364,0.5272439807620491
36.277150000003644,0.4320628520181092
36.285480000003645,0.3266385265407871
36.293810000003646,0.21078057990791815
36.30214000000365,0.0868250074225345
36.31047000000365,-0.04400917911242795
36.31880000000365,-0.17944188887821608
36.32713000000365,-0.32026399665833266
36.33546000000365,-0.460613857198049
36.34379000000365,-0.6006643654332138
36.35212000000365,-0.7423218313479948
36.36045000000365,-0.8822586598898082
36.36878000000365,-1.0154560907062877
36.377110000003654,-1.1424767811275267
36.385440000003655,-1.2616871460404784
36.393770000003656,-1.3697792743399646
36.40210000000366,-1.4645533686004322
36.41043000000366,-1.5437977921417545
36.41876000000366,-1.602130347579845
36.42709000000366,-1.6398535558880782
36.43542000000366,-1.650382758382951
36.44375000000366,-1.6328824181072947
36.45208000000366,-1.5875954353651165
36.46041000000366,-1.5141693495538306
36.46874000000366,-1.4174542596573452
36.477070000003664,-1.29618158334379
36.485400000003665,-1.1488565404897026
36.493730000003666,-0.9829722661668285
36.50206000000367,-0.7998507370292566
36.51039000000367,-0.603969753538343
36.51872000000367,-0.40039416716562937
36.52705000000367,-0.1900861837573222
36.53538000000367,0.024265434273246924
36.54371000000367,0.23537488854695926
36.55204000000367,0.4385217482088857
36.56037000000367,0.6257673284318441
36.56870000000367,0.799262519011252
36.577030000003674,0.9637292697796702
36.585360000003675,1.1172466333900823
36.593690000003676,1.2561771784741282
36.60202000000368,1.3860252953153829
36.61035000000368,1.5030554504895974
36.61868000000368,1.6035425574955195
36.62701000000368,1.691586939753406
36.63534000000368,1.7625989374301718
36.64367000000368,1.8145017676953294
36.65200000000368,1.8461123227318688
36.66033000000368,1.858142101524921
36.66866000000368,1.8515126520074296
36.676990000003684,1.8273313788145673
36.685320000003685,1.7851121331911695
36.693650000003686,1.7286142007512613
36.70198000000369,1.6587402326609861
36.71031000000369,1.5635913950560292
36.71864000000369,1.4519173904436677
36.72697000000369,1.3305312684683543
36.73530000000369,1.1980014221279442
36.74363000000369,1.056693191579601
36.75196000000369,0.9093323049688565
36.76029000000369,0.7635788160503613
36.76862000000369,0.6170085687370428
36.776950000003694,0.4735464809304374
36.785280000003695,0.3328091745295102
36.793610000003696,0.19884739475480054
36.8019400000037,0.06784615501721106
36.8102700000037,-0.06421643712947604
36.8186000000037,-0.18671629073611026
36.8269300000037,-0.29790139716756064
36.8352600000037,-0.4012939592005378
36.8435900000037,-0.49614344672419414
36.8519200000037,-0.5768371247134289
36.8602500000037,-0.6470366095434136
36.8685800000037,-0.7109279738940545
36.876910000003704,-0.7698162257743586
36.885240000003705,-0.8220083949922954
36.893570000003706,-0.8712660754379744
36.90190000000371,-0.9184620891851517
36.91023000000371,-0.9643221519161609
36.91856000000371,-1.0122784148485768
36.92689000000371,-1.058584675451467
36.93522000000371,-1.1039178089647588
36.94355000000371,-1.1446670676174366
36.95188000000371,-1.1849962875914908
36.96021000000371,-1.2267835024900384
36.96854000000371,-1.2681689054847733
36.976870000003714,-1.31330955779724
36.985200000003715,-1.35836296263496
36.993530000003716,-1.402020781107449
37.00186000000372,-1.443680862115213
37.01019000000372,-1.4871495290249879
37.01852000000372,-1.5275389151265417
37.02685000000372,-1.5600434497461335
37.03518000000372,-1.5841452633527708
37.04351000000372,-1.5972786345595207
37.05184000000372,-1.6021359388939622
37.06017000000372,-1.5930361315669845
37.06850000000372,-1.5743776465946835
37.076830000003724,-1.5472179851832066
37.085160000003725,-1.5043650654896423
37.093490000003726,-1.4425440885140512
37.10182000000373,-1.369156047768518
37.11015000000373,-1.2803969445775087
37.11848000000373,-1.1684208381222951
37.12681000000373,-1.0389201624758628
37.13514000000373,-0.893298899670659
37.14347000000373,-0.7320141354658531
37.15180000000373,-0.5567270197983232
37.16013000000373,-0.369836527299928
37.16846000000373,-0.1766923553600765
37.176790000003734,0.0224345905155761
37.185120000003735,0.22617034506935402
37.193450000003736,0.43396904289261157
37.20178000000374,0.635087146007152
37.21011000000374,0.837600269602053
37.21844000000374,1.0374402809668133
37.22677000000374,1.223794790551606
37.23510000000374,1.3965729908526492
37.24343000000374,1.5528018868846485
37.25176000000374,1.6926918977507164
37.26009000000374,1.8212630921195931
37.268420000003744,1.9354248142688255
37.276750000003744,2.032955251869863
37.285080000003745,2.112188549601373
37.293410000003746,2.1790687581271606
37.30174000000375,2.2268327018434433
37.31007000000375,2.2581974966338807
37.31840000000375,2.273623162959376
37.32673000000375,2.2670677795553025
37.33506000000375,2.2392869429108138
37.34339000000375,2.192114144077255
37.35172000000375,2.1302968765243473
37.36005000000375,2.05544655300108
37.368380000003754,1.9600791011256462
37.376710000003754,1.8441278357306905
37.385040000003755,1.7115180626510416
37.393370000003756,1.5673016524769352
37.40170000000376,1.406353771934223
37.41003000000376,1.2307083789004787
37.41836000000376,1.0450843035920658
37.42669000000376,0.8471255488626461
37.43502000000376,0.6468481750971206
37.44335000000376,0.4369440356051659
37.45168000000376,0.2218421852618932
37.46001000000376,0.0012436305062569315
37.468340000003764,-0.2240679358011031
37.476670000003764,-0.44991529091119464
37.485000000003765,-0.6729946318246598
37.493330000003766,-0.8908544427031421
37.50166000000377,-1.0987420790793403
37.50999000000377,-1.301174186346706
37.51832000000377,-1.4920224247770444
37.52665000000377,-1.6699528314230996
37.53498000000377,-1.8283918475482646
37.54331000000377,-1.974810917302818
37.55164000000377,-2.1041269824217634
37.55997000000377,-2.2138141234688042
37.568300000003774,-2.304701656282698
37.576630000003775,-2.3785940510655488
37.584960000003775,-2.42833336724844
37.593290000003776,-2.446503410327344
37.60162000000378,-2.4334171660899937
37.60995000000378,-2.3914511790086803
37.61828000000378,-2.3198842202001715
37.62661000000378,-2.22229132347799
37.63494000000378,-2.0921586758079975
37.64327000000378,-1.9347806324120216
37.65160000000378,-1.751864969444369
37.65993000000378,-1.555432669189175
37.668260000003784,-1.3517433087191455
37.676590000003785,-1.1407690317101458
37.684920000003785,-0.9229618724610199
37.693250000003786,-0.7025329044502826
37.70158000000379,-0.4781133785805068
37.70991000000379,-0.25612164335294224
37.71824000000379,-0.04239486570297917
37.72657000000379,0.16678812706753557
37.73490000000379,0.37124193618590096
37.74323000000379,0.5695345019085247
37.75156000000379,0.7565308292749752
37.75989000000379,0.9207527396088727
37.768220000003794,1.0664217203613893
37.776550000003795,1.1996067498178034
37.784880000003795,1.3142162602728193
37.793210000003796,1.4107168465637074
37.8015400000038,1.4912082638073394
37.8098700000038,1.5499367101861046
37.8182000000038,1.5938010929808917
37.8265300000038,1.6220875738574576
37.8348600000038,1.6332977012086218
37.8431900000038,1.6277692414735612
37.8515200000038,1.603278576326484
37.8598500000038,1.5516737043263698
37.868180000003804,1.4763618099347988
37.876510000003805,1.3878929445602186
37.884840000003805,1.2838040778506887
37.893170000003806,1.1642203816765255
37.90150000000381,1.0312118045071978
37.90983000000381,0.8909142383898011
37.91816000000381,0.7455978388126151
37.92649000000381,0.5969355127705894
37.93482000000381,0.45109147054916343
37.94315000000381,0.31139717200900335
37.95148000000381,0.1801428578918835
37.95981000000381,0.04921183080193396
37.968140000003814,-0.07650500878308779
37.976470000003815,-0.1880372744559767
37.984800000003816,-0.28507456771017387
37.993130000003816,-0.3658886473919084
38.00146000000382,-0.4294673342630397
38.00979000000382,-0.4761043273445079
38.01812000000382,-0.50990469402524
38.02645000000382,-0.5261710470836213
38.03478000000382,-0.5260952539345153
38.04311000000382,-0.5052504072619667
38.05144000000382,-0.4695991892959264
38.05977000000382,-0.4291240881896236
38.068100000003824,-0.38304918791503795
38.076430000003825,-0.330760424686343
38.084760000003826,-0.2762263436077116
38.093090000003826,-0.21756223023753254
38.10142000000383,-0.16070262749261827
38.10975000000383,-0.10434700353526179
38.11808000000383,-0.05114746236622984
38.12641000000383,0.002237302633832326
38.13474000000383,0.05162329301531468
38.14307000000383,0.09854649955124763
38.15140000000383,0.1362399441274519
38.15973000000383,0.16465755534110194
38.168060000003834,0.1864587418656043
38.176390000003835,0.19750127605157136
38.184720000003836,0.19576567148456803
38.193050000003836,0.18691379043781137
38.20138000000384,0.16999143539153955
38.20971000000384,0.1515398534667471
38.21804000000384,0.12596001790395736
38.22637000000384,0.09567810802429291
38.23470000000384,0.06122379731229031
38.24303000000384,0.02534712027661909
38.25136000000384,-0.009333952707762584
38.25969000000384,-0.040567416331181355
38.268020000003844,-0.07186461920312313
38.276350000003845,-0.10171364485938991
38.284680000003846,-0.13105353698845662
38.29301000000385,-0.1569828498119478
38.30134000000385,-0.1786065716485747
38.30967000000385,-0.19639667920313175
38.31800000000385,-0.2127909870290927
38.32633000000385,-0.22516688660685488
38.33466000000385,-0.2332633656932099
38.34299000000385,-0.23135129304430307
38.35132000000385,-0.22052137028957572
38.35965000000385,-0.20349308020814158
38.367980000003854,-0.1842689762593573
38.376310000003855,-0.16425863823056183
38.384640000003856,-0.14401744409846678
38.39297000000386,-0.12542429894915627
38.40130000000386,-0.10922736920325703
38.40963000000386,-0.09589112295119684
38.41796000000386,-0.08662442714306436
38.42629000000386,-0.08210065808117538
38.43462000000386,-0.08091772644149238
38.44295000000386,-0.07722896808167307
38.45128000000386,-0.07947316533364245
38.45961000000386,-0.08820743431659121
38.467940000003864,-0.10094435929759744
38.476270000003865,-0.1205913220796369
38.484600000003866,-0.14697519767840134
38.49293000000387,-0.178776880486281
38.50126000000387,-0.21448305985748572
38.50959000000387,-0.25456207972566924
38.51792000000387,-0.3016068825109513
38.52625000000387,-0.34950652957537226
38.53458000000387,-0.39530848805548746
38.54291000000387,-0.43881261355944
38.55124000000387,-0.4853326501178407
38.55957000000387,-0.5294889973556626
38.567900000003874,-0.5672155329604193
38.576230000003875,-0.6042766963466555
38.584560000003876,-0.6393176706276691
38.59289000000388,-0.6689402280133604
38.60122000000388,-0.6936459111965686
38.60955000000388,-0.7149121903043301
38.61788000000388,-0.7336032279539352
38.62621000000388,-0.7459171208854969
38.63454000000388,-0.7530064600044353
38.64287000000388,-0.7557097335838284
38.65120000000388,-0.7515029733043728
38.65953000000388,-0.7392000000630343
38.667860000003884,-0.7209384742118181
38.676190000003885,-0.6962815108063194
38.684520000003886,-0.6664511953936836
38.69285000000389,-0.6283899838476167
38.70118000000389,-0.5794186852896409
38.70951000000389,-0.5235952072001332
38.71784000000389,-0.4649624235435228
38.72617000000389,-0.3954183926276766
38.73450000000389,-0.31545133391658786
38.74283000000389,-0.22759657626945254
38.75116000000389,-0.12958794600626136
38.75949000000389,-0.02631413229991987
38.767820000003894,0.08631527797354134
38.776150000003895,0.20857659997239397
38.784480000003896,0.33366936293041816
38.7928100000039,0.4663167994819632
38.8011400000039,0.6008304239797758
38.8094700000039,0.7326460047333685
38.8178000000039,0.8650956003637248
38.8261300000039,1.0014829176100017
38.8344600000039,1.1319668047450047
38.8427900000039,1.2563125696827075
38.8511200000039,1.3727167582771829
38.8594500000039,1.4773188539319675
38.867780000003904,1.576719662470767
38.876110000003905,1.6640128930258704
38.884440000003906,1.7384874303249411
38.89277000000391,1.7980712081018806
38.90110000000391,1.8347837044753004
38.90943000000391,1.8542007006806525
38.91776000000391,1.85688694018543
38.92609000000391,1.8419550120175707
38.93442000000391,1.8058903398056547
38.94275000000391,1.752561355440611
38.95108000000391,1.6797426567976048
38.95941000000391,1.5900686369394061
38.967740000003914,1.4883287701979109
38.976070000003915,1.3630386263279635
38.984400000003916,1.2207595602943462
38.99273000000392,1.0584756200338399
39.00106000000392,0.872707199267491
39.00939000000392,0.6682903199574121
39.01772000000392,0.45364346491703694
39.02605000000392,0.22465121512538824
39.03438000000392,-0.014437703548513113
39.04271000000392,-0.2578361554992958
39.05104000000392,-0.5032214927358489
39.05937000000392,-0.7512741006027811
39.067700000003924,-0.9980709595813458
39.076030000003925,-1.2445536836382654
39.084360000003926,-1.478778661175144
39.09269000000393,-1.7059191057661
39.10102000000393,-1.9204628027455017
39.10935000000393,-2.117676626683782
39.11768000000393,-2.288738096624408
39.12601000000393,-2.4373473004472594
39.13434000000393,-2.555798385027515
39.14267000000393,-2.6466390366008934
39.15100000000393,-2.710362421829785
39.15933000000393,-2.745484993976909
39.167660000003934,-2.748083869098254
39.175990000003935,-2.7159788390386708
39.184320000003936,-2.6448909577046624
39.19265000000394,-2.54055319452176
39.20098000000394,-2.396884387713944
39.20931000000394,-2.222393822817426
39.21764000000394,-2.00935474689007
39.22597000000394,-1.7795612840391473
39.23430000000394,-1.5286811047988678
39.24263000000394,-1.2681484244406094
39.25096000000394,-1.0027809272044272
39.25929000000394,-0.7467493970605551
39.267620000003944,-0.48822308557951444
39.275950000003945,-0.23739187739210907
39.284280000003946,0.0010954729132276002
39.29261000000395,0.2297564330681625
39.30094000000395,0.4526047625629036
39.30927000000395,0.6595006189841626
39.31760000000395,0.8595831471220535
39.32593000000395,1.0374727456467663
39.33426000000395,1.2126069786984688
39.34259000000395,1.371790401076263
39.35092000000395,1.5125938196916116
39.359250000003954,1.634903432439079
39.367580000003954,1.7478753016330029
39.375910000003955,1.8328159331446328
39.384240000003956,1.8954039459976548
39.39257000000396,1.9387735303469071
39.40090000000396,1.9651222308836827
39.40923000000396,1.9698948055426373
39.41756000000396,1.9585368144364197
39.42589000000396,1.930546154447378
39.43422000000396,1.8914066178941003
39.44255000000396,1.8391729006298236
39.45088000000396,1.7754078914828573
39.459210000003964,1.703538035690194
39.467540000003964,1.6203369170397584
39.475870000003965,1.5283491141539454
39.484200000003966,1.4314097164158153
39.49253000000397,1.3251574259894303
39.50086000000397,1.2182508062794626
39.50919000000397,1.1097012316462562
39.51752000000397,1.001512030037728
39.52585000000397,0.8938962893824987
39.53418000000397,0.7931452463383488
39.54251000000397,0.6906589455461988
39.55084000000397,0.5901427952780447
39.559170000003974,0.4901657305888933
39.567500000003974,0.39244611647468763
39.575830000003975,0.2926219372356219
39.584160000003976,0.1961135114264838
39.59249000000398,0.10042748051206675
39.60082000000398,0.002274685370904905
39.60915000000398,-0.09291576276394334
39.61748000000398,-0.18520110450058083
39.62581000000398,-0.28246883220604924
39.63414000000398,-0.3769661328113449
39.64247000000398,-0.4753636901462636
39.65080000000398,-0.5695638962913997
39.659130000003984,-0.6647341292340234
39.667460000003985,-0.7560233571792637
39.675790000003985,-0.8480081552290453
39.684120000003986,-0.9325931543640227
39.69245000000399,-1.010273664074
39.70078000000399,-1.0814440491188781
39.70911000000399,-1.1464958176160693
39.71744000000399,-1.2070072161251568
39.72577000000399,-1.2648468344650907
39.73410000000399,-1.3120062725709876
39.74243000000399,-1.348445325238507
39.75076000000399,-1.3744697522071614
39.759090000003994,-1.3970870444345829
39.767420000003995,-1.4073371692049776
39.775750000003995,-1.4107864293965222
39.784080000003996,-1.4049329401690385
39.792410000004,-1.3861816877063555
39.800740000004,-1.3569333284264302
39.809070000004,-1.3231383121306068
39.817400000004,-1.2809311404652541
39.825730000004,-1.234622163856589
39.834060000004,-1.1834552954829047
39.842390000004,-1.1269902139288093
39.850720000004,-1.0638449975763635
39.859050000004004,-0.9986086565371369
39.867380000004005,-0.9283964452306461
39.875710000004005,-0.855988208149899
39.884040000004006,-0.779304304965629
39.89237000000401,-0.6992857548467405
39.90070000000401,-0.6186027809041952
39.90903000000401,-0.5357983982996505
39.91736000000401,-0.4515033023297601
39.92569000000401,-0.3659378616636571
39.93402000000401,-0.2748890329939603
39.94235000000401,-0.17987806977998957
39.95068000000401,-0.07846764582396239
39.959010000004014,0.029127379456864007
39.967340000004015,0.13564247903197835
39.975670000004015,0.24571094150658182
39.984000000004016,0.36154866996187807
39.99233000000402,0.4704620323300139
40.00066000000402,0.5724331906860167
40.00899000000402,0.6729099525743978
40.01732000000402,0.7668655837392818
40.02565000000402,0.85444743338266
40.03398000000402,0.9367922886849177
40.04231000000402,1.008524514344563
40.05064000000402,1.0711599821028135
40.058970000004024,1.126786016130829
40.067300000004025,1.167383600776588
40.075630000004026,1.1992356493793097
40.083960000004026,1.2235684789890644
40.09229000000403,1.2312164733063298
40.10062000000403,1.223955882761007
40.10895000000403,1.2071882284104276
40.11728000000403,1.1788556445858636
40.12561000000403,1.1402221958772103
40.13394000000403,1.093248578498604
40.14227000000403,1.034372654863501
40.15060000000403,0.9595880250235506
40.158930000004034,0.8788733209031424
40.167260000004035,0.7844125795581729
40.175590000004036,0.6750932036104009
40.183920000004036,0.5553253233042781
40.19225000000404,0.427065389097589
40.20058000000404,0.2891892305920622
40.20891000000404,0.15114239421930947
40.21724000000404,0.007962165271905535
40.22557000000404,-0.1375831696888576
40.23390000000404,-0.2833139674637553
40.24223000000404,-0.42743088002706536
40.25056000000404,-0.5634389073258224
40.258890000004044,-0.6886402666606652
40.267220000004045,-0.8083877672497993
40.275550000004046,-0.9190058401975926
40.28388000000405,-1.0119472060517705
40.29221000000405,-1.084505391862813
40.30054000000405,-1.1400138276701062
40.30887000000405,-1.1781842022911517
40.31720000000405,-1.1992171569382213
40.32553000000405,-1.197006700333584
40.33386000000405,-1.167408196965992
40.34219000000405,-1.1080891876101402
40.35052000000405,-1.0235042602177817
40.358850000004054,-0.9207478248196003
40.367180000004055,-0.792777925505264
40.375510000004056,-0.6463255742773781
40.38384000000406,-0.47986459131544884
40.39217000000406,-0.3059612947269171
40.40050000000406,-0.13285610942466367
40.40883000000406,0.031181842797298992
40.41716000000406,0.19271030803742337
40.42549000000406,0.3451423586873467
40.43382000000406,0.4901107688038786
40.44215000000406,0.6257179743321376
40.45048000000406,0.7482859435720698
40.458810000004064,0.859233254495395
40.467140000004065,0.9605522076099849
40.475470000004066,1.0495356709395844
40.48380000000407,1.1288178149125427
40.49213000000407,1.1890193218491942
40.50046000000407,1.2327821533894587
40.50879000000407,1.2561113981427738
40.51712000000407,1.2626285890885531
40.52545000000407,1.2518109078675541
40.53378000000407,1.2202485021331881
40.54211000000407,1.1711235551001637
40.55044000000407,1.1073315832753658
40.558770000004074,1.019624786572234
40.567100000004075,0.9147554798749077
40.575430000004076,0.7926903507630321
40.58376000000408,0.6465923273333246
40.59209000000408,0.4857411673687477
40.60042000000408,0.3185136778327322
40.60875000000408,0.13812827281798998
40.61708000000408,-0.039857910686253425
40.62541000000408,-0.21871049969028045
40.63374000000408,-0.40067333809661876
40.64207000000408,-0.5696951818748999
40.65040000000408,-0.726662451362613
40.658730000004084,-0.8785097034682178
40.667060000004085,-1.018815473373647
40.675390000004086,-1.1480011847184601
40.68372000000409,-1.2659344256375786
40.69205000000409,-1.36169042329743
40.70038000000409,-1.4353981061147743
40.70871000000409,-1.4960979713120612
40.71704000000409,-1.527705344689212
40.72537000000409,-1.5371192252103993
40.73370000000409,-1.5244779024238801
40.74203000000409,-1.4888318434765135
40.75036000000409,-1.4364785584742947
40.758690000004094,-1.3716281376380073
40.767020000004095,-1.2950272232782962
40.775350000004096,-1.2015795448602133
40.7836800000041,-1.09813747835954
40.7920100000041,-0.9837960692685286
40.8003400000041,-0.8647333788565705
40.8086700000041,-0.7440496807727683
40.8170000000041,-0.6163912317291823
40.8253300000041,-0.4848681122615259
40.8336600000041,-0.3583681280465992
40.8419900000041,-0.23130904741561986
40.8503200000041,-0.09793315053827652
40.858650000004104,0.03544900658398794
40.866980000004105,0.16915884452822721
40.875310000004106,0.30255503268692824
40.88364000000411,0.4318567025545191
40.89197000000411,0.5584282936365971
40.90030000000411,0.6783081231962703
40.90863000000411,0.7913540010323245
40.91696000000411,0.895840704830362
40.92529000000411,0.9943862465275123
40.93362000000411,1.0839064694808458
40.94195000000411,1.1672508941919635
40.95028000000411,1.241945336330903
40.958610000004114,1.3036216981612971
40.966940000004115,1.3520303033067704
40.975270000004116,1.3869697818802549
40.98360000000412,1.4124457339130805
40.99193000000412,1.4233745213554785
41.00026000000412,1.4259314184912477
41.00859000000412,1.4150779551374155
41.01692000000412,1.3962583878493038
41.02525000000412,1.3727593982967956
41.03358000000412,1.337921772077862
41.04191000000412,1.2922090168492035
41.05024000000412,1.2300905422116615
41.058570000004124,1.1574956597397483
41.066900000004125,1.0754453288334107
41.075230000004126,0.9804375067959582
41.08356000000413,0.884960320014194
41.09189000000413,0.7801047002696428
41.10022000000413,0.6714982044782202
41.10855000000413,0.5580061893539069
41.11688000000413,0.4438213276391655
41.12521000000413,0.33065444782989367
41.13354000000413,0.21509733124373176
41.14187000000413,0.09599041359334586
41.15020000000413,-0.02631704229700012
41.158530000004134,-0.14739990870588157
41.166860000004135,-0.2661608186042086
41.175190000004136,-0.38574597199042765
41.18352000000414,-0.4950783825109533
41.19185000000414,-0.5964060504085517
41.20018000000414,-0.6896691496378399
41.20851000000414,-0.771729133900522
41.21684000000414,-0.8502631501231516
41.22517000000414,-0.9229506922945608
41.23350000000414,-0.9881363116743426
41.24183000000414,-1.0523247542119498
41.25016000000414,-1.1113969508653314
41.258490000004144,-1.1684869106715812
41.266820000004145,-1.2153673209577276
41.275150000004146,-1.2617640046260306
41.28348000000415,-1.3026568170277646
41.29181000000415,-1.3334092070435992
41.30014000000415,-1.3601897461237444
41.30847000000415,-1.3827991820788272
41.31680000000415,-1.4050059454083907
41.32513000000415,-1.4226050738265064
41.33346000000415,-1.429105159029337
41.34179000000415,-1.4305570642829255
41.350120000004154,-1.423837440696894
41.358450000004154,-1.4104743326083564
41.366780000004155,-1.3890618439925433
41.375110000004156,-1.3669314519651943
41.38344000000416,-1.3427652159101433
41.39177000000416,-1.3133782768795992
41.40010000000416,-1.2859217704955392
41.40843000000416,-1.2534036220704898
41.41676000000416,-1.2170743213372597
41.42509000000416,-1.1742542525030937
41.43342000000416,-1.1202276417040893
41.44175000000416,-1.055353027212512
41.450080000004164,-0.9795793224585414
41.458410000004164,-0.8913631107331255
41.466740000004165,-0.7901391660570646
41.475070000004166,-0.6767128862300953
41.48340000000417,-0.5470539753679153
41.49173000000417,-0.40210424016189517
41.50006000000417,-0.24696079624250036
41.50839000000417,-0.07446473863188426
41.51672000000417,0.10105762217223424
41.52505000000417,0.2879982350366946
41.53338000000417,0.47873898021026967
41.54171000000417,0.6745756500211301
41.550040000004174,0.8719300285473088
41.558370000004174,1.0726484097666265
41.566700000004175,1.2651105282663675
41.575030000004176,1.4508132882833291
41.58336000000418,1.6341315435103188
41.59169000000418,1.8006209501199795
41.60002000000418,1.9514051534458932
41.60835000000418,2.0827501835737587
41.61668000000418,2.1894717149362894
41.62501000000418,2.2808687729538097
41.63334000000418,2.348809219609915
41.64167000000418,2.3938154314150935
41.650000000004184,2.4190840916142484
41.658330000004185,2.428447576197245
41.666660000004185,2.410208814417331
41.674990000004186,2.376244238597732
41.68332000000419,2.3239453924915936
41.69165000000419,2.2437544150961837
41.69998000000419,2.1379315673496864
41.70831000000419,2.0080619735036223
41.71664000000419,1.861093655019148
41.72497000000419,1.684511903909808
41.73330000000419,1.4833348015413548
41.74163000000419,1.2667800969559182
41.749960000004194,1.0328898349778097
41.758290000004195,0.7875476532698991
41.766620000004195,0.5235320625334017
41.774950000004196,0.2588117094168643
41.7832800000042,-0.009719093914076871
41.7916100000042,-0.2783089551805547
41.7999400000042,-0.5422284409944713
41.8082700000042,-0.7925093055245105
41.8166000000042,-1.0211010724789298
41.8249300000042,-1.2464517443219698
41.8332600000042,-1.449689586122287
41.8415900000042,-1.6262104707986278
41.849920000004204,-1.7842128217309303
41.858250000004205,-1.9128482798696906
41.866580000004205,-2.0176027440926005
41.874910000004206,-2.094946193155304
41.88324000000421,-2.147488255770409
41.89157000000421,-2.168143747897784
41.89990000000421,-2.160146394911781
41.90823000000421,-2.126673852354087
41.91656000000421,-2.0710992354094717
41.92489000000421,-1.9986056330440611
41.93322000000421,-1.9037566776028536
41.94155000000421,-1.7921069598994341
41.949880000004214,-1.6637437050652588
41.958210000004215,-1.519723643734278
41.966540000004215,-1.3731242319818906
41.974870000004216,-1.221470588356004
41.98320000000422,-1.0655110448175629
41.99153000000422,-0.9059170333118356
41.99986000000422,-0.7481908174423717
42.00819000000422,-0.5971871892245972
42.01652000000422,-0.4487259869099952
42.02485000000422,-0.3003441881433889
42.03318000000422,-0.15373199354022887
42.04151000000422,-0.007278697439916116
42.049840000004224,0.13198242242944377
42.058170000004225,0.26559417417660175
42.066500000004226,0.3841497004803244
42.074830000004226,0.5001776408841362
42.08316000000423,0.6023274462556505
42.09149000000423,0.6949014763069986
42.09982000000423,0.7778983222123116
42.10815000000423,0.8481567285339996
42.11648000000423,0.9069218968605482
42.12481000000423,0.9525950804490567
42.13314000000423,0.9883809141396186
42.14147000000423,1.0181571316477613
42.149800000004234,1.0342871964473772
42.158130000004235,1.0457274150617997
42.166460000004236,1.0455216890788692
42.174790000004236,1.0411470103183558
42.18312000000424,1.0237387758194079
42.19145000000424,1.002454110389949
42.19978000000424,0.9713079530146309
42.20811000000424,0.9271108328921926
42.21644000000424,0.8729795156258038
42.22477000000424,0.8105393077388449
42.23310000000424,0.738667589890854
42.24143000000424,0.6594749018649807
42.249760000004244,0.573243159863845
42.258090000004245,0.48884069042229045
42.266420000004246,0.4053471080904362
42.274750000004246,0.32128490150717304
42.28308000000425,0.23153073513567274
42.29141000000425,0.1464078630239042
42.29974000000425,0.06088435355174743
42.30807000000425,-0.023590441381744837
42.31640000000425,-0.10139672275913363
42.32473000000425,-0.1674979213154537
42.33306000000425,-0.22946710880457322
42.34139000000425,-0.288417404117944
42.349720000004254,-0.3398852911243207
42.358050000004255,-0.38118425294376995
42.366380000004256,-0.4095744299747697
42.37471000000426,-0.4300458465737877
42.38304000000426,-0.44260959887952617
42.39137000000426,-0.4434387321604578
42.39970000000426,-0.438480028667713
42.40803000000426,-0.4231121388203646
42.41636000000426,-0.3984775542091323
42.42469000000426,-0.3616072726306433
42.43302000000426,-0.32188963893604017
42.44135000000426,-0.27586575098962207
42.449680000004264,-0.2263043184097153
42.458010000004265,-0.17502112444821757
42.466340000004266,-0.12072602824394017
42.47467000000427,-0.07300468447602511
42.48300000000427,-0.027505122182396778
42.49133000000427,0.017508506166695328
42.49966000000427,0.05960240679851834
42.50799000000427,0.0970521940814951
42.51632000000427,0.13104352712569012
42.52465000000427,0.16287367193797417
42.53298000000427,0.1922318807644925
42.54131000000427,0.22425279824447697
42.549640000004274,0.24787115484421582
42.557970000004275,0.26408827517208155
42.566300000004276,0.2647285855416507
42.57463000000428,0.25118714704128425
42.58296000000428,0.23142046914648737
42.59129000000428,0.2101155952228902
42.59962000000428,0.1805283886978704
42.60795000000428,0.1437936632737701
42.61628000000428,0.10942484986606896
42.62461000000428,0.07061401383005814
42.63294000000428,0.03094195772486045
42.64127000000428,-0.00781505553880699
42.649600000004284,-0.049579664375869664
42.657930000004285,-0.09178734657605352
42.666260000004286,-0.13552010632812758
42.67459000000429,-0.17423315129682154
42.68292000000429,-0.20327718396043418
42.69125000000429,-0.22962736337027556
42.69958000000429,-0.25044420442993065
42.70791000000429,-0.261487027633383
42.71624000000429,-0.2631928364537682
42.72457000000429,-0.26512373035753645
42.73290000000429,-0.2576059771202694
42.74123000000429,-0.24283026487241083
42.749560000004294,-0.22188606613559841
42.757890000004295,-0.19921755744767314
42.766220000004296,-0.16965693859241934
42.7745500000043,-0.13555386861916865
42.7828800000043,-0.0986031272631515
42.7912100000043,-0.06936709281879137
42.7995400000043,-0.03733147045349547
42.8078700000043,-0.010464064384281694
42.8162000000043,0.008522774174981604
42.8245300000043,0.014866041442293879
42.8328600000043,0.01675850076148887
42.8411900000043,0.010917450003081954
42.849520000004304,-0.0010472843523253166
42.857850000004305,-0.019221056223882118
42.866180000004306,-0.04358432177642879
42.87451000000431,-0.0698637572051542
42.88284000000431,-0.1028657937869624
42.89117000000431,-0.14633515065808855
42.89950000000431,-0.19818086791538528
42.90783000000431,-0.2584496222846739
42.91616000000431,-0.3281946863948678
42.92449000000431,-0.40387601947410734
42.93282000000431,-0.4839734707701516
42.94115000000431,-0.5655355819565425
42.949480000004314,-0.6453300327396108
42.957810000004315,-0.7215572010656301
42.966140000004316,-0.7917733569076759
42.97447000000432,-0.8512250481789748
42.98280000000432,-0.9027356569393882
42.99113000000432,-0.9440761907804438
42.99946000000432,-0.9700292007387138
43.00779000000432,-0.9725626599736794
43.01612000000432,-0.9614527883276793
43.02445000000432,-0.9280916108491277
43.03278000000432,-0.8770866218107387
43.04111000000432,-0.8021018444124794
43.049440000004324,-0.7084877064055225
43.057770000004325,-0.5909621671629105
43.066100000004326,-0.4519403574413169
43.07443000000433,-0.3016062024108291
43.08276000000433,-0.1346703150230916
43.09109000000433,0.03965196201106939
43.09942000000433,0.2230762114901281
43.10775000000433,0.4098663090659767
43.11608000000433,0.5921563100574903
43.12441000000433,0.7715816745764295
43.13274000000433,0.9431706991888886
43.14107000000433,1.1075041229913476
43.149400000004334,1.2601052117778453
43.157730000004335,1.4021395904709564
43.166060000004336,1.5315442283806395
43.17439000000434,1.6436995346515169
43.18272000000434,1.7405010861956518
43.19105000000434,1.8194999335723723
43.19938000000434,1.8883262426603693
43.20771000000434,1.9379559923725298
43.21604000000434,1.9695717929693357
43.22437000000434,1.9808157306483363
43.23270000000434,1.9753227549251184
43.24103000000434,1.9537196683105922
43.249360000004344,1.9109314806045214
43.257690000004345,1.8448207273491577
43.266020000004346,1.7702319996104785
43.27435000000435,1.6700563778174486
43.28268000000435,1.5532992444751759
43.29101000000435,1.4192525660608282
43.29934000000435,1.272566001747768
43.30767000000435,1.1057144589176837
43.31600000000435,0.9287995408024593
43.32433000000435,0.743523219887011
43.33266000000435,0.5489516001799364
43.34099000000435,0.3508131600281398
43.349320000004354,0.14111322028891374
43.357650000004355,-0.07350719232296714
43.365980000004356,-0.2761474180854886
43.37431000000436,-0.49142986868261174
43.38264000000436,-0.6992331365398214
43.39097000000436,-0.9041339678387691
43.39930000000436,-1.1043786413936394
43.40763000000436,-1.2950155602802533
43.41596000000436,-1.471087492669113
43.42429000000436,-1.6364426607685088
43.43262000000436,-1.78992225856816
43.440950000004364,-1.9203665598341686
43.449280000004364,-2.038056617983317
43.457610000004365,-2.138420803144307
43.465940000004366,-2.215719142054344
43.47427000000437,-2.2768823019729867
43.48260000000437,-2.3119108692154016
43.49093000000437,-2.329589014304052
43.49926000000437,-2.3295537084702334
43.50759000000437,-2.3041791294008798
43.51592000000437,-2.2597007907024778
43.52425000000437,-2.192429023061548
43.53258000000437,-2.102518027732432
43.540910000004374,-1.9893242682292867
43.549240000004374,-1.8588386635920566
43.557570000004375,-1.7051921013010627
43.565900000004376,-1.532591975440444
43.57423000000438,-1.342526717344039
43.58256000000438,-1.1397266800267922
43.59089000000438,-0.9319443135205339
43.59922000000438,-0.7197174600962178
43.60755000000438,-0.5061114048120947
43.61588000000438,-0.29309453238540306
43.62421000000438,-0.07926674560198844
43.63254000000438,0.12626216204366963
43.640870000004384,0.32248811231258423
43.649200000004384,0.5144877254955517
43.657530000004385,0.7032622688419847
43.665860000004386,0.881003421072014
43.67419000000439,1.046801750968453
43.68252000000439,1.2023450015416803
43.69085000000439,1.3418870442984394
43.69918000000439,1.4662370682651042
43.70751000000439,1.5773013962862088
43.71584000000439,1.6754122338258919
43.72417000000439,1.7581165175427103
43.73250000000439,1.8229929248295313
43.740830000004394,1.8690051824828657
43.749160000004395,1.9033158971103494
43.757490000004395,1.9172849076856437
43.765820000004396,1.918217877019567
43.7741500000044,1.9001899741110522
43.7824800000044,1.86294740378833
43.7908100000044,1.8048075684988385
43.7991400000044,1.734052966923339
43.8074700000044,1.6460988042073328
43.8158000000044,1.543629407844825
43.8241300000044,1.4234082449080492
43.8324600000044,1.2960861395468257
43.840790000004404,1.16371399952995
43.849120000004405,1.030650152487854
43.857450000004405,0.8934093342017919
43.865780000004406,0.7634653936419797
43.87411000000441,0.6316506001635969
43.88244000000441,0.505806510365945
43.89077000000441,0.38541797245211784
43.89910000000441,0.27584615943483554
43.90743000000441,0.17013482112668274
43.91576000000441,0.07328084366541505
43.92409000000441,-0.019281155625106128
43.93242000000441,-0.09722950821904308
43.940750000004414,-0.16534821559702287
43.949080000004415,-0.22879439520337005
43.957410000004415,-0.286961053139963
43.965740000004416,-0.33846728160549344
43.97407000000442,-0.3863433691279638
43.98240000000442,-0.42491309179359216
43.99073000000442,-0.46102156656390847
43.99906000000442,-0.49522339577082974
44.00739000000442,-0.5295429706172868
44.01572000000442,-0.5612430161539226
44.02405000000442,-0.5889521959503295
44.03238000000442,-0.6168206607467356
44.040710000004424,-0.6464494025342948
44.049040000004425,-0.6805683426285956
44.057370000004425,-0.7150438990695345
44.065700000004426,-0.754091039667341
44.07403000000443,-0.7994091752126994
44.08236000000443,-0.8459606179900644
44.09069000000443,-0.896981401113957
44.09902000000443,-0.9514483935672959
44.10735000000443,-1.0043283486077883
44.11568000000443,-1.051954150477988
44.12401000000443,-1.0943082013105825
44.13234000000443,-1.1326113682063206
44.140670000004434,-1.162470685418389
44.149000000004435,-1.1845927758660404
44.157330000004436,-1.196874002353208
44.165660000004436,-1.206378223668907
44.17399000000444,-1.2053794185443731
44.18232000000444,-1.1923717753255745
44.19065000000444,-1.167783180833982
44.19898000000444,-1.1282563778011232
44.20731000000444,-1.0688186713489698
44.21564000000444,-0.989465135932213
44.22397000000444,-0.8947955607784134
44.23230000000444,-0.7832781128374511
44.240630000004444,-0.6619341981584055
44.248960000004445,-0.5287185694552323
44.257290000004446,-0.38588871426191923
44.265620000004446,-0.23857626283573688
44.27395000000445,-0.08338899586351405
44.28228000000445,0.07318856487625776
44.29061000000445,0.22510487786530667
44.29894000000445,0.3769473054718339
44.30727000000445,0.5256725230881228
44.31560000000445,0.6682108037994265
44.32393000000445,0.7959564630113812
44.33226000000445,0.9104307717159319
44.340590000004454,1.0075856799492815
44.348920000004455,1.0964192046763934
44.357250000004456,1.1744948538182953
44.36558000000446,1.2410515896511898
44.37391000000446,1.2970030431507262
44.38224000000446,1.3437717281666424
44.39057000000446,1.3770230879046508
44.39890000000446,1.3986443914238738
44.40723000000446,1.4022115829575346
44.41556000000446,1.388307527747614
44.42389000000446,1.353855446222395
44.43222000000446,1.3037936319021928
44.440550000004464,1.2396235496296988
44.448880000004465,1.1621456057026134
44.457210000004466,1.0723318872998227
44.46554000000447,0.9712989542379591
44.47387000000447,0.8618251807589112
44.48220000000447,0.7499552028322307
44.49053000000447,0.6319256348732534
44.49886000000447,0.5072205911678623
44.50719000000447,0.3760970366037373
44.51552000000447,0.24385994449726367
44.52385000000447,0.11125751451652081
44.53218000000447,-0.017364420811186783
44.540510000004474,-0.14165738979260462
44.548840000004475,-0.26225566020864705
44.557170000004476,-0.37141380021292547
44.56550000000448,-0.4742788402395895
44.57383000000448,-0.565370035848249
44.58216000000448,-0.6430244161802887
44.59049000000448,-0.7121655704464503
44.59882000000448,-0.7698323703752044
44.60715000000448,-0.8153301998575753
44.61548000000448,-0.8468088795748063
44.62381000000448,-0.8680760487386762
44.63214000000448,-0.8792475123752161
44.640470000004484,-0.88085843453289
44.648800000004485,-0.8652583465022787
44.657130000004486,-0.83205443362593
44.66546000000449,-0.7872789074996248
44.67379000000449,-0.729716072159232
44.68212000000449,-0.6584946579535528
44.69045000000449,-0.579044314078646
44.69878000000449,-0.48861064075489136
44.70711000000449,-0.39086687011448723
44.71544000000449,-0.2898960463777361
44.72377000000449,-0.1871938362207211
44.73210000000449,-0.0864556368081779
44.740430000004494,0.01765410026147404
44.748760000004495,0.12971592307833543
44.757090000004496,0.24237797540931125
44.7654200000045,0.3499356148550404
44.7737500000045,0.4516315666647679
44.7820800000045,0.5517072609076548
44.7904100000045,0.6448213738022351
44.7987400000045,0.730765920921516
44.8070700000045,0.8058128407772962
44.8154000000045,0.8676413914036081
44.8237300000045,0.9168994426046263
44.8320600000045,0.9518709778638345
44.840390000004504,0.9749022560567512
44.848720000004505,0.9875604689451526
44.857050000004506,0.9831393951904244
44.86538000000451,0.9647468414962508
44.87371000000451,0.935542344134438
44.88204000000451,0.8958510308500649
44.89037000000451,0.8429317505142307
44.89870000000451,0.7790894007830107
44.90703000000451,0.7072702549959644
44.91536000000451,0.6189250701234654
44.92369000000451,0.5182889076091933
44.93202000000451,0.4051967695431426
44.940350000004514,0.27822600000316877
44.948680000004515,0.14278982011016508
44.957010000004516,-0.0027962814741153363
44.96534000000452,-0.15228833149154458
44.97367000000452,-0.3025685848719161
44.98200000000452,-0.45673207345396716
44.99033000000452,-0.6073797350821204
44.99866000000452,-0.7487379599806258
45.00699000000452,-0.8830792198207869
45.01532000000452,-1.01097713575628
45.02365000000452,-1.129196955251686
45.03198000000452,-1.240390281973536
45.040310000004524,-1.3400589670892395
45.048640000004525,-1.4263540270539619
45.056970000004526,-1.494388678978735
45.06530000000453,-1.5449836344909729
45.07363000000453,-1.5716864932436463
45.08196000000453,-1.579031159777745
45.09029000000453,-1.5538160917964101
45.09862000000453,-1.4980125173578775
45.10695000000453,-1.4130780662791307
45.11528000000453,-1.3048636918819272
45.12361000000453,-1.1780315480801697
45.13194000000453,-1.0299656261235124
45.140270000004534,-0.8687469308380186
45.148600000004535,-0.7006147653903543
45.156930000004536,-0.5229168161915322
45.16526000000454,-0.34635583547751675
45.17359000000454,-0.16953366235517067
45.18192000000454,0.004132371148990151
45.19025000000454,0.1772980644133248
45.19858000000454,0.3450568669573027
45.20691000000454,0.5017563495355521
45.21524000000454,0.6466892969979793
45.22357000000454,0.7849475227827557
45.23190000000454,0.9186820223927695
45.240230000004544,1.0320127747065302
45.248560000004545,1.133340384265496
45.256890000004546,1.2244302760368246
45.26522000000455,1.3000650437421797
45.27355000000455,1.3616277040786282
45.28188000000455,1.404162883752895
45.29021000000455,1.428695143508133
45.29854000000455,1.4381455426452967
45.30687000000455,1.4305802989597427
45.31520000000455,1.4127244181449397
45.32353000000455,1.3854243396950345
45.33186000000455,1.3503708353249944
45.340190000004554,1.3028563093743784
45.348520000004555,1.2478586134597476
45.356850000004556,1.1856258162760052
45.36518000000456,1.1175107231181396
45.37351000000456,1.0426481405543835
45.38184000000456,0.9623460888646045
45.39017000000456,0.8803983841158214
45.39850000000456,0.8012432943582836
45.40683000000456,0.7202120567806022
45.41516000000456,0.641359366626803
45.42349000000456,0.56999083275024
45.431820000004564,0.5052523290834775
45.440150000004564,0.4430868827073895
45.448480000004565,0.38196872864687886
45.456810000004566,0.3238753302319539
45.46514000000457,0.26803935519245997
45.47347000000457,0.21046888925649532
45.48180000000457,0.15184230852623928
45.49013000000457,0.09207130798692087
45.49846000000457,0.029537326487409348
45.50679000000457,-0.0366947370017697
45.51512000000457,-0.10361343384128748
45.52345000000457,-0.17258169854874827
45.531780000004574,-0.24341454188350894
45.540110000004574,-0.3183865358520653
45.548440000004575,-0.395455513515051
45.556770000004576,-0.47617884138987554
45.56510000000458,-0.5569350889707166
45.57343000000458,-0.6416742545166052
45.58176000000458,-0.7284797442553431
45.59009000000458,-0.8140036847172589
45.59842000000458,-0.8999386353044826
45.60675000000458,-0.9802337266804526
45.61508000000458,-1.059719543816903
45.62341000000458,-1.1382983720838116
45.631740000004584,-1.214633389394291
45.640070000004584,-1.2899578824068934
45.648400000004585,-1.3610735888900476
45.656730000004586,-1.4264608742651916
45.66506000000459,-1.4821036859482615
45.67339000000459,-1.5314670924749028
45.68172000000459,-1.5707118786500955
45.69005000000459,-1.6003453312993257
45.69838000000459,-1.6184620813482584
45.70671000000459,-1.6201425124938096
45.71504000000459,-1.6095359676745666
45.72337000000459,-1.5820324055615587
45.731700000004594,-1.5423950866225007
45.740030000004595,-1.4884468248627318
45.748360000004595,-1.4182477790384784
45.756690000004596,-1.332244977808167
45.7650200000046,-1.2319840384228498
45.7733500000046,-1.1205293421555245
45.7816800000046,-0.9977829399055551
45.7900100000046,-0.8676191456650304
45.7983400000046,-0.7303400890182248
45.8066700000046,-0.5811955566423933
45.8150000000046,-0.4206304271600695
45.8233300000046,-0.24950238082289125
45.831660000004604,-0.07495433207845939
45.839990000004605,0.1027431060161064
45.848320000004605,0.27965450095227556
45.856650000004606,0.4499389677342939
45.86498000000461,0.6148712877210044
45.87331000000461,0.7728447728224489
45.88164000000461,0.9201869529095168
45.88997000000461,1.0626313342556721
45.89830000000461,1.1994195880987646
45.90663000000461,1.3278823888685398
45.91496000000461,1.4500646754071096
45.92329000000461,1.5639509089905725
45.931620000004614,1.6668879551017122
45.939950000004615,1.7573012579565634
45.948280000004615,1.833191822359009
45.956610000004616,1.8936254434718818
45.96494000000462,1.9385270172517672
45.97327000000462,1.9680935546763643
45.98160000000462,1.9838492082339254
45.98993000000462,1.9840633080963122
45.99826000000462,1.9659687463324829
46.00659000000462,1.9279895444411104
46.01492000000462,1.8759288256987812
46.02325000000462,1.8049426081606565
46.031580000004624,1.7138500622762134
46.039910000004625,1.611169448465893
46.048240000004625,1.4894534589541957
46.056570000004626,1.3531548005539384
46.06490000000463,1.2062792819901316
46.07323000000463,1.053720945874873
46.08156000000463,0.8921720382226109
46.08989000000463,0.7142570746945085
46.09822000000463,0.5292885738585061
46.10655000000463,0.33987710496984025
46.11488000000463,0.14166624616540624
46.12321000000463,-0.05529018523576057
46.131540000004634,-0.25448201520452723
46.139870000004635,-0.4469579296449164
46.148200000004636,-0.647892138872452
46.156530000004636,-0.8452097077836708
46.16486000000464,-1.0285073797645392
46.17319000000464,-1.202289982067485
46.18152000000464,-1.3663798041661679
46.18985000000464,-1.518856205257192
46.19818000000464,-1.654670504017571
46.20651000000464,-1.7720105285169234
46.21484000000464,-1.8694050994472822
46.22317000000464,-1.9376204726663
46.231500000004644,-1.9817306103707453
46.239830000004645,-2.0042863083091125
46.248160000004646,-2.0112367719916393
46.256490000004646,-1.9877244202603304
46.26482000000465,-1.9301254296351364
46.27315000000465,-1.8475127612595987
46.28148000000465,-1.737301112574645
46.28981000000465,-1.5928358119549155
46.29814000000465,-1.4255849177107647
46.30647000000465,-1.2501845585854559
46.31480000000465,-1.0630615992700878
46.32313000000465,-0.8709186458391125
46.331460000004654,-0.674131260147063
46.339790000004655,-0.4853469328443537
46.348120000004656,-0.3010664367476934
46.356450000004656,-0.11610678373142139
46.36478000000466,0.06043929255800085
46.37311000000466,0.22390841418660926
46.38144000000466,0.37838245984883184
46.38977000000466,0.5301701557195647
46.39810000000466,0.66824660329464
46.40643000000466,0.7888083494442055
46.41476000000466,0.9005980018374637
46.42309000000466,0.9967549292227943
46.431420000004664,1.0779566500103088
46.439750000004665,1.1424749183125578
46.448080000004666,1.1886316800510752
46.45641000000467,1.2178853655254849
46.46474000000467,1.2241383797015173
46.47307000000467,1.2097177309703393
46.48140000000467,1.1790437755468903
46.48973000000467,1.1399854459826588
46.49806000000467,1.092752749516956
46.50639000000467,1.0328831450704912
46.51472000000467,0.9612759765564879
46.52305000000467,0.8802105535672453
46.531380000004674,0.7908459389313031
46.539710000004675,0.6970052872392409
46.548040000004676,0.5972901075217646
46.55637000000468,0.4987396840193929
46.56470000000468,0.4004304277526547
46.57303000000468,0.3027472529872091
46.58136000000468,0.2091983023238386
46.58969000000468,0.12510375231752627
46.59802000000468,0.051036869782400844
46.60635000000468,-0.015543338644179056
46.61468000000468,-0.07195435456314506
46.62301000000468,-0.11606504441058597
46.631340000004684,-0.14818253592897107
46.639670000004685,-0.16721253395006355
46.648000000004686,-0.17734754416383824
46.65633000000469,-0.17485642369832957
46.66466000000469,-0.16397864430177972
46.67299000000469,-0.1505806028594658
46.68132000000469,-0.13312872345911897
46.68965000000469,-0.11193486531214317
46.69798000000469,-0.08828088268050048
46.70631000000469,-0.06562678875074024
46.71464000000469,-0.04374023937287037
46.72297000000469,-0.022077582703607528
46.731300000004694,-0.001626266969517521
46.739630000004695,0.017692253774130667
46.747960000004696,0.03417200761860907
46.7562900000047,0.0489492297983032
46.7646200000047,0.06333896293295614
46.7729500000047,0.07663383567592671
46.7812800000047,0.08889393424352204
46.7896100000047,0.09738682899882661
46.7979400000047,0.10181110352109188
46.8062700000047,0.10155748585058404
46.8146000000047,0.0972421893006691
46.8229300000047,0.08973193643665302
46.831260000004704,0.07948234662021096
46.839590000004705,0.0677443782241695
46.847920000004706,0.0534087714529481
46.85625000000471,0.038102610463254305
46.86458000000471,0.025297276534933348
46.87291000000471,0.014853191563109696
46.88124000000471,0.006981826294799261
46.88957000000471,-0.0013253101391591117
46.89790000000471,-0.011501554173127594
46.90623000000471,-0.021790377645235854
46.91456000000471,-0.034159507300041206
46.92289000000471,-0.0452331560047945
46.931220000004714,-0.05285222925501068
46.939550000004715,-0.058243312869323174
46.947880000004716,-0.060085224160659485
46.95621000000472,-0.058192413486299555
46.96454000000472,-0.05354109182145621
46.97287000000472,-0.04571610971243167
46.98120000000472,-0.034272280878388885
46.98953000000472,-0.022156673202245646
46.99786000000472,-0.010766554138179493
47.00619000000472,2.6310540981993137e-05
47.01452000000472,0.008026477749565742
47.02285000000472,0.015407572744832163
47.031180000004724,0.021878918855210427
47.039510000004725,0.02741332140231109
47.047840000004726,0.032409807552604156
47.05617000000473,0.03339416441958117
47.06450000000473,0.031864771528286526
47.07283000000473,0.030168529984910895
47.08116000000473,0.026186243673476196
47.08949000000473,0.017724530441925297
47.09782000000473,0.004980993555613916
47.10615000000473,-0.012303245389241024
47.11448000000473,-0.03177765612982206
47.12281000000473,-0.05476932745752144
47.131140000004734,-0.08110240782602016
47.139470000004735,-0.11003449515929978
47.147800000004736,-0.14003006135209145
47.15613000000474,-0.17234572238161533
47.16446000000474,-0.2036119032031229
47.17279000000474,-0.23366541177872008
47.18112000000474,-0.2697243489483212
47.18945000000474,-0.31115915688038315
47.19778000000474,-0.35368536859120747
47.20611000000474,-0.39689113165950235
47.21444000000474,-0.43647239455131337
47.22277000000474,-0.47762811061061494
47.231100000004744,-0.5189821899186728
47.239430000004745,-0.5586064065310218
47.247760000004746,-0.5925765726405502
47.25609000000475,-0.6213817811890667
47.26442000000475,-0.6431034103312538
47.27275000000475,-0.6606998304450432
47.28108000000475,-0.6781103910678935
47.28941000000475,-0.6931951129450676
47.29774000000475,-0.7039523668388501
47.30607000000475,-0.7118760158516678
47.31440000000475,-0.7143161517271313
47.32273000000475,-0.7132243571867878
47.331060000004754,-0.7052820586549948
47.339390000004755,-0.6906911341120207
47.347720000004756,-0.6693477702677606
47.35605000000476,-0.6363748200191501
47.36438000000476,-0.5930813873167838
47.37271000000476,-0.5415009225979414
47.38104000000476,-0.480342507747394
47.38937000000476,-0.41028550936249986
47.39770000000476,-0.3255391602403079
47.40603000000476,-0.2242856407183719
47.41436000000476,-0.11058323371613867
47.42269000000476,0.014503251964408867
47.431020000004764,0.15308901120255516
47.439350000004765,0.3021899906060164
47.447680000004766,0.45626500435907613
47.45601000000477,0.6155506923501565
47.46434000000477,0.7778302579740886
47.47267000000477,0.9381167843072897
47.48100000000477,1.0939137926573927
47.48933000000477,1.243058094101466
47.49766000000477,1.3860640997868503
47.50599000000477,1.5182293960287394
47.51432000000477,1.6357872101135198
47.522650000004774,1.739885996486798
47.530980000004774,1.832938875375826
47.539310000004775,1.9080061838447102
47.547640000004776,1.9626839784685635
47.55597000000478,2.0002578573515812
47.56430000000478,2.022299934852658
47.57263000000478,2.0249148509209585
47.58096000000478,2.0056605738582136
47.58929000000478,1.9616228838445384
47.59762000000478,1.891267828362874
47.60595000000478,1.8019134834827286
47.61428000000478,1.6891470935717012
47.622610000004784,1.5558937353665978
47.630940000004784,1.399666870835518
47.639270000004785,1.2227440523620376
47.647600000004786,1.0312786913468837
47.65593000000479,0.8276220339393636
47.66426000000479,0.609933784527594
47.67259000000479,0.38453256766721355
47.68092000000479,0.14867136991057028
47.68925000000479,-0.09298837062593965
47.69758000000479,-0.33397861695652786
47.70591000000479,-0.5693262230276852
47.71424000000479,-0.8041597104878578
47.722570000004794,-1.0285845232041113
47.730900000004794,-1.2443507246171932
47.739230000004795,-1.4453922236756918
47.747560000004796,-1.6276976414293687
47.7558900000048,-1.790810248731316
47.7642200000048,-1.9336120913560362
47.7725500000048,-2.0512452291074506
47.7808800000048,-2.1426681212064236
47.7892100000048,-2.206253428090058
47.7975400000048,-2.2422561444905553
47.8058700000048,-2.2509290238829585
47.8142000000048,-2.231969167706982
47.822530000004804,-2.181784247566986
47.830860000004805,-2.107935701196349
47.839190000004805,-2.011232793853151
47.847520000004806,-1.8960648637054347
47.85585000000481,-1.764893526352732
47.86418000000481,-1.6205497495673828
47.87251000000481,-1.4677214954934537
47.88084000000481,-1.3035816473201094
47.88917000000481,-1.1333251888122502
47.89750000000481,-0.9597090877091471
47.90583000000481,-0.7859414269590472
47.91416000000481,-0.6110710734808127
47.922490000004814,-0.4332853041451187
47.930820000004815,-0.2579577591080794
47.939150000004815,-0.08215882194701785
47.947480000004816,0.08411194545934779
47.95581000000482,0.24009106354850746
47.96414000000482,0.38754587382843037
47.97247000000482,0.5271396654160861
47.98080000000482,0.658577360657943
47.98913000000482,0.7798178188405804
47.99746000000482,0.888998445948332
48.00579000000482,0.9823862015711916
48.01412000000482,1.0656732636979906
48.022450000004824,1.1399672476281855
48.030780000004825,1.2041269562395909
48.039110000004825,1.2593979548698346
48.047440000004826,1.3003788875364306
48.05577000000483,1.3305774106477086
48.06410000000483,1.3535729494455957
48.07243000000483,1.3709692220555718
48.08076000000483,1.377564106288374
48.08909000000483,1.3774645216353472
48.09742000000483,1.3680158413479067
48.10575000000483,1.3476767026309342
48.11408000000483,1.322029495182617
48.122410000004834,1.2892352250614474
48.130740000004835,1.2459853553109912
48.139070000004835,1.196909099379557
48.147400000004836,1.141409616885753
48.15573000000484,1.0817464893048057
48.16406000000484,1.0194626851334632
48.17239000000484,0.9557424688208627
48.18072000000484,0.8900268892580587
48.18905000000484,0.8246789176603374
48.19738000000484,0.7534677794269671
48.20571000000484,0.6789951737999651
48.21404000000484,0.6029263537227671
48.222370000004844,0.521508541323139
48.230700000004845,0.43709861859078253
48.239030000004846,0.35318046306818185
48.247360000004846,0.2659322349729899
48.25569000000485,0.17822152227519986
48.26402000000485,0.091233635161837
48.27235000000485,0.002447938875508737
48.28068000000485,-0.08583577294063034
48.28901000000485,-0.17092408544750337
48.29734000000485,-0.2547348915064244
48.30567000000485,-0.33628382439557575
48.31400000000485,-0.4165748610519577
48.322330000004854,-0.495240762477831
48.330660000004855,-0.5698529249812828
48.338990000004856,-0.6414207474374884
48.347320000004856,-0.7075670861081903
48.35565000000486,-0.7693471335447387
48.36398000000486,-0.8302914091840778
48.37231000000486,-0.8854114018452731
48.38064000000486,-0.9342305547115447
48.38897000000486,-0.9757454472287177
48.39730000000486,-1.010597107170358
48.40563000000486,-1.039894038425057
48.41396000000486,-1.0637916101044664
48.422290000004864,-1.083466771747612
48.430620000004865,-1.098186098017446
48.438950000004866,-1.1043357078616876
48.44728000000487,-1.0996749854639754
48.45561000000487,-1.0914349163835553
48.46394000000487,-1.0815322913403251
48.47227000000487,-1.0607327061933265
48.48060000000487,-1.0342258712509922
48.48893000000487,-1.003621543337131
48.49726000000487,-0.9697457584180151
48.50559000000487,-0.9309391953373524
48.51392000000487,-0.8894679246614906
48.522250000004874,-0.8465990968567755
48.530580000004875,-0.8002060069636844
48.538910000004876,-0.7490763769360296
48.54724000000488,-0.6901999019283229
48.55557000000488,-0.6267636240299951
48.56390000000488,-0.5601225143506391
48.57223000000488,-0.4852043716321181
48.58056000000488,-0.4016215118724355
48.58889000000488,-0.31108224373655236
48.59722000000488,-0.21894195399783203
48.60555000000488,-0.12178748063097337
48.61388000000488,-0.01958020838591828
48.622210000004884,0.08262646792675829
48.630540000004885,0.1855898613839989
48.638870000004886,0.2924267350012476
48.64720000000489,0.40637093376817307
48.65553000000489,0.5229880716395923
48.66386000000489,0.6374134933450398
48.67219000000489,0.745847716062799
48.68052000000489,0.8468677106489796
48.68885000000489,0.9400647125739863
48.69718000000489,1.0226636302383034
48.70551000000489,1.0976641151598565
48.71384000000489,1.1647534902159946
48.722170000004894,1.2157813819079206
48.730500000004895,1.2520122605699622
48.738830000004896,1.2780002611594599
48.7471600000049,1.2932391771500527
48.7554900000049,1.295629490922758
48.7638200000049,1.2809864238653312
48.7721500000049,1.2469953585317173
48.7804800000049,1.194228380407409
48.7888100000049,1.126673095580745
48.7971400000049,1.0477946207056754
48.8054700000049,0.9537616348505235
48.8138000000049,0.842945844103537
48.822130000004904,0.7212847447919916
48.830460000004905,0.5836119216901161
48.838790000004906,0.4368495984052192
48.84712000000491,0.28693758536263914
48.85545000000491,0.13237694538278652
48.86378000000491,-0.02584304410573689
48.87211000000491,-0.18065585723405128
48.88044000000491,-0.33214819116410094
48.88877000000491,-0.4742548008545664
48.89710000000491,-0.6028312085168456
48.90543000000491,-0.7199234065606874
48.91376000000491,-0.8202121599269258
48.922090000004914,-0.8974476120339643
48.930420000004915,-0.9605845530230922
48.938750000004916,-1.0025800541612433
48.94708000000492,-1.0223366119070194
48.95541000000492,-1.025114319420979
48.96374000000492,-1.0072308967415244
48.97207000000492,-0.9643569807313517
48.98040000000492,-0.9010550559212033
48.98873000000492,-0.8172802758524369
48.99706000000492,-0.7149619059990396
49.00539000000492,-0.5988028958639412
49.01372000000492,-0.4756249559572859
49.022050000004924,-0.3405329338031053
49.030380000004925,-0.19795991673864802
49.038710000004926,-0.05548300234560564
49.04704000000493,0.0831663182863106
49.05537000000493,0.22026763556807877
49.06370000000493,0.3536882875781358
49.07203000000493,0.48174254870460287
49.08036000000493,0.6010278886591041
49.08869000000493,0.708622872277134
49.09702000000493,0.8026795292323602
49.10535000000493,0.8802344924513887
49.11368000000493,0.9399350603936248
49.122010000004934,0.9917143341888723
49.130340000004935,1.0296651946747821
49.138670000004936,1.049551177801674
49.14700000000494,1.0540376343471032
49.15533000000494,1.048002483360345
49.16366000000494,1.0309212523923046
49.17199000000494,1.0041619958080235
49.18032000000494,0.9645399288803348
49.18865000000494,0.9090392262662124
49.19698000000494,0.8425345062181048
49.20531000000494,0.7601330073829068
49.21364000000494,0.6621961220488071
49.221970000004944,0.5544222045576553
49.230300000004945,0.4377339835950118
49.238630000004946,0.31467771979693776
49.24696000000495,0.18707157580548658
49.25529000000495,0.059196737207410026
49.26362000000495,-0.0711141507251161
49.27195000000495,-0.20428476921891253
49.28028000000495,-0.33746118337872194
49.28861000000495,-0.4690323107088347
49.29694000000495,-0.5953577708868785
49.30527000000495,-0.7192816299540671
49.31360000000495,-0.8343166546824371
49.321930000004954,-0.9360437522608811
49.330260000004955,-1.0237472602051638
49.338590000004956,-1.093803408851149
49.34692000000496,-1.149270418344213
49.35525000000496,-1.1925718294488
49.36358000000496,-1.2264761175763919
49.37191000000496,-1.2507264610111513
49.38024000000496,-1.261861674437938
49.38857000000496,-1.2604852288021353
49.39690000000496,-1.2447120002280323
49.40523000000496,-1.2149906149397833
49.41356000000496,-1.172029768147238
49.421890000004964,-1.1160668307065074
49.430220000004965,-1.0495483347419685
49.438550000004966,-0.9737377506185801
49.44688000000497,-0.8893389902791771
49.45521000000497,-0.7991685872956606
49.46354000000497,-0.7059215309892608
49.47187000000497,-0.6112972887122325
49.48020000000497,-0.512275620512089
49.48853000000497,-0.4063446071500518
49.49686000000497,-0.2940478894938141
49.50519000000497,-0.17845436794473898
49.513520000004974,-0.06084721819556204
49.521850000004974,0.058423583454581665
49.530180000004975,0.17546360658216079
49.538510000004976,0.2889570433888899
49.54684000000498,0.40368127344005167
49.55517000000498,0.5148190885803858
49.56350000000498,0.6185332436195493
49.57183000000498,0.7176831895853922
49.58016000000498,0.811030428322342
49.58849000000498,0.89936587038059
49.59682000000498,0.981597604499611
49.60515000000498,1.0567349997998814
49.613480000004984,1.123124397010887
49.621810000004984,1.1776313649279468
49.630140000004985,1.2191937247313365
49.638470000004986,1.249150265991503
49.64680000000499,1.2708707362928893
49.65513000000499,1.282917544968936
49.66346000000499,1.2823082494357712
49.67179000000499,1.2728032968345708
49.68012000000499,1.2547693384265255
49.68845000000499,1.2279401159825636
49.69678000000499,1.1912386487343243
49.70511000000499,1.1422164860615405
49.713440000004994,1.0819584796479644
49.721770000004994,1.0125361620222628
49.730100000004995,0.9358346420455003
49.738430000004996,0.8492523299827938
49.746760000005,0.7569596548436306
49.755090000005,0.6639345463877919
49.763420000005,0.569753497778411
49.771750000005,0.4749137822911727
49.780080000005,0.3811104207254271
49.788410000005,0.2867490929013519
49.796740000005,0.1949443148076068
49.805070000005,0.10483780730204349
49.813400000005004,0.01897946277625607
49.821730000005005,-0.05871412067705238
49.830060000005005,-0.1323802359443017
49.838390000005006,-0.20445007171878712
49.84672000000501,-0.27132274824197056
49.85505000000501,-0.3335387871904297
49.86338000000501,-0.39248612480463485
49.87171000000501,-0.4508928276148254
49.88004000000501,-0.5064065193512185
49.88837000000501,-0.560020619482661
49.89670000000501,-0.6113580831000333
49.90503000000501,-0.6619902980440753
49.913360000005014,-0.7105967215339389
49.921690000005015,-0.756258076630255
49.930020000005015,-0.8030588765498339
49.938350000005016,-0.8502516323844873
49.94668000000502,-0.8953855052200023
49.95501000000502,-0.93719325565114
49.96334000000502,-0.9766602398869233
49.97167000000502,-1.0160794144516834
49.98000000000502,-1.0558767077426996
49.98833000000502,-1.0989145005073413
49.99666000000502,-1.1419461081275486
50.00499000000502,-1.184630015397445
50.013320000005024,-1.2274736144240397
50.021650000005025,-1.2699060468909273
50.029980000005025,-1.3104862315234438
50.038310000005026,-1.3446028003095194
50.04664000000503,-1.369002839300054
50.05497000000503,-1.3822471488843437
50.06330000000503,-1.3846151312694486
50.07163000000503,-1.3727397414889828
50.07996000000503,-1.3421661376671132
50.08829000000503,-1.2926703462876248
50.09662000000503,-1.2285177135389203
50.10495000000503,-1.1446388016644917
50.113280000005034,-1.0371411549855616
50.121610000005035,-0.9131952724837041
50.129940000005035,-0.7724017376824619
50.138270000005036,-0.6139718327795268
50.14660000000504,-0.44341186882210554
50.15493000000504,-0.2582485271391638
50.16326000000504,-0.0597386175206899
50.17159000000504,0.14125468889901557
50.17992000000504,0.34310830669479686
50.18825000000504,0.5423384491029771
50.19658000000504,0.7337210065427466
50.20491000000504,0.9226291340408511
50.213240000005044,1.1036585774730063
50.221570000005045,1.2687886290451884
50.229900000005046,1.4231248681861781
50.238230000005046,1.5680695037900305
50.24656000000505,1.6977211453994305
50.25489000000505,1.8178666001704682
50.26322000000505,1.9243259001330442
50.27155000000505,2.00951540888712
50.27988000000505,2.0758208033779204
50.28821000000505,2.124543019041345
50.29654000000505,2.1547962629107706
50.30487000000505,2.166404420626615
50.313200000005054,2.1545000243824415
50.321530000005055,2.1214982338505215
50.329860000005056,2.0688985898869636
50.338190000005056,1.995057367973992
50.34652000000506,1.8954395369709796
50.35485000000506,1.7766421531534569
50.36318000000506,1.6398505029331836
50.37151000000506,1.487227018832786
50.37984000000506,1.3210200675954058
50.38817000000506,1.1406255204750662
50.39650000000506,0.9495162671565341
50.40483000000506,0.7523769178871473
50.413160000005064,0.546161307789146
50.421490000005065,0.3362434848779501
50.429820000005066,0.12502563983775908
50.438150000005066,-0.08625485174021578
50.44648000000507,-0.299035759989067
50.45481000000507,-0.49795506737827444
50.46314000000507,-0.6741400570923757
50.47147000000507,-0.831756201407483
50.47980000000507,-0.9728316273599827
50.48813000000507,-1.099103919097486
50.49646000000507,-1.2110786942570404
50.50479000000507,-1.3101500619153024
50.513120000005074,-1.398686502071688
50.521450000005075,-1.477043357147263
50.529780000005076,-1.5447533045890098
50.53811000000508,-1.6019917871670424
50.54644000000508,-1.6468251531614408
50.55477000000508,-1.6675433991170234
50.56310000000508,-1.6657319121136018
50.57143000000508,-1.6485054609484477
50.57976000000508,-1.6125766564710484
50.58809000000508,-1.5576984638919564
50.59642000000508,-1.4904566522007456
50.60475000000508,-1.4135862593877297
50.613080000005084,-1.3270915705583322
50.621410000005085,-1.2323975174508328
50.629740000005086,-1.1309744373559423
50.63807000000509,-1.0242522804664456
50.64640000000509,-0.911304609389658
50.65473000000509,-0.7937972963827116
50.66306000000509,-0.6725737944770465
50.67139000000509,-0.5449642633587166
50.67972000000509,-0.4123531709981367
50.68805000000509,-0.28259709114588744
50.69638000000509,-0.15857548709188235
50.70471000000509,-0.03911121152158222
50.713040000005094,0.07535958883475649
50.721370000005095,0.1838630891540018
50.729700000005096,0.2857233617709371
50.7380300000051,0.3783451949316107
50.7463600000051,0.4618580386899702
50.7546900000051,0.5379437830134893
50.7630200000051,0.608085378219918
50.7713500000051,0.6720556264724017
50.7796800000051,0.7262739580865465
50.7880100000051,0.768800363401048
50.7963400000051,0.8028425673336262
50.8046700000051,0.8306644177560184
50.813000000005104,0.8497458406830656
50.821330000005105,0.8590992745951761
50.829660000005106,0.8595719858552201
50.83799000000511,0.8504340089161234
50.84632000000511,0.8329194367894914
50.85465000000511,0.809022941371209
50.86298000000511,0.7742817780335205
50.87131000000511,0.7291288017326454
50.87964000000511,0.6774389905003743
50.88797000000511,0.6190684184885603
50.89630000000511,0.5532910931333259
50.90463000000511,0.48265733409064165
50.912960000005114,0.4053557853638319
50.921290000005115,0.3244487580707743
50.929620000005116,0.24322315174056103
50.93795000000512,0.16149107326650547
50.94628000000512,0.08007673514502436
50.95461000000512,0.0008563556444148986
50.96294000000512,-0.07677044298371262
50.97127000000512,-0.14958456842248274
50.97960000000512,-0.21535079451984204
50.98793000000512,-0.2697325118484863
50.99626000000512,-0.30820741082422465
51.00459000000512,-0.3310079194020848
51.012920000005124,-0.3409752284316659
51.021250000005125,-0.3386681500491477
51.029580000005126,-0.3245912046825237
51.03791000000513,-0.30057888462428184
51.04624000000513,-0.2673168099056192
51.05457000000513,-0.22845074845795638
51.06290000000513,-0.1877122266700312
51.07123000000513,-0.14594700221253457
51.07956000000513,-0.10175480206733122
51.08789000000513,-0.051724050776655824
51.09622000000513,0.0013829352561732081
51.10455000000513,0.04962648542577672
51.112880000005134,0.09268251677069374
51.121210000005135,0.1334222952787978
51.129540000005136,0.17338974543193586
51.13787000000514,0.21042809256865716
51.14620000000514,0.24275119596865366
51.15453000000514,0.2680177047062392
51.16286000000514,0.2848565389271687
51.17119000000514,0.2938913696956868
51.17952000000514,0.2957746817412081
51.18785000000514,0.29033803986686607
51.19618000000514,0.2768637326080036
51.20451000000514,0.25526758369886615
51.212840000005144,0.22754808895954123
51.221170000005145,0.1951641592893646
51.229500000005146,0.15884361901774097
51.23783000000515,0.11885900798797187
51.24616000000515,0.07703766987213391
51.25449000000515,0.03432476387636473
51.26282000000515,-0.009435702594969127
51.27115000000515,-0.05278751129359078
51.27948000000515,-0.09121286139389191
51.28781000000515,-0.12140903377266872
51.29614000000515,-0.14372041938466124
51.30447000000515,-0.15963802018517143
51.312800000005154,-0.1697769204546048
51.321130000005155,-0.17362229714093347
51.329460000005156,-0.16980807979581092
51.33779000000516,-0.15841746686386596
51.34612000000516,-0.138836682550567
51.35445000000516,-0.11132016983955355
51.36278000000516,-0.0787887309980114
51.37111000000516,-0.043285885586524804
51.37944000000516,-0.0048879669652186755
51.38777000000516,0.03510594431186301
51.39610000000516,0.07283381181689288
51.40443000000516,0.10484194460403085
51.412760000005164,0.1313869977782582
51.421090000005165,0.15377900189046453
51.429420000005166,0.17358624037157505
51.43775000000517,0.18769441019491967
51.44608000000517,0.19376455706444204
51.45441000000517,0.19375355092515234
51.46274000000517,0.18843703869465697
51.47107000000517,0.17488310568739107
51.47940000000517,0.15320314035565413
51.48773000000517,0.12315425621770054
51.49606000000517,0.08387871407313137
51.50439000000517,0.03465702320068703
51.512720000005174,-0.02263938064434697
51.521050000005175,-0.08187392481046493
51.529380000005176,-0.14534016739742414
51.53771000000518,-0.21635718999128092
51.54604000000518,-0.29350039440990716
51.55437000000518,-0.37295349288885743
51.56270000000518,-0.4529487591672085
51.57103000000518,-0.5365433184321813
51.57936000000518,-0.6216430526073293
51.58769000000518,-0.7048415643434583
51.59602000000518,-0.7840051776621307
51.604350000005184,-0.8563555604731806
51.612680000005184,-0.9178635729850484
51.621010000005185,-0.9681394645136271
51.629340000005186,-1.0080553601251525
51.63767000000519,-1.0333864343300174
51.64600000000519,-1.043382031911248
51.65433000000519,-1.0380010354791787
51.66266000000519,-1.0180811714058313
51.67099000000519,-0.9831317968129483
51.67932000000519,-0.930055862255853
51.68765000000519,-0.8587383617177157
51.69598000000519,-0.771462349598346
51.704310000005194,-0.6665589740163761
51.712640000005194,-0.5468699592757525
51.720970000005195,-0.41615978317228686
51.729300000005196,-0.27079877909353045
51.7376300000052,-0.11450269636064159
51.7459600000052,0.045446722337676694
51.7542900000052,0.20481057517566564
51.7626200000052,0.36181067186348415
51.7709500000052,0.5174907114466613
51.7792800000052,0.6686391301508959
51.7876100000052,0.8141132263754727
51.7959400000052,0.9523739159436868
51.804270000005204,1.0824665900740964
51.812600000005204,1.201801950530823
51.820930000005205,1.3110247242115298
51.829260000005206,1.4115697935625207
51.83759000000521,1.4972743928947378
51.84592000000521,1.5648686470929607
51.85425000000521,1.617037361461296
51.86258000000521,1.6567156378348804
51.87091000000521,1.6809427581330145
51.87924000000521,1.6884384490985163
51.88757000000521,1.6836151316692844
51.89590000000521,1.664295411469714
51.904230000005214,1.6265321927415226
51.912560000005215,1.572951661285571
51.920890000005215,1.5070311458534589
51.929220000005216,1.4264766894643652
51.93755000000522,1.3292584332194297
51.94588000000522,1.220323446466763
51.95421000000522,1.0969113668340786
51.96254000000522,0.9591216048867981
51.97087000000522,0.8105163959837717
51.97920000000522,0.6518837545265427
51.98753000000522,0.48655691528399136
51.99586000000522,0.3155387719447852
52.004190000005224,0.14192642553010343
52.012520000005225,-0.027972805327263598
52.020850000005225,-0.19467053186964522
52.029180000005226,-0.36068762104882596
52.03751000000523,-0.5240315933392206
52.04584000000523,-0.683828227004319
52.05417000000523,-0.8468081958856132
52.06250000000523,-1.0115902983276084
52.07083000000523,-1.1718985017771213
52.07916000000523,-1.3291456617648498
52.08749000000523,-1.4810691503554005
52.09582000000523,-1.6217640573203005
52.104150000005234,-1.7460227608006074
52.112480000005235,-1.8523390342615755
52.120810000005235,-1.9406080724226686
52.129140000005236,-2.0077057017225703
52.13747000000524,-2.0533100477455934
52.14580000000524,-2.0792232204200256
52.15413000000524,-2.086848526341544
52.16246000000524,-2.074952839140945
52.17079000000524,-2.039280677921487
52.17912000000524,-1.9849771377368466
52.18745000000524,-1.9115757742248554
52.19578000000524,-1.8154581023895202
52.204110000005244,-1.6996554173443403
52.212440000005245,-1.5677116661635329
52.220770000005245,-1.4199055113980474
52.229100000005246,-1.2558702363168681
52.23743000000525,-1.0817021668863407
52.24576000000525,-0.8999256190922678
52.25409000000525,-0.7111159821817892
52.26242000000525,-0.5181901032835501
52.27075000000525,-0.3248001916098218
52.27908000000525,-0.13873491233299054
52.28741000000525,0.04200056556979441
52.29574000000525,0.21896384725052306
52.304070000005254,0.387865730786024
52.312400000005255,0.5454352145561577
52.320730000005256,0.6890860303510402
52.329060000005256,0.8205699453571302
52.33739000000526,0.9390723245706655
52.34572000000526,1.0450366080974711
52.35405000000526,1.1369597901249835
52.36238000000526,1.2117484940322434
52.37071000000526,1.2688814081023514
52.37904000000526,1.3112286850120964
52.38737000000526,1.343865061681748
52.39570000000526,1.3649802372430369
52.404030000005264,1.3720694776778315
52.412360000005265,1.363456318408129
52.420690000005266,1.3377926757250922
52.429020000005266,1.3023604113036331
52.43735000000527,1.2607619260252487
52.44568000000527,1.2128463584532436
52.45401000000527,1.1561830301037124
52.46234000000527,1.0909500310076328
52.47067000000527,1.0197487118572426
52.47900000000527,0.9460010745664407
52.48733000000527,0.872164575345826
52.49566000000527,0.794771962062182
52.503990000005274,0.7161514419653677
52.512320000005275,0.638903561571849
52.520650000005276,0.5640028674319575
52.52898000000528,0.4968785238043287
52.53731000000528,0.4364153391645622
52.54564000000528,0.38012096470523093
52.55397000000528,0.3262599943358835
52.56230000000528,0.2756764523136373
52.57063000000528,0.22781132958788478
52.57896000000528,0.18140470112404167
52.58729000000528,0.137251261938833
52.59562000000528,0.09330428219556082
52.603950000005284,0.04859799572038913
52.612280000005285,0.0015606341379275793
52.620610000005286,-0.04489000778211136
52.62894000000529,-0.09107852822448707
52.63727000000529,-0.14232683405386803
52.64560000000529,-0.19603330864332932
52.65393000000529,-0.2479109542154712
52.66226000000529,-0.2973045287234657
52.67059000000529,-0.3468042226957628
52.67892000000529,-0.398508125075165
52.68725000000529,-0.45351056444919147
52.69558000000529,-0.5110532587283707
52.703910000005294,-0.5722411279814452
52.712240000005295,-0.6392174493473632
52.720570000005296,-0.7087663420346866
52.7289000000053,-0.7814600526327912
52.7372300000053,-0.8558065731387455
52.7455600000053,-0.9289696447240704
52.7538900000053,-0.9983160624921419
52.7622200000053,-1.0613647044276049
52.7705500000053,-1.1164969230323765
52.7788800000053,-1.1627792162367465
52.7872100000053,-1.1986794746822114
52.7955400000053,-1.2228366987553032
52.803870000005304,-1.235698407531103
52.812200000005305,-1.2384291676089862
52.820530000005306,-1.230190972592214
52.82886000000531,-1.2083404031124816
52.83719000000531,-1.1741258479171732
52.84552000000531,-1.1311413000151256
52.85385000000531,-1.073732130745595
52.86218000000531,-0.9993427624031532
52.87051000000531,-0.9098910443531918
52.87884000000531,-0.8102382117778504
52.88717000000531,-0.7021436279866397
52.89550000000531,-0.5863064725299617
52.903830000005314,-0.4649661771428304
52.912160000005315,-0.3412421392737833
52.920490000005316,-0.21559507088916768
52.92882000000532,-0.08743349334801069
52.93715000000532,0.04015505061534975
52.94548000000532,0.16711388760796303
52.95381000000532,0.29602294068286167
52.96214000000532,0.42286631539244557
52.97047000000532,0.54345879699054
52.97880000000532,0.6518519185187744
52.98713000000532,0.74899962921579
52.99546000000532,0.8364307129088431
53.003790000005324,0.9110093696762601
53.012120000005325,0.971828397746312
53.020450000005326,1.0215024366674073
53.02878000000533,1.0586021884006607
53.03711000000533,1.0809565656935116
53.04544000000533,1.090753077516046
53.05377000000533,1.0888359759057868
53.06210000000533,1.0752628208534332
53.07043000000533,1.0486850459841948
53.07876000000533,1.008318538779524
53.08709000000533,0.9584259070866619
53.09542000000533,0.9022557073140717
53.103750000005334,0.8385550291763209
53.112080000005335,0.767764699464655
53.120410000005336,0.689682106254667
53.12874000000534,0.6020696951636645
53.13707000000534,0.5076535093886799
53.14540000000534,0.41102896485501333
53.15373000000534,0.312850936874631
53.16206000000534,0.21627295312559167
53.17039000000534,0.11836787651134556
53.17872000000534,0.021641426467805015
53.18705000000534,-0.07140357129834435
53.19538000000534,-0.16106728091867126
53.203710000005344,-0.24726111624330452
53.212040000005345,-0.33173461287948636
53.220370000005346,-0.4138185372010036
53.22870000000535,-0.4899505565365842
53.23703000000535,-0.5564387141655512
53.24536000000535,-0.6144287170947935
53.25369000000535,-0.6638801546352103
53.26202000000535,-0.7025654873374795
53.27035000000535,-0.7332317659060174
53.27868000000535,-0.7561782535086038
53.28701000000535,-0.7708110862880808
53.29534000000535,-0.7766582650593715
53.303670000005354,-0.7712976466855146
53.312000000005355,-0.7536800592236647
53.320330000005356,-0.7212346727645585
53.32866000000536,-0.672715127344311
53.33699000000536,-0.6111608962115974
53.34532000000536,-0.5415612840944084
53.35365000000536,-0.4621416452620611
53.36198000000536,-0.37348154459983546
53.37031000000536,-0.27595586625960083
53.37864000000536,-0.17093184908808484
53.38697000000536,-0.06074076384316191
53.39530000000536,0.05399815870297617
53.403630000005364,0.17165572704669013
53.411960000005365,0.28997315584070316
53.420290000005366,0.40656498971090343
53.42862000000537,0.5164835469008617
53.43695000000537,0.6178102380320388
53.44528000000537,0.7088167793288066
53.45361000000537,0.7893328787087731
53.46194000000537,0.8583803736733455
53.47027000000537,0.9157779599160627
53.47860000000537,0.9612689275398061
53.48693000000537,0.9925575101354186
53.49526000000537,1.0100851895873084
53.503590000005374,1.01558256671038
53.511920000005375,1.006185084773294
53.520250000005376,0.9819351220650366
53.52858000000538,0.9435734119884165
53.53691000000538,0.8919242296392809
53.54524000000538,0.8271803216208411
53.55357000000538,0.7504348046279775
53.56190000000538,0.6572414215589626
53.57023000000538,0.5458180268380712
53.57856000000538,0.4229001901520977
53.58689000000538,0.2905738337321992
53.595220000005384,0.14582349868512187
53.603550000005384,-0.009243760040787695
53.611880000005385,-0.1680741329803873
53.620210000005386,-0.3265526767334624
53.62854000000539,-0.4826777878112141
53.63687000000539,-0.6316801815334536
53.64520000000539,-0.7671769818052309
53.65353000000539,-0.8883304421634894
53.66186000000539,-1.0005617377866636
53.67019000000539,-1.1001674290655057
53.67852000000539,-1.1825519943861384
53.68685000000539,-1.2507115220629552
53.695180000005394,-1.3069663828759783
53.703510000005394,-1.346389914510621
53.711840000005395,-1.3642027906223892
53.720170000005396,-1.3642271800610082
53.7285000000054,-1.3468541790490889
53.7368300000054,-1.3087132236553596
53.7451600000054,-1.2518513603114603
53.7534900000054,-1.180872130924378
53.7618200000054,-1.0956318465504002
53.7701500000054,-0.9963986960374427
53.7784800000054,-0.8895720452687608
53.7868100000054,-0.7768253228875134
53.795140000005404,-0.6588106193013964
53.803470000005404,-0.5369514775994261
53.811800000005405,-0.41408934846542184
53.820130000005406,-0.2893522472389475
53.82846000000541,-0.16288246034764173
53.83679000000541,-0.03839298551050598
53.84512000000541,0.08290281974970021
53.85345000000541,0.20142557220834997
53.86178000000541,0.31790074670816953
53.87011000000541,0.4288543838582663
53.87844000000541,0.5299809955657696
53.88677000000541,0.6214985881124117
53.895100000005414,0.6998180654355041
53.903430000005415,0.7660645769653084
53.911760000005415,0.82310885319387
53.920090000005416,0.8713509216797259
53.92842000000542,0.9105232221969156
53.93675000000542,0.9391483606591573
53.94508000000542,0.9559628725243807
53.95341000000542,0.9621123800354443
53.96174000000542,0.9593603699986916
53.97007000000542,0.9513105168103458
53.97840000000542,0.9409059747414539
53.98673000000542,0.9273972758493005
53.995060000005424,0.908569268697865
54.003390000005425,0.8873983153997942
54.011720000005425,0.863811923379316
54.020050000005426,0.8382376054094037
54.02838000000543,0.811645939385604
54.03671000000543,0.7809642316895148
54.04504000000543,0.7455284315988633
54.05337000000543,0.7083336121126677
54.06170000000543,0.6719617374572467
54.07003000000543,0.638529205332044
54.07836000000543,0.6094728168432956
54.08669000000543,0.5839715989541836
54.095020000005434,0.5585164755488209
54.103350000005435,0.5347292295866701
54.111680000005435,0.5069644442197875
54.120010000005436,0.4741767013070057
54.12834000000544,0.43516940157097805
54.13667000000544,0.38976357223345054
54.14500000000544,0.33839958318220215
54.15333000000544,0.2792591904805696
54.16166000000544,0.21443283625224865
54.16999000000544,0.14430752859887475
54.17832000000544,0.06865675841586885
54.18665000000544,-0.010857807006021092
54.194980000005444,-0.09306962209722494
54.203310000005445,-0.1760190694413965
54.211640000005445,-0.2610219681908428
54.219970000005446,-0.3509814936243518
54.22830000000545,-0.44559187526095245
54.23663000000545,-0.5412160006890745
54.24496000000545,-0.6383852524333429
54.25329000000545,-0.7359470960697957
54.26162000000545,-0.8327661860057294
54.26995000000545,-0.928707568125511
54.27828000000545,-1.0226874755457076
54.28661000000545,-1.1106717678374818
54.294940000005454,-1.1912625100606509
54.303270000005455,-1.262856442391671
54.311600000005456,-1.3242209129422455
54.319930000005456,-1.3780587578461694
54.32826000000546,-1.4244268722926574
54.33659000000546,-1.4598999718777756
54.34492000000546,-1.480837302532859
54.35325000000546,-1.4882590722500155
54.36158000000546,-1.4844728651130326
54.36991000000546,-1.4691820052150544
54.37824000000546,-1.4424381970295288
54.38657000000546,-1.404116610113206
54.394900000005464,-1.3571328684066097
54.403230000005465,-1.3009155326327855
54.411560000005466,-1.2349352896229273
54.419890000005466,-1.1596029255543947
54.42822000000547,-1.0760811116796671
54.43655000000547,-0.9827335788926468
54.44488000000547,-0.876702329618685
54.45321000000547,-0.7619502251539721
54.46154000000547,-0.6409936240138341
54.46987000000547,-0.5140552189803811
54.47820000000547,-0.37895468722807196
54.48653000000547,-0.23909033569171081
54.494860000005474,-0.09826289057741837
54.503190000005475,0.04386750326916434
54.511520000005476,0.18814689189091618
54.519850000005476,0.33182750000101846
54.52818000000548,0.47411758425179895
54.53651000000548,0.6119655143788453
54.54484000000548,0.7453425994540955
54.55317000000548,0.8740701514353668
54.56150000000548,0.9973419899775122
54.56983000000548,1.1164451003998113
54.57816000000548,1.2298581746165391
54.58649000000548,1.336954420759906
54.594820000005484,1.4383260179779742
54.603150000005485,1.5309519221518764
54.611480000005486,1.611445073627962
54.61981000000549,1.679502232417828
54.62814000000549,1.7346493085301378
54.63647000000549,1.7708094808481625
54.64480000000549,1.7890313494521584
54.65313000000549,1.7917564900482845
54.66146000000549,1.776727041108441
54.66979000000549,1.7419857469325233
54.67812000000549,1.6861750778380593
54.68645000000549,1.6146875909922718
54.694780000005494,1.5308740520954325
54.703110000005495,1.4280838520151524
54.711440000005496,1.3049404205488757
54.7197700000055,1.1662944097604093
54.7281000000055,1.017131093963652
54.7364300000055,0.8502560476048824
54.7447600000055,0.6738599952851135
54.7530900000055,0.49041482725214514
54.7614200000055,0.29696517715006204
54.7697500000055,0.09739391308665137
54.7780800000055,-0.10215600386243706
54.7864100000055,-0.2971601412251904
54.794740000005504,-0.4835465891315399
54.803070000005505,-0.6662169038905114
54.811400000005506,-0.8421364595274593
54.81973000000551,-1.005470328994884
54.82806000000551,-1.1555315722267951
54.83639000000551,-1.2957941362775718
54.84472000000551,-1.4182611938339444
54.85305000000551,-1.5242053178369133
54.86138000000551,-1.61048634316266
54.86971000000551,-1.6728448982632769
54.87804000000551,-1.712836410410456
54.88637000000551,-1.73239408768954
54.894700000005514,-1.7293798617243876
54.903030000005515,-1.7018896560097367
54.911360000005516,-1.6471448696355389
54.91969000000552,-1.5686217399303601
54.92802000000552,-1.4720358957230817
54.93635000000552,-1.3593436342222047
54.94468000000552,-1.2308243975370274
54.95301000000552,-1.091403549140729
54.96134000000552,-0.9450655920668574
54.96967000000552,-0.7978344250484256
54.97800000000552,-0.6518788158908283
54.98633000000552,-0.5077083461146068
54.994660000005524,-0.3669159040751951
55.002990000005525,-0.23147466225542154
55.011320000005526,-0.10047641856701368
55.01965000000553,0.02413139723624984
55.02798000000553,0.14269968452021503
55.03631000000553,0.2530090095820744
55.04464000000553,0.35503032544638874
55.05297000000553,0.4431075068760678
55.06130000000553,0.5145057175747761
55.06963000000553,0.5748013326296098
55.07796000000553,0.6270512679348094
55.08629000000553,0.6669495008348993
55.094620000005534,0.6921816675754566
55.102950000005535,0.7046953194870571
55.111280000005536,0.7067614732506986
55.11961000000554,0.6997286460954873
55.12794000000554,0.6865218960316918
55.13627000000554,0.6648974571313079
55.14460000000554,0.6318983078482573
55.15293000000554,0.5903181391436537
55.16126000000554,0.5426537975149339
55.16959000000554,0.4933196662932475
55.17792000000554,0.4393278400386756
55.18625000000554,0.38116381966553126
55.194580000005544,0.318874250727057
55.202910000005545,0.2567818212105152
55.211240000005546,0.1961716184646945
55.21957000000555,0.13664502802538955
55.22790000000555,0.08293494311958907
55.23623000000555,0.03414873781876187
55.24456000000555,-0.010302826823145194
55.25289000000555,-0.04364816447960959
55.26122000000555,-0.0671846004500385
55.26955000000555,-0.0832218723200029
55.27788000000555,-0.09349117753075002
55.28621000000555,-0.09764391271171799
55.294540000005554,-0.09982373141740826
55.302870000005555,-0.09826115390989747
55.311200000005556,-0.09293335577840371
55.31953000000556,-0.08792946425034011
55.32786000000556,-0.08120771178410946
55.33619000000556,-0.07415765226106408
55.34452000000556,-0.06887688648136872
55.35285000000556,-0.06309792682121604
55.36118000000556,-0.058183736105215496
55.36951000000556,-0.0553084098560995
55.37784000000556,-0.052594451042643306
55.38617000000556,-0.05050940256437614
55.394500000005564,-0.04882977630078041
55.402830000005565,-0.048061459852922
55.411160000005566,-0.0487227324081014
55.41949000000557,-0.05118074992736695
55.42782000000557,-0.05429358915165962
55.43615000000557,-0.05877289583569343
55.44448000000557,-0.06562244837189721
55.45281000000557,-0.07213217708093445
55.46114000000557,-0.07830613208616906
55.46947000000557,-0.085173534219562
55.47780000000557,-0.09050687951244805
55.48613000000557,-0.09437289146803302
55.494460000005574,-0.09660741847277232
55.502790000005575,-0.09800518976370078
55.511120000005576,-0.09889425835197924
55.51945000000558,-0.09875078159880188
55.52778000000558,-0.09717683433698661
55.53611000000558,-0.09417287161385685
55.54444000000558,-0.09007817701021519
55.55277000000558,-0.08320312853371378
55.56110000000558,-0.0746467968604778
55.56943000000558,-0.06701792106083697
55.57776000000558,-0.05646953200992825
55.58609000000558,-0.0428787972471961
55.594420000005584,-0.02865659974774286
55.602750000005585,-0.013873504468136687
55.611080000005586,0.00021470258655599078
55.61941000000559,0.0127755028271842
55.62774000000559,0.023248151764693338
55.63607000000559,0.031110381835258345
55.64440000000559,0.036486317618670314
55.65273000000559,0.03959917640320279
55.66106000000559,0.03971591048305867
55.66939000000559,0.03800659257411249
55.67772000000559,0.03873628267823839
55.686050000005594,0.03972870031317475
55.694380000005594,0.039292519606651276
55.702710000005595,0.03705278600566591
55.711040000005596,0.031971137369150554
55.7193700000056,0.024788172179898576
55.7277000000056,0.015317373349940471
55.7360300000056,0.0025498057803330487
55.7443600000056,-0.010692960668894793
55.7526900000056,-0.024645266445023444
55.7610200000056,-0.03899268665342089
55.7693500000056,-0.051433874810448754
55.7776800000056,-0.061223890120972804
55.786010000005604,-0.0719822282026393
55.794340000005604,-0.08348657022998951
55.802670000005605,-0.09760614985447505
55.811000000005606,-0.11388978718233819
55.81933000000561,-0.13419013812243932
55.82766000000561,-0.15884004835145643
55.83599000000561,-0.18776682780080295
55.84432000000561,-0.21768792726063832
55.85265000000561,-0.2504931394073612
55.86098000000561,-0.2880364928882603
55.86931000000561,-0.33127038402926257
55.87764000000561,-0.37813612363794746
55.885970000005614,-0.427745090641606
55.894300000005614,-0.47942342244278197
55.902630000005615,-0.5327295571148364
55.910960000005616,-0.5854183749909281
55.91929000000562,-0.6360591063207903
55.92762000000562,-0.6842580791252577
55.93595000000562,-0.7294925646014382
55.94428000000562,-0.7716097968703612
55.95261000000562,-0.8104305620165605
55.96094000000562,-0.8435106967558627
55.96927000000562,-0.8721649618608507
55.97760000000562,-0.8947049593631844
55.985930000005624,-0.904617971321551
55.994260000005625,-0.8996674764190803
56.002590000005625,-0.8802885457670466
56.010920000005626,-0.8472038545046611
56.01925000000563,-0.7987795008697965
56.02758000000563,-0.7375719691525715
56.03591000000563,-0.663221117932103
56.04424000000563,-0.5720831356449066
56.05257000000563,-0.46086265918960906
56.06090000000563,-0.3346948278672178
56.06923000000563,-0.20174390319216373
56.07756000000563,-0.05752887769856494
56.085890000005634,0.09794112841071706
56.094220000005635,0.26253087658004576
56.102550000005635,0.4297405828780308
56.110880000005636,0.5932327464261578
56.11921000000564,0.7517296609296257
56.12754000000564,0.9040318532187896
56.13587000000564,1.0485710019165535
56.14420000000564,1.185557934470335
56.15253000000564,1.3115755137175658
56.16086000000564,1.4243763863872894
56.16919000000564,1.5217907210829822
56.17752000000564,1.6082404004851014
56.185850000005644,1.6780829102591508
56.194180000005645,1.735896698459224
56.202510000005645,1.7795801825447044
56.210840000005646,1.8042324980068067
56.21917000000565,1.8105284321439037
56.22750000000565,1.7985879639484796
56.23583000000565,1.7670515662226147
56.24416000000565,1.7167103935908687
56.25249000000565,1.6419950722339953
56.26082000000565,1.5483427478980487
56.26915000000565,1.4330037007452288
56.27748000000565,1.2979011183246196
56.285810000005654,1.1441821421055975
56.294140000005655,0.9794468044434737
56.302470000005655,0.7993843160286096
56.310800000005656,0.6095297879936665
56.31913000000566,0.4140092829388909
56.32746000000566,0.2162819510984621
56.33579000000566,0.014323939289727078
56.34412000000566,-0.1893682583284932
56.35245000000566,-0.39971214615782263
56.36078000000566,-0.600734439322086
56.36911000000566,-0.7927168277437899
56.37744000000566,-0.9719659808443957
56.385770000005664,-1.1396016170592707
56.394100000005665,-1.2940532690411488
56.402430000005666,-1.4351316476591103
56.410760000005666,-1.5552214435193126
56.41909000000567,-1.651741738883466
56.42742000000567,-1.7248835995070413
56.43575000000567,-1.7790305987995285
56.44408000000567,-1.814424865010509
56.45241000000567,-1.8304248379834318
56.46074000000567,-1.8232151053014554
56.46907000000567,-1.7974996933649197
56.47740000000567,-1.7498371434434747
56.485730000005674,-1.6882243613979833
56.494060000005675,-1.618102013243454
56.502390000005676,-1.5357256650115654
56.510720000005676,-1.440986801658207
56.51905000000568,-1.3367359030262087
56.52738000000568,-1.224728663066889
56.53571000000568,-1.1075272766390623
56.54404000000568,-0.9898267191256145
56.55237000000568,-0.8750226822905616
56.56070000000568,-0.7608139302752756
56.56903000000568,-0.6424478104177902
56.57736000000568,-0.5151612374144413
56.585690000005684,-0.3888236764266306
56.594020000005685,-0.2669444644065575
56.602350000005686,-0.14602705162653476
56.61068000000569,-0.02657922682519813
56.61901000000569,0.08713022268268827
56.62734000000569,0.19807733568270844
56.63567000000569,0.3022298199272401
56.64400000000569,0.3987562658042188
56.65233000000569,0.48644697533288206
56.66066000000569,0.5698118843348362
56.66899000000569,0.6505024792929559
56.67732000000569,0.7299391233678204
56.685650000005694,0.8002580567076288
56.693980000005695,0.8609623327370599
56.702310000005696,0.914445337267413
56.7106400000057,0.9602634260629119
56.7189700000057,0.9981272788371118
56.7273000000057,1.0318618196417466
56.7356300000057,1.0564075586979897
56.7439600000057,1.073984530503997
56.7522900000057,1.0840749098686842
56.7606200000057,1.0882733502881832
56.7689500000057,1.0857201491741892
56.7772800000057,1.0774797620095884
56.785610000005704,1.0621304483978868
56.793940000005705,1.0382351580499543
56.802270000005706,1.0058445799026676
56.81060000000571,0.9645489019886788
56.81893000000571,0.9185697611492938
56.82726000000571,0.8688269907205337
56.83559000000571,0.8118251730795946
56.84392000000571,0.7504568745241
56.85225000000571,0.6872172490210141
56.86058000000571,0.6193627247833339
56.86891000000571,0.5450858385220079
56.87724000000571,0.4712323594321826
56.885570000005714,0.39495442896692257
56.893900000005715,0.3143178330741928
56.902230000005716,0.23268674285090776
56.91056000000572,0.1525024011616826
56.91889000000572,0.07877550106465221
56.92722000000572,0.008886220050379333
56.93555000000572,-0.05582237429313611
56.94388000000572,-0.11423814882544311
56.95221000000572,-0.1699849629091188
56.96054000000572,-0.22615734360105544
56.96887000000572,-0.2782181436493339
56.97720000000572,-0.3266365595488915
56.985530000005724,-0.37529890257576265
56.993860000005725,-0.4251616095802568
57.002190000005726,-0.4734850477739289
57.01052000000573,-0.5201533435289262
57.01885000000573,-0.5635248541787603
57.02718000000573,-0.6073381858959439
57.03551000000573,-0.6498003316723907
57.04384000000573,-0.6904620324695177
57.05217000000573,-0.7301475013818707
57.06050000000573,-0.7662733425101561
57.06883000000573,-0.7993817662187743
57.07716000000573,-0.8313569581724823
57.085490000005734,-0.860580147455244
57.093820000005735,-0.8889225675556996
57.102150000005736,-0.9145706476265031
57.11048000000574,-0.9358734507497867
57.11881000000574,-0.9544298981515966
57.12714000000574,-0.9720082324416244
57.13547000000574,-0.9850381771125059
57.14380000000574,-0.9921280292793381
57.15213000000574,-0.9906670431905059
57.16046000000574,-0.9812270071300859
57.16879000000574,-0.9642663585889225
57.17712000000574,-0.9389967419024257
57.185450000005744,-0.9039369695394591
57.193780000005745,-0.8596921313440707
57.202110000005746,-0.8054300909302221
57.21044000000575,-0.7389997496288879
57.21877000000575,-0.6650746227398463
57.22710000000575,-0.5846414176472451
57.23543000000575,-0.4952233555019885
57.24376000000575,-0.3968408388077969
57.25209000000575,-0.28779309624809574
57.26042000000575,-0.17036065334977932
57.26875000000575,-0.04715683382828607
57.27708000000575,0.07498004091887736
57.285410000005754,0.19410564600205887
57.293740000005755,0.30987369364837597
57.302070000005756,0.42321070517291337
57.31040000000576,0.5320843653593079
57.31873000000576,0.6334824015366204
57.32706000000576,0.7248674479091946
57.33539000000576,0.8112306974382086
57.34372000000576,0.8909413748208264
57.35205000000576,0.9642397710040335
57.36038000000576,1.0303802773366217
57.36871000000576,1.0833044765729394
57.37704000000576,1.118410943172479
57.385370000005764,1.1368362041842013
57.393700000005765,1.140215563617788
57.402030000005766,1.1279719265588923
57.41036000000577,1.0995458748944356
57.41869000000577,1.0594582026285084
57.42702000000577,1.0042848968619151
57.43535000000577,0.9388564291026705
57.44368000000577,0.8540622993588164
57.45201000000577,0.7586075597120023
57.46034000000577,0.6544936735861775
57.46867000000577,0.5403793917698149
57.47700000000577,0.4134238301840339
57.485330000005774,0.2787317684345861
57.493660000005775,0.14016729018906432
57.501990000005776,-0.00030393526844554533
57.51032000000578,-0.14001570154701617
57.51865000000578,-0.27221215452441866
57.52698000000578,-0.3982669198800018
57.53531000000578,-0.5153352327035964
57.54364000000578,-0.6242020806007306
57.55197000000578,-0.716008155101783
57.56030000000578,-0.7926889638797542
57.56863000000578,-0.8550763427939183
57.57696000000578,-0.9039571533187136
57.585290000005784,-0.9330355085824448
57.593620000005785,-0.9439919176983947
57.601950000005786,-0.9346321372354823
57.61028000000579,-0.9098737092550415
57.61861000000579,-0.8701315865770447
57.62694000000579,-0.8113929480898324
57.63527000000579,-0.7349336396443326
57.64360000000579,-0.6425877836363812
57.65193000000579,-0.5384469170439641
57.66026000000579,-0.4261584470458773
57.66859000000579,-0.3109644656492582
57.676920000005794,-0.19075645166008112
57.685250000005794,-0.06878691428896924
57.693580000005795,0.05017693839459254
57.701910000005796,0.16479199518015666
57.7102400000058,0.27064939019825474
57.7185700000058,0.3662642183961795
57.7269000000058,0.4557557554378902
57.7352300000058,0.5373013766776522
57.7435600000058,0.6100277918058852
57.7518900000058,0.6729700313285554
57.7602200000058,0.7236873960802512
57.7685500000058,0.7624682894292616
57.776880000005804,0.7914840720601173
57.785210000005804,0.8105430911936986
57.793540000005805,0.8174344193904952
57.801870000005806,0.8102952604126578
57.81020000000581,0.7931721230124513
57.81853000000581,0.7637351636242395
57.82686000000581,0.7257315305154229
57.83519000000581,0.6803624309434539
57.84352000000581,0.6261563439999587
57.85185000000581,0.5624511476571104
57.86018000000581,0.4920933947186814
57.86851000000581,0.4160013123089095
57.876840000005814,0.3364967989373911
57.885170000005814,0.2535585229541031
57.893500000005815,0.1657759326355924
57.901830000005816,0.07261201402622207
57.91016000000582,-0.023315629930960657
57.91849000000582,-0.12189249930983849
57.92682000000582,-0.21878718343884915
57.93515000000582,-0.31313979542572173
57.94348000000582,-0.40730632751856155
57.95181000000582,-0.49671970924622505
57.96014000000582,-0.5828254455009358
57.96847000000582,-0.6647558715616233
57.976800000005824,-0.7388028079209685
57.985130000005825,-0.8098202284202395
57.993460000005825,-0.8743755569400524
58.001790000005826,-0.9337876652388618
58.01012000000583,-0.9869856899442705
58.01845000000583,-1.0319136404867275
58.02678000000583,-1.0655539199578177
58.03511000000583,-1.0893624400774529
58.04344000000583,-1.1058089025684326
58.05177000000583,-1.106603285083351
58.06010000000583,-1.1003597781623904
58.06843000000583,-1.0849623399775117
58.076760000005834,-1.057369020653333
58.085090000005835,-1.024077021118012
58.093420000005835,-0.9769021313842097
58.101750000005836,-0.9200944468536806
58.11008000000584,-0.8535405375175917
58.11841000000584,-0.7768559629197475
58.12674000000584,-0.6899290306283972
58.13507000000584,-0.5946601646387497
58.14340000000584,-0.4888398914289436
58.15173000000584,-0.37262465270310063
58.16006000000584,-0.2600162272301028
58.16839000000584,-0.15021772791875956
58.176720000005844,-0.03544570641036958
58.185050000005845,0.07552556669867748
58.193380000005845,0.18343749079287355
58.201710000005846,0.2879974633940116
58.21004000000585,0.3878075892376864
58.21837000000585,0.4834850846988986
58.22670000000585,0.5770453989455807
58.23503000000585,0.6667899762707556
58.24336000000585,0.7509450630272994
58.25169000000585,0.8236963775267374
58.26002000000585,0.8805387653171206
58.26835000000585,0.9262312623880539
58.276680000005854,0.962884389549757
58.285010000005855,0.9850053196968358
58.293340000005855,0.9956060947745546
58.301670000005856,0.9969253327238681
58.31000000000586,0.9904045428737375
58.31833000000586,0.9774620687664171
58.32666000000586,0.9616545680793015
58.33499000000586,0.9390786790368673
58.34332000000586,0.9113646158750789
58.35165000000586,0.8756095197452304
58.35998000000586,0.8348926709073643
58.36831000000586,0.7879371005345389
58.376640000005864,0.7369283395234807
58.384970000005865,0.6854038489263771
58.393300000005866,0.6325410524619306
58.401630000005866,0.5770621628089874
58.40996000000587,0.5213876897373642
58.41829000000587,0.4663189762228975
58.42662000000587,0.41596260890684955
58.43495000000587,0.368488914918437
58.44328000000587,0.32114473319311326
58.45161000000587,0.2743013879994036
58.45994000000587,0.2321617143548336
58.46827000000587,0.1906682969067217
58.476600000005874,0.15229992240030882
58.484930000005875,0.11434245374015685
58.493260000005876,0.07382745585783182
58.501590000005876,0.03054351222006825
58.50992000000588,-0.017320071150039237
58.51825000000588,-0.06426479559871709
58.52658000000588,-0.11202757090454672
58.53491000000588,-0.16423429972072362
58.54324000000588,-0.22157142606782185
58.55157000000588,-0.27792135889574576
58.55990000000588,-0.3362445876632627
58.56823000000588,-0.397041331290447
58.576560000005884,-0.4605344945811096
58.584890000005885,-0.5254070259720741
58.593220000005886,-0.5935108808885011
58.601550000005886,-0.6604139345959
58.60988000000589,-0.7287800106326813
58.61821000000589,-0.7969782515490444
58.62654000000589,-0.8636329056304767
58.63487000000589,-0.9337724984148282
58.64320000000589,-1.005481574586883
58.65153000000589,-1.0737225980155218
58.65986000000589,-1.1425458194980835
58.66819000000589,-1.2074805819825802
58.676520000005894,-1.268727385152435
58.684850000005895,-1.323668024525169
58.693180000005896,-1.3666479633306359
58.7015100000059,-1.397069750480142
58.7098400000059,-1.4139604418576563
58.7181700000059,-1.4125942557279505
58.7265000000059,-1.3898464276624256
58.7348300000059,-1.3523074621138755
58.7431600000059,-1.2975468378721116
58.7514900000059,-1.2248112742757784
58.7598200000059,-1.1335451600325863
58.7681500000059,-1.026853666322
58.776480000005904,-0.9057160085081319
58.784810000005905,-0.763053845935391
58.793140000005906,-0.5919266659495319
58.80147000000591,-0.42484549785909026
58.80980000000591,-0.25329413172530696
58.81813000000591,-0.07948250273754184
58.82646000000591,0.09361494030085579
58.83479000000591,0.2613156311390267
58.84312000000591,0.4216955295651459
58.85145000000591,0.571274347926579
58.85978000000591,0.718251767223919
58.86811000000591,0.8613477417406271
58.876440000005914,1.0025269160694343
58.884770000005915,1.1469485146967877
58.893100000005916,1.2847664727912511
58.90143000000592,1.3983197598855541
58.90976000000592,1.50136990723188
58.91809000000592,1.5926366487429924
58.92642000000592,1.6711303609375858
58.93475000000592,1.7326092074247654
58.94308000000592,1.7779796252230138
58.95141000000592,1.8052804761283878
58.95974000000592,1.8175354369190484
58.96807000000592,1.8142258883027116
58.976400000005924,1.7917957076257067
58.984730000005925,1.7492249322658704
58.993060000005926,1.6871910117244222
59.00139000000593,1.6094818058429001
59.00972000000593,1.5171316147495628
59.01805000000593,1.4111537008866382
59.02638000000593,1.2934915588566662
59.03471000000593,1.1674338966501552
59.04304000000593,1.0322382775229795
59.05137000000593,0.8870960244882359
59.05970000000593,0.7369232768035398
59.06803000000593,0.5800318939700709
59.076360000005934,0.4208633788327503
59.084690000005935,0.2602851302830459
59.093020000005936,0.09938895289108222
59.10135000000594,-0.06156131347266193
59.10968000000594,-0.21538933272342897
59.11801000000594,-0.3667855758102488
59.12634000000594,-0.5060920709069954
59.13467000000594,-0.6351856378267432
59.14300000000594,-0.7572439406142308
59.15133000000594,-0.8684256420827199
59.15966000000594,-0.9685811419251313
59.16799000000594,-1.0586040843104851
59.176320000005944,-1.1345105752319815
59.184650000005945,-1.20062974979432
59.192980000005946,-1.258911409302969
59.20131000000595,-1.3044983058209934
59.20964000000595,-1.335814246783791
59.21797000000595,-1.3545909996201382
59.22630000000595,-1.359578491619322
59.23463000000595,-1.3527426867072114
59.24296000000595,-1.3331725281606874
59.25129000000595,-1.2992634037153221
59.25962000000595,-1.251815624181436
59.26795000000595,-1.191555530027286
59.276280000005954,-1.1206151451854598
59.284610000005955,-1.03982402010487
59.292940000005956,-0.9471097835754698
59.30127000000596,-0.8474198570539716
59.30960000000596,-0.7438641757576466
59.31793000000596,-0.6358141727825064
59.32626000000596,-0.5260575900468331
59.33459000000596,-0.4155739453880944
59.34292000000596,-0.3060945179293447
59.35125000000596,-0.19410534256226714
59.35958000000596,-0.08594000159639298
59.36791000000596,0.018069517252490362
59.376240000005964,0.11962655069720292
59.384570000005965,0.21795436050996986
59.392900000005966,0.31201518534458195
59.40123000000597,0.3954331155493052
59.40956000000597,0.471299806296943
59.41789000000597,0.5377356748350313
59.42622000000597,0.5937414376783384
59.43455000000597,0.6366944944964782
59.44288000000597,0.6704973232549998
59.45121000000597,0.6954007270115932
59.45954000000597,0.7063625209326799
59.46787000000597,0.7075635505365099
59.476200000005974,0.7042249390295433
59.484530000005975,0.6896939450948247
59.492860000005976,0.6663827835518573
59.50119000000598,0.631111336199046
59.50952000000598,0.5868725118236933
59.51785000000598,0.5375142949269822
59.52618000000598,0.482319787225671
59.53451000000598,0.42634897035176195
59.54284000000598,0.37042074228802546
59.55117000000598,0.3097870421210005
59.55950000000598,0.24239750139727068
59.56783000000598,0.17316152998934053
59.576160000005984,0.10829049206313922
59.584490000005985,0.041901300381338956
59.592820000005986,-0.02170956449135146
59.60115000000599,-0.08263242109390866
59.60948000000599,-0.13489148526592404
59.61781000000599,-0.17678324336831072
59.62614000000599,-0.21013049346839438
59.63447000000599,-0.23042013614047613
59.64280000000599,-0.2418414653928561
59.65113000000599,-0.24824803576766608
59.65946000000599,-0.24965038873044962
59.66779000000599,-0.24098229937368423
59.676120000005994,-0.22351053997668577
59.684450000005995,-0.2021347068061104
59.692780000005996,-0.1740561376735458
59.701110000006,-0.14335271215171497
59.709440000006,-0.10769566636439747
59.717770000006,-0.07038224262627282
59.726100000006,-0.03160008406298488
59.734430000006,0.008370803132970601
59.742760000006,0.04666918754381546
59.751090000006,0.08161180144938121
59.759420000006,0.11229629123549649
59.767750000006004,0.14008674638757312
59.776080000006004,0.16148252682254136
59.784410000006005,0.17472070638938095
59.792740000006006,0.18457056922389134
59.80107000000601,0.19023892629742828
59.80940000000601,0.1908453610415336
59.81773000000601,0.18452886766211846
59.82606000000601,0.17335739378052542
59.83439000000601,0.15822188965241823
59.84272000000601,0.13328627010858957
59.85105000000601,0.10184944891473413
59.85938000000601,0.06458978197373397
59.867710000006014,0.023098454103368603
59.876040000006014,-0.020495858986536122
59.884370000006015,-0.06372008130974953
59.892700000006016,-0.10277036307001182
59.90103000000602,-0.13508914684608098
59.90936000000602,-0.16378917791643222
59.91769000000602,-0.18529403454123256
59.92602000000602,-0.20121244603771762
59.93435000000602,-0.20950748899632332
59.94268000000602,-0.21068991904527615
59.95101000000602,-0.20332490308757156
59.95934000000602,-0.18806599122218892
59.967670000006024,-0.16388471778399316
59.976000000006024,-0.13465105153645845
59.984330000006025,-0.09855020414987137
59.992660000006026,-0.055782376112866586
60.00099000000603,-0.010372809395284656
60.00932000000603,0.03892190791406597
60.01765000000603,0.08795548736303822
60.02598000000603,0.1313706797948631
60.03431000000603,0.17561385761826975
60.04264000000603,0.22023379995983344
60.05097000000603,0.26227627756837796
60.05930000000603,0.2969569167382382
60.067630000006034,0.3223644657588651
60.075960000006035,0.34014995337215603
60.084290000006035,0.3488179218970777
60.092620000006036,0.3477799704259348
60.10095000000604,0.33264589126938116
60.10928000000604,0.3133981477134373
60.11761000000604,0.2791411690574652
60.12594000000604,0.23398794730052355
60.13427000000604,0.1830978117058417
60.14260000000604,0.12913117351289652
60.15093000000604,0.0667905221433443
60.15926000000604,-0.0041723547394418555
60.167590000006044,-0.07900264244433042
60.175920000006045,-0.15726659662585474
60.184250000006045,-0.24348432053885383
60.192580000006046,-0.32741623312690893
60.20091000000605,-0.4130338792147969
60.20924000000605,-0.4920097163591014
60.21757000000605,-0.5690283179440129
60.22590000000605,-0.6421568289373923
60.23423000000605,-0.7095193941303978
60.24256000000605,-0.7685406485835482
60.25089000000605,-0.8229333694909295
60.25922000000605,-0.8684611769040371
60.267550000006054,-0.9065026390562706
60.275880000006055,-0.9371103573046379
60.284210000006055,-0.9592075180132236
60.292540000006056,-0.9688764951085165
60.30087000000606,-0.9660870065987422
60.30920000000606,-0.9493702215940151
60.31753000000606,-0.919805605417384
60.32586000000606,-0.8792271772442882
60.33419000000606,-0.8234850335486883
60.34252000000606,-0.7583075326825777
60.35085000000606,-0.6831150504220375
60.35918000000606,-0.5987786974913691
60.367510000006064,-0.5040644017289202
60.375840000006065,-0.3998658429765753
60.384170000006065,-0.2882557872053988
60.392500000006066,-0.17109020554510046
60.40083000000607,-0.047639825467287886
60.40916000000607,0.07517404014707486
60.41749000000607,0.1976711179962644
60.42582000000607,0.3228799527006506
60.43415000000607,0.4472997766581394
60.44248000000607,0.5657290192747784
60.45081000000607,0.6795781792539188
60.45914000000607,0.7906506105281428
60.467470000006074,0.8983682268067695
60.475800000006075,0.9996205492377007
60.484130000006076,1.0951389593725371
60.492460000006076,1.1823377492159364
60.50079000000608,1.2578646283415371
60.50912000000608,1.3195968544284664
60.51745000000608,1.3684463494438732
60.52578000000608,1.4066641792249606
60.53411000000608,1.4316828952232163
60.54244000000608,1.444282132310178
60.55077000000608,1.442931304863625
60.55910000000608,1.4325912673231767
60.567430000006084,1.4072013141067952
60.575760000006085,1.370988984762147
60.584090000006086,1.3207631843214191
60.592420000006086,1.2569538146393997
60.60075000000609,1.1812776114330696
60.60908000000609,1.0901031400221448
60.61741000000609,0.9833418244531101
60.62574000000609,0.8646155585843995
60.63407000000609,0.7354742998998846
60.64240000000609,0.5989003625005542
60.65073000000609,0.4546999557909464
60.65906000000609,0.3055891608172371
60.667390000006094,0.14969731605645728
60.675720000006095,-0.007894809455915629
60.684050000006096,-0.16802085922356116
60.6923800000061,-0.3225651668786591
60.7007100000061,-0.47735023865092674
60.7090400000061,-0.6379352198826004
60.7173700000061,-0.794325863106333
60.7257000000061,-0.9430882758179723
60.7340300000061,-1.0786754904241898
60.7423600000061,-1.2048640678251779
60.7506900000061,-1.3215041240004297
60.7590200000061,-1.4285544143819011
60.767350000006104,-1.5206897842137324
60.775680000006105,-1.5984457420653282
60.784010000006106,-1.654954640382117
60.79234000000611,-1.6941731008637186
60.80067000000611,-1.7211030705583927
60.80900000000611,-1.7330933809186277
60.81733000000611,-1.7182708475515258
60.82566000000611,-1.6806388338349223
60.83399000000611,-1.619718618794001
60.84232000000611,-1.5437427924572402
60.85065000000611,-1.447657176986576
60.85898000000611,-1.336037240506803
60.867310000006114,-1.210294604267955
60.875640000006115,-1.074297699465131
60.883970000006116,-0.9277517313853079
60.89230000000612,-0.777885563002595
60.90063000000612,-0.6260592661424439
60.90896000000612,-0.4741977545109717
60.91729000000612,-0.3211826182056346
60.92562000000612,-0.16988159963128469
60.93395000000612,-0.0210031478963245
60.94228000000612,0.11892588564090928
60.95061000000612,0.25301375760063377
60.95894000000612,0.37437277746300485
60.967270000006124,0.48420684565644756
60.975600000006125,0.5861749719844823
60.983930000006126,0.6792372909497904
60.99226000000613,0.7604640670274645
61.00059000000613,0.8294284039968334
61.00892000000613,0.8876002564949242
61.01725000000613,0.9325136730945096
61.02558000000613,0.9684874149252474
61.03391000000613,0.9942765014717877
61.04224000000613,1.0066888594743348
61.05057000000613,1.010410341667006
61.05890000000613,1.0072297912077424
61.067230000006134,0.9963637109517587
61.075560000006135,0.9770939446703638
61.083890000006136,0.950860668697354
61.09222000000614,0.9207077211966735
61.10055000000614,0.8876675733557812
61.10888000000614,0.8536221373941684
61.11721000000614,0.8160716686939506
61.12554000000614,0.7800284829095934
61.13387000000614,0.7474024935738891
61.14220000000614,0.7173959630677532
61.15053000000614,0.6906319506832816
61.15886000000614,0.665052246264745
61.167190000006144,0.6371145711422156
61.175520000006145,0.6089850223897516
61.183850000006146,0.5828775062217361
61.19218000000615,0.5619751472429828
61.20051000000615,0.5406338967217827
61.20884000000615,0.5197283294125203
61.21717000000615,0.49957690482038103
61.22550000000615,0.4776215881145454
61.23383000000615,0.45337170615221645
61.24216000000615,0.42838249659046246
61.25049000000615,0.39944280169440843
61.25882000000615,0.3616950578062524
61.267150000006154,0.31643316342472305
61.275480000006155,0.2648378672267143
61.283810000006156,0.20955655799188064
61.29214000000616,0.15098334319619708
61.30047000000616,0.08374574441010726
61.30880000000616,0.012610317653781249
61.31713000000616,-0.0646681237333634
61.32546000000616,-0.14664309181611646
61.33379000000616,-0.2284083296105773
61.34212000000616,-0.31239959461204064
61.35045000000616,-0.3978532465779057
61.35878000000616,-0.488978942579296
61.367110000006164,-0.5766884964758434
61.375440000006165,-0.6626962679602355
61.383770000006166,-0.741409219078856
61.39210000000617,-0.8150554449780202
61.40043000000617,-0.8827457560801766
61.40876000000617,-0.9425029958375815
61.41709000000617,-0.9975622844803184
61.42542000000617,-1.0350198332986094
61.43375000000617,-1.0604043813507973
61.44208000000617,-1.0801214226081197
61.45041000000617,-1.0880270912735506
61.45874000000617,-1.0846096537313408
61.467070000006174,-1.068731887227043
61.475400000006175,-1.047854909410982
61.483730000006176,-1.0149606252389527
61.49206000000618,-0.9733649682239403
61.50039000000618,-0.9206265209940127
61.50872000000618,-0.8603131292455869
61.51705000000618,-0.7933730819850658
61.52538000000618,-0.7131830042839219
61.53371000000618,-0.6274928753874396
61.54204000000618,-0.5344722439256695
61.55037000000618,-0.4387780190992981
61.55870000000618,-0.33750493499798007
61.567030000006184,-0.24057747557384188
61.575360000006185,-0.14384778527307704
61.583690000006186,-0.04239250510766372
61.59202000000619,0.0567568203479702
61.60035000000619,0.15589709298035104
61.60868000000619,0.2465338464728529
61.61701000000619,0.32989326684977677
61.62534000000619,0.41299722109273
61.63367000000619,0.4913521327774677
61.64200000000619,0.5665749332650579
61.65033000000619,0.632865726778378
61.65866000000619,0.6949940512750825
61.666990000006194,0.747616394892133
61.675320000006195,0.7940436479351167
61.683650000006196,0.833821275958693
61.6919800000062,0.8653170551937781
61.7003100000062,0.8823408240398364
61.7086400000062,0.8880220587067623
61.7169700000062,0.8829669144014215
61.7253000000062,0.8755590481481874
61.7336300000062,0.8543910422767996
61.7419600000062,0.8265183227740546
61.7502900000062,0.7886056851040179
61.758620000006204,0.7432828061931889
61.766950000006204,0.6900731140051725
61.775280000006205,0.6286046330508703
61.783610000006206,0.5570071029565089
61.79194000000621,0.4802465630039748
61.80027000000621,0.39683645454390265
61.80860000000621,0.31611914826145054
61.81693000000621,0.23163592696097823
61.82526000000621,0.15001765688567434
61.83359000000621,0.0645713922811327
61.84192000000621,-0.016563213921791563
61.85025000000621,-0.10089056282868546
61.858580000006214,-0.17941311138269894
61.866910000006214,-0.2565407478465898
61.875240000006215,-0.33574521759278814
61.883570000006216,-0.41253397743626624
61.89190000000622,-0.4846072392175669
61.90023000000622,-0.5489661269276114
61.90856000000622,-0.605665629187381
61.91689000000622,-0.65402271528859
61.92522000000622,-0.6935632054771936
61.93355000000622,-0.7209150846678309
61.94188000000622,-0.7369495316429993
61.95021000000622,-0.7384547101907913
61.958540000006224,-0.7229563022388362
61.966870000006224,-0.6960736474753997
61.975200000006225,-0.6562852997087105
61.983530000006226,-0.5978502307542088
61.99186000000623,-0.5262818418533995
62.00019000000623,-0.44539068056953834
62.00852000000623,-0.3589936147121569
62.01685000000623,-0.26107996145285284
62.02518000000623,-0.1575758844518873
62.03351000000623,-0.04807211450615077
62.04184000000623,0.06350307737375101
62.05017000000623,0.18340195049639557
62.058500000006234,0.29834601974253894
62.066830000006235,0.4071694686411524
62.075160000006235,0.5079742168218973
62.083490000006236,0.6056569577205452
62.09182000000624,0.6933108684326449
62.10015000000624,0.7654424041428369
62.10848000000624,0.8259185548959407
62.11681000000624,0.8794681738823588
62.12514000000624,0.919751142908953
62.13347000000624,0.9466074039474403
62.14180000000624,0.9669069767893114
62.15013000000624,0.9770465049398294
62.158460000006244,0.9698345518606605
62.166790000006245,0.9480879490395644
62.175120000006245,0.9091153038122253
62.183450000006246,0.8583866753893854
62.19178000000625,0.8042073833937101
62.20011000000625,0.7343896277554501
62.20844000000625,0.6497907185888943
62.21677000000625,0.5439338839891467
62.22510000000625,0.4299019228759228
62.23343000000625,0.30194299417625237
62.24176000000625,0.16927083440173224
62.25009000000625,0.036936562174557444
62.258420000006254,-0.09532217973227206
62.266750000006255,-0.22434846724286128
62.275080000006255,-0.3558165754705453
62.283410000006256,-0.4710913975588317
62.29174000000626,-0.5689057646225705
62.30007000000626,-0.669793620441261
62.30840000000626,-0.7648943149484367
62.31673000000626,-0.8557183883271894
62.32506000000626,-0.9306185039532658
62.33339000000626,-0.9972447998940766
62.34172000000626,-1.047221461918701
62.35005000000626,-1.0741342038150805
62.358380000006264,-1.0850510369046815
62.366710000006265,-1.0786395825696178
62.375040000006265,-1.058692000168632
62.383370000006266,-1.0207356778757914
62.39170000000627,-0.9746799936402055
62.40003000000627,-0.917396940408899
62.40836000000627,-0.849989566898227
62.41669000000627,-0.7735450740903028
62.42502000000627,-0.6941961255214351
62.43335000000627,-0.6144061552621048
62.44168000000627,-0.5267956858495019
62.45001000000627,-0.4295881219827472
62.458340000006274,-0.3300342881693676
62.466670000006275,-0.23330048385522975
62.475000000006276,-0.1397819238740509
62.483330000006276,-0.05738246000076557
62.49166000000628,0.022665589184299173
62.49999000000628,0.10139176822323749
62.50832000000628,0.17120296728229928
62.51665000000628,0.23238195764934974
62.52498000000628,0.2831526502484037
62.53331000000628,0.3259683024955523
62.54164000000628,0.3743062692009421
62.54997000000628,0.42368015175821866
62.558300000006284,0.46974229303228987
62.566630000006285,0.5111216915019181
62.574960000006286,0.5483962491369384
62.583290000006286,0.5788809739991457
62.59162000000629,0.6072579838972826
62.59995000000629,0.63241170943155
62.60828000000629,0.653165065390892
62.61661000000629,0.6700246764480455
62.62494000000629,0.6850755625182912
62.63327000000629,0.6969599507584617
62.64160000000629,0.7102039721418986
62.64993000000629,0.7234062646876521
62.658260000006294,0.7350174175031022
62.666590000006295,0.7426590797183398
62.674920000006296,0.7457149908180355
62.683250000006296,0.7449718160324557
62.6915800000063,0.7410306121126076
62.6999100000063,0.7370451248023561
62.7082400000063,0.7312932464940904
62.7165700000063,0.7264649529612585
62.7249000000063,0.7191426682756036
62.7332300000063,0.7037798532083934
62.7415600000063,0.6849475122841955
62.7498900000063,0.6603161835374015
62.758220000006304,0.6293194074361099
62.766550000006305,0.5916701894587714
62.774880000006306,0.5495625146213179
62.78321000000631,0.4998923897212639
62.79154000000631,0.44835629787151826
62.79987000000631,0.39211745504733425
62.80820000000631,0.33322292614894916
62.81653000000631,0.27835329317813834
62.82486000000631,0.22058302762517942
62.83319000000631,0.15611178685237118
62.84152000000631,0.08626806945616469
62.84985000000631,0.011519690616028722
62.858180000006314,-0.06880824636980921
62.866510000006315,-0.1510804200658717
62.874840000006316,-0.23623722480390513
62.88317000000632,-0.32488489875210097
62.89150000000632,-0.41295167225107315
62.89983000000632,-0.5006560180035465
62.90816000000632,-0.5817189302761884
62.91649000000632,-0.6537654372552858
62.92482000000632,-0.7224955541385106
62.93315000000632,-0.7868653176633119
62.94148000000632,-0.8503623666893407
62.94981000000632,-0.9094744315430049
62.958140000006324,-0.9665786697563888
62.966470000006325,-1.0174085966431843
62.974800000006326,-1.0624375149881904
62.98313000000633,-1.101961367033694
62.99146000000633,-1.1361642579042153
62.99979000000633,-1.1611320315229863
63.00812000000633,-1.1776144357512282
63.01645000000633,-1.1868133952071807
63.02478000000633,-1.1892165908751406
63.03311000000633,-1.1851255747184397
63.04144000000633,-1.1715309661006479
63.04977000000633,-1.1517247631101821
63.058100000006334,-1.1262552416013552
63.066430000006335,-1.0888845324013812
63.074760000006336,-1.0401640807431987
63.08309000000634,-0.9814836182843951
63.09142000000634,-0.9118430483060039
63.09975000000634,-0.8304965744978375
63.10808000000634,-0.7411758562574806
63.11641000000634,-0.640941274231127
63.12474000000634,-0.533241771278473
63.13307000000634,-0.41936103144630293
63.14140000000634,-0.2942329416218119
63.14973000000634,-0.17138716845562837
63.158060000006344,-0.03967232332465275
63.166390000006345,0.0957478294653416
63.174720000006346,0.23057577407309948
63.18305000000635,0.3668561013831969
63.19138000000635,0.5043777617819499
63.19971000000635,0.643603060254877
63.20804000000635,0.7825357104504125
63.21637000000635,0.9167602312958442
63.22470000000635,1.0441111092787672
63.23303000000635,1.1649203152937986
63.24136000000635,1.2787305428435876
63.24969000000635,1.3751946011768217
63.258020000006354,1.466376025867325
63.266350000006355,1.5384747972881019
63.274680000006356,1.5974643397866775
63.28301000000636,1.641577886238182
63.29134000000636,1.6719165808310577
63.29967000000636,1.6880869777872298
63.30800000000636,1.6890548570401154
63.31633000000636,1.67127760542925
63.32466000000636,1.6381343835063797
63.33299000000636,1.5881521205820965
63.34132000000636,1.5180221665776792
63.34965000000636,1.431434192410849
63.357980000006364,1.330141969398208
63.366310000006365,1.2182799207111592
63.374640000006366,1.095843818822957
63.38297000000637,0.95497567805812
63.39130000000637,0.7993947967598837
63.39963000000637,0.6344769661161683
63.40796000000637,0.4639125616343059
63.41629000000637,0.2832877323599051
63.42462000000637,0.104698808105553
63.43295000000637,-0.07902796687316203
63.44128000000637,-0.2554724888994332
63.44961000000637,-0.42595823077258904
63.457940000006374,-0.5873164928543059
63.466270000006375,-0.733625015487111
63.474600000006376,-0.8647830040358805
63.48293000000638,-0.9860666466062076
63.49126000000638,-1.0922260362722351
63.49959000000638,-1.1772337762800773
63.50792000000638,-1.2420985858696292
63.51625000000638,-1.2909097656692228
63.52458000000638,-1.3153973159433976
63.53291000000638,-1.3233849212310325
63.54124000000638,-1.3101448990591842
63.54957000000638,-1.2826359849868518
63.557900000006384,-1.2372464239632268
63.566230000006385,-1.180647360885237
63.574560000006386,-1.1046693119175066
63.58289000000639,-1.0220317000007744
63.59122000000639,-0.9297730222410466
63.59955000000639,-0.8260262997609993
63.60788000000639,-0.7166476973714855
63.61621000000639,-0.6076228920708007
63.62454000000639,-0.501656003921982
63.63287000000639,-0.3920380264778055
63.64120000000639,-0.28519666954166123
63.64953000000639,-0.18218342849131405
63.657860000006394,-0.08499571955040906
63.666190000006395,0.0027812475595342554
63.674520000006396,0.08663040188088574
63.6828500000064,0.16211462942173055
63.6911800000064,0.22869026580961366
63.6995100000064,0.2883346605538592
63.7078400000064,0.33547175413337427
63.7161700000064,0.3712555063427395
63.7245000000064,0.39830388263890737
63.7328300000064,0.42213305162825765
63.7411600000064,0.4377748920355189
63.7494900000064,0.4471172796488346
63.757820000006404,0.4565595872144282
63.766150000006405,0.4582014519915533
63.774480000006406,0.45522839659259157
63.78281000000641,0.4494171555713325
63.79114000000641,0.43421323950460056
63.79947000000641,0.4208929965025857
63.80780000000641,0.4052996799655903
63.81613000000641,0.38627239491654725
63.82446000000641,0.36387595678615503
63.83279000000641,0.3376924936615398
63.84112000000641,0.30818351994528514
63.849450000006414,0.28005869143825857
63.857780000006414,0.25262452710412175
63.866110000006415,0.2219657759148067
63.874440000006416,0.1929371401790853
63.88277000000642,0.16477688366981166
63.89110000000642,0.1371241273163583
63.89943000000642,0.11684162209301811
63.90776000000642,0.0982299377013234
63.91609000000642,0.0805175332617685
63.92442000000642,0.06471170474991549
63.93275000000642,0.04998672978250813
63.94108000000642,0.03600037258208877
63.949410000006424,0.028850055103486504
63.957740000006424,0.020714970715403527
63.966070000006425,0.013345681117140367
63.974400000006426,0.010099787200073668
63.98273000000643,0.006723427425705524
63.99106000000643,0.004140353031884299
63.99939000000643,0.002936999367140019
64.00772000000643,0.0035524776531426824
64.01605000000643,0.004631566769582034
64.02438000000643,0.006330451620681172
64.03271000000643,0.007855474187426097
64.04104000000643,0.009798086494610997
64.04937000000643,0.01488702162676954
64.05770000000643,0.014168002112135303
64.06603000000644,0.010580019151101478
64.07436000000644,0.0058663026640095334
64.08269000000644,0.00027496263292496755
64.09102000000644,-0.0036702992686736173
64.09935000000644,-0.005982507116013632
64.10768000000644,-0.005422627358246352
64.11601000000644,-0.004221729737182343
64.12434000000644,-0.0027112703770640926
64.13267000000644,0.0001777813914882338
64.14100000000644,0.006012914647481877
64.14933000000644,0.013366259581229958
64.15766000000644,0.016490199616237915
64.16599000000645,0.01700163632525839
64.17432000000645,0.01601479548360505
64.18265000000645,0.01568712407351822
64.19098000000645,0.017485727398640395
64.19931000000645,0.020503752783449795
64.20764000000645,0.025049010639929748
64.21597000000645,0.0283208911081907
64.22430000000645,0.030895593847767324
64.23263000000645,0.03638926544426851
64.24096000000645,0.04327800202870282
64.24929000000645,0.04858333855371109
64.25762000000645,0.04876095572901651
64.26595000000646,0.04804827604622675
64.27428000000646,0.04657895215796416
64.28261000000646,0.0463905104028286
64.29094000000646,0.04567511083013999
64.29927000000646,0.04643665047356056
64.30760000000646,0.04932999167997859
64.31593000000646,0.05298575665766138
64.32426000000646,0.06061408160495679
64.33259000000646,0.07222201802635562
64.34092000000646,0.0833161439472763
64.34925000000646,0.09346402885357512
64.35758000000646,0.1025568386300686
64.36591000000647,0.11185936181820604
64.37424000000647,0.12143986816986334
64.38257000000647,0.13047039541306807
64.39090000000647,0.13746121251053883
64.39923000000647,0.14506083411628432
64.40756000000647,0.15281979807036047
64.41589000000647,0.15678821611448346
64.42422000000647,0.15757869144333025
64.43255000000647,0.15560412670197807
64.44088000000647,0.149101624504289
64.44921000000647,0.13874653854228644
64.45754000000647,0.1279934478179606
64.46587000000648,0.11062359422609257
64.47420000000648,0.0887939843857302
64.48253000000648,0.06447481508463497
64.49086000000648,0.03490436717176958
64.49919000000648,0.001607309466645739
64.50752000000648,-0.037433492602962956
64.51585000000648,-0.08470901003369576
64.52418000000648,-0.1350198301741828
64.53251000000648,-0.18645918715378468
64.54084000000648,-0.243964021568835
64.54917000000648,-0.30442807118350274
64.55750000000648,-0.3687066295428578
64.56583000000649,-0.4400737119668837
64.57416000000649,-0.5097961911794349
64.58249000000649,-0.574488103643008
64.59082000000649,-0.6411058777920201
64.59915000000649,-0.7042525763003623
64.60748000000649,-0.7654509718364241
64.61581000000649,-0.8166515655577601
64.62414000000649,-0.8531531094951998
64.63247000000649,-0.8767775314848063
64.6408000000065,-0.8899314444052654
64.6491300000065,-0.8878586546979224
64.6574600000065,-0.8721817883397155
64.6657900000065,-0.8396427464125961
64.6741200000065,-0.7889886896389373
64.6824500000065,-0.7183757250676898
64.6907800000065,-0.631075015606031
64.6991100000065,-0.5254326151496909
64.7074400000065,-0.41078043777096407
64.7157700000065,-0.27555219743233444
64.7241000000065,-0.12746997825915013
64.7324300000065,0.028115973357994
64.7407600000065,0.18831120133945933
64.7490900000065,0.3495789355410299
64.7574200000065,0.5094479477418448
64.7657500000065,0.6568669180880522
64.7740800000065,0.795587783006829
64.78241000000651,0.9264118007482148
64.79074000000651,1.047705648974367
64.79907000000651,1.158769530977451
64.80740000000651,1.2562972294880852
64.81573000000651,1.3494327079332014
64.82406000000651,1.4313543930072883
64.83239000000651,1.4986157410561682
64.84072000000651,1.5516565698672007
64.84905000000651,1.5893777051395772
64.85738000000651,1.6115264439192323
64.86571000000652,1.6108209265850064
64.87404000000652,1.5945246019815693
64.88237000000652,1.5616303945576215
64.89070000000652,1.5114682964920687
64.89903000000652,1.446669568187447
64.90736000000652,1.369032147793014
64.91569000000652,1.2745643818780232
64.92402000000652,1.1706535989933446
64.93235000000652,1.0524782777889983
64.94068000000652,0.9168533472333775
64.94901000000652,0.7740701775853914
64.95734000000652,0.6205852593474747
64.96567000000653,0.46367332204566497
64.97400000000653,0.30450559295933544
64.98233000000653,0.1448369678830473
64.99066000000653,-0.011814336123029243
64.99899000000653,-0.16373943300000407
65.00732000000653,-0.3074083882118625
65.01565000000653,-0.4507142245928157
65.02398000000653,-0.5834033925245463
65.03231000000653,-0.7117752847559826
65.04064000000653,-0.8375040306927031
65.04897000000653,-0.9513650958611843
65.05730000000653,-1.0566251827550552
65.06563000000654,-1.1447657055824845
65.07396000000654,-1.2187505095128397
65.08229000000654,-1.278342225415177
65.09062000000654,-1.3251086590229981
65.09895000000654,-1.3548822730233463
65.10728000000654,-1.367266852967465
65.11561000000654,-1.3691062956911935
65.12394000000654,-1.3559874394950064
65.13227000000654,-1.3334415960058021
65.14060000000654,-1.3067803273136105
65.14893000000654,-1.2702417509108694
65.15726000000654,-1.2260999171511262
65.16559000000655,-1.1751497586792599
65.17392000000655,-1.1155358268730153
65.18225000000655,-1.0463076727273002
65.19058000000655,-0.973551070992034
65.19891000000655,-0.8901671251291737
65.20724000000655,-0.7971615007661438
65.21557000000655,-0.7005644801936788
65.22390000000655,-0.6007118390435116
65.23223000000655,-0.4987141127238239
65.24056000000655,-0.39854357065408946
65.24889000000655,-0.2945458917496503
65.25722000000655,-0.19510334677945804
65.26555000000656,-0.09821873342043569
65.27388000000656,0.0008387945073984193
65.28221000000656,0.09940929532560235
65.29054000000656,0.19260421784182347
65.29887000000656,0.28246908975603313
65.30720000000656,0.367806523968272
65.31553000000656,0.44742864916671077
65.32386000000656,0.5242164989322181
65.33219000000656,0.5959363618959796
65.34052000000656,0.6633290708298802
65.34885000000656,0.726150874730745
65.35718000000657,0.7804803347162789
65.36551000000657,0.82713909907267
65.37384000000657,0.8680995143111275
65.38217000000657,0.9009823277312271
65.39050000000657,0.9270297143453311
65.39883000000657,0.9452229905457253
65.40716000000657,0.9548273996574053
65.41549000000657,0.9584706313595327
65.42382000000657,0.9538759043361079
65.43215000000657,0.9440137436710919
65.44048000000657,0.9339720336914717
65.44881000000657,0.9160110676247054
65.45714000000658,0.8880754436114904
65.46547000000658,0.8570062316063778
65.47380000000658,0.8222192529359712
65.48213000000658,0.7810179470199254
65.49046000000658,0.7336580498446265
65.49879000000658,0.6821952317119101
65.50712000000658,0.6268585656068172
65.51545000000658,0.5690139073371413
65.52378000000658,0.512619354896312
65.53211000000658,0.4587147541905102
65.54044000000658,0.40647971966936786
65.54877000000658,0.3518148970624326
65.55710000000659,0.29571737525918645
65.56543000000659,0.24410040013045906
65.57376000000659,0.19240872543645854
65.58209000000659,0.14393481392688115
65.59042000000659,0.09765849307760496
65.59875000000659,0.053041018054641176
65.60708000000659,0.008736502906853976
65.61541000000659,-0.031003017584456533
65.62374000000659,-0.06806271305506754
65.63207000000659,-0.10612833501564316
65.6404000000066,-0.1414643053425171
65.6487300000066,-0.17451718681727404
65.6570600000066,-0.2109858894462168
65.6653900000066,-0.2496870132545675
65.6737200000066,-0.28870448125751075
65.6820500000066,-0.32807949855167834
65.6903800000066,-0.3701959607735846
65.6987100000066,-0.41315196081190025
65.7070400000066,-0.45600434499630577
65.7153700000066,-0.49610969705333313
65.7237000000066,-0.5388937355929762
65.7320300000066,-0.5832008725418208
65.7403600000066,-0.6248835673929409
65.7486900000066,-0.6668581822984297
65.7570200000066,-0.7125480155144708
65.7653500000066,-0.7589472752719982
65.7736800000066,-0.8026095310148181
65.78201000000661,-0.844720990544708
65.79034000000661,-0.8789247018313856
65.79867000000661,-0.9043819017371388
65.80700000000661,-0.9183735157129195
65.81533000000661,-0.9223474788842303
65.82366000000661,-0.9133062571898211
65.83199000000661,-0.8873630974979697
65.84032000000661,-0.8490681032052223
65.84865000000661,-0.7975486731287832
65.85698000000662,-0.7377190665437997
65.86531000000662,-0.6635075589635535
65.87364000000662,-0.5797896690916572
65.88197000000662,-0.4867614121946178
65.89030000000662,-0.38037122033636994
65.89863000000662,-0.2673868421636072
65.90696000000662,-0.1496668637972991
65.91529000000662,-0.03393955958170648
65.92362000000662,0.08920439386281362
65.93195000000662,0.21413942116041923
65.94028000000662,0.3297859224179433
65.94861000000662,0.4406431799085002
65.95694000000663,0.5391598776770756
65.96527000000663,0.6336340199412565
65.97360000000663,0.7182942074158696
65.98193000000663,0.7980394182004484
65.99026000000663,0.8723239330075941
65.99859000000663,0.9347365843654037
66.00692000000663,0.9860965867705379
66.01525000000663,1.0230327500170553
66.02358000000663,1.0518892384618277
66.03191000000663,1.06821344665781
66.04024000000663,1.0683788923356705
66.04857000000663,1.052628655852784
66.05690000000664,1.022592391791019
66.06523000000664,0.9834705743458755
66.07356000000664,0.9244978752069558
66.08189000000664,0.8485164826473174
66.09022000000664,0.7651854438029293
66.09855000000664,0.6768699968654622
66.10688000000664,0.579580420767495
66.11521000000664,0.47485381341314753
66.12354000000664,0.3673907209680808
66.13187000000664,0.2577981055885051
66.14020000000664,0.14512715013766245
66.14853000000664,0.033892836413786515
66.15686000000665,-0.07044624260717837
66.16519000000665,-0.1720458390640529
66.17352000000665,-0.2771797300777904
66.18185000000665,-0.37247563679183193
66.19018000000665,-0.45169490662902456
66.19851000000665,-0.5179780930368469
66.20684000000665,-0.5751200656589177
66.21517000000665,-0.6183293200703651
66.22350000000665,-0.6499752793079934
66.23183000000665,-0.6731729093357294
66.24016000000665,-0.6825479726315122
66.24849000000665,-0.6807649774999462
66.25682000000666,-0.6649055574965146
66.26515000000666,-0.6405781951398017
66.27348000000666,-0.6049006025234244
66.28181000000666,-0.5579778436055055
66.29014000000666,-0.5017030376473528
66.29847000000666,-0.43413137155668646
66.30680000000666,-0.3580812809727356
66.31513000000666,-0.279250443600901
66.32346000000666,-0.19941867177846945
66.33179000000666,-0.11978619092850618
66.34012000000666,-0.03600471549395701
66.34845000000666,0.04559838762636758
66.35678000000667,0.12834092455544222
66.36511000000667,0.20666022284430202
66.37344000000667,0.28023302063421285
66.38177000000667,0.3490055297426912
66.39010000000667,0.413592514250017
66.39843000000667,0.4757655769402066
66.40676000000667,0.5316655502997548
66.41509000000667,0.5778379069987205
66.42342000000667,0.6157078549109612
66.43175000000667,0.6476145240366363
66.44008000000667,0.6729157464067105
66.44841000000667,0.6879893020801753
66.45674000000668,0.6915890725905708
66.46507000000668,0.6844279733342049
66.47340000000668,0.670144848215465
66.48173000000668,0.6493534126307056
66.49006000000668,0.624066066686238
66.49839000000668,0.5925907896900608
66.50672000000668,0.5516110665448453
66.51505000000668,0.5027115711040284
66.52338000000668,0.4465470890812971
66.53171000000668,0.3836358998178927
66.54004000000668,0.31627374543853554
66.54837000000668,0.24181418587264197
66.55670000000669,0.1643657277510861
66.56503000000669,0.08633934120042576
66.57336000000669,0.007922016767869576
66.58169000000669,-0.07224652605117307
66.59002000000669,-0.1490305128309433
66.59835000000669,-0.22754227591968879
66.60668000000669,-0.30940129159979124
66.61501000000669,-0.3898559403524407
66.62334000000669,-0.47314189895531117
66.6316700000067,-0.5536272672396113
66.6400000000067,-0.6239236179266406
66.6483300000067,-0.6870309298354063
66.6566600000067,-0.7423865359816322
66.6649900000067,-0.7904337918871865
66.6733200000067,-0.832852535724792
66.6816500000067,-0.8667046431444966
66.6899800000067,-0.893219247464747
66.6983100000067,-0.9106073520925558
66.7066400000067,-0.9195895456707355
66.7149700000067,-0.9201021599451962
66.7233000000067,-0.9132179452620419
66.7316300000067,-0.8943338452829608
66.7399600000067,-0.8627602134528943
66.7482900000067,-0.8164710772874559
66.7566200000067,-0.7603301293596424
66.7649500000067,-0.6966119559355866
66.77328000000671,-0.6225180257279695
66.78161000000671,-0.5427631230220821
66.78994000000671,-0.461742367958208
66.79827000000671,-0.3733183649617053
66.80660000000671,-0.2783449521049261
66.81493000000671,-0.1815075966420994
66.82326000000671,-0.08103576132138011
66.83159000000671,0.016423850452347333
66.83992000000671,0.11359267499909355
66.84825000000671,0.21035524082386925
66.85658000000672,0.30391441522960494
66.86491000000672,0.39149868049518216
66.87324000000672,0.47225013053408027
66.88157000000672,0.5438604657790224
66.88990000000672,0.6052201919896906
66.89823000000672,0.658360482948404
66.90656000000672,0.7031361624464678
66.91489000000672,0.7369222600399827
66.92322000000672,0.7629144500866051
66.93155000000672,0.7762234849654562
66.93988000000672,0.7802176369481724
66.94821000000672,0.7777143926270631
66.95654000000673,0.7692473356190944
66.96487000000673,0.7530106555823928
66.97320000000673,0.7314667220932061
66.98153000000673,0.7097270724257045
66.98986000000673,0.6858705580465975
66.99819000000673,0.6612107356019111
67.00652000000673,0.6362712022855256
67.01485000000673,0.6113410256773343
67.02318000000673,0.5896976860964145
67.03151000000673,0.5660962406388261
67.03984000000673,0.5431977117081147
67.04817000000673,0.5221904617885823
67.05650000000674,0.4988787534992683
67.06483000000674,0.47588527529998836
67.07316000000674,0.4564583438699004
67.08149000000674,0.43964524214472195
67.08982000000674,0.4272501752708877
67.09815000000674,0.41593665140805536
67.10648000000674,0.4045695488656413
67.11481000000674,0.3904848821872859
67.12314000000674,0.3745272161174567
67.13147000000674,0.35147728266965067
67.13980000000674,0.32860460565504646
67.14813000000674,0.30189559009704225
67.15646000000675,0.2705753068216384
67.16479000000675,0.23871379807422585
67.17312000000675,0.20480365678565646
67.18145000000675,0.16714898478592058
67.18978000000675,0.12583192897690973
67.19811000000675,0.07992226293286214
67.20644000000675,0.028279374696670474
67.21477000000675,-0.03232474099536553
67.22310000000675,-0.09875895992703003
67.23143000000675,-0.1706807380556462
67.23976000000675,-0.24185325216395095
67.24809000000675,-0.32069709730737284
67.25642000000676,-0.4025180284815162
67.26475000000676,-0.48586033967750636
67.27308000000676,-0.5715704198516407
67.28141000000676,-0.6600261145557982
67.28974000000676,-0.7502205973685009
67.29807000000676,-0.8375054451914716
67.30640000000676,-0.9229370650765094
67.31473000000676,-1.0025520714467757
67.32306000000676,-1.0722312303203483
67.33139000000676,-1.1304457680604574
67.33972000000676,-1.177673292443401
67.34805000000677,-1.2188908138630903
67.35638000000677,-1.248751411200212
67.36471000000677,-1.2646631153886283
67.37304000000677,-1.2654533305018387
67.38137000000677,-1.2527535309616378
67.38970000000677,-1.2274969226688368
67.39803000000677,-1.1873481940905097
67.40636000000677,-1.1313249726735617
67.41469000000677,-1.0575208372303078
67.42302000000677,-0.9663484113084259
67.43135000000677,-0.8607851117898225
67.43968000000677,-0.7455217397674041
67.44801000000678,-0.6233014929108478
67.45634000000678,-0.4926092716863886
67.46467000000678,-0.3538936211804411
67.47300000000678,-0.21075729694909798
67.48133000000678,-0.06342284504146492
67.48966000000678,0.08523881223848817
67.49799000000678,0.23456839221709494
67.50632000000678,0.38458428089218927
67.51465000000678,0.5296332485118798
67.52298000000678,0.6673524584996622
67.53131000000678,0.7971388751025342
67.53964000000678,0.9156194564646709
67.54797000000679,1.0209840294481531
67.55630000000679,1.1125823708098626
67.56463000000679,1.1912142978868894
67.57296000000679,1.2569174338029607
67.58129000000679,1.312082855988171
67.58962000000679,1.3588643868641772
67.59795000000679,1.3955600258298995
67.60628000000679,1.4216478779261699
67.61461000000679,1.433041954331024
67.62294000000679,1.4327348331665204
67.6312700000068,1.4226123043930403
67.6396000000068,1.3964285913996908
67.6479300000068,1.3523849211029655
67.6562600000068,1.297804796771794
67.6645900000068,1.2338470835932192
67.6729200000068,1.1577051815152803
67.6812500000068,1.0719184511275397
67.6895800000068,0.9791820337600484
67.6979100000068,0.8763037787692888
67.7062400000068,0.7652630815799367
67.7145700000068,0.6487014620423474
67.7229000000068,0.52630547845987
67.7312300000068,0.4003351478456454
67.7395600000068,0.2678297685891856
67.7478900000068,0.1362351091885471
67.7562200000068,0.011386240766496214
67.7645500000068,-0.11288300720928085
67.77288000000681,-0.23491124075691522
67.78121000000681,-0.34822962952686937
67.78954000000681,-0.4555977678173729
67.79787000000681,-0.5580409264179296
67.80620000000681,-0.6533581526278228
67.81453000000681,-0.738051000329691
67.82286000000681,-0.8156957623214192
67.83119000000681,-0.886957559049153
67.83952000000681,-0.9535855039802794
67.84785000000682,-1.009251137472864
67.85618000000682,-1.0545913703351522
67.86451000000682,-1.0900202751932533
67.87284000000682,-1.1124623785454035
67.88117000000682,-1.1222385281092675
67.88950000000682,-1.1200634853269613
67.89783000000682,-1.107540982337331
67.90616000000682,-1.0843383773335942
67.91449000000682,-1.0453079278839248
67.92282000000682,-0.9971151140314357
67.93115000000682,-0.9408952452730259
67.93948000000682,-0.8762445835089815
67.94781000000683,-0.8025329271307311
67.95614000000683,-0.7196872943890001
67.96447000000683,-0.6277065788871112
67.97280000000683,-0.5294991432310902
67.98113000000683,-0.4291342244964147
67.98946000000683,-0.32379974588960947
67.99779000000683,-0.2209941330661766
68.00612000000683,-0.12155705065039503
68.01445000000683,-0.021170972859917425
68.02278000000683,0.07296315849541207
68.03111000000683,0.16289339502002612
68.03944000000683,0.24627407267665646
68.04777000000684,0.3225403769587358
68.05610000000684,0.392633797152831
68.06443000000684,0.4563056286365728
68.07276000000684,0.5111112283424851
68.08109000000684,0.5539488511911455
68.08942000000684,0.5888143121977505
68.09775000000684,0.6104055905649224
68.10608000000684,0.6184723858731676
68.11441000000684,0.6179860503090836
68.12274000000684,0.6040709456203422
68.13107000000684,0.5823863174344169
68.13940000000684,0.553212545080261
68.14773000000685,0.5179129686711712
68.15606000000685,0.47473340515268325
68.16439000000685,0.4277964876733479
68.17272000000685,0.3776764566708593
68.18105000000685,0.32628197194611286
68.18938000000685,0.2720832682398908
68.19771000000685,0.21640982249171656
68.20604000000685,0.16095271860318014
68.21437000000685,0.10749619817875428
68.22270000000685,0.05447219759776767
68.23103000000685,0.006888165640606018
68.23936000000685,-0.03588142542243259
68.24769000000686,-0.07195628267819405
68.25602000000686,-0.10191458205405714
68.26435000000686,-0.12353865023500885
68.27268000000686,-0.13506896799251256
68.28101000000686,-0.13809768225942098
68.28934000000686,-0.1341667197505206
68.29767000000686,-0.11846141588931978
68.30600000000686,-0.09651820888164725
68.31433000000686,-0.06964876739957593
68.32266000000686,-0.03758874171813066
68.33099000000686,-0.0030965992244893588
68.33932000000686,0.02928317514751602
68.34765000000687,0.05806852638740174
68.35598000000687,0.08138258600090159
68.36431000000687,0.09768391016126206
68.37264000000687,0.11038176869286852
68.38097000000687,0.11901309758955189
68.38930000000687,0.12664533613320372
68.39763000000687,0.13345927893383788
68.40596000000687,0.13764666956797283
68.41429000000687,0.1423851604411041
68.42262000000687,0.14643502331442484
68.43095000000687,0.14484342448824833
68.43928000000687,0.13642618552302663
68.44761000000688,0.12249251843939891
68.45594000000688,0.10418831192339564
68.46427000000688,0.07965917551119148
68.47260000000688,0.05006601386204429
68.48093000000688,0.017560732944215226
68.48926000000688,-0.01536902733529172
68.49759000000688,-0.04652990966951452
68.50592000000688,-0.07585875250800996
68.51425000000688,-0.10259280186172871
68.52258000000688,-0.12709169606265794
68.53091000000688,-0.14892812659873614
68.53924000000688,-0.16765899974432938
68.54757000000689,-0.18130019420299368
68.55590000000689,-0.19005303779172977
68.56423000000689,-0.1951344663942418
68.57256000000689,-0.19675806831205897
68.58089000000689,-0.19227973459523148
68.58922000000689,-0.17919977809227386
68.59755000000689,-0.15911782568387586
68.60588000000689,-0.13474084691570498
68.61421000000689,-0.10663462309365014
68.6225400000069,-0.0702417654744801
68.6308700000069,-0.029880813671456383
68.6392000000069,0.012789314691397664
68.6475300000069,0.05859132049872203
68.6558600000069,0.10508250048955417
68.6641900000069,0.15056173533976105
68.6725200000069,0.1937154633271519
68.6808500000069,0.2322098399033919
68.6891800000069,0.26478961039858245
68.6975100000069,0.28989305228607753
68.7058400000069,0.3087046566765874
68.7141700000069,0.32260993230426066
68.7225000000069,0.33487956491358944
68.7308300000069,0.3405755555956171
68.7391600000069,0.342599197791242
68.7474900000069,0.33958682354206804
68.7558200000069,0.3273399240265734
68.76415000000691,0.306470341307036
68.77248000000691,0.2789973945757338
68.78081000000691,0.24261567941635273
68.78914000000691,0.19855112418080767
68.79747000000691,0.14577277795180757
68.80580000000691,0.08611311375625223
68.81413000000691,0.020134421668687567
68.82246000000691,-0.050081927135675726
68.83079000000691,-0.1213307931864744
68.83912000000691,-0.19289739342664955
68.84745000000692,-0.2650798972567388
68.85578000000692,-0.3400290131065766
68.86411000000692,-0.413547790441261
68.87244000000692,-0.48331020939037156
68.88077000000692,-0.5467957911979198
68.88910000000692,-0.605837831050461
68.89743000000692,-0.6594220884825837
68.90576000000692,-0.7049950116753501
68.91409000000692,-0.7410462822928704
68.92242000000692,-0.7679496617577066
68.93075000000692,-0.7862888536786199
68.93908000000692,-0.7976053380854324
68.94741000000693,-0.801816062599461
68.95574000000693,-0.796839573840495
68.96407000000693,-0.7830925576589198
68.97240000000693,-0.7596385263266004
68.98073000000693,-0.7253028707000875
68.98906000000693,-0.6850223872107845
68.99739000000693,-0.6379017010380483
69.00572000000693,-0.5808314764503844
69.01405000000693,-0.513403354993548
69.02238000000693,-0.4404942275094292
69.03071000000693,-0.3642087970448561
69.03904000000693,-0.28859601234897897
69.04737000000694,-0.21101675400120665
69.05570000000694,-0.12265134795394571
69.06403000000694,-0.027286116173496973
69.07236000000694,0.07618777184478757
69.08069000000694,0.18335700022201198
69.08902000000694,0.2896389775215909
69.09735000000694,0.39553890698429583
69.10568000000694,0.5028353668451488
69.11401000000694,0.6074828955705411
69.12234000000694,0.7066186014134372
69.13067000000694,0.7963553581240211
69.13900000000694,0.8754837885994401
69.14733000000695,0.9511429864641642
69.15566000000695,1.0246346345756636
69.16399000000695,1.0907231797214394
69.17232000000695,1.1501589293376937
69.18065000000695,1.1997277499026278
69.18898000000695,1.2396245533929326
69.19731000000695,1.2671816866733363
69.20564000000695,1.2823425910237365
69.21397000000695,1.2848234052284218
69.22230000000695,1.2715996834128505
69.23063000000695,1.2432286922673224
69.23896000000695,1.204243624688686
69.24729000000696,1.1549097337099832
69.25562000000696,1.0925481461968558
69.26395000000696,1.0189000923360738
69.27228000000696,0.9346402069412886
69.28061000000696,0.8393298778933904
69.28894000000696,0.7319570493633769
69.29727000000696,0.6102037365659051
69.30560000000696,0.48068618803656926
69.31393000000696,0.34032409318532986
69.32226000000696,0.18734117492769295
69.33059000000696,0.028243434984712684
69.33892000000696,-0.13467353227897644
69.34725000000697,-0.30005952352670223
69.35558000000697,-0.4603074591041951
69.36391000000697,-0.6123801928358902
69.37224000000697,-0.7564324302238632
69.38057000000697,-0.887307346313225
69.38890000000697,-1.007844826784283
69.39723000000697,-1.117518007318015
69.40556000000697,-1.2092825905689528
69.41389000000697,-1.2861692042265436
69.42222000000697,-1.3487881449542138
69.43055000000697,-1.3968261690743828
69.43888000000698,-1.433291513683534
69.44721000000698,-1.454069772626748
69.45554000000698,-1.4557359510016004
69.46387000000698,-1.443038043511923
69.47220000000698,-1.4134651662845112
69.48053000000698,-1.3629845688984368
69.48886000000698,-1.2990958931188372
69.49719000000698,-1.2212986933933165
69.50552000000698,-1.1308015055889606
69.51385000000698,-1.0293359153884472
69.52218000000698,-0.9241509126754575
69.53051000000698,-0.8186802519403666
69.53884000000699,-0.7148229829980443
69.54717000000699,-0.6075707524021698
69.55550000000699,-0.5017621790857367
69.56383000000699,-0.3999961350577836
69.57216000000699,-0.2978858198857237
69.58049000000699,-0.1965171510701708
69.58882000000699,-0.09817139456269684
69.59715000000699,-0.00042825077704816553
69.60548000000699,0.0915722238056725
69.61381000000699,0.18106284685976579
69.622140000007,0.26382898076563943
69.630470000007,0.3360254896116945
69.638800000007,0.40101643674978077
69.647130000007,0.46024709840818756
69.655460000007,0.508475187179949
69.663790000007,0.5456686164180844
69.672120000007,0.5738749045657637
69.680450000007,0.5927656040639915
69.688780000007,0.6051514860409362
69.697110000007,0.6136611927431239
69.705440000007,0.618113361254522
69.713770000007,0.6208814505503787
69.722100000007,0.6218213878159743
69.730430000007,0.6200964750317712
69.738760000007,0.6192869038720606
69.747090000007,0.6186307289439472
69.755420000007,0.616504279763769
69.76375000000701,0.612401099800153
69.77208000000701,0.6056804419223614
69.78041000000701,0.5981089259659058
69.78874000000701,0.591540634782157
69.79707000000701,0.5863628715312751
69.80540000000701,0.5827000196846556
69.81373000000701,0.5810559294764011
69.82206000000701,0.5784877945681108
69.83039000000701,0.5733651208537185
69.83872000000702,0.5650804804589212
69.84705000000702,0.5542850953804872
69.85538000000702,0.5428146306928149
69.86371000000702,0.5258967692766957
69.87204000000702,0.504377679079878
69.88037000000702,0.47961095003039333
69.88870000000702,0.4503748444742412
69.89703000000702,0.4185442647922448
69.90536000000702,0.3822622346762548
69.91369000000702,0.34396131362488025
69.92202000000702,0.2995467266665649
69.93035000000702,0.24718893853336693
69.93868000000703,0.1929435926823015
69.94701000000703,0.13563649291603094
69.95534000000703,0.0750110304001507
69.96367000000703,0.006897984667235628
69.97200000000703,-0.06415192509855039
69.98033000000703,-0.13654169842448402
69.98866000000703,-0.21371077286154438
69.99699000000703,-0.29336657301284536
70.00532000000703,-0.37263770015867886
70.01365000000703,-0.4490137925114986
70.02198000000703,-0.5240981508923146
70.03031000000703,-0.5971254488868653
70.03864000000704,-0.6599179400809799
70.04697000000704,-0.7177572256033566
70.05530000000704,-0.77176503416602
70.06363000000704,-0.8196472527265517
70.07196000000704,-0.857759364678895
70.08029000000704,-0.8858918715083962
70.08862000000704,-0.9085904554015354
70.09695000000704,-0.9231936350881115
70.10528000000704,-0.9288985139617889
70.11361000000704,-0.926880819492574
70.12194000000704,-0.9155763647765446
70.13027000000704,-0.8947070578805905
70.13860000000705,-0.8640785596839579
70.14693000000705,-0.8268883881932482
70.15526000000705,-0.7844547843420208
70.16359000000705,-0.735522411370599
70.17192000000705,-0.6784154794485335
70.18025000000705,-0.6164806258559816
70.18858000000705,-0.5520496059558715
70.19691000000705,-0.4839187079922419
70.20524000000705,-0.41048828424472494
70.21357000000705,-0.33027165034568023
70.22190000000705,-0.24776694230748864
70.23023000000705,-0.16689359304622992
70.23856000000706,-0.08719989004531581
70.24689000000706,-0.007570985147455072
70.25522000000706,0.06826218387704316
70.26355000000706,0.1409278879575163
70.27188000000706,0.20994475781989516
70.28021000000706,0.2718861200671505
70.28854000000706,0.3324141797368225
70.29687000000706,0.394656685611969
70.30520000000706,0.4579610397032877
70.31353000000706,0.5179557620316843
70.32186000000706,0.5708108558604486
70.33019000000706,0.6174716484899122
70.33852000000707,0.6595856862887237
70.34685000000707,0.6951256510204625
70.35518000000707,0.7199079661500835
70.36351000000707,0.7356275873528346
70.37184000000707,0.7439814417896855
70.38017000000707,0.7440359245209475
70.38850000000707,0.7395346121537955
70.39683000000707,0.7288905193453149
70.40516000000707,0.7116503040933991
70.41349000000707,0.6864435067168538
70.42182000000707,0.6539776327007837
70.43015000000707,0.6119439126086342
70.43848000000708,0.5621875433093975
70.44681000000708,0.5051308378376151
70.45514000000708,0.44197911034379617
70.46347000000708,0.36806457588306346
70.47180000000708,0.28666291652243137
70.48013000000708,0.19797423683063084
70.48846000000708,0.10212036803284445
70.49679000000708,0.003934744190704031
70.50512000000708,-0.09223163202112045
70.51345000000708,-0.18635513152640087
70.52178000000708,-0.27870392738384453
70.53011000000708,-0.36955793123370856
70.53844000000709,-0.4525661963546426
70.54677000000709,-0.5250050879360182
70.55510000000709,-0.5878859148322509
70.56343000000709,-0.6451001894142451
70.57176000000709,-0.6911534365618752
70.58009000000709,-0.7261908613711529
70.58842000000709,-0.7508249239476624
70.59675000000709,-0.7580927951774858
70.60508000000709,-0.7502433394931217
70.6134100000071,-0.7289137533537843
70.6217400000071,-0.6933271468267227
70.6300700000071,-0.6456226889779565
70.6384000000071,-0.5845744190711023
70.6467300000071,-0.5098935222963465
70.6550600000071,-0.4225599166736636
70.6633900000071,-0.3253107564867725
70.6717200000071,-0.2221328360265092
70.6800500000071,-0.11812018664335558
70.6883800000071,-0.012392941183155775
70.6967100000071,0.09321617727350494
70.7050400000071,0.19574793113969763
70.7133700000071,0.2955067154227601
70.7217000000071,0.389380532859669
70.7300300000071,0.47275696661583594
70.7383600000071,0.547669644488109
70.7466900000071,0.6147136556483977
70.75502000000711,0.673565006775634
70.76335000000711,0.7225770747192843
70.77168000000711,0.7575089194566239
70.78001000000711,0.7795724147322753
70.78834000000711,0.790307830338896
70.79667000000711,0.78794396512486
70.80500000000711,0.7785408210577079
70.81333000000711,0.7617455914041609
70.82166000000711,0.7310517125680194
70.82999000000711,0.6888102540752314
70.83832000000712,0.6360621886578662
70.84665000000712,0.5705774929440487
70.85498000000712,0.4962000615487262
70.86331000000712,0.4146963596805829
70.87164000000712,0.3255257053745868
70.87997000000712,0.23145565187145845
70.88830000000712,0.1300323376219777
70.89663000000712,0.023324435740107053
70.90496000000712,-0.07831397299101105
70.91329000000712,-0.175119872844666
70.92162000000712,-0.2718899280208312
70.92995000000712,-0.3671116266017402
70.93828000000713,-0.4588719109859408
70.94661000000713,-0.5455359748870339
70.95494000000713,-0.6233332068168802
70.96327000000713,-0.6907143354390745
70.97160000000713,-0.7466126731362709
70.97993000000713,-0.7915811941646687
70.98826000000713,-0.8280954293961891
70.99659000000713,-0.8527957077808832
71.00492000000713,-0.8598465219143522
71.01325000000713,-0.8553985096265966
71.02158000000713,-0.8438717210856106
71.02991000000713,-0.8239159098950887
71.03824000000714,-0.7935309794133333
71.04657000000714,-0.7547846015967761
71.05490000000714,-0.7133304437483595
71.06323000000714,-0.6671258328951555
71.07156000000714,-0.61567491120944
71.07989000000714,-0.5593214333139659
71.08822000000714,-0.5005665536023356
71.09655000000714,-0.4418234904973725
71.10488000000714,-0.38065829227001924
71.11321000000714,-0.32049701290537974
71.12154000000714,-0.2625624126820683
71.12987000000714,-0.2047664745544644
71.13820000000715,-0.14825108645878365
71.14653000000715,-0.09513053370860042
71.15486000000715,-0.047373408530905575
71.16319000000715,-0.0029924426624445585
71.17152000000715,0.03934328335315949
71.17985000000715,0.08307387308932614
71.18818000000715,0.1268141770171022
71.19651000000715,0.16715602916942018
71.20484000000715,0.20490103962445552
71.21317000000715,0.24020913089637747
71.22150000000715,0.27405830650359886
71.22983000000715,0.3076553608249779
71.23816000000716,0.3401640569910628
71.24649000000716,0.36948016648520166
71.25482000000716,0.3955761811353351
71.26315000000716,0.41950662403291966
71.27148000000716,0.4438323384110784
71.27981000000716,0.4712136883072115
71.28814000000716,0.49973645249334786
71.29647000000716,0.5261170264952524
71.30480000000716,0.5484835222379755
71.31313000000716,0.5694974446605833
71.32146000000716,0.5894859952498058
71.32979000000716,0.607827731653538
71.33812000000717,0.6257593754981071
71.34645000000717,0.6390892625446064
71.35478000000717,0.646867593381261
71.36311000000717,0.6497638665335818
71.37144000000717,0.6474336579737777
71.37977000000717,0.639417057765683
71.38810000000717,0.6275096324544217
71.39643000000717,0.6091522155618485
71.40476000000717,0.5829798076972521
71.41309000000717,0.5496710629838361
71.42142000000717,0.5083409950594548
71.42975000000718,0.46459387365083826
71.43808000000718,0.41991082226573645
71.44641000000718,0.3718368604084944
71.45474000000718,0.32063036893534
71.46307000000718,0.26684443763216575
71.47140000000718,0.21243004750241856
71.47973000000718,0.15653724092214155
71.48806000000718,0.1028778984326009
71.49639000000718,0.04925393715440112
71.50472000000718,-0.005930017717563395
71.51305000000718,-0.06308951134937482
71.52138000000718,-0.12284004740098214
71.52971000000719,-0.17941463361547008
71.53804000000719,-0.23420038341627764
71.54637000000719,-0.28888115196683145
71.55470000000719,-0.34395803920849033
71.56303000000719,-0.4011185150031596
71.57136000000719,-0.45851150188710477
71.57969000000719,-0.5142056905339792
71.58802000000719,-0.5673165429190118
71.59635000000719,-0.619389552323553
71.60468000000719,-0.6714873000765871
71.6130100000072,-0.7234751516197976
71.6213400000072,-0.7730089961606422
71.6296700000072,-0.8164963648200668
71.6380000000072,-0.8555207923059565
71.6463300000072,-0.8932252031393147
71.6546600000072,-0.9284643479697897
71.6629900000072,-0.9606825116817063
71.6713200000072,-0.9884915925858417
71.6796500000072,-1.0102824558474313
71.6879800000072,-1.0273562505671539
71.6963100000072,-1.0398085240980017
71.7046400000072,-1.0460465203381388
71.7129700000072,-1.0437951895889228
71.7213000000072,-1.0314110017326124
71.7296300000072,-1.0054941137905393
71.7379600000072,-0.9678216832843984
71.7462900000072,-0.9201965502622141
71.75462000000721,-0.8595700939634368
71.76295000000721,-0.7865100361715904
71.77128000000721,-0.70204459025054
71.77961000000721,-0.6051240089192468
71.78794000000721,-0.49832438384930317
71.79627000000721,-0.3857821539321211
71.80460000000721,-0.26463450402117183
71.81293000000721,-0.13248998521260516
71.82126000000721,0.006421486650287401
71.82959000000722,0.14970523450078665
71.83792000000722,0.2915997695374607
71.84625000000722,0.4309289179710877
71.85458000000722,0.5684848177331913
71.86291000000722,0.7010252558673307
71.87124000000722,0.8277042140682174
71.87957000000722,0.9457306527939346
71.88790000000722,1.0502316262399527
71.89623000000722,1.1403941805344
71.90456000000722,1.2208527708707908
71.91289000000722,1.2924706864763813
71.92122000000722,1.3510523240364587
71.92955000000723,1.3965468510006631
71.93788000000723,1.430832912280966
71.94621000000723,1.453785297067715
71.95454000000723,1.4635583209832956
71.96287000000723,1.461173128459333
71.97120000000723,1.4450861163558313
71.97953000000723,1.4113138232879747
71.98786000000723,1.36355116793091
71.99619000000723,1.2973922522687111
72.00452000000723,1.2109426956518037
72.01285000000723,1.109003279507993
72.02118000000723,0.9922649928468079
72.02951000000724,0.8641592958690968
72.03784000000724,0.7299722041156409
72.04617000000724,0.589863791469711
72.05450000000724,0.44232249901447135
72.06283000000724,0.29133722431333176
72.07116000000724,0.14060475892523674
72.07949000000724,-0.007915919234598412
72.08782000000724,-0.14948149395118426
72.09615000000724,-0.28682481543217986
72.10448000000724,-0.41946277160152134
72.11281000000724,-0.5430658996602943
72.12114000000724,-0.6565552743912699
72.12947000000725,-0.7565677924815255
72.13780000000725,-0.8415714040045541
72.14613000000725,-0.9136537900254781
72.15446000000725,-0.9739110171921804
72.16279000000725,-1.0217726452552733
72.17112000000725,-1.0532608742197058
72.17945000000725,-1.067716599954382
72.18778000000725,-1.0685235584091801
72.19611000000725,-1.0554428841725974
72.20444000000725,-1.0307809585692789
72.21277000000725,-0.9953767812095989
72.22110000000725,-0.9494246144808859
72.22943000000726,-0.8936251033711199
72.23776000000726,-0.8304316548937122
72.24609000000726,-0.7620085584521258
72.25442000000726,-0.687037210661266
72.26275000000726,-0.6078519048772104
72.27108000000726,-0.5247256393852775
72.27941000000726,-0.4413057756668193
72.28774000000726,-0.36273362847652857
72.29607000000726,-0.28835466970997303
72.30440000000726,-0.21928672098429453
72.31273000000726,-0.15279910233215388
72.32106000000726,-0.08987244788512695
72.32939000000727,-0.03214484356731887
72.33772000000727,0.02088088082685621
72.34605000000727,0.06878702176136663
72.35438000000727,0.1139042326625764
72.36271000000727,0.15505517871964256
72.37104000000727,0.19015295640109414
72.37937000000727,0.21802733730204188
72.38770000000727,0.23965223408316394
72.39603000000727,0.2546780455328492
72.40436000000727,0.2630977632233172
72.41269000000727,0.26897343667122126
72.42102000000727,0.27126070308811057
72.42935000000728,0.2682261694594019
72.43768000000728,0.2640927558084777
72.44601000000728,0.2608344671824688
72.45434000000728,0.2584710708665831
72.46267000000728,0.2566471312945976
72.47100000000728,0.2539706204244299
72.47933000000728,0.24989104903496956
72.48766000000728,0.24519910130520012
72.49599000000728,0.24060523449435878
72.50432000000728,0.2336007073243438
72.51265000000728,0.22208554388128493
72.52098000000728,0.20716983322655136
72.52931000000729,0.18854206686943054
72.53764000000729,0.1682305563642394
72.54597000000729,0.14881088770721673
72.55430000000729,0.13050704914678496
72.56263000000729,0.11270511921383214
72.57096000000729,0.0945635451121609
72.57929000000729,0.07752485636357287
72.58762000000729,0.06259944473088888
72.59595000000729,0.04991236654545661
72.6042800000073,0.03794845433206636
72.6126100000073,0.02498977194265705
72.6209400000073,0.01168394074371459
72.6292700000073,-0.0026278670901357486
72.6376000000073,-0.018041143973890623
72.6459300000073,-0.03284292150126725
72.6542600000073,-0.047267920509931824
72.6625900000073,-0.06098427251870146
72.6709200000073,-0.07208139041198759
72.6792500000073,-0.07908061902324554
72.6875800000073,-0.08324930388710497
72.6959100000073,-0.08484873208161377
72.7042400000073,-0.0835309819044492
72.7125700000073,-0.08008209941920416
72.7209000000073,-0.07354665456304862
72.7292300000073,-0.06538419537673969
72.7375600000073,-0.05774610614871538
72.74589000000731,-0.049838515636277295
72.75422000000731,-0.0412448755063183
72.76255000000731,-0.031681394908415504
72.77088000000731,-0.021621383193623125
72.77921000000731,-0.013082552641045724
72.78754000000731,-0.006755563747438062
72.79587000000731,-0.0024040617460863744
72.80420000000731,0.0002988461558397072
72.81253000000731,0.0013863275448792343
72.82086000000731,0.000402437753899235
72.82919000000732,-0.003015516348628844
72.83752000000732,-0.009157478268551445
72.84585000000732,-0.017299072837179987
72.85418000000732,-0.02568577885193564
72.86251000000732,-0.033672667158358656
72.87084000000732,-0.043797047493761114
72.87917000000732,-0.05695169334123504
72.88750000000732,-0.07008663501432374
72.89583000000732,-0.08147775908554197
72.90416000000732,-0.09273128580594645
72.91249000000732,-0.10414037157493479
72.92082000000732,-0.11231411453809391
72.92915000000733,-0.11437455349706266
72.93748000000733,-0.11223387193346336
72.94581000000733,-0.10714534145385295
72.95414000000733,-0.09906792620568548
72.96247000000733,-0.08715388515512332
72.97080000000733,-0.07049433110016538
72.97913000000733,-0.0505525921036118
72.98746000000733,-0.026090433984573405
72.99579000000733,0.0028146214220490236
73.00412000000733,0.03235014706658397
73.01245000000733,0.061812865005256894
73.02078000000733,0.09266414333247827
73.02911000000734,0.12359403760017607
73.03744000000734,0.1518900899641579
73.04577000000734,0.1753301310012362
73.05410000000734,0.19385764333290523
73.06243000000734,0.21035899203098335
73.07076000000734,0.22525605690405973
73.07909000000734,0.2351203991972927
73.08742000000734,0.24201951259347393
73.09575000000734,0.24497761116237016
73.10408000000734,0.24046609814582282
73.11241000000734,0.227074628771354
73.12074000000734,0.20461832150536724
73.12907000000735,0.1747128804754136
73.13740000000735,0.13679987070308475
73.14573000000735,0.09361636147865868
73.15406000000735,0.04634929946805868
73.16239000000735,-0.005684373017897941
73.17072000000735,-0.06353637317907336
73.17905000000735,-0.12633720897164846
73.18738000000735,-0.19195722864338866
73.19571000000735,-0.26046502397218746
73.20404000000735,-0.3296814753556849
73.21237000000735,-0.39917685350280757
73.22070000000735,-0.4706283692005593
73.22903000000736,-0.5438338207215623
73.23736000000736,-0.6150690425149631
73.24569000000736,-0.6796565936115572
73.25402000000736,-0.7372563711472061
73.26235000000736,-0.7866123527072149
73.27068000000736,-0.8271329309483818
73.27901000000736,-0.8563560006517407
73.28734000000736,-0.8729244587545127
73.29567000000736,-0.8759797120348835
73.30400000000736,-0.8640509108736615
73.31233000000736,-0.8398108451928792
73.32066000000736,-0.8037951551343381
73.32899000000737,-0.7569669328423182
73.33732000000737,-0.6958902750589562
73.34565000000737,-0.6197979939500807
73.35398000000737,-0.5298167962422832
73.36231000000737,-0.426799668142325
73.37064000000737,-0.31157272157784854
73.37897000000737,-0.18484265940925912
73.38730000000737,-0.051337359756799664
73.39563000000737,0.0855520348295136
73.40396000000737,0.22396958747030693
73.41229000000737,0.35701730830928435
73.42062000000737,0.4822817571120353
73.42895000000738,0.6000632734665141
73.43728000000738,0.710535401795445
73.44561000000738,0.811089888469115
73.45394000000738,0.8998819238102702
73.46227000000738,0.9795357552686899
73.47060000000738,1.0516049335685684
73.47893000000738,1.1145657165626845
73.48726000000738,1.1650954972292575
73.49559000000738,1.2020998086627865
73.50392000000738,1.2260605663907582
73.51225000000738,1.2332809542233234
73.52058000000739,1.2256876207467449
73.52891000000739,1.2093633683931195
73.53724000000739,1.1817102245671183
73.54557000000739,1.1384051407219868
73.55390000000739,1.0835033439597686
73.56223000000739,1.0190764771008645
73.57056000000739,0.9426053923958588
73.57889000000739,0.8548626415076983
73.58722000000739,0.7583567651951323
73.59555000000739,0.6519889571169374
73.6038800000074,0.5377497961436368
73.6122100000074,0.4214203826846775
73.6205400000074,0.30587854980389956
73.6288700000074,0.19384602272761484
73.6372000000074,0.07969004301814642
73.6455300000074,-0.03802003279576542
73.6538600000074,-0.15063851112204493
73.6621900000074,-0.2572773499719903
73.6705200000074,-0.3612085638385109
73.6788500000074,-0.4624355767214182
73.6871800000074,-0.5591571753961483
73.6955100000074,-0.651343529414489
73.7038400000074,-0.7366021026912656
73.7121700000074,-0.8102104596476022
73.7205000000074,-0.8744452685161396
73.7288300000074,-0.9328004740937064
73.7371600000074,-0.9885241130604825
73.74549000000741,-1.0380413827784971
73.75382000000741,-1.0753687979007547
73.76215000000741,-1.1015678820632713
73.77048000000741,-1.1219923056059098
73.77881000000741,-1.1370843110833
73.78714000000741,-1.1439747645472522
73.79547000000741,-1.1406468927581026
73.80380000000741,-1.1248027305835844
73.81213000000741,-1.0980148009048196
73.82046000000742,-1.06274662603858
73.82879000000742,-1.02016151305058
73.83712000000742,-0.9689875486081074
73.84545000000742,-0.9113120617258421
73.85378000000742,-0.848571549607509
73.86211000000742,-0.7792024497900739
73.87044000000742,-0.7059276261155176
73.87877000000742,-0.6298050025213457
73.88710000000742,-0.5489454382296278
73.89543000000742,-0.4642789388068154
73.90376000000742,-0.37552712189344567
73.91209000000742,-0.28500892045508014
73.92042000000743,-0.19447932477133853
73.92875000000743,-0.10375154088082307
73.93708000000743,-0.01381708046099653
73.94541000000743,0.0730761189193984
73.95374000000743,0.15770924508885348
73.96207000000743,0.24296705110042469
73.97040000000743,0.3236936108782464
73.97873000000743,0.39740486967194255
73.98706000000743,0.46492211411660095
73.99539000000743,0.5250464074869111
74.00372000000743,0.5784759704998417
74.01205000000743,0.624492001359711
74.02038000000744,0.6608463315204194
74.02871000000744,0.6890151375428688
74.03704000000744,0.7100374117475481
74.04537000000744,0.723767423722381
74.05370000000744,0.7304908843187079
74.06203000000744,0.7298928073288292
74.07036000000744,0.7209220900538946
74.07869000000744,0.7058389592995563
74.08702000000744,0.6855036697918956
74.09535000000744,0.6603217509152297
74.10368000000744,0.632166311801576
74.11201000000744,0.6020920063854451
74.12034000000745,0.5716129305018414
74.12867000000745,0.540733731591237
74.13700000000745,0.5091942365472955
74.14533000000745,0.47772414714224765
74.15366000000745,0.4465637959388236
74.16199000000745,0.4142196461862076
74.17032000000745,0.3851708433680925
74.17865000000745,0.36128304199029126
74.18698000000745,0.3388812304596264
74.19531000000745,0.3159135995328807
74.20364000000745,0.29560903993741194
74.21197000000745,0.2775790608775541
74.22030000000746,0.25905150723164855
74.22863000000746,0.2385619477922015
74.23696000000746,0.21321870418517455
74.24529000000746,0.18463558421249782
74.25362000000746,0.15181836629882564
74.26195000000746,0.11299058731063515
74.27028000000746,0.0729216036498651
74.27861000000746,0.03373715020145004
74.28694000000746,-0.005208026378537776
74.29527000000746,-0.045339869593307026
74.30360000000746,-0.08238177438322257
74.31193000000746,-0.11814729998034786
74.32026000000747,-0.15749614343118015
74.32859000000747,-0.19966756954030182
74.33692000000747,-0.24672386590585146
74.34525000000747,-0.2960326672070521
74.35358000000747,-0.3509369430536629
74.36191000000747,-0.40906235826194187
74.37024000000747,-0.4676120261187459
74.37857000000747,-0.5268772192257622
74.38690000000747,-0.5857241024017391
74.39523000000747,-0.6433379564625414
74.40356000000747,-0.6937441700712333
74.41189000000747,-0.7398347528597414
74.42022000000748,-0.7852006506871363
74.42855000000748,-0.8233685751697037
74.43688000000748,-0.8530489553086634
74.44521000000748,-0.8740537678416552
74.45354000000748,-0.8891076860991443
74.46187000000748,-0.8940098500953387
74.47020000000748,-0.8887937151579137
74.47853000000748,-0.8753035410011164
74.48686000000748,-0.8501605993383485
74.49519000000748,-0.813255135208425
74.50352000000748,-0.7640550514515004
74.51185000000748,-0.7046462938784539
74.52018000000749,-0.6341459482596756
74.52851000000749,-0.5519741380231857
74.53684000000749,-0.4586318249808428
74.54517000000749,-0.35605286493769384
74.55350000000749,-0.25036830572062235
74.56183000000749,-0.14226822707509237
74.57016000000749,-0.03305791647493734
74.57849000000749,0.07694710861010197
74.58682000000749,0.1867946757273623
74.5951500000075,0.29229316037447994
74.6034800000075,0.3938920688788835
74.6118100000075,0.4890925720420606
74.6201400000075,0.5760347924833096
74.6284700000075,0.6546311598052021
74.6368000000075,0.7256185896440444
74.6451300000075,0.7849231931851497
74.6534600000075,0.8299800082814945
74.6617900000075,0.8633296293113526
74.6701200000075,0.8858134292416081
74.6784500000075,0.8993350780975649
74.6867800000075,0.9005425858809404
74.6951100000075,0.8878471502788583
74.7034400000075,0.8635772549356869
74.7117700000075,0.8261117882697327
74.7201000000075,0.777831513957154
74.7284300000075,0.7192780693971144
74.73676000000751,0.6499804837753699
74.74509000000751,0.5720933401439805
74.75342000000751,0.4918527591874888
74.76175000000751,0.4092760034608555
74.77008000000751,0.3230470973243017
74.77841000000751,0.23568615555019232
74.78674000000751,0.1472648952557414
74.79507000000751,0.05741166037135484
74.80340000000751,-0.029385144396041642
74.81173000000751,-0.11123214222649223
74.82006000000752,-0.18922219143287491
74.82839000000752,-0.2645253377357126
74.83672000000752,-0.33314156835086095
74.84505000000752,-0.39120001396607196
74.85338000000752,-0.4372706676898491
74.86171000000752,-0.47359871451470387
74.87004000000752,-0.5021151777032304
74.87837000000752,-0.5226535267907679
74.88670000000752,-0.5338010450316933
74.89503000000752,-0.5391022352252154
74.90336000000752,-0.5374044973854142
74.91169000000752,-0.5302963422511139
74.92002000000753,-0.5194240531798946
74.92835000000753,-0.5040224977216842
74.93668000000753,-0.48173592675639054
74.94501000000753,-0.452173628536371
74.95334000000753,-0.4150560215750442
74.96167000000753,-0.3704956591311734
74.97000000000753,-0.3208126731167098
74.97833000000753,-0.26762712242650283
74.98666000000753,-0.20727157645892103
74.99499000000753,-0.1431522677828159
75.00332000000753,-0.07689602307938759
75.01165000000753,-0.011219335251111927
75.01998000000754,0.054705109388923236
75.02831000000754,0.11794919902095105
75.03664000000754,0.17656895645818782
75.04497000000754,0.22972260661692398
75.05330000000754,0.2790771757959115
75.06163000000754,0.3252968082604251
75.06996000000754,0.36677680838899407
75.07829000000754,0.40184469973068554
75.08662000000754,0.4368605672235775
75.09495000000754,0.4712384329615496
75.10328000000754,0.5015787309899062
75.11161000000754,0.5256323215658061
75.11994000000755,0.5421732154736166
75.12827000000755,0.5503351353393465
75.13660000000755,0.5477838307972227
75.14493000000755,0.5344500881109328
75.15326000000755,0.5154985383046501
75.16159000000755,0.48983506278366196
75.16992000000755,0.4555731839041374
75.17825000000755,0.41640708379561103
75.18658000000755,0.37585149172786364
75.19491000000755,0.3284646542166751
75.20324000000755,0.27083456219589525
75.21157000000755,0.20799508354705362
75.21990000000756,0.13909070378847574
75.22823000000756,0.06487645155385893
75.23656000000756,-0.013228855071451282
75.24489000000756,-0.0914704750172013
75.25322000000756,-0.1662833050635229
75.26155000000756,-0.24083379019334336
75.26988000000756,-0.313437834116729
75.27821000000756,-0.3842486414628723
75.28654000000756,-0.4552078107213894
75.29487000000756,-0.5254080680978166
75.30320000000756,-0.5923398524140686
75.31153000000756,-0.6520063517500251
75.31986000000757,-0.7046350872339077
75.32819000000757,-0.748393772966601
75.33652000000757,-0.7798200558611734
75.34485000000757,-0.797906405810144
75.35318000000757,-0.8053912538068893
75.36151000000757,-0.803409058714424
75.36984000000757,-0.7898040988793592
75.37817000000757,-0.7691981193062596
75.38650000000757,-0.7436435700338841
75.39483000000757,-0.7094372304521539
75.40316000000757,-0.6649127616595663
75.41149000000757,-0.6106114307526075
75.41982000000758,-0.5487793277863907
75.42815000000758,-0.4833150263225166
75.43648000000758,-0.41286453335393286
75.44481000000758,-0.33897781228872165
75.45314000000758,-0.2638385821868064
75.46147000000758,-0.18520859786663096
75.46980000000758,-0.10441397106885833
75.47813000000758,-0.026362192339045114
75.48646000000758,0.042885953263165466
75.49479000000758,0.10808717128209444
75.50312000000758,0.16994588558161583
75.51145000000759,0.22634919332985803
75.51978000000759,0.27385731403917096
75.52811000000759,0.31322235470437365
75.53644000000759,0.3495168247212049
75.54477000000759,0.3826201981886001
75.55310000000759,0.4126840463585577
75.56143000000759,0.4410640931323378
75.56976000000759,0.465124512974836
75.57809000000759,0.48499655392568275
75.58642000000759,0.49713493833983446
75.5947500000076,0.5038134603959138
75.6030800000076,0.5049085945438284
75.6114100000076,0.50268249792257
75.6197400000076,0.4978096237053266
75.6280700000076,0.49084662804445595
75.6364000000076,0.4823815406650452
75.6447300000076,0.47249994774121956
75.6530600000076,0.46066849416064626
75.6613900000076,0.44608789209257577
75.6697200000076,0.4309940718006278
75.6780500000076,0.4187733322503014
75.6863800000076,0.4075586669543422
75.6947100000076,0.3985882362061278
75.7030400000076,0.39256866470407187
75.7113700000076,0.39048706924371596
75.7197000000076,0.3918934387660268
75.7280300000076,0.3949693828294321
75.73636000000761,0.3978192086989746
75.74469000000761,0.399498168253345
75.75302000000761,0.40096070244463083
75.76135000000761,0.4020996856776053
75.76968000000761,0.403001478879009
75.77801000000761,0.4039036251377175
75.78634000000761,0.40122364859528054
75.79467000000761,0.39518527834865813
75.80300000000761,0.38374741677823393
75.81133000000762,0.3653275275754849
75.81966000000762,0.3419464902138765
75.82799000000762,0.3112775069277683
75.83632000000762,0.27313817522549955
75.84465000000762,0.22608463349696417
75.85298000000762,0.17261027484180042
75.86131000000762,0.11558550292744867
75.86964000000762,0.05165911988047053
75.87797000000762,-0.01729521172242843
75.88630000000762,-0.08837534700785417
75.89463000000762,-0.16450065511535625
75.90296000000762,-0.24547663257969626
75.91129000000763,-0.3308448738545271
75.91962000000763,-0.4130444617949816
75.92795000000763,-0.49575937076064586
75.93628000000763,-0.5828868447981086
75.94461000000763,-0.6710257219776004
75.95294000000763,-0.7567331717679383
75.96127000000763,-0.8360645498315015
75.96960000000763,-0.9102679560584658
75.97793000000763,-0.9757395420527091
75.98626000000763,-1.029180444466776
75.99459000000763,-1.0744021926466916
76.00292000000763,-1.1071341407831221
76.01125000000764,-1.126663479976139
76.01958000000764,-1.1296296025218588
76.02791000000764,-1.1209727864929986
76.03624000000764,-1.1046944920170276
76.04457000000764,-1.0734006873856454
76.05290000000764,-1.0267383938347978
76.06123000000764,-0.9634621621692121
76.06956000000764,-0.887119215942656
76.07789000000764,-0.8025261563947064
76.08622000000764,-0.7113923525410651
76.09455000000764,-0.6153026470525523
76.10288000000764,-0.5119176808228605
76.11121000000765,-0.403966601046092
76.11954000000765,-0.2957314132999476
76.12787000000765,-0.18598138677004297
76.13620000000765,-0.07731052349935241
76.14453000000765,0.03177787420778692
76.15286000000765,0.14475507959424438
76.16119000000765,0.25712739941887647
76.16952000000765,0.3656897077163595
76.17785000000765,0.46478804568263893
76.18618000000765,0.5573972623427661
76.19451000000765,0.6450583425002825
76.20284000000765,0.7293574461843257
76.21117000000766,0.8059868373897409
76.21950000000766,0.8748128473737081
76.22783000000766,0.9381822012101229
76.23616000000766,0.9916051492918406
76.24449000000766,1.03433337811593
76.25282000000766,1.071251917744764
76.26115000000766,1.101064844001017
76.26948000000766,1.1234365344796098
76.27781000000766,1.1340503666969144
76.28614000000766,1.1363166870829642
76.29447000000766,1.126743515121955
76.30280000000766,1.107698997472873
76.31113000000767,1.077709993713897
76.31946000000767,1.0373369629380915
76.32779000000767,0.9852158490980896
76.33612000000767,0.9236457758997046
76.34445000000767,0.8533727048319324
76.35278000000767,0.7758940335448695
76.36111000000767,0.6917387506093609
76.36944000000767,0.6027935492045846
76.37777000000767,0.5097069949525264
76.38610000000767,0.4121849190355288
76.39443000000767,0.30856852504252696
76.40276000000767,0.206079955783404
76.41109000000768,0.10290334430459212
76.41942000000768,-0.003402023115868417
76.42775000000768,-0.1118084217675926
76.43608000000768,-0.2203185412474314
76.44441000000768,-0.3272064786573008
76.45274000000768,-0.4317812658254897
76.46107000000768,-0.534301429210036
76.46940000000768,-0.6284137387327722
76.47773000000768,-0.7126814821833535
76.48606000000768,-0.7875830743910962
76.49439000000768,-0.8517391995772305
76.50272000000768,-0.901209966185221
76.51105000000769,-0.9395945533622009
76.51938000000769,-0.9674631089957618
76.52771000000769,-0.9847016517038104
76.53604000000769,-0.9937465791735575
76.54437000000769,-0.9904119269175834
76.55270000000769,-0.9735755089794182
76.56103000000769,-0.9422774153580479
76.56936000000769,-0.8976545715124414
76.57769000000769,-0.8422531865515663
76.5860200000077,-0.7780482482199851
76.5943500000077,-0.7091723463320717
76.6026800000077,-0.6331753864077947
76.6110100000077,-0.5526001235344957
76.6193400000077,-0.46734239936305505
76.6276700000077,-0.38197170563365973
76.6360000000077,-0.29946953010173644
76.6443300000077,-0.21885029042137935
76.6526600000077,-0.13679588383924995
76.6609900000077,-0.05571554668118094
76.6693200000077,0.020740781136226703
76.6776500000077,0.09181629739561044
76.6859800000077,0.158467428417901
76.6943100000077,0.21882251816427892
76.7026400000077,0.2772777612174236
76.7109700000077,0.3309146608704114
76.7193000000077,0.3750740880575057
76.72763000000771,0.40886319004819743
76.73596000000771,0.4318747256837431
76.74429000000771,0.443277996614213
76.75262000000771,0.4441973735804025
76.76095000000771,0.43651160791369326
76.76928000000771,0.42729219527627327
76.77761000000771,0.4120467959512728
76.78594000000771,0.39367445968753645
76.79427000000771,0.3686574490769953
76.80260000000771,0.34155457784607113
76.81093000000772,0.31257420420865567
76.81926000000772,0.2792990747391821
76.82759000000772,0.24120834352416984
76.83592000000772,0.1992446543074477
76.84425000000772,0.1550484081241551
76.85258000000772,0.1109938554404576
76.86091000000772,0.07111545428251138
76.86924000000772,0.037825721016766296
76.87757000000772,0.006317982196185775
76.88590000000772,-0.019683997366628528
76.89423000000772,-0.04128641782841956
76.90256000000772,-0.0530083414491217
76.91089000000773,-0.056031322504309776
76.91922000000773,-0.053191247782008885
76.92755000000773,-0.046723866564146795
76.93588000000773,-0.03625491089700479
76.94421000000773,-0.021136253645243516
76.95254000000773,-0.0027482529853585457
76.96087000000773,0.01571440769849113
76.96920000000773,0.035035786031080464
76.97753000000773,0.0551796601059171
76.98586000000773,0.07571168972665261
76.99419000000773,0.0940260645278966
77.00252000000773,0.11139788125439457
77.01085000000774,0.12696923843255
77.01918000000774,0.13849308191451812
77.02751000000774,0.14687896564979855
77.03584000000774,0.15085261347544907
77.04417000000774,0.1508051677991214
77.05250000000774,0.14504698524962673
77.06083000000774,0.1316220925696649
77.06916000000774,0.11510075038653486
77.07749000000774,0.09645735519681832
77.08582000000774,0.07333337389241736
77.09415000000774,0.047784805187662
77.10248000000774,0.022006403039211947
77.11081000000775,-0.004440140609130107
77.11914000000775,-0.03211616666051678
77.12747000000775,-0.0581308605172105
77.13580000000775,-0.08698824566218828
77.14413000000775,-0.11874888177786276
77.15246000000775,-0.15057734720629418
77.16079000000775,-0.18179482446367212
77.16912000000775,-0.20843245673515073
77.17745000000775,-0.23082975614889126
77.18578000000775,-0.2502975388379154
77.19411000000775,-0.26443558364223657
77.20244000000775,-0.2694959807940045
77.21077000000776,-0.26610339573723346
77.21910000000776,-0.2542294740500832
77.22743000000776,-0.2302169571225305
77.23576000000776,-0.2009719213120996
77.24409000000776,-0.16839483421302975
77.25242000000776,-0.13328049622704577
77.26075000000776,-0.09390252842484054
77.26908000000776,-0.05271143157641334
77.27741000000776,-0.012093244111058
77.28574000000776,0.025796906094544592
77.29407000000776,0.06123528203521039
77.30240000000776,0.09718451950820685
77.31073000000777,0.12929511975984959
77.31906000000777,0.15823448688626018
77.32739000000777,0.18571786501913473
77.33572000000777,0.20805620687067608
77.34405000000777,0.22400366580346898
77.35238000000777,0.2355870669456824
77.36071000000777,0.2454620650928182
77.36904000000777,0.2512478781048434
77.37737000000777,0.2532856797003437
77.38570000000777,0.25280642444876283
77.39403000000777,0.24956724629373633
77.40236000000777,0.24075778678865462
77.41069000000778,0.22755206504835834
77.41902000000778,0.2102180137269725
77.42735000000778,0.18558063585200324
77.43568000000778,0.1563161619966035
77.44401000000778,0.12073900557971606
77.45234000000778,0.08124777876985359
77.46067000000778,0.038879271816844266
77.46900000000778,-0.004931607965493241
77.47733000000778,-0.050525805593551264
77.48566000000778,-0.0958818233716744
77.49399000000778,-0.1411935115815325
77.50232000000778,-0.18838581151991465
77.51065000000779,-0.233451725150021
77.51898000000779,-0.2771316667741397
77.52731000000779,-0.3239970869570591
77.53564000000779,-0.3719816948786657
77.54397000000779,-0.4206912348259247
77.55230000000779,-0.4643657432221599
77.56063000000779,-0.5046380616305369
77.56896000000779,-0.5414749539792005
77.57729000000779,-0.5764417728546171
77.5856200000078,-0.6094195662824701
77.5939500000078,-0.6388078879547819
77.6022800000078,-0.661941178022326
77.6106100000078,-0.6734397605715773
77.6189400000078,-0.6754803658065206
77.6272700000078,-0.6698796318075448
77.6356000000078,-0.6575999514891365
77.6439300000078,-0.6362796580018785
77.6522600000078,-0.6042479471257978
77.6605900000078,-0.5634955646381307
77.6689200000078,-0.5173791071748471
77.6772500000078,-0.4661040966000291
77.6855800000078,-0.41014917574134474
77.6939100000078,-0.34670850237829637
77.7022400000078,-0.27700985984057447
77.7105700000078,-0.19602918477486678
77.7189000000078,-0.10783845249509327
77.72723000000781,-0.015508575770460898
77.73556000000781,0.07841926948188273
77.74389000000781,0.17628266500818454
77.75222000000781,0.27412287272121744
77.76055000000781,0.37130023178429566
77.76888000000781,0.4642256565958737
77.77721000000781,0.5543965349701574
77.78554000000781,0.639751446992836
77.79387000000781,0.7222619612439702
77.80220000000782,0.7969626931113406
77.81053000000782,0.8694844272450583
77.81886000000782,0.9346373215835876
77.82719000000782,0.9921214364074329
77.83552000000782,1.0431074291696216
77.84385000000782,1.086009887738342
77.85218000000782,1.116682097172145
77.86051000000782,1.1380877563881688
77.86884000000782,1.1474096454340155
77.87717000000782,1.1425339769898593
77.88550000000782,1.1233732957851965
77.89383000000782,1.093953655122211
77.90216000000783,1.0460076039309418
77.91049000000783,0.9837460509020015
77.91882000000783,0.9102781222436449
77.92715000000783,0.826288738813258
77.93548000000783,0.7332423099483838
77.94381000000783,0.6296600145931387
77.95214000000783,0.5166759190635761
77.96047000000783,0.39570822299161923
77.96880000000783,0.26850690218103124
77.97713000000783,0.1412442415018524
77.98546000000783,0.013702951038667466
77.99379000000783,-0.11139371658464438
78.00212000000784,-0.23546220087009376
78.01045000000784,-0.3525930472175911
78.01878000000784,-0.46219422279406125
78.02711000000784,-0.56818967467229
78.03544000000784,-0.668509236819118
78.04377000000784,-0.7659356312872905
78.05210000000784,-0.8579759123122634
78.06043000000784,-0.9411082976961831
78.06876000000784,-1.0096816467719016
78.07709000000784,-1.06207499306456
78.08542000000784,-1.1013960896602726
78.09375000000784,-1.123347454895981
78.10208000000785,-1.1262462536195397
78.11041000000785,-1.1148565441559073
78.11874000000785,-1.090007048870909
78.12707000000785,-1.0538416384866178
78.13540000000785,-1.0060431893242874
78.14373000000785,-0.9480821765448578
78.15206000000785,-0.8807028746256745
78.16039000000785,-0.8043143187258965
78.16872000000785,-0.7238808900549257
78.17705000000785,-0.6456648772672327
78.18538000000785,-0.5659685329786888
78.19371000000785,-0.48164808457650077
78.20204000000786,-0.39618510555945924
78.21037000000786,-0.31682168569295505
78.21870000000786,-0.23799665934167363
78.22703000000786,-0.1622992359055462
78.23536000000786,-0.09033615801487142
78.24369000000786,-0.023914771481220714
78.25202000000786,0.0345217971065247
78.26035000000786,0.0871622013439572
78.26868000000786,0.13163692693338258
78.27701000000786,0.1687344975154928
78.28534000000786,0.20654768334043236
78.29367000000786,0.24558316442998698
78.30200000000787,0.2807563173404053
78.31033000000787,0.30860011785654984
78.31866000000787,0.3328315116959749
78.32699000000787,0.356193766690028
78.33532000000787,0.37670434475826486
78.34365000000787,0.39399810458919704
78.35198000000787,0.4092552755926196
78.36031000000787,0.4233332741527774
78.36864000000787,0.4349436417989639
78.37697000000787,0.44966830551314746
78.38530000000787,0.4690466857759759
78.39363000000787,0.48743425118810374
78.40196000000788,0.5018244769773839
78.41029000000788,0.5112840638602271
78.41862000000788,0.5176114001962526
78.42695000000788,0.5280044282482548
78.43528000000788,0.5385911566066075
78.44361000000788,0.5516524369460091
78.45194000000788,0.5616006172355632
78.46027000000788,0.5659805240446489
78.46860000000788,0.5670609686609872
78.47693000000788,0.5680137229891411
78.48526000000788,0.5657078344192549
78.49359000000788,0.5563584521331282
78.50192000000789,0.5427984716169726
78.51025000000789,0.5236981999329412
78.51858000000789,0.5000395153134394
78.52691000000789,0.4763557817013898
78.53524000000789,0.44914299584675405
78.54357000000789,0.42057063807765577
78.55190000000789,0.3830173319990048
78.56023000000789,0.3413791506325182
78.56856000000789,0.2962023814697006
78.5768900000079,0.24939182467097964
78.5852200000079,0.20132894820944405
78.5935500000079,0.14972095779039962
78.6018800000079,0.09585318852964671
78.6102100000079,0.03654124035564022
78.6185400000079,-0.02367159356497238
78.6268700000079,-0.08546451328519367
78.6352000000079,-0.14955846252750316
78.6435300000079,-0.21259449336830735
78.6518600000079,-0.275220905191702
78.6601900000079,-0.33417673721446745
78.6685200000079,-0.3910940407124274
78.6768500000079,-0.4416970949376543
78.6851800000079,-0.48586832344207426
78.6935100000079,-0.5285192953976772
78.7018400000079,-0.5661339468615831
78.7101700000079,-0.6026669035802739
78.71850000000791,-0.6352115230834108
78.72683000000791,-0.6658797267737546
78.73516000000791,-0.6924471063661506
78.74349000000791,-0.7124931771432146
78.75182000000791,-0.7265402569847378
78.76015000000791,-0.7332254892399019
78.76848000000791,-0.7344180836054572
78.77681000000791,-0.7301083808033628
78.78514000000791,-0.7160022394931227
78.79347000000791,-0.6957928892289771
78.80180000000792,-0.6716119679209207
78.81013000000792,-0.6461854750889237
78.81846000000792,-0.616953913165813
78.82679000000792,-0.5830591951855387
78.83512000000792,-0.5449950954580352
78.84345000000792,-0.5021888529887368
78.85178000000792,-0.4533227192847691
78.86011000000792,-0.3971250475810068
78.86844000000792,-0.33791914095432046
78.87677000000792,-0.2731082085341926
78.88510000000792,-0.20260101988783255
78.89343000000792,-0.12890252129122434
78.90176000000793,-0.05596649372369062
78.91009000000793,0.017311533115666265
78.91842000000793,0.09126068541829849
78.92675000000793,0.1624492605589952
78.93508000000793,0.23190663656856217
78.94341000000793,0.30123239151704284
78.95174000000793,0.36696518221305446
78.96007000000793,0.4308425341471387
78.96840000000793,0.4907046177222539
78.97673000000793,0.549595343572597
78.98506000000793,0.6013120091594083
78.99339000000793,0.6461931033726561
79.00172000000794,0.6834404189687417
79.01005000000794,0.7122890387104546
79.01838000000794,0.7330154488845362
79.02671000000794,0.7439201097836547
79.03504000000794,0.7505005726357257
79.04337000000794,0.7495359989471796
79.05170000000794,0.7379203164888052
79.06003000000794,0.7168673606759082
79.06836000000794,0.6873943707671497
79.07669000000794,0.6509450273569383
79.08502000000794,0.6048841268888944
79.09335000000794,0.5518499061533845
79.10168000000795,0.4909321804133342
79.11001000000795,0.42179044851086744
79.11834000000795,0.34537847223330115
79.12667000000795,0.263464636501686
79.13500000000795,0.17703641499575795
79.14333000000795,0.08902912961425503
79.15166000000795,0.00014245860637239393
79.15999000000795,-0.09338375572993826
79.16832000000795,-0.18487044591859667
79.17665000000795,-0.2715604543989097
79.18498000000795,-0.3491047996344504
79.19331000000795,-0.41853290670465887
79.20164000000796,-0.48256858253400153
79.20997000000796,-0.5391935596772509
79.21830000000796,-0.5879245097293402
79.22663000000796,-0.6241950474161524
79.23496000000796,-0.6479151173400389
79.24329000000796,-0.6586622244422565
79.25162000000796,-0.6568945721017452
79.25995000000796,-0.6418919447795818
79.26828000000796,-0.6128400389071993
79.27661000000796,-0.5689777222133582
79.28494000000796,-0.5121525663334209
79.29327000000796,-0.4437890252982775
79.30160000000797,-0.3691763233763724
79.30993000000797,-0.28743262841343725
79.31826000000797,-0.19735634852884265
79.32659000000797,-0.10399841658780667
79.33492000000797,-0.013738817424418166
79.34325000000797,0.0703827384505693
79.35158000000797,0.15472487057051906
79.35991000000797,0.23847633382827987
79.36824000000797,0.3171819592422121
79.37657000000797,0.3901290616372951
79.38490000000797,0.45645762791333866
79.39323000000797,0.516288428731572
79.40156000000798,0.5641547724893663
79.40989000000798,0.6055741597019221
79.41822000000798,0.6371245770768075
79.42655000000798,0.6569884711633098
79.43488000000798,0.6666029895733574
79.44321000000798,0.6623492144693773
79.45154000000798,0.6500808698633088
79.45987000000798,0.6332017830105426
79.46820000000798,0.6079554995065365
79.47653000000798,0.5728657933832452
79.48486000000798,0.5246998762036018
79.49319000000798,0.4675913857931136
79.50152000000799,0.4020691034808317
79.50985000000799,0.33313211731309783
79.51818000000799,0.2595981076978608
79.52651000000799,0.18878363656689234
79.53484000000799,0.11658200296538167
79.54317000000799,0.04157674855754862
79.55150000000799,-0.029363783291350146
79.55983000000799,-0.09312092361977654
79.56816000000799,-0.15319158390131904
79.576490000008,-0.2133319990910659
79.584820000008,-0.27346777512473336
79.593150000008,-0.32765276310715846
79.601480000008,-0.37758985780919585
79.609810000008,-0.41909286865746737
79.618140000008,-0.4532400012361248
79.626470000008,-0.48195755281605906
79.634800000008,-0.5074530962280427
79.643130000008,-0.5277329168947471
79.651460000008,-0.5423563855767541
79.659790000008,-0.552058305431709
79.668120000008,-0.5543955394716017
79.676450000008,-0.5526685558998637
79.684780000008,-0.5456823461785215
79.693110000008,-0.5350533638269427
79.701440000008,-0.5228123437023936
79.709770000008,-0.5032874284196481
79.71810000000801,-0.47897510788270947
79.72643000000801,-0.45577283947259056
79.73476000000801,-0.4284027808375533
79.74309000000801,-0.39689760957624165
79.75142000000801,-0.3630683137869213
79.75975000000801,-0.3280896711577214
79.76808000000801,-0.2914665772040824
79.77641000000801,-0.2522214180790278
79.78474000000801,-0.21282667526487312
79.79307000000802,-0.17666946970450362
79.80140000000802,-0.13947705777008435
79.80973000000802,-0.09871912637981173
79.81806000000802,-0.06141440398533113
79.82639000000802,-0.023755957646482664
79.83472000000802,0.015900628358672404
79.84305000000802,0.055548713215678586
79.85138000000802,0.09170143965538376
79.85971000000802,0.12700522038430093
79.86804000000802,0.16043509717197765
79.87637000000802,0.19409561881235196
79.88470000000802,0.22581954207003302
79.89303000000803,0.2562225972674401
79.90136000000803,0.2876882295704623
79.90969000000803,0.31641157079689786
79.91802000000803,0.3395684011287194
79.92635000000803,0.3643080911901906
79.93468000000803,0.38619015449558536
79.94301000000803,0.4053021674868029
79.95134000000803,0.4204658827334976
79.95967000000803,0.43433661630210785
79.96800000000803,0.4450165016670541
79.97633000000803,0.4541517794484869
79.98466000000803,0.4611705549574046
79.99299000000804,0.46814699424570866
80.00132000000804,0.4730919523749894
80.00965000000804,0.47451433641399154
80.01798000000804,0.47224882833375453
80.02631000000804,0.47174935984926
80.03464000000804,0.4660218822298659
80.04297000000804,0.4545321296546469
80.05130000000804,0.4374312402248564
80.05963000000804,0.42028557507148545
80.06796000000804,0.39992426407058396
80.07629000000804,0.3767199081147471
80.08462000000804,0.35191478069241056
80.09295000000805,0.3294091561260911
80.10128000000805,0.3049290717251199
80.10961000000805,0.2772501021732247
80.11794000000805,0.25010445853310953
80.12627000000805,0.2213396626793813
80.13460000000805,0.18750679092075523
80.14293000000805,0.1516355912313734
80.15126000000805,0.11548662037862417
80.15959000000805,0.07832217900947817
80.16792000000805,0.03730402938411331
80.17625000000805,-0.008266911102134976
80.18458000000805,-0.054677940078996505
80.19291000000806,-0.09838016056016277
80.20124000000806,-0.144915596737369
80.20957000000806,-0.1894685285646196
80.21790000000806,-0.2352825034950263
80.22623000000806,-0.28446592643616664
80.23456000000806,-0.3340744314151395
80.24289000000806,-0.3820745764165132
80.25122000000806,-0.4309373955242328
80.25955000000806,-0.4820079384053625
80.26788000000806,-0.5296827374278357
80.27621000000806,-0.5791947950505661
80.28454000000806,-0.6265491591298268
80.29287000000807,-0.6703702249726796
80.30120000000807,-0.7108307775152656
80.30953000000807,-0.7493507638500562
80.31786000000807,-0.7871405301789569
80.32619000000807,-0.8211573266477182
80.33452000000807,-0.849176470258178
80.34285000000807,-0.870524153174817
80.35118000000807,-0.8847490285634408
80.35951000000807,-0.8908988899754995
80.36784000000807,-0.8911199939407608
80.37617000000807,-0.8848744908058905
80.38450000000807,-0.8718606806791124
80.39283000000808,-0.8492305684071223
80.40116000000808,-0.8136841164330315
80.40949000000808,-0.7676819060679029
80.41782000000808,-0.7046453804479546
80.42615000000808,-0.6329278113468938
80.43448000000808,-0.5510216916476411
80.44281000000808,-0.4601710837089263
80.45114000000808,-0.34917124811349465
80.45947000000808,-0.2303270644636624
80.46780000000808,-0.10820780395083973
80.47613000000808,0.01561565914161403
80.48446000000808,0.1405745061207414
80.49279000000809,0.26343002831971296
80.50112000000809,0.38413616511641285
80.50945000000809,0.5027079816119957
80.51778000000809,0.6199642082736713
80.52611000000809,0.72959154606176
80.53444000000809,0.8317737215716068
80.54277000000809,0.9235010130039742
80.55110000000809,1.011227874854749
80.55943000000809,1.0840402480227653
80.5677600000081,1.1410065119021846
80.5760900000081,1.1846533398156394
80.5844200000081,1.2171629717832158
80.5927500000081,1.2367460090749136
80.6010800000081,1.2442512654948779
80.6094100000081,1.2419133934123918
80.6177400000081,1.2294910051229322
80.6260700000081,1.205522166845477
80.6344000000081,1.1634298185090755
80.6427300000081,1.1054794129392589
80.6510600000081,1.035791679697927
80.6593900000081,0.9514203264084986
80.6677200000081,0.8548916129140265
80.6760500000081,0.7523886758723685
80.6843800000081,0.641923541565811
80.6927100000081,0.5320860671916904
80.7010400000081,0.4128127844352627
80.70937000000811,0.29510396008521117
80.71770000000811,0.17768705278185112
80.72603000000811,0.06315316876732861
80.73436000000811,-0.04845590814174332
80.74269000000811,-0.15093830675156233
80.75102000000811,-0.24786777946825966
80.75935000000811,-0.3391053698233374
80.76768000000811,-0.42435177417931597
80.77601000000811,-0.5034069096339037
80.78434000000811,-0.5769986059475923
80.79267000000812,-0.6397713027323688
80.80100000000812,-0.6974714779462228
80.80933000000812,-0.7370444498723288
80.81766000000812,-0.7664308586790551
80.82599000000812,-0.7842826014537874
80.83432000000812,-0.7907474108766892
80.84265000000812,-0.7882097649302231
80.85098000000812,-0.7766832328805735
80.85931000000812,-0.7584818808575541
80.86764000000812,-0.7392167268507428
80.87597000000812,-0.7114770840345509
80.88430000000812,-0.6783033004869402
80.89263000000813,-0.6412885963764771
80.90096000000813,-0.5980129014954985
80.90929000000813,-0.5476336037058533
80.91762000000813,-0.49748716510895935
80.92595000000813,-0.44282396405428404
80.93428000000813,-0.38723035342647016
80.94261000000813,-0.33429848092782266
80.95094000000813,-0.28315018373971607
80.95927000000813,-0.23480673879062341
80.96760000000813,-0.18803910100015936
80.97593000000813,-0.14322993568122686
80.98426000000813,-0.09885097607898788
80.99259000000814,-0.05592425392033901
81.00092000000814,-0.012502503869736994
81.00925000000814,0.026004650469124195
81.01758000000814,0.062410047976890703
81.02591000000814,0.09953331907595625
81.03424000000814,0.13375535118786366
81.04257000000814,0.1643396916785353
81.05090000000814,0.19067696212255542
81.05923000000814,0.21418803522030613
81.06756000000814,0.23208351543846995
81.07589000000814,0.24436759512348438
81.08422000000814,0.25626378632691404
81.09255000000815,0.2654972062710646
81.10088000000815,0.2700788366930688
81.10921000000815,0.2701340950645871
81.11754000000815,0.27074214249871037
81.12587000000815,0.2705135793320805
81.13420000000815,0.2708957551821914
81.14253000000815,0.27340078473201135
81.15086000000815,0.26971193782692887
81.15919000000815,0.26430860643034476
81.16752000000815,0.2587799099372043
81.17585000000815,0.2493229518498304
81.18418000000815,0.23516334591243343
81.19251000000816,0.21924877470563903
81.20084000000816,0.20123477639209322
81.20917000000816,0.18187706029564515
81.21750000000816,0.16082420488603685
81.22583000000816,0.13629135596514189
81.23416000000816,0.11361526956677102
81.24249000000816,0.09421238705779887
81.25082000000816,0.06957906162084032
81.25915000000816,0.04753716382447915
81.26748000000816,0.030136126171092032
81.27581000000816,0.01295206599108323
81.28414000000816,-0.00140765366987608
81.29247000000817,-0.011534364224398784
81.30080000000817,-0.016122606929011244
81.30913000000817,-0.018235910669120305
81.31746000000817,-0.0198728561784155
81.32579000000817,-0.023590721853592463
81.33412000000817,-0.02447139746703089
81.34245000000817,-0.024146083082291693
81.35078000000817,-0.02560941122940489
81.35911000000817,-0.025760372705133264
81.36744000000817,-0.021747722354724764
81.37577000000817,-0.016840281263575937
81.38410000000817,-0.013831077281924696
81.39243000000818,-0.00810160608113518
81.40076000000818,0.0022147218972534757
81.40909000000818,0.011689561987829965
81.41742000000818,0.018511187293577428
81.42575000000818,0.022173273627581595
81.43408000000818,0.023923691464483577
81.44241000000818,0.022241166766027786
81.45074000000818,0.019153368950125878
81.45907000000818,0.014485686933192124
81.46740000000818,0.008766870922176163
81.47573000000818,-0.0018259177442369779
81.48406000000818,-0.016535414891659925
81.49239000000819,-0.030708513920790177
81.50072000000819,-0.04576263534929454
81.50905000000819,-0.06364920100015566
81.51738000000819,-0.08291239783965726
81.52571000000819,-0.10244362757536261
81.53404000000819,-0.12160032220702224
81.54237000000819,-0.13834013756604563
81.55070000000819,-0.14944542024318497
81.55903000000819,-0.15810749947535901
81.5673600000082,-0.1643052892332187
81.5756900000082,-0.16493871840174879
81.5840200000082,-0.16001799374326056
81.5923500000082,-0.15069606338696004
81.6006800000082,-0.13957143685367449
81.6090100000082,-0.12219757339296233
81.6173400000082,-0.09874551492416564
81.6256700000082,-0.07464244876212012
81.6340000000082,-0.04497600054260526
81.6423300000082,-0.013110283696764329
81.6506600000082,0.022913740988369093
81.6589900000082,0.06056161748267291
81.6673200000082,0.09714786551439494
81.6756500000082,0.14104981416159615
81.6839800000082,0.18484070167317806
81.6923100000082,0.22668884368402384
81.7006400000082,0.26340590969761085
81.70897000000821,0.2978954432766568
81.71730000000821,0.32609024245747636
81.72563000000821,0.34629738917795694
81.73396000000821,0.3597237817433135
81.74229000000821,0.3609057180541119
81.75062000000821,0.3568827766388445
81.75895000000821,0.3443902771604738
81.76728000000821,0.32297165170948267
81.77561000000821,0.30105559889019723
81.78394000000822,0.27330869515796213
81.79227000000822,0.2341988633623649
81.80060000000822,0.18820341240920235
81.80893000000822,0.13743213188238704
81.81726000000822,0.08152819373094623
81.82559000000822,0.01878071575799194
81.83392000000822,-0.05764975162857436
81.84225000000822,-0.13470662212354542
81.85058000000822,-0.21005659029365165
81.85891000000822,-0.28815425493587765
81.86724000000822,-0.363381147958917
81.87557000000822,-0.43530945235315016
81.88390000000823,-0.5036951398678082
81.89223000000823,-0.56766866160597
81.90056000000823,-0.6189178958438574
81.90889000000823,-0.65933729072585
81.91722000000823,-0.6913407721365072
81.92555000000823,-0.7184069429269367
81.93388000000823,-0.7373745507843511
81.94221000000823,-0.7411500966636444
81.95054000000823,-0.7355978957234243
81.95887000000823,-0.718136269753623
81.96720000000823,-0.6911564483873287
81.97553000000823,-0.6559506392124185
81.98386000000824,-0.6060361414302144
81.99219000000824,-0.5452282314662279
82.00052000000824,-0.47100079710094495
82.00885000000824,-0.3877109111040692
82.01718000000824,-0.2987695755312297
82.02551000000824,-0.2039870602456136
82.03384000000824,-0.10540252976336502
82.04217000000824,-0.005317539284071712
82.05050000000824,0.09523470882621689
82.05883000000824,0.19661093277306313
82.06716000000824,0.2946623163432632
82.07549000000824,0.38382388689843744
82.08382000000825,0.4741984166688981
82.09215000000825,0.5543211222321204
82.10048000000825,0.6310865875347453
82.10881000000825,0.700253822462004
82.11714000000825,0.7621182725381409
82.12547000000825,0.8178689110032226
82.13380000000825,0.8638600245752883
82.14213000000825,0.9009549281174074
82.15046000000825,0.9279178523118833
82.15879000000825,0.9472919242019265
82.16712000000825,0.9581776572124776
82.17545000000825,0.9504103379871092
82.18378000000826,0.9395839242557877
82.19211000000826,0.9233328201271019
82.20044000000826,0.8976023237639549
82.20877000000826,0.8620818015692016
82.21710000000826,0.8174350055944929
82.22543000000826,0.7643076103355361
82.23376000000826,0.704497291556432
82.24209000000826,0.6352079454203363
82.25042000000826,0.5635150512208735
82.25875000000826,0.48686548920622047
82.26708000000826,0.4007387722619805
82.27541000000826,0.3102021369005275
82.28374000000827,0.2219578597282375
82.29207000000827,0.14101797820470194
82.30040000000827,0.05413349354578837
82.30873000000827,-0.03499581828643833
82.31706000000827,-0.12224910145470935
82.32539000000827,-0.2078314956791124
82.33372000000827,-0.2883250802992546
82.34205000000827,-0.3716493874649812
82.35038000000827,-0.4486293685532478
82.35871000000827,-0.5242693918735307
82.36704000000827,-0.595134806906769
82.37537000000827,-0.6561805434275244
82.38370000000828,-0.7121916732962507
82.39203000000828,-0.759170368243886
82.40036000000828,-0.8018326277306005
82.40869000000828,-0.8385463699036927
82.41702000000828,-0.866861837878684
82.42535000000828,-0.8895352117991159
82.43368000000828,-0.9009417113195934
82.44201000000828,-0.906593189598021
82.45034000000828,-0.9020366731837002
82.45867000000828,-0.8906162949402042
82.46700000000828,-0.8719022285850923
82.47533000000828,-0.8443042826884568
82.48366000000829,-0.8083140537752942
82.49199000000829,-0.764551892619678
82.50032000000829,-0.7178457104324241
82.50865000000829,-0.664207372670377
82.51698000000829,-0.6035634763583816
82.52531000000829,-0.5398273960049619
82.53364000000829,-0.4695102315546579
82.54197000000829,-0.39807358114281716
82.55030000000829,-0.32625163197956164
82.55863000000829,-0.2530033787049209
82.5669600000083,-0.179755341994904
82.5752900000083,-0.1060857950296124
82.5836200000083,-0.0306445807187781
82.5919500000083,0.04112224547174445
82.6002800000083,0.11006607024933275
82.6086100000083,0.18113130589226367
82.6169400000083,0.24579067919269046
82.6252700000083,0.3061007335618705
82.6336000000083,0.36235442751748903
82.6419300000083,0.4112767409562489
82.6502600000083,0.45692765031177707
82.6585900000083,0.4958123828247326
82.6669200000083,0.5280112802551412
82.6752500000083,0.5505235894362389
82.6835800000083,0.5674455502800537
82.6919100000083,0.5786028318947426
82.70024000000831,0.5885881719062735
82.70857000000831,0.5892743726299808
82.71690000000831,0.579330357253795
82.72523000000831,0.5675101619375279
82.73356000000831,0.5499992182095405
82.74189000000831,0.5298570864638571
82.75022000000831,0.5098393001957648
82.75855000000831,0.4840509245731168
82.76688000000831,0.4572937758569887
82.77521000000831,0.42960117189645314
82.78354000000832,0.40243295181871513
82.79187000000832,0.37920495847986146
82.80020000000832,0.3605071090122704
82.80853000000832,0.3410191008716749
82.81686000000832,0.32450455454166577
82.82519000000832,0.3124634322873783
82.83352000000832,0.30535908971851544
82.84185000000832,0.30257794950671973
82.85018000000832,0.30275451964626326
82.85851000000832,0.299594338489882
82.86684000000832,0.2956167671212524
82.87517000000832,0.2907742642207524
82.88350000000833,0.2823583501190086
82.89183000000833,0.27159604679779176
82.90016000000833,0.25910976792136065
82.90849000000833,0.23990633333644726
82.91682000000833,0.2160586870245282
82.92515000000833,0.19032622098465748
82.93348000000833,0.1612554067297482
82.94181000000833,0.12647701050993412
82.95014000000833,0.08540684382336816
82.95847000000833,0.04094453542578322
82.96680000000833,-0.007581425062593215
82.97513000000833,-0.05948468890387728
82.98346000000834,-0.11433839286350754
82.99179000000834,-0.1755201576416084
83.00012000000834,-0.241760791565071
83.00845000000834,-0.31101827642647134
83.01678000000834,-0.3779359961951776
83.02511000000834,-0.44248417830385867
83.03344000000834,-0.504891522387395
83.04177000000834,-0.5650845774056025
83.05010000000834,-0.6212608297925828
83.05843000000834,-0.669291311116149
83.06676000000834,-0.7110440817510465
83.07509000000834,-0.7424965408442309
83.08342000000835,-0.7658440415243001
83.09175000000835,-0.7846545979475358
83.10008000000835,-0.7971244198510632
83.10841000000835,-0.7973628234761673
83.11674000000835,-0.7867435129214749
83.12507000000835,-0.768236633248756
83.13340000000835,-0.7393254731609752
83.14173000000835,-0.7031772764510332
83.15006000000835,-0.6558880207117135
83.15839000000835,-0.597558711766848
83.16672000000835,-0.5285988181618517
83.17505000000835,-0.4491039742634976
83.18338000000836,-0.36652788301888956
83.19171000000836,-0.2833372102562695
83.20004000000836,-0.1977079652355638
83.20837000000836,-0.11119712397666562
83.21670000000836,-0.025687932610169658
83.22503000000836,0.058423836670338535
83.23336000000836,0.14059512702842294
83.24169000000836,0.2202902909666266
83.25002000000836,0.29551686780666414
83.25835000000836,0.3702855776435225
83.26668000000836,0.4411828390934681
83.27501000000836,0.5070728104394644
83.28334000000837,0.5619768498521007
83.29167000000837,0.608972524684578
83.30000000000837,0.6488907519467569
83.30833000000837,0.6791735218281779
83.31666000000837,0.7010858924173546
83.32499000000837,0.713652126938743
83.33332000000837,0.7202265254806518
83.34165000000837,0.7167071786960502
83.34998000000837,0.7060281632836735
83.35831000000837,0.6900301537325341
83.36664000000837,0.6665723001663371
83.37497000000837,0.6301426466757151
83.38330000000838,0.5851249825990806
83.39163000000838,0.5362400121575355
83.39996000000838,0.4763713726136584
83.40829000000838,0.4094318774272617
83.41662000000838,0.3414655876415893
83.42495000000838,0.27251240728185866
83.43328000000838,0.20391144075426487
83.44161000000838,0.13129124990747065
83.44994000000838,0.06522544302718089
83.45827000000838,-0.0001629702169405915
83.46660000000838,-0.061568256884942385
83.47493000000838,-0.12620986387142433
83.48326000000839,-0.18612463086130807
83.49159000000839,-0.24242403304794105
83.49992000000839,-0.2993384614977413
83.50825000000839,-0.3490487033420035
83.51658000000839,-0.3875574293212052
83.52491000000839,-0.42057788948845715
83.53324000000839,-0.44998511579556644
83.54157000000839,-0.4737950160049367
83.54990000000839,-0.4858998771596344
83.5582300000084,-0.49333457515002066
83.5665600000084,-0.49088335567244434
83.5748900000084,-0.4808225549127705
83.5832200000084,-0.4661268170812425
83.5915500000084,-0.4432180954403308
83.5998800000084,-0.41294176655898146
83.6082100000084,-0.37572502636639854
83.6165400000084,-0.3364158201902318
83.6248700000084,-0.2943378871731212
83.6332000000084,-0.249997574831098
83.6415300000084,-0.20647703151456134
83.6498600000084,-0.16048060207204876
83.6581900000084,-0.11466603576324093
83.6665200000084,-0.06684881620400558
83.6748500000084,-0.015445351112038246
83.6831800000084,0.030716521002537866
83.6915100000084,0.08197343731606711
83.69984000000841,0.13549497707253325
83.70817000000841,0.1892789427421613
83.71650000000841,0.2375888538534148
83.72483000000841,0.2870448452726654
83.73316000000841,0.3338261892020312
83.74149000000841,0.37484383790584486
83.74982000000841,0.41037071830778915
83.75815000000841,0.4397520039293583
83.76648000000841,0.46062285630737193
83.77481000000842,0.4759420375477418
83.78314000000842,0.4842482466648486
83.79147000000842,0.48788934545876345
83.79980000000842,0.4851537372501606
83.80813000000842,0.4777265726157381
83.81646000000842,0.45854502321732815
83.82479000000842,0.43780238346196665
83.83312000000842,0.41485600330275196
83.84145000000842,0.3875972732465667
83.84978000000842,0.3534465423721853
83.85811000000842,0.3138817976349267
83.86644000000842,0.27091024434582095
83.87477000000843,0.22209897885056562
83.88310000000843,0.17202365527052785
83.89143000000843,0.11387337011888911
83.89976000000843,0.04989988125441531
83.90809000000843,-0.018722631059948366
83.91642000000843,-0.09591668006866368
83.92475000000843,-0.16634905381803738
83.93308000000843,-0.2345738200836003
83.94141000000843,-0.3019938177619155
83.94974000000843,-0.36716545809241824
83.95807000000843,-0.42802081195094804
83.96640000000843,-0.4791694593677561
83.97473000000844,-0.5212626860849604
83.98306000000844,-0.5539882907486969
83.99139000000844,-0.579341443054137
83.99972000000844,-0.5965937937440503
84.00805000000844,-0.6055348577180243
84.01638000000844,-0.6035182156508792
84.02471000000844,-0.5927188338182082
84.03304000000844,-0.5758743792553056
84.04137000000844,-0.553608122336566
84.04970000000844,-0.5207906631053045
84.05803000000844,-0.4802827504163371
84.06636000000844,-0.43334417955983034
84.07469000000845,-0.37768627151751716
84.08302000000845,-0.3196034666115603
84.09135000000845,-0.26098662543329365
84.09968000000845,-0.19842543630025647
84.10801000000845,-0.13507064578582675
84.11634000000845,-0.07593206845503218
84.12467000000845,-0.02333315456024997
84.13300000000845,0.026468261892213497
84.14133000000845,0.06924489487341147
84.14966000000845,0.11231426905749116
84.15799000000845,0.1506591593102695
84.16632000000845,0.18330049304812887
84.17465000000846,0.21373787171970637
84.18298000000846,0.23719900132968166
84.19131000000846,0.2530610549037451
84.19964000000846,0.2666637073965266
84.20797000000846,0.27653065720193
84.21630000000846,0.2794386257008733
84.22463000000846,0.28043488115028625
84.23296000000846,0.27908671527649564
84.24129000000846,0.2725328496487017
84.24962000000846,0.26826314070150414
84.25795000000846,0.2634683847959907
84.26628000000846,0.25867112846202034
84.27461000000847,0.25384887940224415
84.28294000000847,0.25049540163180983
84.29127000000847,0.24940469837734514
84.29960000000847,0.25079263565969573
84.30793000000847,0.2567109834580598
84.31626000000847,0.262847264466668
84.32459000000847,0.269945304381492
84.33292000000847,0.2762605774315081
84.34125000000847,0.27691218541319146
84.34958000000847,0.2807576584276603
84.35791000000847,0.2843964062857781
84.36624000000847,0.2889569700915054
84.37457000000848,0.29883609674634737
84.38290000000848,0.3155696303315582
84.39123000000848,0.3334039332835658
84.39956000000848,0.3490407876794239
84.40789000000848,0.36282289376833554
84.41622000000848,0.3714596342861899
84.42455000000848,0.37456118771976005
84.43288000000848,0.37461328913868985
84.44121000000848,0.3661774825988658
84.44954000000848,0.3562200844705
84.45787000000848,0.33781223886656536
84.46620000000848,0.31454446475021425
84.47453000000849,0.289837275235554
84.48286000000849,0.25859871467802026
84.49119000000849,0.2213606205304478
84.49952000000849,0.17456921705477063
84.50785000000849,0.12439317157047548
84.51618000000849,0.06894419264359071
84.52451000000849,0.011651076545498731
84.53284000000849,-0.048375717128874215
84.54117000000849,-0.11200941785897713
84.54950000000849,-0.17354990310398105
84.5578300000085,-0.24235474883326752
84.5661600000085,-0.3113716170041341
84.5744900000085,-0.379889914946586
84.5828200000085,-0.45147168009970234
84.5911500000085,-0.5206162037864988
84.5994800000085,-0.5889657397209859
84.6078100000085,-0.6494040161036974
84.6161400000085,-0.7046708794129994
84.6244700000085,-0.752147430472974
84.6328000000085,-0.7955408661447091
84.6411300000085,-0.8291825708435796
84.6494600000085,-0.8558810572574743
84.6577900000085,-0.8770704773674697
84.6661200000085,-0.8867406951571271
84.6744500000085,-0.8873017461734257
84.6827800000085,-0.8834849600173725
84.6911100000085,-0.8671657497830574
84.69944000000851,-0.8408037008508478
84.70777000000851,-0.8029608507243247
84.71610000000851,-0.7566843172358649
84.72443000000851,-0.7056454161230975
84.73276000000851,-0.6442543781802935
84.74109000000851,-0.5763482735641542
84.74942000000851,-0.5038384074183399
84.75775000000851,-0.42634098380383434
84.76608000000851,-0.3453252314548796
84.77441000000852,-0.26087955304006816
84.78274000000852,-0.1757998630350725
84.79107000000852,-0.09136381728489967
84.79940000000852,-0.006432721930159291
84.80773000000852,0.07808695483355017
84.81606000000852,0.16125520749918026
84.82439000000852,0.2416781363082975
84.83272000000852,0.32741879556378173
84.84105000000852,0.40917400825585853
84.84938000000852,0.4869959668626725
84.85771000000852,0.5607676538083838
84.86604000000852,0.6296511593733378
84.87437000000853,0.6939210476679726
84.88270000000853,0.7489463528373931
84.89103000000853,0.7943298013571561
84.89936000000853,0.8347080447018471
84.90769000000853,0.8652804281667891
84.91602000000853,0.8895690783802938
84.92435000000853,0.9045451004787407
84.93268000000853,0.9127980554263788
84.94101000000853,0.9165149767511517
84.94934000000853,0.915462180373455
84.95767000000853,0.9091267211992479
84.96600000000853,0.8967376368822355
84.97433000000854,0.8745644413664785
84.98266000000854,0.8441964783640857
84.99099000000854,0.8057313216214915
84.99932000000854,0.7559203573009988
85.00765000000854,0.6961295468184017
85.01598000000854,0.6279675841162878
85.02431000000854,0.5512939829618567
85.03264000000854,0.46620397891105136
85.04097000000854,0.3837072709650211
85.04930000000854,0.2981003338243372
85.05763000000854,0.20540158964427976
85.06596000000854,0.11155663005983008
85.07429000000855,0.013270048647858362
85.08262000000855,-0.08611753330756194
85.09095000000855,-0.18745008189981696
85.09928000000855,-0.29122449290858904
85.10761000000855,-0.3920762881205425
85.11594000000855,-0.4885787706583205
85.12427000000855,-0.5795151040660235
85.13260000000855,-0.6614606612121193
85.14093000000855,-0.7268876949697402
85.14926000000855,-0.7785314495072678
85.15759000000855,-0.822226387250203
85.16592000000855,-0.8501645377940034
85.17425000000856,-0.8628242367404306
85.18258000000856,-0.8655963807195981
85.19091000000856,-0.858984480537826
85.19924000000856,-0.8361417702185749
85.20757000000856,-0.8054216906352166
85.21590000000856,-0.766767522018703
85.22423000000856,-0.7225825169615196
85.23256000000856,-0.6717015865406042
85.24089000000856,-0.6129881518066318
85.24922000000856,-0.5491841603608807
85.25755000000856,-0.4840937419231214
85.26588000000856,-0.4150749137537122
85.27421000000857,-0.3394415207220055
85.28254000000857,-0.2647129821846967
85.29087000000857,-0.18897189207070747
85.29920000000857,-0.11048295766406778
85.30753000000857,-0.04251516537568505
85.31586000000857,0.02163584547837252
85.32419000000857,0.07962747206917684
85.33252000000857,0.13228637271075347
85.34085000000857,0.17783023480475052
85.34918000000857,0.21471724704429146
85.35751000000857,0.24407206758467082
85.36584000000857,0.2652670277524017
85.37417000000858,0.28288284625919674
85.38250000000858,0.29370955624799433
85.39083000000858,0.29941019922549816
85.39916000000858,0.2971362108475017
85.40749000000858,0.29037504217134963
85.41582000000858,0.2834433678881279
85.42415000000858,0.27246555681257256
85.43248000000858,0.25726784060314484
85.44081000000858,0.23760831690325943
85.44914000000858,0.2152373226006278
85.45747000000858,0.19121230395187308
85.46580000000858,0.16798993012049465
85.47413000000859,0.14528602876420355
85.48246000000859,0.12441821634902349
85.49079000000859,0.10608515090369364
85.49912000000859,0.09027620945474128
85.50745000000859,0.07983105547165965
85.51578000000859,0.0729241589095591
85.52411000000859,0.0659481813379912
85.53244000000859,0.06100039982999916
85.54077000000859,0.0593480463477133
85.5491000000086,0.05911941896331621
85.5574300000086,0.06122093424762765
85.5657600000086,0.06533817423097595
85.5740900000086,0.06861483008231865
85.5824200000086,0.07267961883466913
85.5907500000086,0.07858408440762775
85.5990800000086,0.0843256959998157
85.6074100000086,0.09174409245349568
85.6157400000086,0.10117095860143722
85.6240700000086,0.1098648166367179
85.6324000000086,0.11822063487900378
85.6407300000086,0.12601490138553229
85.6490600000086,0.13207809588627661
85.6573900000086,0.14018452562201492
85.6657200000086,0.1452669261545993
85.6740500000086,0.145319493737437
85.6823800000086,0.14017179022302828
85.69071000000861,0.13118662999929295
85.69904000000861,0.11967723660936293
85.70737000000861,0.10656841254729198
85.71570000000861,0.08889684617088671
85.72403000000861,0.06572235987986767
85.73236000000861,0.04091217159477546
85.74069000000861,0.011534706378793601
85.74902000000861,-0.02084954439466571
85.75735000000861,-0.05314527943456097
85.76568000000862,-0.08725080029181843
85.77401000000862,-0.11982295898347507
85.78234000000862,-0.1483224550963403
85.79067000000862,-0.1736457446800548
85.79900000000862,-0.19168634479260827
85.80733000000862,-0.20482460785577106
85.81566000000862,-0.21306512798481597
85.82399000000862,-0.21665141867408447
85.83232000000862,-0.21659448834024622
85.84065000000862,-0.2189287285317177
85.84898000000862,-0.22080162481558466
85.85731000000862,-0.21932958445901543
85.86564000000863,-0.21668704631710164
85.87397000000863,-0.20795604190849565
85.88230000000863,-0.19249705926652938
85.89063000000863,-0.17577984161053195
85.89896000000863,-0.15189572948919175
85.90729000000863,-0.12253354900156237
85.91562000000863,-0.08951490587961493
85.92395000000863,-0.056905735836970714
85.93228000000863,-0.024820906995959683
85.94061000000863,0.006393117414471775
85.94894000000863,0.03727458552852582
85.95727000000863,0.06850050864775982
85.96560000000864,0.09718061132376064
85.97393000000864,0.1257186447227251
85.98226000000864,0.1512681466056616
85.99059000000864,0.1719408532551137
85.99892000000864,0.1902430088445331
86.00725000000864,0.203535206310626
86.01558000000864,0.2118391775262659
86.02391000000864,0.21608459537212843
86.03224000000864,0.21812054813637863
86.04057000000864,0.21672103250386981
86.04890000000864,0.21375754764382804
86.05723000000864,0.20981117543851432
86.06556000000865,0.20359465689534337
86.07389000000865,0.19345427341566432
86.08222000000865,0.17787667083617317
86.09055000000865,0.1600670267656781
86.09888000000865,0.13918388530221515
86.10721000000865,0.11225098593975684
86.11554000000865,0.08243255403302725
86.12387000000865,0.05221223274012782
86.13220000000865,0.02227294775340419
86.14053000000865,-0.009587077085202683
86.14886000000865,-0.04183688343022474
86.15719000000865,-0.07457826894990245
86.16552000000866,-0.10920950243303944
86.17385000000866,-0.14548444950327719
86.18218000000866,-0.18346598074080436
86.19051000000866,-0.22042597018303034
86.19884000000866,-0.2570757738406148
86.20717000000866,-0.2930934989097797
86.21550000000866,-0.32744454131553624
86.22383000000866,-0.36006941659339603
86.23216000000866,-0.38945842876805004
86.24049000000866,-0.41834477887146504
86.24882000000866,-0.44589095843957405
86.25715000000866,-0.4714927398679356
86.26548000000867,-0.4932781779655252
86.27381000000867,-0.5139157164060171
86.28214000000867,-0.5286443227889309
86.29047000000867,-0.5375113646367994
86.29880000000867,-0.5378395814200417
86.30713000000867,-0.5284916081527247
86.31546000000867,-0.511727635673554
86.32379000000867,-0.4876032145222635
86.33212000000867,-0.454577207763523
86.34045000000867,-0.4148721894805988
86.34878000000867,-0.3641933301834149
86.35711000000867,-0.3039282920651404
86.36544000000868,-0.23318110043610532
86.37377000000868,-0.16258626896306877
86.38210000000868,-0.08475514805323452
86.39043000000868,-0.0017625476270631993
86.39876000000868,0.08855394617485497
86.40709000000868,0.18414981782645937
86.41542000000868,0.2791987218863621
86.42375000000868,0.3718788658305667
86.43208000000868,0.46282663247701966
86.44041000000868,0.5503222646689839
86.44874000000868,0.6341667508141325
86.45707000000868,0.7096488769315819
86.46540000000869,0.7741261061236075
86.47373000000869,0.8247503807692107
86.48206000000869,0.8672115729907316
86.49039000000869,0.9004792952570508
86.49872000000869,0.9278567841812962
86.50705000000869,0.9443557169255964
86.51538000000869,0.9500248163906438
86.52371000000869,0.9478875099378485
86.53204000000869,0.9355781291547834
86.54037000000869,0.914510318442151
86.5487000000087,0.8807934099232844
86.5570300000087,0.8311076366122354
86.5653600000087,0.7718162756121119
86.5736900000087,0.7011548163522459
86.5820200000087,0.6204293121461043
86.5903500000087,0.5309746107111909
86.5986800000087,0.43888827272598196
86.6070100000087,0.345450477812735
86.6153400000087,0.2494235412500697
86.6236700000087,0.14993682110920728
86.6320000000087,0.04813030708002752
86.6403300000087,-0.053076006943860915
86.6486600000087,-0.15434125014098474
86.6569900000087,-0.258400112548428
86.6653200000087,-0.3546555769508232
86.6736500000087,-0.4518403510333218
86.6819800000087,-0.5417036155642899
86.69031000000871,-0.6200801988228946
86.69864000000871,-0.6802575826105107
86.70697000000871,-0.7274238476657904
86.71530000000871,-0.7664416949821254
86.72363000000871,-0.796211681253635
86.73196000000871,-0.8149730242577332
86.74029000000871,-0.8277772746836521
86.74862000000871,-0.8329098722202585
86.75695000000871,-0.8302470546264361
86.76528000000872,-0.8175440991957376
86.77361000000872,-0.8027320684003542
86.78194000000872,-0.7772864459316802
86.79027000000872,-0.7401541583999124
86.79860000000872,-0.6918988809269805
86.80693000000872,-0.6429002359617676
86.81526000000872,-0.5903968598630038
86.82359000000872,-0.5367272103474419
86.83192000000872,-0.4802129884619572
86.84025000000872,-0.42526015682975526
86.84858000000872,-0.3701662928678976
86.85691000000872,-0.31482310285560183
86.86524000000873,-0.2610737695714295
86.87357000000873,-0.2083408819819645
86.88190000000873,-0.1537436172764574
86.89023000000873,-0.0978865976252872
86.89856000000873,-0.043796002528331976
86.90689000000873,0.004751425743317734
86.91522000000873,0.05040642469440702
86.92355000000873,0.08722697271748626
86.93188000000873,0.12083407472718861
86.94021000000873,0.15118184322931283
86.94854000000873,0.17800062750147025
86.95687000000873,0.19757043163445753
86.96520000000874,0.21724808985199456
86.97353000000874,0.23944590881221717
86.98186000000874,0.2599854396043028
86.99019000000874,0.28451105570535173
86.99852000000874,0.3093358351947219
87.00685000000874,0.330536758924749
87.01518000000874,0.350100991942542
87.02351000000874,0.367117601115796
87.03184000000874,0.3861999853298027
87.04017000000874,0.4060541705497301
87.04850000000874,0.4239428640315708
87.05683000000874,0.43830323252444
87.06516000000875,0.4535180649622901
87.07349000000875,0.46781775713961316
87.08182000000875,0.4784272826779295
87.09015000000875,0.49009667343547414
87.09848000000875,0.4975399802886227
87.10681000000875,0.500575287966891
87.11514000000875,0.503108156373188
87.12347000000875,0.5042001097249409
87.13180000000875,0.501640803318447
87.14013000000875,0.49795028460889396
87.14846000000875,0.48932365388239085
87.15679000000875,0.47478780380014357
87.16512000000876,0.45743753266600023
87.17345000000876,0.4357687486981744
87.18178000000876,0.4088358069785134
87.19011000000876,0.3808741296048289
87.19844000000876,0.34876247620484135
87.20677000000876,0.31167326073866747
87.21510000000876,0.27260503032103256
87.22343000000876,0.23046832710128937
87.23176000000876,0.18787225007840042
87.24009000000876,0.14429715275793212
87.24842000000876,0.09580266094106354
87.25675000000876,0.04461485742346224
87.26508000000877,-0.004325929612322207
87.27341000000877,-0.051308268790707434
87.28174000000877,-0.09532085382302506
87.29007000000877,-0.137593269009175
87.29840000000877,-0.18084125334848491
87.30673000000877,-0.2233527625027272
87.31506000000877,-0.2616489603287738
87.32339000000877,-0.29917065591342107
87.33172000000877,-0.33340269628921054
87.34005000000877,-0.36634964265186803
87.34838000000877,-0.39702416636219134
87.35671000000877,-0.4236929126865168
87.36504000000878,-0.447789710251423
87.37337000000878,-0.46984046595462164
87.38170000000878,-0.4903887407972312
87.39003000000878,-0.5105651479998292
87.39836000000878,-0.5277842015026742
87.40669000000878,-0.5423645912607482
87.41502000000878,-0.5533389931644656
87.42335000000878,-0.5630911148558913
87.43168000000878,-0.5692477626592768
87.44001000000878,-0.5703382247924553
87.44834000000878,-0.5667950265369631
87.45667000000878,-0.5616095545171461
87.46500000000879,-0.5527287734929832
87.47333000000879,-0.5416486786109501
87.48166000000879,-0.5229557955153995
87.48999000000879,-0.49690974941310195
87.49832000000879,-0.4651678947072893
87.50665000000879,-0.4265791283200742
87.51498000000879,-0.3800918620738621
87.52331000000879,-0.3303252334620619
87.53164000000879,-0.2749774192469004
87.5399700000088,-0.21137456978964106
87.5483000000088,-0.14374944761881978
87.5566300000088,-0.07845105273721498
87.5649600000088,-0.008588169836472906
87.5732900000088,0.05926479493583959
87.5816200000088,0.12888822717253537
87.5899500000088,0.19978026904430013
87.5982800000088,0.2717390907819261
87.6066100000088,0.3423886577605159
87.6149400000088,0.4118188729964675
87.6232700000088,0.47636845619790247
87.6316000000088,0.5373735916710368
87.6399300000088,0.5943788053738657
87.6482600000088,0.6422216187889638
87.6565900000088,0.6786113940035862
87.6649200000088,0.7095048767985817
87.6732500000088,0.7279531798855091
87.68158000000881,0.7390366572053669
87.68991000000881,0.7411204302237281
87.69824000000881,0.7328310709070006
87.70657000000881,0.7142484558170045
87.71490000000881,0.6873351054221513
87.72323000000881,0.6518321000221009
87.73156000000881,0.6044016167161095
87.73989000000881,0.5501853362356909
87.74822000000881,0.48778985064514097
87.75655000000882,0.41760013036082455
87.76488000000882,0.34554264994093864
87.77321000000882,0.26664497834093753
87.78154000000882,0.1878778636710365
87.78987000000882,0.10676565889401918
87.79820000000882,0.027119363031517362
87.80653000000882,-0.04674859684744896
87.81486000000882,-0.11971733849864194
87.82319000000882,-0.1908649991569688
87.83152000000882,-0.25730588214759903
87.83985000000882,-0.3168945606531471
87.84818000000882,-0.3727828006722314
87.85651000000883,-0.4248059854426135
87.86484000000883,-0.4685644048307497
87.87317000000883,-0.509091896599168
87.88150000000883,-0.537685650370639
87.88983000000883,-0.5542472640690105
87.89816000000883,-0.5542361399105789
87.90649000000883,-0.5417157856918715
87.91482000000883,-0.5201166994511736
87.92315000000883,-0.48846296442834586
87.93148000000883,-0.4430387494092511
87.93981000000883,-0.3914275522469174
87.94814000000883,-0.32996287389756424
87.95647000000884,-0.2664355347570824
87.96480000000884,-0.20183933638933235
87.97313000000884,-0.14062367149514968
87.98146000000884,-0.07582360184551154
87.98979000000884,-0.011708831164647309
87.99812000000884,0.052871548506740494
88.00645000000884,0.11232047686109942
88.01478000000884,0.16922219975107705
88.02311000000884,0.22279727501018937
88.03144000000884,0.2747810894272696
88.03977000000884,0.32266235143261285
88.04810000000884,0.3688430692915983
88.05643000000885,0.4085553122452758
88.06476000000885,0.44048810405597
88.07309000000885,0.46147242631737795
88.08142000000885,0.4737922909548159
88.08975000000885,0.47701667176143836
88.09808000000885,0.47408358406807405
88.10641000000885,0.463157990040489
88.11474000000885,0.44457708271004603
88.12307000000885,0.4174812046317177
88.13140000000885,0.38569536615963784
88.13973000000885,0.35131788364669847
88.14806000000885,0.31190223804621897
88.15639000000886,0.2724290562251167
88.16472000000886,0.227938387993197
88.17305000000886,0.1792684239949514
88.18138000000886,0.13158577025635113
88.18971000000886,0.08453096371577522
88.19804000000886,0.037343611123572706
88.20637000000886,-0.012743334926538405
88.21470000000886,-0.06450439722586118
88.22303000000886,-0.11383174204324316
88.23136000000886,-0.1569903763793734
88.23969000000886,-0.19433361271536725
88.24802000000886,-0.22748966901501677
88.25635000000887,-0.25221444472619486
88.26468000000887,-0.2728490100559112
88.27301000000887,-0.28838595815238266
88.28134000000887,-0.29590243417288314
88.28967000000887,-0.30466508031441736
88.29800000000887,-0.3157619872774059
88.30633000000887,-0.32970091350802033
88.31466000000887,-0.3424677436408847
88.32299000000887,-0.35278026501690096
88.33132000000887,-0.3604931332736992
88.33965000000887,-0.3660113748612212
88.34798000000887,-0.36674821803152863
88.35631000000888,-0.36251167393023054
88.36464000000888,-0.3537575153694925
88.37297000000888,-0.33971153067148957
88.38130000000888,-0.3197437051237592
88.38963000000888,-0.30046834890255003
88.39796000000888,-0.2841851945825046
88.40629000000888,-0.26845924195108706
88.41462000000888,-0.25092480334363504
88.42295000000888,-0.2307710602091519
88.43128000000888,-0.20836581682375266
88.43961000000888,-0.1855821674500518
88.44794000000888,-0.16391079433683875
88.45627000000889,-0.13875220699984128
88.46460000000889,-0.11186995336055938
88.47293000000889,-0.08488211990886517
88.48126000000889,-0.055340335523826445
88.48959000000889,-0.02486117029909442
88.49792000000889,0.0033073161942406295
88.50625000000889,0.03453391309197835
88.51458000000889,0.06891502939369867
88.52291000000889,0.1057952133925103
88.53124000000889,0.1444419855953506
88.5395700000089,0.180562986693717
88.5479000000089,0.21020726451234414
88.5562300000089,0.24018245407247937
88.5645600000089,0.2660925779986602
88.5728900000089,0.2904823844791694
88.5812200000089,0.31484235669708677
88.5895500000089,0.3330822531561597
88.5978800000089,0.34346039676098666
88.6062100000089,0.34946940994674347
88.6145400000089,0.35083513617936873
88.6228700000089,0.3469673203129229
88.6312000000089,0.3403621924058513
88.6395300000089,0.3301108807637193
88.6478600000089,0.317403578067125
88.6561900000089,0.30652149057093436
88.6645200000089,0.29824964446952856
88.6728500000089,0.29426177267927334
88.68118000000891,0.2902836676571253
88.68951000000891,0.2828850055505257
88.69784000000891,0.2736449915093199
88.70617000000891,0.26471536669264717
88.71450000000891,0.2555180760921244
88.72283000000891,0.2465212726790819
88.73116000000891,0.23987656512662472
88.73949000000891,0.23676607185894097
88.74782000000891,0.233409294486513
88.75615000000892,0.2276192010119584
88.76448000000892,0.219960550951774
88.77281000000892,0.21102323965136724
88.78114000000892,0.20049782918144837
88.78947000000892,0.18835335085199012
88.79780000000892,0.1762811360225018
88.80613000000892,0.16200188073593666
88.81446000000892,0.1455388880261874
88.82279000000892,0.12489660438100014
88.83112000000892,0.10132625244672011
88.83945000000892,0.07286360728143063
88.84778000000892,0.036470624116974305
88.85611000000893,-0.006576823013571515
88.86444000000893,-0.05173678928775804
88.87277000000893,-0.09798425129827447
88.88110000000893,-0.14256744564951235
88.88943000000893,-0.18715504596216423
88.89776000000893,-0.22995820175197465
88.90609000000893,-0.2736282235355493
88.91442000000893,-0.3150897243772149
88.92275000000893,-0.359789498523825
88.93108000000893,-0.4082613951246866
88.93941000000893,-0.4597054318154668
88.94774000000893,-0.5102913818563355
88.95607000000894,-0.5606458927514303
88.96440000000894,-0.6075624555668535
88.97273000000894,-0.6530341014368998
88.98106000000894,-0.6953192974857922
88.98939000000894,-0.7315454882260808
88.99772000000894,-0.756548930588383
89.00605000000894,-0.7716708271831277
89.01438000000894,-0.7769843745860728
89.02271000000894,-0.7751335812201503
89.03104000000894,-0.7660448420001668
89.03937000000894,-0.7467608631029105
89.04770000000894,-0.7169754577902336
89.05603000000895,-0.6774147149881444
89.06436000000895,-0.6240556159517576
89.07269000000895,-0.5642661284716196
89.08102000000895,-0.49646631359944665
89.08935000000895,-0.41917462676966294
89.09768000000895,-0.3319969645085363
89.10601000000895,-0.23965089264562597
89.11434000000895,-0.14367900422059807
89.12267000000895,-0.044956185041064176
89.13100000000895,0.055095963969932576
89.13933000000895,0.15583328316807396
89.14766000000895,0.25449523259240625
89.15599000000896,0.35140080040079485
89.16432000000896,0.44843865969830277
89.17265000000896,0.5360774135853895
89.18098000000896,0.6181816205901249
89.18931000000896,0.6943456753650401
89.19764000000896,0.7660192734347827
89.20597000000896,0.8298323660315213
89.21430000000896,0.8834467096015992
89.22263000000896,0.926367140809961
89.23096000000896,0.9587105931736576
89.23929000000896,0.9832173462115421
89.24762000000896,0.9969887808172022
89.25595000000897,0.997764163925511
89.26428000000897,0.9876961984458851
89.27261000000897,0.9643212902421687
89.28094000000897,0.932300345525738
89.28927000000897,0.8917597060817957
89.29760000000897,0.8421517471584206
89.30593000000897,0.7802744923213698
89.31426000000897,0.706971400256844
89.32259000000897,0.6276295984174819
89.33092000000897,0.5423469029613431
89.33925000000897,0.4549392685438793
89.34758000000897,0.3632089815708286
89.35591000000898,0.26906783792227384
89.36424000000898,0.17524328818738544
89.37257000000898,0.08424933112192037
89.38090000000898,-0.0031053658071091995
89.38923000000898,-0.08533691207872572
89.39756000000898,-0.16466060572310773
89.40589000000898,-0.24347804553489186
89.41422000000898,-0.3170516290449813
89.42255000000898,-0.38156906772959387
89.43088000000898,-0.43912803773714215
89.43921000000898,-0.4893616059809095
89.44754000000898,-0.53114089479125
89.45587000000899,-0.5648210154727106
89.46420000000899,-0.5917319940948809
89.47253000000899,-0.6121360999749846
89.48086000000899,-0.6274588021473544
89.48919000000899,-0.6355766965412899
89.49752000000899,-0.6396468157129557
89.50585000000899,-0.6418733883260246
89.51418000000899,-0.6375299298535408
89.52251000000899,-0.6278361340892005
89.530840000009,-0.6109949276168755
89.539170000009,-0.5878878104714824
89.547500000009,-0.5594064084196105
89.555830000009,-0.5303137476377894
89.564160000009,-0.4971537742826119
89.572490000009,-0.4601534004083424
89.580820000009,-0.4202174905990195
89.589150000009,-0.3793693430600924
89.597480000009,-0.33792549006497097
89.605810000009,-0.2955622663904761
89.614140000009,-0.25152097941196805
89.622470000009,-0.21008181648342017
89.630800000009,-0.16794723955254806
89.639130000009,-0.12660088551637763
89.647460000009,-0.0862594333319426
89.655790000009,-0.04916833899241917
89.664120000009,-0.010957643250490917
89.67245000000901,0.026624145959680812
89.68078000000901,0.06165632165852831
89.68911000000901,0.09300151611756172
89.69744000000901,0.12146134546043544
89.70577000000901,0.14913694587479168
89.71410000000901,0.17501954538048112
89.72243000000901,0.19812290294613086
89.73076000000901,0.2200311411513888
89.73909000000901,0.24001820549947733
89.74742000000901,0.25702105209167675
89.75575000000902,0.26964617525694573
89.76408000000902,0.2798114505027244
89.77241000000902,0.2868567088263144
89.78074000000902,0.2915914869151872
89.78907000000902,0.289767104526672
89.79740000000902,0.2799463578683746
89.80573000000902,0.26626668549664095
89.81406000000902,0.2520755027037703
89.82239000000902,0.2342819376857593
89.83072000000902,0.21199390806885748
89.83905000000902,0.1861463797738254
89.84738000000903,0.1578197665171229
89.85571000000903,0.12910128917009966
89.86404000000903,0.1025883310356611
89.87237000000903,0.07988650138590665
89.88070000000903,0.0608649214420019
89.88903000000903,0.04221340728818764
89.89736000000903,0.025377487987597463
89.90569000000903,0.01329452720518519
89.91402000000903,0.007015873591553627
89.92235000000903,0.002657579146190454
89.93068000000903,-0.0014583250722334845
89.93901000000903,-0.004369168389072712
89.94734000000904,-0.00532916070659409
89.95567000000904,-0.0038026738792808017
89.96400000000904,0.000347814391297609
89.97233000000904,0.006021409542822227
89.98066000000904,0.011395693231432694
89.98899000000904,0.015309256884861256
89.99732000000904,0.01747806687085124
90.00565000000904,0.020449782210334302
90.01398000000904,0.02419537771636836
90.02231000000904,0.02735005060920949
90.03064000000904,0.029595780554391337
90.03897000000904,0.03224164633047374
90.04730000000905,0.03437995659919804
90.05563000000905,0.0362922636582056
90.06396000000905,0.037985058978433205
90.07229000000905,0.0355753671803661
90.08062000000905,0.027502197161041252
90.08895000000905,0.015839202312184955
90.09728000000905,0.0009603894919710282
90.10561000000905,-0.016966784507735914
90.11394000000905,-0.03792073121961455
90.12227000000905,-0.06193071969043972
90.13060000000905,-0.0846430866076777
90.13893000000905,-0.10574532441265069
90.14726000000906,-0.12625719982243164
90.15559000000906,-0.14510659872983045
90.16392000000906,-0.1622557709090328
90.17225000000906,-0.17994921169401
90.18058000000906,-0.1968215788757189
90.18891000000906,-0.21188341518647752
90.19724000000906,-0.2260199510399455
90.20557000000906,-0.23760076374493952
90.21390000000906,-0.24499960739860135
90.22223000000906,-0.24926105721682815
90.23056000000906,-0.2459429834694484
90.23889000000906,-0.2348971143862152
90.24722000000907,-0.21779367417209455
90.25555000000907,-0.19706073565773374
90.26388000000907,-0.1728056287826981
90.27221000000907,-0.14028939276132496
90.28054000000907,-0.10403610519379222
90.28887000000907,-0.06736766508443186
90.29720000000907,-0.026312674484441516
90.30553000000907,0.02003998933233044
90.31386000000907,0.0682255908827261
90.32219000000907,0.1148297721926367
90.33052000000907,0.1598102366838929
90.33885000000907,0.20191539475559006
90.34718000000908,0.23732143917869525
90.35551000000908,0.2646121115207799
90.36384000000908,0.2856739375730123
90.37217000000908,0.3037425488583935
90.38050000000908,0.3147685059710752
90.38883000000908,0.3175666991671631
90.39716000000908,0.317495590764803
90.40549000000908,0.3164473839902026
90.41382000000908,0.3111122475900188
90.42215000000908,0.29570128846740673
90.43048000000908,0.27226720538650584
90.43881000000908,0.2418749680187251
90.44714000000909,0.20317423988457112
90.45547000000909,0.15858726966232692
90.46380000000909,0.10983460260390883
90.47213000000909,0.05543813396458975
90.48046000000909,-0.006433104523071138
90.48879000000909,-0.07254589716641563
90.49712000000909,-0.1357106147107633
90.50545000000909,-0.19755399919417158
90.51378000000909,-0.2605747194179621
90.52211000000909,-0.32346464216714366
90.5304400000091,-0.3789611053330476
90.5387700000091,-0.4272112081162174
90.5471000000091,-0.46836298405928106
90.5554300000091,-0.501961103832967
90.5637600000091,-0.5284015721999605
90.5720900000091,-0.5513058025998333
90.5804200000091,-0.5705550703861096
90.5887500000091,-0.5814615923738828
90.5970800000091,-0.5820488579438136
90.6054100000091,-0.5768256817495923
90.6137400000091,-0.5613818655395152
90.6220700000091,-0.533212552587338
90.6304000000091,-0.49542323323678805
90.6387300000091,-0.44949928730167704
90.6470600000091,-0.39504346766293164
90.6553900000091,-0.33581123372185406
90.6637200000091,-0.2725912295060016
90.67205000000911,-0.20761428588953187
90.68038000000911,-0.1406056697300047
90.68871000000911,-0.07258813072867551
90.69704000000911,-0.00242076996608202
90.70537000000911,0.06652688857556946
90.71370000000911,0.13705440396257673
90.72203000000911,0.2076887860903185
90.73036000000911,0.2730489987051679
90.73869000000911,0.3330271635325722
90.74702000000912,0.38902771551545967
90.75535000000912,0.43964633706461326
90.76368000000912,0.4848726059660818
90.77201000000912,0.5247542690220388
90.78034000000912,0.5580604718086327
90.78867000000912,0.5850163575310083
90.79700000000912,0.608253470124742
90.80533000000912,0.6265659401566318
90.81366000000912,0.6444345545362926
90.82199000000912,0.6591348260027129
90.83032000000912,0.6662822586770646
90.83865000000912,0.6680844188459103
90.84698000000913,0.6647562602640332
90.85531000000913,0.6564856662522353
90.86364000000913,0.638589807073958
90.87197000000913,0.6134937505292265
90.88030000000913,0.5801106320224708
90.88863000000913,0.5375238810926193
90.89696000000913,0.4885996859121149
90.90529000000913,0.43299682610680046
90.91362000000913,0.37550993365329566
90.92195000000913,0.3140762372989409
90.93028000000913,0.24983863371676973
90.93861000000913,0.18526852557878756
90.94694000000914,0.12017935044842408
90.95527000000914,0.054651623363626264
90.96360000000914,-0.01193273566597589
90.97193000000914,-0.07857725991829176
90.98026000000914,-0.147278145237397
90.98859000000914,-0.2175126136512819
90.99692000000914,-0.2878720301222946
91.00525000000914,-0.3590173483521231
91.01358000000914,-0.4259555360152045
91.02191000000914,-0.48895088632681266
91.03024000000914,-0.5459647211555563
91.03857000000914,-0.5949888014624771
91.04690000000915,-0.6350726233400837
91.05523000000915,-0.6679570517290053
91.06356000000915,-0.6939307368516386
91.07189000000915,-0.7145231884604096
91.08022000000915,-0.7287660664048321
91.08855000000915,-0.7365712826148357
91.09688000000915,-0.7382673952447611
91.10521000000915,-0.7338805464942885
91.11354000000915,-0.7224272540277226
91.12187000000915,-0.7030905482748255
91.13020000000915,-0.6740643409876724
91.13853000000915,-0.6353501776695261
91.14686000000916,-0.5933440362278403
91.15519000000916,-0.5487265128012339
91.16352000000916,-0.49792175144117456
91.17185000000916,-0.44254926402086536
91.18018000000916,-0.38436243585738905
91.18851000000916,-0.32204787122048023
91.19684000000916,-0.2548308253074282
91.20517000000916,-0.18836395030453587
91.21350000000916,-0.12357909829121266
91.22183000000916,-0.05834427604057865
91.23016000000916,0.005283163878907387
91.23849000000916,0.06092561365875007
91.24682000000917,0.10702012739390795
91.25515000000917,0.14990382980759132
91.26348000000917,0.19185396079918463
91.27181000000917,0.22875735080241752
91.28014000000917,0.2632264632775527
91.28847000000917,0.29768125054816463
91.29680000000917,0.3290888848054787
91.30513000000917,0.35483892730666217
91.31346000000917,0.37675084306150175
91.32179000000917,0.395175183468499
91.33012000000917,0.4075571199186663
91.33845000000917,0.41192355313483026
91.34678000000918,0.4118819165538364
91.35511000000918,0.4093205891966131
91.36344000000918,0.40340465976183976
91.37177000000918,0.3946005045386204
91.38010000000918,0.3864636500935747
91.38843000000918,0.37907489234345215
91.39676000000918,0.3721077558535564
91.40509000000918,0.3648300960363898
91.41342000000918,0.3585700523273223
91.42175000000918,0.35252778842085986
91.43008000000918,0.34548868058166354
91.43841000000918,0.33646217405982815
91.44674000000919,0.3254742886471737
91.45507000000919,0.31287811627058765
91.46340000000919,0.3009653136550533
91.47173000000919,0.2913474790105876
91.48006000000919,0.2845126057374927
91.48839000000919,0.27990640873280626
91.49672000000919,0.27761921994014543
91.50505000000919,0.2765892405681181
91.51338000000919,0.27688433613592534
91.5217100000092,0.27708815924146785
91.5300400000092,0.2754718580910929
91.5383700000092,0.2694998893955953
91.5467000000092,0.2589793874093145
91.5550300000092,0.24566401279358888
91.5633600000092,0.22937340886828692
91.5716900000092,0.2089354849018713
91.5800200000092,0.18492989983781194
91.5883500000092,0.15464318141698583
91.5966800000092,0.11830221135847742
91.6050100000092,0.07779334482438859
91.6133400000092,0.03366509558212763
91.6216700000092,-0.01172191968457054
91.6300000000092,-0.061243784948922304
91.6383300000092,-0.11511391137821148
91.6466600000092,-0.1715831224479631
91.6549900000092,-0.22898751614999918
91.66332000000921,-0.28557402379132024
91.67165000000921,-0.3411267187925279
91.67998000000921,-0.39554501346201537
91.68831000000921,-0.4517886054052781
91.69664000000921,-0.5064209034301298
91.70497000000921,-0.556247530407036
91.71330000000921,-0.5996560167070139
91.72163000000921,-0.6348458135069048
91.72996000000921,-0.6636223136183301
91.73829000000921,-0.6851694362799062
91.74662000000922,-0.6965931782985162
91.75495000000922,-0.6968805253657334
91.76328000000922,-0.6873349925984135
91.77161000000922,-0.6700939276564096
91.77994000000922,-0.6456953024172551
91.78827000000922,-0.6135320065623958
91.79660000000922,-0.5735851084724833
91.80493000000922,-0.5249165686481221
91.81326000000922,-0.46880953996535457
91.82159000000922,-0.4063617247772037
91.82992000000922,-0.3398155055879607
91.83825000000923,-0.27051012335038904
91.84658000000923,-0.19538389442603804
91.85491000000923,-0.11923134983244606
91.86324000000923,-0.04572751998159106
91.87157000000923,0.026787927299713576
91.87990000000923,0.09799985661637542
91.88823000000923,0.16560324712488514
91.89656000000923,0.2292512753368875
91.90489000000923,0.2901120968206288
91.91322000000923,0.3461649278403539
91.92155000000923,0.39698934349873977
91.92988000000923,0.4409734267794098
91.93821000000924,0.4784005019189559
91.94654000000924,0.5110465553367634
91.95487000000924,0.535240609790619
91.96320000000924,0.5515886622325541
91.97153000000924,0.5622785667726407
91.97986000000924,0.5688257394848137
91.98819000000924,0.568736080839745
91.99652000000924,0.5632145370128918
92.00485000000924,0.5516530308808694
92.01318000000924,0.5352590164705011
92.02151000000924,0.5161260385788767
92.02984000000924,0.49387800953467587
92.03817000000925,0.4668805142400493
92.04650000000925,0.43282924541106077
92.05483000000925,0.39312969792906616
92.06316000000925,0.3497724181533691
92.07149000000925,0.3040200286721683
92.07982000000925,0.2573450464435799
92.08815000000925,0.20689776204583926
92.09648000000925,0.1530860904556145
92.10481000000925,0.09924781982189325
92.11314000000925,0.047761050050983966
92.12147000000925,-0.0014503958434162613
92.12980000000925,-0.04923133780580487
92.13813000000926,-0.09724742000845969
92.14646000000926,-0.14361832284099854
92.15479000000926,-0.1870905120673241
92.16312000000926,-0.22845326874263178
92.17145000000926,-0.2674413744608981
92.17978000000926,-0.30274148367440346
92.18811000000926,-0.3339294196432836
92.19644000000926,-0.359684120312806
92.20477000000926,-0.3786189539837779
92.21310000000926,-0.3923275040605982
92.22143000000926,-0.4013618029616465
92.22976000000926,-0.4058529022068992
92.23809000000927,-0.4072430262307393
92.24642000000927,-0.40456647090339126
92.25475000000927,-0.4004414905437111
92.26308000000927,-0.392154080562012
92.27141000000927,-0.3790812748409522
92.27974000000927,-0.36124615237757446
92.28807000000927,-0.3373704019404471
92.29640000000927,-0.3052649982972765
92.30473000000927,-0.2649391031440714
92.31306000000927,-0.21996716717374898
92.32139000000927,-0.1708236843622346
92.32972000000927,-0.117815493074329
92.33805000000928,-0.06416912866027724
92.34638000000928,-0.009988656334946989
92.35471000000928,0.04379021873922398
92.36304000000928,0.09644782254057675
92.37137000000928,0.14435535735879335
92.37970000000928,0.18933578410282056
92.38803000000928,0.23206210709854533
92.39636000000928,0.27162973492963105
92.40469000000928,0.30748104643917223
92.41302000000928,0.33735032700251694
92.42135000000928,0.3629455620588903
92.42968000000928,0.38510324733515355
92.43801000000929,0.4004374544235105
92.44634000000929,0.4085917789567886
92.45467000000929,0.4120208381902703
92.46300000000929,0.409873111982336
92.47133000000929,0.39809651091303067
92.47966000000929,0.37924484007535175
92.48799000000929,0.35125003091517176
92.49632000000929,0.3133682588052993
92.50465000000929,0.27163540031916245
92.51298000000929,0.2278302416616535
92.5213100000093,0.17958058749899597
92.5296400000093,0.1279981165250096
92.5379700000093,0.07509112719509395
92.5463000000093,0.02284803789303707
92.5546300000093,-0.02583033962640533
92.5629600000093,-0.07412573423837958
92.5712900000093,-0.12631819316957554
92.5796200000093,-0.1795596394400357
92.5879500000093,-0.23253029602258352
92.5962800000093,-0.28188163001028793
92.6046100000093,-0.32437164591567347
92.6129400000093,-0.3610493434653811
92.6212700000093,-0.3939225138041897
92.6296000000093,-0.4206004364792918
92.6379300000093,-0.4381529214356972
92.6462600000093,-0.4470592509487384
92.6545900000093,-0.448897911394143
92.66292000000931,-0.44509224487274285
92.67125000000931,-0.43875611437309076
92.67958000000931,-0.4276949421637999
92.68791000000931,-0.4079442364583745
92.69624000000931,-0.38174473082689114
92.70457000000931,-0.3512501269128281
92.71290000000931,-0.316698100004004
92.72123000000931,-0.27841037108520805
92.72956000000931,-0.23823578223747044
92.73789000000932,-0.19625887832849384
92.74622000000932,-0.151596150141719
92.75455000000932,-0.1054928574833086
92.76288000000932,-0.06215136982159235
92.77121000000932,-0.022982677218161534
92.77954000000932,0.014472713555605693
92.78787000000932,0.04994013561866557
92.79620000000932,0.08030599414716774
92.80453000000932,0.10571452859028564
92.81286000000932,0.1267200211576908
92.82119000000932,0.14272697028414627
92.82952000000932,0.15274242395366602
92.83785000000933,0.15802494021924676
92.84618000000933,0.1607239313225168
92.85451000000933,0.16139709876741587
92.86284000000933,0.1595365275182448
92.87117000000933,0.15666062378415677
92.87950000000933,0.15248631091683165
92.88783000000933,0.14672674064414457
92.89616000000933,0.14159105702539
92.90449000000933,0.13672630565340063
92.91282000000933,0.1322482668629747
92.92115000000933,0.12912672854387797
92.92948000000933,0.12767068741016105
92.93781000000934,0.12748180968424516
92.94614000000934,0.12882308169771867
92.95447000000934,0.1324648253585265
92.96280000000934,0.13953578683198495
92.97113000000934,0.1501167978714774
92.97946000000934,0.1636994242062005
92.98779000000934,0.1805903162968825
92.99612000000934,0.2002662436591743
93.00445000000934,0.21897069238745803
93.01278000000934,0.23656315196488992
93.02111000000934,0.25469360349317904
93.02944000000934,0.27366176232706585
93.03777000000935,0.29136369682298185
93.04610000000935,0.30368219747901537
93.05443000000935,0.31260653716704806
93.06276000000935,0.3197744336152899
93.07109000000935,0.3236103207297107
93.07942000000935,0.3247805281530243
93.08775000000935,0.3223919539061939
93.09608000000935,0.3133027094512896
93.10441000000935,0.29653152081141937
93.11274000000935,0.2738065768351681
93.12107000000935,0.2473137252014918
93.12940000000935,0.21934892797070699
93.13773000000936,0.18737344526399685
93.14606000000936,0.15007805784985914
93.15439000000936,0.10890579851683066
93.16272000000936,0.062133028857586016
93.17105000000936,0.013927511693386959
93.17938000000936,-0.032985419522850716
93.18771000000936,-0.08241439498824418
93.19604000000936,-0.134904674374551
93.20437000000936,-0.18703459067520387
93.21270000000936,-0.23926131178095172
93.22103000000936,-0.29166078213313773
93.22936000000936,-0.34201359871917886
93.23769000000937,-0.39055917893083386
93.24602000000937,-0.43573482362085586
93.25435000000937,-0.47715222199604485
93.26268000000937,-0.5145089374789361
93.27101000000937,-0.5465424435803126
93.27934000000937,-0.5753467296589244
93.28767000000937,-0.6007800492901052
93.29600000000937,-0.6211294576833322
93.30433000000937,-0.6364645590603577
93.31266000000937,-0.6485971431446633
93.32099000000937,-0.6584017889117404
93.32932000000937,-0.6631706798636497
93.33765000000938,-0.6607044588448663
93.34598000000938,-0.650858545900502
93.35431000000938,-0.6332728967522709
93.36264000000938,-0.6105903819114235
93.37097000000938,-0.5833163796410303
93.37930000000938,-0.5496242342632405
93.38763000000938,-0.5082616371123048
93.39596000000938,-0.4595919805410601
93.40429000000938,-0.40714525651140826
93.41262000000938,-0.35009721117498227
93.42095000000938,-0.28967331513049505
93.42928000000938,-0.22552758564758413
93.43761000000939,-0.15831341900543136
93.44594000000939,-0.09024236976936181
93.45427000000939,-0.021725284323402407
93.46260000000939,0.04456625761744566
93.47093000000939,0.10935221095668658
93.47926000000939,0.17461324141630935
93.48759000000939,0.24191010360739656
93.49592000000939,0.31166746216073127
93.50425000000939,0.38284719267761963
93.5125800000094,0.454317226908313
93.5209100000094,0.5218629707813602
93.5292400000094,0.5834141298177561
93.5375700000094,0.6389146238418738
93.5459000000094,0.6883478058748516
93.5542300000094,0.7305084238125867
93.5625600000094,0.7624205436815616
93.5708900000094,0.786340055666364
93.5792200000094,0.8042212398045263
93.5875500000094,0.8150756409311183
93.5958800000094,0.820994403036319
93.6042100000094,0.8233512881135034
93.6125400000094,0.8173608749132525
93.6208700000094,0.8012006492507023
93.6292000000094,0.7764756856319679
93.6375300000094,0.74226243619521
93.6458600000094,0.698113447168049
93.65419000000941,0.6455478655564952
93.66252000000941,0.5845776798952982
93.67085000000941,0.515969108515448
93.67918000000941,0.441679521073698
93.68751000000941,0.36246235079376504
93.69584000000941,0.2799874064280261
93.70417000000941,0.19430822804061768
93.71250000000941,0.10260203482694814
93.72083000000941,0.01076976390007236
93.72916000000941,-0.0761905584301123
93.73749000000942,-0.163132517010925
93.74582000000942,-0.24724099291879748
93.75415000000942,-0.32471583925768466
93.76248000000942,-0.396857800351341
93.77081000000942,-0.46224142222966114
93.77914000000942,-0.5181055886877387
93.78747000000942,-0.5658799841264895
93.79580000000942,-0.6079553036269444
93.80413000000942,-0.6445101648107017
93.81246000000942,-0.6760015188486254
93.82079000000942,-0.695761347514654
93.82912000000942,-0.701920699373111
93.83745000000943,-0.7021909765678122
93.84578000000943,-0.6933179302910139
93.85411000000943,-0.6711320468206015
93.86244000000943,-0.6404688348106468
93.87077000000943,-0.6062282022863789
93.87910000000943,-0.568551149430138
93.88743000000943,-0.5227284747988459
93.89576000000943,-0.46998666682175955
93.90409000000943,-0.414176960700696
93.91242000000943,-0.35831112025854767
93.92075000000943,-0.30121929422283306
93.92908000000944,-0.24272737671964953
93.93741000000944,-0.1861129127329046
93.94574000000944,-0.12643713519796523
93.95407000000944,-0.06414606079602857
93.96240000000944,-0.008132182737128417
93.97073000000944,0.03750988031338054
93.97906000000944,0.07732360940644765
93.98739000000944,0.11470592901825857
93.99572000000944,0.14549296562964267
94.00405000000944,0.16802730824535717
94.01238000000944,0.18378653528529046
94.02071000000944,0.1943587792548471
94.02904000000945,0.20131549355606124
94.03737000000945,0.2055137674750224
94.04570000000945,0.20817175793112025
94.05403000000945,0.20727184592586215
94.06236000000945,0.20311389346995917
94.07069000000945,0.1977139541671037
94.07902000000945,0.19270432725837677
94.08735000000945,0.18557890128827206
94.09568000000945,0.1730425923704023
94.10401000000945,0.15753419691862705
94.11234000000945,0.14206147910649383
94.12067000000945,0.1276993903398804
94.12900000000946,0.11624749288715662
94.13733000000946,0.10707899270097121
94.14566000000946,0.10004009437476062
94.15399000000946,0.0961133794068543
94.16232000000946,0.09643350819180278
94.17065000000946,0.10123186406389258
94.17898000000946,0.10877439102531908
94.18731000000946,0.11537983133431567
94.19564000000946,0.11874060863375871
94.20397000000946,0.12224251565869053
94.21230000000946,0.12757060895329653
94.22063000000946,0.13409711117495424
94.22896000000947,0.14140799689204783
94.23729000000947,0.1472003838902529
94.24562000000947,0.15110769831549103
94.25395000000947,0.15361204380975907
94.26228000000947,0.15441022079625952
94.27061000000947,0.15372104942171358
94.27894000000947,0.15254824526328734
94.28727000000947,0.1496367474108429
94.29560000000947,0.1437003372377765
94.30393000000947,0.13599349479340017
94.31226000000947,0.12616023361277287
94.32059000000947,0.11204222833090141
94.32892000000948,0.09468318812100723
94.33725000000948,0.07550439589211445
94.34558000000948,0.052985340794170444
94.35391000000948,0.028909631505896302
94.36224000000948,0.004580559966177541
94.37057000000948,-0.01863924780161596
94.37890000000948,-0.04111296349920655
94.38723000000948,-0.06468649427532383
94.39556000000948,-0.08612856507775671
94.40389000000948,-0.10463264633815743
94.41222000000948,-0.12283236015529458
94.42055000000948,-0.13999489857160252
94.42888000000949,-0.15502372843586507
94.43721000000949,-0.16902063249860275
94.44554000000949,-0.18238959526568002
94.45387000000949,-0.1921185297175154
94.46220000000949,-0.1976127153222831
94.47053000000949,-0.2009478651016753
94.47886000000949,-0.20387490707425535
94.48719000000949,-0.2033186220722945
94.49552000000949,-0.1982034862726579
94.50385000000949,-0.19155220769822215
94.5121800000095,-0.18546695768083837
94.5205100000095,-0.17822604070020215
94.5288400000095,-0.1701374598557925
94.5371700000095,-0.16096729923585307
94.5455000000095,-0.14931066475037263
94.5538300000095,-0.13483276928315846
94.5621600000095,-0.11658306895486893
94.5704900000095,-0.0974966514860155
94.5788200000095,-0.07784647109996441
94.5871500000095,-0.05608368812345775
94.5954800000095,-0.03447078751520483
94.6038100000095,-0.015266989304840701
94.6121400000095,0.001420413280723542
94.6204700000095,0.019267743477897004
94.6288000000095,0.03929627746471075
94.6371300000095,0.06017870902040018
94.6454600000095,0.08015960975350213
94.65379000000951,0.09926464037226208
94.66212000000951,0.11761993095704036
94.67045000000951,0.13370230426078977
94.67878000000951,0.14606621025585928
94.68711000000951,0.15411122639111902
94.69544000000951,0.1594155099985144
94.70377000000951,0.16183348816609555
94.71210000000951,0.16438216805803463
94.72043000000951,0.17217726516487009
94.72876000000952,0.18304586188682279
94.73709000000952,0.19186488132026408
94.74542000000952,0.1971725550872474
94.75375000000952,0.19723171736140946
94.76208000000952,0.19185639772953425
94.77041000000952,0.18147145867049344
94.77874000000952,0.162868534044409
94.78707000000952,0.13620209149958185
94.79540000000952,0.10570608721967481
94.80373000000952,0.07267406051961053
94.81206000000952,0.038016166604641494
94.82039000000952,0.006580271782502165
94.82872000000953,-0.025616833858865165
94.83705000000953,-0.06230689272907275
94.84538000000953,-0.10075919014011539
94.85371000000953,-0.1415160983933322
94.86204000000953,-0.1785906331215028
94.87037000000953,-0.21213588683945742
94.87870000000953,-0.2464282328630853
94.88703000000953,-0.2800163751845136
94.89536000000953,-0.3107282517291855
94.90369000000953,-0.33836927448459886
94.91202000000953,-0.362554249541571
94.92035000000953,-0.3809378374420784
94.92868000000954,-0.3963502641382523
94.93701000000954,-0.40933123297920104
94.94534000000954,-0.4192024018298671
94.95367000000954,-0.42585883520303036
94.96200000000954,-0.4249095123144871
94.97033000000954,-0.4178159723091189
94.97866000000954,-0.40423476596924923
94.98699000000954,-0.38108097313874356
94.99532000000954,-0.3500699082403647
95.00365000000954,-0.3115804412895854
95.01198000000954,-0.2626457622673737
95.02031000000954,-0.20216667746913206
95.02864000000955,-0.13268562946096701
95.03697000000955,-0.05767085724830745
95.04530000000955,0.019792424041062958
95.05363000000955,0.09878022742577598
95.06196000000955,0.17481925970667714
95.07029000000955,0.24778293452008288
95.07862000000955,0.3186371860942019
95.08695000000955,0.3837481730450237
95.09528000000955,0.44283759525871214
95.10361000000955,0.49853029238593216
95.11194000000955,0.5523640879728161
95.12027000000955,0.6027331353910572
95.12860000000956,0.6480141249190638
95.13693000000956,0.6873527550472325
95.14526000000956,0.7183279577883006
95.15359000000956,0.7407237192801048
95.16192000000956,0.752323205357747
95.17025000000956,0.7535136476306569
95.17858000000956,0.7431258165017424
95.18691000000956,0.7222835708623168
95.19524000000956,0.6949207504268452
95.20357000000956,0.6612383317500086
95.21190000000956,0.6203572943221091
95.22023000000956,0.5701949926794279
95.22856000000957,0.5114165672720143
95.23689000000957,0.44686324690477086
95.24522000000957,0.373624619322584
95.25355000000957,0.29467832294432006
95.26188000000957,0.2148094271505891
95.27021000000957,0.13228908661147976
95.27854000000957,0.049490818483813495
95.28687000000957,-0.03152503316558143
95.29520000000957,-0.10729689208039725
95.30353000000957,-0.17826891541225512
95.31186000000957,-0.24712454671976336
95.32019000000957,-0.3136948193350912
95.32852000000958,-0.37563982469246165
95.33685000000958,-0.4309108775774582
95.34518000000958,-0.48165737427645133
95.35351000000958,-0.5238794923876615
95.36184000000958,-0.554916019415781
95.37017000000958,-0.5780715838026129
95.37850000000958,-0.5918864198781261
95.38683000000958,-0.599863843266473
95.39516000000958,-0.6018017800226827
95.40349000000958,-0.5987529138275509
95.41182000000958,-0.5942151777027775
95.42015000000958,-0.5862401953673705
95.42848000000959,-0.5740527999521208
95.43681000000959,-0.5557549245180103
95.44514000000959,-0.5333634194333555
95.45347000000959,-0.5077463686508665
95.46180000000959,-0.478085195708318
95.47013000000959,-0.44490031324893486
95.47846000000959,-0.40910506066515184
95.48679000000959,-0.37340738769636045
95.49512000000959,-0.33727827888370127
95.5034500000096,-0.29861172271696973
95.5117800000096,-0.26034324298011985
95.5201100000096,-0.22377109217914645
95.5284400000096,-0.18777817704200034
95.5367700000096,-0.14948967816570985
95.5451000000096,-0.11405639698694586
95.5534300000096,-0.0823854482465379
95.5617600000096,-0.05097009289877447
95.5700900000096,-0.01896313781739518
95.5784200000096,0.013319235605776721
95.5867500000096,0.04446900674893772
95.5950800000096,0.07458848486311014
95.6034100000096,0.10234478661144725
95.6117400000096,0.12693398298198574
95.6200700000096,0.14915453206942017
95.6284000000096,0.16990801022604887
95.6367300000096,0.19123631154114948
95.64506000000961,0.21112041724039105
95.65339000000961,0.22885321516926024
95.66172000000961,0.2466744172719369
95.67005000000961,0.26747433207184307
95.67838000000961,0.2904160820622738
95.68671000000961,0.3116232334087572
95.69504000000961,0.32993250337604857
95.70337000000961,0.3451369166591352
95.71170000000961,0.35814289359629753
95.72003000000961,0.3700825677067905
95.72836000000962,0.3780703584539264
95.73669000000962,0.38356440004627357
95.74502000000962,0.3861961206060967
95.75335000000962,0.3850151368238241
95.76168000000962,0.3830041032697821
95.77001000000962,0.38112221646967925
95.77834000000962,0.37515954756259917
95.78667000000962,0.36446173967903966
95.79500000000962,0.35116990870195713
95.80333000000962,0.3356514237744159
95.81166000000962,0.316978553729054
95.81999000000962,0.2959856361242841
95.82832000000963,0.2734988547851784
95.83665000000963,0.2511259569822447
95.84498000000963,0.22812160838430634
95.85331000000963,0.20621693895076926
95.86164000000963,0.18338467679741452
95.86997000000963,0.1582471476200177
95.87830000000963,0.12986702973698377
95.88663000000963,0.10241112460089
95.89496000000963,0.07626776186189205
95.90329000000963,0.0465245245438964
95.91162000000963,0.015107154264788062
95.91995000000964,-0.0154319819189282
95.92828000000964,-0.04634799995018599
95.93661000000964,-0.08060443581797698
95.94494000000964,-0.11477822861629654
95.95327000000964,-0.1488375471601799
95.96160000000964,-0.1838888196141937
95.96993000000964,-0.21725880154403127
95.97826000000964,-0.25020718455212404
95.98659000000964,-0.2797922449589269
95.99492000000964,-0.30720286346327663
96.00325000000964,-0.33435550539045517
96.01158000000964,-0.3573271949176992
96.01991000000965,-0.3776753949564477
96.02824000000965,-0.3981810323781893
96.03657000000965,-0.41901137533984645
96.04490000000965,-0.4354078209542464
96.05323000000965,-0.44942653056542986
96.06156000000965,-0.46268504669923044
96.06989000000965,-0.4750381962704797
96.07822000000965,-0.4880332224272285
96.08655000000965,-0.4997316925669348
96.09488000000965,-0.5087152304099395
96.10321000000965,-0.5157456422597861
96.11154000000965,-0.5194700027671482
96.11987000000966,-0.5149976935275897
96.12820000000966,-0.5041983937839302
96.13653000000966,-0.4870518033159313
96.14486000000966,-0.46054620131807833
96.15319000000966,-0.4260190183097706
96.16152000000966,-0.38580112635450603
96.16985000000966,-0.3398628755457681
96.17818000000966,-0.2903117267832713
96.18651000000966,-0.23895849436633634
96.19484000000966,-0.1838870988701924
96.20317000000966,-0.12846401286773051
96.21150000000966,-0.0684227593715409
96.21983000000967,-0.0006406167144617501
96.22816000000967,0.06748778821865245
96.23649000000967,0.13657974556670516
96.24482000000967,0.20785690502196255
96.25315000000967,0.2795572879876297
96.26148000000967,0.3486851210718544
96.26981000000967,0.4127548522492592
96.27814000000967,0.4699863948882221
96.28647000000967,0.5181774944410416
96.29480000000967,0.5584299909102098
96.30313000000967,0.5896154690947422
96.31146000000967,0.6151945906657804
96.31979000000968,0.634929342320868
96.32812000000968,0.6462860564655221
96.33645000000968,0.6498474154021455
96.34478000000968,0.6462776321908915
96.35311000000968,0.6339798889371673
96.36144000000968,0.6131797918165907
96.36977000000968,0.5865315235542488
96.37810000000968,0.55105098708475
96.38643000000968,0.5048844075643553
96.39476000000968,0.4490529026999299
96.40309000000968,0.38691917576638335
96.41142000000968,0.319014955326759
96.41975000000969,0.24858006472702318
96.42808000000969,0.17697733185398784
96.43641000000969,0.10250984273946667
96.44474000000969,0.029294926639585255
96.45307000000969,-0.04363696048904499
96.46140000000969,-0.11171314388523546
96.46973000000969,-0.17289542374336928
96.47806000000969,-0.23109356444420612
96.48639000000969,-0.28494221990137686
96.49472000000969,-0.333503145837864
96.5030500000097,-0.37415455570280043
96.5113800000097,-0.40793399277126546
96.5197100000097,-0.43257387329449126
96.5280400000097,-0.44829020123259616
96.5363700000097,-0.4571001411083327
96.5447000000097,-0.456751093785279
96.5530300000097,-0.44675253341502424
96.5613600000097,-0.4276371008764485
96.5696900000097,-0.40018772191892305
96.5780200000097,-0.36692507584348977
96.5863500000097,-0.32994769083025177
96.5946800000097,-0.29199993294927856
96.6030100000097,-0.25116262290470864
96.6113400000097,-0.20862984610051602
96.6196700000097,-0.16798631459281832
96.6280000000097,-0.1299836535932381
96.6363300000097,-0.09151880441939102
96.64466000000971,-0.0510044123418608
96.65299000000971,-0.006598176620941463
96.66132000000971,0.03778394148646523
96.66965000000971,0.08235445492588707
96.67798000000971,0.1251579849783112
96.68631000000971,0.16248919371793122
96.69464000000971,0.19096061179823173
96.70297000000971,0.2143877023109392
96.71130000000971,0.2316783329386436
96.71963000000972,0.24137514957032277
96.72796000000972,0.24576324739191352
96.73629000000972,0.2486763338633387
96.74462000000972,0.2509731475037358
96.75295000000972,0.25285051777786016
96.76128000000972,0.25295276096171804
96.76961000000972,0.25290064835479076
96.77794000000972,0.25041434314225436
96.78627000000972,0.2432085151874359
96.79460000000972,0.23034481153725195
96.80293000000972,0.2146602300950579
96.81126000000972,0.19474769929823374
96.81959000000973,0.17033502612034107
96.82792000000973,0.14280614252961116
96.83625000000973,0.11370296880240667
96.84458000000973,0.08434612729351146
96.85291000000973,0.055573511038956955
96.86124000000973,0.026851927892401976
96.86957000000973,-0.0008716482759652461
96.87790000000973,-0.029082928787306683
96.88623000000973,-0.055882552206431235
96.89456000000973,-0.08044675159738875
96.90289000000973,-0.10361758344876437
96.91122000000973,-0.12877718219743642
96.91955000000974,-0.15477856321751896
96.92788000000974,-0.17989528557157536
96.93621000000974,-0.20477092023356963
96.94454000000974,-0.22778912508902963
96.95287000000974,-0.24707636623950213
96.96120000000974,-0.2632499670090288
96.96953000000974,-0.2756759357603934
96.97786000000974,-0.2846595571558972
96.98619000000974,-0.28977762252705597
96.99452000000974,-0.2910131373775955
97.00285000000974,-0.2883047706291523
97.01118000000974,-0.28356151248089073
97.01951000000975,-0.27769698280640803
97.02784000000975,-0.2719599903849325
97.03617000000975,-0.2638856043927427
97.04450000000975,-0.25317630216687065
97.05283000000975,-0.23844151685400636
97.06116000000975,-0.2212550840469141
97.06949000000975,-0.20205421269447876
97.07782000000975,-0.1811258738264542
97.08615000000975,-0.15602211874288419
97.09448000000975,-0.12856643758975378
97.10281000000975,-0.10026605368174221
97.11114000000975,-0.07268374069325037
97.11947000000976,-0.04580289561457914
97.12780000000976,-0.019026483543353744
97.13613000000976,0.008451027686485896
97.14446000000976,0.03459876190377635
97.15279000000976,0.059939878085854104
97.16112000000976,0.08315742705363596
97.16945000000976,0.10496649107674519
97.17778000000976,0.1259189554423111
97.18611000000976,0.1469199023625702
97.19444000000976,0.16404559682885672
97.20277000000976,0.17608691747623667
97.21110000000976,0.1829790701118607
97.21943000000977,0.18864695841342516
97.22776000000977,0.19205144910932004
97.23609000000977,0.19170904672168315
97.24442000000977,0.19037256934842042
97.25275000000977,0.18863370582518807
97.26108000000977,0.18710091783172786
97.26941000000977,0.1859442070477287
97.27774000000977,0.1847231500200593
97.28607000000977,0.18098591511354115
97.29440000000977,0.1742191262446196
97.30273000000977,0.1658441333384107
97.31106000000977,0.1565992397222782
97.31939000000978,0.14922952326325184
97.32772000000978,0.14247021975230625
97.33605000000978,0.13554153603677374
97.34438000000978,0.13041695058332078
97.35271000000978,0.12677044720115854
97.36104000000978,0.12458953020720741
97.36937000000978,0.12323808692656539
97.37770000000978,0.12215953458266779
97.38603000000978,0.1209261547266431
97.39436000000978,0.12087863639032786
97.40269000000978,0.12323421527049255
97.41102000000978,0.12710281736983642
97.41935000000979,0.13127680797151364
97.42768000000979,0.13557364549873713
97.43601000000979,0.13994998802829686
97.44434000000979,0.14130644811999005
97.45267000000979,0.13898365213333938
97.46100000000979,0.13405085691823895
97.46933000000979,0.12749441318250296
97.47766000000979,0.1168229662795699
97.48599000000979,0.10438305182553846
97.4943200000098,0.09065952506671049
97.5026500000098,0.07123404058112733
97.5109800000098,0.04215563566186025
97.5193100000098,0.007185687299258767
97.5276400000098,-0.02576719648086993
97.5359700000098,-0.060182852145618464
97.5443000000098,-0.10122772623518643
97.5526300000098,-0.14542175073070862
97.5609600000098,-0.1892836870240438
97.5692900000098,-0.2330672375525908
97.5776200000098,-0.27771614807564504
97.5859500000098,-0.31945062686518594
97.5942800000098,-0.3582466491046587
97.6026100000098,-0.4007578786807554
97.6109400000098,-0.4477229303925663
97.6192700000098,-0.4884450071110415
97.6276000000098,-0.5206978037850013
97.63593000000981,-0.5521891419569981
97.64426000000981,-0.581193616821279
97.65259000000981,-0.6039012894785214
97.66092000000981,-0.6191278794593865
97.66925000000981,-0.6266210707923058
97.67758000000981,-0.6227229694218577
97.68591000000981,-0.6070929250210386
97.69424000000981,-0.578078466431705
97.70257000000981,-0.5402201071221788
97.71090000000981,-0.49670352743609947
97.71923000000982,-0.4465906689891014
97.72756000000982,-0.39045452349685805
97.73589000000982,-0.3272315690853875
97.74422000000982,-0.259262283728084
97.75255000000982,-0.18655194444916764
97.76088000000982,-0.1079200310071555
97.76921000000982,-0.027125930721649552
97.77754000000982,0.056319003537858535
97.78587000000982,0.14316567502592112
97.79420000000982,0.23235490479284399
97.80253000000982,0.31971534683812597
97.81086000000982,0.39715315386641564
97.81919000000983,0.464110652327424
97.82752000000983,0.5276036690263987
97.83585000000983,0.5859739968170962
97.84418000000983,0.6350813918041899
97.85251000000983,0.6779507089370398
97.86084000000983,0.7138953807600495
97.86917000000983,0.739670800117103
97.87750000000983,0.7586631841018131
97.88583000000983,0.7748651067265542
97.89416000000983,0.7867984360158512
97.90249000000983,0.7904313459044882
97.91082000000983,0.7830668075511088
97.91915000000984,0.7678037295125135
97.92748000000984,0.7475582135179217
97.93581000000984,0.7206391129913378
97.94414000000984,0.6858584434329478
97.95247000000984,0.6434228796644644
97.96080000000984,0.5919933881098551
97.96913000000984,0.5353522082519457
97.97746000000984,0.4773001731999379
97.98579000000984,0.420809614618948
97.99412000000984,0.3644627298522481
98.00245000000984,0.30251011661125266
98.01078000000985,0.24014518629215198
98.01911000000985,0.18031522553085141
98.02744000000985,0.12169104096986405
98.03577000000985,0.06496560827851226
98.04410000000985,0.005369469841536056
98.05243000000985,-0.054835782840634444
98.06076000000985,-0.11801922023184681
98.06909000000985,-0.17926742795031458
98.07742000000985,-0.23668949331023315
98.08575000000985,-0.2886187475453472
98.09408000000985,-0.33495984709068777
98.10241000000985,-0.3769444280133844
98.11074000000986,-0.40988651586232616
98.11907000000986,-0.4335903207620066
98.12740000000986,-0.451269072664302
98.13573000000986,-0.46225770595869825
98.14406000000986,-0.47053202138233574
98.15239000000986,-0.4749777093798745
98.16072000000986,-0.4794910746151845
98.16905000000986,-0.4812506642790678
98.17738000000986,-0.48004106256539575
98.18571000000986,-0.47255834195421204
98.19404000000986,-0.45980417332188545
98.20237000000986,-0.44243664401512284
98.21070000000987,-0.42091630490581033
98.21903000000987,-0.3935671729659062
98.22736000000987,-0.36182744416858814
98.23569000000987,-0.32650130169396974
98.24402000000987,-0.287082434786838
98.25235000000987,-0.2455030305502176
98.26068000000987,-0.20469300856382044
98.26901000000987,-0.16412649845063076
98.27734000000987,-0.12165775086059719
98.28567000000987,-0.078144526848347
98.29400000000987,-0.036404900171139266
98.30233000000987,0.0036997986263020474
98.31066000000988,0.040684101235888434
98.31899000000988,0.07631096400469513
98.32732000000988,0.10879124441281741
98.33565000000988,0.1403098894449568
98.34398000000988,0.1713217029927712
98.35231000000988,0.19936074159913264
98.36064000000988,0.22422150448450964
98.36897000000988,0.24749202557232403
98.37730000000988,0.27062506022309246
98.38563000000988,0.290715740099153
98.39396000000988,0.30753296978723726
98.40229000000988,0.3187559184102268
98.41062000000989,0.32639597961179306
98.41895000000989,0.32856836699447123
98.42728000000989,0.32612415217686985
98.43561000000989,0.32043841721789534
98.44394000000989,0.3118870414855307
98.45227000000989,0.3019528479502241
98.46060000000989,0.2866894414512696
98.46893000000989,0.2676092399581445
98.47726000000989,0.24603033911929922
98.48559000000989,0.2227300146336319
98.4939200000099,0.1955574942711866
98.5022500000099,0.1687985379064052
98.5105800000099,0.1462151081872925
98.5189100000099,0.1251509325982953
98.5272400000099,0.10727314565707871
98.5355700000099,0.09406931570450888
98.5439000000099,0.08738954304953214
98.5522300000099,0.08585584824963417
98.5605600000099,0.08155162807206726
98.5688900000099,0.07672825148880257
98.5772200000099,0.07373498095961473
98.5855500000099,0.07175057704553701
98.5938800000099,0.07046340824127215
98.6022100000099,0.07366857684946344
98.6105400000099,0.08052601270885337
98.6188700000099,0.08912977395337905
98.6272000000099,0.09822482214616203
98.63553000000991,0.10737338144779557
98.64386000000991,0.11667325471491441
98.65219000000991,0.12510775234544705
98.66052000000991,0.12892306641848686
98.66885000000991,0.12919055207313107
98.67718000000991,0.1287732719872612
98.68551000000991,0.12908699486637767
98.69384000000991,0.12645430562513696
98.70217000000991,0.1207341523284304
98.71050000000992,0.11475304205246145
98.71883000000992,0.10287146903106907
98.72716000000992,0.08439675527810672
98.73549000000992,0.060503694571398564
98.74382000000992,0.03405217524890508
98.75215000000992,0.00802191306733817
98.76048000000992,-0.017067450776008828
98.76881000000992,-0.045544254828330945
98.77714000000992,-0.0733378956437595
98.78547000000992,-0.09839996758970816
98.79380000000992,-0.12713371009616922
98.80213000000992,-0.15652552648885715
98.81046000000993,-0.18472608642564922
98.81879000000993,-0.21132181768182634
98.82712000000993,-0.23481385560280432
98.83545000000993,-0.2526312744089939
98.84378000000993,-0.26399167429803927
98.85211000000993,-0.2681857886928732
98.86044000000993,-0.267043228946056
98.86877000000993,-0.26002143419134655
98.87710000000993,-0.2443861102862677
98.88543000000993,-0.2242141932435985
98.89376000000993,-0.20045949954656653
98.90209000000993,-0.17209685047655413
98.91042000000994,-0.13871260277831177
98.91875000000994,-0.10068923548486351
98.92708000000994,-0.06285040509188292
98.93541000000994,-0.02202048238105954
98.94374000000994,0.017661391757112177
98.95207000000994,0.05406246838779047
98.96040000000994,0.09182684780674956
98.96873000000994,0.1320822728286465
98.97706000000994,0.1706701004479548
98.98539000000994,0.2051867340108595
98.99372000000994,0.2380566846898398
99.00205000000994,0.2680203420426833
99.01038000000995,0.29189243335573667
99.01871000000995,0.30855662108598325
99.02704000000995,0.3196579207607464
99.03537000000995,0.32521342520483304
99.04370000000995,0.32232252057307226
99.05203000000995,0.31277590177570197
99.06036000000995,0.30100847457634455
99.06869000000995,0.2859619167270902
99.07702000000995,0.26378144573777124
99.08535000000995,0.23697405816498865
99.09368000000995,0.20807377582421388
99.10201000000995,0.17435999265281552
99.11034000000996,0.1377981943303306
99.11867000000996,0.09951982055714106
99.12700000000996,0.056957095392586525
99.13533000000996,0.010978836726081005
99.14366000000996,-0.03455394361354992
99.15199000000996,-0.07691798037394873
99.16032000000996,-0.11948990125652453
99.16865000000996,-0.1609536174907211
99.17698000000996,-0.20295373213908874
99.18531000000996,-0.24207248529702563
99.19364000000996,-0.27730825042596524
99.20197000000996,-0.3099934966626134
99.21030000000997,-0.33592940670304616
99.21863000000997,-0.3571113881814949
99.22696000000997,-0.3748072593497714
99.23529000000997,-0.38561089388363745
99.24362000000997,-0.3912818898463813
99.25195000000997,-0.3915014697671392
99.26028000000997,-0.386453970219084
99.26861000000997,-0.3749368774800786
99.27694000000997,-0.35796640619146286
99.28527000000997,-0.33797304586830906
99.29360000000997,-0.3124327014976109
99.30193000000997,-0.2814061752990399
99.31026000000998,-0.2469102257712283
99.31859000000998,-0.20657383623870948
99.32692000000998,-0.16461174498616807
99.33525000000998,-0.1202636575543852
99.34358000000998,-0.07502940462291414
99.35191000000998,-0.027148013874982908
99.36024000000998,0.02163354302632137
99.36857000000998,0.07052928920044664
99.37690000000998,0.11690946275540638
99.38523000000998,0.16285655753151682
99.39356000000998,0.2095434229880914
99.40189000000998,0.2550212595583593
99.41022000000999,0.2960912454963532
99.41855000000999,0.33558675123042325
99.42688000000999,0.3707803609815812
99.43521000000999,0.4013307022523196
99.44354000000999,0.43075720068413387
99.45187000000999,0.4581848761215379
99.46020000000999,0.47792838592817666
99.46853000000999,0.49233307873952825
99.47686000000999,0.49950146200437867
99.48519000001,0.5037668735266491
99.49352000001,0.5043163816617053
99.50185000001,0.4998034903525054
99.51018000001,0.4900214655865199
99.51851000001,0.47830545933533253
99.52684000001,0.46149639521886554
99.53517000001,0.4377573753235697
99.54350000001,0.4151792082161949
99.55183000001,0.38719487898882027
99.56016000001,0.35356602914930735
99.56849000001,0.3111799570213081
99.57682000001,0.26554085450080234
99.58515000001,0.2166909851966732
99.59348000001,0.16730931106656063
99.60181000001,0.11375301402072723
99.61014000001,0.057211712272114544
99.61847000001,0.0012906282141002701
99.62680000001001,-0.05380756018736089
99.63513000001001,-0.10819043372439055
99.64346000001001,-0.16110472872154863
99.65179000001001,-0.2189395495326724
99.66012000001001,-0.27738386249568736
99.66845000001001,-0.3357983454935495
99.67678000001001,-0.38945604856676025
99.68511000001001,-0.4394837241255376
99.69344000001001,-0.4845212762367953
99.70177000001001,-0.5268354910134606
99.71010000001002,-0.5625459825904356
99.71843000001002,-0.5890134995282369
99.72676000001002,-0.6064836751619607
99.73509000001002,-0.613932501985571
99.74342000001002,-0.6132715191827971
99.75175000001002,-0.6088185767202257
99.76008000001002,-0.5997391252215318
99.76841000001002,-0.581283457638191
99.77674000001002,-0.5567518824039048
99.78507000001002,-0.5228711518909568
99.79340000001002,-0.48318619955832914
99.80173000001002,-0.436308928852048
99.81006000001003,-0.3844865333900733
99.81839000001003,-0.333152831893899
99.82672000001003,-0.28350381746277026
99.83505000001003,-0.22975258257428088
99.84338000001003,-0.1757393253237517
99.85171000001003,-0.12221916719671776
99.86004000001003,-0.07224285501709302
99.86837000001003,-0.02322934562163335
99.87670000001003,0.021901021976555055
99.88503000001003,0.06794802586583641
99.89336000001003,0.11217186584869962
99.90169000001003,0.15387615406256236
99.91002000001004,0.189165966401807
99.91835000001004,0.21603239621400608
99.92668000001004,0.23537666307566688
99.93501000001004,0.2501427355241815
99.94334000001004,0.26003953473451863
99.95167000001004,0.26706803973021637
99.96000000001004,0.26995583453632843
99.96833000001004,0.2691003987645443
99.97666000001004,0.26555122527909636
99.98499000001004,0.2653337338112985
99.99332000001004,0.26614577983607873
100.00165000001005,0.26437317340874467
100.00998000001005,0.26054396410637237
100.01831000001005,0.25489610008131436
100.02664000001005,0.24588868925393698
100.03497000001005,0.235546475958206
100.04330000001005,0.22868916518649088
100.05163000001005,0.22547502380102608
100.05996000001005,0.22528557782235456
100.06829000001005,0.226735509761763
100.07662000001005,0.23095983430796482
100.08495000001005,0.23844797455083103
100.09328000001005,0.24695781190454424
100.10161000001006,0.2540688813785897
100.10994000001006,0.2614191960578791
100.11827000001006,0.2674042180829144
100.12660000001006,0.27129897903894457
100.13493000001006,0.2755971959286418
100.14326000001006,0.28067185130233957
100.15159000001006,0.28342103080779246
100.15992000001006,0.28345314051577036
100.16825000001006,0.28228879478667673
100.17658000001006,0.2769035826952742
100.18491000001006,0.26677504266513824
100.19324000001006,0.25230418553295547
100.20157000001007,0.23512447977552373
100.20990000001007,0.21504271119377666
100.21823000001007,0.1913034904655294
100.22656000001007,0.16515757618025492
100.23489000001007,0.1346625218214851
100.24322000001007,0.0994776936810483
100.25155000001007,0.0625486343258679
100.25988000001007,0.022164113167819723
100.26821000001007,-0.019404166593147726
100.27654000001007,-0.06703618719610176
100.28487000001007,-0.11700091062782164
100.29320000001007,-0.16506926557166715
100.30153000001008,-0.21043418088786264
100.30986000001008,-0.25855155909760186
100.31819000001008,-0.30511108510802093
100.32652000001008,-0.3486105129354809
100.33485000001008,-0.3901459703593461
100.34318000001008,-0.4272713068845436
100.35151000001008,-0.45923039594913034
100.35984000001008,-0.487902846463546
100.36817000001008,-0.5115047559985151
100.37650000001008,-0.531670386319339
100.38483000001008,-0.5447931663557133
100.39316000001008,-0.5486524024557042
100.40149000001009,-0.5486931513702352
100.40982000001009,-0.5449160585737313
100.41815000001009,-0.5334984774580791
100.42648000001009,-0.513224463782251
100.43481000001009,-0.48970259174903474
100.44314000001009,-0.4602329708796419
100.45147000001009,-0.4231567648054953
100.45980000001009,-0.3802751322785011
100.46813000001009,-0.3355886076057003
100.47646000001009,-0.291051186272802
100.4847900000101,-0.24367865017840118
100.4931200000101,-0.1939930705232805
100.5014500000101,-0.14100247555319953
100.5097800000101,-0.0890919944646918
100.5181100000101,-0.0376936649687536
100.5264400000101,0.015224261912853506
100.5347700000101,0.063143574393442
100.5431000000101,0.11109425928432298
100.5514300000101,0.15708027538114827
100.5597600000101,0.20073229233516035
100.5680900000101,0.23892519638095752
100.5764200000101,0.2728434611653926
100.5847500000101,0.3064839939802783
100.5930800000101,0.3413766169734988
100.6014100000101,0.37206974512944857
100.6097400000101,0.39628140507418663
100.6180700000101,0.41983124153195184
100.62640000001011,0.4376532068987354
100.63473000001011,0.4472204280718305
100.64306000001011,0.4520072658868095
100.65139000001011,0.45063025835595966
100.65972000001011,0.4461698406485083
100.66805000001011,0.439361983862627
100.67638000001011,0.4314220389478923
100.68471000001011,0.42344269750073166
100.69304000001011,0.4129993078495322
100.70137000001012,0.39538588013485043
100.70970000001012,0.3744318006737412
100.71803000001012,0.3503677646423
100.72636000001012,0.3215825238964106
100.73469000001012,0.2893239754535997
100.74302000001012,0.252754182321339
100.75135000001012,0.20932279551041008
100.75968000001012,0.166740782508339
100.76801000001012,0.12321115923207757
100.77634000001012,0.07941305026531593
100.78467000001012,0.03947176757305795
100.79300000001012,-0.0027882585604810774
100.80133000001013,-0.048060253283076504
100.80966000001013,-0.09267357641115465
100.81799000001013,-0.13278097976004624
100.82632000001013,-0.167560377474361
100.83465000001013,-0.19848035470711237
100.84298000001013,-0.23209554154029752
100.85131000001013,-0.2658906839480751
100.85964000001013,-0.29551844162590124
100.86797000001013,-0.3250550971452384
100.87630000001013,-0.3473835645351501
100.88463000001013,-0.36205007961429675
100.89296000001013,-0.3744006891968575
100.90129000001014,-0.3866093736403986
100.90962000001014,-0.38883296418900243
100.91795000001014,-0.3824710209841167
100.92628000001014,-0.36892069309519115
100.93461000001014,-0.34559022530896966
100.94294000001014,-0.32131328723021413
100.95127000001014,-0.2903482537081463
100.95960000001014,-0.2568917151641497
100.96793000001014,-0.2192823038241968
100.97626000001014,-0.17475736528914645
100.98459000001014,-0.12969235524817238
100.99292000001014,-0.08217441268850638
101.00125000001015,-0.03226282196165363
101.00958000001015,0.022217087830634107
101.01791000001015,0.07370711476674974
101.02624000001015,0.12325178153867132
101.03457000001015,0.17300390027646445
101.04290000001015,0.21692762447413796
101.05123000001015,0.25791660642042463
101.05956000001015,0.29131562286194596
101.06789000001015,0.31865408368383
101.07622000001015,0.3401588223639275
101.08455000001015,0.35464712479935845
101.09288000001015,0.3665545939240028
101.10121000001016,0.3705441665408359
101.10954000001016,0.3657696876435126
101.11787000001016,0.35409155811355003
101.12620000001016,0.3364831069258587
101.13453000001016,0.31277095108644126
101.14286000001016,0.2853915627341412
101.15119000001016,0.25177979475340395
101.15952000001016,0.21434201378538492
101.16785000001016,0.17237832982714166
101.17618000001016,0.1255072381208962
101.18451000001016,0.08096025876218003
101.19284000001016,0.03676326106782108
101.20117000001017,-0.0088425662350166
101.20950000001017,-0.05321176435131004
101.21783000001017,-0.09404869545408552
101.22616000001017,-0.13319207066816136
101.23449000001017,-0.16660598072463978
101.24282000001017,-0.19312329876030573
101.25115000001017,-0.21738435089729038
101.25948000001017,-0.23556181014986638
101.26781000001017,-0.24994971534530308
101.27614000001017,-0.261482826215391
101.28447000001017,-0.26630720541433117
101.29280000001017,-0.2690829040946412
101.30113000001018,-0.26816294965130416
101.30946000001018,-0.26227212302909786
101.31779000001018,-0.2505853071757781
101.32612000001018,-0.23411739063037132
101.33445000001018,-0.2128454613538672
101.34278000001018,-0.19029461691306016
101.35111000001018,-0.16737022583066596
101.35944000001018,-0.14297457019534074
101.36777000001018,-0.12278571909267891
101.37610000001018,-0.10375969956507188
101.38443000001018,-0.08460873546994856
101.39276000001018,-0.06921136291334168
101.40109000001019,-0.053232616923563805
101.40942000001019,-0.03364282649633464
101.41775000001019,-0.01296156517392259
101.42608000001019,0.00680714711983775
101.43441000001019,0.025162285983751666
101.44274000001019,0.041738912417306304
101.45107000001019,0.056573134866505205
101.45940000001019,0.0681981065207179
101.46773000001019,0.07471438639833565
101.4760600000102,0.08116436853719912
101.4843900000102,0.08569389843593499
101.4927200000102,0.08635883886430216
101.5010500000102,0.08577461831881682
101.5093800000102,0.08337216584953702
101.5177100000102,0.07907873497530368
101.5260400000102,0.07407071120009565
101.5343700000102,0.06905043478245512
101.5427000000102,0.06484976042201242
101.5510300000102,0.060683393596850536
101.5593600000102,0.05578668660913101
101.5676900000102,0.0518402259283933
101.5760200000102,0.049725751737438526
101.5843500000102,0.05009579468092901
101.5926800000102,0.05225777167472358
101.6010100000102,0.05721611793290543
101.6093400000102,0.06497155716633057
101.61767000001021,0.07601121356950566
101.62600000001021,0.09077767713096323
101.63433000001021,0.10679263509810648
101.64266000001021,0.12209500275320684
101.65099000001021,0.13866851851385775
101.65932000001021,0.15439502277924264
101.66765000001021,0.16810964551846497
101.67598000001021,0.17900974725400598
101.68431000001021,0.18669698149746652
101.69264000001021,0.19225249369601327
101.70097000001022,0.19784458502365293
101.70930000001022,0.20170301073172014
101.71763000001022,0.20409487444818541
101.72596000001022,0.20474219058210308
101.73429000001022,0.2035693830104583
101.74262000001022,0.20017504993267
101.75095000001022,0.19752638688726532
101.75928000001022,0.19484796380486952
101.76761000001022,0.18711772211327904
101.77594000001022,0.17302926127543355
101.78427000001022,0.15546491004635732
101.79260000001022,0.13190450660043282
101.80093000001023,0.10318672312493889
101.80926000001023,0.07001717252308974
101.81759000001023,0.035040749392901825
101.82592000001023,0.0007684893327356445
101.83425000001023,-0.03442847035579345
101.84258000001023,-0.07029061835244242
101.85091000001023,-0.1030362527194582
101.85924000001023,-0.13658039648523695
101.86757000001023,-0.16916094490694597
101.87590000001023,-0.2029550931070521
101.88423000001023,-0.23555015973575685
101.89256000001023,-0.26931228233609084
101.90089000001024,-0.30217922835186334
101.90922000001024,-0.3316800122098075
101.91755000001024,-0.3558619593369545
101.92588000001024,-0.3736997402294402
101.93421000001024,-0.3893463122309248
101.94254000001024,-0.40331746001763374
101.95087000001024,-0.41465253940630575
101.95920000001024,-0.42592287241330373
101.96753000001024,-0.43178597742987307
101.97586000001024,-0.4376996127996767
101.98419000001024,-0.4441187137417167
101.99252000001024,-0.4460083759688967
102.00085000001025,-0.4435253230659371
102.00918000001025,-0.4352086429638659
102.01751000001025,-0.4239471616143497
102.02584000001025,-0.4054331961811258
102.03417000001025,-0.3812103065997392
102.04250000001025,-0.35647108334567507
102.05083000001025,-0.32683757529560226
102.05916000001025,-0.29223031631292073
102.06749000001025,-0.25615808617450364
102.07582000001025,-0.22306967812253176
102.08415000001025,-0.18875577168530264
102.09248000001026,-0.14708119390274713
102.10081000001026,-0.10162616921316737
102.10914000001026,-0.05038645080427474
102.11747000001026,0.002485198682246913
102.12580000001026,0.060941493893375207
102.13413000001026,0.12152500257398723
102.14246000001026,0.18499899811394976
102.15079000001026,0.25269367367575996
102.15912000001026,0.3190096598256649
102.16745000001026,0.37655057736934416
102.17578000001026,0.4290953255728
102.18411000001026,0.480152243121374
102.19244000001027,0.5265815272425418
102.20077000001027,0.5676253515588229
102.20910000001027,0.602751442906342
102.21743000001027,0.6288389553485836
102.22576000001027,0.6479939742291834
102.23409000001027,0.6633205412045973
102.24242000001027,0.6733147192510952
102.25075000001027,0.6754127511745894
102.25908000001027,0.6697231117497311
102.26741000001027,0.6518718289062105
102.27574000001027,0.6288866022752687
102.28407000001027,0.6010472047726995
102.29240000001028,0.5672534089757456
102.30073000001028,0.5261228030081074
102.30906000001028,0.4742513693876141
102.31739000001028,0.41837553108055603
102.32572000001028,0.35817091661443734
102.33405000001028,0.2868443122088558
102.34238000001028,0.21030377498123312
102.35071000001028,0.13345320507961703
102.35904000001028,0.056814958545137836
102.36737000001028,-0.021624446600305637
102.37570000001028,-0.09531647541929303
102.38403000001028,-0.16346177967498265
102.39236000001029,-0.22738027481814724
102.40069000001029,-0.2864223063858895
102.40902000001029,-0.3435755821535243
102.41735000001029,-0.39230297831894084
102.42568000001029,-0.43853070036286346
102.43401000001029,-0.4865776052533553
102.44234000001029,-0.5229533927698798
102.45067000001029,-0.5484544424779701
102.45900000001029,-0.5643031389511236
102.46733000001029,-0.5720838044802847
102.4756600000103,-0.5725951624520622
102.4839900000103,-0.5681952750277692
102.4923200000103,-0.5569304513073356
102.5006500000103,-0.536656982945981
102.5089800000103,-0.5160034937017912
102.5173100000103,-0.48752734209805954
102.5256400000103,-0.4538445669348048
102.5339700000103,-0.4170669184087521
102.5423000000103,-0.3764410510599146
102.5506300000103,-0.33500385931778864
102.5589600000103,-0.29123973289801774
102.5672900000103,-0.24827101789870765
102.5756200000103,-0.20783619489671779
102.5839500000103,-0.17169991087210373
102.5922800000103,-0.13413520770646747
102.6006100000103,-0.09774474533142413
102.6089400000103,-0.06463004000124252
102.61727000001031,-0.031291805263699
102.62560000001031,0.0009002936961351595
102.63393000001031,0.028646842391511804
102.64226000001031,0.05403414393924486
102.65059000001031,0.07342287347113435
102.65892000001031,0.0941967782216791
102.66725000001031,0.11309192379190477
102.67558000001031,0.12556562873383187
102.68391000001031,0.13247047968510903
102.69224000001032,0.13860511262632438
102.70057000001032,0.1403845494910377
102.70890000001032,0.13923304365809536
102.71723000001032,0.13455925604016122
102.72556000001032,0.12982244059967143
102.73389000001032,0.12204693035783261
102.74222000001032,0.11932330410590375
102.75055000001032,0.11832974308105247
102.75888000001032,0.12196360343082789
102.76721000001032,0.1281112113433327
102.77554000001032,0.13145379792068315
102.78387000001032,0.13466582015862066
102.79220000001033,0.13640128832499657
102.80053000001033,0.13686013251745016
102.80886000001033,0.13430459783783247
102.81719000001033,0.13216216430759348
102.82552000001033,0.13220230502562713
102.83385000001033,0.13281700918214343
102.84218000001033,0.13760351974446597
102.85051000001033,0.14162186532449145
102.85884000001033,0.1465875800893049
102.86717000001033,0.15210172566407487
102.87550000001033,0.157591739505276
102.88383000001033,0.16096515209878764
102.89216000001034,0.16073873569665156
102.90049000001034,0.1581437968760042
102.90882000001034,0.1532090867557382
102.91715000001034,0.15127091288309566
102.92548000001034,0.14791167818833212
102.93381000001034,0.1411676130710824
102.94214000001034,0.12973005014062716
102.95047000001034,0.11671347826604633
102.95880000001034,0.100006827517695
102.96713000001034,0.08455978605427494
102.97546000001034,0.06687157267533231
102.98379000001034,0.04620461408721573
102.99212000001035,0.025006761380076063
103.00045000001035,0.004743970911915958
103.00878000001035,-0.013402022597553234
103.01711000001035,-0.02669957771380515
103.02544000001035,-0.044290723758847884
103.03377000001035,-0.06535444302355196
103.04210000001035,-0.086271269143186
103.05043000001035,-0.10283254181857907
103.05876000001035,-0.118270084311563
103.06709000001035,-0.12767233956045498
103.07542000001035,-0.13737078387551266
103.08375000001035,-0.14461396686887826
103.09208000001036,-0.1489199315893571
103.10041000001036,-0.1511643703037508
103.10874000001036,-0.1535723424248345
103.11707000001036,-0.1558711514221647
103.12540000001036,-0.16082778330306488
103.13373000001036,-0.16763166305681104
103.14206000001036,-0.17232307525932325
103.15039000001036,-0.1757725625302492
103.15872000001036,-0.1773451197607247
103.16705000001036,-0.17746746765337984
103.17538000001036,-0.17711692575192917
103.18371000001036,-0.1785288703283566
103.19204000001037,-0.17650914007109325
103.20037000001037,-0.171099848253466
103.20870000001037,-0.16235995507703338
103.21703000001037,-0.14956531588869368
103.22536000001037,-0.13335928646135833
103.23369000001037,-0.11519404546490503
103.24202000001037,-0.09697651734430851
103.25035000001037,-0.08020887019599655
103.25868000001037,-0.05980286218686872
103.26701000001037,-0.04019001753812679
103.27534000001037,-0.024796972209925706
103.28367000001037,-0.011673157317477468
103.29200000001038,0.0038404154071245136
103.30033000001038,0.019352203183087082
103.30866000001038,0.03690678639422121
103.31699000001038,0.054908765813656925
103.32532000001038,0.07252532139914815
103.33365000001038,0.09116614228658157
103.34198000001038,0.10932576240337334
103.35031000001038,0.12789529167076089
103.35864000001038,0.14719390946274488
103.36697000001038,0.1627290140605531
103.37530000001038,0.17410426487695557
103.38363000001038,0.18343688052865176
103.39196000001039,0.18835389878571934
103.40029000001039,0.18936279900081404
103.40862000001039,0.18781981589472418
103.41695000001039,0.18521662868455616
103.42528000001039,0.1823306195969652
103.43361000001039,0.17621630205785485
103.44194000001039,0.1683150160982506
103.45027000001039,0.1533687409597211
103.45860000001039,0.12850706951298724
103.4669300000104,0.09994030773627954
103.4752600000104,0.06559520385786129
103.4835900000104,0.02687564827353244
103.4919200000104,-0.016465663038835527
103.5002500000104,-0.06085323798337289
103.5085800000104,-0.10290751466316193
103.5169100000104,-0.1418653494064186
103.5252400000104,-0.17850301027450255
103.5335700000104,-0.2139649546202624
103.5419000000104,-0.2456386683473771
103.5502300000104,-0.2778397140558241
103.5585600000104,-0.30815806741372365
103.5668900000104,-0.3327652123320017
103.5752200000104,-0.3551967132065966
103.5835500000104,-0.3731187640809304
103.5918800000104,-0.3887960769597881
103.6002100000104,-0.39544611221433273
103.60854000001041,-0.3933756861720216
103.61687000001041,-0.386866248477733
103.62520000001041,-0.376414026777251
103.63353000001041,-0.35721361820825365
103.64186000001041,-0.33133006151379607
103.65019000001041,-0.2954461798500215
103.65852000001041,-0.2524713516510715
103.66685000001041,-0.20697923089987535
103.67518000001041,-0.153943814483506
103.68351000001041,-0.09890106901985499
103.69184000001042,-0.04201055589275264
103.70017000001042,0.020380137230192125
103.70850000001042,0.07998978422410498
103.71683000001042,0.13655098196551207
103.72516000001042,0.19180262719906235
103.73349000001042,0.24719456478224297
103.74182000001042,0.29563708205170375
103.75015000001042,0.3423636422476851
103.75848000001042,0.3828215067851013
103.76681000001042,0.415801520451752
103.77514000001042,0.44745722675022986
103.78347000001042,0.4731404453994665
103.79180000001043,0.49488532227335597
103.80013000001043,0.5105211730291938
103.80846000001043,0.5210832021446856
103.81679000001043,0.5245070950613213
103.82512000001043,0.5224212838186472
103.83345000001043,0.5127595892873169
103.84178000001043,0.49068157669865947
103.85011000001043,0.4633398625234722
103.85844000001043,0.42389345445695636
103.86677000001043,0.3763949278055954
103.87510000001043,0.3294224302662842
103.88343000001043,0.28024137083040296
103.89176000001044,0.22563069606620065
103.90009000001044,0.16760240908591229
103.90842000001044,0.11368407085955537
103.91675000001044,0.055543138065609
103.92508000001044,-0.002199320863907823
103.93341000001044,-0.057233718082781285
103.94174000001044,-0.1109424476875596
103.95007000001044,-0.15926911533137952
103.95840000001044,-0.2060259821988693
103.96673000001044,-0.24850683163278645
103.97506000001044,-0.2833866058437231
103.98339000001044,-0.3176170980154301
103.99172000001045,-0.35193841799619674
104.00005000001045,-0.38313744124435917
104.00838000001045,-0.40706174090231767
104.01671000001045,-0.42930472057696845
104.02504000001045,-0.448444876569056
104.03337000001045,-0.4614722225055285
104.04170000001045,-0.4671559213599065
104.05003000001045,-0.4645656145693191
104.05836000001045,-0.45715829848574424
104.06669000001045,-0.44878327889614417
104.07502000001045,-0.4393773199859051
104.08335000001046,-0.42601886425396623
104.09168000001046,-0.409537399201975
104.10001000001046,-0.38947479623107545
104.10834000001046,-0.3650009420876601
104.11667000001046,-0.3392264055487659
104.12500000001046,-0.3130863529313007
104.13333000001046,-0.2880595662302001
104.14166000001046,-0.2647612710875935
104.14999000001046,-0.23969170825994288
104.15832000001046,-0.21547332894291465
104.16665000001046,-0.1941010365982239
104.17498000001046,-0.17675113287419839
104.18331000001047,-0.15461679836656228
104.19164000001047,-0.12989753701156648
104.19997000001047,-0.10272226341378449
104.20830000001047,-0.07431376624128631
104.21663000001047,-0.04710448431574941
104.22496000001047,-0.01862360226095039
104.23329000001047,0.00784118743868353
104.24162000001047,0.03277797869161188
104.24995000001047,0.05927986436167969
104.25828000001047,0.08414673374378862
104.26661000001047,0.10655389248817622
104.27494000001047,0.12769269764029895
104.28327000001048,0.14861948699505187
104.29160000001048,0.1701175196121414
104.29993000001048,0.19139174144710983
104.30826000001048,0.21047450798371206
104.31659000001048,0.2281882972740849
104.32492000001048,0.2463484453171906
104.33325000001048,0.2621849659817535
104.34158000001048,0.2742253092878718
104.34991000001048,0.2827059027237101
104.35824000001048,0.28965896166845706
104.36657000001048,0.2955846647742388
104.37490000001048,0.295959666024539
104.38323000001049,0.29131953845947545
104.39156000001049,0.2871748171957663
104.39989000001049,0.28419037110798
104.40822000001049,0.2783960060383703
104.41655000001049,0.2702022492802955
104.42488000001049,0.2589823122942659
104.43321000001049,0.24681261113361527
104.44154000001049,0.23274092789290377
104.44987000001049,0.2176734790406434
104.45820000001049,0.20438452418671524
104.4665300000105,0.1910709961149441
104.4748600000105,0.17355340153737958
104.4831900000105,0.15920024194902013
104.4915200000105,0.14469422262328457
104.4998500000105,0.1294948217080526
104.5081800000105,0.1120082355729879
104.5165100000105,0.09290153918130883
104.5248400000105,0.07254374783007225
104.5331700000105,0.053739513167709745
104.5415000000105,0.033630561899508055
104.5498300000105,0.014357752067297084
104.5581600000105,-0.0026383434854641992
104.5664900000105,-0.018134214866509287
104.5748200000105,-0.03387828580319454
104.5831500000105,-0.047312600000361624
104.5914800000105,-0.06453105256483357
104.5998100000105,-0.07999798400837134
104.60814000001051,-0.09648831778127745
104.61647000001051,-0.11512414899768321
104.62480000001051,-0.13756065216154245
104.63313000001051,-0.1601800046407145
104.64146000001051,-0.1852042151733392
104.64979000001051,-0.2135794226770356
104.65812000001051,-0.2441083859985869
104.66645000001051,-0.27431044074097816
104.67478000001051,-0.3040392095166326
104.68311000001052,-0.3297137052388921
104.69144000001052,-0.35309143748494404
104.69977000001052,-0.37197010928214386
104.70810000001052,-0.39382938592981137
104.71643000001052,-0.41326536918891155
104.72476000001052,-0.43192404820673513
104.73309000001052,-0.44903422292480244
104.74142000001052,-0.46096194407044067
104.74975000001052,-0.46858001248852343
104.75808000001052,-0.47053649417043636
104.76641000001052,-0.4672845415624341
104.77474000001052,-0.45367917826587595
104.78307000001053,-0.42992629197849264
104.79140000001053,-0.40351849140811846
104.79973000001053,-0.3710048861427009
104.80806000001053,-0.3388638358755636
104.81639000001053,-0.30177734295508685
104.82472000001053,-0.25933191633404623
104.83305000001053,-0.21185227300137713
104.84138000001053,-0.1589690246131534
104.84971000001053,-0.0994352558950744
104.85804000001053,-0.038307815768566046
104.86637000001053,0.020985066096122513
104.87470000001053,0.08600728543885418
104.88303000001054,0.14745837356906402
104.89136000001054,0.20475556588301558
104.89969000001054,0.2594816893527354
104.90802000001054,0.3076459841454083
104.91635000001054,0.35349276404222635
104.92468000001054,0.3967113885560621
104.93301000001054,0.4394576728692725
104.94134000001054,0.47584847525414303
104.94967000001054,0.5054745445469331
104.95800000001054,0.5239439483590773
104.96633000001054,0.5327310693029749
104.97466000001054,0.5396910188150851
104.98299000001055,0.5369457525409783
104.99132000001055,0.5300250708462548
104.99965000001055,0.5155973778034986
105.00798000001055,0.49547377975871376
105.01631000001055,0.46798624434402697
105.02464000001055,0.4379312101202763
105.03297000001055,0.4067992886204514
105.04130000001055,0.3650674724557987
105.04963000001055,0.31572511804705394
105.05796000001055,0.2605201658481543
105.06629000001055,0.20479715069116441
105.07462000001055,0.15070516880052875
105.08295000001056,0.0936485659315342
105.09128000001056,0.03581633241378556
105.09961000001056,-0.02199377116046092
105.10794000001056,-0.07570583227764009
105.11627000001056,-0.12775319454696557
105.12460000001056,-0.1745395242341798
105.13293000001056,-0.21869203242379312
105.14126000001056,-0.26116381362907737
105.14959000001056,-0.2958283106201276
105.15792000001056,-0.32480552705906385
105.16625000001056,-0.34643637241573966
105.17458000001056,-0.3621665309804586
105.18291000001057,-0.3730113811637941
105.19124000001057,-0.38069122922561294
105.19957000001057,-0.3832728776117224
105.20790000001057,-0.37700348542404066
105.21623000001057,-0.36574544441662793
105.22456000001057,-0.34995328055487873
105.23289000001057,-0.3267539569076894
105.24122000001057,-0.30167684844710974
105.24955000001057,-0.2728641170068883
105.25788000001057,-0.23800849577400293
105.26621000001057,-0.20538545088405466
105.27454000001057,-0.17165564094782132
105.28287000001058,-0.13830200806529339
105.29120000001058,-0.10533106960851372
105.29953000001058,-0.07634680658864562
105.30786000001058,-0.04546988424057072
105.31619000001058,-0.01662521359072223
105.32452000001058,0.009257331647867486
105.33285000001058,0.034909319356350034
105.34118000001058,0.05578310841255786
105.34951000001058,0.07570263371366984
105.35784000001058,0.09509246631717765
105.36617000001058,0.10834035853083207
105.37450000001058,0.12228707324081685
105.38283000001059,0.13384669705990124
105.39116000001059,0.1416364748745156
105.39949000001059,0.1427089829837744
105.40782000001059,0.14478998033733165
105.41615000001059,0.142174023275793
105.42448000001059,0.14169406086789318
105.43281000001059,0.13796022834027943
105.44114000001059,0.13188164877479275
105.44947000001059,0.12412981435222403
105.4578000000106,0.11550486490431344
105.4661300000106,0.10671035373122066
105.4744600000106,0.0968990182437483
105.4827900000106,0.08443165593891427
105.4911200000106,0.07127235166923199
105.4994500000106,0.06010366459999123
105.5077800000106,0.050309259060686
105.5161100000106,0.04125142948529872
105.5244400000106,0.03316474038360641
105.5327700000106,0.018117332909126805
105.5411000000106,0.0010020659899729824
105.5494300000106,-0.01812028575351275
105.5577600000106,-0.039623846249953555
105.5660900000106,-0.061635239228544234
105.5744200000106,-0.08186043791503127
105.5827500000106,-0.1037795930060549
105.5910800000106,-0.12500540929014575
105.59941000001061,-0.1471568323402254
105.60774000001061,-0.16532213531134568
105.61607000001061,-0.1804845626091341
105.62440000001061,-0.19660402516756575
105.63273000001061,-0.21030054811587914
105.64106000001061,-0.21959090765210013
105.64939000001061,-0.22436662050546655
105.65772000001061,-0.22814685150816202
105.66605000001061,-0.22430192578437258
105.67438000001061,-0.21498259201622874
105.68271000001062,-0.20534656023478162
105.69104000001062,-0.19382599678991982
105.69937000001062,-0.181008578403466
105.70770000001062,-0.16562087614244309
105.71603000001062,-0.1484496602120355
105.72436000001062,-0.1295541402811835
105.73269000001062,-0.10791767645019258
105.74102000001062,-0.0854779684576341
105.74935000001062,-0.06201466257622978
105.75768000001062,-0.04086965836763234
105.76601000001062,-0.018948153681356585
105.77434000001062,0.0013610456496564159
105.78267000001063,0.021424866483959283
105.79100000001063,0.039711122369774816
105.79933000001063,0.05420028445021883
105.80766000001063,0.06597526261317048
105.81599000001063,0.07697513211582108
105.82432000001063,0.08647370449797646
105.83265000001063,0.09603010956254106
105.84098000001063,0.10621267748478898
105.84931000001063,0.11342092292152171
105.85764000001063,0.11573040832516762
105.86597000001063,0.11422765643334201
105.87430000001063,0.11142682241270092
105.88263000001064,0.10871936376186349
105.89096000001064,0.10356341371097909
105.89929000001064,0.09685739464506513
105.90762000001064,0.09068581457600386
105.91595000001064,0.08090282078041
105.92428000001064,0.07420828029601173
105.93261000001064,0.07012792972663646
105.94094000001064,0.06650742610135255
105.94927000001064,0.059872373906625156
105.95760000001064,0.05258191856721884
105.96593000001064,0.04627195781061868
105.97426000001064,0.04128346151905905
105.98259000001065,0.0386557843244266
105.99092000001065,0.03778720344243951
105.99925000001065,0.040630245708631545
106.00758000001065,0.04193836836360756
106.01591000001065,0.044792541482192055
106.02424000001065,0.05384463619199435
106.03257000001065,0.06590054261386694
106.04090000001065,0.07639929428960489
106.04923000001065,0.08730742731797558
106.05756000001065,0.09955208717134788
106.06589000001065,0.11252443014320042
106.07422000001065,0.12619961093945958
106.08255000001066,0.13980900880873345
106.09088000001066,0.152267020751295
106.09921000001066,0.1605978546758284
106.10754000001066,0.16308758906430132
106.11587000001066,0.16333839407168624
106.12420000001066,0.16181077020119733
106.13253000001066,0.15238336137371594
106.14086000001066,0.13463125430239944
106.14919000001066,0.1155911294853109
106.15752000001066,0.09314861399560173
106.16585000001066,0.06820896404016638
106.17418000001067,0.03965475369705309
106.18251000001067,0.01242756040403407
106.19084000001067,-0.01667026225550968
106.19917000001067,-0.04977494591595527
106.20750000001067,-0.08051843295894338
106.21583000001067,-0.11426208589910977
106.22416000001067,-0.1510781524464842
106.23249000001067,-0.19135752333408446
106.24082000001067,-0.23431157275810877
106.24915000001067,-0.2755929145832525
106.25748000001067,-0.3185130558600602
106.26581000001067,-0.3585461304024924
106.27414000001068,-0.3960291570897822
106.28247000001068,-0.42524812853179367
106.29080000001068,-0.4499460153297861
106.29913000001068,-0.4697733043808752
106.30746000001068,-0.4768661059498484
106.31579000001068,-0.4769735026709865
106.32412000001068,-0.4733445604005199
106.33245000001068,-0.4607542463537857
106.34078000001068,-0.4418156271424328
106.34911000001068,-0.4175761323688631
106.35744000001068,-0.38519412580525564
106.36577000001068,-0.34853205096676837
106.37410000001069,-0.30506791380759685
106.38243000001069,-0.2621419696330875
106.39076000001069,-0.2126517764052708
106.39909000001069,-0.16050470644667264
106.40742000001069,-0.0987729042500976
106.41575000001069,-0.035035968493587595
106.42408000001069,0.02659742470043779
106.43241000001069,0.09009894860712159
106.44074000001069,0.15303406723629737
106.44907000001069,0.20943401952880497
106.4574000000107,0.2675619905043235
106.4657300000107,0.32011678313391656
106.4740600000107,0.368823861444701
106.4823900000107,0.40763287285546396
106.4907200000107,0.4457074207267257
106.4990500000107,0.4780978770130933
106.5073800000107,0.506631570674657
106.5157100000107,0.5267881489993537
106.5240400000107,0.5404242145023194
106.5323700000107,0.5505885481672406
106.5407000000107,0.5542536776045609
106.5490300000107,0.5491008826215084
106.5573600000107,0.5405458551747957
106.5656900000107,0.5288465152825654
106.5740200000107,0.5136331385193516
106.5823500000107,0.49655885555102897
106.5906800000107,0.4754132651426745
106.59901000001071,0.44966069976672934
106.60734000001071,0.4168564512495902
106.61567000001071,0.3800325468225068
106.62400000001071,0.3426760712512048
106.63233000001071,0.3044704764227286
106.64066000001071,0.2644953407468525
106.64899000001071,0.2221753922020162
106.65732000001071,0.17799971171346088
106.66565000001071,0.13494433532287065
106.67398000001072,0.09073027298785766
106.68231000001072,0.047281698857026294
106.69064000001072,0.005494995887247964
106.69897000001072,-0.0376255448050549
106.70730000001072,-0.08371000509803576
106.71563000001072,-0.12714633931928887
106.72396000001072,-0.1697086498065649
106.73229000001072,-0.21115090771052472
106.74062000001072,-0.24802467290864463
106.74895000001072,-0.2825451692566342
106.75728000001072,-0.315055065163014
106.76561000001072,-0.3446772171333995
106.77394000001073,-0.3704812369840444
106.78227000001073,-0.39153162588099516
106.79060000001073,-0.40592558661854344
106.79893000001073,-0.4185096058928419
106.80726000001073,-0.42754496311904416
106.81559000001073,-0.4318221653344199
106.82392000001073,-0.43568099847634484
106.83225000001073,-0.4383799948879063
106.84058000001073,-0.4326848390950013
106.84891000001073,-0.4202221331627172
106.85724000001073,-0.4016840885514914
106.86557000001073,-0.3769788966417101
106.87390000001074,-0.35173976422181435
106.88223000001074,-0.32244545805246455
106.89056000001074,-0.28819395426302036
106.89889000001074,-0.2533890967664604
106.90722000001074,-0.2156161275875767
106.91555000001074,-0.17892815887632119
106.92388000001074,-0.1399366785757606
106.93221000001074,-0.09914684311433107
106.94054000001074,-0.05471207608328997
106.94887000001074,-0.011214265965342128
106.95720000001074,0.030455058228348892
106.96553000001074,0.0661408113799629
106.97386000001075,0.09815986590903894
106.98219000001075,0.1309195473559648
106.99052000001075,0.16032067340432746
106.99885000001075,0.1835168463829065
107.00718000001075,0.20423504049351254
107.01551000001075,0.2197653019178325
107.02384000001075,0.23405452822004116
107.03217000001075,0.24691278123682261
107.04050000001075,0.25340607877302285
107.04883000001075,0.2540528650620967
107.05716000001075,0.2483985383546524
107.06549000001075,0.23916887074196472
107.07382000001076,0.23155085505195402
107.08215000001076,0.22258639328235627
107.09048000001076,0.21303787417992776
107.09881000001076,0.20272899055979704
107.10714000001076,0.19041796707582648
107.11547000001076,0.17668887656307272
107.12380000001076,0.16402250136740737
107.13213000001076,0.15334344509108946
107.14046000001076,0.14104728938039662
107.14879000001076,0.1279494199787108
107.15712000001076,0.11571419202431524
107.16545000001076,0.10651569740692088
107.17378000001077,0.09863814502453991
107.18211000001077,0.09143580588695299
107.19044000001077,0.08682809819151764
107.19877000001077,0.0834012560882868
107.20710000001077,0.08018980732106425
107.21543000001077,0.07616189208909145
107.22376000001077,0.0741496357457325
107.23209000001077,0.07362435026808381
107.24042000001077,0.07474034869189929
107.24875000001077,0.07736519163985642
107.25708000001077,0.08088084482525697
107.26541000001077,0.08315533095329215
107.27374000001078,0.08584533620724996
107.28207000001078,0.08835239513123942
107.29040000001078,0.09172318498668619
107.29873000001078,0.0954279287888379
107.30706000001078,0.09994570007215275
107.31539000001078,0.09948420323034154
107.32372000001078,0.09630215922942793
107.33205000001078,0.08954690000029156
107.34038000001078,0.0792506021328294
107.34871000001078,0.06521602454213583
107.35704000001078,0.046959279641049366
107.36537000001078,0.02790895341640458
107.37370000001079,0.007443256094313151
107.38203000001079,-0.014632148546509936
107.39036000001079,-0.03737424960613132
107.39869000001079,-0.05836562136931686
107.40702000001079,-0.07909293730700472
107.41535000001079,-0.10290198822742601
107.42368000001079,-0.13133210826109437
107.43201000001079,-0.16137604434541922
107.44034000001079,-0.1895392900272887
107.4486700000108,-0.21486849007329129
107.4570000000108,-0.235797347132258
107.4653300000108,-0.2517989341356193
107.4736600000108,-0.265150443760846
107.4819900000108,-0.2745159438715646
107.4903200000108,-0.2804856785042229
107.4986500000108,-0.2802648439052742
107.5069800000108,-0.2748098781443049
107.5153100000108,-0.2658857225862208
107.5236400000108,-0.2542227080343463
107.5319700000108,-0.23752605259781032
107.5403000000108,-0.21700254230521018
107.5486300000108,-0.1913495216164475
107.5569600000108,-0.16239214805046476
107.5652900000108,-0.12928001217544832
107.5736200000108,-0.09243285039708156
107.5819500000108,-0.05402867616531964
107.59028000001081,-0.01794143581821394
107.59861000001081,0.021830721021179382
107.60694000001081,0.06258167762974877
107.61527000001081,0.0998147106790935
107.62360000001081,0.13456685093791101
107.63193000001081,0.16444098457818057
107.64026000001081,0.18973612383422217
107.64859000001081,0.21160041630047405
107.65692000001081,0.22941426562691813
107.66525000001081,0.2448970189320466
107.67358000001082,0.256622334727594
107.68191000001082,0.2639990854383459
107.69024000001082,0.2686581806032961
107.69857000001082,0.27161206803970045
107.70690000001082,0.26540738227728544
107.71523000001082,0.25238579021450797
107.72356000001082,0.23531919687918185
107.73189000001082,0.2120681287821123
107.74022000001082,0.1840229216397522
107.74855000001082,0.15176222439635786
107.75688000001082,0.11677902008878822
107.76521000001082,0.08338695623573927
107.77354000001083,0.04995269784001093
107.78187000001083,0.018543093109949796
107.79020000001083,-0.009429815460004978
107.79853000001083,-0.038335198845857045
107.80686000001083,-0.06747564057515155
107.81519000001083,-0.09098201967759872
107.82352000001083,-0.11117628270793949
107.83185000001083,-0.1342012163913107
107.84018000001083,-0.1563020969826835
107.84851000001083,-0.17475871868909182
107.85684000001083,-0.19159423667777284
107.86517000001083,-0.20471703719726622
107.87350000001084,-0.2191148223128301
107.88183000001084,-0.22919232482123472
107.89016000001084,-0.2369920605391735
107.89849000001084,-0.2417760398989226
107.90682000001084,-0.2425419407386151
107.91515000001084,-0.2394515683391742
107.92348000001084,-0.23487771544111977
107.93181000001084,-0.22961081102467737
107.94014000001084,-0.21978002868557095
107.94847000001084,-0.2081255181252955
107.95680000001084,-0.19296896459854
107.96513000001084,-0.17506240919725674
107.97346000001085,-0.15484323399475253
107.98179000001085,-0.12992734001255551
107.99012000001085,-0.1051370893453694
107.99845000001085,-0.07747896405370794
108.00678000001085,-0.04721710827780827
108.01511000001085,-0.01703937168305589
108.02344000001085,0.011254692306943828
108.03177000001085,0.0413157936685077
108.04010000001085,0.07159298346573591
108.04843000001085,0.1009902486602906
108.05676000001085,0.13705821592618236
108.06509000001085,0.17483065388581848
108.07342000001086,0.2127473178363861
108.08175000001086,0.24766545431274098
108.09008000001086,0.27894660318272424
108.09841000001086,0.3090824476140563
108.10674000001086,0.33603615296949746
108.11507000001086,0.35598196315677955
108.12340000001086,0.36753112047042497
108.13173000001086,0.3751926898722614
108.14006000001086,0.3777236334488393
108.14839000001086,0.3784220438964127
108.15672000001086,0.3793100589557635
108.16505000001087,0.38025366631327073
108.17338000001087,0.37658468047667654
108.18171000001087,0.36910073073319644
108.19004000001087,0.35668494804304424
108.19837000001087,0.33678275066280194
108.20670000001087,0.3125037528500559
108.21503000001087,0.2813346428954746
108.22336000001087,0.24426448436452586
108.23169000001087,0.19982834626875107
108.24002000001087,0.15133580978913136
108.24835000001087,0.10314005272064304
108.25668000001087,0.05303863014446252
108.26501000001088,0.004345323803134928
108.27334000001088,-0.042794721051771525
108.28167000001088,-0.08920747232342369
108.29000000001088,-0.1360243993507713
108.29833000001088,-0.1826676163480682
108.30666000001088,-0.22653386867464087
108.31499000001088,-0.2690688193871585
108.32332000001088,-0.3082114412630593
108.33165000001088,-0.34742314342126934
108.33998000001088,-0.380325474168362
108.34831000001088,-0.40482854398392043
108.35664000001088,-0.4237645984853321
108.36497000001089,-0.4357444000186759
108.37330000001089,-0.44077977963798115
108.38163000001089,-0.44314596373518456
108.38996000001089,-0.4408377976712704
108.39829000001089,-0.4359662362298178
108.40662000001089,-0.4265055249069669
108.41495000001089,-0.4136524180315631
108.42328000001089,-0.39205856072335493
108.43161000001089,-0.36590591768486713
108.43994000001089,-0.3334843078211615
108.4482700000109,-0.2951115296809594
108.4566000000109,-0.2555175576331243
108.4649300000109,-0.21566770964697712
108.4732600000109,-0.1753301074525293
108.4815900000109,-0.13536849024852107
108.4899200000109,-0.09999148486078314
108.4982500000109,-0.06809621412044162
108.5065800000109,-0.035465486605454656
108.5149100000109,-0.003641642554429944
108.5232400000109,0.031097452662787017
108.5315700000109,0.06306999751834086
108.5399000000109,0.09225844290573039
108.5482300000109,0.11834896606711609
108.5565600000109,0.13865869212862114
108.5648900000109,0.15579763618815107
108.5732200000109,0.16928352280136885
108.5815500000109,0.17777313387752122
108.58988000001091,0.17961365991623385
108.59821000001091,0.17893011642624593
108.60654000001091,0.17698786628312416
108.61487000001091,0.17439676890327113
108.62320000001091,0.1714427113616094
108.63153000001091,0.16855859527098277
108.63986000001091,0.16520103443476936
108.64819000001091,0.16044547174523713
108.65652000001091,0.1544709532284464
108.66485000001092,0.1483375934254966
108.67318000001092,0.14241869417610103
108.68151000001092,0.13587841894876856
108.68984000001092,0.13133268797594486
108.69817000001092,0.12993948238984687
108.70650000001092,0.13128474324114456
108.71483000001092,0.13550999464678198
108.72316000001092,0.14086960127953718
108.73149000001092,0.14750397529553652
108.73982000001092,0.15520959388992983
108.74815000001092,0.16274414031269335
108.75648000001092,0.17052325767480186
108.76481000001093,0.17585323958046817
108.77314000001093,0.1814309611321698
108.78147000001093,0.18625583054686934
108.78980000001093,0.19373712693581255
108.79813000001093,0.2005277612642886
108.80646000001093,0.20430450709037526
108.81479000001093,0.20503691029795196
108.82312000001093,0.20072573440342217
108.83145000001093,0.19435059084933937
108.83978000001093,0.18444819564251272
108.84811000001093,0.17376891815532058
108.85644000001093,0.16004075028051662
108.86477000001094,0.14069672306071235
108.87310000001094,0.11915695122939998
108.88143000001094,0.09700266354210864
108.88976000001094,0.07300928931800005
108.89809000001094,0.04360003456659917
108.90642000001094,0.011917179580422077
108.91475000001094,-0.02010448217175254
108.92308000001094,-0.05861897131542592
108.93141000001094,-0.09819296552865447
108.93974000001094,-0.13806869288469373
108.94807000001094,-0.17320868972775114
108.95640000001094,-0.2115368595917012
108.96473000001095,-0.25192368055706776
108.97306000001095,-0.2907237412517397
108.98139000001095,-0.325734175323853
108.98972000001095,-0.3581130092052215
108.99805000001095,-0.38639206178383584
109.00638000001095,-0.40825134699992865
109.01471000001095,-0.42450073840694513
109.02304000001095,-0.4397540433562196
109.03137000001095,-0.4467764108564986
109.03970000001095,-0.4473464971299991
109.04803000001095,-0.4417913397253361
109.05636000001095,-0.43583624670530513
109.06469000001096,-0.4294303592920527
109.07302000001096,-0.41849097169896593
109.08135000001096,-0.4018470701233375
109.08968000001096,-0.3811926818629903
109.09801000001096,-0.35676659809503747
109.10634000001096,-0.3314679176610763
109.11467000001096,-0.3017690106410177
109.12300000001096,-0.2692881867737375
109.13133000001096,-0.23519884648811223
109.13966000001096,-0.20038209077191577
109.14799000001096,-0.16177274647864412
109.15632000001096,-0.12299756058997117
109.16465000001097,-0.08637592512802778
109.17298000001097,-0.051231339594072854
109.18131000001097,-0.015537695827693336
109.18964000001097,0.01700769574245059
109.19797000001097,0.04931339481932323
109.20630000001097,0.08111746543205452
109.21463000001097,0.1153892179459981
109.22296000001097,0.14974172843901806
109.23129000001097,0.18126245292902599
109.23962000001097,0.2132133761323223
109.24795000001097,0.24887907475741314
109.25628000001097,0.2816066866099871
109.26461000001098,0.30916182824568034
109.27294000001098,0.33049030688481246
109.28127000001098,0.3490981615706586
109.28960000001098,0.3632035210377198
109.29793000001098,0.3759161935644833
109.30626000001098,0.3858473276572037
109.31459000001098,0.39229014367274906
109.32292000001098,0.39539329638115395
109.33125000001098,0.39469590238527746
109.33958000001098,0.3931026144300254
109.34791000001098,0.38887093032628584
109.35624000001098,0.37840360363190984
109.36457000001099,0.3613337816445871
109.37290000001099,0.33937113597152085
109.38123000001099,0.31438053142381855
109.38956000001099,0.2835466471909668
109.39789000001099,0.2465117946118734
109.40622000001099,0.20580909985374565
109.41455000001099,0.16112767538113668
109.42288000001099,0.11421675195377978
109.43121000001099,0.06946547311493532
109.439540000011,0.026616185823913237
109.447870000011,-0.017278444869853353
109.456200000011,-0.061442706575558115
109.464530000011,-0.10424298893404856
109.472860000011,-0.14487174510166892
109.481190000011,-0.18233043849530256
109.489520000011,-0.21968229401108572
109.497850000011,-0.2557468578673093
109.506180000011,-0.2879853302145258
109.514510000011,-0.3171059477516671
109.522840000011,-0.3414868732847844
109.531170000011,-0.3573961305460228
109.539500000011,-0.3664660957839112
109.547830000011,-0.36959310026372366
109.556160000011,-0.36759505508164503
109.564490000011,-0.35795335383337096
109.572820000011,-0.345245433051374
109.58115000001101,-0.3272046047604198
109.58948000001101,-0.30438046617521874
109.59781000001101,-0.27800683084298716
109.60614000001101,-0.2488179939104048
109.61447000001101,-0.21406560315830686
109.62280000001101,-0.17588394043910785
109.63113000001101,-0.13780955403579478
109.63946000001101,-0.09726039113363638
109.64779000001101,-0.056055551832832846
109.65612000001101,-0.015435843875105985
109.66445000001102,0.02349412302877622
109.67278000001102,0.06121767297474511
109.68111000001102,0.09954744957909738
109.68944000001102,0.1342127684242027
109.69777000001102,0.1659818204542357
109.70610000001102,0.19361464037209813
109.71443000001102,0.21764402318224493
109.72276000001102,0.23486846078649704
109.73109000001102,0.2439351384345505
109.73942000001102,0.25022834245596803
109.74775000001102,0.25083360373646524
109.75608000001102,0.2479973771548209
109.76441000001103,0.23843034431186003
109.77274000001103,0.2249152279120847
109.78107000001103,0.20749990057277867
109.78940000001103,0.18514138996673754
109.79773000001103,0.16224536569172623
109.80606000001103,0.13516158155729038
109.81439000001103,0.10858407053251211
109.82272000001103,0.0800643632614122
109.83105000001103,0.04932210517800962
109.83938000001103,0.016609776816028803
109.84771000001103,-0.019654437690812362
109.85604000001103,-0.05181892348017824
109.86437000001104,-0.08131405209215554
109.87270000001104,-0.1070991196417865
109.88103000001104,-0.1266718883004615
109.88936000001104,-0.14047433195715633
109.89769000001104,-0.14726025572707566
109.90602000001104,-0.14949104644625594
109.91435000001104,-0.1456635464721704
109.92268000001104,-0.14073378306004025
109.93101000001104,-0.13700579461484022
109.93934000001104,-0.13619380931859437
109.94767000001104,-0.13590921367929276
109.95600000001104,-0.1309813716570643
109.96433000001105,-0.12225379729556689
109.97266000001105,-0.11106539829031385
109.98099000001105,-0.09721199014235718
109.98932000001105,-0.08114806450239301
109.99765000001105,-0.06344404084841214
110.00598000001105,-0.04552190384489091
110.01431000001105,-0.029586862238848398
110.02264000001105,-0.013709424465343253
110.03097000001105,0.0005668513422854154
110.03930000001105,0.011753786480211787
110.04763000001105,0.020758629131034562
110.05596000001105,0.02723340011007486
110.06429000001106,0.03280892543263118
110.07262000001106,0.038405557550371665
110.08095000001106,0.04352094143400677
110.08928000001106,0.0471345272730572
110.09761000001106,0.04904946164294059
110.10594000001106,0.04955079488695148
110.11427000001106,0.04744519666843552
110.12260000001106,0.04632741496668948
110.13093000001106,0.045840121463588616
110.13926000001106,0.043231232445433955
110.14759000001106,0.03964747504840516
110.15592000001106,0.036326250950823064
110.16425000001107,0.033911126725081626
110.17258000001107,0.03357306326390378
110.18091000001107,0.03422145984503586
110.18924000001107,0.03516066344275783
110.19757000001107,0.03735759118027098
110.20590000001107,0.04009105555302051
110.21423000001107,0.04192632940856152
110.22256000001107,0.043292980885251776
110.23089000001107,0.04608743131813838
110.23922000001107,0.05040039379487262
110.24755000001107,0.056064515581762495
110.25588000001108,0.06361285239963407
110.26421000001108,0.07263630269187997
110.27254000001108,0.08330582823636822
110.28087000001108,0.09498268653588052
110.28920000001108,0.10624798502125189
110.29753000001108,0.11644548309479573
110.30586000001108,0.12400432739453594
110.31419000001108,0.12794658495131425
110.32252000001108,0.13067633540366624
110.33085000001108,0.1348117258057045
110.33918000001108,0.13805036055196632
110.34751000001108,0.139121151732908
110.35584000001109,0.13981038288467829
110.36417000001109,0.14053928962550438
110.37250000001109,0.14038538093829536
110.38083000001109,0.14014882055705302
110.38916000001109,0.13649223800397575
110.39749000001109,0.12903707566225125
110.40582000001109,0.11852554728301777
110.41415000001109,0.10422636583834646
110.42248000001109,0.09131941844735543
110.43081000001109,0.07808049535191319
110.4391400000111,0.0630730509784095
110.4474700000111,0.04738577516237386
110.4558000000111,0.03314934972555392
110.4641300000111,0.022602436702882082
110.4724600000111,0.012075875665740969
110.4807900000111,0.000545913957684478
110.4891200000111,-0.015443683604270246
110.4974500000111,-0.03527903600901032
110.5057800000111,-0.05760263424403897
110.5141100000111,-0.07934855998177898
110.5224400000111,-0.09993839774250779
110.5307700000111,-0.12389586895001138
110.5391000000111,-0.1484425036487268
110.5474300000111,-0.1714856169801263
110.5557600000111,-0.19177753305523212
110.5640900000111,-0.20794871645364135
110.5724200000111,-0.22189339879313322
110.58075000001111,-0.2346515608457561
110.58908000001111,-0.24695957263399018
110.59741000001111,-0.258009315428407
110.60574000001111,-0.26773105839588923
110.61407000001111,-0.2754734453396857
110.62240000001111,-0.2840855924392599
110.63073000001111,-0.2958292849465476
110.63906000001111,-0.30745358840776443
110.64739000001111,-0.31634963250868314
110.65572000001112,-0.3207967233758072
110.66405000001112,-0.32010137355917034
110.67238000001112,-0.313691786981949
110.68071000001112,-0.304520810325039
110.68904000001112,-0.2916997581291816
110.69737000001112,-0.2720871276187193
110.70570000001112,-0.24618893700919456
110.71403000001112,-0.21509784789425765
110.72236000001112,-0.1812194932988794
110.73069000001112,-0.1463414952594066
110.73902000001112,-0.10908359280726022
110.74735000001112,-0.06907859111078354
110.75568000001113,-0.025096688668489856
110.76401000001113,0.020310144280268394
110.77234000001113,0.06548010384245932
110.78067000001113,0.10813030124239345
110.78900000001113,0.15089591902688096
110.79733000001113,0.19502469919067103
110.80566000001113,0.24085810871158161
110.81399000001113,0.2887310846157534
110.82232000001113,0.3328191766961968
110.83065000001113,0.3706934667950315
110.83898000001113,0.40435863409458483
110.84731000001113,0.43493397164809466
110.85564000001114,0.46378383836954473
110.86397000001114,0.48779084272745105
110.87230000001114,0.5057175518446996
110.88063000001114,0.5180096266648508
110.88896000001114,0.5282174734777046
110.89729000001114,0.5344593560959285
110.90562000001114,0.53498928479944
110.91395000001114,0.5328585417141235
110.92228000001114,0.5190588942286266
110.93061000001114,0.4943118386846721
110.93894000001114,0.462840225920819
110.94727000001114,0.4264972721909876
110.95560000001115,0.38351827184600074
110.96393000001115,0.3345043040376947
110.97226000001115,0.28078299170887444
110.98059000001115,0.22374483475920448
110.98892000001115,0.16526552451451823
110.99725000001115,0.1047565090571503
111.00558000001115,0.04141044203824919
111.01391000001115,-0.018335076010752044
111.02224000001115,-0.07873676865412264
111.03057000001115,-0.1366427350996736
111.03890000001115,-0.1909886073383075
111.04723000001115,-0.23978739763378087
111.05556000001116,-0.282935580687751
111.06389000001116,-0.3187729859435248
111.07222000001116,-0.3492559887205891
111.08055000001116,-0.37506776942858056
111.08888000001116,-0.39546314248721487
111.09721000001116,-0.4097525768833983
111.10554000001116,-0.4203067220435827
111.11387000001116,-0.42390765673934927
111.12220000001116,-0.4222411427902443
111.13053000001116,-0.4154758578323647
111.13886000001116,-0.40408542337063336
111.14719000001116,-0.38919793983966544
111.15552000001117,-0.3710235420804829
111.16385000001117,-0.351222166262102
111.17218000001117,-0.32869907095027573
111.18051000001117,-0.30348130581417837
111.18884000001117,-0.27486656250548985
111.19717000001117,-0.24364865198149407
111.20550000001117,-0.21144057418139944
111.21383000001117,-0.1797579215142569
111.22216000001117,-0.14847887880447894
111.23049000001117,-0.11639554370623915
111.23882000001117,-0.08542306524576442
111.24715000001117,-0.05842723609167696
111.25548000001118,-0.037542735942792456
111.26381000001118,-0.020734707824838484
111.27214000001118,-0.0026488038594658647
111.28047000001118,0.01610245458835821
111.28880000001118,0.03525539886524804
111.29713000001118,0.05363437094351877
111.30546000001118,0.06859162030310414
111.31379000001118,0.08008835066715231
111.32212000001118,0.0910794486550295
111.33045000001118,0.10133424029292866
111.33878000001118,0.10789634350021512
111.34711000001118,0.1121977916944637
111.35544000001119,0.11497070860030412
111.36377000001119,0.11932259873302921
111.37210000001119,0.1269120796472616
111.38043000001119,0.13462453692937326
111.38876000001119,0.14040476585158693
111.39709000001119,0.14450045308391313
111.40542000001119,0.14685212162336397
111.41375000001119,0.14888041506776506
111.42208000001119,0.14915705292400488
111.4304100000112,0.14752559162876508
111.4387400000112,0.14420860309651476
111.4470700000112,0.14205705615085168
111.4554000000112,0.14049955092547792
111.4637300000112,0.14171062845965882
111.4720600000112,0.1459065464931033
111.4803900000112,0.147875906715089
111.4887200000112,0.14861958626273145
111.4970500000112,0.14935822993292514
111.5053800000112,0.149884502918625
111.5137100000112,0.15065994578778838
111.5220400000112,0.14945367106752402
111.5303700000112,0.14518946318550452
111.5387000000112,0.13631932814235542
111.5470300000112,0.12404710233014599
111.5553600000112,0.11196839885890757
111.5636900000112,0.10292092710750207
111.57202000001121,0.09313939869966657
111.58035000001121,0.08037073603325245
111.58868000001121,0.06832563553771721
111.59701000001121,0.057459554129518364
111.60534000001121,0.04753304248302159
111.61367000001121,0.03943085936533372
111.62200000001121,0.03090149233579933
111.63033000001121,0.02156585337444601
111.63866000001121,0.009271182013578922
111.64699000001121,-0.004299460827101304
111.65532000001122,-0.014120919714485074
111.66365000001122,-0.022705089148960744
111.67198000001122,-0.0332543343170137
111.68031000001122,-0.04460710593934672
111.68864000001122,-0.05559689549709392
111.69697000001122,-0.06660144633785185
111.70530000001122,-0.07686766274887062
111.71363000001122,-0.08541169776913886
111.72196000001122,-0.09204595241307457
111.73029000001122,-0.10045882029128592
111.73862000001122,-0.11184901040063386
111.74695000001122,-0.1226342619254613
111.75528000001123,-0.1311029419702254
111.76361000001123,-0.1394035660659454
111.77194000001123,-0.14665714478071146
111.78027000001123,-0.15165017492892
111.78860000001123,-0.15596762870099398
111.79693000001123,-0.15961090664088345
111.80526000001123,-0.16092808889177437
111.81359000001123,-0.1606928243240542
111.82192000001123,-0.15958241475904403
111.83025000001123,-0.1582196472151529
111.83858000001123,-0.15556658956569355
111.84691000001123,-0.15084464320170443
111.85524000001124,-0.14497321156784992
111.86357000001124,-0.13808742728413684
111.87190000001124,-0.128938162484767
111.88023000001124,-0.11880658917944707
111.88856000001124,-0.11168044483389704
111.89689000001124,-0.10726258050454424
111.90522000001124,-0.10162032633637055
111.91355000001124,-0.09305257289323478
111.92188000001124,-0.08020986390288337
111.93021000001124,-0.06235895062783745
111.93854000001124,-0.04159955263071817
111.94687000001124,-0.0193114942426883
111.95520000001125,0.0020597188888472518
111.96353000001125,0.024097525902209024
111.97186000001125,0.04824152768018614
111.98019000001125,0.0722233783695476
111.98852000001125,0.09335188538122707
111.99685000001125,0.1123480387977919
112.00518000001125,0.13091755469043967
112.01351000001125,0.14840025754420913
112.02184000001125,0.16557493999564513
112.03017000001125,0.18168684837136706
112.03850000001125,0.19518186400846105
112.04683000001125,0.20430977868567385
112.05516000001126,0.20811513010146063
112.06349000001126,0.21108880511867922
112.07182000001126,0.21135819146005644
112.08015000001126,0.20790236847108745
112.08848000001126,0.1997773470175104
112.09681000001126,0.1846859378411753
112.10514000001126,0.16327003538009136
112.11347000001126,0.13875225009262754
112.12180000001126,0.11177277955468586
112.13013000001126,0.08315684204869644
112.13846000001126,0.05351227852261162
112.14679000001126,0.022277031199211084
112.15512000001127,-0.011053754169932666
112.16345000001127,-0.04445250126757536
112.17178000001127,-0.08079870380025558
112.18011000001127,-0.11853150256012225
112.18844000001127,-0.15625100812337706
112.19677000001127,-0.19290168451667916
112.20510000001127,-0.22469417437770334
112.21343000001127,-0.24955965478983708
112.22176000001127,-0.26971118447575443
112.23009000001127,-0.28393415352630585
112.23842000001127,-0.2926609497973114
112.24675000001128,-0.29634716916705
112.25508000001128,-0.2954204541284382
112.26341000001128,-0.2912189586397405
112.27174000001128,-0.2842010356717125
112.28007000001128,-0.2733502486290096
112.28840000001128,-0.256263384838705
112.29673000001128,-0.23072758157741
112.30506000001128,-0.19663291394400098
112.31339000001128,-0.15610360069523804
112.32172000001128,-0.11320857521635841
112.33005000001128,-0.06763550746393315
112.33838000001128,-0.022652105566512034
112.34671000001129,0.023499366038896543
112.35504000001129,0.07064293828663161
112.36337000001129,0.11474325634138881
112.37170000001129,0.15530833342866981
112.38003000001129,0.19098290882118876
112.38836000001129,0.2252889299031891
112.39669000001129,0.26080952192412254
112.40502000001129,0.29310623511530004
112.41335000001129,0.32142720684495335
112.42168000001129,0.3446105457374597
112.4300100000113,0.36258864810409625
112.4383400000113,0.3710627493669584
112.4466700000113,0.372699758540502
112.4550000000113,0.37060080162003
112.4633300000113,0.3635237057486862
112.4716600000113,0.3519700544165427
112.4799900000113,0.33456706483577353
112.4883200000113,0.3140985887431761
112.4966500000113,0.29190408072448015
112.5049800000113,0.266775016370482
112.5133100000113,0.24109169256929427
112.5216400000113,0.21266445937994982
112.5299700000113,0.17974335676685965
112.5383000000113,0.14154440938427632
112.5466300000113,0.1010787053303972
112.5549600000113,0.06494263801197793
112.5632900000113,0.03199342789337389
112.57162000001131,-0.0013435662707148707
112.57995000001131,-0.03668718252651398
112.58828000001131,-0.07095213980523092
112.59661000001131,-0.1002011930920582
112.60494000001131,-0.12520663717428637
112.61327000001131,-0.14895301575893838
112.62160000001131,-0.17263643474599116
112.62993000001131,-0.19528899785172968
112.63826000001131,-0.2154282486583235
112.64659000001132,-0.23125187627480645
112.65492000001132,-0.2420226357461494
112.66325000001132,-0.2528323064321173
112.67158000001132,-0.26617315130272606
112.67991000001132,-0.27778545788254155
112.68824000001132,-0.2850996974778136
112.69657000001132,-0.2878205237682874
112.70490000001132,-0.28824741930784725
112.71323000001132,-0.2874412744539205
112.72156000001132,-0.28494800576419504
112.72989000001132,-0.2797462799467072
112.73822000001132,-0.2707234939768797
112.74655000001133,-0.2584067640728199
112.75488000001133,-0.24607711929136858
112.76321000001133,-0.23621628928493693
112.77154000001133,-0.22585387439039645
112.77987000001133,-0.2117908218260075
112.78820000001133,-0.19568833033833738
112.79653000001133,-0.17808448898474533
112.80486000001133,-0.15870092010226933
112.81319000001133,-0.13730495575697935
112.82152000001133,-0.11491203433722043
112.82985000001133,-0.09091289769112428
112.83818000001133,-0.06667962185296962
112.84651000001134,-0.042303938384534945
112.85484000001134,-0.017003135079336436
112.86317000001134,0.007783440907528784
112.87150000001134,0.03309394538171638
112.87983000001134,0.059222643584334864
112.88816000001134,0.08490213912007352
112.89649000001134,0.109232535798583
112.90482000001134,0.1302771756434946
112.91315000001134,0.14801286862837837
112.92148000001134,0.1610256703299007
112.92981000001134,0.1704066568087485
112.93814000001134,0.17801360311773629
112.94647000001135,0.1866163326606734
112.95480000001135,0.19802803343116873
112.96313000001135,0.20977884374134853
112.97146000001135,0.22162992647049526
112.97979000001135,0.23265259681956024
112.98812000001135,0.24010246434518484
112.99645000001135,0.24345306188428148
113.00478000001135,0.2433075082841466
113.01311000001135,0.24038349763388173
113.02144000001135,0.23449107401822764
113.02977000001135,0.22735806108655693
113.03810000001135,0.2190091361894076
113.04643000001136,0.21006534000001342
113.05476000001136,0.20250098196545518
113.06309000001136,0.19587672700622083
113.07142000001136,0.1894604715974762
113.07975000001136,0.1810712241703242
113.08808000001136,0.170253926962865
113.09641000001136,0.15931514559737955
113.10474000001136,0.14982949515806043
113.11307000001136,0.1406339022145702
113.12140000001136,0.13012649198755893
113.12973000001136,0.11740255525805124
113.13806000001136,0.10181824672064806
113.14639000001137,0.08585139691612485
113.15472000001137,0.07204416331344189
113.16305000001137,0.060736774021825646
113.17138000001137,0.051263024579951307
113.17971000001137,0.042933706814553496
113.18804000001137,0.035207197122496495
113.19637000001137,0.028184788648759007
113.20470000001137,0.02271686106590514
113.21303000001137,0.017404686089200518
113.22136000001137,0.012088440247090272
113.22969000001137,0.005215175463572174
113.23802000001137,-0.004736950742516987
113.24635000001138,-0.01573008561490997
113.25468000001138,-0.027639480519978672
113.26301000001138,-0.04200559118260039
113.27134000001138,-0.06059918183302764
113.27967000001138,-0.08352734665556892
113.28800000001138,-0.10915895570821857
113.29633000001138,-0.13447563650323174
113.30466000001138,-0.159720321678121
113.31299000001138,-0.18597374773347147
113.32132000001138,-0.21248007211648257
113.32965000001138,-0.23898505065853057
113.33798000001138,-0.2643361865962263
113.34631000001139,-0.28644487128445273
113.35464000001139,-0.3053311772031903
113.36297000001139,-0.3212920888565852
113.37130000001139,-0.33545454251002943
113.37963000001139,-0.34920210261684304
113.38796000001139,-0.35873917558332086
113.39629000001139,-0.3595858556740389
113.40462000001139,-0.3551315934257529
113.41295000001139,-0.3478425885711081
113.4212800000114,-0.3363781125624524
113.4296100000114,-0.3216443109388944
113.4379400000114,-0.30457718568184056
113.4462700000114,-0.28198769705517773
113.4546000000114,-0.25079700064790655
113.4629300000114,-0.21579329022220312
113.4712600000114,-0.1788970676769297
113.4795900000114,-0.13772521779433
113.4879200000114,-0.092330441979233
113.4962500000114,-0.04240641485738672
113.5045800000114,0.009003640144463497
113.5129100000114,0.06091510465650646
113.5212400000114,0.11335977608019965
113.5295700000114,0.16128572418277373
113.5379000000114,0.2081391867318185
113.5462300000114,0.2558229136183576
113.5545600000114,0.29943362073546564
113.56289000001141,0.3353483216684324
113.57122000001141,0.3659836513460038
113.57955000001141,0.3919097767217418
113.58788000001141,0.40934625646792516
113.59621000001141,0.4194368641576067
113.60454000001141,0.4238046393316479
113.61287000001141,0.4255908617854436
113.62120000001141,0.4254681818719007
113.62953000001141,0.4217939247003557
113.63786000001141,0.4186887137092199
113.64619000001142,0.41302419911094235
113.65452000001142,0.4000998380648909
113.66285000001142,0.380946928386421
113.67118000001142,0.35757200495777164
113.67951000001142,0.3276102581136655
113.68784000001142,0.2920319448360451
113.69617000001142,0.25351426720894443
113.70450000001142,0.2120235085567767
113.71283000001142,0.17135096380178955
113.72116000001142,0.13136770190250352
113.72949000001142,0.09114075298086696
113.73782000001142,0.05417455012323115
113.74615000001143,0.01981946015628259
113.75448000001143,-0.013464293524791955
113.76281000001143,-0.046084810330056236
113.77114000001143,-0.07786180994764166
113.77947000001143,-0.11054593176635516
113.78780000001143,-0.14288709531272273
113.79613000001143,-0.1722884014620566
113.80446000001143,-0.19790611572139438
113.81279000001143,-0.21843613668787745
113.82112000001143,-0.23556817367050456
113.82945000001143,-0.2490949555763382
113.83778000001143,-0.25799763199342446
113.84611000001144,-0.26061472843553407
113.85444000001144,-0.25748757811323614
113.86277000001144,-0.25391285407767117
113.87110000001144,-0.2491961947669328
113.87943000001144,-0.2407355619862545
113.88776000001144,-0.2304877742054834
113.89609000001144,-0.21740301951318222
113.90442000001144,-0.20156868233340935
113.91275000001144,-0.1836906680629646
113.92108000001144,-0.16371310387144847
113.92941000001144,-0.14243308177157518
113.93774000001144,-0.1212161167414403
113.94607000001145,-0.09740795634959082
113.95440000001145,-0.0726990318908426
113.96273000001145,-0.05001055805197052
113.97106000001145,-0.026431615586728727
113.97939000001145,-0.003991695729902221
113.98772000001145,0.014852125708553906
113.99605000001145,0.03135879052221753
114.00438000001145,0.045265158202383
114.01271000001145,0.058063273336791774
114.02104000001145,0.06936976673913589
114.02937000001145,0.07878130258099415
114.03770000001145,0.08690858799613572
114.04603000001146,0.09471715302378186
114.05436000001146,0.10268417214588517
114.06269000001146,0.11009553312037886
114.07102000001146,0.11572121658016624
114.07935000001146,0.1180468266360482
114.08768000001146,0.1183039616253297
114.09601000001146,0.11729682425428183
114.10434000001146,0.11538304736571546
114.11267000001146,0.1137144260244765
114.12100000001146,0.11166235125991034
114.12933000001146,0.10943789929803265
114.13766000001146,0.10603638999884352
114.14599000001147,0.09976948842211592
114.15432000001147,0.09164331342200387
114.16265000001147,0.08251144596286897
114.17098000001147,0.07146241731620391
114.17931000001147,0.058753801681118635
114.18764000001147,0.04624245370660712
114.19597000001147,0.03341962036189947
114.20430000001147,0.019243544239474213
114.21263000001147,0.004332878892182437
114.22096000001147,-0.01101212059278076
114.22929000001147,-0.026930644681054584
114.23762000001147,-0.042800424827932705
114.24595000001148,-0.0583110923174181
114.25428000001148,-0.07360271864179035
114.26261000001148,-0.08715586311452184
114.27094000001148,-0.09842827444840407
114.27927000001148,-0.10678869507104119
114.28760000001148,-0.11014587982507162
114.29593000001148,-0.11094860763864287
114.30426000001148,-0.11153460640092339
114.31259000001148,-0.110610673751732
114.32092000001148,-0.10747736910652811
114.32925000001148,-0.10403562531106755
114.33758000001149,-0.09875949304948659
114.34591000001149,-0.09104158984206605
114.35424000001149,-0.08267736120286333
114.36257000001149,-0.07156135863587539
114.37090000001149,-0.05813541922786698
114.37923000001149,-0.043250702391496164
114.38756000001149,-0.026704672122439734
114.39589000001149,-0.008711348909920714
114.40422000001149,0.011252904389931684
114.41255000001149,0.03284362382506864
114.4208800000115,0.05471353921683629
114.4292100000115,0.07406855505527568
114.4375400000115,0.0913645273053503
114.4458700000115,0.10626829740526772
114.4542000000115,0.11727356306942245
114.4625300000115,0.12505624215328923
114.4708600000115,0.1284089797284695
114.4791900000115,0.12753316043558866
114.4875200000115,0.1238249091480819
114.4958500000115,0.1201387289893842
114.5041800000115,0.1168705501585248
114.5125100000115,0.11207783295779546
114.5208400000115,0.10675368663654002
114.5291700000115,0.09924995567764575
114.5375000000115,0.08775975996081199
114.5458300000115,0.0734054898737888
114.5541600000115,0.05776896762664023
114.56249000001151,0.042467664849710644
114.57082000001151,0.02823225620570183
114.57915000001151,0.015643632450310595
114.58748000001151,0.0054506172338860326
114.59581000001151,-0.0019457177698610926
114.60414000001151,-0.0077438047560889406
114.61247000001151,-0.012151347757583338
114.62080000001151,-0.01354825970527612
114.62913000001151,-0.01517439337616312
114.63746000001152,-0.015569064161970323
114.64579000001152,-0.009207097182786344
114.65412000001152,0.0021849069274693703
114.66245000001152,0.0169521164046118
114.67078000001152,0.03501872448909594
114.67911000001152,0.05523137080885801
114.68744000001152,0.0743905676898084
114.69577000001152,0.09107061216298871
114.70410000001152,0.10523853881714565
114.71243000001152,0.11593876168338423
114.72076000001152,0.12438486446560157
114.72909000001152,0.1304884673888291
114.73742000001153,0.13716968273449873
114.74575000001153,0.14389489910029352
114.75408000001153,0.14534805495921307
114.76241000001153,0.14403465119593495
114.77074000001153,0.13975939921551747
114.77907000001153,0.13019774853898888
114.78740000001153,0.11682414542272589
114.79573000001153,0.10191523302455238
114.80406000001153,0.08442406362093087
114.81239000001153,0.06235749024266373
114.82072000001153,0.0381714892918438
114.82905000001153,0.013807057215935338
114.83738000001154,-0.011363590160227121
114.84571000001154,-0.039930953189086
114.85404000001154,-0.07198567309897165
114.86237000001154,-0.10444119030372678
114.87070000001154,-0.1376175728350774
114.87903000001154,-0.17077194161912043
114.88736000001154,-0.19918520788420355
114.89569000001154,-0.22277078668822514
114.90402000001154,-0.24465500516445635
114.91235000001154,-0.264726346272667
114.92068000001154,-0.28020276640800257
114.92901000001154,-0.2905927544121191
114.93734000001155,-0.29805449600313505
114.94567000001155,-0.3030876702974985
114.95400000001155,-0.30597316958185644
114.96233000001155,-0.3068096642810848
114.97066000001155,-0.3041751171853087
114.97899000001155,-0.2968154267606869
114.98732000001155,-0.2840970502374289
114.99565000001155,-0.2667410176680832
115.00398000001155,-0.2457905116436047
115.01231000001155,-0.22146156096756336
115.02064000001155,-0.19172626488373878
115.02897000001155,-0.15868653388121565
115.03730000001156,-0.12448858822332133
115.04563000001156,-0.08899073943483965
115.05396000001156,-0.05368148393227837
115.06229000001156,-0.01757297275311885
115.07062000001156,0.017684894123397604
115.07895000001156,0.05281431033206693
115.08728000001156,0.09043220897341217
115.09561000001156,0.12972858783827731
115.10394000001156,0.16833805285278886
115.11227000001156,0.20569584823182208
115.12060000001156,0.24364680525963034
115.12893000001156,0.278741871079496
115.13726000001157,0.30950064532800337
115.14559000001157,0.3360939691264351
115.15392000001157,0.3585417946343131
115.16225000001157,0.377386701705965
115.17058000001157,0.38943839175918243
115.17891000001157,0.3966217463118107
115.18724000001157,0.40290266010126574
115.19557000001157,0.407232319475441
115.20390000001157,0.4058467757563244
115.21223000001157,0.39689601545516046
115.22056000001157,0.38338919483701284
115.22889000001157,0.3661092680016869
115.23722000001158,0.34615958342926056
115.24555000001158,0.32367613618775487
115.25388000001158,0.29899609712106434
115.26221000001158,0.2734603004741356
115.27054000001158,0.2466677504063658
115.27887000001158,0.22095973363481922
115.28720000001158,0.19639175800368183
115.29553000001158,0.16995689448575857
115.30386000001158,0.14125209250730086
115.31219000001158,0.10905281481319294
115.32052000001158,0.07375223578487283
115.32885000001158,0.036841651637371214
115.33718000001159,-0.0002726829238039712
115.34551000001159,-0.03729162643885784
115.35384000001159,-0.07086205298452736
115.36217000001159,-0.10088424244219839
115.37050000001159,-0.130507753828616
115.37883000001159,-0.15772277139998397
115.38716000001159,-0.18403064049967693
115.39549000001159,-0.20982521661240666
115.40382000001159,-0.23420562777937368
115.4121500000116,-0.2599910334493207
115.4204800000116,-0.287014273351986
115.4288100000116,-0.3120633595936726
115.4371400000116,-0.3346309512828995
115.4454700000116,-0.3531499102684751
115.4538000000116,-0.36446710146128436
115.4621300000116,-0.3739436822979042
115.4704600000116,-0.38107903236226814
115.4787900000116,-0.3791244862558841
115.4871200000116,-0.37048145771162283
115.4954500000116,-0.35703825418578705
115.5037800000116,-0.3415770301077665
115.5121100000116,-0.32373302324093123
115.5204400000116,-0.2987067635758917
115.5287700000116,-0.26830636659149787
115.5371000000116,-0.23787713201998864
115.5454300000116,-0.2064074865655889
115.55376000001161,-0.17137014976917758
115.56209000001161,-0.1366618111861175
115.57042000001161,-0.10032927555778746
115.57875000001161,-0.06275189953258666
115.58708000001161,-0.02763766561544305
115.59541000001161,0.0061969392155154564
115.60374000001161,0.03628620241654279
115.61207000001161,0.06491640255108384
115.62040000001161,0.09722830328547524
115.62873000001161,0.12937162257332382
115.63706000001162,0.157479153273491
115.64539000001162,0.1830625491241906
115.65372000001162,0.20747923313589633
115.66205000001162,0.2271845846918364
115.67038000001162,0.24238862805492092
115.67871000001162,0.25198068489177683
115.68704000001162,0.25416922876473946
115.69537000001162,0.25000132073527764
115.70370000001162,0.23845878893714487
115.71203000001162,0.22287213913949336
115.72036000001162,0.20675355376315768
115.72869000001162,0.18949497868674972
115.73702000001163,0.17213218410957062
115.74535000001163,0.15660192674750967
115.75368000001163,0.14323491578933575
115.76201000001163,0.13055943793412475
115.77034000001163,0.12009241623943973
115.77867000001163,0.11042465934943833
115.78700000001163,0.09956109407534089
115.79533000001163,0.08932185682558545
115.80366000001163,0.07947948349180178
115.81199000001163,0.07011200894543769
115.82032000001163,0.0610176492321292
115.82865000001163,0.05298401350123405
115.83698000001164,0.04944856491316777
115.84531000001164,0.05084546450464658
115.85364000001164,0.05549587072145366
115.86197000001164,0.06149683662307141
115.87030000001164,0.07030957891171676
115.87863000001164,0.08137038743738305
115.88696000001164,0.09349109360666966
115.89529000001164,0.10439100057374945
115.90362000001164,0.11266322807297133
115.91195000001164,0.11856796061643698
115.92028000001164,0.12129264140293865
115.92861000001164,0.12256105469076099
115.93694000001165,0.12487169547311025
115.94527000001165,0.12593469625524603
115.95360000001165,0.12281099235093632
115.96193000001165,0.11599048653934813
115.97026000001165,0.10676230741097281
115.97859000001165,0.09476952672203476
115.98692000001165,0.08130643277590124
115.99525000001165,0.06625275754104462
116.00358000001165,0.047593393108368805
116.01191000001165,0.027177843227763458
116.02024000001165,0.004452818257272364
116.02857000001165,-0.020740345101771626
116.03690000001166,-0.045943907632185345
116.04523000001166,-0.07065944343712957
116.05356000001166,-0.09488592365959483
116.06189000001166,-0.11625000110890132
116.07022000001166,-0.13685122498347424
116.07855000001166,-0.15695758823687408
116.08688000001166,-0.17398371121704767
116.09521000001166,-0.18820668965923454
116.10354000001166,-0.2023610833302868
116.11187000001166,-0.21498859246293037
116.12020000001166,-0.22573485986447198
116.12853000001166,-0.235109736847845
116.13686000001167,-0.24160434213742238
116.14519000001167,-0.24405933094291365
116.15352000001167,-0.24064034109781834
116.16185000001167,-0.22938010358744884
116.17018000001167,-0.2135850218164878
116.17851000001167,-0.19297782933060487
116.18684000001167,-0.16824438088568852
116.19517000001167,-0.14322432494337323
116.20350000001167,-0.11815049052524418
116.21183000001167,-0.09224304915875793
116.22016000001167,-0.06629314508583312
116.22849000001167,-0.042940106900600905
116.23682000001168,-0.023900230192671002
116.24515000001168,-0.007779255492038021
116.25348000001168,0.00993184272258197
116.26181000001168,0.03254783643847446
116.27014000001168,0.057616632502152654
116.27847000001168,0.0844915468842442
116.28680000001168,0.10996888928242027
116.29513000001168,0.13119629714066655
116.30346000001168,0.15025605453736418
116.31179000001168,0.16702916398372153
116.32012000001168,0.1801183407846466
116.32845000001169,0.18847193102594273
116.33678000001169,0.19241904815403335
116.34511000001169,0.19359051275133368
116.35344000001169,0.19261305852117794
116.36177000001169,0.18947562934599602
116.37010000001169,0.18440673393759194
116.37843000001169,0.1788468808535161
116.38676000001169,0.17165580150458648
116.39509000001169,0.1601182443059474
116.40342000001169,0.14482668730139922
116.4117500000117,0.1268830370122244
116.4200800000117,0.10804662335556044
116.4284100000117,0.08844512421117692
116.4367400000117,0.06841345897267588
116.4450700000117,0.04775621210905122
116.4534000000117,0.025158965943165804
116.4617300000117,0.0018179279260720335
116.4700600000117,-0.019766702741835184
116.4783900000117,-0.03830211046716204
116.4867200000117,-0.05577414869764647
116.4950500000117,-0.07419495666125007
116.5033800000117,-0.09083203316077865
116.5117100000117,-0.10417241384054807
116.5200400000117,-0.1147703747777397
116.5283700000117,-0.12440786464292707
116.5367000000117,-0.1332095600562768
116.5450300000117,-0.14028507551349634
116.55336000001171,-0.14624776406697207
116.56169000001171,-0.15129234295399158
116.57002000001171,-0.15302121313134714
116.57835000001171,-0.1510286667442256
116.58668000001171,-0.14778188660730834
116.59501000001171,-0.14311936062325623
116.60334000001171,-0.13596759777079323
116.61167000001171,-0.1274328509099882
116.62000000001171,-0.11808086328396479
116.62833000001172,-0.10664416492347788
116.63666000001172,-0.09350050223525895
116.64499000001172,-0.07932012908349031
116.65332000001172,-0.06255296795455899
116.66165000001172,-0.04468815895170847
116.66998000001172,-0.024534239188511844
116.67831000001172,-0.0010061137691336336
116.68664000001172,0.02382046083582818
116.69497000001172,0.04890890447633887
116.70330000001172,0.07281428192594752
116.71163000001172,0.0943831204158507
116.71996000001172,0.11472906244664838
116.72829000001173,0.1364442903301186
116.73662000001173,0.15714174667065747
116.74495000001173,0.177723518362106
116.75328000001173,0.1999510049195387
116.76161000001173,0.21982142642084712
116.76994000001173,0.23800462049598553
116.77827000001173,0.25626164236443416
116.78660000001173,0.2723490063195509
116.79493000001173,0.28467714887520995
116.80326000001173,0.2916318290790593
116.81159000001173,0.29243062289462596
116.81992000001173,0.2866741191268169
116.82825000001174,0.2772850123601905
116.83658000001174,0.26349448892332894
116.84491000001174,0.24398786932761302
116.85324000001174,0.22074210179394269
116.86157000001174,0.19465146740444522
116.86990000001174,0.16596741714399432
116.87823000001174,0.13602101031275077
116.88656000001174,0.10422468949657158
116.89489000001174,0.07232476421717979
116.90322000001174,0.039257966219943354
116.91155000001174,0.002045323743592489
116.91988000001174,-0.037126107394315926
116.92821000001175,-0.0761814603077994
116.93654000001175,-0.11752315206594145
116.94487000001175,-0.16107385981375216
116.95320000001175,-0.20167839985353553
116.96153000001175,-0.237220919200339
116.96986000001175,-0.268170195829857
116.97819000001175,-0.29329068953675885
116.98652000001175,-0.3134822254853237
116.99485000001175,-0.3268998150869693
117.00318000001175,-0.3324744181951107
117.01151000001175,-0.3331238243522478
117.01984000001175,-0.3276847857867905
117.02817000001176,-0.31794483709066684
117.03650000001176,-0.30680055678615653
117.04483000001176,-0.29380032356625635
117.05316000001176,-0.27838542571353686
117.06149000001176,-0.2611579263185711
117.06982000001176,-0.24150523341760669
117.07815000001176,-0.21906257883169555
117.08648000001176,-0.1961776524853626
117.09481000001176,-0.17131323372713564
117.10314000001176,-0.14081905683203552
117.11147000001176,-0.10811717185750502
117.11980000001176,-0.07436359073839084
117.12813000001177,-0.04137718495177394
117.13646000001177,-0.010181776809468825
117.14479000001177,0.018154625124228413
117.15312000001177,0.04171180312238474
117.16145000001177,0.05980805139070824
117.16978000001177,0.07383669440378382
117.17811000001177,0.08416720773876
117.18644000001177,0.09038375955378018
117.19477000001177,0.09483377233912955
117.20310000001177,0.09975787442341455
117.21143000001177,0.10396219529302028
117.21976000001177,0.10701294156759542
117.22809000001178,0.10793758894830094
117.23642000001178,0.10889441013163412
117.24475000001178,0.10988859980576542
117.25308000001178,0.10958209617236017
117.26141000001178,0.10805703867618373
117.26974000001178,0.10614019335444357
117.27807000001178,0.1043082442845752
117.28640000001178,0.10298761404056525
117.29473000001178,0.10242465095560034
117.30306000001178,0.10284067312488958
117.31139000001178,0.10398165042663762
117.31972000001178,0.10438568513214476
117.32805000001179,0.10314241984896062
117.33638000001179,0.10062019485795454
117.34471000001179,0.09687128663667768
117.35304000001179,0.09291648932832068
117.36137000001179,0.08857300294903009
117.36970000001179,0.08506965169597522
117.37803000001179,0.083823135499504
117.38636000001179,0.08449999202558413
117.39469000001179,0.08691666909404452
117.4030200000118,0.0899741052611
117.4113500000118,0.09407377399590618
117.4196800000118,0.10032225091127193
117.4280100000118,0.10831558955176644
117.4363400000118,0.11755984107711448
117.4446700000118,0.12464636182247078
117.4530000000118,0.12934090437996085
117.4613300000118,0.1307214228971825
117.4696600000118,0.12943316153650394
117.4779900000118,0.1253899901217614
117.4863200000118,0.11623833792099719
117.4946500000118,0.10172278537451665
117.5029800000118,0.08435875404303585
117.5113100000118,0.0680979521603537
117.5196400000118,0.05186867237855741
117.5279700000118,0.03337459517433563
117.5363000000118,0.01297330379460038
117.54463000001181,-0.010655456499640666
117.55296000001181,-0.03585349756396571
117.56129000001181,-0.06221712318690094
117.56962000001181,-0.08933446492430126
117.57795000001181,-0.11632810497986062
117.58628000001181,-0.1420021677808034
117.59461000001181,-0.16783607108165696
117.60294000001181,-0.19136536702898785
117.61127000001181,-0.21282747526016585
117.61960000001181,-0.23593729232118593
117.62793000001182,-0.25987242070904926
117.63626000001182,-0.28083056083111413
117.64459000001182,-0.29858029104784223
117.65292000001182,-0.31295427174793206
117.66125000001182,-0.3244009805146317
117.66958000001182,-0.3317027224992134
117.67791000001182,-0.3341471345879116
117.68624000001182,-0.33283756081056554
117.69457000001182,-0.3320525383386562
117.70290000001182,-0.3301286152641301
117.71123000001182,-0.3265574451340294
117.71956000001182,-0.31937120938174196
117.72789000001183,-0.3080464798133921
117.73622000001183,-0.29236783517026954
117.74455000001183,-0.2750488985042635
117.75288000001183,-0.25680014088832626
117.76121000001183,-0.2350390410410461
117.76954000001183,-0.21037996471902062
117.77787000001183,-0.18504281812265186
117.78620000001183,-0.16101220513699718
117.79453000001183,-0.13651998096942375
117.80286000001183,-0.11041446144120046
117.81119000001183,-0.08218254739787514
117.81952000001183,-0.05231733501439957
117.82785000001184,-0.023897069358889706
117.83618000001184,0.005037233315291796
117.84451000001184,0.03401327798483415
117.85284000001184,0.0632909612011521
117.86117000001184,0.09427464372578202
117.86950000001184,0.12261433172278208
117.87783000001184,0.15036639108322064
117.88616000001184,0.1775797715145549
117.89449000001184,0.20515401931275307
117.90282000001184,0.23086505606610466
117.91115000001184,0.253638343613833
117.91948000001184,0.2720437780237703
117.92781000001185,0.28646667324607866
117.93614000001185,0.30028861616224733
117.94447000001185,0.31290691886723343
117.95280000001185,0.3228496034574756
117.96113000001185,0.3288094349144537
117.96946000001185,0.3317503767278175
117.97779000001185,0.33451026325154315
117.98612000001185,0.33407869133737966
117.99445000001185,0.32962570556145454
118.00278000001185,0.3221700226597438
118.01111000001185,0.3096888879408293
118.01944000001185,0.29403828796593395
118.02777000001186,0.27439871034973135
118.03610000001186,0.24894314129037487
118.04443000001186,0.2212636793434762
118.05276000001186,0.18681105973871737
118.06109000001186,0.14450256072264664
118.06942000001186,0.0991938623785552
118.07775000001186,0.054539702744718616
118.08608000001186,0.012545640928397194
118.09441000001186,-0.027234164347153728
118.10274000001186,-0.06336533588873895
118.11107000001186,-0.09984731870862201
118.11940000001186,-0.13352473967239167
118.12773000001187,-0.16710394000624085
118.13606000001187,-0.2011491401016884
118.14439000001187,-0.2319741115613176
118.15272000001187,-0.2629026568951075
118.16105000001187,-0.2911498220327012
118.16938000001187,-0.31285798770149187
118.17771000001187,-0.32810464969048114
118.18604000001187,-0.33710310915433495
118.19437000001187,-0.3385956602308838
118.20270000001187,-0.33299832365670096
118.21103000001187,-0.32328444521176947
118.21936000001187,-0.30798495987696617
118.22769000001188,-0.28915048669591714
118.23602000001188,-0.2680007155703329
118.24435000001188,-0.24293020104920132
118.25268000001188,-0.21427343899682283
118.26101000001188,-0.18307809869091637
118.26934000001188,-0.15171151055414653
118.27767000001188,-0.12435668314988656
118.28600000001188,-0.09923672127591157
118.29433000001188,-0.07086716568190037
118.30266000001188,-0.04246742302375865
118.31099000001188,-0.0139620410184323
118.31932000001188,0.01366567402228626
118.32765000001189,0.039600465784668165
118.33598000001189,0.06171609073660701
118.34431000001189,0.08009884181905223
118.35264000001189,0.094195233861218
118.36097000001189,0.10447308100300658
118.36930000001189,0.1110724810553216
118.37763000001189,0.1125342181393113
118.38596000001189,0.11189986691237944
118.39429000001189,0.11311964071495378
118.4026200000119,0.11328721570162414
118.4109500000119,0.10937289964690884
118.4192800000119,0.10464225691403431
118.4276100000119,0.09699106849638839
118.4359400000119,0.08736376172586435
118.4442700000119,0.07838827307048771
118.4526000000119,0.06758205621933491
118.4609300000119,0.054595731436653964
118.4692600000119,0.040534488915266086
118.4775900000119,0.02487785766707558
118.4859200000119,0.008889579697120276
118.4942500000119,-0.006781291934736572
118.5025800000119,-0.023386119467488684
118.5109100000119,-0.040818660878354195
118.5192400000119,-0.054819928003546715
118.5275700000119,-0.06790160194298393
118.5359000000119,-0.07637676624393416
118.54423000001191,-0.07984781769546251
118.55256000001191,-0.08222386861224468
118.56089000001191,-0.08242700903008147
118.56922000001191,-0.08089718313609597
118.57755000001191,-0.07722847592104076
118.58588000001191,-0.07420545695187665
118.59421000001191,-0.07253967600501801
118.60254000001191,-0.06847792774416796
118.61087000001191,-0.0610711120606456
118.61920000001192,-0.05147758302472714
118.62753000001192,-0.040685868775119885
118.63586000001192,-0.029406660317495233
118.64419000001192,-0.017712212984492093
118.65252000001192,-0.005201186478614086
118.66085000001192,0.007072037117508725
118.66918000001192,0.017241023054231853
118.67751000001192,0.025105050026569934
118.68584000001192,0.02731668824668783
118.69417000001192,0.02552168622466262
118.70250000001192,0.02388806907544389
118.71083000001192,0.02202023098682298
118.71916000001193,0.019988913818803647
118.72749000001193,0.018054909687994815
118.73582000001193,0.01648467615795542
118.74415000001193,0.014874953990002913
118.75248000001193,0.014464340316947712
118.76081000001193,0.01535152338999659
118.76914000001193,0.015884449337124757
118.77747000001193,0.016188663831563945
118.78580000001193,0.015684177371158587
118.79413000001193,0.01390634580460485
118.80246000001193,0.012976506780768497
118.81079000001193,0.013256886847436379
118.81912000001194,0.011420766014848047
118.82745000001194,0.008031000922171301
118.83578000001194,0.002980181458566099
118.84411000001194,-0.0031873850616356797
118.85244000001194,-0.007796935480249186
118.86077000001194,-0.010078644438971671
118.86910000001194,-0.011219696376488498
118.87743000001194,-0.010972939376941073
118.88576000001194,-0.009128854847648605
118.89409000001194,-0.005127745213093643
118.90242000001194,0.0014397402465500116
118.91075000001194,0.009147806647700481
118.91908000001195,0.015009562059777095
118.92741000001195,0.02020994151190102
118.93574000001195,0.02498512951746866
118.94407000001195,0.029272505112826648
118.95240000001195,0.03376968910320035
118.96073000001195,0.03799732242251222
118.96906000001195,0.041555289758911464
118.97739000001195,0.04407013734676895
118.98572000001195,0.04568050358474318
118.99405000001195,0.04633627336954838
119.00238000001195,0.04590121930974898
119.01071000001195,0.044616593576817555
119.01904000001196,0.0429322566487663
119.02737000001196,0.04121753696079825
119.03570000001196,0.03996161707741389
119.04403000001196,0.039055082728651574
119.05236000001196,0.03893829749871079
119.06069000001196,0.03942426793112985
119.06902000001196,0.039210992653691885
119.07735000001196,0.037523471170752255
119.08568000001196,0.034099680583508214
119.09401000001196,0.02867956522433994
119.10234000001196,0.02276257617459747
119.11067000001196,0.017326587408965564
119.11900000001197,0.011986179288221018
119.12733000001197,0.007244597590865102
119.13566000001197,0.0026924553745639145
119.14399000001197,-0.0010770404720609117
119.15232000001197,-0.003619378269765609
119.16065000001197,-0.00789357584281677
119.16898000001197,-0.014287914828513505
119.17731000001197,-0.02181412139872066
119.18564000001197,-0.030995506805128713
119.19397000001197,-0.04128015829535742
119.20230000001197,-0.04933642840446295
119.21063000001197,-0.05718880756642948
119.21896000001198,-0.0682621801630398
119.22729000001198,-0.08176556182926827
119.23562000001198,-0.09726289688574472
119.24395000001198,-0.11270108576923477
119.25228000001198,-0.12869999785491673
119.26061000001198,-0.14704789777571975
119.26894000001198,-0.16522519115734896
119.27727000001198,-0.1833268362156463
119.28560000001198,-0.20063928202619252
119.29393000001198,-0.21496650751540108
119.30226000001198,-0.22237917553549658
119.31059000001198,-0.22649031901058694
119.31892000001199,-0.23012054677659022
119.32725000001199,-0.22865914356920905
119.33558000001199,-0.2209391984337791
119.34391000001199,-0.20735347858381756
119.35224000001199,-0.18925425573179824
119.36057000001199,-0.16821539186222323
119.36890000001199,-0.14610586330586792
119.37723000001199,-0.12116688865746411
119.38556000001199,-0.09526478409390869
119.393890000012,-0.0653662248488803
119.402220000012,-0.03114489254155569
119.410550000012,0.0037993507271252714
119.418880000012,0.04018467807310092
119.427210000012,0.08152166204579922
119.435540000012,0.12474963532495402
119.443870000012,0.16513466949018038
119.452200000012,0.20268628238043157
119.460530000012,0.23929812062171724
119.468860000012,0.2731812670154233
119.477190000012,0.3043867066879339
119.485520000012,0.3303690557848241
119.493850000012,0.35377905063879
119.502180000012,0.3731471624566626
119.510510000012,0.388405244412163
119.518840000012,0.40089286320834705
119.527170000012,0.40982530540543927
119.53550000001201,0.4141733132033023
119.54383000001201,0.4095023521493875
119.55216000001201,0.3991832154130413
119.56049000001201,0.387025702441498
119.56882000001201,0.3674296107893876
119.57715000001201,0.33975876920425013
119.58548000001201,0.3082521252490127
119.59381000001201,0.2754641509639849
119.60214000001201,0.23895663876749212
119.61047000001201,0.2006163451304426
119.61880000001202,0.16241405577053697
119.62713000001202,0.126594532083079
119.63546000001202,0.09071226744760084
119.64379000001202,0.05258645346312163
119.65212000001202,0.012451662785477876
119.66045000001202,-0.02777197470835884
119.66878000001202,-0.06975629782209855
119.67711000001202,-0.11103954965648417
119.68544000001202,-0.14832287205471137
119.69377000001202,-0.18111111488353623
119.70210000001202,-0.2111337126299267
119.71043000001202,-0.23859938335354675
119.71876000001203,-0.26255714403286745
119.72709000001203,-0.2805861813482654
119.73542000001203,-0.29509422375941174
119.74375000001203,-0.3037992324264824
119.75208000001203,-0.3088666141529252
119.76041000001203,-0.30987921281363007
119.76874000001203,-0.3073599894886078
119.77707000001203,-0.301663900136168
119.78540000001203,-0.2923736796824854
119.79373000001203,-0.2795477352040912
119.80206000001203,-0.264189267537034
119.81039000001203,-0.24931576887491455
119.81872000001204,-0.23438423030690278
119.82705000001204,-0.21921662374107628
119.83538000001204,-0.20124604140808985
119.84371000001204,-0.17933779197183605
119.85204000001204,-0.15616978064238984
119.86037000001204,-0.13333099039567753
119.86870000001204,-0.11051605016990873
119.87703000001204,-0.0884657703743464
119.88536000001204,-0.0679908403202732
119.89369000001204,-0.04941215676794347
119.90202000001204,-0.030216781232346914
119.91035000001204,-0.011623484144992405
119.91868000001205,0.0036935657006706884
119.92701000001205,0.016151008512799516
119.93534000001205,0.027370745908899
119.94367000001205,0.03683787082876789
119.95200000001205,0.04556945434361028
119.96033000001205,0.05522049561566287
119.96866000001205,0.06543461274174049
119.97699000001205,0.07472017507007407
119.98532000001205,0.08255759038269264
119.99365000001205,0.09078687360493061
120.00198000001205,0.10181379278822371
120.01031000001205,0.11303798417786083
120.01864000001206,0.12381979485867993
120.02697000001206,0.13361159219161894
120.03530000001206,0.14016786106177717
120.04363000001206,0.1437036452152415
120.05196000001206,0.14629787309003922
120.06029000001206,0.1504486429173772
120.06862000001206,0.1553089298610064
120.07695000001206,0.16008261289599898
120.08528000001206,0.16536626350228106
120.09361000001206,0.17216106068253065
120.10194000001206,0.17867776880931108
120.11027000001206,0.18102313538140952
120.11860000001207,0.1813732860470227
120.12693000001207,0.17854138120762864
120.13526000001207,0.17184083159345337
120.14359000001207,0.16403571312551576
120.15192000001207,0.15600148208095563
120.16025000001207,0.149225830378523
120.16858000001207,0.142893164131626
120.17691000001207,0.13765221921532395
120.18524000001207,0.133951610263757
120.19357000001207,0.12843707675080962
120.20190000001207,0.11958204175873745
120.21023000001207,0.10553183400376188
120.21856000001208,0.09025684437946645
120.22689000001208,0.07357165789267975
120.23522000001208,0.05720133445732083
120.24355000001208,0.042594040285631844
120.25188000001208,0.028596071501106674
120.26021000001208,0.0159414815352302
120.26854000001208,0.0068147698049773825
120.27687000001208,0.0024843852583536752
120.28520000001208,0.0003629607319445162
120.29353000001208,-0.0034950840341926408
120.30186000001208,-0.007077381053841446
120.31019000001208,-0.009882672864802666
120.31852000001209,-0.01340325397878106
120.32685000001209,-0.018366982954155803
120.33518000001209,-0.024590974410556993
120.34351000001209,-0.031963739247081326
120.35184000001209,-0.03971362759976019
120.36017000001209,-0.04867948424200439
120.36850000001209,-0.05604969491462573
120.37683000001209,-0.06118886978094909
120.38516000001209,-0.06673967961127049
120.3934900000121,-0.07479747722720931
120.4018200000121,-0.0826064713941941
120.4101500000121,-0.09136931121246042
120.4184800000121,-0.10308467572116002
120.4268100000121,-0.11596967445784188
120.4351400000121,-0.12760617984251746
120.4434700000121,-0.13634521059935828
120.4518000000121,-0.14385700246021688
120.4601300000121,-0.152622617557234
120.4684600000121,-0.16059194275928398
120.4767900000121,-0.16837518113444258
120.4851200000121,-0.17279107324465884
120.4934500000121,-0.17541642885555156
120.5017800000121,-0.17500288352490692
120.5101100000121,-0.17138217359606922
120.5184400000121,-0.16481706654721368
120.5267700000121,-0.15551835213273665
120.53510000001211,-0.14260444362567748
120.54343000001211,-0.12521052250162332
120.55176000001211,-0.10706686674625032
120.56009000001211,-0.09340649016604564
120.56842000001211,-0.07942944359570046
120.57675000001211,-0.06441358575933945
120.58508000001211,-0.04719417098306956
120.59341000001211,-0.02651979348159373
120.60174000001211,-0.0024559485233881964
120.61007000001212,0.024185468514684293
120.61840000001212,0.04816896301162672
120.62673000001212,0.07190473441367497
120.63506000001212,0.09465710729008077
120.64339000001212,0.1175408244655057
120.65172000001212,0.13794258847431565
120.66005000001212,0.15366261067666434
120.66838000001212,0.16796841113289912
120.67671000001212,0.17846992493313474
120.68504000001212,0.18544659632866148
120.69337000001212,0.19338723246481856
120.70170000001212,0.1987981244196321
120.71003000001213,0.20165815895851505
120.71836000001213,0.1997585695610897
120.72669000001213,0.19363265599015947
120.73502000001213,0.18443371423528715
120.74335000001213,0.1777104998554489
120.75168000001213,0.1676992078752691
120.76001000001213,0.1537830676013951
120.76834000001213,0.1329721751818478
120.77667000001213,0.10777810145658451
120.78500000001213,0.08133116846817183
120.79333000001213,0.05547171422266883
120.80166000001213,0.029914452737686024
120.80999000001214,0.0015050760476174555
120.81832000001214,-0.029259983213860013
120.82665000001214,-0.06255075244391003
120.83498000001214,-0.09205164404454319
120.84331000001214,-0.1167759879837314
120.85164000001214,-0.14093471004241773
120.85997000001214,-0.16345503966237984
120.86830000001214,-0.18632660446662314
120.87663000001214,-0.20362922343028586
120.88496000001214,-0.2139734761536413
120.89329000001214,-0.21751209960242354
120.90162000001214,-0.21824715532398128
120.90995000001215,-0.21699625235541092
120.91828000001215,-0.21041278393094143
120.92661000001215,-0.19895774880537082
120.93494000001215,-0.18311947507618312
120.94327000001215,-0.1651324961157737
120.95160000001215,-0.14565130767581272
120.95993000001215,-0.12157331262300762
120.96826000001215,-0.09529548405387293
120.97659000001215,-0.06703437764249197
120.98492000001215,-0.04117650928913078
120.99325000001215,-0.014990395079215164
121.00158000001215,0.01070545061479756
121.00991000001216,0.03775723225605389
121.01824000001216,0.06354761400396333
121.02657000001216,0.09075275346844423
121.03490000001216,0.11867825694904162
121.04323000001216,0.14275800917410256
121.05156000001216,0.16369067563034806
121.05989000001216,0.1833534329443157
121.06822000001216,0.19800115998418644
121.07655000001216,0.20617892609699914
121.08488000001216,0.2084168436415416
121.09321000001216,0.21100162302120756
121.10154000001216,0.20742836652333368
121.10987000001217,0.197275622921993
121.11820000001217,0.18394587477865465
121.12653000001217,0.16937873158499114
121.13486000001217,0.1540875687590049
121.14319000001217,0.13687517297125368
121.15152000001217,0.11859004608049986
121.15985000001217,0.10019901951569815
121.16818000001217,0.08323824261969295
121.17651000001217,0.06745901061947766
121.18484000001217,0.054353151531029056
121.19317000001217,0.040906784481171056
121.20150000001217,0.022751880427185484
121.20983000001218,0.0022248920877764554
121.21816000001218,-0.019865033164005872
121.22649000001218,-0.04373320387651817
121.23482000001218,-0.06598313469934451
121.24315000001218,-0.08488819977668509
121.25148000001218,-0.10211589905398127
121.25981000001218,-0.11810390679047085
121.26814000001218,-0.13214251141413716
121.27647000001218,-0.1417247187858338
121.28480000001218,-0.14758259462004117
121.29313000001218,-0.1525365108303809
121.30146000001218,-0.15740209101463923
121.30979000001219,-0.16154486199472887
121.31812000001219,-0.16444700294819156
121.32645000001219,-0.16776568178317897
121.33478000001219,-0.17097428427089933
121.34311000001219,-0.17391906630457452
121.35144000001219,-0.17745500234380088
121.35977000001219,-0.18171843592493275
121.36810000001219,-0.18802353935347507
121.37643000001219,-0.19038037304172467
121.3847600000122,-0.18901032764631903
121.3930900000122,-0.18482636622039475
121.4014200000122,-0.17788851345670895
121.4097500000122,-0.16772908488289628
121.4180800000122,-0.15638854783142236
121.4264100000122,-0.14476834057194302
121.4347400000122,-0.13153388110986505
121.4430700000122,-0.11863127401640257
121.4514000000122,-0.10705867224017146
121.4597300000122,-0.09444965806091
121.4680600000122,-0.08076206120040763
121.4763900000122,-0.06351181431542385
121.4847200000122,-0.045854896612827295
121.4930500000122,-0.024348667588723217
121.5013800000122,-0.0015875182102341756
121.5097100000122,0.020179338517433035
121.5180400000122,0.04162285510462475
121.52637000001221,0.06330884868466657
121.53470000001221,0.08329034909413983
121.54303000001221,0.0992814178619956
121.55136000001221,0.113263982383585
121.55969000001221,0.12739556831926319
121.56802000001221,0.1415958352771396
121.57635000001221,0.15300812763716173
121.58468000001221,0.16075794003485872
121.59301000001221,0.16854102771924923
121.60134000001221,0.17282111332543207
121.60967000001222,0.1756302640702351
121.61800000001222,0.1766110758245318
121.62633000001222,0.17447257427101867
121.63466000001222,0.1711352046342707
121.64299000001222,0.16750260920085058
121.65132000001222,0.16028792219799828
121.65965000001222,0.1497246915987496
121.66798000001222,0.13883887642256237
121.67631000001222,0.12830810126264253
121.68464000001222,0.11495359190195384
121.69297000001222,0.10073713078736125
121.70130000001222,0.08692154539091522
121.70963000001223,0.07501299196287593
121.71796000001223,0.06480895375700688
121.72629000001223,0.05501165217616248
121.73462000001223,0.04762897074229405
121.74295000001223,0.04332995754267557
121.75128000001223,0.03819994354999986
121.75961000001223,0.034655664810235014
121.76794000001223,0.03319517987942404
121.77627000001223,0.03309977832034547
121.78460000001223,0.03080116615495572
121.79293000001223,0.02989002976181427
121.80126000001223,0.03128250551038158
121.80959000001224,0.03194249937694961
121.81792000001224,0.03122053216419544
121.82625000001224,0.027379889452584138
121.83458000001224,0.022422611365103762
121.84291000001224,0.017881722323434247
121.85124000001224,0.013682118571094009
121.85957000001224,0.010636693730439822
121.86790000001224,0.007217055852278295
121.87623000001224,0.0036313283841498288
121.88456000001224,-0.0034633320670219734
121.89289000001224,-0.010092281758675452
121.90122000001224,-0.01866843688981407
121.90955000001225,-0.031068183328462083
121.91788000001225,-0.04544327603893787
121.92621000001225,-0.059683760033122944
121.93454000001225,-0.07771051010924714
121.94287000001225,-0.09550041769536856
121.95120000001225,-0.11300739751276824
121.95953000001225,-0.12882822721565235
121.96786000001225,-0.14435254955224672
121.97619000001225,-0.1623607829991457
121.98452000001225,-0.18386795745682286
121.99285000001225,-0.20550106250828967
122.00118000001225,-0.2270844862452606
122.00951000001226,-0.2457725761988161
122.01784000001226,-0.25960183461592556
122.02617000001226,-0.2711030559265058
122.03450000001226,-0.28461406782895843
122.04283000001226,-0.2911830702666286
122.05116000001226,-0.2923393990885312
122.05949000001226,-0.28848941098248754
122.06782000001226,-0.27784325817640404
122.07615000001226,-0.26416421816627955
122.08448000001226,-0.246683283652281
122.09281000001226,-0.2265301698336776
122.10114000001226,-0.20411950272408697
122.10947000001227,-0.17556367633923323
122.11780000001227,-0.14390281934913204
122.12613000001227,-0.11002383999033773
122.13446000001227,-0.0748486023640177
122.14279000001227,-0.03652131753699149
122.15112000001227,0.002627901528261236
122.15945000001227,0.040730566603734426
122.16778000001227,0.08029943230561074
122.17611000001227,0.11836096408463254
122.18444000001227,0.15431596745669632
122.19277000001227,0.18611952724174774
122.20110000001227,0.21293339968854355
122.20943000001228,0.2354209292978704
122.21776000001228,0.25619514956457046
122.22609000001228,0.27902889676008735
122.23442000001228,0.2994356963444012
122.24275000001228,0.31664591323965924
122.25108000001228,0.33095119732960726
122.25941000001228,0.343473569510935
122.26774000001228,0.35087355004037085
122.27607000001228,0.35322078823049563
122.28440000001228,0.3526725936965203
122.29273000001228,0.3445978739097479
122.30106000001228,0.3273211044967798
122.30939000001229,0.3011207963587752
122.31772000001229,0.2724030728492678
122.32605000001229,0.2441748772023844
122.33438000001229,0.21210191118561333
122.34271000001229,0.17891232316512562
122.35104000001229,0.14715819254201834
122.35937000001229,0.11522394866264561
122.36770000001229,0.08146652277969088
122.37603000001229,0.04737906765079222
122.3843600000123,0.017080458183428
122.3926900000123,-0.013245120505291202
122.4010200000123,-0.04199674183153228
122.4093500000123,-0.06851728195465558
122.4176800000123,-0.091988551670968
122.4260100000123,-0.10986248461601845
122.4343400000123,-0.12282571686589407
122.4426700000123,-0.13454582312640925
122.4510000000123,-0.1460590470065171
122.4593300000123,-0.16030169296954147
122.4676600000123,-0.17406576534407703
122.4759900000123,-0.18776619083695525
122.4843200000123,-0.1996571805247376
122.4926500000123,-0.20979402300478495
122.5009800000123,-0.2172152762375788
122.5093100000123,-0.22152449896392348
122.5176400000123,-0.22318768460927046
122.52597000001231,-0.22002731022057212
122.53430000001231,-0.21103316817106338
122.54263000001231,-0.2044936891104962
122.55096000001231,-0.19898605770944514
122.55929000001231,-0.1923691911779926
122.56762000001231,-0.18301552160320797
122.57595000001231,-0.1705629437366344
122.58428000001231,-0.1576472836751683
122.59261000001231,-0.14471686048781157
122.60094000001232,-0.1317166357051241
122.60927000001232,-0.11852990303772422
122.61760000001232,-0.10521388377823473
122.62593000001232,-0.09130348709949754
122.63426000001232,-0.07987453475526907
122.64259000001232,-0.06809554534439276
122.65092000001232,-0.05493228028729453
122.65925000001232,-0.038392400292010034
122.66758000001232,-0.019680826661089605
122.67591000001232,0.00011517011727286001
122.68424000001232,0.018736226235842538
122.69257000001232,0.035581000531726734
122.70090000001233,0.05177946685597614
122.70923000001233,0.06454737078451407
122.71756000001233,0.07429741278887124
122.72589000001233,0.07952060182019674
122.73422000001233,0.08134027605135273
122.74255000001233,0.0838781731959493
122.75088000001233,0.08646760928971156
122.75921000001233,0.08829293216490086
122.76754000001233,0.08907575019136184
122.77587000001233,0.08906406672380984
122.78420000001233,0.08784963112875892
122.79253000001233,0.08544352081331194
122.80086000001234,0.08204032981169376
122.80919000001234,0.07559776698454723
122.81752000001234,0.06770018274516504
122.82585000001234,0.057068799887747435
122.83418000001234,0.04388385869126062
122.84251000001234,0.02766083942704395
122.85084000001234,0.00869878366560136
122.85917000001234,-0.009524218182842726
122.86750000001234,-0.026867047404627354
122.87583000001234,-0.04414144086873053
122.88416000001234,-0.05934207698210493
122.89249000001234,-0.07253885596629554
122.90082000001235,-0.08188959011303457
122.90915000001235,-0.08792887620233017
122.91748000001235,-0.08973934494826045
122.92581000001235,-0.08534571685433735
122.93414000001235,-0.08076265754373198
122.94247000001235,-0.0780325624570986
122.95080000001235,-0.07318913578658609
122.95913000001235,-0.06291691263918583
122.96746000001235,-0.051274589075954086
122.97579000001235,-0.03998229320815537
122.98412000001235,-0.029506103862366278
122.99245000001235,-0.022789450460794308
123.00078000001236,-0.01538876632822294
123.00911000001236,-0.008650572908987221
123.01744000001236,0.0018997266966048398
123.02577000001236,0.013718441940858882
123.03410000001236,0.0217575844579755
123.04243000001236,0.027800513748550994
123.05076000001236,0.035587996383319186
123.05909000001236,0.04445265288146944
123.06742000001236,0.05243411421990292
123.07575000001236,0.05841810131216863
123.08408000001236,0.06094780786508748
123.09241000001236,0.05991059550122095
123.10074000001237,0.05948445731700009
123.10907000001237,0.05842605965456212
123.11740000001237,0.0597187389581811
123.12573000001237,0.05703822978948075
123.13406000001237,0.053408531222976834
123.14239000001237,0.04967777140900141
123.15072000001237,0.043528080216165305
123.15905000001237,0.03820292051329866
123.16738000001237,0.030284996983554222
123.17571000001237,0.01784942369903197
123.18404000001237,0.0019108022891172157
123.19237000001237,-0.014139399373209962
123.20070000001238,-0.030433690258186454
123.20903000001238,-0.046108214493115106
123.21736000001238,-0.05961280008185691
123.22569000001238,-0.07365150790798926
123.23402000001238,-0.08383502526387926
123.24235000001238,-0.08865545040209262
123.25068000001238,-0.08970472543852336
123.25901000001238,-0.08627200157348751
123.26734000001238,-0.08449719902913427
123.27567000001238,-0.08422470275185363
123.28400000001238,-0.07953156955349348
123.29233000001238,-0.0719412638194433
123.30066000001239,-0.06362037610228909
123.30899000001239,-0.05360420298212154
123.31732000001239,-0.041869678031113126
123.32565000001239,-0.02777092464377561
123.33398000001239,-0.009801458362000465
123.34231000001239,0.009701251958489303
123.35064000001239,0.03019250134674687
123.35897000001239,0.049872874783153116
123.36730000001239,0.06699217476861821
123.37563000001239,0.08231055926425973
123.3839600000124,0.09916465942983213
123.3922900000124,0.10924332699002375
123.4006200000124,0.11399451079481625
123.4089500000124,0.11413877228329737
123.4172800000124,0.1096201931964704
123.4256100000124,0.1015257961842061
123.4339400000124,0.09210845398058776
123.4422700000124,0.08025233221331074
123.4506000000124,0.06991354753448907
123.4589300000124,0.05684484007128892
123.4672600000124,0.04211876181640489
123.4755900000124,0.025552844361897666
123.4839200000124,0.009270388181935325
123.4922500000124,-0.009652454957178216
123.5005800000124,-0.031887311884523865
123.5089100000124,-0.056988720151723314
123.51724000001241,-0.08466269835302141
123.52557000001241,-0.11306082627618308
123.53390000001241,-0.13828537183879125
123.54223000001241,-0.1610224406978621
123.55056000001241,-0.17942698912764582
123.55889000001241,-0.19659164902383294
123.56722000001241,-0.20913254372249623
123.57555000001241,-0.2178928924822499
123.58388000001241,-0.22089223201560493
123.59221000001241,-0.22021125420605134
123.60054000001242,-0.21908256714236535
123.60887000001242,-0.217302393635675
123.61720000001242,-0.21268673933206525
123.62553000001242,-0.20426318622568596
123.63386000001242,-0.1920647939956621
123.64219000001242,-0.17594638366115406
123.65052000001242,-0.1554169090358151
123.65885000001242,-0.13396772771111834
123.66718000001242,-0.10901338123609518
123.67551000001242,-0.08181544370205446
123.68384000001242,-0.053671532799255885
123.69217000001242,-0.028147564123532053
123.70050000001243,-0.003607763288603957
123.70883000001243,0.018368517940246822
123.71716000001243,0.03979201325523436
123.72549000001243,0.05854416476800222
123.73382000001243,0.07910597982054023
123.74215000001243,0.10013881248252074
123.75048000001243,0.12002425246599653
123.75881000001243,0.13627186204006314
123.76714000001243,0.15471884085715754
123.77547000001243,0.17322313054228586
123.78380000001243,0.18965156119158777
123.79213000001243,0.2030021460888619
123.80046000001244,0.21466489801442015
123.80879000001244,0.22025574137024204
123.81712000001244,0.22214042149534804
123.82545000001244,0.22182354217957267
123.83378000001244,0.22401609785930754
123.84211000001244,0.22560261228164394
123.85044000001244,0.2262452123401017
123.85877000001244,0.22631801215557812
123.86710000001244,0.22757678567040932
123.87543000001244,0.2283901137942551
123.88376000001244,0.22466542001595402
123.89209000001244,0.2211821091086962
123.90042000001245,0.21099878888739426
123.90875000001245,0.19487455583777052
123.91708000001245,0.17850307812706595
123.92541000001245,0.1565116473132168
123.93374000001245,0.13169543543874146
123.94207000001245,0.10730576276360894
123.95040000001245,0.08140695110556757
123.95873000001245,0.05599755994384477
123.96706000001245,0.03273378955923426
123.97539000001245,0.008874351653722936
123.98372000001245,-0.019241075173961116
123.99205000001245,-0.04533833066284436
124.00038000001246,-0.07249932275819283
124.00871000001246,-0.09954077458054424
124.01704000001246,-0.12556668656124265
124.02537000001246,-0.15883288679746838
124.03370000001246,-0.19058329265199192
124.04203000001246,-0.21804190531890874
124.05036000001246,-0.2426001239593913
124.05869000001246,-0.2621510732987458
124.06702000001246,-0.2758784744771267
124.07535000001246,-0.28628515657417786
124.08368000001246,-0.29455728395379976
124.09201000001246,-0.2978656487063306
124.10034000001247,-0.2958144248411261
124.10867000001247,-0.2965960518860686
124.11700000001247,-0.29377941173240696
124.12533000001247,-0.2890357106017634
124.13366000001247,-0.2809235419177185
124.14199000001247,-0.2710637478088672
124.15032000001247,-0.25618218528680126
124.15865000001247,-0.23747377810157327
124.16698000001247,-0.2147136934149761
124.17531000001247,-0.19054888525068728
124.18364000001247,-0.1637373742690005
124.19197000001247,-0.134988548654731
124.20030000001248,-0.11058073270953869
124.20863000001248,-0.08579870067488171
124.21696000001248,-0.05616179757604689
124.22529000001248,-0.029844997260372083
124.23362000001248,-0.006261341795057734
124.24195000001248,0.01802074242016982
124.25028000001248,0.044879789503239335
124.25861000001248,0.07116248797340088
124.26694000001248,0.09595354694166132
124.27527000001248,0.11622391253197152
124.28360000001248,0.13427271660063414
124.29193000001248,0.1488689798819429
124.30026000001249,0.15817396003424278
124.30859000001249,0.16947123420038956
124.31692000001249,0.17669289545988803
124.32525000001249,0.17582841901614168
124.33358000001249,0.17417807180479394
124.34191000001249,0.1749333530236499
124.35024000001249,0.17459680110136336
124.35857000001249,0.17125899049506035
124.36690000001249,0.16598668665839206
124.3752300000125,0.1563892198517685
124.3835600000125,0.14411978182765034
124.3918900000125,0.13274886580708706
124.4002200000125,0.12034810479931256
124.4085500000125,0.10752635989781284
124.4168800000125,0.09379530539700265
124.4252100000125,0.07957423381096769
124.4335400000125,0.06780661428414086
124.4418700000125,0.05882260647621485
124.4502000000125,0.05188393555407146
124.4585300000125,0.04746366602228779
124.4668600000125,0.04769211228518477
124.4751900000125,0.04720758801110998
124.4835200000125,0.048324213010045296
124.4918500000125,0.05343457403229103
124.5001800000125,0.059207880000825275
124.5085100000125,0.06602118293658697
124.51684000001251,0.07256188054267453
124.52517000001251,0.07771745642284522
124.53350000001251,0.08131115841883972
124.54183000001251,0.08475494975882683
124.55016000001251,0.08861562091791585
124.55849000001251,0.08989216155883682
124.56682000001251,0.08826555454394666
124.57515000001251,0.08341342102271727
124.58348000001251,0.07899693527949268
124.59181000001252,0.0757724301486011
124.60014000001252,0.07023686066608247
124.60847000001252,0.061651127391055466
124.61680000001252,0.05120032888607238
124.62513000001252,0.03898686230554945
124.63346000001252,0.02550415139525169
124.64179000001252,0.011452375837322122
124.65012000001252,-0.006472204755202914
124.65845000001252,-0.02945754705083884
124.66678000001252,-0.05166306170785004
124.67511000001252,-0.07511070363153062
124.68344000001252,-0.09905560343322488
124.69177000001253,-0.12078326209037771
124.70010000001253,-0.14153787905609244
124.70843000001253,-0.16163119489633554
124.71676000001253,-0.17726175460959664
124.72509000001253,-0.1919658565532948
124.73342000001253,-0.2045927218779667
124.74175000001253,-0.21543831507171174
124.75008000001253,-0.22475296134501874
124.75841000001253,-0.2313420060457754
124.76674000001253,-0.23334965298052068
124.77507000001253,-0.2371415057544383
124.78340000001253,-0.23377792346927692
124.79173000001254,-0.2241540694781648
124.80006000001254,-0.21109067985327237
124.80839000001254,-0.19494163129574413
124.81672000001254,-0.17597331321864237
124.82505000001254,-0.15733094502684195
124.83338000001254,-0.13827430963931076
124.84171000001254,-0.11990624421253643
124.85004000001254,-0.1014959910258669
124.85837000001254,-0.084024239199247
124.86670000001254,-0.062266562898302985
124.87503000001254,-0.04116738691475084
124.88336000001254,-0.01678481118585189
124.89169000001255,0.007181018202471674
124.90002000001255,0.02856617311863493
124.90835000001255,0.04753790378901272
124.91668000001255,0.06208309715017974
124.92501000001255,0.07111022547107544
124.93334000001255,0.07695803238754849
124.94167000001255,0.0829364949067043
124.95000000001255,0.08735477719763658
124.95833000001255,0.09851044175805679
124.96666000001255,0.11153487408350976
124.97499000001255,0.12032551125861239
124.98332000001255,0.12770630428288549
124.99165000001256,0.13641522756139768
124.99998000001256,0.1416633796002517
125.00831000001256,0.14385828000584522
125.01664000001256,0.14291724098274478
125.02497000001256,0.13673334570636492
125.03330000001256,0.12987939030782455
125.04163000001256,0.1233344412928038
125.04996000001256,0.11451328285953374
125.05829000001256,0.10840626644440379
125.06662000001256,0.09643797259054214
125.07495000001256,0.08368341958879279
125.08328000001256,0.07225624386398749
125.09161000001257,0.06274211452119888
125.09994000001257,0.05486841169471049
125.10827000001257,0.04218068761203734
125.11660000001257,0.02858838296256995
125.12493000001257,0.01610350831450645
125.13326000001257,0.005416298758326913
125.14159000001257,-0.005587387306565718
125.14992000001257,-0.01753897822119396
125.15825000001257,-0.030116583319735057
125.16658000001257,-0.04080771793715981
125.17491000001257,-0.05182018109613803
125.18324000001257,-0.06295934498635622
125.19157000001258,-0.07283299934519356
125.19990000001258,-0.08130070528024677
125.20823000001258,-0.09478399507555564
125.21656000001258,-0.10338685068184271
125.22489000001258,-0.10746652051724588
125.23322000001258,-0.10991006316280694
125.24155000001258,-0.11311448117300119
125.24988000001258,-0.1141460127271403
125.25821000001258,-0.11437955563895902
125.26654000001258,-0.11169523760289383
125.27487000001258,-0.10895541699467738
125.28320000001258,-0.10609771163747793
125.29153000001259,-0.09995314968375768
125.29986000001259,-0.09219442317992763
125.30819000001259,-0.0814136955432394
125.31652000001259,-0.06569276534357178
125.32485000001259,-0.04713434150851549
125.33318000001259,-0.026866659458693605
125.34151000001259,-0.008583850881924173
125.34984000001259,0.010751179806263564
125.35817000001259,0.03334893046030724
125.36650000001259,0.05764776640663005
125.3748300000126,0.08166054845962191
125.3831600000126,0.10303320956140054
125.3914900000126,0.12036708034953526
125.3998200000126,0.13401864339497313
125.4081500000126,0.14536386893902858
125.4164800000126,0.15449572915127685
125.4248100000126,0.16075832852889294
125.4331400000126,0.1657795147545065
125.4414700000126,0.167035268828193
125.4498000000126,0.16708576820153853
125.4581300000126,0.16744438546614254
125.4664600000126,0.16669210158498085
125.4747900000126,0.1675365461329879
125.4831200000126,0.16362115263720542
125.4914500000126,0.15198468312995747
125.4997800000126,0.13853200280396402
125.5081100000126,0.12048754473609283
125.51644000001261,0.0992597743518815
125.52477000001261,0.07311441892899644
125.53310000001261,0.04793630126559212
125.54143000001261,0.023681316134472656
125.54976000001261,0.0014911450340771007
125.55809000001261,-0.02234562906570896
125.56642000001261,-0.04452682553806632
125.57475000001261,-0.06440332616061561
125.58308000001261,-0.08584265302743804
125.59141000001262,-0.10717273189670762
125.59974000001262,-0.12649947575635076
125.60807000001262,-0.14795790442078594
125.61640000001262,-0.17009587886483615
125.62473000001262,-0.19170364314452454
125.63306000001262,-0.2081802971743073
125.64139000001262,-0.21933215437800413
125.64972000001262,-0.22599701603204636
125.65805000001262,-0.2316576396196925
125.66638000001262,-0.235621343703788
125.67471000001262,-0.23402962047533804
125.68304000001262,-0.22579268411206505
125.69137000001263,-0.21463885684511377
125.69970000001263,-0.20006798383272523
125.70803000001263,-0.18482475968337958
125.71636000001263,-0.17048533290501036
125.72469000001263,-0.14825404945188592
125.73302000001263,-0.12438904348574718
125.74135000001263,-0.09975566794444865
125.74968000001263,-0.07684861073672339
125.75801000001263,-0.051605762455729995
125.76634000001263,-0.0276839405764567
125.77467000001263,-0.0031521954868989214
125.78300000001263,0.01852355298628703
125.79133000001264,0.03771282529864824
125.79966000001264,0.05440745418419763
125.80799000001264,0.06590333003522758
125.81632000001264,0.07384933262072049
125.82465000001264,0.08317109325924654
125.83298000001264,0.08755128319218396
125.84131000001264,0.08850795182289299
125.84964000001264,0.08674630455290622
125.85797000001264,0.08832794876467989
125.86630000001264,0.08745906768837625
125.87463000001264,0.08522050225448796
125.88296000001264,0.08232267157620352
125.89129000001265,0.0808296597474278
125.89962000001265,0.079178004550667
125.90795000001265,0.07754143629795267
125.91628000001265,0.07692608283238576
125.92461000001265,0.07549303547435883
125.93294000001265,0.07500333717682461
125.94127000001265,0.07574104146229327
125.94960000001265,0.07841108277207214
125.95793000001265,0.08215305796547058
125.96626000001265,0.08510061077206948
125.97459000001265,0.08710535746458013
125.98292000001265,0.0878973220075322
125.99125000001266,0.08750614943296911
125.99958000001266,0.086886340024503
126.00791000001266,0.08640037127417807
126.01624000001266,0.08621821691740286
126.02457000001266,0.08532867177862132
126.03290000001266,0.08540107357729586
126.04123000001266,0.08776263494220506
126.04956000001266,0.09061739981406781
126.05789000001266,0.09303721093703472
126.06622000001266,0.09401517068768392
126.07455000001266,0.09036121953941435
126.08288000001266,0.08726310423631113
126.09121000001267,0.08491801945664992
126.09954000001267,0.083480169726132
126.10787000001267,0.08005825034661741
126.11620000001267,0.07620829190773236
126.12453000001267,0.07170717334553803
126.13286000001267,0.07055766678340009
126.14119000001267,0.06655137493520222
126.14952000001267,0.06082765733751639
126.15785000001267,0.05100779765683754
126.16618000001267,0.03981640339857006
126.17451000001267,0.02223922953843776
126.18284000001267,0.002823374726140263
126.19117000001268,-0.01678439469236393
126.19950000001268,-0.03698739889466308
126.20783000001268,-0.05896171584570592
126.21616000001268,-0.07837154510589912
126.22449000001268,-0.09591398616247958
126.23282000001268,-0.1096051892459513
126.24115000001268,-0.12395324119358796
126.24948000001268,-0.1325321570234615
126.25781000001268,-0.1377006540245199
126.26614000001268,-0.1421572687363615
126.27447000001268,-0.15152475028857046
126.28280000001268,-0.1625884579844104
126.29113000001269,-0.17367246973330577
126.29946000001269,-0.186296220251695
126.30779000001269,-0.19668602597231602
126.31612000001269,-0.20825131795700252
126.32445000001269,-0.21450660851388878
126.33278000001269,-0.2149688478134266
126.34111000001269,-0.2099134822478445
126.34944000001269,-0.19945615428166574
126.35777000001269,-0.18640177150364573
126.3661000000127,-0.17534433098054553
126.3744300000127,-0.16526178282664852
126.3827600000127,-0.15559628812687304
126.3910900000127,-0.14611653733030577
126.3994200000127,-0.1364473191890485
126.4077500000127,-0.12596419101946385
126.4160800000127,-0.11813757310433959
126.4244100000127,-0.10635217946360136
126.4327400000127,-0.09354445945180974
126.4410700000127,-0.08166019238574854
126.4494000000127,-0.07200678102925841
126.4577300000127,-0.059430584019425144
126.4660600000127,-0.043630742426146875
126.4743900000127,-0.026609378041740822
126.4827200000127,-0.007409189458637445
126.4910500000127,0.012582097502308142
126.4993800000127,0.0359065360823514
126.50771000001271,0.05852873474987309
126.51604000001271,0.0797585854321979
126.52437000001271,0.10075803611652617
126.53270000001271,0.11891404123377357
126.54103000001271,0.13545049692444203
126.54936000001271,0.15124240125056043
126.55769000001271,0.17294012207220769
126.56602000001271,0.193877583363293
126.57435000001271,0.21301074515973303
126.58268000001272,0.2310706761574368
126.59101000001272,0.24788364033598573
126.59934000001272,0.26683612266282036
126.60767000001272,0.2792340580955461
126.61600000001272,0.28784620043441383
126.62433000001272,0.2887669317367678
126.63266000001272,0.2815210346099705
126.64099000001272,0.27299697268099266
126.64932000001272,0.2628439283567614
126.65765000001272,0.2516183656044917
126.66598000001272,0.23585771549246157
126.67431000001272,0.21788430343118861
126.68264000001273,0.199359201910279
126.69097000001273,0.1846880345138578
126.69930000001273,0.1684016537838821
126.70763000001273,0.14515633806254746
126.71596000001273,0.118134033871008
126.72429000001273,0.0888300563046397
126.73262000001273,0.05551078678259541
126.74095000001273,0.0221547762976264
126.74928000001273,-0.009901861604654255
126.75761000001273,-0.04272691227285413
126.76594000001273,-0.07631381533476558
126.77427000001273,-0.10975003757185724
126.78260000001274,-0.1402371851108803
126.79093000001274,-0.16607544763728438
126.79926000001274,-0.1911272588829361
126.80759000001274,-0.21404272688315712
126.81592000001274,-0.23114426869950794
126.82425000001274,-0.23988329316417153
126.83258000001274,-0.24639729167008417
126.84091000001274,-0.2493419841144126
126.84924000001274,-0.24389288888959545
126.85757000001274,-0.23486408994584806
126.86590000001274,-0.22214316934345996
126.87423000001274,-0.20611292468047265
126.88256000001275,-0.1850751941389687
126.89089000001275,-0.163137948683128
126.89922000001275,-0.13764500292274734
126.90755000001275,-0.10942147937746363
126.91588000001275,-0.07871619535230022
126.92421000001275,-0.049558557176561456
126.93254000001275,-0.023478589659102427
126.94087000001275,-0.003982615481302565
126.94920000001275,0.017022545200756266
126.95753000001275,0.03841991206456671
126.96586000001275,0.05881062300679568
126.97419000001275,0.07672156790808472
126.98252000001276,0.09316264625748738
126.99085000001276,0.1060005545062244
126.99918000001276,0.11819482643037217
127.00751000001276,0.12903857606272576
127.01584000001276,0.13728758892263151
127.02417000001276,0.14211254985447105
127.03250000001276,0.14422193032040467
127.04083000001276,0.14182909884839406
127.04916000001276,0.13934874289939664
127.05749000001276,0.13676082193501668
127.06582000001276,0.1331495932219072
127.07415000001276,0.12365193907416396
127.08248000001277,0.11403634726463098
127.09081000001277,0.1026448790086638
127.09914000001277,0.08951148038592627
127.10747000001277,0.0762174966055358
127.11580000001277,0.0627158791630654
127.12413000001277,0.05034260401813963
127.13246000001277,0.039648615784286106
127.14079000001277,0.03152929483923704
127.14912000001277,0.02634897164162553
127.15745000001277,0.025607816464354404
127.16578000001277,0.028682365434679707
127.17411000001277,0.0318635335466687
127.18244000001278,0.03883463137218987
127.19077000001278,0.043304067433059076
127.19910000001278,0.04529226695844472
127.20743000001278,0.047652857594021346
127.21576000001278,0.051008278553707216
127.22409000001278,0.055928685749953556
127.23242000001278,0.06624441314480294
127.24075000001278,0.07728514516034954
127.24908000001278,0.08554405049348253
127.25741000001278,0.09268764468584519
127.26574000001278,0.09626475317230118
127.27407000001278,0.09731477847867848
127.28240000001279,0.0953272255210197
127.29073000001279,0.08903032603193119
127.29906000001279,0.08008996399705279
127.30739000001279,0.072603848394905
127.31572000001279,0.0679125150749953
127.32405000001279,0.06564225570375744
127.33238000001279,0.06686106441092612
127.34071000001279,0.06597352693916714
127.34904000001279,0.06319309942014315
127.35737000001279,0.06133054355339762
127.3657000000128,0.05817179211048024
127.3740300000128,0.05759573023215098
127.3823600000128,0.0580068996973351
127.3906900000128,0.05687697365855205
127.3990200000128,0.056148003363874203
127.4073500000128,0.05617402624745581
127.4156800000128,0.05709458509739356
127.4240100000128,0.05724564308600832
127.4323400000128,0.05949560756923397
127.4406700000128,0.059124369230202305
127.4490000000128,0.05502802095165082
127.4573300000128,0.04873809069922963
127.4656600000128,0.04076099465321307
127.4739900000128,0.032690142636781584
127.4823200000128,0.02355640143626857
127.4906500000128,0.013460042259480453
127.4989800000128,0.00762171109074447
127.50731000001281,0.004065969377446971
127.51564000001281,0.002184183607722835
127.52397000001281,0.0026390583365283474
127.53230000001281,0.005226958876675297
127.54063000001281,0.004808921351406597
127.54896000001281,0.0026603269468558842
127.55729000001281,-0.0005343711168382838
127.56562000001281,-0.005386482735598399
127.57395000001281,-0.0080460068839327
127.58228000001282,-0.0071318988816043635
127.59061000001282,-0.00409873078377502
127.59894000001282,0.001532988222575252
127.60727000001282,0.007219916825843717
127.61560000001282,0.012150969051486922
127.62393000001282,0.017009338645995083
127.63226000001282,0.020204431087238142
127.64059000001282,0.022732698799161868
127.64892000001282,0.023950922725918873
127.65725000001282,0.022015160311681162
127.66558000001282,0.018834071091015026
127.67391000001282,0.018298729327650427
127.68224000001283,0.0195578459608057
127.69057000001283,0.020408648259562363
127.69890000001283,0.0208395160232705
127.70723000001283,0.021636085956687666
127.71556000001283,0.021681783909150543
127.72389000001283,0.022772396292282417
127.73222000001283,0.02506671295518639
127.74055000001283,0.02870085019464643
127.74888000001283,0.031856052158887024
127.75721000001283,0.03295516992891736
127.76554000001283,0.03334332468289921
127.77387000001283,0.032669385996000555
127.78220000001284,0.03048778475789637
127.79053000001284,0.027291238657887792
127.79886000001284,0.022638065135869016
127.80719000001284,0.01845357483218557
127.81552000001284,0.013043818261693403
127.82385000001284,0.007536200916937891
127.83218000001284,0.0032973959387367618
127.84051000001284,-0.002797664079728924
127.84884000001284,-0.010558930851462022
127.85717000001284,-0.019040721568249847
127.86550000001284,-0.027993921351897023
127.87383000001284,-0.038168745057686713
127.88216000001285,-0.04931894030641731
127.89049000001285,-0.05951652267588605
127.89882000001285,-0.06943313366944663
127.90715000001285,-0.08032501979886189
127.91548000001285,-0.09297976931373901
127.92381000001285,-0.10360749079022473
127.93214000001285,-0.11237115122516571
127.94047000001285,-0.12281509693542988
127.94880000001285,-0.13131791598679968
127.95713000001285,-0.13765564386362597
127.96546000001285,-0.14361545514691224
127.97379000001285,-0.14733063949882674
127.98212000001286,-0.14784686749963252
127.99045000001286,-0.1458001213317046
127.99878000001286,-0.14125275899430487
128.00711000001286,-0.1336277119556409
128.01544000001286,-0.12229716717100765
128.02377000001286,-0.10515469854520938
128.03210000001286,-0.08336416582961194
128.04043000001286,-0.06090420574751941
128.04876000001286,-0.03311502397095875
128.05709000001286,-0.002630797333078258
128.06542000001286,0.028804787659283557
128.07375000001286,0.06301770354258217
128.08208000001287,0.09418444886084579
128.09041000001287,0.12482784356270776
128.09874000001287,0.15522129218380482
128.10707000001287,0.18371460857644475
128.11540000001287,0.20768215386066807
128.12373000001287,0.2285886205569224
128.13206000001287,0.2456379159039501
128.14039000001287,0.2572153109420497
128.14872000001287,0.2677841752457377
128.15705000001287,0.27656863298804635
128.16538000001287,0.2828118896206364
128.17371000001287,0.28483035293610964
128.18204000001288,0.28253372527794174
128.19037000001288,0.28117588917742115
128.19870000001288,0.2794637862840393
128.20703000001288,0.2697674863292133
128.21536000001288,0.2541198104582005
128.22369000001288,0.2350838165294766
128.23202000001288,0.21456814754002376
128.24035000001288,0.1898752547488768
128.24868000001288,0.16218053201006358
128.25701000001288,0.1343591584690391
128.26534000001288,0.1031435046265011
128.27367000001288,0.06874106559265156
128.28200000001289,0.03538783101609384
128.2903300000129,0.004128065935656533
128.2986600000129,-0.025519107629691434
128.3069900000129,-0.05838077603597419
128.3153200000129,-0.0883640434788063
128.3236500000129,-0.11125493920664949
128.3319800000129,-0.12921345732105732
128.3403100000129,-0.1446957817634951
128.3486400000129,-0.16055267757495612
128.3569700000129,-0.17350121858219925
128.3653000000129,-0.1850909492413028
128.3736300000129,-0.1939776745444274
128.3819600000129,-0.20053631882084624
128.3902900000129,-0.20545534955127084
128.3986200000129,-0.20830774704925933
128.4069500000129,-0.21036129962216588
128.4152800000129,-0.21161490849410644
128.4236100000129,-0.20647116622076894
128.4319400000129,-0.1982237980390929
128.4402700000129,-0.18888491956927544
128.4486000000129,-0.18124987106563212
128.4569300000129,-0.171614797955195
128.4652600000129,-0.1611187314630995
128.4735900000129,-0.1492604746110227
128.4819200000129,-0.13671107682699704
128.4902500000129,-0.12410940181454569
128.4985800000129,-0.11188801715585603
128.5069100000129,-0.10348033040709902
128.5152400000129,-0.09484484095378591
128.5235700000129,-0.08192228417108782
128.5319000000129,-0.06699268909240307
128.5402300000129,-0.051519386785572836
128.5485600000129,-0.035594792810967876
128.5568900000129,-0.021188661042888315
128.5652200000129,-0.00755825191644437
128.57355000001292,0.005868941096736637
128.58188000001292,0.018160417705413597
128.59021000001292,0.0274977525089659
128.59854000001292,0.03402143364738695
128.60687000001292,0.040282145575828675
128.61520000001292,0.04815434886832336
128.62353000001292,0.057381719369986775
128.63186000001292,0.06754449254492438
128.64019000001292,0.07586397827937859
128.64852000001292,0.08318432683736778
128.65685000001292,0.08906772629544227
128.66518000001292,0.09194293139688897
128.67351000001293,0.09364794664128874
128.68184000001293,0.09693757893293747
128.69017000001293,0.09906702136467829
128.69850000001293,0.10276080054405201
128.70683000001293,0.11026846980090563
128.71516000001293,0.11796335380061207
128.72349000001293,0.1256954503992218
128.73182000001293,0.13192750844637474
128.74015000001293,0.1338869906410027
128.74848000001293,0.13450777123149985
128.75681000001293,0.1345654615725841
128.76514000001293,0.13152377978904922
128.77347000001294,0.13005770933785543
128.78180000001294,0.13031628105941434
128.79013000001294,0.12741788349090263
128.79846000001294,0.12428581445686447
128.80679000001294,0.12358583678482901
128.81512000001294,0.12120621917237212
128.82345000001294,0.11544423244409341
128.83178000001294,0.1050432737797978
128.84011000001294,0.09205503339837207
128.84844000001294,0.07898283802730614
128.85677000001294,0.06644935551343592
128.86510000001294,0.05332870945957145
128.87343000001295,0.04244967521434215
128.88176000001295,0.03559954914675548
128.89009000001295,0.02810572803762473
128.89842000001295,0.0205721579390749
128.90675000001295,0.014777728629319292
128.91508000001295,0.006612265191164929
128.92341000001295,-0.004170323609019405
128.93174000001295,-0.016719967731611555
128.94007000001295,-0.02704157181009783
128.94840000001295,-0.035492041770473506
128.95673000001295,-0.042941918369360135
128.96506000001295,-0.0490028354797252
128.97339000001296,-0.05272217885269938
128.98172000001296,-0.05283354350264033
128.99005000001296,-0.05564914056010988
128.99838000001296,-0.059906022341273825
129.00671000001296,-0.06441548999861262
129.01504000001296,-0.06966125984284922
129.02337000001296,-0.07437932866832708
129.03170000001296,-0.07789716148543856
129.04003000001296,-0.07975328749179113
129.04836000001296,-0.08026657861816235
129.05669000001296,-0.08084242595984167
129.06502000001296,-0.08227847242042202
129.07335000001297,-0.08433438704932963
129.08168000001297,-0.08691357366943371
129.09001000001297,-0.0915988877890366
129.09834000001297,-0.09637495415084231
129.10667000001297,-0.1028267277676648
129.11500000001297,-0.1100941963492989
129.12333000001297,-0.11691656981858196
129.13166000001297,-0.12193071371358406
129.13999000001297,-0.12672394492779415
129.14832000001297,-0.13135232928771107
129.15665000001297,-0.1354059256032684
129.16498000001297,-0.13970514244092763
129.17331000001298,-0.13971484594243325
129.18164000001298,-0.13637606120802692
129.18997000001298,-0.1297812840354152
129.19830000001298,-0.11860345453594184
129.20663000001298,-0.10476158530971653
129.21496000001298,-0.08810331640928896
129.22329000001298,-0.07154287873946602
129.23162000001298,-0.05167533120061767
129.23995000001298,-0.03162705190225131
129.24828000001298,-0.012771860735385405
129.25661000001298,0.007400306966411949
129.26494000001298,0.02894868129455995
129.27327000001299,0.05349838358316777
129.281600000013,0.07804064852322833
129.289930000013,0.1013912484122948
129.298260000013,0.1248740764458373
129.306590000013,0.14676185103675451
129.314920000013,0.16479177548335638
129.323250000013,0.17706981781072204
129.331580000013,0.1875470568333715
129.339910000013,0.19320693986012696
129.348240000013,0.19538426193668107
129.356570000013,0.19516538750952092
129.364900000013,0.19400579471368276
129.373230000013,0.1911084459862681
129.381560000013,0.18473138346914816
129.389890000013,0.17355484130581703
129.398220000013,0.15975752839784998
129.406550000013,0.1454364020699743
129.414880000013,0.1285715982618612
129.423210000013,0.10615936340618602
129.431540000013,0.08011333066927938
129.439870000013,0.05230067692406031
129.448200000013,0.02512456319482974
129.456530000013,-0.0013455472160231287
129.464860000013,-0.02470231517615262
129.473190000013,-0.046279940139774677
129.481520000013,-0.06712065528251637
129.489850000013,-0.0868070260909653
129.498180000013,-0.10359461142036942
129.506510000013,-0.1180926058812143
129.514840000013,-0.13456589511543549
129.523170000013,-0.14885986533480364
129.531500000013,-0.1557460826325975
129.539830000013,-0.15656025659822764
129.548160000013,-0.1524584463474623
129.556490000013,-0.14574729537088815
129.56482000001301,-0.13656399647905004
129.57315000001302,-0.12528976652340434
129.58148000001302,-0.11200431977360585
129.58981000001302,-0.09824580408398552
129.59814000001302,-0.08822062287474829
129.60647000001302,-0.07906254123257216
129.61480000001302,-0.06869643840302911
129.62313000001302,-0.05330745357437765
129.63146000001302,-0.034299064605203225
129.63979000001302,-0.01632668803221507
129.64812000001302,0.0004134686916466721
129.65645000001302,0.014449499237879053
129.66478000001302,0.027301436428104245
129.67311000001303,0.038579372562303524
129.68144000001303,0.04889160362994552
129.68977000001303,0.056724140154459646
129.69810000001303,0.06001728408449193
129.70643000001303,0.06457547066714081
129.71476000001303,0.06993484851907962
129.72309000001303,0.07527046865705526
129.73142000001303,0.08017670099626882
129.73975000001303,0.08366415615836001
129.74808000001303,0.08565788099500476
129.75641000001303,0.08506457051323203
129.76474000001303,0.08310905539185841
129.77307000001304,0.08003984117927694
129.78140000001304,0.07550278696746025
129.78973000001304,0.06895243573255892
129.79806000001304,0.060766366995861215
129.80639000001304,0.05141537143248637
129.81472000001304,0.04212602109030828
129.82305000001304,0.03288284732080607
129.83138000001304,0.02359085680934064
129.83971000001304,0.017143519016333743
129.84804000001304,0.010278228329002805
129.85637000001304,0.0004884112651804685
129.86470000001304,-0.009479445451965367
129.87303000001305,-0.019647045840486606
129.88136000001305,-0.029727188722344613
129.88969000001305,-0.03845893070950947
129.89802000001305,-0.0467835534490973
129.90635000001305,-0.0547376010596346
129.91468000001305,-0.06203762361343688
129.92301000001305,-0.06864177668248314
129.93134000001305,-0.07254131062826837
129.93967000001305,-0.07498988506281354
129.94800000001305,-0.07974393948596986
129.95633000001305,-0.08725292181334299
129.96466000001305,-0.09423986858676132
129.97299000001306,-0.1002964339040675
129.98132000001306,-0.10463966269444526
129.98965000001306,-0.10502849342232781
129.99798000001306,-0.10259403037334075
130.00631000001306,-0.09846217211934873
130.01464000001306,-0.09267693806724764
130.02297000001306,-0.08543203740329165
130.03130000001306,-0.0775049366264372
130.03963000001306,-0.0724186987112699
130.04796000001306,-0.0691954134257876
130.05629000001306,-0.06606586004144631
130.06462000001306,-0.061997961433061445
130.07295000001307,-0.05742810807889216
130.08128000001307,-0.05107413863056455
130.08961000001307,-0.04397105110548344
130.09794000001307,-0.034221407313476844
130.10627000001307,-0.022244603434043775
130.11460000001307,-0.007521378548829379
130.12293000001307,0.008542110965043379
130.13126000001307,0.02386429477456888
130.13959000001307,0.0373087515690855
130.14792000001307,0.049772239359441896
130.15625000001307,0.062474659261156786
130.16458000001307,0.07329908974800102
130.17291000001308,0.08266464101186856
130.18124000001308,0.09097937056595586
130.18957000001308,0.09730988555331291
130.19790000001308,0.10538163712092814
130.20623000001308,0.1142194361280322
130.21456000001308,0.12241338107319787
130.22289000001308,0.12923226793082754
130.23122000001308,0.1335834086777353
130.23955000001308,0.1359983532885316
130.24788000001308,0.13684236695913138
130.25621000001308,0.13532143176245554
130.26454000001308,0.131146355915831
130.27287000001309,0.12672416598453726
130.2812000000131,0.12152958329579348
130.2895300000131,0.11493931962372243
130.2978600000131,0.10722834255347458
130.3061900000131,0.09851755751078013
130.3145200000131,0.09161375126816193
130.3228500000131,0.08345600726195723
130.3311800000131,0.073653684979878
130.3395100000131,0.06398197946199931
130.3478400000131,0.05405362561316478
130.3561700000131,0.04229250409282706
130.3645000000131,0.030475857155421414
130.3728300000131,0.02002318372431433
130.3811600000131,0.01074396536389194
130.3894900000131,0.003316782400193953
130.3978200000131,-0.00252767017311517
130.4061500000131,-0.007462420372186751
130.4144800000131,-0.008586594154057358
130.4228100000131,-0.008784160275599844
130.4311400000131,-0.008916250658648922
130.4394700000131,-0.006977874230215337
130.4478000000131,-0.0031899371204405793
130.4561300000131,0.0023167635149340692
130.4644600000131,0.008860045455894666
130.4727900000131,0.014731749912461171
130.4811200000131,0.019909512894041942
130.4894500000131,0.02595323431239349
130.4977800000131,0.031871887256679304
130.5061100000131,0.034087276230366406
130.5144400000131,0.03345696710708814
130.5227700000131,0.029646133431711394
130.5311000000131,0.02092890128176373
130.5394300000131,0.010625281063488177
130.5477600000131,0.0008095195878996819
130.5560900000131,-0.010853377605746561
130.56442000001311,-0.026901563271603302
130.57275000001312,-0.04758022557593898
130.58108000001312,-0.07086825144101166
130.58941000001312,-0.09459863375079293
130.59774000001312,-0.11800948334763547
130.60607000001312,-0.1409229402933298
130.61440000001312,-0.16132934806426036
130.62273000001312,-0.17975013065161125
130.63106000001312,-0.1961574512361684
130.63939000001312,-0.209748838581691
130.64772000001312,-0.2196815403598473
130.65605000001312,-0.2275902263139876
130.66438000001313,-0.23363505761431458
130.67271000001313,-0.238397827833134
130.68104000001313,-0.24284404698492396
130.68937000001313,-0.2453171452484154
130.69770000001313,-0.24512072527510204
130.70603000001313,-0.23929762521061804
130.71436000001313,-0.22828662536889094
130.72269000001313,-0.21356983798503176
130.73102000001313,-0.19523740755116742
130.73935000001313,-0.17472194072395747
130.74768000001313,-0.15137637185689917
130.75601000001313,-0.12766260303608043
130.76434000001314,-0.1029529898262197
130.77267000001314,-0.07474798378501955
130.78100000001314,-0.044148426297182554
130.78933000001314,-0.0140630177599668
130.79766000001314,0.013291565302038467
130.80599000001314,0.04057489933617281
130.81432000001314,0.06714320305324471
130.82265000001314,0.09208014455414999
130.83098000001314,0.11543214911358278
130.83931000001314,0.13495219340223347
130.84764000001314,0.14855224501745184
130.85597000001314,0.15715020690589165
130.86430000001315,0.16638721292470596
130.87263000001315,0.18078938291772417
130.88096000001315,0.19484276102980808
130.88929000001315,0.2042226254236094
130.89762000001315,0.21013147966690843
130.90595000001315,0.2155993266991391
130.91428000001315,0.2188438079801975
130.92261000001315,0.21916034601235293
130.93094000001315,0.21402987262484144
130.93927000001315,0.20333011050619437
130.94760000001315,0.18915915257790528
130.95593000001315,0.17357673559318965
130.96426000001316,0.15751817172036947
130.97259000001316,0.14182291433908945
130.98092000001316,0.12461367588436992
130.98925000001316,0.10525548704897235
130.99758000001316,0.08538610567723998
131.00591000001316,0.06530331987384591
131.01424000001316,0.04653117118226543
131.02257000001316,0.02713647089088597
131.03090000001316,0.004991527406020368
131.03923000001316,-0.01675677718056675
131.04756000001316,-0.0363422192220741
131.05589000001316,-0.055520197535775
131.06422000001317,-0.07405028664197348
131.07255000001317,-0.09040505497214668
131.08088000001317,-0.10410046825402763
131.08921000001317,-0.11686325699005863
131.09754000001317,-0.1274390976950789
131.10587000001317,-0.13530999647023179
131.11420000001317,-0.13988325870850837
131.12253000001317,-0.14278974333230937
131.13086000001317,-0.1439807095968791
131.13919000001317,-0.14508776514715574
131.14752000001317,-0.14569593851044532
131.15585000001317,-0.14606005879636477
131.16418000001318,-0.14612724001130875
131.17251000001318,-0.1463567896638076
131.18084000001318,-0.14551451882983493
131.18917000001318,-0.14359360983808792
131.19750000001318,-0.140385627151314
131.20583000001318,-0.13650983092650065
131.21416000001318,-0.13272816107302662
131.22249000001318,-0.12654523586062005
131.23082000001318,-0.11847898806065958
131.23915000001318,-0.11184742096155442
131.24748000001318,-0.10473840670918802
131.25581000001318,-0.09635351911685713
131.26414000001319,-0.08888058172214605
131.2724700000132,-0.08004346806822686
131.2808000000132,-0.06800217026447007
131.2891300000132,-0.05501515156587788
131.2974600000132,-0.04106699450000843
131.3057900000132,-0.026673735255189773
131.3141200000132,-0.012492955063792487
131.3224500000132,0.0004953260161770024
131.3307800000132,0.011846713045558944
131.3391100000132,0.020755304552728275
131.3474400000132,0.02956430761670404
131.3557700000132,0.03800768225297896
131.3641000000132,0.04461474998293161
131.3724300000132,0.052527986469376606
131.3807600000132,0.061213671800154204
131.3890900000132,0.06930035940298183
131.3974200000132,0.07694024973963276
131.4057500000132,0.08294496298410811
131.4140800000132,0.08748752142401899
131.4224100000132,0.09046767703764569
131.4307400000132,0.09262323866528852
131.4390700000132,0.09308563041366545
131.4474000000132,0.09278847931717732
131.4557300000132,0.0902642200361701
131.4640600000132,0.08546416424877654
131.4723900000132,0.07763406928478671
131.4807200000132,0.065733380126746
131.4890500000132,0.050532583598743366
131.4973800000132,0.03383233930987608
131.5057100000132,0.01746021747935631
131.5140400000132,0.0043882519470193814
131.5223700000132,-0.004800610855174138
131.5307000000132,-0.011398083254438278
131.5390300000132,-0.017039270192183476
131.5473600000132,-0.020608210837664467
131.55569000001321,-0.023109464336446454
131.56402000001322,-0.024050838626785014
131.57235000001322,-0.026209472789114844
131.58068000001322,-0.028442201710718602
131.58901000001322,-0.027500228523839796
131.59734000001322,-0.022768529695196115
131.60567000001322,-0.013690001460748596
131.61400000001322,-0.0012587362518398004
131.62233000001322,0.012846666251707365
131.63066000001322,0.026502764992229602
131.63899000001322,0.03887293212137298
131.64732000001322,0.050089088248996334
131.65565000001322,0.05897715012783137
131.66398000001323,0.06467783918545496
131.67231000001323,0.06779819359519447
131.68064000001323,0.0713122747212588
131.68897000001323,0.07591682220293704
131.69730000001323,0.08045162458851271
131.70563000001323,0.08476815340704914
131.71396000001323,0.08810899206604982
131.72229000001323,0.0909816784753553
131.73062000001323,0.09323324991714198
131.73895000001323,0.09526717535564709
131.74728000001323,0.09566460133955658
131.75561000001323,0.09436739398439142
131.76394000001324,0.0892360697397013
131.77227000001324,0.08053554521651482
131.78060000001324,0.06905131101898981
131.78893000001324,0.05464983190408984
131.79726000001324,0.03764354574990895
131.80559000001324,0.018459173266175712
131.81392000001324,-0.0008330829729353357
131.82225000001324,-0.01799845479300981
131.83058000001324,-0.032138333841980074
131.83891000001324,-0.043478381710318294
131.84724000001324,-0.05298239616060588
131.85557000001324,-0.05761985325328207
131.86390000001325,-0.06010227856208616
131.87223000001325,-0.06231427502400946
131.88056000001325,-0.06383134647589395
131.88889000001325,-0.06456451227292169
131.89722000001325,-0.06295221341998569
131.90555000001325,-0.060597063999531776
131.91388000001325,-0.058068815908608684
131.92221000001325,-0.05477423323201581
131.93054000001325,-0.0516612581998272
131.93887000001325,-0.04738302622645664
131.94720000001325,-0.03964839360723738
131.95553000001325,-0.02725793965251062
131.96386000001326,-0.013242644836627035
131.97219000001326,-0.0002116187086550615
131.98052000001326,0.011641130741953234
131.98885000001326,0.024924639409866337
131.99718000001326,0.040195578619669804
132.00551000001326,0.05412277848157427
132.01384000001326,0.06421709853319668
132.02217000001326,0.07112891106228207
132.03050000001326,0.07497512822517839
132.03883000001326,0.078428101655739
132.04716000001326,0.08108879821921954
132.05549000001326,0.08120142144570403
132.06382000001327,0.0779459096152185
132.07215000001327,0.07188944290786672
132.08048000001327,0.06449011321308862
132.08881000001327,0.05785265229865688
132.09714000001327,0.051841292703309186
132.10547000001327,0.04501301977822993
132.11380000001327,0.038339221458706045
132.12213000001327,0.0313336323235232
132.13046000001327,0.021219809929570118
132.13879000001327,0.011185829019848725
132.14712000001327,-0.0010204793247528578
132.15545000001327,-0.0169173525649688
132.16378000001328,-0.0347894314266077
132.17211000001328,-0.05194748548907778
132.18044000001328,-0.06812673109961645
132.18877000001328,-0.0826476016615993
132.19710000001328,-0.09425184833485552
132.20543000001328,-0.10288553428750061
132.21376000001328,-0.10755723013765611
132.22209000001328,-0.1095211158842997
132.23042000001328,-0.11028627888054143
132.23875000001328,-0.10834299447663046
132.24708000001328,-0.10694611625927782
132.25541000001328,-0.10517236847972397
132.26374000001329,-0.10092270793269781
132.2720700000133,-0.09484036584732597
132.2804000000133,-0.08756599966607388
132.2887300000133,-0.08002567621015563
132.2970600000133,-0.071502074023743
132.3053900000133,-0.0622443205910232
132.3137200000133,-0.05215645158841865
132.3220500000133,-0.03996569249446255
132.3303800000133,-0.027795878152287398
132.3387100000133,-0.016132741828311137
132.3470400000133,-0.003289427769103627
132.3553700000133,0.012227091504410774
132.3637000000133,0.028028753925560028
132.3720300000133,0.043061233511975085
132.3803600000133,0.05790384169730934
132.3886900000133,0.07017478528878533
132.3970200000133,0.08043324205878741
132.4053500000133,0.09011279836250403
132.4136800000133,0.09906379588700094
132.4220100000133,0.10664318412710319
132.4303400000133,0.10989390633856815
132.4386700000133,0.1130864123802117
132.4470000000133,0.11878937530312794
132.4553300000133,0.12712447949760175
132.4636600000133,0.135636373624802
132.4719900000133,0.143408569838251
132.4803200000133,0.1492140709583595
132.4886500000133,0.15150338096786076
132.4969800000133,0.1511827742118263
132.5053100000133,0.14985582913144285
132.5136400000133,0.145932720091565
132.5219700000133,0.13864406696442047
132.5303000000133,0.1281668189508997
132.5386300000133,0.11878591718100465
132.5469600000133,0.11113610805007725
132.55529000001331,0.10391144054174237
132.56362000001332,0.09720132913120032
132.57195000001332,0.08943218107824498
132.58028000001332,0.07982810127600583
132.58861000001332,0.0710637266658608
132.59694000001332,0.06107453729149597
132.60527000001332,0.04731144638564949
132.61360000001332,0.029911320604952014
132.62193000001332,0.010375908161705359
132.63026000001332,-0.009891224874508199
132.63859000001332,-0.029515645191845817
132.64692000001332,-0.04668706321552111
132.65525000001333,-0.06301033797655724
132.66358000001333,-0.07850203890899864
132.67191000001333,-0.09434015616219847
132.68024000001333,-0.10932408875818853
132.68857000001333,-0.12210040534151836
132.69690000001333,-0.13678430171074918
132.70523000001333,-0.15487993935324607
132.71356000001333,-0.1729227867951821
132.72189000001333,-0.18939980282367186
132.73022000001333,-0.20226615287870647
132.73855000001333,-0.21007163913185067
132.74688000001333,-0.2131724300484426
132.75521000001334,-0.21272632504197944
132.76354000001334,-0.20910562403514743
132.77187000001334,-0.2033718803301367
132.78020000001334,-0.19361212171950254
132.78853000001334,-0.18050124309380483
132.79686000001334,-0.16483740387050932
132.80519000001334,-0.14767916013802554
132.81352000001334,-0.12806811175106075
132.82185000001334,-0.10975333789184384
132.83018000001334,-0.09175976021066216
132.83851000001334,-0.07229395579569321
132.84684000001334,-0.052352860973310475
132.85517000001335,-0.03256467756730431
132.86350000001335,-0.013011497760258353
132.87183000001335,0.007293072267160404
132.88016000001335,0.02935903773540496
132.88849000001335,0.05078840206650285
132.89682000001335,0.07020381478788387
132.90515000001335,0.08626346946047143
132.91348000001335,0.09865999188467871
132.92181000001335,0.10628852125719984
132.93014000001335,0.11206614133772297
132.93847000001335,0.11677356330814556
132.94680000001335,0.11916106456650043
132.95513000001336,0.11955180125292249
132.96346000001336,0.12042570544598252
132.97179000001336,0.12186922786587503
132.98012000001336,0.12246789267045198
132.98845000001336,0.12037536091932642
132.99678000001336,0.11562165687978179
133.00511000001336,0.10870468260795112
133.01344000001336,0.0996728470110229
133.02177000001336,0.08964982943500721
133.03010000001336,0.08003510883263236
133.03843000001336,0.07194715022888058
133.04676000001336,0.06610079609882467
133.05509000001337,0.06256328293914054
133.06342000001337,0.061157064712766405
133.07175000001337,0.062469663275057305
133.08008000001337,0.06666383885171938
133.08841000001337,0.07151079843001755
133.09674000001337,0.07643110664619467
133.10507000001337,0.08081273973292946
133.11340000001337,0.08300604389773522
133.12173000001337,0.08375650817537446
133.13006000001337,0.08433502312105251
133.13839000001337,0.08533541862573568
133.14672000001337,0.08619591536330677
133.15505000001338,0.08601043883333201
133.16338000001338,0.08552537498622917
133.17171000001338,0.08564991785449949
133.18004000001338,0.08572500083895707
133.18837000001338,0.08652068493811216
133.19670000001338,0.08788668335798962
133.20503000001338,0.0889504843123592
133.21336000001338,0.08907300018450756
133.22169000001338,0.08860814086362484
133.23002000001338,0.08761502015759443
133.23835000001338,0.08657105783868538
133.24668000001338,0.08625496520502303
133.25501000001339,0.08298681562276151
133.2633400000134,0.07399382890841491
133.2716700000134,0.059387315253435304
133.2800000000134,0.04070573256492296
133.2883300000134,0.020926043135332136
133.2966600000134,4.5427853221140825e-06
133.3049900000134,-0.020934891471505995
133.3133200000134,-0.04038853883819998
133.3216500000134,-0.058200239883524886
133.3299800000134,-0.074003531361369
133.3383100000134,-0.08650288033587772
133.3466400000134,-0.09520250309458127
133.3549700000134,-0.10391696725415023
133.3633000000134,-0.11321519343100295
133.3716300000134,-0.1203564318710555
133.3799600000134,-0.12653153020020874
133.3882900000134,-0.13162904508347276
133.3966200000134,-0.13488939448029616
133.4049500000134,-0.13654423603606883
133.4132800000134,-0.13709273489505455
133.4216100000134,-0.13778986928878828
133.4299400000134,-0.1390013131813566
133.4382700000134,-0.13833456603050567
133.4466000000134,-0.13432847199487244
133.4549300000134,-0.12701463194630608
133.4632600000134,-0.11584342781659805
133.4715900000134,-0.09957125727311322
133.4799200000134,-0.08047926575099466
133.4882500000134,-0.0630830343549438
133.4965800000134,-0.046360425967554214
133.5049100000134,-0.028415625445991546
133.5132400000134,-0.010309705781392285
133.5215700000134,0.006367186131389058
133.5299000000134,0.021458126904979117
133.5382300000134,0.03479711869171289
133.54656000001341,0.04601572070666591
133.55489000001342,0.055857644775221524
133.56322000001342,0.06489495823460473
133.57155000001342,0.07343793545686449
133.57988000001342,0.07970754121170415
133.58821000001342,0.08043793786682119
133.59654000001342,0.07964422784882526
133.60487000001342,0.07971657357110538
133.61320000001342,0.07927334043989254
133.62153000001342,0.07853808831011026
133.62986000001342,0.07769388810195982
133.63819000001342,0.07572819729118696
133.64652000001342,0.07387241860977123
133.65485000001343,0.07350970901811
133.66318000001343,0.0738356049387082
133.67151000001343,0.07521840269321016
133.67984000001343,0.07743374636398742
133.68817000001343,0.07952463731551282
133.69650000001343,0.08175710681347524
133.70483000001343,0.08374684447336371
133.71316000001343,0.08491151908225839
133.72149000001343,0.08521927459954655
133.72982000001343,0.08478631208176597
133.73815000001343,0.0824822308537059
133.74648000001343,0.08065679024478939
133.75481000001344,0.07703307110915217
133.76314000001344,0.06952996927330538
133.77147000001344,0.061154876268709656
133.77980000001344,0.052541375110347094
133.78813000001344,0.04346147963899281
133.79646000001344,0.03253360888391788
133.80479000001344,0.019495660583006717
133.81312000001344,0.005281956083589199
133.82145000001344,-0.008664736911969485
133.82978000001344,-0.020799794523404903
133.83811000001344,-0.03183851795603251
133.84644000001344,-0.03918297183214034
133.85477000001345,-0.04645519185826843
133.86310000001345,-0.05566377991698527
133.87143000001345,-0.06412407975114107
133.87976000001345,-0.0721779901356127
133.88809000001345,-0.08032773023571094
133.89642000001345,-0.09058676371771261
133.90475000001345,-0.1000889930369998
133.91308000001345,-0.10545901583935464
133.92141000001345,-0.10711192457967428
133.92974000001345,-0.10499466812897965
133.93807000001345,-0.10002407927870624
133.94640000001345,-0.09283436255655181
133.95473000001346,-0.08226363481635195
133.96306000001346,-0.068472107393232
133.97139000001346,-0.0530570194775898
133.97972000001346,-0.03736749833203427
133.98805000001346,-0.021072568809827833
133.99638000001346,-0.005557863186650243
134.00471000001346,0.010738717746028385
134.01304000001346,0.028010455954789727
134.02137000001346,0.043284947035575685
134.02970000001346,0.05793000055467706
134.03803000001346,0.07381372720149988
134.04636000001346,0.08729374522050448
134.05469000001347,0.09943436177060008
134.06302000001347,0.11000518962784643
134.07135000001347,0.11539211823999096
134.07968000001347,0.1168122248627022
134.08801000001347,0.11691390664060806
134.09634000001347,0.11538266638649608
134.10467000001347,0.11220757024249657
134.11300000001347,0.10711567382488309
134.12133000001347,0.10069518996446815
134.12966000001347,0.09527515006459514
134.13799000001347,0.091491591506374
134.14632000001347,0.0838324744396281
134.15465000001348,0.07190437564518859
134.16298000001348,0.05735344061347483
134.17131000001348,0.03964111067275791
134.17964000001348,0.01958460871036476
134.18797000001348,-7.547081085196876e-05
134.19630000001348,-0.017698695647482027
134.20463000001348,-0.034004140014726146
134.21296000001348,-0.04952091586881069
134.22129000001348,-0.06402582576007901
134.22962000001348,-0.07696690591416225
134.23795000001348,-0.08582450587915516
134.24628000001348,-0.09349221636894205
134.25461000001349,-0.10234868019379838
134.2629400000135,-0.11136415521852255
134.2712700000135,-0.1205110645987798
134.2796000000135,-0.13133700814620056
134.2879300000135,-0.1388057793089691
134.2962600000135,-0.1399109522909685
134.3045900000135,-0.13731218650304394
134.3129200000135,-0.13045617363630288
134.3212500000135,-0.12119013495080724
134.3295800000135,-0.11139568600754911
134.3379100000135,-0.09753627022210565
134.3462400000135,-0.08130006042988623
134.3545700000135,-0.06532578766403416
134.3629000000135,-0.04963056842840533
134.3712300000135,-0.03585536856239194
134.3795600000135,-0.025679761414804648
134.3878900000135,-0.014816128071263205
134.3962200000135,-0.0008851632985085875
134.4045500000135,0.012663597735123723
134.4128800000135,0.02569328451364125
134.4212100000135,0.03696935333252924
134.4295400000135,0.04590393497148397
134.4378700000135,0.05598649023151185
134.4462000000135,0.06681317770902326
134.4545300000135,0.07636492412868805
134.4628600000135,0.08395998520271666
134.4711900000135,0.08993148137134319
134.4795200000135,0.09292121965072847
134.4878500000135,0.0938108041869972
134.4961800000135,0.09410796712982998
134.5045100000135,0.0920807938681988
134.5128400000135,0.08775531754886055
134.5211700000135,0.08255538080797273
134.5295000000135,0.07704991904674986
134.5378300000135,0.07151931319937095
134.54616000001351,0.0677896159337481
134.55449000001352,0.06589578566573787
134.56282000001352,0.06406446732826475
134.57115000001352,0.06273095688887996
134.57948000001352,0.05950311608840988
134.58781000001352,0.054569575557520254
134.59614000001352,0.05023519323416539
134.60447000001352,0.046692272403411623
134.61280000001352,0.043637242088179144
134.62113000001352,0.041113248269798904
134.62946000001352,0.03966951728140666
134.63779000001352,0.041484205181953455
134.64612000001352,0.04732931588009681
134.65445000001353,0.053356186181765144
134.66278000001353,0.05676284722851932
134.67111000001353,0.058908473092400555
134.67944000001353,0.05946949888603861
134.68777000001353,0.05991486086261421
134.69610000001353,0.061516186768371055
134.70443000001353,0.062202115360168495
134.71276000001353,0.062114310683131106
134.72109000001353,0.06164846809539952
134.72942000001353,0.06138756570583882
134.73775000001353,0.06109338159034471
134.74608000001354,0.05882523914915611
134.75441000001354,0.0544444868719982
134.76274000001354,0.04859418084626872
134.77107000001354,0.042973183432599434
134.77940000001354,0.03825332306718964
134.78773000001354,0.032984577307226315
134.79606000001354,0.026147669090598583
134.80439000001354,0.017916518242624725
134.81272000001354,0.010434970465259681
134.82105000001354,0.006180973492854662
134.82938000001354,0.0024084785668742775
134.83771000001354,-0.00586781776171078
134.84604000001355,-0.016833722026855926
134.85437000001355,-0.02624838641734016
134.86270000001355,-0.034462061366313676
134.87103000001355,-0.04317638293852233
134.87936000001355,-0.05242886526425743
134.88769000001355,-0.06302263930269035
134.89602000001355,-0.07408265601787249
134.90435000001355,-0.08228438231556452
134.91268000001355,-0.08610565755137267
134.92101000001355,-0.08569645324166605
134.92934000001355,-0.08379302099659287
134.93767000001355,-0.08323510271119933
134.94600000001356,-0.08213517449785084
134.95433000001356,-0.07816465804117624
134.96266000001356,-0.0735447612345807
134.97099000001356,-0.07156809548534777
134.97932000001356,-0.07129119972345967
134.98765000001356,-0.0713556453459438
134.99598000001356,-0.07137667358807594
135.00431000001356,-0.06996637453584535
135.01264000001356,-0.06754338686403903
135.02097000001356,-0.06512875046760097
135.02930000001356,-0.06207250262970646
135.03763000001356,-0.060062951630865266
135.04596000001357,-0.05901406453586529
135.05429000001357,-0.05729776504229404
135.06262000001357,-0.05442844360039918
135.07095000001357,-0.049827538414405105
135.07928000001357,-0.04277907305338264
135.08761000001357,-0.032377061331969686
135.09594000001357,-0.01988997334088752
135.10427000001357,-0.006768073636933521
135.11260000001357,0.006194316154467728
135.12093000001357,0.018982057101095243
135.12926000001357,0.0304881928764592
135.13759000001357,0.03876564252160794
135.14592000001358,0.045297126876769976
135.15425000001358,0.05235673456536373
135.16258000001358,0.06105668441334717
135.17091000001358,0.07207703827228922
135.17924000001358,0.08567085698560518
135.18757000001358,0.10013428231049269
135.19590000001358,0.11350306567810325
135.20423000001358,0.1259133196000167
135.21256000001358,0.13719169025816877
135.22089000001358,0.14790644750464974
135.22922000001358,0.15705607323128412
135.23755000001358,0.16387115751466175
135.24588000001359,0.16990745864244408
135.2542100000136,0.17470906409354464
135.2625400000136,0.17606109191892894
135.2708700000136,0.17395718145253633
135.2792000000136,0.17078480291565512
135.2875300000136,0.1653070111010256
135.2958600000136,0.15562848084283978
135.3041900000136,0.14311352000477043
135.3125200000136,0.1284953028865459
135.3208500000136,0.11374939065196027
135.3291800000136,0.09862554995683459
135.3375100000136,0.08126697210815355
135.3458400000136,0.06145066766733717
135.3541700000136,0.03892836947299242
135.3625000000136,0.015028233039799482
135.3708300000136,-0.008460036675438105
135.3791600000136,-0.029405333071014558
135.3874900000136,-0.046937121074210074
135.3958200000136,-0.06448048685642876
135.4041500000136,-0.08254309533615077
135.4124800000136,-0.09933490568545458
135.4208100000136,-0.11537957985694589
135.4291400000136,-0.1310072342940147
135.4374700000136,-0.1452893704750307
135.4458000000136,-0.1573646434025217
135.4541300000136,-0.16799202991095702
135.4624600000136,-0.17614609241410126
135.4707900000136,-0.18081511806335204
135.4791200000136,-0.18164085562849402
135.4874500000136,-0.17855188656565205
135.4957800000136,-0.1740750034040006
135.5041100000136,-0.16769371660380922
135.5124400000136,-0.15845001451560342
135.5207700000136,-0.14839669804040156
135.5291000000136,-0.13606267025247265
135.53743000001361,-0.12104615430906465
135.54576000001362,-0.1055509536906537
135.55409000001362,-0.09053957863486162
135.56242000001362,-0.0752309457866514
135.57075000001362,-0.05962994727046123
135.57908000001362,-0.04560381791710562
135.58741000001362,-0.03644998911382823
135.59574000001362,-0.0295893746533871
135.60407000001362,-0.019259880836424874
135.61240000001362,-0.007010770613222117
135.62073000001362,0.0035811375620198684
135.62906000001362,0.012430024179440039
135.63739000001362,0.0200774050007849
135.64572000001363,0.026350445582456576
135.65405000001363,0.0325719558456423
135.66238000001363,0.03980489064895644
135.67071000001363,0.046748424878660794
135.67904000001363,0.05192161229760384
135.68737000001363,0.0523730127351763
135.69570000001363,0.049691678634385686
135.70403000001363,0.04715865906856395
135.71236000001363,0.041905547645865945
135.72069000001363,0.03250072969855313
135.72902000001363,0.020764764079933946
135.73735000001363,0.009130805733234416
135.74568000001364,-0.001545415841771919
135.75401000001364,-0.010281492584821281
135.76234000001364,-0.016043327093959447
135.77067000001364,-0.019893367507380022
135.77900000001364,-0.022120242437654574
135.78733000001364,-0.02415605126861519
135.79566000001364,-0.027041645744323602
135.80399000001364,-0.030258289545226368
135.81232000001364,-0.03341131279016047
135.82065000001364,-0.03479759861555013
135.82898000001364,-0.03392799278159375
135.83731000001364,-0.030500518724597598
135.84564000001365,-0.02503358652616124
135.85397000001365,-0.018820825818115113
135.86230000001365,-0.013268827544119788
135.87063000001365,-0.009046044321966054
135.87896000001365,-0.005249520917842981
135.88729000001365,-0.0011820040033829232
135.89562000001365,0.002039434710354411
135.90395000001365,0.003265623649815893
135.91228000001365,0.0037578290281354895
135.92061000001365,0.0042425540768596965
135.92894000001365,0.004214049824383084
135.93727000001365,0.004032061174565386
135.94560000001366,0.003353937432685429
135.95393000001366,0.002097639295144917
135.96226000001366,0.0003659954396320226
135.97059000001366,-0.0012841925385661229
135.97892000001366,-0.0024783632855023764
135.98725000001366,-0.0038727159503156123
135.99558000001366,-0.0064226439137096145
136.00391000001366,-0.010491068800072497
136.01224000001366,-0.015077591778601856
136.02057000001366,-0.01934713035346678
136.02890000001366,-0.02347131417201016
136.03723000001366,-0.027303673726253967
136.04556000001367,-0.030150220760240237
136.05389000001367,-0.03243492015592561
136.06222000001367,-0.03426432546276302
136.07055000001367,-0.036651746979074515
136.07888000001367,-0.04010879690427024
136.08721000001367,-0.04461225721946494
136.09554000001367,-0.048800242226233755
136.10387000001367,-0.0518359249202312
136.11220000001367,-0.053038418187242004
136.12053000001367,-0.050473922140824905
136.12886000001367,-0.04481468385572357
136.13719000001367,-0.03789521454468765
136.14552000001368,-0.030378729632990483
136.15385000001368,-0.02375343114324933
136.16218000001368,-0.01882646653426148
136.17051000001368,-0.01708563000804276
136.17884000001368,-0.018006910879787126
136.18717000001368,-0.021340555031553562
136.19550000001368,-0.026938152651575918
136.20383000001368,-0.03449405435280433
136.21216000001368,-0.04303923615223602
136.22049000001368,-0.050582523894770796
136.22882000001368,-0.05714279207416818
136.23715000001368,-0.06257639278565859
136.24548000001369,-0.06599756187741983
136.2538100000137,-0.0669413221745033
136.2621400000137,-0.065994314170068
136.2704700000137,-0.06371678476536616
136.2788000000137,-0.06051838416238959
136.2871300000137,-0.05842626550799863
136.2954600000137,-0.05831080460019684
136.3037900000137,-0.05985891309353649
136.3121200000137,-0.06246814286579895
136.3204500000137,-0.06572657409022327
136.3287800000137,-0.06821765080741081
136.3371100000137,-0.06733758872915879
136.3454400000137,-0.06290423411017836
136.3537700000137,-0.05622922054829083
136.3621000000137,-0.04822421793885506
136.3704300000137,-0.03857082810226536
136.3787600000137,-0.028147537415316472
136.3870900000137,-0.018610543333844015
136.3954200000137,-0.010850066050687862
136.4037500000137,-0.005924098897852033
136.4120800000137,-0.004315535533713393
136.4204100000137,-0.005191835706498919
136.4287400000137,-0.007016601718604857
136.4370700000137,-0.008410024189555203
136.4454000000137,-0.009022787516390005
136.4537300000137,-0.009519150524637214
136.4620600000137,-0.009397075380848966
136.4703900000137,-0.00838529512793068
136.4787200000137,-0.0078056281708222975
136.4870500000137,-0.00846940436559488
136.4953800000137,-0.011728865903832571
136.5037100000137,-0.018224070242777033
136.5120400000137,-0.027257812018484477
136.5203700000137,-0.03769531411329303
136.5287000000137,-0.04907262136735956
136.53703000001371,-0.060998517144094766
136.54536000001372,-0.07299987436814175
136.55369000001372,-0.08318541331205347
136.56202000001372,-0.09103342367327154
136.57035000001372,-0.09844399742435797
136.57868000001372,-0.10537387381478995
136.58701000001372,-0.10999572575439963
136.59534000001372,-0.11184726398882278
136.60367000001372,-0.111255426079318
136.61200000001372,-0.10868555852901979
136.62033000001372,-0.10477487055252341
136.62866000001372,-0.10069207137008047
136.63699000001372,-0.09658334670305332
136.64532000001373,-0.08963850451921224
136.65365000001373,-0.07947388273821188
136.66198000001373,-0.06743974305675085
136.67031000001373,-0.052068405780781535
136.67864000001373,-0.03297482364696482
136.68697000001373,-0.012419963328371381
136.69530000001373,0.008003993224401415
136.70363000001373,0.02593972029954958
136.71196000001373,0.04211146338038788
136.72029000001373,0.05731981290799646
136.72862000001373,0.0703622638228859
136.73695000001374,0.08257262581529666
136.74528000001374,0.09506721634611248
136.75361000001374,0.10641115391786726
136.76194000001374,0.11810697894913871
136.77027000001374,0.13134665530585324
136.77860000001374,0.14392848845357592
136.78693000001374,0.15342955484075807
136.79526000001374,0.1585633208172397
136.80359000001374,0.15926204316667705
136.81192000001374,0.157899993114667
136.82025000001374,0.15402898047674002
136.82858000001374,0.1458131845798153
136.83691000001375,0.135046572935612
136.84524000001375,0.12480256833538221
136.85357000001375,0.11477919689189335
136.86190000001375,0.10217832859987788
136.87023000001375,0.08716216787947936
136.87856000001375,0.0703114950136821
136.88689000001375,0.05202271146437624
136.89522000001375,0.03195410765497074
136.90355000001375,0.012073538701432242
136.91188000001375,-0.006564765941933016
136.92021000001375,-0.024664209294782843
136.92854000001375,-0.041822560217075075
136.93687000001376,-0.05573990325061534
136.94520000001376,-0.06496421064843731
136.95353000001376,-0.07319559178171527
136.96186000001376,-0.08296673311686092
136.97019000001376,-0.09312607602610776
136.97852000001376,-0.10386168318422408
136.98685000001376,-0.1132978248112716
136.99518000001376,-0.12078348751533116
137.00351000001376,-0.12634419309200134
137.01184000001376,-0.13039056939760557
137.02017000001376,-0.1342736440285957
137.02850000001376,-0.13630342629868764
137.03683000001377,-0.13615596220691575
137.04516000001377,-0.13384419633510736
137.05349000001377,-0.12957283226058405
137.06182000001377,-0.12421538513691249
137.07015000001377,-0.1176466258626019
137.07848000001377,-0.10954414685082432
137.08681000001377,-0.10027647818103833
137.09514000001377,-0.09114671376486187
137.10347000001377,-0.08321337273357841
137.11180000001377,-0.07637397701109314
137.12013000001377,-0.07075598672612576
137.12846000001377,-0.06418319679140477
137.13679000001378,-0.05669089683290866
137.14512000001378,-0.04844741019529857
137.15345000001378,-0.03973661998132783
137.16178000001378,-0.0330463875484287
137.17011000001378,-0.027154250635291248
137.17844000001378,-0.021074653270852037
137.18677000001378,-0.016208345848291016
137.19510000001378,-0.012749846803740387
137.20343000001378,-0.010931198608588722
137.21176000001378,-0.009762947989354422
137.22009000001378,-0.006828541727517468
137.22842000001378,-0.002107269947061415
137.23675000001379,0.004689862442313824
137.2450800000138,0.013089013861373728
137.2534100000138,0.022612927153955676
137.2617400000138,0.032168791485459834
137.2700700000138,0.04190231650622369
137.2784000000138,0.05117251827204802
137.2867300000138,0.059220675005990646
137.2950600000138,0.06689718281383754
137.3033900000138,0.0731859764980643
137.3117200000138,0.07835603023668143
137.3200500000138,0.08371910202803388
137.3283800000138,0.0876427000207073
137.3367100000138,0.08944799254801075
137.3450400000138,0.08990960623947912
137.3533700000138,0.09021778733858925
137.3617000000138,0.0909685815014432
137.3700300000138,0.09085245043771231
137.3783600000138,0.09014726734844697
137.3866900000138,0.09025425097211144
137.3950200000138,0.09180124609967846
137.4033500000138,0.09279867594799122
137.4116800000138,0.0916866760627007
137.4200100000138,0.08932774060792477
137.4283400000138,0.08520433442403758
137.4366700000138,0.07963464975973171
137.4450000000138,0.0751696468124734
137.4533300000138,0.07056829900527853
137.4616600000138,0.0642936133670215
137.4699900000138,0.05709297928137335
137.4783200000138,0.049893699446401776
137.4866500000138,0.04286206149663876
137.4949800000138,0.036457451163528984
137.5033100000138,0.030639325165611644
137.5116400000138,0.025620584782544094
137.5199700000138,0.02169998831515111
137.52830000001381,0.01907796592374573
137.53663000001382,0.019945174651218128
137.54496000001382,0.023226623812350064
137.55329000001382,0.025652150435289296
137.56162000001382,0.026611141100551683
137.56995000001382,0.027399105783304248
137.57828000001382,0.027827611298376718
137.58661000001382,0.027722530203073262
137.59494000001382,0.026963562863114927
137.60327000001382,0.026302182825875948
137.61160000001382,0.02630101720644058
137.61993000001382,0.025220354379442887
137.62826000001382,0.02403161839287619
137.63659000001383,0.023916243245168858
137.64492000001383,0.022803226475586285
137.65325000001383,0.017824066636102958
137.66158000001383,0.009613147681043231
137.66991000001383,-0.0010736377247907783
137.67824000001383,-0.012077933438995884
137.68657000001383,-0.02361213371600104
137.69490000001383,-0.03637351951707666
137.70323000001383,-0.04827617386833207
137.71156000001383,-0.0579385084520958
137.71989000001383,-0.06544888442664698
137.72822000001383,-0.06982737762276324
137.73655000001384,-0.07169792055272403
137.74488000001384,-0.07296531992940992
137.75321000001384,-0.07539683694112365
137.76154000001384,-0.07747228381284263
137.76987000001384,-0.08031423313164304
137.77820000001384,-0.08410892504832335
137.78653000001384,-0.08810365902458743
137.79486000001384,-0.0904194686250747
137.80319000001384,-0.09086451965323844
137.81152000001384,-0.09093910442001288
137.81985000001384,-0.08919429662595516
137.82818000001384,-0.08336044398521095
137.83651000001385,-0.07504168517694282
137.84484000001385,-0.06531054855056913
137.85317000001385,-0.052036617493365904
137.86150000001385,-0.03595017498836842
137.86983000001385,-0.020606524137463698
137.87816000001385,-0.006946384291250359
137.88649000001385,0.005727886717355745
137.89482000001385,0.017364594204899858
137.90315000001385,0.0303589961404108
137.91148000001385,0.04485039719934554
137.91981000001385,0.06078081643255673
137.92814000001385,0.0779678777812846
137.93647000001386,0.09421641079196175
137.94480000001386,0.1096770785127109
137.95313000001386,0.12481427221885819
137.96146000001386,0.13680320154861803
137.96979000001386,0.14472483033437383
137.97812000001386,0.1489934055179097
137.98645000001386,0.14937817810639753
137.99478000001386,0.14729201954344787
138.00311000001386,0.14793443854850913
138.01144000001386,0.14926097205967115
138.01977000001386,0.14496350275806535
138.02810000001386,0.13677229945341485
138.03643000001387,0.12568754431596882
138.04476000001387,0.11242834376647844
138.05309000001387,0.09607139961003582
138.06142000001387,0.0779240940895464
138.06975000001387,0.05822072812743783
138.07808000001387,0.03756975727580924
138.08641000001387,0.016081088449377404
138.09474000001387,-0.005490820451052959
138.10307000001387,-0.024675526194651073
138.11140000001387,-0.042117290987137936
138.11973000001387,-0.05943878218104219
138.12806000001387,-0.07322428647298083
138.13639000001388,-0.08338767984117955
138.14472000001388,-0.08920857830534477
138.15305000001388,-0.0917105726770797
138.16138000001388,-0.0927667783674934
138.16971000001388,-0.0949349635270476
138.17804000001388,-0.09384204176436395
138.18637000001388,-0.08976089438238877
138.19470000001388,-0.08321682224215123
138.20303000001388,-0.07515663367743505
138.21136000001388,-0.0669923227803709
138.21969000001388,-0.05836243778846025
138.22802000001388,-0.050273573278761384
138.23635000001389,-0.041207288644152365
138.2446800000139,-0.031446992560198374
138.2530100000139,-0.021813342497770314
138.2613400000139,-0.013155046086605516
138.2696700000139,-0.004917553658511843
138.2780000000139,0.005039198682896667
138.2863300000139,0.015128337753123822
138.2946600000139,0.024323299069928278
138.3029900000139,0.029846459511072242
138.3113200000139,0.031497209312723096
138.3196500000139,0.03131712348260019
138.3279800000139,0.03103644638757156
138.3363100000139,0.03204579520769619
138.3446400000139,0.0332527001104522
138.3529700000139,0.03385107312529147
138.3613000000139,0.032801644576039284
138.3696300000139,0.03063511736545034
138.3779600000139,0.028789554601570712
138.3862900000139,0.027770211074966442
138.3946200000139,0.026144315807301276
138.4029500000139,0.022425089769771703
138.4112800000139,0.017702034808769293
138.4196100000139,0.012918355543823045
138.4279400000139,0.009178918789656963
138.4362700000139,0.005729274540439968
138.4446000000139,0.002407442456512886
138.4529300000139,-0.002026576583627936
138.4612600000139,-0.00708526318044942
138.4695900000139,-0.010949160096040477
138.4779200000139,-0.0127482021321958
138.4862500000139,-0.013725026149958882
138.4945800000139,-0.013956236266804898
138.5029100000139,-0.014069009492381735
138.5112400000139,-0.01456863197270134
138.5195700000139,-0.015108663191187087
138.52790000001391,-0.015474958160176439
138.53623000001392,-0.014808400590411556
138.54456000001392,-0.013208893654916655
138.55289000001392,-0.012833771028266666
138.56122000001392,-0.014538176710519478
138.56955000001392,-0.01762865963670198
138.57788000001392,-0.021953180990560196
138.58621000001392,-0.02658278175885376
138.59454000001392,-0.030351828304760423
138.60287000001392,-0.03523326441789669
138.61120000001392,-0.042847662186419236
138.61953000001392,-0.05066344303669348
138.62786000001392,-0.05806367571521675
138.63619000001393,-0.06337772663134733
138.64452000001393,-0.06680046151838878
138.65285000001393,-0.06926157469938982
138.66118000001393,-0.07110973139779675
138.66951000001393,-0.07358725976471657
138.67784000001393,-0.0764129610746774
138.68617000001393,-0.07614211376828789
138.69450000001393,-0.07273867351540562
138.70283000001393,-0.06814850925447664
138.71116000001393,-0.062145626169041325
138.71949000001393,-0.05440421933166172
138.72782000001393,-0.044190037127341146
138.73615000001394,-0.034000770455786776
138.74448000001394,-0.025092589940471255
138.75281000001394,-0.015958836155435124
138.76114000001394,-0.008982012668936818
138.76947000001394,-0.007324203207162777
138.77780000001394,-0.004723963219084351
138.78613000001394,0.0010470789080053034
138.79446000001394,0.008944062067772212
138.80279000001394,0.019142150291562802
138.81112000001394,0.03009298663343133
138.81945000001394,0.03944585966511284
138.82778000001395,0.048717519589950214
138.83611000001395,0.05556012895086709
138.84444000001395,0.06055639044552153
138.85277000001395,0.0653809674269819
138.86110000001395,0.06880967240620378
138.86943000001395,0.06788851004978017
138.87776000001395,0.06747538676547801
138.88609000001395,0.06597706146866629
138.89442000001395,0.0647172816794223
138.90275000001395,0.06253180186816976
138.91108000001395,0.05615519154080783
138.91941000001395,0.04657388239184951
138.92774000001396,0.03481848490028009
138.93607000001396,0.023088231362784914
138.94440000001396,0.013095486982112098
138.95273000001396,0.005358935333508926
138.96106000001396,-0.0025059262691593757
138.96939000001396,-0.01111036471452832
138.97772000001396,-0.019297654251859815
138.98605000001396,-0.025822535914233613
138.99438000001396,-0.029737957709561638
139.00271000001396,-0.03237137661297529
139.01104000001396,-0.03437518582331596
139.01937000001396,-0.03518091688438991
139.02770000001397,-0.03539175732962883
139.03603000001397,-0.033794721526577316
139.04436000001397,-0.030369968889754267
139.05269000001397,-0.02540723258195501
139.06102000001397,-0.02006942999509944
139.06935000001397,-0.01397427044525563
139.07768000001397,-0.010906335988794567
139.08601000001397,-0.009661447089161265
139.09434000001397,-0.007714162152364819
139.10267000001397,-0.0052711177499738075
139.11100000001397,-0.003942245686643805
139.11933000001397,-0.003444243965700456
139.12766000001398,-0.0038287907756720378
139.13599000001398,-0.004284341027047738
139.14432000001398,-0.004665962385644108
139.15265000001398,-0.005151332864706481
139.16098000001398,-0.005692230848627437
139.16931000001398,-0.0062453196300064785
