frequency_Hz,theory_amplitude
0.0,0.10240974170057841
0.016666673333335724,0.0896772340019717
0.03333334666667145,0.030194867266823786
0.05000002000000717,0.006497203298102714
0.0666666933333429,0.0022165952081298857
0.08333336666667862,0.0010324287749881194
0.10000004000001433,0.0013676502428944617
0.11666671333335006,0.004371424772371441
0.1333333866666858,0.005301520271116128
0.1500000600000215,0.003925233213808914
0.16666673333335724,0.0031400032439891593
0.18333340666669296,0.001752035327010722
0.20000008000002867,0.0019846344065037767
0.2166667533333644,0.0066967784330142725
0.23333342666670012,0.018144975136639846
0.25000010000003586,0.01792481393913109
0.2666667733333716,0.008039269330319771
0.2833334466667073,0.0021172782103242504
0.300000120000043,0.0016642581903730904
0.31666679333337877,0.0014727138065270334
0.3333334666667145,0.001705701651388442
0.3500001400000502,0.003415627783405176
0.3666668133333859,0.0077557234882990565
0.3833334866667216,0.012845956421913291
0.40000016000005734,0.013160822916913254
0.4166668333333931,0.005916611404251575
0.4333335066667288,0.0022342437183463953
0.45000018000006453,0.003992292817548715
0.46666685333340024,0.0018907237286773654
0.48333352666673596,0.011257508905276947
0.5000002000000717,0.012369183878949414
0.5166668733334074,0.004940755859486388
0.5333335466667432,0.003100341899237347
0.5500002200000789,0.005598734384341473
0.5666668933334146,0.0037970467203282485
0.5833335666667503,0.0013320458952316566
0.600000240000086,0.01587823606904374
0.6166669133334217,0.0743615309325142
0.6333335866667575,0.13187732419241055
0.6500002600000933,0.08245324003142938
0.666666933333429,0.05139359430495328
0.6833336066667647,0.020212215850812575
0.7000002800001004,0.012885985961459345
0.7166669533334361,0.006224469612020062
0.7333336266667718,0.007624649002369794
0.7500003000001075,0.02077365716082171
0.7666669733334432,0.06269091070463927
0.783333646666779,0.06585627967524557
0.8000003200001147,0.01863579618198237
0.8166669933334505,0.009892444565989063
0.8333336666667862,0.0021220174458172945
0.8500003400001219,0.004137799103671382
0.8666670133334576,0.020965251449629574
0.8833336866667933,0.04687029044728543
0.9000003600001291,0.025078850272788267
0.9166670333334648,0.006386152111352777
0.9333337066668005,0.003859708200810958
0.9500003800001362,0.0009154714836042956
0.9666670533334719,0.005043875325530901
0.9833337266668077,0.0042125904990854
1.0000004000001435,0.01503358724593943
1.016667073333479,0.02391852010528049
1.0333337466668149,0.012050749572438377
1.0500004200001505,0.003662560644952824
1.0666670933334863,0.004349331289894872
1.0833337666668221,0.0008986206699443341
1.1000004400001577,0.004729763222235472
1.1166671133334936,0.021021223647959372
1.1333337866668292,0.018243078578181623
1.150000460000165,0.00513139938738963
1.1666671333335006,0.00037365221679856915
1.1833338066668364,0.0015015330176750947
1.200000480000172,0.0016017083815731586
1.2166671533335078,0.0028227191134318507
1.2333338266668434,0.008153193879096129
1.2500005000001793,0.01433827798901516
1.266667173333515,0.018924904000671695
1.2833338466668507,0.010250153410875582
1.3000005200001865,0.0031230285539196536
1.3166671933335221,0.010359436770446361
1.333333866666858,0.009265755814493534
1.3500005400001935,0.008149411731356674
1.3666672133335294,0.007427190411377891
1.383333886666865,0.04781853670418482
1.4000005600002008,0.09012922995845261
1.4166672333335364,0.13303409417670228
1.4333339066668722,0.45987558808879986
1.450000580000208,0.33422979395969327
1.4666672533335436,0.05173478564763237
1.4833339266668795,0.008803969256484568
1.500000600000215,0.0038051690993095733
1.516667273333551,0.007874219627778553
1.5333339466668865,0.010473307558976736
1.5500006200002223,0.006609911299687727
1.566667293333558,0.009425946550937423
1.5833339666668937,0.0063372284604028195
1.6000006400002293,0.002343300408419813
1.6166673133335652,0.00919255418414381
1.633333986666901,0.008963484723576828
1.6500006600002366,0.023855111921668042
1.6666673333335724,0.02998373554939324
1.683334006666908,0.008094219238887286
1.7000006800002438,0.0038318548914605395
1.7166673533335794,0.0008685103870643022
1.7333340266669153,0.005419294072620884
1.7500007000002509,0.007693858156631594
1.7666673733335867,0.005113451344401811
1.7833340466669225,0.012139541415789655
1.8000007200002581,0.009213283198360326
1.816667393333594,0.0015748802949650542
1.8333340666669296,0.0028510843693488946
1.8500007400002654,0.002433920036425358
1.866667413333601,0.09896665967990602
1.8833340866669368,0.6827864933957516
1.9000007600002724,1.0240945557580432
1.9166674333336082,0.3930925354054902
1.9333341066669438,0.10385810008801888
1.9500007800002797,0.03620609537635987
1.9666674533336155,0.01567468364556668
1.983334126666951,0.010022284954825086
2.000000800000287,0.0036058709153850583
2.0166674733336225,0.0033894718794608503
2.033334146666958,0.012279747282734215
2.050000820000294,0.00978902360437395
2.0666674933336298,0.002423899731417782
2.0833341666669654,0.00562579215769959
2.100000840000301,0.004057972913251016
2.116667513333637,0.002602580318374776
2.1333341866669726,0.003724781989183091
2.150000860000308,0.007936922442002467
2.1666675333336443,0.004771058831594728
2.18333420666698,0.005780155860013997
2.2000008800003155,0.005334646405270237
2.216667553333651,0.002448318224558661
2.233334226666987,0.004218716756212811
2.2500009000003227,0.012538356359266593
2.2666675733336583,0.032502313515994675
2.283334246666994,0.057225859127798366
2.30000092000033,0.044139633297764984
2.3166675933336656,0.010855031092970736
2.333334266667001,0.007556500863195342
2.350000940000337,0.0020477497588957624
2.366667613333673,0.004544359463465053
2.3833342866670084,0.007951435986311144
2.400000960000344,0.0035188530115966635
2.41666763333368,0.0013847193668772113
2.4333343066670157,0.0011826726754231847
2.4500009800003513,0.002931224338715973
2.466667653333687,0.003402101917210705
2.483334326667023,0.012283687851595603
2.5000010000003585,0.07631084536189267
2.516667673333694,0.23043733914734393
2.53333434666703,0.28993678946117546
2.5500010200003658,0.1279997204798334
2.5666676933337014,0.10812265356782969
2.583334366667037,0.04969831836774774
2.600001040000373,0.03316519308459629
2.6166677133337086,0.023078768732248352
2.6333343866670442,0.014319948386335449
2.65000106000038,0.01947143259033013
2.666667733333716,0.040550512569875394
2.6833344066670515,0.020934433143096762
2.700001080000387,0.012556608968230043
2.716667753333723,0.005431286343681855
2.7333344266670587,0.0026141169663562143
2.7500011000003943,0.0019379152233425729
2.76666777333373,0.008277945569351774
2.783334446667066,0.004898291076904429
2.8000011200004016,0.008768721633857295
2.816667793333737,0.004570725347761797
2.833334466667073,0.0006886397908675244
2.850001140000409,0.0025479973703886414
2.8666678133337444,0.0013790485502429629
2.88333448666708,0.0013016716879459172
2.900001160000416,0.004097777616671701
2.9166678333337517,0.004816518983342927
2.9333345066670873,0.004703181809846194
2.950001180000423,0.0021689021995457114
2.966667853333759,0.002577356173960929
2.9833345266670945,0.002038083494355076
3.00000120000043,0.0023677256300865058
3.0166678733337657,0.002075503901189417
3.033334546667102,0.0027409647764008553
3.0500012200004374,0.0054020606873613364
3.066667893333773,0.006776047438434572
3.083334566667109,0.005363040409879564
3.1000012400004446,0.0028222464999613428
3.1166679133337802,0.002127757833038312
3.133334586667116,0.004215492376629516
3.150001260000452,0.0058378540888538765
3.1666679333337875,0.00967927117990517
3.183334606667123,0.008518346812879229
3.2000012800004587,0.005286804342061065
3.2166679533337947,0.009517558606791873
3.2333346266671303,0.010093039345003954
3.250001300000466,0.0012804482784345875
3.266667973333802,0.02201091521872858
3.2833346466671376,0.0519895963322871
3.300001320000473,0.08070292766640667
3.316667993333809,0.052314639130274315
3.333334666667145,0.016775400819432337
3.3500013400004804,0.01207058668079236
3.366668013333816,0.005971164548820356
3.383334686667152,0.008105605561325183
3.4000013600004877,0.007228164086111083
3.4166680333338233,0.007462551293375078
3.433334706667159,0.010014179748881488
3.450001380000495,0.0026287160646790942
3.4666680533338305,0.003850639219279383
3.483334726667166,0.0028950496721587902
3.5000014000005018,0.0030994045915076346
3.516668073333838,0.0017074103181338055
3.5333347466671734,0.003556840630811862
3.550001420000509,0.010882552037661804
3.566668093333845,0.0072315349715240075
3.5833347666671806,0.001107701549571056
3.6000014400005163,0.0014344247521499943
3.616668113333852,0.002485701316175665
3.633334786667188,0.0032687341869550965
3.6500014600005235,0.004143543126212387
3.666668133333859,0.0022790742030934278
3.6833348066671947,0.0009891756329427385
3.7000014800005308,0.0006095678806795184
3.7166681533338664,0.0016548953698681862
3.733334826667202,0.00031629399283055945
3.750001500000538,0.0017177917211205719
3.7666681733338736,0.011215226524514522
3.783334846667209,0.03652146728979219
3.800001520000545,0.04185928421924529
3.816668193333881,0.016627384170265713
3.8333348666672165,0.009106342128712601
3.850001540000552,0.004179298290598508
3.8666682133338877,0.0008133826107651199
3.8833348866672237,0.0003801836798038846
3.9000015600005593,0.003440639875195637
3.916668233333895,0.009047509487261421
3.933334906667231,0.00824626461149594
3.9500015800005666,0.0038320369240549055
3.966668253333902,0.00512558940711049
3.9833349266672378,0.00394224440429555
4.000001600000574,0.0028368564351535642
4.016668273333909,0.00137257980475272
4.033334946667245,0.001004199451017773
4.050001620000581,0.0006257640942865609
4.066668293333916,0.0030177804545885862
4.083334966667252,0.002524387762049689
4.100001640000588,0.0011400248269572907
4.116668313333924,0.0014260957351108826
4.1333349866672595,0.00023583447264030526
4.150001660000595,0.0028177281911020207
4.166668333333931,0.005239094523772454
4.183335006667266,0.00997810165927465
4.200001680000602,0.006344438440077423
4.216668353333938,0.0011722411817398767
4.233335026667274,0.0017151988475295544
4.25000170000061,0.0010899535559847425
4.266668373333945,0.0018139880980743144
4.283335046667281,0.0023195675803672727
4.300001720000616,0.0010974289523155347
4.316668393333952,0.0025378088272672386
4.3333350666672885,0.002748462633827459
4.350001740000624,0.0011134390435809539
4.36666841333396,0.001055565770242631
4.383335086667295,0.005180282964551737
4.400001760000631,0.021720916886111708
4.4166684333339665,0.049236606155706054
4.433335106667302,0.04988468000146259
4.450001780000639,0.027414211802122054
4.466668453333974,0.022717768086933272
4.48333512666731,0.013067694608968443
4.500001800000645,0.009622440885375219
4.516668473333981,0.007146744745057917
4.533335146667317,0.006005945828140621
4.550001820000652,0.002337180541397548
4.566668493333988,0.005793506357840762
4.583335166667324,0.0011520147223051743
4.60000184000066,0.0019520776613121725
4.6166685133339955,0.0025512468052341364
4.633335186667331,0.001491399669579991
4.650001860000667,0.0015311178812462648
4.666668533334002,0.0019299160422550099
4.683335206667338,0.003435848490533568
4.700001880000674,0.004651781296253394
4.71666855333401,0.0027951851982061355
4.733335226667346,0.001284906825695422
4.750001900000681,0.001238296106207583
4.766668573334017,0.0019345507456686505
4.783335246667352,0.003952141672498443
4.800001920000688,0.006178381916558445
4.8166685933340245,0.007689693143881063
4.83333526666736,0.005253449867539304
4.850001940000696,0.0035298685991528673
4.866668613334031,0.0021820205329242306
4.883335286667367,0.0010321780959446547
4.9000019600007025,0.0015173547063972927
4.916668633334038,0.001809952927437201
4.933335306667374,0.0008059858768222797
4.95000198000071,0.0009198315780247372
4.966668653334046,0.0006481652809053615
4.983335326667381,0.0006447710053121462
5.000002000000717,0.0009577263356053522
5.016668673334053,0.002640673251447799
5.033335346667388,0.00682304706576751
5.050002020000724,0.01177343582247016
5.06666869333406,0.008160548653262368
5.083335366667396,0.007695024441005272
5.1000020400007315,0.007870491592968699
5.116668713334067,0.003713337719720738
5.133335386667403,0.001553827967057399
5.150002060000738,0.004210783864371103
5.166668733334074,0.005386273267571804
5.18333540666741,0.012567468011221179
5.200002080000746,0.01776912186930873
5.216668753334082,0.01005526365195935
5.233335426667417,0.00661965204653638
5.250002100000753,0.004837141822274904
5.2666687733340884,0.003641215324669656
5.283335446667424,0.0037517762172450835
5.30000212000076,0.0012022960598146366
5.316668793334096,0.0017404150185540625
5.333335466667432,0.0030979983122843466
5.350002140000767,0.00045556766240364814
5.366668813334103,0.001234598246362097
5.3833354866674386,0.0021242875650387995
5.400002160000774,0.0016411656592639962
5.41666883333411,0.0008861554703564807
5.433335506667446,0.0005301899977370431
5.450002180000782,0.0010252847836001232
5.4666688533341175,0.0005005501139691773
5.483335526667453,0.0005726662186655043
5.500002200000789,0.000484238503891198
5.516668873334124,0.0010526653912101675
5.53333554666746,0.0005042971180125173
5.550002220000796,0.00137786690889552
5.566668893334132,0.00288072490662544
5.5833355666674676,0.003093127802739106
5.600002240000803,0.0015483478375233608
5.616668913334139,0.00030206095952578206
5.633335586667474,0.00035778152233629016
5.65000226000081,0.0005243011879253685
5.666668933334146,0.0014372608592369274
5.683335606667482,0.0038514982067052663
5.700002280000818,0.002928472706198522
5.716668953334153,0.0014521836388050975
5.733335626667489,0.00045167010473367143
5.7500023000008245,0.0010214864798039878
5.76666897333416,0.0018696636763374875
5.783335646667496,0.0007813036387177436
5.800002320000832,0.0054324123910330655
5.816668993334168,0.009774481842600954
5.833335666667503,0.00868837773672162
5.850002340000839,0.0037667666557983526
5.866669013334175,0.003994902991500403
5.88333568666751,0.002184799277918684
5.900002360000846,0.0020163037203490427
5.916669033334182,0.0020489599511398057
5.933335706667518,0.001235345145226643
5.9500023800008535,0.0019897682723094786
5.966669053334189,0.002331280201038124
5.983335726667525,0.00191343570207927
6.00000240000086,0.000995434575957828
6.016669073334196,0.0007739715789309609
6.0333357466675315,0.0012459772434070702
6.050002420000868,0.001664680287502319
6.066669093334204,0.002657433796156767
6.083335766667539,0.003414487921313313
6.100002440000875,0.0016582173298399325
6.11666911333421,0.0010735121971608775
6.133335786667546,0.001033198270478969
6.150002460000882,0.00032580055746901876
6.166669133334218,0.0003464025188522263
6.183335806667554,0.0005311834838763876
6.200002480000889,0.0019022692055194151
6.216669153334225,0.002313701330293908
6.2333358266675605,0.0013750957779742543
6.250002500000896,0.00036393617215387257
6.266669173334232,0.0010368677244618411
6.283335846667568,0.002256748478484564
6.300002520000904,0.006058992532203643
6.316669193334239,0.011264759961766629
6.333335866667575,0.010066408258411166
6.350002540000911,0.0066278542304825236
6.366669213334246,0.005131287724136861
6.383335886667582,0.004135959736775358
6.400002560000917,0.0029892010793445625
6.416669233334254,0.002426796954409522
6.4333359066675895,0.002948804077536463
6.450002580000925,0.0021584835420584703
6.466669253334261,0.003093305849360353
6.483335926667596,0.0014274107012745825
6.500002600000932,0.00047802957447692354
6.5166692733342675,0.0008008603379161168
6.533335946667604,0.0010824515050566177
6.55000262000094,0.000608955880886031
6.566669293334275,0.0010936671716211034
6.583335966667611,0.0014189467441744709
6.600002640000946,0.0008616919345073687
6.616669313334282,0.00036618414293866967
6.633335986667618,0.0003356620724308962
6.650002660000954,0.0005150980479793724
6.66666933333429,0.0005711576242594581
6.683336006667625,0.0003485275638133861
6.700002680000961,0.0009063844015187917
6.7166693533342965,0.0006183083811926194
6.733336026667632,0.0008696723835863491
6.750002700000968,0.00045178413849299257
6.766669373334304,0.00020247895132051915
6.78333604666764,0.00017121632053247054
6.800002720000975,0.0006051128755729333
6.816669393334311,0.0007293291561827862
6.833336066667647,0.00041144064877011153
6.850002740000982,0.0008592836673043764
6.866669413334318,0.0008845621569431555
6.883336086667653,0.00012127638779994946
6.90000276000099,0.0006104323727102346
6.9166694333343255,0.0022856735395726507
6.933336106667661,0.004728422907465639
6.950002780000997,0.006502644217324873
6.966669453334332,0.004582714735812924
6.983336126667668,0.00483932950138676
7.0000028000010035,0.004144682320409112
7.01666947333434,0.0029957535868217664
7.033336146667676,0.002191976230996643
7.050002820001011,0.0025893822580837296
7.066669493334347,0.0006417304648540917
7.083336166667682,0.0038158681913940833
7.100002840001018,0.004753643974474446
7.116669513334354,0.0023041949110722817
7.13333618666769,0.0018170648450734073
7.150002860001026,0.0019490416658407839
7.166669533334361,0.001742997161345077
7.183336206667697,0.0013547146602185503
7.2000028800010325,0.0009688172278092979
7.216669553334368,0.0008701652272104614
7.233336226667704,0.0007445935530620266
7.250002900001039,0.0005739165305767768
7.266669573334376,0.0006281889235974375
7.283336246667711,0.0003626987613072039
7.300002920001047,0.0008738144411323587
7.316669593334383,0.0007875966833129581
7.333336266667718,0.0011143729555009743
7.350002940001054,0.0014950011113254516
7.366669613334389,0.0008015427562580639
7.383336286667726,0.0006819388856067331
7.4000029600010615,0.0004994045885398027
7.416669633334397,0.0005022800860778732
7.433336306667733,0.0007085127078698715
7.450002980001068,0.0003600757303099914
7.466669653334404,0.00010999446392070256
7.4833363266677395,8.804116318232101e-05
7.500003000001076,6.762105977729097e-05
7.516669673334412,8.358298582079267e-05
7.533336346667747,0.0004355747178384601
7.550003020001083,0.0007364818179598743
7.566669693334418,0.0008754503226459244
7.583336366667754,0.0013484834184097753
7.60000304000109,0.0008953258257130613
7.616669713334425,0.001013823961181214
7.633336386667762,0.0005315385934774705
7.650003060001097,0.000402211091918677
7.666669733334433,0.00046125755493523776
7.6833364066677685,0.0012349115063845005
7.700003080001104,0.0033921582121184705
7.71666975333444,0.004978566330811479
7.733336426667775,0.004127443442177722
7.750003100001112,0.0025358641821938963
7.766669773334447,0.0028809226956289687
7.783336446667783,0.002138273413574291
7.800003120001119,0.0018294534398919716
7.816669793334454,0.001967418683293813
7.83333646666779,0.0014771507578082445
7.850003140001125,0.0011602609924245932
7.866669813334462,0.00012303026767998242
7.8833364866677975,0.0007170449127767611
7.900003160001133,0.0008310660821560374
7.916669833334469,0.0004405678981538797
7.933336506667804,0.0009058916242413357
7.95000318000114,0.0002915308001728152
7.9666698533344755,0.0012088855102630673
7.983336526667811,0.0012750331678382419
8.000003200001148,0.0005103580407198272
8.016669873334482,0.0005053367112843304
8.033336546667819,0.0005969343741866367
8.050003220001155,0.0005241670821560586
8.06666989333449,8.64695128516852e-06
8.083336566667827,0.0005739369189590945
8.100003240001161,0.0007806247252505732
8.116669913334498,0.0005006442408229663
8.133336586667832,0.0001120892005663331
8.150003260001169,0.00014991400158186272
8.166669933334504,0.00011513577304841626
8.18333660666784,0.0006721574069051744
8.200003280001177,0.0014865405192865419
8.216669953334511,0.0021602598358382488
8.233336626667848,0.0018756195437768146
8.250003300001183,0.0016152489201177892
8.266669973334519,0.0010612112089555578
8.283336646667854,0.0008191563545620828
8.30000332000119,0.0008195561670529542
8.316669993334527,0.0007416330501179916
8.333336666667861,0.00044032421685764243
8.350003340001198,0.0011593548748483782
8.366670013334533,0.00033114460589749565
8.38333668666787,0.000317735885942353
8.400003360001204,0.0005970257620826663
8.41667003333454,0.0002506300068372071
8.433336706667877,0.00012664830999618203
8.450003380001212,0.00021885966912190959
8.466670053334548,0.0002686990516123225
8.483336726667883,0.00038175917195963014
8.50000340000122,0.00027554047610763683
8.516670073334554,0.00017392370729059795
8.53333674666789,9.568496293402498e-05
8.550003420001227,0.0003190866851262606
8.566670093334562,0.0003594430764904632
8.583336766667898,0.0006488321922347762
8.600003440001233,0.001069788558586494
8.61667011333457,0.0008620139018684837
8.633336786667904,0.0004995101405662558
8.65000346000124,0.00045593439559687255
8.666670133334577,0.0003923979720462179
8.683336806667912,0.0002790297205071578
8.700003480001248,0.00015348724940124797
8.716670153334583,9.675802019703581e-05
8.73333682666792,0.0002504093590056702
8.750003500001254,0.00021350389301133112
8.76667017333459,0.00037287481349028185
8.783336846667927,0.00020440706092011865
8.800003520001262,0.00037065116235573573
8.816670193334598,0.0011522615114729607
8.833336866667933,0.001661891800282707
8.85000354000127,0.0022418337526595904
8.866670213334604,0.0019960233664829416
8.88333688666794,0.002236507894893518
8.900003560001277,0.001643153995716573
8.916670233334612,0.001401964138737995
8.933336906667948,0.001157453342845488
8.950003580001283,0.0011237552887813451
8.96667025333462,0.0008591832404750461
8.983336926667954,0.0009151154008760295
9.00000360000129,0.0009051136685638666
9.016670273334626,0.0005858518535081317
9.033336946667962,0.0002583769383949446
9.050003620001299,0.00025145234873657157
9.066670293334633,0.0003887822106278236
9.08333696666797,0.0005189509766828831
9.100003640001304,0.00025966560629038017
9.116670313334641,0.0004851459623839467
9.133336986667976,0.0005447847626604985
9.150003660001312,0.00022984563769292188
9.166670333334649,0.00016383235454854624
9.183337006667983,0.00017716640699118785
9.20000368000132,0.0003764700747168116
9.216670353334655,0.00021392302931484027
9.233337026667991,8.10371873596541e-05
9.250003700001326,0.0003306990568020532
9.266670373334662,0.00022129711443510713
9.283337046667999,0.00011185008817794273
9.300003720001333,0.00011739030720580573
9.31667039333467,0.0001957499845384563
9.333337066668005,0.00021364761725450174
9.350003740001341,9.976015758623576e-05
9.366670413334676,0.0002531864375779785
9.383337086668012,0.0001753285399412053
9.400003760001349,3.4569316804259306e-05
9.416670433334684,4.905885580805107e-05
9.43333710666802,0.0003598055933089712
9.450003780001355,0.0006057677034827347
9.466670453334691,0.0007188614162955452
9.483337126668026,0.0007658346354332475
9.500003800001362,0.0005849015436161792
9.516670473334699,0.0006636089621337328
9.533337146668034,0.0004701934666300683
9.55000382000137,0.00036489444999671344
9.566670493334705,0.00035008890252558565
9.583337166668041,0.0009100094779928022
9.600003840001376,0.0012150529515282274
9.616670513334713,0.0016151202857498514
9.633337186668049,0.0016620394222998116
9.650003860001384,0.0013850885510779498
9.66667053333472,0.0012580456950601734
9.683337206668055,0.0010258212788741218
9.700003880001391,0.0009045002657644315
9.716670553334726,0.0008724401835827463
9.733337226668063,0.0008929053599963167
9.750003900001397,0.0008397138614686416
9.766670573334734,0.0002346326204406965
9.78333724666807,0.0002125734533132001
9.800003920001405,0.00037184920485046374
9.816670593334742,0.00030576136997838017
9.833337266668076,0.0003071985674833609
9.850003940001413,0.00039101263385082685
9.866670613334747,0.000333627090782138
9.883337286668084,0.0003219522410254083
9.90000396000142,0.00023778575630727252
9.916670633334755,0.00015154340857128566
9.933337306668092,0.0002235491020566352
9.950003980001426,0.00019002384963321084
9.966670653334763,0.00012337732572651838
9.983337326668098,0.0002829883134894386
10.000004000001434,0.00015325717268490854
10.01667067333477,1.0584278588703248e-05
10.033337346668105,0.00012251973268425484
10.050004020001442,0.00010953839605499241
10.066670693334776,0.0001126270080820354
10.083337366668113,0.00029287549562295013
10.100004040001448,0.00043669108106104596
10.116670713334784,0.0003897752242403423
10.13333738666812,0.00040984007076192157
10.150004060001455,0.0004899713122163136
10.166670733334792,0.00029485247196420867
10.183337406668127,0.0001492903560552278
10.200004080001463,0.0003200652188147283
10.216670753334798,0.0003749291101976821
10.233337426668134,0.0007996026944305705
10.25000410000147,0.0010363117979308172
10.266670773334805,0.0006407452020649574
10.283337446668142,0.0005806220688875204
10.300004120001477,0.0005336650579084618
10.316670793334813,0.00046185065640129007
10.333337466668148,0.0004000338146412212
10.350004140001484,0.0005251850365899304
10.36667081333482,0.00046087253695564567
10.383337486668156,0.00022781075868334778
10.400004160001492,0.0002896542168807968
10.416670833334827,0.0002184361464385195
10.433337506668163,0.00022660167256097647
10.450004180001498,0.00012821830630038922
10.466670853334834,0.00013864662268851336
10.48333752666817,0.00026950227568988403
10.500004200001506,0.00039909404845748315
10.516670873334842,0.0004960075935014434
10.533337546668177,0.00041241873899213453
10.550004220001513,0.0003122005227269495
10.566670893334848,0.00023975122326871503
10.583337566668185,0.00019659747415584077
10.60000424000152,9.875787685831723e-05
10.616670913334856,0.00015897941622876644
10.633337586668192,0.00027674926975404605
10.650004260001527,8.337016131287747e-05
10.666670933334863,9.313160121411339e-05
10.683337606668198,0.0001509147944557038
10.700004280001535,0.0001501527690380221
10.71667095333487,0.0004945701031631968
10.733337626668206,0.0005419284623941104
10.750004300001542,0.0006515914916705906
10.766670973334877,0.0007177043632128217
10.783337646668214,0.000742211125584517
10.800004320001548,0.0005373472586386144
10.816670993334885,0.00045972218265968997
10.83333766666822,0.00045226943170714745
10.850004340001556,0.0004636644332240798
10.866671013334892,0.0003054024552463703
10.883337686668227,0.00037477702294102025
10.900004360001564,0.00031962187267153423
10.916671033334898,0.00030905656479617087
10.933337706668235,0.00012244466042896375
10.95000438000157,2.5945635214865974e-05
10.966671053334906,8.478418849217005e-05
10.983337726668243,0.00021622821239707668
11.000004400001577,0.00011293642830404172
11.016671073334914,0.00036020260448506395
11.033337746668249,0.00034075516778022064
11.050004420001585,0.00015088141801619775
11.06667109333492,2.9463617872850024e-05
11.083337766668256,0.00016697135707559847
11.100004440001593,0.00015236882573348983
11.116671113334927,0.0001385102802362712
11.133337786668264,0.0002531747367246651
11.150004460001599,0.00015200552091158186
11.166671133334935,6.794387648472557e-05
11.18333780666827,2.9745590732813598e-05
11.200004480001606,7.521350943871829e-05
11.216671153334943,9.88185697394108e-05
11.233337826668278,9.912283544081408e-05
11.250004500001614,0.00010716849123999134
11.266671173334949,7.045884726866867e-05
11.283337846668285,0.00012701794622414414
11.30000452000162,0.00012191631820266364
11.316671193334956,0.00011977373572250987
11.333337866668291,0.00014912186975455128
11.350004540001628,0.00031329793698304213
11.366671213334964,0.00038841457794873283
11.383337886668299,0.00033019067191961517
11.400004560001635,0.0004356880032516515
11.41667123333497,0.0005114187670670241
11.433337906668307,0.00040553138538877145
11.450004580001641,0.0002943863134221514
11.466671253334978,0.0002832149109494617
11.483337926668314,0.00041000586091559724
11.500004600001649,0.00023780111117597722
11.516671273334985,0.0003601152095337058
11.53333794666832,0.0005652641987427295
11.550004620001657,0.0005816551405512533
11.566671293334991,0.0005106167177543893
11.583337966668328,0.0003917574975751089
11.600004640001664,0.0003251180744509703
11.616671313334999,0.000302141287428257
11.633337986668336,0.0003085249145372048
11.65000466000167,0.00029180690879052084
11.666671333335007,0.00018771614700198466
11.683338006668341,0.00014214246121485206
11.700004680001678,0.0001644608836102611
11.716671353335014,0.0001288644482558293
11.73333802666835,0.0001361234649860097
11.750004700001686,0.00018146151205147013
11.76667137333502,0.0001819044053928381
11.783338046668357,0.00011507213185529823
11.800004720001692,0.00014916554279728993
11.816671393335028,0.0001290936771480291
11.833338066668365,0.00011414569525180033
11.8500047400017,9.059754991965232e-05
11.866671413335036,5.695919916377363e-05
11.88333808666837,4.679222456321634e-05
11.900004760001707,0.000142575131425396
11.916671433335042,0.00012646731873500855
11.933338106668378,5.697043193472388e-05
11.950004780001715,2.4995828865288803e-05
11.96667145333505,0.00012611670808036982
11.983338126668386,0.00016590835622336446
12.00000480000172,0.00014184647853102977
12.016671473335057,0.00010871374073089807
12.033338146668392,0.00017401479966061394
12.050004820001728,0.00019668084403652025
12.066671493335063,0.00012314385082194012
12.0833381666684,3.950049392903544e-05
12.100004840001736,0.00015381926030696617
12.11667151333507,0.00030772855419125295
12.133338186668407,0.0004897404970608187
12.150004860001742,0.0004698354856985553
12.166671533335078,0.00037545548260165006
12.183338206668413,0.00042641464033769055
12.20000488000175,0.00037126439310267503
12.216671553335086,0.0003376708057010657
12.23333822666842,0.00032227162571085016
12.250004900001757,0.0003346515020536909
12.266671573335092,0.0003403870833899404
12.283338246668428,0.00032226219619462405
12.300004920001763,0.0002270835523251511
12.3166715933351,0.00017124196066624106
12.333338266668436,0.00015501855946114068
12.35000494000177,9.366581658996156e-05
12.366671613335107,8.115045448822991e-05
12.383338286668442,7.59281059347905e-05
12.400004960001779,8.723599979401457e-05
12.416671633335113,0.00019776988046115907
12.43333830666845,0.00019788925898880913
12.450004980001786,0.00016128479582865166
12.466671653335121,6.365350016309636e-05
12.483338326668457,4.8345222805455684e-05
12.500005000001792,6.297185121155734e-05
12.516671673335129,7.155065777851093e-05
12.533338346668463,0.00015719440813506352
12.5500050200018,9.733469350390206e-05
12.566671693335136,6.29900438926843e-05
12.583338366668471,9.08971198742507e-05
12.600005040001808,9.362583146154439e-05
12.616671713335142,0.0002409576622692324
12.633338386668479,0.00018606128324168513
12.650005060001813,0.00016087707406745757
12.66667173333515,0.0002154164193031557
12.683338406668486,0.0001997935158557526
12.700005080001821,0.0001503085136599631
12.716671753335158,0.0001226648556673097
12.733338426668492,0.00018990563526805954
12.750005100001829,0.00017821173186462146
12.766671773335164,4.004015409022971e-05
12.7833384466685,0.0001823451890600905
12.800005120001835,0.00019516175490003586
12.816671793335171,0.00019572946906111166
12.833338466668508,9.738480237268518e-05
12.850005140001842,4.169969871483141e-05
12.866671813335179,5.5663154372256974e-05
12.883338486668514,0.000146367932829271
12.90000516000185,0.00014602140098451374
12.916671833335185,8.688119832193411e-05
12.933338506668521,9.313346901117653e-05
12.950005180001858,8.266795851654034e-05
12.966671853335193,8.561177254027828e-05
12.983338526668529,8.586092366184575e-05
13.000005200001864,3.75069935573788e-05
13.0166718733352,0.00010725155696116432
13.033338546668535,0.00016873136192228056
13.050005220001871,0.0001453404968500834
13.066671893335208,0.00010082729201176369
13.083338566668543,6.450078884122222e-05
13.10000524000188,6.781176065996974e-05
13.116671913335214,6.922071802712687e-05
13.13333858666855,6.203468196603233e-05
13.150005260001885,5.046454308168437e-05
13.166671933335222,4.885415779624562e-05
13.183338606668558,5.126916116559907e-05
13.200005280001893,8.106570914949336e-05
13.21667195333523,9.639717687997442e-05
13.233338626668564,5.172818646910319e-05
13.2500053000019,0.0001745468228955367
13.266671973335235,0.00021446446476961777
13.283338646668572,0.00013392070015120735
13.300005320001908,0.00018981979972505005
13.316671993335243,0.0002525325936968941
13.33333866666858,0.00024344565882268438
13.350005340001914,0.00017395181748954306
13.36667201333525,0.0001534220400010924
13.383338686668585,0.0001448794668654547
13.400005360001922,7.173824923517165e-05
13.416672033335258,0.00010321982246661241
13.433338706668593,0.00020279625143671605
13.45000538000193,0.0002408734388784843
13.466672053335264,0.00019848791171653195
13.4833387266686,0.00015740406481442923
13.500005400001935,0.00013630021344830564
13.516672073335272,0.00010997162150998604
13.533338746668608,6.0594898383568515e-05
13.550005420001943,4.864408468776538e-05
13.56667209333528,0.00010580645947727025
13.583338766668614,0.00012681935017630196
13.60000544000195,0.00010007114212437691
13.616672113335285,5.984403741373869e-05
13.633338786668622,6.032559997763239e-05
13.650005460001957,6.60542418480419e-05
13.666672133335293,0.0001005941512018895
13.68333880666863,9.647509779413847e-05
13.700005480001964,8.15609729093967e-05
13.7166721533353,6.396807494216693e-05
13.733338826668636,4.7943786381826835e-05
13.750005500001972,4.932808354488822e-05
13.766672173335307,3.611897069985914e-05
13.783338846668643,2.983322944669252e-05
13.80000552000198,5.494216933189792e-05
13.816672193335314,7.073001111912366e-05
13.833338866668651,4.108088386743219e-05
13.850005540001986,3.793830620095217e-05
13.866672213335322,7.53528317262754e-05
13.883338886668657,8.287529921712873e-05
13.900005560001993,7.32939213065786e-05
13.91667223333533,6.473615762454373e-05
13.933338906668665,0.00011017266523077043
13.950005580002001,0.00011810041913544114
13.966672253335336,0.00010555041299688084
13.983338926668672,4.712314876044302e-05
14.000005600002007,0.00011323570017921231
14.016672273335343,0.00017444411558377898
14.03333894666868,0.00020645211835209097
14.050005620002015,0.0001625469174268034
14.066672293335351,0.00015257801004866527
14.083338966668686,0.00021321035346168584
14.100005640002022,0.00021111154724735834
14.116672313335357,0.00021514530880285994
14.133338986668694,0.0002086127266731715
14.15000566000203,0.00017043411237855307
14.166672333335365,0.000186071790905302
14.183339006668701,0.00017879073230222687
14.200005680002036,0.00013578169002704136
14.216672353335372,0.00010138819920696584
14.233339026668707,0.00010350868747339863
14.250005700002044,7.97314290117903e-05
14.26667237333538,6.503289498469978e-05
14.283339046668715,4.254538729793408e-05
14.300005720002051,3.7829436479600794e-05
14.316672393335386,8.007285516745686e-05
14.333339066668723,7.904306603581993e-05
14.350005740002057,7.588633939366824e-05
14.366672413335394,4.477470586685057e-05
14.383339086668729,5.011237736407961e-05
14.400005760002065,5.3233180345937535e-05
14.416672433335401,2.5876839441161785e-05
14.433339106668736,5.660700688208068e-05
14.450005780002073,7.658353741099252e-05
14.466672453335407,6.111977102147737e-05
14.483339126668744,6.2174771378476e-05
14.500005800002079,5.330234161933389e-05
14.516672473335415,0.00012017863391322756
14.533339146668752,6.911763741743723e-05
14.550005820002086,1.950079406882043e-05
14.566672493335423,7.296712834937153e-05
14.583339166668758,7.766608577013727e-05
14.600005840002094,4.283701734362799e-05
14.616672513335429,3.933269944752806e-05
14.633339186668765,9.756965493260819e-05
14.650005860002102,9.935034858572511e-05
14.666672533335436,8.633124504623861e-05
14.683339206668773,0.00011710978389497498
14.700005880002108,0.00014284105687685945
14.716672553335444,0.00013448553783964662
14.733339226668779,9.671876466900473e-05
14.750005900002115,7.718410990385237e-05
14.766672573335452,7.764515502136367e-05
14.783339246668787,0.00010675582652240862
14.800005920002123,9.974106432480197e-05
14.816672593335458,3.651996264115221e-05
14.833339266668794,6.0329035234479896e-05
14.850005940002129,5.813392772014392e-05
14.866672613335465,8.272493342433896e-05
14.883339286668802,6.766951733393759e-05
14.900005960002137,4.954363147698891e-05
14.916672633335473,7.807952151456807e-05
14.933339306668808,6.798510077651434e-05
14.950005980002144,5.642275627310312e-05
14.966672653335479,5.635070397184123e-05
14.983339326668816,5.8826729503697686e-05
15.000006000002152,5.0047891062464324e-05
15.016672673335487,2.581818276809451e-05
15.033339346668823,6.1769589285879726e-06
15.050006020002158,2.009145026217478e-05
15.066672693335494,3.487585869260293e-05
15.08333936666883,3.137588285349492e-05
15.100006040002166,3.497423599207416e-05
15.116672713335502,6.212442217049986e-05
15.133339386668837,2.3931338257159223e-05
15.150006060002173,7.632265747987219e-05
15.166672733335508,0.00010968339505904639
15.183339406668845,7.068467711305271e-05
15.20000608000218,5.9909583720336266e-05
15.216672753335516,9.813977996301193e-05
15.23333942666885,0.00011150288991789255
15.250006100002187,9.134883687752483e-05
15.266672773335523,9.172102583069812e-05
15.283339446668858,5.4378592044804654e-05
15.300006120002195,1.3458445917731887e-05
15.31667279333553,4.715424669776827e-05
15.333339466668866,7.743709309098225e-05
15.3500061400022,0.00010801306112314104
15.366672813335537,9.64825393399739e-05
15.383339486668874,6.0278211339649456e-05
15.400006160002208,7.183990283302784e-05
15.416672833335545,5.2561773246694526e-05
15.43333950666888,3.9566713940155496e-05
15.450006180002216,3.676214383823487e-05
15.46667285333555,4.3754229483532324e-05
15.483339526668887,6.835705542829921e-05
15.500006200002224,5.490566488778153e-05
15.516672873335558,2.1559713437012648e-05
15.533339546668895,1.2732111334145e-05
15.55000622000223,1.544178020234675e-05
15.566672893335566,4.409857048504691e-05
15.5833395666689,7.724521759076388e-05
15.600006240002237,7.578303567337074e-05
15.616672913335574,4.764868699125328e-05
15.633339586668908,1.584329487698769e-05
15.650006260002245,2.2248484884706633e-05
15.66667293333558,2.7836126162394495e-05
15.683339606668916,3.5380279103184876e-05
15.70000628000225,1.4491317270002116e-05
15.716672953335587,1.0376561059694384e-05
15.733339626668924,2.38459652847508e-05
15.750006300002259,4.8378609572413186e-05
15.766672973335595,4.0637918328107565e-05
15.78333964666893,2.9054995800092043e-05
15.800006320002266,4.579883810433275e-05
15.816672993335601,5.116767097965824e-05
15.833339666668937,5.3261177569494045e-05
15.850006340002274,5.647199765027379e-05
15.866673013335609,6.366935725967344e-05
15.883339686668945,4.9842240018256614e-05
15.90000636000228,8.918818749967556e-05
15.916673033335616,8.255080068466202e-05
15.933339706668951,5.072944345293677e-05
15.950006380002288,5.597948692768209e-05
15.966673053335622,6.224050564671363e-05
15.983339726668959,8.726359499972594e-05
16.000006400002295,0.00010583898135864017
16.01667307333563,0.00011264382328117229
16.033339746668965,0.00011477239010175882
16.0500064200023,9.518308131521778e-05
16.066673093335638,7.991575703008564e-05
16.083339766668974,6.590307143702057e-05
16.10000644000231,4.493930793504348e-05
16.116673113335644,4.747948015301648e-05
16.13333978666898,5.636457067252986e-05
16.150006460002317,4.9923820179470194e-05
16.166673133335653,4.717310620011026e-05
16.183339806668986,2.907521121606175e-05
16.200006480002322,3.088235962386654e-05
16.21667315333566,4.6657298549053064e-05
16.233339826668995,3.626839293357513e-05
16.250006500002332,4.1930210056962906e-05
16.266673173335665,2.5222742086225447e-05
16.283339846669,4.6119689455204174e-05
16.300006520002338,3.084451991232087e-05
16.316673193335674,2.7666367518602945e-05
16.333339866669007,7.852729531707705e-06
16.350006540002344,2.5120694417701747e-05
16.36667321333568,4.424233081317934e-05
16.383339886669017,3.582422332168912e-05
16.400006560002353,2.0684769109375586e-05
16.416673233335686,5.699770046613085e-05
16.433339906669023,3.5697744222300235e-05
16.45000658000236,4.251859199751118e-06
16.466673253335696,3.975339982834748e-05
16.483339926669032,4.171359729290633e-05
16.500006600002365,2.1017815790337317e-05
16.5166732733357,2.8060322624991398e-05
16.533339946669038,6.541881138202719e-05
16.550006620002375,6.890400451144856e-05
16.566673293335707,6.624197005766915e-05
16.583339966669044,6.958911454408609e-05
16.60000664000238,7.305916227427876e-05
16.616673313335717,5.949869509219125e-05
16.633339986669053,6.34501475881958e-05
16.650006660002386,6.671938277220019e-05
16.666673333335723,7.130296763474417e-05
16.68334000666906,7.570660333626236e-05
16.700006680002396,6.974446798525058e-05
16.716673353335732,5.6324407269881656e-05
16.733340026669065,5.587977945164602e-05
16.7500067000024,4.89783841963588e-05
16.76667337333574,5.4635485554844786e-05
16.783340046669075,5.156210286017737e-05
16.800006720002408,4.224111844023591e-05
16.816673393335744,5.452498677506371e-05
16.83334006666908,4.2189929391166564e-05
16.850006740002417,1.793172797615021e-05
16.866673413335754,2.029111711184463e-05
16.883340086669087,3.568113707215866e-05
16.900006760002423,3.598318611253333e-05
16.91667343333576,1.1270042391054685e-05
16.933340106669096,1.9949857266059594e-05
16.950006780002433,2.5185237767547262e-05
16.966673453335765,1.050397392390325e-05
16.983340126669102,2.3255498814290444e-05
17.00000680000244,2.3334546688935895e-05
17.016673473335775,3.695707574138156e-05
17.033340146669108,1.642389846131957e-05
17.050006820002444,4.219965774372988e-05
17.06667349333578,6.455022414472169e-05
17.083340166669117,4.636931710050048e-05
17.100006840002454,1.6419437492764005e-06
17.116673513335787,3.384364693172338e-05
17.133340186669123,4.15626162112641e-05
17.15000686000246,4.7657583112647883e-05
17.166673533335796,5.896307723218467e-05
17.18334020666913,2.6681756334129733e-05
17.200006880002466,1.9051110497386473e-05
17.216673553335802,1.0783547028034766e-05
17.23334022666914,3.749249295299831e-05
17.250006900002475,6.0309520105299216e-05
17.266673573335808,5.786773462486686e-05
17.283340246669145,3.800775078268701e-05
17.30000692000248,4.094272366510683e-05
17.316673593335818,3.9138152207093924e-05
17.333340266669154,3.378073700628157e-05
17.350006940002487,1.7201141490101763e-05
17.366673613335823,1.740378388047832e-05
17.38334028666916,3.0021288437196422e-05
17.400006960002496,3.05391428848598e-05
17.41667363333583,2.0104820623949266e-05
17.433340306669166,1.2316713209449317e-05
17.450006980002502,2.6192447862176177e-05
17.46667365333584,3.877801234239418e-05
17.483340326669175,5.103313972319859e-05
17.50000700000251,4.620270171290312e-05
17.516673673335845,3.333173746867534e-05
17.53334034666918,1.02516450850235e-05
17.550007020002518,8.260897459653763e-06
17.566673693335854,7.199327324625443e-06
17.583340366669187,7.896104034311453e-06
17.600007040002524,3.3880756917352134e-06
17.61667371333586,6.308651595259415e-06
17.633340386669197,1.013837505189102e-05
17.65000706000253,2.3210260949192603e-05
17.666673733335866,2.3604294470872257e-05
17.683340406669203,1.9541308660034407e-06
17.70000708000254,3.0109019330776145e-05
17.716673753335876,4.418111898963914e-05
17.73334042666921,3.087396947706577e-05
17.750007100002545,2.2985599072055757e-05
17.76667377333588,3.507128576813984e-05
17.783340446669218,3.650857391624052e-05
17.800007120002554,5.6202435747634524e-05
17.816673793335887,4.548207924875203e-05
17.833340466669224,5.569399241611938e-06
17.85000714000256,2.074876576912873e-05
17.866673813335897,2.8531514905264322e-05
17.88334048666923,3.1407232907119554e-05
17.900007160002566,4.751470843033671e-05
17.916673833335903,5.03118749682332e-05
17.93334050666924,6.660485881206008e-05
17.950007180002576,6.080600524970463e-05
17.96667385333591,2.6804319438325217e-05
17.983340526669245,2.295154484846618e-05
18.00000720000258,1.70909530430641e-05
18.016673873335918,2.793610094903582e-05
18.03334054666925,3.176961336123281e-05
18.050007220002588,2.9391765364961194e-05
18.066673893335924,2.8765395756112523e-05
18.08334056666926,1.8067806292201142e-05
18.100007240002597,1.1288068946588526e-05
18.11667391333593,1.6988251149301443e-05
18.133340586669267,3.086179082048953e-05
18.150007260002603,3.1816084358173524e-05
18.16667393333594,1.9793696298861114e-05
18.183340606669276,2.7318723580009056e-05
18.20000728000261,1.0321603120145313e-05
18.216673953335945,2.758223044113133e-05
18.233340626669282,1.8920705699951243e-05
18.25000730000262,5.728643245821594e-06
18.26667397333595,1.6799473020591832e-05
18.283340646669288,1.9795398632536065e-05
18.300007320002624,5.103148825790179e-06
18.31667399333596,1.2871532127332015e-05
18.333340666669297,1.8856164365089848e-05
18.35000734000263,9.662428134434297e-06
18.366674013335967,2.0604377361405437e-05
18.383340686669303,2.202197045760449e-05
18.40000736000264,1.5052624745318284e-05
18.416674033335976,1.6230212769652102e-05
18.43334070666931,3.504711720095094e-05
18.450007380002646,3.298767939786732e-05
18.466674053335982,2.3218491128166175e-05
18.48334072666932,3.102452444589039e-05
18.50000740000265,3.7700700607749585e-05
18.516674073335988,3.229240880730797e-05
18.533340746669325,3.386823482341952e-05
18.55000742000266,3.828542310684679e-05
18.566674093335997,4.6516475465829977e-05
18.58334076666933,5.309642702433779e-05
18.600007440002667,4.876314406932731e-05
18.616674113336003,4.6969405479322824e-05
18.63334078666934,3.6389942220305765e-05
18.650007460002673,3.09240555945183e-05
18.66667413333601,2.9319834985009908e-05
18.683340806669346,2.7929188556779467e-05
18.700007480002682,2.5046357148115824e-05
18.71667415333602,3.226706761815189e-05
18.73334082666935,2.1916977162907784e-05
18.75000750000269,1.598396417835776e-05
18.766674173336025,4.256390414992318e-06
18.78334084666936,1.8471928102450443e-05
18.800007520002698,1.3235602715209833e-05
18.81667419333603,1.2560743638655194e-05
18.833340866669367,1.544440867889412e-05
18.850007540002704,2.015117792701266e-05
18.86667421333604,6.253570719335268e-06
18.883340886669373,7.503658364519107e-06
18.90000756000271,1.1431974083401251e-05
18.916674233336046,2.3537873174109204e-05
18.933340906669383,1.585714768826965e-05
18.95000758000272,1.8536899715577363e-05
18.966674253336052,3.484237850111654e-05
18.98334092666939,2.8392548882811183e-05
19.000007600002725,1.5905281575963295e-05
19.01667427333606,1.8164418511192174e-05
19.033340946669398,1.9197571229709055e-05
19.05000762000273,2.6099726467985122e-05
19.066674293336067,3.4461777393694754e-05
19.083340966669404,1.5414429894739122e-05
19.10000764000274,1.804745522680045e-05
19.116674313336073,2.323965168739488e-05
19.13334098666941,2.3738739205315034e-05
19.150007660002746,2.8293018894336133e-05
19.166674333336083,2.7748525361425237e-05
19.18334100666942,2.2747299246917638e-05
19.200007680002752,2.5760745368921394e-05
19.21667435333609,2.647233008629437e-05
19.233341026669425,1.9617799799071944e-05
19.25000770000276,9.857602965736511e-06
19.266674373336098,5.605193757892778e-06
19.28334104666943,1.5141481516925775e-05
19.300007720002768,2.3344012439063494e-05
19.316674393336104,2.203628957429294e-05
19.33334106666944,1.6748039613456117e-05
19.350007740002773,2.4824924555227094e-05
19.36667441333611,3.3390325255773605e-05
19.383341086669446,3.6145771456147845e-05
19.400007760002783,2.8409037059264835e-05
19.41667443333612,1.8057350895109945e-05
19.433341106669452,8.342620423077789e-06
19.45000778000279,2.090109446567746e-06
19.466674453336125,5.163875110717925e-06
19.483341126669462,5.448697171258844e-06
19.500007800002795,6.6449881091653754e-06
19.51667447333613,5.762622811494079e-06
19.533341146669468,5.20088664737447e-06
19.550007820002804,1.3279389413293828e-05
19.56667449333614,1.58112718385333e-05
19.583341166669474,5.906382844468921e-07
19.60000784000281,1.581485951535059e-05
19.616674513336147,2.654887107620728e-05
19.633341186669483,2.3822394743955673e-05
19.65000786000282,4.76316873931814e-06
19.666674533336153,5.946184872137477e-06
19.68334120666949,1.8162303779856152e-05
19.700007880002826,3.148959876090349e-05
19.716674553336162,2.356325159575556e-05
19.733341226669495,1.0323148778313162e-05
19.75000790000283,1.3002219336407096e-05
19.766674573336168,1.8529054717377884e-05
19.783341246669504,1.102507745916746e-05
19.80000792000284,1.7304774500721592e-05
19.816674593336174,2.2322673288467138e-05
19.83334126666951,4.13886680282107e-05
19.850007940002847,3.600016686163706e-05
19.866674613336183,1.0598850906423895e-05
19.88334128666952,1.3988833973813377e-05
19.900007960002853,1.7204012610564157e-05
19.91667463333619,1.6732778916391732e-05
19.933341306669526,1.7222912636340126e-05
19.950007980002862,1.4714043046827386e-05
19.966674653336195,1.59347600328843e-05
19.98334132666953,1.2487111119227371e-05
20.000008000002868,5.526558256234215e-06
20.016674673336205,1.1583659835565205e-05
20.03334134666954,2.0092186523951253e-05
20.050008020002874,1.9636023173712718e-05
20.06667469333621,1.724424503573012e-05
20.083341366669547,1.5187620736775625e-05
20.100008040002884,6.004898539682237e-06
20.11667471333622,1.328730867274498e-05
20.133341386669553,1.3870630224752282e-05
20.15000806000289,9.169035701857291e-06
20.166674733336226,4.823143465835052e-06
20.183341406669562,1.0576508101445041e-05
20.200008080002895,1.0662794861205698e-05
20.216674753336232,5.1238988473013454e-06
20.23334142666957,8.576529494744908e-06
20.250008100002905,1.4321602801668504e-05
20.26667477333624,1.8492912241185896e-05
20.283341446669574,1.4723994321363259e-05
20.30000812000291,1.0957723312570287e-05
20.316674793336247,1.309678975264947e-05
20.333341466669584,2.064528312667306e-05
20.350008140002917,1.9113305515857267e-05
20.366674813336253,9.306756798944078e-06
20.38334148666959,7.441837490438845e-06
20.400008160002926,1.717849898124764e-05
20.416674833336263,1.9911134042400975e-05
20.433341506669596,1.546237516071925e-05
20.450008180002932,1.4993895508201185e-05
20.46667485333627,2.683154431512852e-05
20.483341526669605,3.255477581281304e-05
20.50000820000294,2.9680393272070807e-05
20.516674873336274,2.8491587490682152e-05
20.53334154666961,2.2359804743606785e-05
20.550008220002947,2.0627552259408296e-05
20.566674893336284,1.7356598163641396e-05
20.583341566669617,1.208425523718223e-05
20.600008240002953,1.6455362370465405e-05
20.61667491333629,1.8946185340334264e-05
20.633341586669626,1.5562441027214417e-05
20.650008260002963,8.142537052617781e-06
20.666674933336296,9.1313881616976e-06
20.683341606669632,1.2460148887305628e-05
20.70000828000297,7.2589761148632755e-06
20.716674953336305,1.4078806251635152e-05
20.73334162666964,9.73895521528703e-06
20.750008300002975,1.1009598878216513e-05
20.76667497333631,1.5898455524741726e-05
20.783341646669648,1.1201298167476039e-05
20.800008320002984,4.249367578521507e-06
20.816674993336317,9.262274118372405e-06
20.833341666669654,1.1233386117629854e-05
20.85000834000299,7.011807659175396e-06
20.866675013336327,1.15833690137377e-05
20.883341686669663,1.4675328292124035e-05
20.900008360002996,1.0053605447295653e-05
20.916675033336332,8.932700142301456e-06
20.93334170666967,1.2346743199464984e-05
20.950008380003005,1.570091426467236e-05
20.96667505333634,1.938035689742635e-05
20.983341726669675,9.977193401895667e-06
21.00000840000301,8.28887876022153e-06
21.016675073336348,1.5770130859974068e-05
21.033341746669684,1.6250726189846075e-05
21.050008420003017,1.5434543749939787e-05
21.066675093336354,1.5454379543556202e-05
21.08334176666969,1.284943702375316e-05
21.100008440003027,1.4548589039232852e-05
21.116675113336363,1.765487171426574e-05
21.133341786669696,1.9923561964152613e-05
21.150008460003033,1.6361239498309305e-05
21.16667513333637,1.2775254499301408e-05
21.183341806669706,1.545783554970583e-05
21.20000848000304,1.5366382701854936e-05
21.216675153336375,1.3512321971837052e-05
21.23334182666971,1.3949317443829081e-05
21.250008500003048,1.8994319869076245e-05
21.266675173336385,1.8843073854755762e-05
21.283341846669718,2.0043718644180393e-05
21.300008520003054,1.6893509804615944e-05
21.31667519333639,9.123791637501275e-06
21.333341866669727,4.270224852083338e-06
21.350008540003063,2.304964406265347e-06
21.366675213336396,4.4615604920702665e-06
21.383341886669733,3.831424522244624e-06
21.40000856000307,5.262944158573836e-06
21.416675233336406,2.891764887615345e-06
21.43334190666974,1.5903021415524466e-06
21.450008580003075,5.730715740632336e-06
21.466675253336412,8.54484572460152e-06
21.48334192666975,3.7079200512938265e-06
21.500008600003085,8.989582307387964e-06
21.516675273336418,1.2972655674705528e-05
21.533341946669754,1.541296275793877e-05
21.55000862000309,1.2755587810296406e-05
21.566675293336427,1.0156449552472394e-05
21.583341966669764,5.914576834329774e-06
21.600008640003097,1.4885491789296964e-05
21.616675313336433,1.6458299328266838e-05
21.63334198666977,6.94101456108214e-06
21.650008660003106,9.681643538314105e-06
21.66667533333644,1.4432762200774435e-05
21.683342006669776,7.843080904156719e-06
21.700008680003112,5.555766408453697e-06
21.71667535333645,1.1218414817949401e-05
21.733342026669785,2.029063271972667e-05
21.750008700003118,1.961306538824465e-05
21.766675373336454,7.878466699353508e-06
21.78334204666979,5.760855061059977e-06
21.800008720003127,8.83298963863184e-06
21.81667539333646,6.2756152403688175e-06
21.833342066669797,7.053516763918832e-06
21.850008740003133,8.896126641901573e-06
21.86667541333647,7.803616405820837e-06
21.883342086669806,9.884500102460598e-06
21.90000876000314,1.0057880723027565e-05
21.916675433336476,1.2392245636679551e-05
21.933342106669812,1.4449814937675419e-05
21.95000878000315,1.3969488320726523e-05
21.966675453336485,1.1492415813224094e-05
21.983342126669818,7.570172214535737e-06
22.000008800003155,4.656191192712335e-06
22.01667547333649,3.0180828958162436e-06
22.033342146669828,4.271285482638678e-06
22.05000882000316,5.802609003119767e-06
22.066675493336497,4.391297628477352e-06
22.083342166669834,6.143454107170776e-06
22.10000884000317,6.3304379537186654e-06
22.116675513336506,1.553433698789592e-06
22.13334218666984,3.979313065789979e-06
22.150008860003176,6.695777778348669e-06
22.166675533336512,1.105641484386986e-05
22.18334220666985,1.0427622801351295e-05
22.200008880003185,6.396891857264917e-06
22.21667555333652,4.343276484106952e-06
22.233342226669855,8.948420034523982e-06
22.25000890000319,1.1240812210647148e-05
22.266675573336528,6.528576732206635e-06
22.28334224666986,1.3857619213495692e-06
22.300008920003197,7.022148268336478e-06
22.316675593336534,8.670747086087423e-06
22.33334226666987,5.897164737269943e-06
22.350008940003207,4.891848207580428e-06
22.36667561333654,9.438884820847601e-06
22.383342286669876,1.7401671061476784e-05
22.400008960003213,1.935651738803472e-05
22.41667563333655,1.326149873395813e-05
22.433342306669886,1.5250381304331832e-05
22.45000898000322,1.6559529713541347e-05
22.466675653336555,1.175790931837712e-05
22.48334232666989,6.632588230109585e-06
22.500009000003228,5.6822318116695515e-06
22.51667567333656,9.25806747114606e-06
22.533342346669897,9.871114137903084e-06
22.550009020003234,5.325091878309656e-06
22.56667569333657,3.6584036116450127e-06
22.583342366669907,3.974001479379175e-06
22.60000904000324,6.286168344996939e-06
22.616675713336576,8.727220574377265e-06
22.633342386669913,7.685177490032356e-06
22.65000906000325,6.682588346863647e-06
22.666675733336582,1.0904247939424997e-05
22.68334240666992,1.051128050843197e-05
22.700009080003255,7.588538308180253e-06
22.71667575333659,4.380828339000671e-06
22.733342426669928,3.92454917242432e-06
22.75000910000326,2.174695783832891e-06
22.766675773336598,4.65528084684661e-06
22.783342446669934,6.31101207157591e-06
22.80000912000327,3.2151298299242777e-06
22.816675793336607,2.332845690751908e-06
22.83334246666994,5.0281253441009475e-06
22.850009140003277,9.147012523020909e-06
22.866675813336613,1.1858095349752313e-05
22.88334248666995,7.626984153370255e-06
22.900009160003282,2.6271470489102333e-06
22.91667583333662,5.7804324676896075e-06
22.933342506669955,8.805022164661151e-06
22.950009180003292,8.117505515112746e-06
22.96667585333663,7.677672031036217e-06
22.98334252666996,7.933745385850705e-06
23.000009200003298,8.051912112016915e-06
23.016675873336634,1.1333983206197903e-05
23.03334254666997,1.2536901545252912e-05
23.050009220003307,1.184203943024823e-05
23.06667589333664,1.1598575728653534e-05
23.083342566669977,1.2435933845581979e-05
23.100009240003313,9.5106670724514e-06
23.11667591333665,7.649031579621467e-06
23.133342586669983,8.610845048410837e-06
23.15000926000332,1.0744646585023586e-05
23.166675933336656,1.1169410935495258e-05
23.183342606669992,8.139521721573258e-06
23.20000928000333,8.43878736584526e-06
23.21667595333666,6.810561583308771e-06
23.233342626669998,6.165698721854847e-06
23.250009300003335,3.443390612266259e-06
23.26667597333667,3.6114228175849274e-06
23.283342646670004,3.867423956135982e-06
23.30000932000334,3.6827957308192817e-06
23.316675993336677,7.448030815520847e-06
23.333342666670013,5.970529832660885e-06
23.35000934000335,2.891644685517688e-06
23.366676013336683,1.9130100451183657e-06
23.38334268667002,3.4304523487708673e-06
23.400009360003356,4.695651017135828e-06
23.416676033336692,7.138720621288416e-06
23.43334270667003,7.937621681259181e-06
23.45000938000336,8.96131736340705e-06
23.4666760533367,8.852921356754828e-06
23.483342726670035,4.075845963787705e-06
23.50000940000337,1.0674059281704072e-05
23.516676073336704,1.1249114632024264e-05
23.53334274667004,5.145736844444978e-06
23.550009420003377,5.234710038947766e-06
23.566676093336714,1.0298355514922253e-05
23.58334276667005,8.302485808024313e-06
23.600009440003383,3.78981221519337e-06
23.61667611333672,5.979248357958285e-06
23.633342786670056,8.945091759275764e-06
23.650009460003393,1.1538743664361525e-05
23.66667613333673,7.4138922895685986e-06
23.683342806670062,1.971623284999922e-06
23.7000094800034,1.4279655320119358e-06
23.716676153336735,1.5643390160514838e-06
23.73334282667007,3.371731860572385e-06
23.750009500003404,5.089084660366887e-06
23.76667617333674,6.594381799466599e-06
23.783342846670077,7.70871108184781e-06
23.800009520003414,8.867967490294978e-06
23.81667619333675,9.587324573807337e-06
23.833342866670083,9.53937754829781e-06
23.85000954000342,8.765622192309938e-06
23.866676213336756,9.160789768335708e-06
23.883342886670093,5.329194949613519e-06
23.90000956000343,2.645784355505892e-06
23.916676233336762,3.03228774787838e-06
23.9333429066701,2.618947136516239e-06
23.950009580003435,3.1735446471810444e-06
23.96667625333677,3.230605809333796e-06
23.983342926670105,1.4793728982935227e-06
24.00000960000344,1.5880041022293724e-06
24.016676273336778,1.7999702004265588e-06
24.033342946670114,2.9105905232569777e-06
24.05000962000345,4.6441434617893645e-06
24.066676293336783,5.058935422051917e-06
24.08334296667012,6.592853090953864e-06
24.100009640003456,5.7670931563239075e-06
24.116676313336793,5.391231789735486e-06
24.133342986670126,6.455457073000658e-07
24.150009660003462,5.9196941531759555e-06
24.1666763333368,5.0287739215834005e-06
24.183343006670135,2.3492057773487205e-06
24.200009680003472,5.578172941345759e-06
24.216676353336805,5.8571204782753265e-06
24.23334302667014,5.61093366465137e-06
24.250009700003478,2.8764364321322694e-06
24.266676373336814,3.4628411399622976e-06
24.28334304667015,8.642957300656961e-06
24.300009720003484,1.031583849538156e-05
24.31667639333682,7.289844551181562e-06
24.333343066670157,9.105522228059643e-06
24.350009740003493,1.1042466094375884e-05
24.366676413336826,8.757952734630371e-06
24.383343086670163,3.879054479136919e-06
24.4000097600035,9.091831581197678e-07
24.416676433336836,3.3458981256457507e-06
24.433343106670172,5.890662256169729e-06
24.450009780003505,6.174096585198852e-06
24.46667645333684,4.445622856409469e-06
24.483343126670178,2.4054182113794318e-06
24.500009800003514,4.885930276701284e-06
24.51667647333685,4.796581377638117e-06
24.533343146670184,4.912943190626274e-06
24.55000982000352,4.877580600747989e-06
24.566676493336857,6.442755995059217e-06
24.583343166670193,6.210755905784678e-06
24.600009840003526,3.5394260756687386e-06
24.616676513336863,2.0288380932761657e-06
24.6333431866702,2.1807345985179904e-06
24.650009860003536,2.369058276562828e-06
24.666676533336872,2.502059170597912e-06
24.683343206670205,2.481305543372512e-06
24.70000988000354,1.8099345893475777e-06
24.716676553336878,1.8488417795536758e-06
24.733343226670215,1.9150915833391488e-06
24.75000990000355,4.567795620640849e-06
24.766676573336884,4.791086101221164e-06
24.78334324667022,2.902561917688157e-06
24.800009920003557,1.0154172252715371e-06
24.816676593336894,1.094206971472681e-06
24.833343266670227,2.400852919191483e-06
24.850009940003563,3.066229553144611e-06
24.8666766133369,3.7288177127570006e-06
24.883343286670236,4.007967690873426e-06
24.900009960003572,3.5912307085841584e-06
24.916676633336905,4.747817667591823e-06
24.933343306670242,5.783261279585764e-06
24.95000998000358,6.177433396612233e-06
24.966676653336915,6.499771214541523e-06
24.983343326670248,8.254991360933856e-06
25.000010000003584,9.507184977528994e-06
25.01667667333692,7.210613127659023e-06
25.033343346670257,5.998552227202787e-06
25.050010020003594,4.820297552842512e-06
25.066676693336927,3.9047374236050974e-06
25.083343366670263,4.136171129806313e-06
25.1000100400036,4.334041043768493e-06
25.116676713336936,4.2745644269223766e-06
25.133343386670273,3.2694335685933205e-06
25.150010060003606,3.915204157618547e-06
25.166676733336942,3.1332724624708986e-06
25.18334340667028,3.2788910880826055e-06
25.200010080003615,2.5451722407299356e-06
25.216676753336948,5.6156957703855745e-06
25.233343426670285,6.373600656200847e-06
25.25001010000362,3.711038821578101e-06
25.266676773336957,1.6864932409066403e-06
25.283343446670294,8.889288950449495e-07
25.300010120003627,2.6229510455496663e-06
25.316676793336963,4.483200060810795e-06
25.3333434666703,3.888052263939052e-06
25.350010140003636,3.7941350309800426e-06
25.366676813336973,4.607776483855914e-06
25.383343486670306,1.2186789793124058e-06
25.400010160003642,5.749040430316827e-06
25.41667683333698,6.073093578402366e-06
25.433343506670315,3.5331890617023673e-06
25.45001018000365,3.428653426182998e-06
25.466676853336985,4.393863665268043e-06
25.48334352667032,5.483455353103626e-06
25.500010200003658,2.956217326692751e-06
25.516676873336994,2.896684842437363e-06
25.533343546670327,4.063752453595871e-06
25.550010220003664,5.416304847654807e-06
25.566676893337,4.033541809753764e-06
25.583343566670337,2.939476333484489e-06
25.60001024000367,2.0162532569304296e-06
25.616676913337006,2.806850649174795e-06
25.633343586670343,2.3801718425278834e-06
25.65001026000368,4.003763596489426e-06
25.666676933337015,4.735349541975742e-06
25.68334360667035,3.891145038874024e-06
25.700010280003685,4.176241810062097e-06
25.71667695333702,4.922986554269183e-06
25.733343626670358,5.706328080854341e-06
25.750010300003694,5.5904464633828e-06
25.766676973337027,4.493807893408112e-06
25.783343646670364,3.97992651902104e-06
25.8000103200037,3.2777458656371736e-06
25.816676993337037,3.4551266432598468e-06
25.83334366667037,1.7341577614914992e-06
25.850010340003706,2.381667141177403e-07
25.866677013337043,2.1436678777728737e-06
25.88334368667038,3.346758259609655e-06
25.900010360003716,2.113112858005432e-06
25.91667703333705,6.123901222445048e-07
25.933343706670385,1.4586597109202889e-06
25.95001038000372,2.622712753723079e-06
25.966677053337058,2.463632383016783e-06
25.983343726670395,2.5621484410859695e-06
26.000010400003728,4.7321530409838306e-06
26.016677073337064,4.68315336717674e-06
26.0333437466704,2.1341524406438514e-06
26.050010420003737,3.27084267062316e-06
26.06667709333707,4.387335345775504e-06
26.083343766670406,2.8895444235639816e-06
26.100010440003743,3.565519447121465e-06
26.11667711333708,5.172214577610427e-06
26.133343786670416,4.037415621451474e-06
26.15001046000375,3.3406758770885e-06
26.166677133337085,1.9600402818887766e-06
26.183343806670422,4.988170519627319e-06
26.20001048000376,5.1938148323949526e-06
26.216677153337095,4.739560369667506e-06
26.233343826670428,3.988917945155996e-06
26.250010500003764,5.31395860556466e-06
26.2666771733371,4.476113007314141e-06
26.283343846670437,3.3838593398546214e-06
26.30001052000377,1.4297911519071425e-06
26.316677193337107,1.956186465994672e-06
26.333343866670443,3.989027176086234e-06
26.35001054000378,4.659933740355132e-06
26.366677213337116,4.36665940775027e-06
26.38334388667045,2.8651039164906863e-06
26.400010560003786,2.2326147033144827e-06
26.416677233337122,2.86765472642681e-06
26.43334390667046,2.520417766087586e-06
26.45001058000379,4.45183675881675e-06
26.466677253337128,4.0134576811430655e-06
26.483343926670464,2.5776553137569437e-06
26.5000106000038,2.007053183514116e-06
26.516677273337137,1.5236663549781215e-06
26.53334394667047,1.2601279656572522e-06
26.550010620003807,5.110160910000411e-07
26.566677293337143,7.57678222827542e-07
26.58334396667048,8.345876342494985e-07
26.600010640003816,1.3398021021715088e-06
26.61667731333715,1.1905415427347174e-06
26.633343986670486,2.429655652981991e-06
26.650010660003822,3.912841591735706e-06
26.66667733333716,2.870415642755206e-06
26.68334400667049,5.48055719272352e-07
26.700010680003828,1.6435898639341247e-06
26.716677353337165,1.06357897574129e-06
26.7333440266705,5.27301139210208e-07
26.750010700003838,1.8768174306896526e-06
26.76667737333717,2.3296287860845806e-06
26.783344046670507,3.1077669142187198e-06
26.800010720003844,2.4205377738641948e-06
26.81667739333718,1.3199045306381065e-06
26.833344066670517,2.2684685928281597e-06
26.85001074000385,3.730838285102004e-06
26.866677413337186,3.1222646673352696e-06
26.883344086670522,4.710070460203082e-06
26.90001076000386,6.081734026685445e-06
26.916677433337192,6.594171585718275e-06
26.93334410667053,5.4385834189939835e-06
26.950010780003865,2.5956825069193728e-06
26.9666774533372,1.1234576457062736e-06
26.983344126670538,3.03845697490676e-06
27.00001080000387,3.2381576246217537e-06
27.016677473337207,3.449784903225459e-06
27.033344146670544,2.734664746474765e-06
27.05001082000388,1.4392533303355646e-06
27.066677493337217,1.791218497759437e-06
27.08334416667055,2.0502047161487534e-06
27.100010840003886,1.4219229170009335e-06
27.116677513337223,3.4975554135685113e-06
27.13334418667056,4.232457456054343e-06
27.150010860003892,3.7971644242001704e-06
27.16667753333723,1.6505131492461324e-06
27.183344206670565,1.0303931263057234e-06
27.2000108800039,1.2388884958692887e-06
27.216677553337238,2.0403402125505985e-06
27.23334422667057,1.5611585044601104e-06
27.250010900003907,1.531247740890074e-06
27.266677573337244,1.922434693151274e-06
27.28334424667058,8.381423032508241e-07
27.300010920003913,9.68056306886732e-07
27.31667759333725,2.225489751254658e-06
27.333344266670586,2.027260996320275e-06
27.350010940003923,2.5054522097820877e-06
27.36667761333726,2.2363786272423615e-06
27.383344286670592,2.6050388537425754e-06
27.40001096000393,1.7051143037730763e-06
27.416677633337265,2.4019862822196183e-06
27.4333443066706,2.1945898864565534e-06
27.45001098000394,1.5888754149151421e-06
27.46667765333727,1.5559226163438599e-06
27.483344326670608,1.3705505678293643e-06
27.500011000003944,1.3870991146646847e-06
27.51667767333728,2.2195895612392813e-06
27.533344346670614,3.060402655494352e-06
27.55001102000395,3.481640619574181e-06
27.566677693337287,3.451282049652279e-06
27.583344366670623,3.4858069983985056e-06
27.60001104000396,2.808496882934066e-06
27.616677713337292,2.254460723972692e-06
27.63334438667063,2.1740425453915748e-06
27.650011060003965,2.871234703272652e-06
27.666677733337302,2.9249971232387115e-06
27.68334440667064,2.252653689528218e-06
27.70001108000397,3.0052249607236206e-06
27.716677753337308,2.724842803014528e-06
27.733344426670644,1.4947445510200258e-06
27.75001110000398,9.743170917325958e-07
27.766677773337314,2.246339344741636e-06
27.78334444667065,2.7600765707366196e-06
27.800011120003987,2.9878449753601662e-06
27.816677793337323,2.1968613193495943e-06
27.83334446667066,9.397668070828578e-07
27.850011140003993,8.854516587334112e-08
27.86667781333733,1.247555262916299e-06
27.883344486670666,1.6826704509849767e-06
27.900011160004002,3.0515784297258324e-06
27.91667783333734,2.0707059143315456e-06
27.93334450667067,2.220489564617546e-06
27.950011180004008,2.015335884592988e-06
27.966677853337345,3.2536913924540414e-06
27.98334452667068,2.0141375909711513e-06
28.000011200004014,2.6002159781258173e-06
28.01667787333735,3.005515054021569e-06
28.033344546670687,2.332271285914615e-06
28.050011220004023,3.4718754653372953e-06
28.06667789333736,1.2786800459575884e-06
28.083344566670693,1.2823434335566214e-06
28.10001124000403,2.1397601320151276e-06
28.116677913337366,2.3101047846049163e-06
28.133344586670702,1.7931757450877798e-06
28.150011260004035,2.637901971272743e-06
28.166677933337372,2.787685430447562e-06
28.18334460667071,2.175861102922614e-06
28.200011280004045,1.2706001866059354e-06
28.21667795333738,1.1938397397106502e-06
28.233344626670714,1.7423078761465725e-06
28.25001130000405,3.004541839843952e-06
28.266677973337387,3.1210249186259534e-06
28.283344646670724,2.094771734132028e-06
28.30001132000406,1.618325706121131e-06
28.316677993337393,1.5297735007371175e-06
28.33334466667073,2.785283575864408e-06
28.350011340004066,2.3485292780198677e-06
28.366678013337403,1.9253377613513227e-06
28.383344686670736,1.717005686726601e-06
28.400011360004072,7.943866497993045e-07
28.41667803333741,2.3096733719339492e-07
28.433344706670745,1.0678096491672337e-06
28.45001138000408,4.422828588336704e-07
28.466678053337414,9.160472383210271e-07
28.48334472667075,9.860840452771926e-07
28.500011400004087,1.4860984714642927e-07
28.516678073337424,1.522706067172281e-07
28.53334474667076,1.5171855898264668e-06
28.550011420004093,2.2391129513663527e-06
28.56667809333743,1.869077088034321e-06
28.583344766670766,7.424379740096322e-07
28.600011440004103,1.3878806701856947e-06
28.616678113337436,7.665765481440662e-07
28.633344786670772,6.187235010727859e-07
28.65001146000411,1.642565077264372e-06
28.666678133337445,1.2584237229538923e-06
28.68334480667078,3.229741653797009e-06
28.700011480004115,1.9150965812384735e-06
28.71667815333745,7.542838364869901e-07
28.733344826670788,7.790883638786588e-07
28.750011500004124,1.7492585262180824e-06
28.766678173337457,2.5188507379760853e-06
28.783344846670794,2.8525141618286555e-06
28.80001152000413,2.479454929026586e-06
28.816678193337466,3.798772458105264e-06
28.833344866670803,3.8054759972111906e-06
28.850011540004136,2.606240615263526e-06
28.866678213337472,9.939915895060463e-07
28.88334488667081,1.2585608244430432e-06
28.900011560004145,2.2647977710333527e-06
28.916678233337482,1.4047902333820382e-06
28.933344906670815,2.2427038619455213e-06
28.95001158000415,1.063864075437125e-06
28.966678253337488,5.757679571217547e-07
28.983344926670824,3.8825878352042995e-07
29.000011600004157,8.17582577941318e-07
29.016678273337494,1.694743301320475e-06
29.03334494667083,2.83015882853823e-06
29.050011620004167,2.6763987002514784e-06
29.066678293337503,1.262920765312322e-06
29.083344966670836,7.687299495088227e-07
29.100011640004173,1.1949009653816862e-06
29.11667831333751,1.1482150431940338e-06
29.133344986670846,1.1546029093372292e-06
29.150011660004182,5.094551288310402e-07
29.166678333337515,7.470878402387511e-07
29.18334500667085,4.5042474789820675e-07
29.200011680004188,9.258905344869739e-07
29.216678353337524,1.545702994626696e-06
29.233345026670857,1.1474446952682668e-06
29.250011700004194,6.236126526122427e-07
29.26667837333753,1.4529503531342282e-06
29.283345046670867,7.195238479774917e-07
29.300011720004203,1.2875409397380898e-06
29.316678393337536,1.6034032605767923e-06
29.333345066670873,1.0119744815161555e-06
29.35001174000421,1.143620189298165e-06
29.366678413337546,9.95702954173174e-07
29.383345086670882,6.559176580315136e-07
29.400011760004215,8.150745795563429e-07
29.41667843333755,1.4298518492436412e-06
29.433345106670888,1.5321502294238537e-06
29.450011780004225,2.0918232276791075e-06
29.466678453337558,3.30435624603978e-06
29.483345126670894,2.998023567745611e-06
29.50001180000423,2.324645467594636e-06
29.516678473337567,1.1834546149286436e-06
29.533345146670904,3.7305712722722573e-07
29.550011820004237,1.3191448683956352e-06
29.566678493337573,1.3737042161339372e-06
29.58334516667091,1.4562579902096775e-06
29.600011840004246,2.075505715194172e-06
29.61667851333758,1.7537394727832171e-06
29.633345186670915,1.5519145758965604e-06
29.650011860004252,1.3401586682614093e-06
29.66667853333759,9.02584182257744e-07
29.683345206670925,2.552566173760523e-06
29.700011880004258,2.0846149552289188e-06
29.716678553337594,1.677846322226982e-06
29.73334522667093,1.3936635544758718e-06
29.750011900004267,1.4182807237874284e-06
29.766678573337604,2.9460161741071854e-07
29.783345246670937,6.597695896975962e-07
29.800011920004273,1.2749647947871558e-06
29.81667859333761,1.822436386602525e-06
29.833345266670946,1.4355110838149007e-06
29.85001194000428,9.70898771216248e-07
29.866678613337616,2.34814956548054e-06
29.883345286670952,1.1521609140378326e-06
29.90001196000429,1.2872481560822259e-06
29.916678633337625,1.0797586004013962e-06
29.933345306670958,1.993370397657303e-06
29.950011980004295,1.7830070271424111e-06
29.96667865333763,5.519329580939091e-07
29.983345326670968,4.277230154425548e-07
30.000012000004304,1.0855813124708845e-06
30.016678673337637,1.3221775691103759e-06
30.033345346670973,5.740455798169191e-07
30.05001202000431,1.4695820832573326e-06
30.066678693337646,1.554154519523258e-06
30.08334536667098,1.2215544789049168e-06
30.100012040004316,1.0162385248923982e-06
30.116678713337652,1.0118232615246958e-06
30.13334538667099,1.693470120834079e-06
30.150012060004325,1.9655115332664663e-06
30.16667873333766,1.4764716919058855e-06
30.183345406670995,1.377968479524052e-06
30.20001208000433,1.2996437369940775e-06
30.216678753337668,1.4192996220614863e-06
30.233345426671004,1.649084981906855e-06
30.250012100004337,1.7077699843322202e-06
30.266678773337674,1.9097052307413993e-06
30.28334544667101,1.5434912495259412e-06
30.300012120004347,4.970330546077367e-07
30.31667879333768,8.059378718929132e-07
30.333345466671016,2.501940615183935e-07
30.350012140004353,1.4792980323869755e-06
30.36667881333769,4.491462044706683e-07
30.383345486671026,1.1877906155976226e-06
30.40001216000436,7.085015071409195e-07
30.416678833337695,2.762106738311507e-07
30.43334550667103,5.977929512453835e-07
30.450012180004368,8.134961467794819e-07
30.4666788533377,1.1575689845190987e-06
30.483345526671037,1.015118888981309e-06
30.500012200004374,9.378173581222305e-07
30.51667887333771,1.5222136485222091e-06
30.533345546671047,1.2092089794818866e-06
30.55001222000438,7.541924771839132e-07
30.566678893337716,1.5418539119343775e-06
30.583345566671053,1.5063214343927538e-06
30.60001224000439,2.2109847162942767e-06
30.616678913337726,1.4520932536634271e-06
30.63334558667106,3.4681489389852067e-07
30.650012260004395,5.386974475366341e-07
30.66667893333773,9.551491849398524e-07
30.683345606671068,1.2252022643247064e-06
30.7000122800044,1.9137675557277143e-06
30.716678953337738,2.112501861275376e-06
30.733345626671074,2.112339863795816e-06
30.75001230000441,1.5418317845452066e-06
30.766678973337747,1.0607797229515242e-06
30.78334564667108,6.424200914796539e-07
30.800012320004416,1.0059581768941844e-06
30.816678993337753,1.3177272807298349e-06
30.83334566667109,1.193239887589493e-06
30.850012340004426,1.2453733848816255e-06
30.86667901333776,9.70104263706697e-07
30.883345686671095,6.635993685365976e-07
30.900012360004432,1.6826067703986197e-07
30.91667903333777,1.4238328094699713e-06
30.9333457066711,1.8148249655037616e-06
30.950012380004438,1.087157238125065e-06
30.966679053337774,9.905954194704075e-07
30.98334572667111,1.240226523918344e-07
31.000012400004447,6.415770988298725e-07
31.01667907333778,4.906734622455088e-07
31.033345746671117,1.0249290582773674e-06
31.050012420004453,7.990313713320137e-07
31.06667909333779,2.2984987366929079e-07
31.083345766671123,5.241538895394011e-07
31.10001244000446,7.105479108820993e-07
31.116679113337796,9.95148440343844e-07
31.133345786671132,5.915619809617031e-07
31.15001246000447,3.241736098973372e-07
31.1666791333378,5.35914201644789e-07
31.183345806671138,4.637900024590677e-07
31.200012480004474,1.8745313529416278e-07
31.21667915333781,2.2807548195127317e-07
31.233345826671147,8.356870501962544e-07
31.25001250000448,1.2296120319330531e-06
31.266679173337817,9.781845866269194e-07
31.283345846671153,3.448759445920931e-07
31.30001252000449,1.4757034188242551e-07
31.316679193337823,7.254012512889956e-07
31.33334586667116,1.272950079645876e-06
31.350012540004496,1.0413653532235878e-06
31.366679213337832,2.2097879662952767e-06
31.38334588667117,2.3194416931474224e-06
31.4000125600045,1.6373487499337101e-06
31.416679233337838,1.3150261801526332e-06
31.433345906671175,5.302724185352982e-07
31.45001258000451,7.33504952859903e-07
31.466679253337848,6.151652262404296e-07
31.48334592667118,1.0401729613087571e-06
31.500012600004517,9.71359839159332e-07
31.516679273337854,1.2482360008217595e-06
31.53334594667119,1.243660722165647e-06
31.550012620004523,7.261134384005082e-07
31.56667929333786,3.959588037185857e-07
31.583345966671196,9.221318496088547e-07
31.600012640004532,1.528445528355936e-06
31.61667931333787,1.062817726650015e-06
31.633345986671202,1.4503682267655287e-06
31.65001266000454,1.309628459635329e-06
31.666679333337875,3.762138629808146e-07
31.68334600667121,1.610591872473568e-07
31.700012680004548,8.737747716019124e-07
31.71667935333788,1.0364566457962174e-06
31.733346026671217,3.5526424477635716e-07
31.750012700004554,2.196484801733822e-07
31.76667937333789,1.3416523920421455e-06
31.783346046671223,1.3375668287590502e-06
31.80001272000456,3.9710014041309395e-07
31.816679393337896,6.313496523839778e-07
31.833346066671233,1.1817740143852658e-06
31.85001274000457,7.351777671541328e-07
31.866679413337902,7.928727598858199e-07
31.88334608667124,5.443710346631315e-07
31.900012760004575,5.384264448509803e-07
31.91667943333791,6.699803938401502e-07
31.933346106671245,7.945881059322093e-07
31.95001278000458,5.562028895125273e-07
31.966679453337917,4.3322931266270033e-07
31.983346126671254,4.973099179214542e-07
32.00001280000459,6.804521641388006e-07
32.01667947333792,9.82942458392875e-07
32.03334614667126,1.2456171142515608e-06
32.050012820004596,1.296364076699987e-06
32.06667949333793,1.0184730606450463e-06
32.08334616667127,6.094447525457524e-07
32.1000128400046,2.357495270453594e-07
32.11667951333794,4.6149336875946713e-07
32.133346186671275,1.0285512273193284e-06
32.15001286000461,1.3365562435526907e-06
32.16667953333795,1.6164418540767718e-06
32.18334620667128,1.0687559038517523e-06
32.20001288000462,6.339819647883089e-07
32.216679553337954,7.420799605156474e-07
32.23334622667129,4.88862002550246e-07
32.25001290000463,1.0111904709923172e-06
32.26667957333796,6.444746474045529e-07
32.28334624667129,6.775348247623035e-07
32.30001292000463,7.932735480371346e-07
32.316679593337966,7.7884640980574e-07
32.333346266671306,6.339559127412046e-07
32.35001294000464,5.960635970386677e-07
32.36667961333797,1.0131020389464073e-06
32.38334628667131,7.048492466013012e-07
32.400012960004645,4.385532724221552e-07
32.416679633337985,1.7991585934537233e-06
32.43334630667132,1.3638043146240923e-06
32.45001298000465,7.071448836357782e-07
32.46667965333799,5.659848418176896e-07
32.483346326671324,9.503858930369788e-07
32.500013000004664,1.3280962247989834e-06
32.516679673338,1.2043629727838932e-06
32.53334634667133,4.369769006845208e-07
32.55001302000467,8.438001109206588e-07
32.566679693338,5.43483718342717e-07
32.58334636667134,1.054479510162966e-06
32.600013040004676,5.023771751030898e-07
32.61667971333801,9.54517736487275e-07
32.63334638667135,1.026855524615982e-06
32.65001306000468,1.0991762941209732e-06
32.666679733338015,3.7996268313245643e-07
32.683346406671355,2.245582865548626e-07
32.70001308000469,7.837466500997746e-07
32.71667975333803,9.56033537286027e-07
32.73334642667136,1.5231689398760046e-06
32.75001310000469,1.005202347429421e-06
32.76667977333803,4.388444501554352e-07
32.783346446671366,4.747043053587379e-07
32.80001312000471,7.664311095527907e-07
32.81667979333804,9.065242435691093e-07
32.83334646667137,1.3108089244456463e-06
32.85001314000471,4.55540852029547e-07
32.866679813338045,4.5970981432252864e-07
32.883346486671385,1.9056062952654465e-07
32.90001316000472,4.4493612410462586e-07
32.91667983333805,2.3857066844900776e-07
32.93334650667139,4.936926855942394e-07
32.950013180004724,5.988379938712547e-07
32.966679853338064,2.0114310086663025e-07
32.9833465266714,2.315918941664866e-07
33.00001320000473,3.1163608114350387e-07
33.01667987333807,8.321663658408278e-07
33.0333465466714,5.581770439144831e-07
33.05001322000474,4.1311354708943405e-07
33.066679893338076,6.350221581341232e-07
33.08334656667141,5.664683355709459e-07
33.10001324000475,6.595221903868851e-07
33.11667991333808,3.5046930901179734e-07
33.133346586671415,5.595340376555865e-07
33.150013260004755,1.130439143108415e-06
33.16667993333809,9.893861819191154e-07
33.18334660667143,1.1058874524920326e-07
33.20001328000476,6.822667626398611e-07
33.216679953338094,6.704123743093952e-07
33.233346626671434,3.8353312835407964e-07
33.25001330000477,1.2335981221333909e-06
33.26667997333811,8.97904564192371e-07
33.28334664667144,1.327214233019856e-06
33.30001332000477,1.5883387654403026e-06
33.31667999333811,1.0040337832654462e-06
33.333346666671446,7.89726646422354e-07
33.350013340004786,2.449592679947055e-07
33.36668001333812,5.780512769218381e-07
33.38334668667145,6.920826083515094e-07
33.40001336000479,9.69767813757499e-07
33.416680033338125,5.785933986477356e-07
33.433346706671465,1.0723129414451604e-06
33.4500133800048,5.320089568834381e-07
33.46668005333813,1.2316581489969814e-07
33.48334672667147,2.7572376540545014e-07
33.5000134000048,9.713436352391027e-07
33.51668007333814,1.1448646582078976e-06
33.53334674667148,9.354465162773929e-07
33.55001342000481,4.920464146357793e-07
33.56668009333815,4.7090687528566776e-07
33.58334676667148,1.8295881205042884e-07
33.600013440004815,3.6334947884567695e-07
33.616680113338155,6.634041343345052e-07
33.63334678667149,2.1798720453419864e-07
33.65001346000483,2.798272508181899e-07
33.66668013333816,3.162593168974372e-07
33.683346806671494,7.931804246040286e-07
33.700013480004834,1.905574803022833e-07
33.71668015333817,5.242904656046241e-07
33.73334682667151,1.5986608869391905e-07
33.75001350000484,5.227751899638683e-07
33.76668017333817,5.78736018509152e-07
33.78334684667151,4.76945197977375e-07
33.800013520004846,5.76020821024295e-07
33.816680193338186,2.727669790770405e-07
33.83334686667152,3.032292470454904e-07
33.85001354000485,3.6377227336031206e-07
33.86668021333819,5.446488460179182e-07
33.883346886671525,5.688073062394554e-07
33.900013560004865,5.507787443933017e-07
33.9166802333382,5.475073197066958e-07
33.93334690667153,1.1072333385167079e-06
33.95001358000487,1.0956173282287113e-06
33.966680253338204,7.088678614027377e-07
33.98334692667154,7.715740414810338e-07
34.00001360000488,6.812558911205331e-07
34.01668027333821,2.4104159195762596e-07
34.03334694667155,3.2417098954779967e-07
34.05001362000488,5.541447623044344e-07
34.066680293338216,1.1866154288661378e-06
34.083346966671556,9.334041136333018e-07
34.10001364000489,9.083449686815007e-07
34.11668031333823,6.718065465500849e-07
34.13334698667156,3.5042529994109864e-07
34.150013660004895,3.3837547452579013e-07
34.166680333338235,6.387907409995613e-07
34.18334700667157,7.023543075072475e-07
34.20001368000491,6.144827712366158e-07
34.21668035333824,9.269618503590566e-07
34.233347026671574,7.933932898615452e-07
34.250013700004914,1.958473296160768e-07
34.26668037333825,3.6832572399539904e-07
34.28334704667159,5.741492253530476e-07
34.30001372000492,2.1666302160944858e-07
34.31668039333825,6.723886096288213e-07
34.33334706667159,6.520103028700811e-07
34.350013740004925,2.661639755774238e-07
34.36668041333826,2.397767917027325e-07
34.3833470866716,6.520457949426921e-07
34.40001376000493,1.1373095360143252e-06
34.41668043333827,1.0755429923692115e-06
34.433347106671604,4.814675666394804e-07
34.45001378000494,2.859664004804817e-07
34.46668045333828,4.0442504223100917e-07
34.48334712667161,5.420960819397807e-07
34.50001380000495,7.102971286475138e-07
34.51668047333828,7.360142406491954e-08
34.533347146671616,5.690917007157478e-07
34.550013820004956,4.370153199293303e-07
34.56668049333829,2.222547561380842e-07
34.58334716667163,3.818446817979467e-07
34.60001384000496,4.478753326638032e-07
34.616680513338295,3.9070653692425013e-07
34.633347186671635,9.426580275334064e-07
34.65001386000497,6.134780948858691e-07
34.66668053333831,6.266884212197212e-07
34.68334720667164,5.354582351624796e-07
34.700013880004974,6.540226666056437e-07
34.716680553338314,5.893385926264812e-07
34.73334722667165,7.659033261391158e-07
34.75001390000499,4.465270731175293e-07
34.76668057333832,5.80094068958653e-07
34.78334724667165,7.012066697828283e-07
34.80001392000499,2.687201198159167e-07
34.816680593338326,5.380910943497196e-07
34.83334726667166,3.440906968873294e-07
34.850013940005,3.2153227125170153e-07
34.86668061333833,6.913508789956289e-07
34.88334728667167,3.3170513704906045e-07
34.900013960005005,1.476964457500477e-07
34.91668063333834,1.4285267492847927e-07
34.93334730667168,5.339901553790993e-07
34.95001398000501,4.243792067768501e-07
34.96668065333835,4.922197063820051e-07
34.983347326671684,5.70414026377403e-07
35.00001400000502,7.124624538623713e-07
35.01668067333836,2.0596797905453594e-07
35.03334734667169,5.009727905110478e-07
35.05001402000503,3.904715384950109e-07
35.06668069333836,9.511557381497481e-07
35.083347366671696,4.7355149488403333e-07
35.100014040005036,3.519080749860723e-07
35.11668071333837,5.125426238943784e-07
35.13334738667171,2.40689244570775e-07
35.15001406000504,5.542459001314231e-07
35.166680733338374,5.509247094797695e-07
35.183347406671714,7.295300586959547e-07
35.20001408000505,1.0222353928517113e-06
35.21668075333838,8.878788456653423e-07
35.23334742667172,7.248392491655264e-07
35.25001410000505,3.324121265608375e-07
35.26668077333839,6.722653678057253e-07
35.283347446671726,7.608094891841559e-07
35.30001412000506,3.5186809068349364e-07
35.3166807933384,7.265902680130978e-07
35.33334746667173,5.699000237330058e-07
35.35001414000507,4.1543517045796675e-07
35.366680813338405,2.009525189781468e-07
35.38334748667174,1.008535941626996e-07
35.40001416000508,3.9321048983818604e-07
35.41668083333841,7.766949641140182e-07
35.43334750667175,5.321743623324885e-07
35.450014180005084,2.445347011016141e-07
35.46668085333842,2.760507625357464e-07
35.48334752667176,1.2405493735894458e-07
35.50001420000509,1.8291065126824617e-07
35.51668087333843,6.389536150467058e-07
35.53334754667176,2.854561125822785e-07
35.550014220005096,6.216848614962418e-08
35.566680893338436,2.8803351253161715e-07
35.58334756667177,1.2628693344277612e-07
35.60001424000511,4.2719970754529145e-07
35.61668091333844,1.5592190090704035e-07
35.633347586671775,3.956689588840042e-07
35.650014260005115,5.853348848356838e-07
35.66668093333845,3.7794659294978756e-07
35.68334760667178,3.494122620239601e-07
35.70001428000512,5.996287287128707e-07
35.716680953338454,5.988229688495345e-07
35.733347626671794,2.2321201391615732e-07
35.75001430000513,2.67220466907552e-07
35.76668097333846,3.524994134699235e-07
35.7833476466718,1.337295101613293e-07
35.80001432000513,5.064555660631291e-08
35.81668099333847,5.481349801888125e-07
35.833347666671806,6.629106572544395e-07
35.85001434000514,5.912123751068781e-07
35.86668101333848,8.542993659925577e-07
35.88334768667181,6.603789915436844e-07
35.90001436000515,3.5114906458793675e-07
35.916681033338484,1.7619647553544317e-07
35.93334770667182,2.3431199930648684e-07
35.95001438000516,3.364016218086138e-07
35.96668105333849,3.446782118882375e-07
35.98334772667183,8.66264380512705e-07
36.00001440000516,8.361345054589304e-07
36.016681073338496,4.791954410936029e-07
36.033347746671836,2.280811553965976e-07
36.05001442000517,2.8401532367349453e-07
36.0666810933385,5.016254976911013e-07
36.08334776667184,6.262490512682965e-07
36.100014440005175,6.831259418510701e-07
36.116681113338515,6.491215054558091e-07
36.13334778667185,3.642337358337332e-07
36.15001446000518,3.4509432713950834e-07
36.16668113333852,2.0373057679019263e-07
36.183347806671854,1.7361125053803047e-07
36.200014480005194,4.7105431136150455e-07
36.21668115333853,2.530680449617374e-07
36.23334782667186,2.608186766638712e-07
36.2500145000052,4.401559990187742e-07
36.26668117333853,3.2732472849959993e-07
36.28334784667187,4.2579951716466e-07
36.300014520005206,6.611181210429092e-07
36.31668119333854,4.7362466083138723e-07
36.33334786667188,3.5254983869665354e-07
36.35001454000521,1.2482162324821336e-07
36.36668121333855,5.1981705746086185e-08
36.383347886671885,1.3279783412281097e-07
36.40001456000522,3.290827295527701e-07
36.41668123333856,2.747787319226106e-07
36.43334790667189,1.553654322079191e-07
36.45001458000523,3.1395986536088805e-07
36.466681253338564,2.9749246678142934e-07
36.4833479266719,1.8327482535259674e-07
36.50001460000524,3.0459624264144316e-07
36.51668127333857,3.1637985815758523e-07
36.5333479466719,4.644115503412385e-07
36.55001462000524,5.229547277745907e-07
36.566681293338576,3.3049934026396743e-07
36.583347966671916,1.1436417468429097e-07
36.60001464000525,2.0900583632121175e-07
36.61668131333858,4.1934322159222636e-07
36.63334798667192,7.423858117583356e-07
36.650014660005255,6.591233089243518e-07
36.666681333338595,7.248854641511224e-07
36.68334800667193,4.28478453023946e-07
36.70001468000526,2.0713841772260396e-07
36.7166813533386,4.969921572059066e-07
36.73334802667193,2.375349798356683e-07
36.75001470000527,3.543383545364528e-07
36.766681373338606,3.68912479455166e-07
36.78334804667194,5.316601164722848e-07
36.80001472000528,2.8873850503844895e-07
36.81668139333861,3.734191681531208e-07
36.83334806667195,2.3736564111769285e-07
36.850014740005285,3.8995866475411333e-07
36.86668141333862,5.748259638735747e-07
36.88334808667196,2.4206109985597005e-07
36.90001476000529,5.880884911832066e-07
36.916681433338624,1.1215221251777954e-07
36.933348106671964,2.69958542991909e-07
36.9500147800053,4.1737775253783145e-07
36.96668145333864,3.3712507937085314e-07
36.98334812667197,5.435438127840611e-07
37.0000148000053,3.12039719158478e-07
37.01668147333864,3.4314036379057215e-07
37.033348146671976,7.341526882918565e-08
37.050014820005316,1.9730994342064079e-07
37.06668149333865,3.478346170337216e-07
37.08334816667198,6.360560082999344e-07
37.10001484000532,6.144835643300184e-07
37.116681513338655,5.349970144937183e-07
37.133348186671995,1.3989230737575143e-07
37.15001486000533,2.9613422365071746e-07
37.16668153333866,1.1969773694529913e-07
37.183348206672,3.4701712718992745e-07
37.200014880005334,3.254374840559994e-07
37.216681553338674,3.602487761312929e-07
37.23334822667201,4.7169645616935675e-07
37.25001490000534,1.872679225313601e-07
37.26668157333868,2.050528347050269e-07
37.28334824667201,1.780542541546977e-07
37.300014920005346,4.976500112852747e-07
37.316681593338686,5.650175042941169e-07
37.33334826667202,4.3132473560898683e-07
37.35001494000536,1.4830048092219173e-07
37.36668161333869,1.5468374486487025e-07
37.383348286672025,2.2474153576895758e-07
37.400014960005365,2.0676409464933094e-07
37.4166816333387,3.96916405456238e-07
37.43334830667204,1.7322433663485902e-07
37.45001498000537,3.4316841991863963e-07
37.4666816533387,2.708970515886228e-07
37.48334832667204,2.5558396889219585e-07
37.50001500000538,3.566528064723182e-07
37.51668167333872,2.9031931180326745e-07
37.53334834667205,4.3373002622785466e-07
37.55001502000538,4.873856119623704e-07
37.56668169333872,4.0670792392039585e-07
37.583348366672055,1.1331855006441424e-07
37.600015040005395,1.0678979578490549e-07
37.61668171333873,2.1014978117754656e-07
37.63334838667206,1.8315901148061157e-07
37.6500150600054,2.6151157455177294e-07
37.666681733338734,1.7111484579367707e-07
37.683348406672074,2.1655430062120708e-07
37.70001508000541,1.6148530615856575e-07
37.71668175333874,1.3046729521951741e-07
37.73334842667208,2.845152758852379e-07
37.75001510000541,6.829509566926464e-07
37.766681773338746,5.860578763617681e-07
37.783348446672086,5.054846183000179e-07
37.80001512000542,4.846774823497006e-07
37.81668179333876,1.0843249809337659e-07
37.83334846667209,9.367138901998948e-08
37.850015140005425,4.01077256403244e-07
37.866681813338765,2.35266325095538e-07
37.8833484866721,4.5785050032913466e-07
37.90001516000544,4.821816528086396e-07
37.91668183333877,2.212629887172941e-07
37.933348506672104,2.8369185825171954e-07
37.950015180005444,1.0394825341068327e-07
37.96668185333878,5.371564762884664e-07
37.98334852667212,4.90498456504561e-07
38.00001520000545,2.5810788427478254e-07
38.01668187333878,4.185912021809824e-07
38.03334854667212,2.2436421902487377e-07
38.050015220005456,2.3572805251742176e-07
38.066681893338796,1.6092742168841633e-07
38.08334856667213,1.566120168898645e-07
38.10001524000546,2.481743462689189e-07
38.1166819133388,4.4358083424215657e-07
38.133348586672135,9.676164748092153e-08
38.15001526000547,7.495210603034597e-08
38.16668193333881,7.121542420642453e-08
38.18334860667214,2.464018545923951e-07
38.20001528000548,3.3484969953807115e-07
38.216681953338814,2.495793786887882e-07
38.23334862667215,3.910892233488202e-07
38.25001530000549,2.278381824846942e-07
38.26668197333882,8.274352618810686e-08
38.28334864667216,1.7018573425303593e-07
38.30001532000549,1.2862757890299748e-07
38.316681993338825,1.884142994711088e-07
38.333348666672165,4.222216230979585e-07
38.3500153400055,3.8207821411547534e-07
38.36668201333884,2.2785644616462183e-07
38.38334868667217,9.842623811995888e-08
38.400015360005504,2.687541970284146e-07
38.416682033338844,4.0016986473294163e-07
38.43334870667218,3.843922706000857e-07
38.45001538000552,2.9545347101753756e-08
38.46668205333885,8.565291061243086e-08
38.48334872667218,1.1320702133391076e-07
38.50001540000552,1.2908424797484865e-07
38.516682073338856,2.664904627074649e-07
38.533348746672196,4.2226305780814534e-07
38.55001542000553,5.766115789726182e-07
38.56668209333886,3.949396451514673e-07
38.5833487666722,2.343117661262048e-07
38.600015440005535,2.3347555968284364e-07
38.61668211333887,1.966815302139902e-07
38.63334878667221,3.9987650602898074e-07
38.65001546000554,5.75295604373501e-07
38.66668213333888,2.739582065035325e-07
38.683348806672214,4.990230209251542e-07
38.70001548000555,1.5279393067660653e-07
38.71668215333889,3.381127124357494e-07
38.73334882667222,1.4003711265501329e-07
38.75001550000556,2.3426294973554924e-07
38.76668217333889,3.742360925858303e-07
38.783348846672226,1.3558047999325303e-07
38.800015520005566,3.802046515729417e-07
38.8166821933389,2.771085184691783e-07
38.83334886667224,9.869221673433162e-08
38.85001554000557,2.4329057944143867e-07
38.866682213338905,1.3582307967388828e-07
38.883348886672245,3.705287270142798e-07
38.90001556000558,4.961056250955352e-07
38.91668223333892,1.6505369488147004e-07
38.93334890667225,3.629158326794814e-07
38.950015580005584,7.435504617605686e-08
38.966682253338924,1.033341418430813e-07
38.98334892667226,2.695094507264601e-07
39.00001560000559,4.778140953593455e-07
39.01668227333893,2.0584333913945282e-07
39.03334894667226,1.5184826787050512e-07
39.0500156200056,5.426293566504325e-08
39.066682293338935,1.184743705669348e-07
39.08334896667227,1.124524189613864e-07
39.10001564000561,1.94873793246165e-07
39.11668231333894,9.919174229103292e-08
39.13334898667228,1.8090515807097541e-07
39.150015660005614,1.4234952570918143e-07
39.16668233333895,2.275422054347783e-07
39.18334900667229,4.7110932980602977e-07
39.20001568000562,4.921116699584302e-07
39.21668235333896,3.060957329420939e-07
39.23334902667229,2.1955571858835818e-07
39.250015700005626,1.5308360536022196e-07
39.266682373338966,1.7293968440701913e-07
39.2833490466723,1.6933939935335737e-07
39.30001572000564,7.793049809829393e-08
39.31668239333897,8.802977207760915e-08
39.333349066672305,1.142378296675674e-07
39.350015740005645,3.409815780812303e-07
39.36668241333898,1.8123943304569005e-07
39.38334908667232,1.3233275641972392e-07
39.40001576000565,1.6703121469696287e-07
39.416682433338984,2.2318123516823623e-07
39.433349106672324,4.6637147073427174e-07
39.45001578000566,3.5318138919272477e-07
39.46668245333899,3.0629702502158896e-07
39.48334912667233,3.164217228098621e-07
39.50001580000566,3.0495593347084927e-07
39.516682473339,1.6905364934798154e-07
39.533349146672336,3.67335522031747e-07
39.55001582000567,2.607368401424631e-07
39.56668249333901,2.239842910608074e-07
39.58334916667234,2.814344615762683e-07
39.60001584000568,1.4807326409494986e-07
39.616682513339015,1.3948645336834912e-07
39.63334918667235,2.436368678627895e-07
39.65001586000569,5.871902562078987e-07
39.66668253333902,3.068636993582184e-07
39.68334920667236,3.344713232678459e-07
39.700015880005694,4.7104514506062764e-07
39.71668255333903,2.806194991072687e-07
39.73334922667237,7.567196765914024e-08
39.7500159000057,2.1454405543626774e-07
39.76668257333904,1.829066246388619e-07
39.78334924667237,2.2110472749787698e-07
39.800015920005706,3.3566344712527886e-07
39.816682593339046,4.3154376081939923e-07
39.83334926667238,5.980201365270219e-08
39.85001594000571,1.5394016565181444e-07
39.86668261333905,2.224127174691794e-07
39.883349286672384,3.502938498470758e-07
39.900015960005724,6.486721722735824e-08
39.91668263333906,3.197855262269383e-07
39.93334930667239,1.4352707981447296e-07
39.95001598000573,3.35824627118189e-07
39.96668265333906,3.2624527805868294e-07
39.9833493266724,1.6714002957561275e-07
40.000016000005736,1.9581878758859587e-07
40.01668267333907,2.455028753515973e-07
40.03334934667241,5.474744467970707e-08
40.05001602000574,2.1330603491792302e-07
40.06668269333908,2.737300497380001e-07
40.083349366672415,2.591048877809811e-07
40.10001604000575,2.5067660859553785e-07
40.11668271333909,1.8710558684519813e-07
40.13334938667242,3.1854586383620615e-07
40.15001606000576,1.839324049045814e-07
40.166682733339094,1.2622469450053727e-07
40.18334940667243,1.3691359984212908e-07
40.20001608000577,3.9769599716720825e-08
40.2166827533391,1.7682133661821512e-07
40.23334942667244,1.6019317216433125e-07
40.25001610000577,1.200308743908057e-07
40.266682773339106,1.3720357747809858e-07
40.283349446672446,4.521337988741175e-08
40.30001612000578,2.4566997893287664e-07
40.31668279333911,3.4679541988387365e-07
40.33334946667245,1.7237356316396886e-07
40.350016140005785,4.851222332636649e-07
40.366682813339125,1.0473660855540645e-07
40.38334948667246,2.620719088339524e-07
40.40001616000579,2.4683416946118956e-07
40.41668283333913,2.3669117949812718e-07
40.433349506672464,1.5259269908394948e-07
40.450016180005804,2.4897386045158996e-07
40.46668285333914,2.102210234153026e-07
40.48334952667247,1.5843346695938204e-07
40.50001620000581,2.0475721649166777e-07
40.51668287333914,1.6201894791542788e-07
40.53334954667248,3.25131554322389e-07
40.550016220005816,2.5446624050118595e-07
40.56668289333915,3.4924806001750456e-07
40.58334956667249,2.8225491970860524e-07
40.60001624000582,2.935906731710009e-07
40.61668291333916,2.1774447491598584e-07
40.633349586672495,1.1192230205044444e-07
40.65001626000583,2.03116099649477e-07
40.66668293333917,5.541037512460295e-08
40.6833496066725,3.0775861512465805e-07
40.70001628000583,9.525846421486226e-08
40.71668295333917,3.3092941109615793e-07
40.733349626672506,1.3712317330917896e-07
40.750016300005846,1.0174791740209372e-07
40.76668297333918,3.55122184404362e-08
40.78334964667251,2.0533648096555888e-07
40.80001632000585,2.4882484933449526e-07
40.816682993339185,1.8993121573043862e-07
40.833349666672525,3.153605696991621e-07
40.85001634000586,2.120935453912298e-07
40.86668301333919,1.4157864877076691e-07
40.88334968667253,1.4554929456711157e-07
40.900016360005864,1.6132931662676474e-07
40.916683033339204,3.1740784958798075e-07
40.93334970667254,2.0950013173112286e-07
40.95001638000587,2.149766264637861e-07
40.96668305333921,2.761564415649269e-07
40.98334972667254,6.992267345384392e-08
41.00001640000588,1.1637234014251405e-07
41.016683073339216,9.486451303675554e-08
41.03334974667255,1.0060172564607912e-07
41.05001642000589,1.0716681656013883e-07
41.06668309333922,6.249510354232014e-08
41.08334976667256,6.608387289926174e-08
41.100016440005895,1.3177878784665064e-07
41.11668311333923,1.8260467444364115e-07
41.13334978667257,1.3684190731507358e-07
41.1500164600059,8.738386307639339e-08
41.166683133339234,2.1561197568508655e-07
41.183349806672574,7.225513622550101e-08
41.20001648000591,2.202480872962709e-07
41.21668315333925,1.5711531208794956e-07
41.23334982667258,3.251468588170223e-07
41.25001650000591,6.629516835258034e-08
41.26668317333925,1.717816270670796e-07
41.283349846672586,5.569958326739471e-08
41.300016520005926,4.3139462194450344e-08
41.31668319333926,1.6970838509187334e-07
41.33334986667259,2.0893370755204314e-07
41.35001654000593,1.9270047111605642e-07
41.366683213339265,2.802603513611688e-07
41.383349886672605,2.952770862886252e-07
41.40001656000594,2.5213573479468024e-07
41.41668323333927,4.6550484128769044e-08
41.43334990667261,2.8505079431994917e-07
41.45001658000594,1.6815394131857148e-07
41.46668325333928,1.4899902242626597e-07
41.48334992667262,2.6357192463450837e-07
41.50001660000595,2.4404888029250666e-07
41.51668327333929,7.223060142653534e-08
41.53334994667262,1.7905280551440217e-08
41.550016620005955,1.7937909217826967e-07
41.566683293339295,1.2985659814642674e-07
41.58334996667263,1.9858906740441737e-07
41.60001664000597,2.0565828713391973e-07
41.6166833133393,1.468545298116068e-07
41.633349986672634,2.7746511470194e-07
41.650016660005974,1.656025971080382e-07
41.66668333333931,1.0359479536951342e-07
41.68335000667265,2.2744458529412056e-07
41.70001668000598,3.052348149576073e-07
41.71668335333931,3.1796846431330486e-07
41.73335002667265,2.114533915061229e-07
41.750016700005986,1.7874447121738957e-07
41.766683373339326,2.2220203058027215e-07
41.78335004667266,2.031680696211364e-07
41.80001672000599,3.02584399638776e-07
41.81668339333933,1.3691040169014084e-07
41.833350066672665,7.385408578888433e-08
41.850016740006005,1.622248336254056e-07
41.86668341333934,1.3511859957098484e-07
41.88335008667267,6.360399228178989e-08
41.90001676000601,1.95416548333876e-08
41.916683433339344,9.5168883148006e-08
41.93335010667268,1.4578035988999613e-08
41.95001678000602,5.6737907786588056e-08
41.96668345333935,7.02645524999559e-08
41.98335012667269,5.7287200256604085e-08
42.00001680000602,3.0592055162208134e-07
42.016683473339356,3.011367316715487e-07
42.033350146672696,3.07551748281779e-08
42.05001682000603,1.3583463229855785e-07
42.06668349333937,1.8323326899373818e-07
42.0833501666727,6.655798743636383e-08
42.100016840006035,2.578132766782951e-07
42.116683513339375,1.67116366030376e-07
42.13335018667271,1.2386289554760928e-07
42.15001686000605,1.2810009583728872e-07
42.16668353333938,1.1992581977164865e-07
42.18335020667271,2.1928511088124468e-07
42.200016880006054,1.0935570176441113e-07
42.21668355333939,2.489913438176752e-07
42.23335022667273,1.0582420688466923e-07
42.25001690000606,1.1381868092652847e-07
42.26668357333939,3.782072350823695e-07
42.28335024667273,3.668988743581958e-07
42.300016920006065,2.9312971470823727e-08
42.316683593339405,1.2571986917580057e-07
42.33335026667274,7.507491530991928e-08
42.35001694000607,2.8563699498745524e-07
42.36668361333941,2.2129421516978803e-07
42.383350286672744,6.910404453668957e-08
42.40001696000608,1.4948885515773527e-07
42.41668363333942,1.1780467236136355e-07
42.43335030667275,1.2174486261341132e-07
42.45001698000609,1.559177130354761e-07
42.46668365333942,1.3209192660186205e-07
42.483350326672756,3.370555055376156e-07
42.500017000006096,3.16855001539844e-07
42.51668367333943,1.1010857868923635e-07
42.53335034667277,1.9718570728644844e-07
42.5500170200061,1.5259612963572307e-07
42.566683693339435,2.9293178650927062e-08
42.583350366672775,1.0193584322175432e-07
42.60001704000611,1.4530621996457366e-07
42.61668371333945,7.925218264858721e-08
42.63335038667278,5.333994809289151e-08
42.650017060006114,1.6350462802268466e-07
42.666683733339454,1.3975943314394519e-07
42.68335040667279,3.44135501605081e-08
42.70001708000613,9.689754742994161e-08
42.71668375333946,9.15523405195463e-08
42.73335042667279,1.5267412058405767e-07
42.75001710000613,1.503839455540817e-07
42.766683773339466,6.672074511753876e-08
42.7833504466728,7.314872093467842e-08
42.80001712000614,6.203285692696829e-09
42.81668379333947,1.7826540196291866e-07
42.83335046667281,1.1148931627257595e-07
42.850017140006145,8.003760081596093e-08
42.86668381333948,9.810170370914474e-08
42.88335048667282,2.2127257677410677e-07
42.90001716000615,1.444456170543491e-07
42.91668383333949,1.7592155729896895e-07
42.933350506672824,2.1486721538134694e-07
42.95001718000616,3.3768899944736e-08
42.9666838533395,4.0000699943742036e-08
42.98335052667283,1.2662132820563777e-07
43.00001720000617,2.3193190610034124e-08
43.0166838733395,7.004317007327642e-08
43.033350546672835,1.0668897535408302e-07
43.050017220006175,1.3723923163460383e-07
43.06668389333951,2.2370684102136332e-07
43.08335056667285,3.792983223644204e-08
43.10001724000618,1.5115484905090272e-07
43.116683913339514,4.350975768177565e-08
43.133350586672854,2.581459096994641e-07
43.15001726000619,3.241983417366154e-07
43.16668393333953,1.7572601246251476e-07
43.18335060667286,1.1337975258443291e-07
43.20001728000619,5.9560587935734334e-08
43.21668395333953,4.825699408530079e-08
43.233350626672866,1.513125478770738e-07
43.2500173000062,1.3373567484614516e-07
43.26668397333954,2.1470876424664298e-07
43.28335064667287,1.9470868776519787e-07
43.30001732000621,5.9287761051476046e-08
43.316683993339545,2.5713254560563633e-07
43.33335066667288,1.93731082321846e-07
43.35001734000622,1.06259769597929e-07
43.36668401333955,1.8725226835628872e-07
43.38335068667289,2.227925264159686e-07
43.400017360006224,6.092561844097258e-08
43.41668403333956,1.414199988570096e-07
43.4333507066729,1.1728380077328538e-07
43.45001738000623,7.274542390044799e-08
43.46668405333957,1.2189666735945564e-07
43.4833507266729,1.2380531918153476e-07
43.500017400006236,5.067517010167395e-08
43.516684073339576,1.7554073379948847e-07
43.53335074667291,1.3767209386615258e-07
43.55001742000625,7.323669531484258e-08
43.56668409333958,1.1051368438110242e-07
43.583350766672915,2.456353944447357e-07
43.600017440006255,2.608183110268875e-07
43.61668411333959,1.3114784073297348e-07
43.63335078667292,2.9212440731995932e-08
43.65001746000626,7.223874891533774e-08
43.666684133339594,1.2628190887589552e-07
43.683350806672934,1.0638851133875337e-07
43.70001748000627,1.8417890059633838e-07
43.7166841533396,1.3995572342802593e-07
43.73335082667294,5.07498305251333e-08
43.75001750000627,3.4271179740141456e-08
43.76668417333961,8.803815915356312e-08
43.783350846672946,2.0663328802657307e-07
43.80001752000628,6.404438362330475e-08
43.81668419333962,1.255608645045216e-07
43.83335086667295,4.5863326455469484e-08
43.85001754000629,1.5078022552873252e-07
43.866684213339624,5.6975990910096605e-08
43.88335088667296,1.0748011201339273e-07
43.9000175600063,1.5020560710654152e-07
43.91668423333963,2.0730076816065009e-07
43.93335090667297,1.1571881885226943e-07
43.9500175800063,9.92584975140084e-08
43.966684253339636,1.243041705040566e-07
43.983350926672976,1.3624170040258254e-07
44.00001760000631,6.372198216940883e-08
44.01668427333965,1.1684459968009946e-07
44.03335094667298,1.6595590550033138e-07
44.050017620006315,8.964445814420721e-08
44.066684293339655,9.671374157597771e-08
44.08335096667299,1.9852785947214335e-07
44.10001764000632,1.0123514352390067e-07
44.11668431333966,1.3473847212670736e-07
44.133350986672994,1.9876459121528652e-07
44.150017660006334,4.8965365694392524e-08
44.16668433333967,1.8201009982247382e-07
44.183351006673,8.863909574644819e-08
44.20001768000634,2.4286307880743944e-07
44.21668435333967,6.96874455513981e-08
44.23335102667301,9.954228891201265e-08
44.250017700006346,1.52827934924395e-07
44.26668437333968,1.519757038084625e-07
44.28335104667302,1.665910617734504e-07
44.30001772000635,8.132974769350814e-08
44.31668439333969,1.9352835955062667e-07
44.333351066673025,7.142343147462486e-08
44.35001774000636,5.851317114855001e-08
44.3666844133397,1.681906056880261e-07
44.38335108667303,1.8204586718335588e-07
44.40001776000637,2.0728273227237406e-07
44.416684433339704,4.3794221166194306e-08
44.43335110667304,9.920045477606634e-08
44.45001778000638,1.197564625051075e-08
44.46668445333971,1.0640738059781882e-07
44.48335112667304,1.7422261133114463e-08
44.50001780000638,1.1062210606035128e-07
44.516684473339716,1.927910110136586e-07
44.533351146673056,1.3003158980450935e-07
44.55001782000639,1.3280646715746367e-07
44.56668449333972,2.2084850282401852e-07
44.58335116667306,1.6808252791004e-07
44.600017840006394,1.1150853595851067e-07
44.616684513339735,1.3552591199343588e-07
44.63335118667307,8.491026710987574e-08
44.6500178600064,1.2328259025394797e-07
44.66668453333974,6.008415453241953e-08
44.68335120667307,3.381468278542462e-08
44.70001788000641,1.3880121842045791e-07
44.716684553339746,6.849421641556624e-08
44.73335122667308,9.716741745996298e-08
44.75001790000642,5.2827038867750195e-08
44.76668457333975,8.033853055359948e-08
44.78335124667309,1.254668206219516e-07
44.800017920006425,1.518179067526215e-08
44.81668459333976,1.3437961598376862e-07
44.8333512666731,1.57156598065343e-07
44.85001794000643,8.056707776920765e-08
44.86668461333977,1.1658401551874384e-07
44.883351286673104,8.777778185657223e-08
44.90001796000644,2.3701295886538276e-07
44.91668463333978,9.749944197719715e-08
44.93335130667311,5.2528075508587844e-08
44.95001798000644,1.7477452465679334e-07
44.96668465333978,1.3349575238887727e-07
44.983351326673116,1.598276250024955e-07
45.000018000006456,4.968029863060333e-08
45.01668467333979,1.1799269078911595e-07
45.03335134667312,1.8033218788580704e-07
45.05001802000646,1.8143404026176756e-07
45.066684693339795,5.520050099445626e-08
45.083351366673135,1.9786637824790746e-07
45.10001804000647,7.649239876903129e-08
45.1166847133398,1.2951219197494028e-07
45.13335138667314,4.548870398516536e-08
45.150018060006474,9.018513373770867e-08
45.166684733339814,1.914323635023962e-07
45.18335140667315,1.3176645090955246e-07
45.20001808000648,1.3842391040747315e-07
45.21668475333982,1.9271002741079213e-07
45.23335142667315,8.653436143867222e-08
45.25001810000649,1.2980628340084231e-07
45.266684773339826,1.3767428338658516e-07
45.28335144667316,7.966445245819784e-08
45.3000181200065,5.9352437917316067e-08
45.31668479333983,1.815443138184793e-08
45.333351466673165,7.261786415551106e-08
45.350018140006505,8.803394179072628e-08
45.36668481333984,1.4197019302909215e-07
45.38335148667318,2.1807750911261618e-08
45.40001816000651,4.82573361488496e-08
45.41668483333984,7.491579332530792e-08
45.43335150667318,4.515197439022363e-08
45.450018180006516,6.91416638957373e-08
45.466684853339856,7.18428946336759e-08
45.48335152667319,8.960760071175682e-08
45.50001820000652,1.660710399927456e-07
45.51668487333986,1.110814427539739e-07
45.533351546673195,9.532026785616307e-08
45.550018220006535,3.1761425353993083e-08
45.56668489333987,4.332974299154363e-08
45.5833515666732,6.866195408599277e-08
45.60001824000654,5.503666334068479e-08
45.616684913339874,8.092394529017103e-08
45.633351586673214,7.088666811951222e-08
45.65001826000655,1.179253733735797e-07
45.66668493333988,7.365790065781244e-08
45.68335160667322,7.558898310621098e-08
45.70001828000655,1.3766566850984985e-07
45.71668495333989,3.315313859053672e-08
45.733351626673226,5.657211399057094e-08
45.75001830000656,1.3325865397120536e-07
45.7666849733399,8.973942497941596e-08
45.78335164667323,9.58146853042904e-08
45.800018320006565,4.033531474830381e-08
45.816684993339905,1.3042845517136863e-07
45.83335166667324,1.3357889193129077e-07
45.85001834000658,1.685812147107668e-07
45.86668501333991,1.3088499893322095e-07
45.883351686673244,1.345225640261675e-07
45.900018360006584,8.580773368752485e-08
45.91668503333992,5.758803476160708e-08
45.93335170667326,8.47314717527638e-08
45.95001838000659,6.632447215868361e-08
45.96668505333992,8.794091473203421e-08
45.98335172667326,3.216099372776797e-08
46.000018400006596,1.3564358332764194e-07
46.016685073339936,9.161137058292261e-08
46.03335174667327,9.635283916716357e-08
46.0500184200066,1.6700610776195764e-07
46.06668509333994,1.4291616918188665e-07
46.083351766673275,1.143302695639582e-07
46.100018440006615,1.104383488907987e-07
46.11668511333995,1.1728970463944239e-07
46.13335178667328,2.0647771262865268e-07
46.15001846000662,8.60643467459238e-08
46.16668513333995,8.598961334747281e-08
46.183351806673286,9.985108476693264e-08
46.20001848000663,2.2739999312404227e-08
46.21668515333996,3.878643009446353e-08
46.2333518266733,6.309665410413933e-08
46.25001850000663,1.1858799782301204e-07
46.266685173339965,1.6074516525748972e-07
46.283351846673305,1.4761620981977607e-07
46.30001852000664,7.15630089098398e-08
46.31668519333998,2.496726249358441e-08
46.33335186667331,4.544476925867702e-08
46.350018540006644,1.4896618128448608e-07
46.366685213339984,5.9243013598767264e-08
46.38335188667332,3.9754493089168576e-08
46.40001856000666,7.501333055343586e-08
46.41668523333999,1.3627295328476947e-07
46.43335190667332,1.3025889451412183e-07
46.45001858000666,1.1697974490724369e-07
46.466685253339996,9.565916939161087e-08
46.483351926673336,8.240356535223122e-08
46.50001860000667,4.106589501551754e-08
46.51668527334,1.1365452566860124e-07
46.53335194667334,1.399812527260632e-07
46.550018620006675,3.7720392120508835e-08
46.56668529334001,8.961053975596828e-08
46.58335196667335,8.924747951390529e-08
46.60001864000668,1.3721560234246385e-07
46.61668531334002,1.8167814560461706e-07
46.633351986673354,6.984256005093547e-08
46.65001866000669,3.7862733237352036e-08
46.66668533334003,3.0106377820643314e-08
46.68335200667336,2.8174249150690478e-08
46.7000186800067,1.4684871710544501e-07
46.71668535334003,6.52704793127636e-08
46.733352026673366,3.350477464430459e-08
46.750018700006706,1.6027085663385003e-07
46.76668537334004,6.719722019328156e-08
46.78335204667338,8.99530736947591e-08
46.80001872000671,7.823929808229237e-08
46.816685393340045,7.203754502188287e-08
46.833352066673385,7.184616115495428e-08
46.85001874000672,1.7262709344778113e-07
46.86668541334006,1.8668085191348707e-07
46.88335208667339,4.830082968465516e-08
46.90001876000672,2.1815367974201787e-08
46.916685433340064,1.0069688868117856e-07
46.9333521066734,1.236768952870278e-07
46.95001878000674,1.120001310039135e-07
46.96668545334007,9.070465774464176e-09
46.9833521266734,9.158597016006197e-08
47.00001880000674,3.029344946793761e-08
47.016685473340075,1.687096732878122e-07
47.03335214667341,1.0314163920111797e-07
47.05001882000675,3.221361726514721e-08
47.06668549334008,4.5484599659317636e-08
47.08335216667342,1.3500070463794966e-07
47.100018840006754,1.326847678464138e-07
47.11668551334009,7.093636338427966e-08
47.13335218667343,6.525135194865704e-08
47.15001886000676,6.704723804334227e-08
47.1666855333401,1.5288483087015666e-07
47.18335220667343,9.726830999405991e-08
47.200018880006766,1.1079566911273013e-07
47.216685553340106,5.783679817750516e-08
47.23335222667344,2.5385571965751668e-08
47.25001890000678,9.643135298161276e-08
47.26668557334011,2.6791273127475132e-08
47.283352246673445,5.381687835749422e-08
47.300018920006785,8.386484197568966e-08
47.31668559334012,1.0802993396543501e-07
47.33335226667346,1.5187686677512744e-07
47.35001894000679,1.637710850956649e-07
47.366685613340124,5.786067176238721e-08
47.383352286673464,9.402432917643687e-08
47.4000189600068,6.326344791561196e-08
47.41668563334013,2.0440750998699988e-07
47.43335230667347,1.0416802647714787e-07
47.4500189800068,1.0744872873190143e-07
47.46668565334014,4.1544591736398345e-08
47.483352326673476,1.428453772125171e-07
47.50001900000681,2.4571649256728484e-08
47.51668567334015,9.849014308820603e-08
47.53335234667348,1.2839515556000788e-07
47.55001902000682,4.765363469384553e-08
47.566685693340155,1.4273098587662829e-07
47.58335236667349,1.1079698839062108e-07
47.60001904000683,9.922865535131478e-08
47.61668571334016,6.45818198859485e-08
47.6333523866735,1.1771327498328838e-07
47.650019060006834,8.063430441231773e-08
47.66668573334017,1.8761062368157878e-07
47.68335240667351,6.665799489695163e-08
47.70001908000684,8.352318119166579e-08
47.71668575334018,1.6972493613147685e-07
47.73335242667351,1.299711148753338e-07
47.750019100006845,4.972461881681069e-08
47.766685773340186,4.3083889331504944e-08
47.78335244667352,6.20639670305614e-08
47.80001912000686,9.63954358887785e-08
47.81668579334019,1.098333555231294e-07
47.833352466673524,7.434673989187567e-08
47.850019140006864,3.560170932482194e-08
47.8666858133402,1.5849707789283674e-07
47.88335248667353,1.1495021395666033e-07
47.90001916000687,7.838109401609524e-08
47.9166858333402,9.329635530517072e-08
47.93335250667354,7.33900126249897e-08
47.950019180006876,1.828512070752278e-07
47.96668585334021,2.6981439475430153e-08
47.98335252667355,1.217206968019469e-07
48.00001920000688,4.348298378036166e-08
48.01668587334022,5.607987439769664e-08
48.033352546673555,1.0179247130432985e-07
48.05001922000689,3.270906847569014e-08
48.06668589334023,5.374298268396134e-08
48.08335256667356,1.4249053442515427e-07
48.1000192400069,1.6330349936644218e-07
48.116685913340234,1.4452821137817303e-07
48.13335258667357,1.4664756869630425e-07
48.15001926000691,1.0424233347419508e-07
48.16668593334024,4.455454956878822e-08
48.18335260667358,7.05693595632682e-08
48.20001928000691,1.2248638541913657e-07
48.216685953340246,8.236747180130851e-08
48.233352626673586,5.9047048927143406e-08
48.25001930000692,4.800161563092494e-08
48.26668597334025,7.322637845581604e-08
48.28335264667359,2.782728594329145e-08
48.300019320006925,1.3421537741179746e-07
48.316685993340265,4.119105677193447e-08
48.3333526666736,1.0544397756327172e-07
48.35001934000693,8.725095511277181e-08
48.36668601334027,3.792544222546761e-08
48.383352686673604,1.7087256501289512e-08
48.400019360006944,1.5166756051455486e-07
48.41668603334028,1.0126140506872268e-07
48.43335270667361,2.3528509123504432e-08
48.45001938000695,1.2429351956025614e-07
48.46668605334028,8.219297172776058e-08
48.48335272667362,3.004579951040352e-08
48.500019400006956,1.713637167954046e-07
48.51668607334029,1.1003515957044201e-07
48.53335274667363,7.551681210618812e-08
48.55001942000696,1.0968467929793523e-07
48.5666860933403,6.572589794014095e-08
48.583352766673634,1.301069155119982e-07
48.60001944000697,1.5098464808213874e-07
48.61668611334031,4.028975354234143e-08
48.63335278667364,1.2392153233153644e-07
48.65001946000698,3.4885430622008774e-08
48.66668613334031,3.8946065284452644e-08
48.683352806673646,7.588896653576559e-08
48.700019480006986,3.8812514606611316e-08
48.71668615334032,4.171857062914206e-08
48.73335282667365,8.360027413261511e-08
48.75001950000699,1.3067178748747325e-07
48.766686173340325,3.582857020375929e-08
48.783352846673665,3.642944456985473e-08
48.800019520007,6.80776683212248e-08
48.81668619334033,3.5280828967952156e-08
48.83335286667367,6.00110761858082e-08
48.850019540007004,2.7738133930944583e-08
48.866686213340344,4.688591846021421e-08
48.88335288667368,1.2054089866562445e-07
48.90001956000701,7.857859878207186e-08
48.91668623334035,9.507425074031694e-08
48.93335290667368,6.188721205466419e-08
48.95001958000702,8.593151799909564e-08
48.966686253340356,8.268712408043012e-08
48.98335292667369,2.955170542866809e-08
49.00001960000703,1.067423999051518e-07
49.01668627334036,7.697819964075434e-08
49.0333529466737,7.695988447431508e-08
49.050019620007035,7.504206066916054e-08
49.06668629334037,5.982294978322998e-08
49.08335296667371,2.3626711885343077e-08
49.10001964000704,3.2171193807817316e-08
49.116686313340374,6.531947277230411e-08
49.133352986673714,7.834188005179367e-08
49.15001966000705,4.1123330913333495e-08
49.16668633334039,2.7256355208210525e-08
49.18335300667372,6.177570497658017e-08
49.20001968000705,7.88026153421239e-08
49.21668635334039,1.1996242113278122e-07
49.233353026673726,8.505595419356456e-08
49.250019700007066,5.883974404911033e-08
49.2666863733404,1.1376534845460381e-08
49.28335304667373,1.1052075399445733e-07
49.30001972000707,1.1908596725542372e-07
49.316686393340404,2.930291078213023e-08
49.333353066673745,1.296707439452589e-07
49.35001974000708,1.0459044209211248e-07
49.36668641334041,1.099582331182916e-07
49.38335308667375,7.416585967130202e-08
49.40001976000708,7.303252218986045e-08
49.41668643334042,8.389663677188349e-08
49.433353106673756,4.453068270002549e-08
49.45001978000709,7.140165026015675e-08
49.46668645334043,1.1467993891825525e-07
49.48335312667376,9.472598676325124e-08
49.5000198000071,3.717549785957358e-08
49.516686473340435,5.5695643477642494e-08
49.53335314667377,4.2795056552212454e-08
49.55001982000711,1.28262758190824e-07
49.56668649334044,1.296047401639511e-07
49.583353166673774,5.243050451112379e-09
49.600019840007114,1.2084198547080359e-07
49.61668651334045,9.804938441037797e-08
49.63335318667379,1.0068370518838094e-07
49.65001986000712,1.2728891042985476e-07
49.66668653334045,5.428690018924897e-08
49.68335320667379,4.547457965742259e-08
49.700019880007126,5.8010522094371834e-08
49.716686553340466,6.039457570575788e-08
49.7333532266738,5.550102329599686e-08
49.75001990000713,7.292529755162243e-08
49.76668657334047,1.1620825372728083e-07
49.783353246673805,1.3266224390866285e-08
49.800019920007145,3.864540193404154e-08
49.81668659334048,3.044875826019961e-08
49.83335326667381,3.33520023275098e-08
49.85001994000715,1.760892853065841e-08
49.866686613340484,2.607928211294153e-08
49.883353286673824,7.20364867811365e-08
49.90001996000716,4.6439554722437955e-08
49.91668663334049,6.05659906735543e-08
49.93335330667383,6.863950204862844e-08
49.95001998000716,7.522254846935643e-08
49.966686653340496,6.315252944663637e-08
49.983353326673836,9.899165035184158e-08
50.00002000000717,7.927698482205511e-08
50.01668667334051,2.4940589939310592e-08
50.03335334667384,3.908517287968681e-08
50.050020020007175,5.615016310510208e-08
50.066686693340515,1.953598947185281e-08
50.08335336667385,3.4113945224474547e-08
50.10002004000719,2.913580152539676e-08
50.11668671334052,8.084389035448656e-08
50.13335338667385,6.066106296890154e-08
50.15002006000719,1.0590156879196254e-07
50.166686733340526,1.6295429550232368e-07
50.18335340667387,1.2075981413002455e-07
50.2000200800072,5.832037780512783e-08
50.21668675334053,1.0122294834522298e-07
50.23335342667387,4.1103542718965445e-08
50.250020100007205,8.191248090129088e-08
50.266686773340545,9.077860702699462e-08
50.28335344667388,8.88560127278544e-08
50.30002012000721,9.240449926430626e-08
50.31668679334055,9.804076528285352e-08
50.333353466673884,1.09458828778446e-08
50.350020140007224,1.418394629313196e-08
50.36668681334056,7.403792187778435e-08
50.38335348667389,7.119283907066253e-08
50.40002016000723,2.9176034952844558e-08
50.41668683334056,5.8089195485619954e-08
50.433353506673896,7.436010275873339e-08
50.450020180007236,4.353307097363785e-08
50.46668685334057,8.278480822647218e-08
50.48335352667391,3.963302797670181e-08
50.50002020000724,5.051471060054195e-08
50.516686873340575,1.4438458137902585e-07
50.533353546673915,8.682486771447386e-08
50.55002022000725,7.272424910210222e-08
50.56668689334059,3.6252136516371835e-08
50.58335356667392,8.516884770566777e-08
50.600020240007254,8.236900139200757e-08
50.616686913340594,3.6608347782658054e-08
50.63335358667393,1.1537999049644196e-07
50.65002026000727,6.961933054248825e-08
50.6666869333406,5.743296367884462e-08
50.68335360667393,2.8117869398607023e-08
50.70002028000727,1.1605001645725413e-07
50.716686953340606,1.0921339568648683e-07
50.733353626673946,7.95566328023073e-08
50.75002030000728,9.365306401740424e-08
50.76668697334061,1.1406636815156687e-07
50.78335364667395,7.395832865773135e-08
50.800020320007285,6.066068488368443e-08
50.81668699334062,5.7768703412148584e-08
50.83335366667396,6.980847111901766e-08
50.85002034000729,1.0372989537017324e-07
50.86668701334063,1.0648357488410102e-07
50.88335368667396,1.8225306512046684e-08
50.9000203600073,9.899090178289851e-08
50.91668703334064,6.667358546939451e-08
50.93335370667397,4.333197236899206e-08
50.95002038000731,8.552551771413934e-08
50.96668705334064,2.7172643723792307e-08
50.983353726673975,4.601877395689396e-08
51.000020400007315,2.738285880235102e-08
51.01668707334065,3.9067692572922085e-08
51.03335374667399,1.1864774424025411e-07
51.05002042000732,6.255630496417358e-08
51.066687093340654,6.557601199188877e-08
51.083353766673994,6.885300893275983e-08
51.10002044000733,7.77461534729197e-08
51.11668711334067,6.664172893334801e-08
51.133353786674,1.0678936755992932e-07
51.15002046000733,5.6078561474949536e-08
51.16668713334067,9.829920606406117e-09
51.183353806674006,2.445128206368434e-08
51.20002048000734,8.332042041910557e-08
51.21668715334068,6.10331265836846e-08
51.23335382667401,4.186142762596219e-08
51.25002050000735,1.9697001512678402e-08
51.266687173340685,7.259757569633322e-08
51.28335384667402,4.809853902178577e-08
51.30002052000736,5.942247147367017e-08
51.31668719334069,3.680200599237558e-08
51.33335386667403,1.182699203848564e-09
51.350020540007364,2.4842136006308042e-08
51.3666872133407,4.653018872285097e-08
51.38335388667404,8.106858084791621e-08
51.40002056000737,5.247282134711707e-08
51.41668723334071,3.118798842514629e-08
51.43335390667404,2.0027889431608044e-08
51.450020580007376,7.783667408717768e-08
51.466687253340716,5.1974049749780626e-08
51.48335392667405,9.342407718833373e-09
51.50002060000739,3.2060438199702785e-08
51.51668727334072,5.229974983565034e-08
51.533353946674055,2.411147587472219e-08
51.550020620007395,1.1723460539419886e-08
51.56668729334073,5.164606250762939e-08
51.58335396667407,5.665677878264231e-08
51.6000206400074,7.950755361535078e-08
51.616687313340734,5.976660899413655e-08
51.633353986674074,3.2510354923007566e-08
51.65002066000741,5.310936474069609e-09
51.66668733334074,6.705620156868655e-08
51.68335400667408,3.093059874886703e-08
51.70002068000741,1.0355596912706242e-07
51.71668735334075,1.2910545281483663e-07
51.733354026674085,1.1409197750908825e-07
51.75002070000742,8.115011703836368e-08
51.76668737334076,5.30527260121099e-08
51.78335404667409,6.583017368493889e-08
51.80002072000743,4.644066309231912e-08
51.816687393340764,5.930255896887981e-08
51.8333540666741,1.0706017048633162e-07
51.85002074000744,8.329331087920695e-08
51.86668741334077,6.383034274914988e-08
51.88335408667411,6.38070370591613e-08
51.90002076000744,1.2410669713798152e-08
51.916687433340776,4.244855303490247e-08
51.933354106674116,7.329823342140937e-08
51.95002078000745,1.0815171405259414e-07
51.96668745334079,4.552504833880051e-08
51.98335412667412,1.5664312419708568e-08
52.000020800007455,4.3744464044769966e-08
52.016687473340795,6.433073068818173e-08
52.03335414667413,1.0742426238936599e-07
52.05002082000746,1.0934728952801586e-07
52.0666874933408,6.325847078729528e-08
52.083354166674134,9.524243541603326e-08
52.100020840007474,6.79693737941162e-08
52.11668751334081,3.6038005861958826e-08
52.13335418667414,6.220345588263525e-08
52.15002086000748,9.158426704051722e-08
52.16668753334081,6.139972335277833e-08
52.18335420667415,3.428858171245039e-08
52.200020880007486,2.91857667739099e-08
52.21668755334082,4.9747016800130345e-08
52.23335422667416,8.156009142818003e-08
52.25002090000749,1.032920334622019e-07
52.26668757334083,5.203947866053138e-08
52.283354246674165,8.316124052468377e-08
52.3000209200075,5.030497520598398e-08
52.31668759334084,8.831479778735225e-08
52.33335426667417,2.9413753776473692e-08
52.35002094000751,7.454125145135458e-08
52.366687613340844,3.5980283133599426e-08
52.38335428667418,6.540141979899997e-08
52.40002096000752,5.699082595612801e-08
52.41668763334085,1.3234718446321344e-08
52.43335430667419,6.950798865054966e-08
52.45002098000752,1.0339938715215136e-07
52.466687653340855,3.075730292774261e-08
52.483354326674196,7.278813097809715e-08
52.50002100000753,8.44374382636751e-08
52.51668767334086,6.119153488605075e-08
52.5333543466742,1.3611164775127293e-08
52.550021020007534,5.76046041446154e-08
52.566687693340874,6.674991630352802e-08
52.58335436667421,6.361673138276136e-08
52.60002104000754,3.046562260500177e-08
52.61668771334088,3.1041715314430356e-08
52.63335438667421,4.6143855010883946e-08
52.65002106000755,4.773298548222696e-08
52.666687733340886,3.70953125094849e-08
52.68335440667422,5.859596687766672e-08
52.70002108000756,6.208670632322483e-08
52.71668775334089,1.895693503664174e-08
52.73335442667423,3.513527249516131e-08
52.750021100007565,5.908255243192264e-09
52.7666877733409,7.4255048745434165e-09
52.78335444667424,7.997855040435595e-08
52.80002112000757,6.414757592101822e-08
52.81668779334091,5.992381816643979e-08
52.833354466674244,7.769622865682935e-08
52.85002114000758,6.291141620960455e-08
52.86668781334092,4.225429399938317e-08
52.88335448667425,5.496465578650754e-08
52.90002116000758,6.316948851569817e-08
52.91668783334092,7.380861537059697e-08
52.933354506674256,1.3802006700311032e-07
52.950021180007596,1.1696399156070231e-07
52.96668785334093,8.615289364478465e-08
52.98335452667426,5.312700990901474e-08
53.0000212000076,3.757069205271239e-08
53.016687873340935,1.2210035121228625e-07
53.033354546674275,1.1667650793221711e-07
53.05002122000761,1.0812834027814175e-08
53.06668789334094,2.450111127283429e-08
53.08335456667428,7.566086663005947e-08
53.100021240007614,7.085750094624618e-08
53.116687913340954,1.0285742498767575e-07
53.13335458667429,8.611655758690625e-08
53.15002126000762,2.1799064512528313e-08
53.16668793334096,5.5951714851423726e-08
53.18335460667429,5.417384905492153e-08
53.20002128000763,3.730926219632559e-08
53.216687953340966,1.9629662881428135e-08
53.2333546266743,3.8612097413437374e-08
53.25002130000764,3.620854907298806e-08
53.26668797334097,1.2297789194448346e-07
53.28335464667431,9.176019496719129e-08
53.300021320007644,3.073060209936796e-08
53.31668799334098,2.078071487846194e-08
53.33335466667432,3.9132048589000544e-08
53.35002134000765,8.038558964700046e-08
53.36668801334098,3.153219522184588e-08
53.38335468667432,1.702830400137234e-08
53.400021360007656,2.305745634364442e-08
53.416688033340996,4.829810513008617e-09
53.43335470667433,7.635188721319306e-09
53.45002138000766,3.2098692290784455e-08
53.466688053341,2.2135688809226486e-08
53.483354726674335,5.713730441886836e-08
53.500021400007675,6.794113222058599e-08
53.51668807334101,1.6520578566449807e-08
53.53335474667434,6.781534300229823e-08
53.55002142000768,3.25709686278824e-08
53.566688093341014,1.1132658708784466e-07
53.583354766674354,1.6262056117184518e-07
53.60002144000769,6.738545986403052e-08
53.61668811334102,6.984706996575027e-08
53.63335478667436,6.191693840201589e-08
53.65002146000769,2.0111978437202608e-08
53.66668813334103,2.45183848748359e-08
53.683354806674366,6.814543505834859e-08
53.7000214800077,6.154700776843112e-08
53.71668815334104,2.932786393077644e-08
53.73335482667437,9.550300641267278e-08
53.750021500007705,8.360007916323606e-08
53.766688173341045,2.697831595842061e-08
53.78335484667438,4.044304922593842e-08
53.80002152000772,6.672010174019777e-08
53.81668819334105,5.440738946357932e-08
53.833354866674384,7.852477117046525e-08
53.850021540007724,4.3004525386179914e-08
53.86668821334106,5.32931867228394e-08
53.8833548866744,4.4631230042038654e-08
53.90002156000773,4.8393169079803487e-08
53.91668823334106,4.644543022876121e-08
53.9333549066744,5.651552813716886e-08
53.950021580007736,6.605142370753868e-08
53.966688253341076,6.453627983179744e-08
53.98335492667441,1.0007458343822088e-07
54.00002160000774,6.120893151642871e-08
54.01668827334108,5.72671788265894e-08
54.033354946674415,5.8480668482221924e-08
54.050021620007755,4.1769656230770876e-08
54.06668829334109,4.817350399815656e-08
54.08335496667442,1.7834011453982352e-08
54.10002164000776,6.381800533953919e-08
54.11668831334109,8.437611699469907e-08
54.13335498667443,5.9207941777405033e-08
54.150021660007766,1.421992513648686e-07
54.1666883333411,6.109081210551564e-08
54.18335500667444,3.2499213681873676e-08
54.20002168000777,2.6168616450039766e-08
54.216688353341105,1.7591841502813563e-08
54.233355026674445,2.892888248629754e-08
54.25002170000778,8.652004278111085e-08
54.26668837334112,4.5198172039336184e-08
54.28335504667445,2.0190139962346063e-08
54.300021720007784,2.5821237972645428e-08
54.316688393341124,2.4925168217598116e-08
54.33335506667446,5.963242099285298e-08
54.3500217400078,5.435914641615768e-08
54.36668841334113,7.620516897093358e-08
54.38335508667446,2.1989641245773894e-08
54.4000217600078,1.3081259045208438e-08
54.416688433341136,5.232888264902765e-08
54.433355106674476,3.866198135664197e-08
54.45002178000781,4.463382463875759e-08
54.46668845334114,2.6711157458523102e-08
54.48335512667448,1.94162457083905e-08
54.500021800007815,2.67778090342873e-08
54.516688473341155,7.891168239598718e-08
54.53335514667449,6.76408020139204e-08
54.55002182000782,3.34263983092729e-08
54.56668849334116,4.31335562294799e-08
54.583355166674494,2.833784849051428e-08
54.60002184000783,1.2699061493269756e-08
54.61668851334117,5.888415402706307e-08
54.6333551866745,6.734530634247444e-08
54.65002186000784,3.2867555645452944e-08
54.66668853334117,2.033128785264178e-08
54.683355206674506,2.9814573922516704e-08
54.700021880007846,3.409777145143402e-08
54.71668855334118,5.399974542567999e-08
54.73335522667452,8.289538719180746e-08
54.75002190000785,6.14403650348501e-08
54.766688573341185,5.072286082361915e-08
54.783355246674525,4.885065617117392e-08
54.80002192000786,6.020525039519801e-08
54.8166885933412,4.314272400491609e-08
54.83335526667453,3.9681153491415054e-08
54.85002194000786,4.3968536030053344e-08
54.8666886133412,1.5983891441056585e-08
54.883355286674536,3.464670517647346e-08
54.90002196000788,3.8802597739888316e-08
54.91668863334121,4.689695921035979e-08
54.93335530667454,4.8314968868251006e-08
54.95002198000788,5.102371600513295e-08
54.966688653341215,1.1228791366783319e-08
54.983355326674555,4.506981717549589e-08
55.00002200000789,1.4253913405570926e-08
55.01668867334122,9.18416746909018e-08
55.03335534667456,1.4339111836486034e-07
55.050022020007894,7.111474187810161e-08
55.06668869334123,5.372875844175271e-08
55.08335536667457,6.864918165248738e-08
55.1000220400079,5.7281464786026753e-08
55.11668871334124,2.6797769190434482e-08
55.13335538667457,3.5134128612951465e-08
55.150022060007906,4.870127319532078e-08
55.166688733341246,7.751354301697036e-08
55.18335540667458,9.993617687081316e-08
55.20002208000792,7.891322800371941e-08
55.21668875334125,3.860352902391303e-08
55.233355426674585,3.0006907524486684e-08
55.250022100007925,6.11688212650531e-08
55.26668877334126,1.1263222387044675e-08
55.2833554466746,3.816600433986776e-08
55.30002212000793,1.643076914684585e-08
55.316688793341264,5.5532334949871645e-08
55.333355466674604,8.328504672021937e-08
55.35002214000794,7.070156269269042e-08
55.36668881334128,4.8540624462224136e-08
55.38335548667461,5.4008862813882155e-08
55.40002216000794,4.2938762064081545e-08
55.41668883334128,3.0809287621775795e-08
55.433355506674616,5.644387770499759e-08
55.45002218000795,6.859650737686596e-08
55.46668885334129,2.560388875821869e-08
55.48335552667462,1.4539617357366174e-08
55.50002220000796,2.515799343631228e-08
55.516688873341295,6.204499812528879e-08
55.53335554667463,7.858182084184122e-08
55.55002222000797,7.323613777539622e-08
55.5666888933413,4.064041571455041e-08
55.58335556667464,4.047200091015664e-08
55.60002224000797,5.932078930769276e-08
55.61668891334131,3.464140834721498e-08
55.63335558667465,4.438157765390163e-08
55.65002226000798,3.21343778033459e-08
55.66668893334132,3.530744621572061e-08
55.68335560667465,3.460038585220533e-08
55.700022280007985,1.734596933493701e-08
55.716688953341325,1.0474117512030495e-07
55.73335562667466,1.034173036172853e-07
55.750022300008,7.768918981518828e-08
55.76668897334133,3.365698463220323e-08
55.783355646674664,1.33641123820641e-08
55.800022320008004,8.818713221155072e-08
55.81668899334134,1.086149567180702e-07
55.83335566667468,5.560022650126354e-08
55.85002234000801,2.056628446300365e-08
55.86668901334134,2.84507546775931e-08
55.88335568667468,2.1005905022812962e-08
55.900022360008016,7.011918644020521e-08
55.91668903334135,8.884543812466127e-08
55.93335570667469,2.7727194917221048e-08
55.95002238000802,5.282034417747492e-08
55.96668905334136,7.714436319232056e-08
55.983355726674695,5.809547052792202e-08
56.00002240000803,9.192072018098062e-08
56.01668907334137,4.010200625764838e-08
56.0333557466747,1.4955058331168094e-08
56.05002242000804,6.833298241948071e-08
56.066689093341374,1.0061059731539688e-07
56.08335576667471,4.137826918872842e-08
56.10002244000805,5.062200145034146e-08
56.11668911334138,3.883447607106392e-08
56.13335578667472,7.753389769790881e-08
56.15002246000805,4.8583040626952696e-08
56.166689133341386,8.703850076091023e-08
56.183355806674726,5.2438920479810473e-08
56.20002248000806,5.1115499827858777e-08
56.2166891533414,1.914844563963302e-08
56.23335582667473,2.8232637489800566e-08
56.250022500008065,2.000425002126041e-09
56.266689173341405,4.020126264988439e-08
56.28335584667474,3.668798195239338e-08
56.30002252000807,5.3578364185148063e-08
56.31668919334141,5.5006458360343145e-08
56.333355866674744,3.333446898747509e-08
56.350022540008084,7.079408360969886e-08
56.36668921334142,5.9230847387394274e-08
56.38335588667475,3.5797928730944293e-08
56.40002256000809,5.340915136694565e-08
56.41668923334142,2.8606178387519868e-08
56.43335590667476,3.155604945659285e-08
56.450022580008095,8.77673182630963e-09
56.46668925334143,2.1447797720577208e-08
56.48335592667477,5.704301891926453e-08
56.5000226000081,3.817248381527502e-08
56.51668927334144,3.2946755454224987e-08
56.533355946674774,4.420574244133955e-08
56.55002262000811,5.448960307440475e-08
56.56668929334145,6.386885851109821e-08
56.58335596667478,6.693011531809719e-08
56.60002264000812,5.343113685356055e-08
56.61668931334145,1.0540197762982549e-07
56.633355986674786,5.0108892639373345e-08
56.650022660008126,5.6538435137087785e-08
56.66668933334146,5.834901712647866e-08
56.68335600667479,4.8453384371482585e-08
56.70002268000813,3.309091721667087e-08
56.716689353341465,4.993378637074612e-08
56.733356026674805,4.124201074432465e-08
56.75002270000814,9.248463345442288e-08
56.76668937334147,6.654349642793314e-08
56.78335604667481,4.403172904035634e-08
56.800022720008144,1.0071889202670319e-07
56.816689393341484,7.874484150039939e-08
56.83335606667482,3.370139374176389e-08
56.85002274000815,1.2666317821586204e-08
56.86668941334149,9.062173580068997e-08
56.88335608667482,1.3494722258638392e-07
56.90002276000816,1.3299025093744247e-07
56.916689433341496,6.071400639737433e-08
56.93335610667483,8.171608359385387e-08
56.95002278000817,7.987113589018423e-08
56.9666894533415,4.4779186390552254e-08
56.98335612667484,7.921730047492115e-08
57.000022800008175,5.9476276505851555e-08
57.01668947334151,2.4602482957684953e-08
57.03335614667485,5.2027897302561265e-08
57.05002282000818,1.0407431592972127e-07
57.06668949334152,8.497270070521826e-08
57.083356166674854,9.254658654472704e-08
57.10002284000819,6.490314116558438e-08
57.11668951334153,4.265327578477127e-08
57.13335618667486,2.6765599134858932e-08
57.15002286000819,4.128529758614047e-08
57.16668953334153,6.422842550135392e-08
57.183356206674866,5.6050425501237784e-08
57.200022880008206,6.080664377496877e-08
57.21668955334154,5.1273788310817494e-08
57.23335622667487,4.077442354717716e-08
57.25002290000821,2.5939502967022688e-08
57.266689573341544,5.2470092191048985e-08
57.283356246674884,3.946925488759548e-08
57.30002292000822,4.215372860753388e-08
57.31668959334155,1.7551385123479728e-08
57.33335626667489,6.159969890835854e-08
57.35002294000822,1.0633864705508057e-07
57.36668961334156,6.718732289194209e-08
57.383356286674896,1.522460301353724e-08
57.40002296000823,1.4964618563047585e-08
57.41668963334157,5.910870795997646e-08
57.4333563066749,3.6256476542579246e-08
57.45002298000824,2.5452621964001786e-08
57.466689653341575,4.2913713149842095e-08
57.48335632667491,4.58116893317851e-08
57.50002300000825,3.731536233461806e-08
57.51668967334158,3.7452525099942035e-08
57.533356346674914,5.1445982766624874e-08
57.550023020008254,2.4973484657647706e-08
57.56668969334159,5.971339746232477e-08
57.58335636667493,3.1785503053816835e-08
57.60002304000826,3.298148336889947e-08
57.61668971334159,6.328593012238639e-08
57.63335638667493,6.048895853169501e-08
57.650023060008266,8.220193823121773e-08
57.666689733341606,6.866298226118637e-08
57.68335640667494,7.038128261047711e-08
57.70002308000827,4.231345360365193e-08
57.71668975334161,7.286438387211167e-08
57.733356426674945,5.083929290422422e-08
57.750023100008285,3.1889705825567006e-08
57.76668977334162,1.9062348670450487e-08
57.78335644667495,2.0359010223078968e-08
57.80002312000829,2.4675273452143982e-08
57.816689793341624,2.4856746090827714e-08
57.833356466674964,3.003420011903034e-08
57.8500231400083,5.259067355723691e-08
57.86668981334163,6.530302609511266e-08
57.88335648667497,6.096138562396525e-08
57.9000231600083,3.675942432819168e-08
57.91668983334164,4.894055585603061e-08
57.933356506674976,2.0851259017856228e-08
57.95002318000831,4.965424861788289e-08
57.96668985334165,5.718197586250379e-08
57.98335652667498,2.7783588967775112e-08
58.000023200008314,4.209587620921929e-08
58.016689873341655,7.304114061211252e-08
58.03335654667499,6.659770104373792e-08
58.05002322000833,6.640018984503985e-08
58.06668989334166,1.5843792157789055e-08
58.08335656667499,5.158244835485942e-08
58.10002324000833,1.0170572648638412e-08
58.116689913341666,4.1886275510953984e-08
58.133356586675006,4.678429304688763e-08
58.15002326000834,4.4998999199668815e-08
58.16668993334167,3.201948668282757e-08
58.18335660667501,1.7776311049254347e-08
58.200023280008345,3.364733381357971e-08
58.216689953341685,5.135879603000835e-08
58.23335662667502,5.253364164703565e-08
58.25002330000835,3.797279446780507e-08
58.26668997334169,3.271061903447471e-08
58.283356646675024,5.523833377385205e-09
58.300023320008364,3.5711917455044276e-08
58.3166899933417,1.9428873990470017e-08
58.33335666667503,1.6084755474856715e-08
58.35002334000837,3.214956871644263e-08
58.3666900133417,3.8901236366597767e-08
58.383356686675036,2.8443259298415413e-08
58.400023360008376,6.410927580124787e-08
58.41669003334171,9.567565710485152e-08
58.43335670667505,4.709767740087678e-08
58.45002338000838,1.643485027105029e-08
58.466690053341715,5.770578727138608e-08
58.483356726675055,7.338252072049832e-08
58.50002340000839,6.228363039915354e-08
58.51669007334173,5.601706152981788e-08
58.53335674667506,3.344149413402176e-08
58.550023420008394,6.9130186008e-08
58.566690093341734,5.8904203296227874e-08
58.58335676667507,7.510724607207919e-08
58.60002344000841,1.7260848982454258e-08
58.61669011334174,6.973345380629714e-08
58.63335678667507,4.1061827173304584e-08
58.65002346000841,8.698068213942717e-08
58.666690133341746,1.2248403208106347e-07
58.683356806675086,9.043248987530311e-08
58.70002348000842,1.402549668749907e-08
58.71669015334175,2.5950879540141634e-08
58.73335682667509,1.2546362001849778e-08
58.750023500008425,3.459706888575446e-08
58.766690173341765,1.6549049483252378e-08
58.7833568466751,4.6336301124464774e-08
58.80002352000843,3.3281975435208025e-08
58.81669019334177,8.10479863679927e-08
58.8333568666751,9.264022038676719e-08
58.850023540008436,6.613874731446797e-08
58.866690213341776,4.2999229005498194e-08
58.88335688667511,4.6244469603558827e-08
58.90002356000845,5.675736100442441e-08
58.91669023334178,3.7902097092442435e-08
58.933356906675115,1.7987213672198633e-08
58.950023580008455,2.016569460780852e-08
58.96669025334179,3.528999221171317e-08
58.98335692667513,3.423671136386876e-08
59.00002360000846,2.733289402292396e-08
59.016690273341794,3.81187516591762e-08
59.033356946675134,4.696061128483647e-08
59.05002362000847,5.1007250903567653e-08
59.06669029334181,7.786797287555242e-08
59.08335696667514,3.57758953461964e-08
59.10002364000847,8.614405566007186e-08
59.11669031334181,1.1269544438555595e-07
59.133356986675146,6.3153804541933e-08
59.150023660008486,4.2387336771970173e-08
59.16669033334182,6.962252487450341e-08
59.18335700667515,8.688865892049363e-08
59.20002368000849,5.181446425428917e-08
59.216690353341825,3.058839065701257e-08
59.23335702667516,2.064783583198568e-08
59.2500237000085,4.1734182377460904e-08
59.26669037334183,3.095179112981195e-08
59.28335704667517,9.680662567571363e-09
59.300023720008504,6.183403667124395e-08
59.31669039334184,7.072875931782043e-08
59.33335706667518,2.3183558524811095e-08
59.35002374000851,5.8370838131514665e-08
59.36669041334185,8.502288876867626e-08
59.38335708667518,8.879013837738361e-09
59.400023760008516,5.768119152914386e-08
59.416690433341856,5.12951662522241e-08
59.43335710667519,4.931955362909796e-08
59.45002378000853,1.311659634051222e-07
59.46669045334186,9.680104805422844e-08
59.483357126675195,2.903356913078629e-08
59.500023800008535,3.3349900606954275e-08
59.51669047334187,5.053570559955987e-08
59.53335714667521,1.671317338870896e-08
59.55002382000854,1.694648471984328e-08
59.56669049334187,2.5359935528682208e-08
59.58335716667521,3.3834854248685324e-08
59.60002384000855,1.3274756828860141e-08
59.61669051334189,5.2095577621745126e-08
59.63335718667522,8.637498921625191e-08
59.65002386000855,7.272667461709189e-08
59.66669053334189,2.0046436432572814e-08
59.683357206675225,6.141175953605018e-08
59.70002388000856,5.203120673457196e-08
59.7166905533419,6.949927742022628e-08
59.73335722667523,7.60529325315674e-08
59.75002390000857,4.411395573337867e-08
59.766690573341904,6.15651636655162e-08
59.78335724667524,6.581664773037724e-08
59.80002392000858,5.750626726900971e-08
59.81669059334191,3.174625336412549e-08
59.83335726667525,6.452653869957307e-08
59.85002394000858,1.4029802928297318e-08
59.866690613341916,4.299394904114661e-08
59.883357286675256,5.415945871007524e-08
59.90002396000859,7.822941217443227e-08
59.91669063334193,3.8848361158437656e-08
59.93335730667526,1.8846766949092865e-08
59.950023980008595,1.5832216391444744e-08
59.966690653341935,1.8357931382639684e-09
59.98335732667527,6.046985995939448e-08
60.00002400000861,1.0847886617344224e-07
