frequency_Hz,amp_theta1_rad,amp_theta2_rad,amp_theta3_rad,amp_theta4_rad,amp_theta5_rad
0.00000000,0.004063231259,0.001152315108,0.0004053133263,0.001815795355,0.002993866967
0.05000000,0.008946247969,0.001157036869,0.0002020814918,0.001482677719,0.008713537045
0.10000000,0.002781566081,0.0005094741477,8.025895366e-07,0.0005187113322,0.002787988214
0.15000000,0.0006828224479,0.0003544764931,6.310891429e-06,0.0003597615098,0.0006953887298
0.20000000,0.0003422871441,0.0001769285458,2.349831416e-05,0.0001546700175,0.0003154921934
0.25000000,0.0009919551516,0.00048792606,3.529192487e-05,0.0005248844243,0.0009922774921
0.30000000,0.0006771644454,0.0007623262306,1.616123968e-05,0.0007802923962,0.000669541009
0.35000000,0.0001088481474,0.0003672336507,6.135790911e-06,0.0003055858376,0.0001157758641
0.40000000,0.0003071561261,6.127829777e-05,3.397024433e-06,8.549777398e-05,0.0003099162734
0.45000000,0.0001149776398,4.255027307e-05,1.007563161e-05,0.0001445971956,0.0002099827907
0.50000000,0.000224449013,0.0001484204523,0.0001254731058,0.0001303246757,0.0002387626809
0.55000000,0.0003447230778,4.292550391e-05,0.0001743692791,0.0001340136528,0.0002391578861
0.60000000,0.0001933774284,4.676441401e-05,8.213162919e-05,0.0001588804248,0.0001725086926
0.65000000,0.0002396296927,0.0001454679245,0.0001764543024,0.0001652370018,0.000221042346
0.70000000,0.0002773840996,0.0004095465086,6.144533499e-05,0.0003730635374,0.0002845497907
0.75000000,0.0007442751496,0.002560513964,0.003591000723,0.002545443873,0.0007412586666
0.80000000,0.002156346039,0.004894446049,0.00753368357,0.004887020464,0.002142607084
0.85000000,0.001946786846,0.002835261921,0.00414514986,0.002828656102,0.00192414424
0.90000000,0.001578262074,0.0005790140252,0.0009334250729,0.000587139341,0.001581987964
0.95000000,0.002421335262,0.0008312084309,0.001775043243,0.0008340591227,0.002431180099
1.00000000,0.002175341405,0.0002820254864,0.0004411733748,0.000281832907,0.002167034266
1.05000000,0.01031053362,0.00409737846,0.002004714803,0.004091141187,0.01028585805
1.10000000,0.01828727602,0.003830997018,0.007384306342,0.003829192617,0.01825724372
1.15000000,0.0142421026,0.001805761962,0.004907436583,0.001796845989,0.01424896094
1.20000000,0.001093483528,0.001644949422,0.001650683631,0.001628167737,0.001128155961
1.25000000,0.00322694526,0.003118437112,0.003270042337,0.003125439795,0.003229150263
1.30000000,0.0229715663,0.02262799883,0.02313616682,0.02262190471,0.02295514787
1.35000000,0.1087139047,0.1054335582,0.1062265471,0.1054325437,0.1087296061
1.40000000,0.104861979,0.1017518188,0.1023030253,0.1017393751,0.1048381079
1.45000000,0.01974171723,0.01892955411,0.01904404546,0.01894313922,0.01978706362
1.50000000,0.0029240936,0.002911752647,0.002961857056,0.002973205972,0.00301188857
1.55000000,0.0009965526822,0.0009666877861,0.0009932857746,0.0009534021005,0.001062108948
1.60000000,0.0008794678273,0.0005831550006,0.0005538209679,0.0005117353756,0.0004624153787
1.65000000,0.0001367088115,0.0001491356334,0.0001303117451,0.0004013364254,0.0006048183394
1.70000000,8.222315645e-05,4.712100979e-05,0.0002226816923,0.0001760226447,0.0002173254719
1.75000000,0.0005440487873,0.000296209756,0.0001091022623,0.0001769236228,0.0004148065389
1.80000000,0.000621382887,0.0002932067677,5.611265821e-05,0.0003982212974,0.0006298575623
1.85000000,0.001507690279,0.0005625266315,4.300123597e-05,0.0004878172087,0.001569221437
1.90000000,0.003280036271,0.0006269501422,1.954904403e-05,0.0006391323354,0.003301690676
1.95000000,0.002404553263,0.0005394528789,5.437993326e-05,0.0005654244029,0.002356361691
2.00000000,0.001815676138,0.001121012949,2.062917885e-05,0.001121733182,0.001853917394
2.05000000,0.001445880321,0.002103344561,1.777846905e-05,0.002102768585,0.001488469711
2.10000000,0.0240982629,0.01375825058,1.819602115e-05,0.01378919797,0.02412279707
2.15000000,0.1237531978,0.04779424718,1.028806026e-05,0.04778178588,0.123719917
2.20000000,0.1381321845,0.04697946947,1.396545922e-05,0.0470065883,0.1381417406
2.25000000,0.03887435751,0.01054624577,1.521108701e-05,0.0105331717,0.03886489156
2.30000000,0.002410257857,0.001746672728,7.620132346e-06,0.001733324496,0.002399880936
2.35000000,0.001567211181,0.0001093734301,2.131522584e-05,9.006523124e-05,0.001547122834
2.40000000,0.001259904317,0.0005249973524,5.086299758e-05,0.0004833038741,0.001258594903
2.45000000,0.002126899,0.0003220518742,4.285222628e-05,0.000304059111,0.002069156232
2.50000000,0.002058501538,0.0002832544066,2.338560211e-05,0.0002847992715,0.002035385742
2.55000000,0.0009087169593,0.0001519219154,5.311678612e-05,0.0001697498161,0.0008719999723
2.60000000,5.933594743e-05,0.0001574224876,5.325940079e-05,0.0001352961402,0.0001228981605
2.65000000,0.000162721628,8.609645275e-05,9.139632455e-05,9.325523415e-05,0.0001439125205
2.70000000,0.0003739444776,0.0002645791764,0.0001825005304,0.0003144644023,0.0003142056975
2.75000000,0.0004439426868,0.0004749154082,0.0001927258581,0.0003554517054,0.0005796493098
2.80000000,0.0001872000333,0.0002717071395,0.0001562159317,8.905087335e-05,0.0002171517614
2.85000000,0.0001409239831,0.0002105743009,0.0002552947934,0.0002343367036,0.0001247355764
2.90000000,0.0001985474814,0.0002314102605,0.000402820306,0.0002473906551,0.0001899730369
2.95000000,0.002959096499,0.002519868645,0.001523087626,0.002530543799,0.002965308373
3.00000000,0.004274373878,0.003783858857,0.001868387467,0.003801202068,0.004247522074
3.05000000,0.00188739266,0.001488157698,0.001220797663,0.001488772037,0.001913867512
3.10000000,0.0008715415182,0.00120295167,0.004312148129,0.001199091929,0.0008640871999
3.15000000,0.001932299521,0.002782596608,0.008907409786,0.002785201984,0.001952933573
3.20000000,0.004685894756,0.004368480708,0.002927441024,0.004356357775,0.004675346171
3.25000000,0.0229694163,0.01388144957,0.02077510817,0.01386475558,0.02293401415
3.30000000,0.03372201023,0.02013895667,0.03106230187,0.02012103726,0.03371547808
3.35000000,0.01215227069,0.007382186399,0.01093659073,0.007370360236,0.01214084504
3.40000000,0.001280430917,0.0003954933921,0.001914719759,0.0003911227641,0.001270068114
3.45000000,0.0008833555338,0.0006549674253,0.0006577766915,0.0006633583857,0.0008743750408
3.50000000,0.003373459122,0.002371193897,0.003786699939,0.002362637242,0.003377216288
3.55000000,0.008133800238,0.005775183536,0.008269626917,0.005794755306,0.008141568641
3.60000000,0.004928438683,0.00343903929,0.004955987304,0.003442693304,0.004923178575
3.65000000,0.0004433827645,0.0002955356968,0.0004519546693,0.0002786910288,0.0004316019322
3.70000000,0.0001205789683,0.0001216298649,4.35017041e-06,0.000145398401,0.0001126980847
3.75000000,3.806514773e-05,0.0002331796153,4.493649632e-05,0.0003433458141,0.0001099899473
3.80000000,6.89111636e-05,0.0003840818612,3.058302108e-05,0.0005088665245,0.0001690850096
3.85000000,7.55463905e-05,0.0001295745731,9.889468021e-05,0.0001934684499,4.85729994e-05
3.90000000,0.0002649958815,0.0003507584124,8.360673421e-05,0.0003334218995,0.0001718604231
3.95000000,0.0005939617779,0.0008708629846,2.83282229e-05,0.000871600281,0.0005880698104
4.00000000,0.0005335263024,0.001046056712,5.487725817e-06,0.001029513029,0.0005115191623
4.05000000,0.0007743857998,0.002026601612,1.124223783e-05,0.002023437661,0.0007594871159
4.10000000,0.001114141201,0.003248859724,5.376144922e-05,0.003229222444,0.001063096396
4.15000000,0.0005230208195,0.001528533074,5.540997176e-05,0.001484052585,0.0004334449555
4.20000000,0.0004545529349,0.001160863105,1.04960652e-05,0.001148401284,0.0004292848731
4.25000000,0.003291683344,0.006094113846,6.129767897e-06,0.006093494065,0.003297319856
4.30000000,0.002075003638,0.002731074188,5.047551579e-06,0.002733350169,0.002076372344
4.35000000,0.00877297878,0.03220752045,3.850459696e-06,0.03221008763,0.008778989964
4.40000000,0.01063687845,0.02934564379,1.512776451e-05,0.02934111751,0.01063419774
4.45000000,0.003264942838,0.007035807078,1.239646212e-05,0.007026669478,0.003258688959
4.50000000,0.000526889745,0.001560071864,9.358192108e-06,0.001553751976,0.0005266502273
4.55000000,0.0005959548071,0.001282468953,2.825955698e-05,0.001285870538,0.000622003408
4.60000000,0.0004379377911,0.001156563491,3.374895498e-05,0.001164475589,0.0004772630859
4.65000000,0.00090746559,0.002186747501,2.860615371e-05,0.002191094395,0.0009397415259
4.70000000,0.0006321100983,0.001625022101,2.700530479e-05,0.001627553632,0.0006563232787
4.75000000,8.39303833e-05,0.0002435492712,7.711167688e-06,0.0002528952248,9.102619409e-05
4.80000000,3.124663283e-05,9.652663793e-06,4.08347139e-05,3.062503074e-05,2.839511452e-05
4.85000000,8.983669582e-05,6.222307826e-05,0.0001250987091,8.634641556e-05,9.954891029e-05
4.90000000,0.0001671008317,8.997165418e-05,0.0002097151766,5.949865381e-05,0.0001619313329
4.95000000,8.295886151e-05,5.100605898e-05,0.0001321693464,2.696682189e-05,0.0001207887541
5.00000000,2.618556478e-05,3.40030704e-05,1.779129175e-05,1.080696873e-05,2.128095112e-05
5.05000000,5.786158455e-05,0.0002803107935,0.0005602220518,0.0002414624169,5.03675221e-05
5.10000000,0.0002876394288,0.0001461731,0.0007255641302,0.0001471977626,0.0002787051979
5.15000000,0.0007036733017,0.001137957748,0.003657141939,0.001135596702,0.0007063701036
5.20000000,0.000499087578,0.001258864674,0.00321955353,0.001277822565,0.0004956754409
5.25000000,0.0001514585432,0.0004157590286,0.0007712915005,0.0004155577952,0.0001440395593
5.30000000,0.001502030449,0.004662152591,0.006359254427,0.004667289434,0.001505194883
5.35000000,0.00171501252,0.005679504443,0.008101272599,0.005670154091,0.00171094142
5.40000000,0.001781598885,0.001451391093,0.004259590728,0.001446502224,0.001783863588
5.45000000,0.006133757774,0.002885057024,0.009128347857,0.002884130411,0.006132789289
5.50000000,0.005583148632,0.002093775312,0.007260776958,0.002084408632,0.005580445469
5.55000000,0.001150187446,0.0003960724931,0.001548550738,0.0003901355102,0.001148507756
5.60000000,5.341434216e-05,0.0002235736674,0.0005368722226,0.0002223123347,5.303596238e-05
5.65000000,0.0001930919564,0.0005156683513,0.0007445232125,0.0004904887408,0.000186982202
5.70000000,0.001210700121,0.0006067358569,0.001323785381,0.0006078888968,0.001212429675
5.75000000,0.001316179917,0.0002547589879,0.002343431975,0.0002644211241,0.001328485268
5.80000000,0.0004144692611,0.0001540585822,0.0008550763996,0.0001608509216,0.0004253140085
5.85000000,3.527170537e-05,1.681440687e-05,0.0001190780437,4.720893188e-05,1.846533069e-05
5.90000000,2.774452552e-05,9.600196333e-05,9.25289032e-05,3.984087192e-05,5.895195887e-05
5.95000000,0.0001482380517,0.0002828986026,8.211865691e-05,0.0002498305877,0.0001419792384
6.00000000,0.000118325095,0.0002339040577,6.957053245e-05,0.0002258346879,0.0001314623497
6.05000000,6.057733639e-05,9.712633881e-05,4.464736645e-05,0.0001075772373,5.823984951e-05
6.10000000,0.0001234145064,0.0002162114855,2.070690425e-05,0.0002291654817,0.0001275144968
6.15000000,0.0001869930855,0.0003250734014,1.45598998e-05,0.0003503018807,0.0001983430242
6.20000000,0.0003271723804,0.0005816663391,9.710620667e-06,0.00059128218,0.0003272540876
6.25000000,0.0008984675651,0.001555430105,4.957637059e-06,0.001553167257,0.0008963205707
6.30000000,0.0009670977467,0.001600898095,7.881026303e-06,0.001595133959,0.0009622671607
6.35000000,0.0003669812772,0.0005987357775,7.686909669e-06,0.000597287241,0.0003653072077
6.40000000,0.0003339597885,0.0006065081501,6.622679937e-07,0.0006099043034,0.0003362865209
6.45000000,0.0008837047214,0.001371355355,1.511208483e-06,0.001374235897,0.0008863818907
6.50000000,0.002268333696,0.005139872918,2.356029217e-06,0.005136762087,0.002266900061
6.55000000,0.004424659158,0.009866273587,6.521302339e-06,0.00985886432,0.004423369615
6.60000000,0.001668096811,0.004224437621,4.444757776e-06,0.004217678107,0.00166626636
6.65000000,0.0006066549501,0.001098123157,6.959854407e-07,0.001098860213,0.0006072747639
6.70000000,0.0002616835511,0.0004735616522,6.617629181e-06,0.0004684633717,0.0002598313508
6.75000000,0.000347309364,0.0005824785995,2.00856319e-05,0.0005741004542,0.0003464100871
6.80000000,0.0007266847766,0.001096409392,2.077756706e-05,0.001073948059,0.0007210548763
6.85000000,0.001116831648,0.001659275613,6.575694826e-06,0.00165604884,0.001116400419
6.90000000,0.0005286764186,0.0007930767704,8.07512882e-06,0.0007856763862,0.0005226287206
6.95000000,5.313409547e-05,7.161879132e-05,1.831571789e-05,3.528678277e-05,2.691716214e-05
7.00000000,3.571108158e-05,7.223550149e-05,6.115161772e-05,2.384194334e-05,2.260647428e-05
7.05000000,4.471160218e-05,8.759529297e-05,0.0001394239032,0.0001013092913,3.157843762e-05
7.10000000,7.304946803e-05,9.023993092e-05,0.0001453315624,0.0001354186243,8.464721371e-05
7.15000000,5.950419332e-05,5.548236847e-05,4.884700596e-05,5.802448592e-05,5.73187422e-05
7.20000000,3.7001926e-05,4.312302527e-05,8.578443915e-05,9.065095943e-06,2.315352104e-05
7.25000000,7.133943741e-05,7.570648608e-05,0.0001787872398,7.167055527e-05,6.84630751e-05
7.30000000,0.0001197593093,0.000531149158,0.0009591421504,0.0005257700796,0.0001147941604
7.35000000,0.0002020668429,0.00102221292,0.001641652364,0.001023700373,0.0002048134267
7.40000000,0.0001126292414,0.0004304032405,0.0007102402022,0.0004565766069,0.000129329646
7.45000000,0.000175910462,0.0008164929353,0.001291393049,0.0008295503845,0.0001840557327
7.50000000,0.0005269875974,0.001803834758,0.002550822123,0.00180167855,0.0005253423259
7.55000000,0.000473392205,0.001307012595,0.001798899549,0.001303122431,0.0004719041613
7.60000000,9.189084644e-05,0.001135879317,0.002367048621,0.001130911641,9.477650875e-05
7.65000000,0.0007962207933,0.003360118812,0.005133896332,0.003361386028,0.0007967535079
7.70000000,0.0007953835894,0.002222911918,0.002963562427,0.002223665576,0.0007944452399
7.75000000,0.000213008383,0.000438098622,0.000468167745,0.0004398284943,0.0002133351513
7.80000000,0.0001051103306,0.0003087111599,0.0004044492885,0.0002972140713,9.71534947e-05
7.85000000,0.0001284234768,9.754338751e-05,0.0001139166295,8.298108943e-05,0.0001242513908
7.90000000,0.0001246862555,0.0006794419379,0.001098777864,0.0006764692389,0.0001254348526
7.95000000,0.000213396647,0.0006714655823,0.0009317067792,0.0006571583717,0.0002055618554
8.00000000,8.262309818e-05,0.0001508273634,0.00014092132,0.0001490122053,8.409271064e-05
8.05000000,2.547400272e-05,5.757568517e-05,7.275507301e-05,6.17388117e-05,2.039278272e-05
8.10000000,5.546437745e-05,9.076212407e-05,2.964583733e-05,4.103855463e-05,2.337630831e-05
8.15000000,6.641108807e-05,0.0001244182067,5.532746582e-05,9.836512841e-05,4.920401051e-05
8.20000000,6.869649933e-05,9.671633732e-05,4.527566368e-05,6.933362255e-05,5.071749006e-05
8.25000000,4.163661594e-05,6.786699827e-05,3.389568825e-05,5.536348351e-05,2.972625944e-05
8.30000000,1.921189561e-05,5.414249011e-05,8.401515802e-06,4.680219605e-05,2.774663699e-05
8.35000000,1.516291316e-05,6.897983835e-05,8.219692067e-06,7.846372378e-05,1.585543085e-05
8.40000000,0.0001545051934,0.0002637344384,6.024257278e-06,0.0002700068689,0.0001556432855
8.45000000,0.0002766388822,0.0005546206285,7.47700737e-06,0.0005548690517,0.000276933631
8.50000000,0.0001665140471,0.000374608154,1.566104042e-05,0.0003782655299,0.0001685176563
8.55000000,6.122947711e-05,8.530827746e-05,3.78798478e-06,8.905075207e-05,6.020715016e-05
8.60000000,0.0003358513273,0.0005831357825,2.394144154e-06,0.0005809733688,0.000335617395
8.65000000,0.0004761174661,0.0006108120155,2.885227702e-06,0.0006111396987,0.0004768366754
8.70000000,0.0009513553868,0.002208316646,2.269030912e-06,0.002208753421,0.0009515308462
8.75000000,0.0007453981789,0.001721252768,7.653391718e-07,0.001721612258,0.000745190808
8.80000000,0.0003900155037,0.0001062955616,1.591119811e-06,0.000108033274,0.0003892482203
8.85000000,5.924459776e-05,0.0001586377518,3.836350744e-06,0.0001615319991,5.811400848e-05
8.90000000,6.367820847e-05,5.366056379e-05,8.921369471e-06,5.885815808e-05,7.03740265e-05
8.95000000,0.0001387758034,0.0002341941836,1.941635076e-05,0.0002231829562,0.0001334585449
9.00000000,0.0003744667328,0.0005303450591,1.251051931e-05,0.0005191435883,0.0003700391193
9.05000000,0.0003391987563,0.0004833006754,8.356040224e-06,0.000481154797,0.0003392236314
9.10000000,9.001750104e-05,0.0001306411029,1.36765332e-05,0.0001171929798,8.823416033e-05
9.15000000,2.539912322e-05,4.387153048e-05,3.134131848e-05,2.076136123e-05,4.837854993e-06
9.20000000,3.179378447e-05,5.953813888e-05,6.498281724e-05,6.221929993e-05,2.498734717e-05
9.25000000,6.078838603e-05,0.0001219132899,0.0001393044798,0.0001350481028,6.524092589e-05
9.30000000,5.356693478e-05,8.713821027e-05,0.0001081221753,0.0001042471011,4.618390273e-05
9.35000000,2.526654288e-05,4.478000846e-05,5.961031438e-05,5.09415836e-05,1.938382668e-05
9.40000000,9.165335181e-06,4.455489437e-05,6.749812454e-05,3.452172594e-05,3.327286551e-06
9.45000000,3.372978269e-05,6.132900833e-05,5.687223429e-05,5.924071615e-05,3.115439564e-05
9.50000000,0.0001752577275,0.0004798219504,0.0006143384767,0.0004761586541,0.0001722633737
9.55000000,0.0001756302646,0.0004576950755,0.0006278304468,0.0004603845579,0.0001762987515
9.60000000,0.0001362680831,0.0001816002568,0.0001230792183,0.0001874036768,0.0001399590905
9.65000000,6.36858038e-05,0.000393568498,0.0007142347717,0.0003979723611,6.603698037e-05
9.70000000,0.0001077383663,0.0005931435364,0.001264320444,0.0005902770924,0.0001091568828
9.75000000,0.0002201615389,0.0005452623224,0.0008313310127,0.0005447990008,0.000220465615
9.80000000,0.0005667226087,0.001454800269,0.001775742442,0.001454238882,0.0005666130388
9.85000000,0.0009050723213,0.002023185076,0.002219201037,0.002024447608,0.0009049547168
9.90000000,0.0003612600607,0.0007420929373,0.0007603271752,0.0007428286575,0.0003606507387
9.95000000,0.0001056229375,0.0002087284907,0.0002035602854,0.0002087350993,0.0001059249604
10.00000000,6.009054802e-05,0.0001498534887,0.0001790167697,0.0001470147389,5.926763441e-05
10.05000000,0.0001382428097,0.0002655336633,0.0002513451501,0.0002671662047,0.000138875376
10.10000000,0.0002492111407,0.0005432801708,0.000587271696,0.0005397983391,0.000246346653
10.15000000,8.211625787e-05,0.0001995664447,0.0002432668145,0.0001939328575,7.942116819e-05
10.20000000,2.897086326e-05,4.064472671e-05,3.553082935e-05,4.603138694e-05,2.643696096e-05
10.25000000,2.052684514e-05,3.424595747e-05,2.844779334e-05,2.821704604e-05,1.480001239e-05
10.30000000,2.316142467e-05,4.529845091e-05,3.785458681e-05,3.059536647e-05,1.327163168e-05
10.35000000,2.065364266e-05,4.493998263e-05,4.178554396e-05,4.818172193e-05,3.267185321e-05
10.40000000,3.611388481e-05,5.879106487e-05,4.103197049e-05,6.352015652e-05,4.218269314e-05
10.45000000,2.15686017e-05,2.828219163e-05,2.416893044e-05,4.385094826e-05,2.915266199e-05
10.50000000,1.996014862e-05,3.548928667e-05,1.733488949e-06,4.392914601e-05,2.714098299e-05
10.55000000,2.374945511e-05,1.633232867e-05,3.015038912e-06,1.498644984e-05,2.411267144e-05
10.60000000,6.932772121e-07,3.75435161e-05,8.371010232e-07,3.905612891e-05,1.165926876e-06
10.65000000,5.737573253e-05,1.617930581e-05,7.74240052e-06,2.147111079e-05,5.96723698e-05
10.70000000,5.615946926e-05,4.869326958e-05,6.383747797e-06,5.472414239e-05,5.904418746e-05
10.75000000,8.705089683e-05,0.0001327557022,1.472929851e-06,0.0001315851406,8.693351167e-05
10.80000000,0.0001195609219,0.0002462435786,2.205255314e-06,0.0002436594931,0.0001200358767
10.85000000,0.0001547855843,0.0002970992931,2.202521656e-06,0.0002969624445,0.0001550045248
10.90000000,8.216662353e-05,0.0004799369224,1.703135901e-06,0.0004793359265,8.253829666e-05
10.95000000,0.0001769043288,0.000238713936,9.157018035e-07,0.0002409491264,0.0001757005906
11.00000000,5.27570059e-05,8.076767683e-05,2.81597647e-07,8.202974712e-05,5.179771312e-05
11.05000000,4.995642939e-05,4.689998489e-05,2.328651723e-06,5.13184211e-05,5.122022102e-05
11.10000000,3.620529818e-05,2.86062332e-05,9.999292892e-06,3.48532221e-05,3.7417096e-05
11.15000000,4.496671167e-05,6.443816991e-05,1.314234396e-05,5.552736021e-05,3.891937803e-05
11.20000000,2.157545497e-05,8.525806973e-06,6.949967199e-06,1.877506019e-05,1.831642807e-05
11.25000000,6.014921415e-05,5.000231448e-05,8.752829577e-06,4.424134517e-05,5.91652846e-05
11.30000000,2.209777734e-05,1.774373928e-05,1.181805164e-05,2.585552225e-05,2.546265887e-05
11.35000000,7.045809446e-06,1.72418907e-05,2.890911226e-05,2.714306876e-05,1.127507433e-05
11.40000000,2.728571701e-05,5.510728932e-05,6.261396803e-05,5.153900148e-05,1.755609395e-05
11.45000000,2.804176656e-05,7.231577437e-05,9.684892978e-05,6.926591285e-05,1.798071658e-05
11.50000000,1.17190116e-05,2.824711367e-05,5.511238336e-05,4.578595751e-05,1.414536059e-05
11.55000000,7.566049922e-06,2.099410912e-05,4.793546382e-05,2.741128233e-05,4.796708878e-06
11.60000000,2.219955168e-05,2.997657819e-05,5.434874844e-05,2.66953516e-05,2.107754216e-05
11.65000000,4.202499892e-05,0.0001000757897,0.0001197230982,0.0001006933212,4.28733464e-05
11.70000000,7.414457824e-05,0.0002361665497,0.0003390374356,0.0002362708002,7.502028511e-05
11.75000000,9.086326553e-05,0.0001395043358,0.0001656789893,0.0001395678142,9.133768847e-05
11.80000000,4.086775754e-05,9.30354093e-05,0.0001083381516,9.287953292e-05,4.105683166e-05
11.85000000,5.756030378e-05,0.0001685159083,0.0004505997503,0.0001680859008,5.827434546e-05
11.90000000,7.092301259e-05,0.0002677080982,0.0005339039644,0.0002671573435,7.084930564e-05
11.95000000,0.0001450421269,0.0003295582242,0.000366110795,0.000329311289,0.0001450612378
12.00000000,0.0002904453777,0.0007905858944,0.0009986363465,0.0007917862738,0.0002907320432
12.05000000,0.0001615683785,0.0005367945514,0.0007825253027,0.0005380633311,0.0001620234857
12.10000000,6.4469498e-06,0.0001041015443,0.0001976545336,0.0001044064925,6.57326143e-06
12.15000000,2.850503934e-05,8.552576333e-05,0.0001270215578,8.685989642e-05,3.004572934e-05
12.20000000,4.566808313e-05,3.493921267e-05,2.633140614e-05,3.895094193e-05,4.865207865e-05
12.25000000,0.0001064111542,0.0002192702903,0.0002259121501,0.00021979998,0.0001064634948
12.30000000,9.809062393e-05,0.0001985663681,0.0002383722681,0.0001982811868,9.620045988e-05
12.35000000,5.405648971e-05,6.109455377e-05,3.757255621e-05,5.906690559e-05,5.177849846e-05
12.40000000,8.360264275e-06,1.71203865e-05,2.42858949e-05,1.832855284e-05,7.023704675e-06
12.45000000,9.899642637e-06,1.150835233e-05,8.671670406e-06,5.376597374e-06,9.764369487e-07
12.50000000,1.570963708e-05,2.983883533e-05,2.64982841e-05,2.442531178e-05,1.7821817e-05
12.55000000,2.170769338e-05,3.246605885e-05,2.608337214e-05,3.684586331e-05,2.600548064e-05
12.60000000,1.850321844e-05,2.616739681e-05,2.46873634e-05,3.609511215e-05,2.112416777e-05
12.65000000,5.343995788e-06,1.266856163e-05,7.973876308e-06,3.252781278e-05,1.19387319e-05
12.70000000,1.11945611e-05,2.148141919e-05,2.107072319e-06,2.110217829e-05,1.24867956e-05
12.75000000,1.606256107e-05,2.156052547e-05,2.172009518e-06,1.990360655e-05,1.649287889e-05
12.80000000,6.085574197e-05,8.603083194e-05,6.079867773e-07,8.472938739e-05,6.018255429e-05
12.85000000,5.248803009e-05,7.572813459e-05,3.480974062e-06,7.577474152e-05,5.376545119e-05
12.90000000,2.553879751e-05,3.209552219e-05,1.029994706e-06,3.400069236e-05,2.780714529e-05
12.95000000,1.766441286e-05,5.919620367e-05,8.835065585e-07,5.896257891e-05,1.888029086e-05
13.00000000,3.287867168e-05,8.012137155e-05,1.146017782e-06,7.802081662e-05,3.384433302e-05
13.05000000,6.829354847e-05,7.279881626e-05,1.508865679e-06,7.121469203e-05,6.817327442e-05
13.10000000,9.498377117e-05,0.0002218449414,4.275113761e-07,0.0002224803144,9.467681857e-05
13.15000000,6.970413225e-05,0.0002081458533,6.096926152e-07,0.0002089760732,7.006980731e-05
13.20000000,1.647746431e-05,5.816287492e-05,8.419131009e-07,5.98830033e-05,1.76087338e-05
13.25000000,1.589419621e-05,2.271884043e-05,2.9271542e-06,2.617161757e-05,1.674758626e-05
13.30000000,3.275197137e-05,3.476748262e-05,7.211455452e-06,3.135961037e-05,3.18271932e-05
13.35000000,5.429936911e-05,6.070603864e-05,6.950278965e-06,6.51412221e-05,5.432747668e-05
13.40000000,8.873859484e-05,0.0001023679832,4.78076631e-06,0.0001019989351,8.819868631e-05
13.45000000,3.597274622e-05,3.793969073e-05,7.10590162e-06,3.997671186e-05,3.555614462e-05
13.50000000,1.141644179e-05,9.413901899e-06,9.068918315e-06,1.739728558e-05,1.369474892e-05
13.55000000,5.816186301e-06,1.116012536e-05,2.107799581e-05,1.922728136e-05,5.988923525e-06
13.60000000,1.091480259e-05,3.349355751e-05,5.08114293e-05,2.674413507e-05,8.006020186e-06
13.65000000,7.998439568e-06,3.262295079e-05,5.328494382e-05,3.092093085e-05,1.912479544e-05
13.70000000,3.098637406e-06,1.488626072e-05,2.912377633e-05,1.673906183e-05,1.269544353e-05
13.75000000,4.39785159e-06,1.446058213e-05,3.609328605e-05,1.414908537e-05,9.71628626e-06
13.80000000,1.209089996e-05,4.543084394e-06,1.806878515e-05,4.293906312e-06,1.254145199e-05
13.85000000,5.937709636e-06,6.010383897e-05,0.0001092955686,6.02219294e-05,6.595272796e-06
13.90000000,1.634634605e-05,7.215828806e-05,0.0001418472541,7.242404379e-05,1.625718684e-05
13.95000000,1.508877558e-05,1.593472759e-05,2.555752449e-05,1.473902458e-05,1.499880439e-05
14.00000000,1.9531165e-05,2.309773008e-05,8.529749897e-05,2.292282048e-05,1.954309394e-05
14.05000000,3.38659359e-05,0.0001077605257,0.0002389781679,0.0001087573975,3.318557567e-05
14.10000000,3.446353656e-05,0.0001376341945,0.0002205795479,0.0001378088453,3.527494871e-05
14.15000000,7.350974074e-05,0.0001984702485,0.0002492908305,0.0001984609105,7.379533244e-05
14.20000000,4.092672068e-05,0.0002382491849,0.0004685575058,0.0002380763538,4.094413114e-05
14.25000000,6.037476432e-05,8.213855784e-05,0.0002348380167,8.256688734e-05,5.980682504e-05
14.30000000,1.792055576e-05,2.501942125e-05,8.318315791e-05,2.565135915e-05,1.698832796e-05
14.35000000,2.254164163e-05,2.257315995e-05,5.70989272e-05,2.530773189e-05,2.373566968e-05
14.40000000,1.972538528e-05,3.541787778e-05,3.75450029e-05,3.737116224e-05,2.335657969e-05
14.45000000,1.65203462e-05,7.626973377e-05,0.0001351675717,7.840197412e-05,1.53776808e-05
14.50000000,2.233692589e-05,4.038561159e-05,7.694229067e-05,4.060420289e-05,2.058725744e-05
14.55000000,9.355479083e-06,1.147699765e-05,5.019740226e-06,1.138828722e-05,9.09165542e-06
14.60000000,4.293509715e-06,4.49169191e-06,7.78991274e-06,4.60417715e-06,1.759502504e-06
14.65000000,7.917412116e-06,1.450302834e-05,1.007396001e-05,7.45573301e-06,5.782463693e-06
14.70000000,9.625539232e-06,2.006177062e-05,1.4953766e-05,1.542940227e-05,1.185400632e-05
14.75000000,8.527193564e-06,1.599267667e-05,1.617316979e-05,1.226394788e-05,9.451925943e-06
14.80000000,1.17168943e-06,2.767076845e-06,1.097046556e-05,1.204136379e-05,4.524781656e-06
14.85000000,6.46917401e-06,1.217256058e-05,7.63205372e-07,1.247339716e-05,3.70934548e-06
14.90000000,9.593688965e-06,1.922672754e-05,1.428836093e-06,1.821539414e-05,9.41439646e-06
14.95000000,2.821669563e-05,4.348776471e-05,1.269677616e-06,4.330120804e-05,2.874876525e-05
15.00000000,3.26356473e-05,6.776828846e-05,1.08179331e-06,6.743953962e-05,3.327221279e-05
15.05000000,2.571539074e-05,3.959547202e-05,2.179498288e-06,3.873351656e-05,2.650897594e-05
15.10000000,1.178962168e-05,2.08963545e-05,1.091816582e-06,2.106127073e-05,1.224483647e-05
15.15000000,3.057225983e-05,3.721998356e-05,9.254710319e-07,3.663458587e-05,3.065354778e-05
15.20000000,3.437234492e-05,5.378268193e-05,7.999330123e-07,5.356447249e-05,3.422608226e-05
15.25000000,4.684773771e-05,7.889899308e-05,1.013195326e-06,7.863194246e-05,4.68585211e-05
15.30000000,5.929385054e-05,0.0001588132117,6.492002825e-07,0.0001592573686,5.964074554e-05
15.35000000,2.849749263e-05,8.522961288e-05,3.676006751e-07,8.549690521e-05,2.876258474e-05
15.40000000,1.151385454e-05,1.869573608e-05,1.006876334e-06,1.969567646e-05,1.156729886e-05
15.45000000,1.677454473e-05,2.007792043e-05,2.807131139e-06,2.063388885e-05,1.802564703e-05
15.50000000,2.70898751e-05,2.997835276e-05,4.840404476e-06,3.172573509e-05,2.725256716e-05
15.55000000,4.810161218e-05,6.487098021e-05,4.128999399e-06,6.512226958e-05,4.763623795e-05
15.60000000,2.996165699e-05,4.269854638e-05,3.445326372e-06,4.348933712e-05,2.861131998e-05
15.65000000,4.338386005e-06,4.028028106e-06,3.250510378e-06,5.470006516e-06,2.9112894e-06
15.70000000,3.981407095e-06,2.310454879e-06,7.110731396e-06,8.162173607e-06,2.920373649e-06
15.75000000,6.00711849e-06,5.522734072e-06,1.510890908e-05,7.701881974e-06,2.471387598e-06
15.80000000,9.377116154e-06,1.765954296e-05,3.084734132e-05,1.210329531e-05,1.033077821e-05
15.85000000,7.019499097e-06,1.672367194e-05,2.029517833e-05,7.004260557e-06,1.059036095e-05
15.90000000,2.363546067e-06,7.776061298e-06,1.354740813e-05,2.61440391e-06,7.804121287e-06
15.95000000,1.620703719e-06,8.587125336e-06,1.827459259e-05,6.009645338e-06,3.092956455e-06
16.00000000,2.763724749e-06,4.584936694e-06,1.419558011e-05,4.424648747e-06,2.753844418e-06
16.05000000,1.135618152e-05,2.36986758e-05,6.989329104e-05,2.395591913e-05,1.102464926e-05
16.10000000,1.487178913e-05,1.700044014e-05,4.807114399e-05,1.78485845e-05,1.45258e-05
16.15000000,1.56971462e-05,1.271967943e-05,6.452165975e-06,1.312383696e-05,1.578114231e-05
16.20000000,9.517529742e-06,2.724623676e-05,6.580355348e-05,2.830145933e-05,9.519189122e-06
16.25000000,7.193037034e-06,6.42433161e-05,0.0001178743343,6.458634662e-05,7.885207178e-06
16.30000000,1.382144269e-05,4.659361908e-05,9.138540627e-05,4.600039682e-05,1.429580505e-05
16.35000000,1.825240941e-05,6.353298408e-05,0.0001642267262,6.353896045e-05,1.844303218e-05
16.40000000,3.071423939e-05,6.341155958e-05,0.0001894752662,6.42275627e-05,3.036539225e-05
16.45000000,9.634907795e-06,2.591396639e-05,7.150448193e-05,2.648155179e-05,9.227954845e-06
16.50000000,6.946567897e-06,1.39118978e-05,4.182891724e-05,1.497756166e-05,6.127960322e-06
16.55000000,2.091206966e-06,7.284408444e-06,1.511834086e-05,7.347777715e-06,5.316507346e-07
16.60000000,1.222894706e-05,9.770003633e-06,4.320694364e-05,1.001263364e-05,1.158619151e-05
16.65000000,1.748760892e-05,1.703218996e-05,6.329280343e-05,1.992936358e-05,1.586031618e-05
16.70000000,1.49537283e-05,9.949566432e-06,1.934072292e-05,1.085366589e-05,1.381123055e-05
16.75000000,6.185799784e-06,6.780577465e-06,4.219583868e-06,7.339512428e-06,4.45103871e-06
16.80000000,3.107205722e-06,2.620355747e-06,1.241895803e-06,5.007840045e-06,3.619249882e-06
16.85000000,1.231253472e-06,6.733688849e-06,6.574910869e-06,6.397158782e-06,4.918508972e-06
16.90000000,3.388659642e-06,9.569779046e-06,7.532345429e-06,4.942466242e-06,5.508668088e-06
16.95000000,3.338134159e-06,4.825226165e-06,7.996839373e-06,5.161145818e-06,7.825682201e-06
17.00000000,2.716691872e-06,4.087353225e-06,3.127112304e-06,2.801618506e-06,5.46758432e-06
17.05000000,4.843469859e-06,8.690075735e-06,4.398361794e-07,7.561025755e-06,4.000499783e-06
17.10000000,7.357082373e-06,1.306161409e-05,2.264268207e-07,1.304606438e-05,7.422871825e-06
17.15000000,7.191768968e-06,2.66617035e-05,4.792476769e-07,2.687814511e-05,7.86997519e-06
17.20000000,1.035375449e-05,2.798069996e-05,1.143147853e-06,2.757888867e-05,1.028556628e-05
17.25000000,9.614565525e-06,5.600413123e-06,1.011450019e-06,4.845737728e-06,9.411902168e-06
17.30000000,9.926039816e-06,1.149165746e-05,4.657367819e-07,1.140597815e-05,9.522215103e-06
17.35000000,1.423961355e-05,3.953228602e-05,4.830900317e-07,3.966798634e-05,1.388460082e-05
17.40000000,1.213603721e-05,3.493877824e-05,8.813841324e-07,3.465469928e-05,1.20693045e-05
17.45000000,2.007898336e-05,6.427578673e-05,4.711309158e-07,6.396672257e-05,2.010019639e-05
17.50000000,1.482036827e-05,6.102620773e-05,6.423121432e-07,6.100308994e-05,1.478371861e-05
17.55000000,6.105091152e-06,1.742447879e-05,3.276755402e-07,1.696872797e-05,6.038547742e-06
17.60000000,5.574802692e-06,6.813533941e-06,3.120260646e-07,6.828029085e-06,5.877603609e-06
17.65000000,7.567822293e-06,1.14275261e-05,2.258621792e-06,1.188814555e-05,7.596826017e-06
17.70000000,1.479419075e-05,2.065348269e-05,2.971036975e-06,2.167426709e-05,1.515530815e-05
17.75000000,1.055440923e-05,2.292936063e-05,2.54262614e-06,2.378866782e-05,9.76134524e-06
17.80000000,1.035164579e-05,1.09063087e-05,2.168815983e-06,1.314185607e-05,9.795764512e-06
17.85000000,2.175161318e-06,2.39203719e-06,4.141009384e-07,1.799289876e-06,2.48394073e-06
17.90000000,4.120740423e-06,3.268484771e-06,5.005121655e-06,2.513368884e-06,1.964141728e-06
17.95000000,5.454060355e-06,3.695332852e-06,1.05893826e-05,2.332144372e-06,3.719537549e-06
18.00000000,3.960684642e-06,1.003743277e-05,1.348262042e-05,2.420246847e-06,4.390415757e-06
18.05000000,3.022814653e-06,7.610209041e-06,7.220505982e-06,2.342670608e-06,4.297003224e-06
18.10000000,1.180780568e-06,4.188470686e-06,6.358627618e-06,2.621538901e-06,2.405860535e-06
18.15000000,3.72788371e-06,5.567459484e-06,4.97883362e-06,5.681450139e-06,4.130387866e-06
18.20000000,6.605163932e-06,3.074189109e-06,1.850973782e-05,2.619575587e-06,6.621024963e-06
18.25000000,1.016109029e-05,1.414291797e-05,3.541793698e-05,1.485724568e-05,9.920995928e-06
18.30000000,1.103597833e-05,1.390793826e-05,1.198746387e-05,1.479867652e-05,1.145198007e-05
18.35000000,5.80571051e-06,6.257320784e-06,4.468798652e-06,6.80871115e-06,6.190023608e-06
18.40000000,6.497797952e-06,2.726876212e-05,4.323000741e-05,2.761981818e-05,6.793528739e-06
18.45000000,9.658231331e-06,2.631156852e-05,6.314716583e-05,2.604874211e-05,9.652089987e-06
18.50000000,1.326141941e-05,1.00942711e-05,4.285635574e-05,9.651311993e-06,1.332552043e-05
18.55000000,1.570738265e-05,3.302619883e-05,9.251940738e-05,3.289831941e-05,1.591257378e-05
18.60000000,8.59793894e-06,3.773398192e-05,7.004177463e-05,3.808311978e-05,8.685162624e-06
18.65000000,1.534493552e-06,1.546318632e-05,2.900995586e-05,1.533352985e-05,1.534680753e-06
18.70000000,5.410503069e-06,1.121354624e-05,1.748788431e-05,1.154434922e-05,5.79083434e-06
18.75000000,8.333609876e-06,8.128247896e-06,2.253300735e-06,7.417211266e-06,8.896110897e-06
18.80000000,1.18357229e-05,6.428924005e-06,2.958036844e-05,8.272787144e-06,1.139685921e-05
18.85000000,1.398974377e-05,1.60616775e-05,2.417012714e-05,1.635359637e-05,1.340000736e-05
18.90000000,7.198023827e-06,7.026302577e-06,2.917856803e-06,7.76977564e-06,6.269990275e-06
18.95000000,5.900810148e-07,1.365872363e-06,2.901773383e-06,2.794797055e-06,8.677011382e-07
19.00000000,2.693794738e-06,3.60805997e-07,1.699790267e-06,3.160225052e-06,1.693850159e-06
19.05000000,2.669798837e-06,3.805535074e-06,3.732951282e-06,2.39478456e-06,3.267228459e-06
19.10000000,3.897510559e-06,3.646056474e-06,3.816609161e-06,4.119403217e-06,5.658321878e-06
19.15000000,2.015933177e-06,2.40007939e-06,2.847168594e-06,1.755475746e-06,4.531744084e-06
19.20000000,6.320057949e-07,5.122855285e-06,4.60655369e-07,5.127189508e-06,1.930379312e-06
19.25000000,9.063481377e-07,5.21227113e-06,3.970425497e-07,5.018712736e-06,1.281577587e-06
19.30000000,1.31463804e-06,5.321213511e-06,4.208758137e-07,5.228203998e-06,1.278283401e-06
19.35000000,4.722665316e-06,1.254141318e-05,2.714774002e-07,1.264507064e-05,3.994033658e-06
19.40000000,4.332960969e-06,7.107739478e-06,6.923566567e-07,7.190531207e-06,3.932791646e-06
19.45000000,4.912469268e-06,4.161139817e-06,5.598372703e-07,4.727166619e-06,4.820300084e-06
19.50000000,3.888689593e-06,1.840038022e-05,2.90161723e-07,1.851971585e-05,4.002889652e-06
19.55000000,4.43826406e-06,2.919126539e-05,2.965059676e-07,2.929991671e-05,4.827618303e-06
19.60000000,5.985044731e-06,1.918206072e-05,2.885145638e-07,1.904941318e-05,6.070368139e-06
19.65000000,4.905250522e-06,2.730348132e-05,8.099893563e-08,2.726814767e-05,4.976112533e-06
19.70000000,6.237100254e-06,1.616987068e-05,1.433287586e-07,1.620501826e-05,6.227650122e-06
19.75000000,1.450685243e-06,4.117655871e-06,4.921702011e-07,4.066842614e-06,1.42541423e-06
19.80000000,2.836177351e-06,3.615569664e-06,5.839647618e-07,3.362464499e-06,2.108343051e-06
19.85000000,3.81279185e-06,3.622851859e-06,1.123790801e-06,4.412015637e-06,3.33661419e-06
19.90000000,3.390717918e-06,5.004612773e-06,1.281574936e-06,6.027466846e-06,2.281627319e-06
19.95000000,6.297353964e-06,3.02733689e-06,1.222514274e-06,4.612643594e-06,5.317115756e-06
20.00000000,2.458695266e-06,9.409131648e-07,8.841962564e-07,1.673228318e-06,1.680924169e-06
20.05000000,8.368544377e-07,9.059844956e-07,1.730533937e-06,6.339789885e-07,1.55099229e-06
20.10000000,1.50518703e-06,7.244951056e-07,3.205621284e-06,1.035238314e-06,1.178734479e-06
20.15000000,8.357829237e-07,3.311841396e-06,5.779863446e-06,2.076006479e-06,2.226307493e-06
20.20000000,7.565033418e-07,4.351874996e-06,4.478973168e-06,2.983971107e-06,3.03326182e-06
20.25000000,2.353069102e-07,1.863765014e-06,2.340476128e-06,2.997404731e-06,2.649232317e-06
20.30000000,1.464293555e-06,2.303029777e-06,2.178144967e-06,2.481071037e-06,2.359125268e-06
20.35000000,2.503199367e-06,1.545731551e-06,3.249875359e-06,1.278909187e-06,2.11355479e-06
20.40000000,3.088773692e-06,5.866990804e-06,1.41975181e-05,6.029641686e-06,3.310881391e-06
20.45000000,4.361006958e-06,1.041909904e-05,1.57633443e-05,1.069491433e-05,4.580325972e-06
20.50000000,4.101424154e-06,6.273215406e-06,6.448248867e-06,6.443669968e-06,3.829540296e-06
20.55000000,3.691367428e-06,6.914056976e-06,7.23795273e-06,7.000606643e-06,3.760480607e-06
20.60000000,4.711393772e-06,1.321902455e-05,2.77714313e-05,1.312967032e-05,4.793534706e-06
20.65000000,5.08657549e-06,1.320850229e-05,3.349308911e-05,1.315971683e-05,5.151497419e-06
20.70000000,6.246959546e-06,9.908664135e-06,2.661771133e-05,9.820289416e-06,6.223695274e-06
20.75000000,5.198530249e-06,2.530104397e-05,4.526189459e-05,2.544841685e-05,5.224450903e-06
20.80000000,3.273697014e-06,1.628870545e-05,2.624172013e-05,1.640988336e-05,3.312307495e-06
20.85000000,1.866765934e-06,7.027899711e-06,1.324001296e-05,6.566411199e-06,1.862008722e-06
20.90000000,4.077095506e-06,6.009439799e-06,5.626673776e-06,5.977024732e-06,4.304661359e-06
20.95000000,3.941329185e-06,1.505387338e-06,6.462192701e-06,2.197422669e-06,3.871548208e-06
21.00000000,6.328382773e-06,9.307420754e-06,1.589000866e-05,9.978235249e-06,6.208576956e-06
21.05000000,4.57192506e-06,7.923989085e-06,7.687545505e-06,7.776491042e-06,4.279021746e-06
21.10000000,2.409756754e-06,2.247477757e-06,1.615461706e-06,2.537940656e-06,1.603511296e-06
21.15000000,1.442081312e-06,1.242842124e-06,1.318767981e-06,2.438071355e-06,9.121431538e-07
21.20000000,1.610349272e-06,1.367038813e-06,1.345670385e-06,1.658246844e-06,1.640524369e-06
21.25000000,2.521610281e-06,2.799918551e-06,1.804507098e-06,1.149967701e-06,2.360917065e-06
21.30000000,2.024658873e-06,2.392044308e-06,1.684245312e-06,4.393948875e-07,1.904603091e-06
21.35000000,1.133413919e-06,2.826018301e-06,8.084284261e-07,2.669357251e-06,1.640974229e-06
21.40000000,1.499987706e-06,4.354072712e-06,6.098766936e-08,4.427986301e-06,1.470351133e-06
21.45000000,2.222766718e-06,2.324905852e-06,1.694780336e-07,1.900738789e-06,2.260568164e-06
21.50000000,2.891924268e-06,3.510282295e-06,2.341558599e-07,3.356252071e-06,2.90640945e-06
21.55000000,3.313659813e-06,6.801659649e-06,3.190954505e-07,6.939549768e-06,3.292700191e-06
21.60000000,2.909994862e-06,5.622238434e-06,4.586129913e-07,6.048246527e-06,3.040219332e-06
21.65000000,1.538168918e-06,4.681182574e-06,1.83441922e-07,4.768286389e-06,1.576161371e-06
21.70000000,2.713928312e-06,1.635143049e-05,9.794006695e-08,1.656897154e-05,3.03480979e-06
21.75000000,3.017177103e-06,1.215292147e-05,2.27682764e-07,1.215930734e-05,3.212924547e-06
21.80000000,3.350361843e-06,7.14154523e-06,2.368462216e-07,6.867974688e-06,3.287108546e-06
21.85000000,3.863292379e-06,1.050212856e-05,3.120497376e-07,1.022201929e-05,3.909865478e-06
21.90000000,6.987762531e-07,7.774684639e-06,1.806227527e-07,7.56519246e-06,7.537224424e-07
21.95000000,1.778916835e-06,9.444017068e-07,2.990659719e-07,1.231892039e-06,1.845270373e-06
22.00000000,2.57141701e-06,1.776780894e-06,6.439794485e-07,2.067009147e-06,2.614841395e-06
22.05000000,3.76996529e-06,2.37491878e-06,5.880603312e-07,2.164152089e-06,3.604717797e-06
22.10000000,4.978959389e-06,9.830064927e-07,4.450058008e-07,1.202856143e-06,4.720930446e-06
22.15000000,2.981238436e-06,3.178819448e-06,3.672470022e-07,2.675892133e-06,2.697705905e-06
22.20000000,8.460875374e-07,1.086596761e-06,6.11988275e-07,6.863637813e-07,4.860564846e-07
22.25000000,6.258934722e-07,6.0775296e-07,1.632717379e-06,2.213830896e-06,1.085011826e-06
22.30000000,7.815698702e-07,1.23924595e-06,1.934011056e-06,1.664662686e-06,1.285555941e-06
22.35000000,9.96880531e-07,1.503544719e-06,2.4150848e-06,2.378302543e-06,2.141666531e-06
22.40000000,1.118914498e-06,1.224052382e-06,1.618946485e-06,2.36212721e-06,2.327132615e-06
22.45000000,4.224355329e-07,1.440337944e-07,5.39174574e-07,1.204910501e-06,1.373131767e-06
22.50000000,8.760138132e-07,2.003290273e-06,2.754952473e-06,1.531542206e-06,7.951297797e-07
22.55000000,1.069056661e-06,2.846459817e-06,4.110014424e-06,2.544164695e-06,7.311811191e-07
22.60000000,1.329548463e-06,5.353348512e-06,8.545028284e-06,5.20331984e-06,1.105312976e-06
22.65000000,1.459309911e-06,4.315025017e-06,7.349971362e-06,4.282484661e-06,1.115927594e-06
22.70000000,1.779832869e-06,8.740805063e-07,4.242630881e-06,9.018249788e-07,1.502918098e-06
22.75000000,1.398058907e-06,3.257715971e-06,7.015661772e-06,3.182384646e-06,1.379095506e-06
22.80000000,1.680968104e-06,8.468612667e-06,1.851355053e-05,8.497044566e-06,1.813957254e-06
22.85000000,2.446303491e-06,9.494380681e-06,1.630176903e-05,9.373024947e-06,2.592347877e-06
22.90000000,1.833843876e-06,1.037534046e-05,1.755708739e-05,1.028876981e-05,1.8530621e-06
22.95000000,2.127610728e-06,1.214316032e-05,2.04082313e-05,1.210435336e-05,2.041168062e-06
23.00000000,2.138621619e-07,5.412372781e-06,1.096511169e-05,5.099609547e-06,2.79366309e-07
23.05000000,1.194526763e-06,3.679316806e-06,5.291004476e-06,3.617656622e-06,1.044810144e-06
23.10000000,1.454021649e-06,2.12620749e-06,2.020008829e-06,2.434652943e-06,1.211860784e-06
23.15000000,1.771535255e-06,3.53576279e-06,5.542057168e-06,4.147695816e-06,1.575037432e-06
23.20000000,1.769284845e-06,5.079486936e-06,7.131755532e-06,5.067775708e-06,1.238468534e-06
23.25000000,1.904602954e-06,2.439722035e-06,2.433932896e-06,2.190471787e-06,1.639148844e-06
23.30000000,5.936183685e-07,7.033832928e-07,1.150530872e-06,1.503300875e-06,5.153953232e-07
23.35000000,5.589593755e-07,6.914044133e-07,5.850349082e-07,1.225647718e-06,8.90577545e-07
23.40000000,1.03468159e-06,1.439675706e-06,6.820662511e-07,3.672839189e-07,9.132998494e-07
23.45000000,5.210395729e-07,1.599029757e-06,7.859189453e-07,9.38231372e-07,1.014671591e-06
23.50000000,3.995713029e-07,1.522538185e-06,4.265270429e-07,1.319477637e-06,1.069234445e-06
23.55000000,4.468610733e-07,1.810445425e-06,1.282584024e-07,2.499432063e-06,8.310930573e-07
23.60000000,6.499621254e-07,1.189075847e-06,2.290479932e-07,1.419277256e-06,6.534156927e-07
23.65000000,1.547407701e-06,2.861726047e-07,1.991705057e-07,2.869531357e-07,1.581808634e-06
23.70000000,1.64181212e-06,3.31017735e-06,1.016837896e-07,3.145221472e-06,1.701510458e-06
23.75000000,1.877616093e-06,5.313186256e-06,3.803060567e-07,5.040308254e-06,1.757338598e-06
23.80000000,1.396603172e-06,3.354360106e-06,3.093302703e-07,3.176503814e-06,1.221157724e-06
23.85000000,1.07394051e-06,5.158970412e-06,1.100682105e-07,5.043641242e-06,1.124893084e-06
23.90000000,1.689071483e-06,8.464923536e-06,5.138891858e-08,8.316250206e-06,1.732971191e-06
23.95000000,1.755466102e-06,3.209548628e-06,5.786897606e-08,3.182928889e-06,1.779407712e-06
24.00000000,2.029841758e-06,3.863785234e-06,9.136730114e-08,3.748949754e-06,2.08108087e-06
24.05000000,1.094101748e-06,7.354480601e-06,1.793918156e-07,7.307724416e-06,1.124522412e-06
24.10000000,2.481227737e-07,2.616464727e-06,2.390612346e-07,2.859630479e-06,3.0265859e-07
24.15000000,1.607723532e-06,1.737448501e-06,1.83689599e-07,1.517686586e-06,1.550017951e-06
24.20000000,2.002184457e-06,1.723040477e-06,2.735185525e-07,1.584978033e-06,2.174090877e-06
24.25000000,2.389275446e-06,6.392173105e-07,3.068856768e-07,1.860730788e-07,2.447842877e-06
24.30000000,2.207295378e-06,3.419926811e-06,1.140878301e-07,3.142123505e-06,2.111051139e-06
24.35000000,1.450441611e-06,2.362398836e-06,2.447466449e-07,1.808547437e-06,1.121575714e-06
24.40000000,2.346720833e-07,1.401562427e-07,6.563706882e-07,9.140084591e-07,3.763820053e-07
24.45000000,9.672977511e-07,7.465844628e-07,1.181495871e-06,1.621973555e-06,8.358723926e-07
24.50000000,1.025409436e-06,5.34934458e-07,1.250273516e-06,1.201279338e-06,9.774440629e-07
24.55000000,1.07259687e-06,8.539268322e-07,1.196767852e-06,1.160173451e-06,1.108746512e-06
24.60000000,5.601486693e-07,7.295617009e-07,7.543877705e-07,1.043824578e-06,1.182927498e-06
24.65000000,1.463696179e-07,5.193680994e-07,1.050749082e-06,5.819753331e-07,5.363584049e-07
24.70000000,5.559380742e-07,2.087668986e-06,2.81043534e-06,1.798985443e-06,5.397827006e-07
24.75000000,7.185557103e-07,2.245038136e-06,2.929285978e-06,1.837602891e-06,7.281349987e-07
24.80000000,1.256990631e-06,2.809896827e-06,5.045395074e-06,2.62921294e-06,1.326074142e-06
24.85000000,1.029568973e-06,1.390977729e-06,4.740617049e-06,1.340394005e-06,1.067369987e-06
24.90000000,7.102189545e-07,7.535292544e-07,2.140725995e-06,7.889188697e-07,6.598655361e-07
24.95000000,6.317491713e-07,2.652925047e-06,6.176214703e-06,2.722005599e-06,6.356223345e-07
25.00000000,7.945067879e-07,6.752438762e-06,1.179691455e-05,6.671562954e-06,9.657816085e-07
25.05000000,1.126805659e-06,4.795912559e-06,7.368583443e-06,4.524903346e-06,1.099495984e-06
25.10000000,8.272514212e-07,5.685037837e-06,1.022432767e-05,5.692464016e-06,8.419233551e-07
25.15000000,6.107991241e-07,3.983717002e-06,9.142084333e-06,4.068162754e-06,6.144377043e-07
25.20000000,1.367152857e-07,2.652423453e-06,4.930286832e-06,2.544490473e-06,1.231352555e-07
25.25000000,1.063135663e-06,1.456243026e-06,1.767915796e-06,1.474518468e-06,8.186942214e-07
25.30000000,1.222966074e-06,1.525320134e-06,1.322966436e-06,2.063734697e-06,1.139636041e-06
25.35000000,1.502557327e-06,2.716521802e-06,3.65569167e-06,2.930486564e-06,1.316486418e-06
25.40000000,1.584680968e-06,1.520527348e-06,3.165014609e-06,1.477672781e-06,1.332711462e-06
25.45000000,6.57603245e-07,4.206280951e-07,1.249346851e-06,6.062565861e-07,4.142105814e-07
25.50000000,3.979450519e-08,1.326937434e-08,4.574776292e-07,6.29013921e-07,4.628754248e-07
25.55000000,2.46351667e-07,1.050236216e-06,2.732738685e-07,4.872800983e-07,8.655916647e-07
25.60000000,4.448755138e-07,1.538511495e-06,5.008162953e-07,1.005374498e-06,7.162118104e-07
25.65000000,3.304509741e-07,1.131924422e-06,4.655549645e-07,1.228484123e-06,9.736693923e-07
25.70000000,1.797066345e-07,4.537837683e-07,1.680527209e-07,1.27563437e-06,8.259377026e-07
25.75000000,2.132417107e-07,1.047910859e-06,7.877018153e-08,1.301864299e-06,5.690473571e-07
25.80000000,5.75963964e-07,3.349790874e-07,9.930942373e-08,2.256853195e-07,4.428116566e-07
25.85000000,5.294865419e-07,1.175655336e-06,1.406329705e-07,1.088502385e-06,2.582488784e-07
25.90000000,8.059343778e-07,3.513559016e-06,1.853246547e-07,3.228066406e-06,5.743895419e-07
25.95000000,7.341407233e-07,2.663488457e-06,2.255887595e-07,2.298325943e-06,4.682080969e-07
26.00000000,8.879040324e-07,1.574479031e-06,1.940703197e-07,1.229783075e-06,6.838035966e-07
26.05000000,6.203385295e-07,3.693594159e-06,1.440209272e-07,3.584349258e-06,6.030110104e-07
26.10000000,6.365757072e-07,3.572892112e-06,1.847289936e-08,3.584734678e-06,6.463261157e-07
26.15000000,8.2137187e-07,1.839023102e-06,9.1074217e-08,1.937475098e-06,8.47269379e-07
26.20000000,5.264756461e-07,3.801891757e-06,1.285004164e-07,3.862104601e-06,6.707695096e-07
26.25000000,4.854686132e-07,3.447068008e-06,1.586891206e-07,3.529861162e-06,4.429249209e-07
26.30000000,3.389263429e-07,6.712085107e-07,1.501358987e-07,4.458079411e-07,3.822392554e-07
26.35000000,8.492616831e-07,9.172543669e-07,1.400441659e-07,6.584060541e-07,7.836090812e-07
26.40000000,7.573525506e-07,7.801497325e-07,2.857239444e-07,6.475355757e-07,7.804733516e-07
26.45000000,8.794909898e-07,2.037771735e-06,2.917293782e-07,1.896465058e-06,6.379085852e-07
26.50000000,9.179580852e-07,2.502602649e-06,1.322920547e-07,2.217974382e-06,7.674593172e-07
26.55000000,5.397739486e-07,8.606383328e-07,3.492692808e-07,3.272873198e-07,2.970248931e-07
26.60000000,3.420126136e-07,3.213866807e-07,6.371645868e-07,8.560608571e-07,1.952213771e-07
26.65000000,3.744697985e-07,3.333772766e-07,8.271032863e-07,7.141338781e-07,4.607050701e-07
26.70000000,3.316982585e-07,7.654664813e-07,9.506063682e-07,5.71410882e-07,6.128353881e-07
26.75000000,2.832033933e-07,8.268772683e-07,7.618152731e-07,6.332299766e-07,4.869008194e-07
26.80000000,1.529544942e-07,4.06716744e-07,3.787208437e-07,6.924990605e-07,5.616159258e-07
26.85000000,2.344318692e-07,9.828791148e-07,1.496661572e-06,1.181442867e-06,5.020221192e-07
26.90000000,5.256459589e-07,1.24880994e-06,1.892028389e-06,1.111916999e-06,5.20337884e-07
26.95000000,7.501843293e-07,1.197169779e-06,1.95983002e-06,1.090414514e-06,6.902209183e-07
27.00000000,6.225986205e-07,9.682204866e-07,3.278095535e-06,1.122060445e-06,5.878725928e-07
27.05000000,6.571786209e-07,1.598460967e-06,2.93852426e-06,1.585111321e-06,6.300729386e-07
27.10000000,5.23765208e-07,9.588475168e-07,1.216432818e-06,8.747921915e-07,4.907437047e-07
27.15000000,5.278869093e-07,2.963422907e-06,5.001602379e-06,2.778609929e-06,4.705522394e-07
27.20000000,5.133938596e-07,3.725996236e-06,6.552090984e-06,3.400261202e-06,4.591209454e-07
27.25000000,4.944338114e-07,1.898018826e-06,3.626105884e-06,1.700517829e-06,5.374949791e-07
27.30000000,4.646329546e-07,2.297752212e-06,5.448064377e-06,2.387114928e-06,4.32435687e-07
27.35000000,1.967632686e-07,2.211824201e-06,4.175770098e-06,2.206160422e-06,1.652087458e-07
27.40000000,5.056061675e-07,1.03253853e-06,1.837087903e-06,9.480924209e-07,5.083797407e-07
27.45000000,8.178827221e-07,8.669955495e-07,9.492184166e-07,1.176826567e-06,9.818845166e-07
27.50000000,9.464637601e-07,1.10789229e-06,9.641274271e-07,1.309421349e-06,9.392165325e-07
27.55000000,9.793561792e-07,8.389668685e-07,2.077972759e-06,1.029555054e-06,9.511175843e-07
27.60000000,6.985794688e-07,4.449673729e-07,1.485924727e-06,4.669513853e-07,6.094619812e-07
27.65000000,2.957350744e-07,4.122768116e-07,5.327308369e-07,6.776679649e-07,2.209361826e-07
27.70000000,3.254178004e-07,5.183617055e-07,1.016254989e-07,1.234704392e-07,2.782199801e-07
27.75000000,4.40828731e-07,8.788319296e-07,1.436539631e-07,7.835770679e-07,4.448254485e-07
27.80000000,4.832860896e-07,8.319041922e-07,3.15209061e-07,8.649400381e-07,5.313978172e-07
27.85000000,2.605442951e-07,2.463437459e-07,3.18518975e-07,6.636635303e-07,5.196093781e-07
27.90000000,1.348154369e-07,5.633559742e-07,9.615671904e-08,4.561896473e-07,4.51483942e-07
27.95000000,1.510250877e-07,3.643390866e-07,5.356364184e-08,2.427414764e-07,2.659475151e-07
28.00000000,1.58546332e-07,7.550132089e-07,9.938228618e-08,7.757354863e-07,2.76397103e-07
28.05000000,3.672302359e-07,1.446369699e-06,2.147916085e-08,1.369003468e-06,2.819529181e-07
28.10000000,4.205586211e-07,1.952543156e-06,1.129759715e-07,1.727948477e-06,3.157873518e-07
28.15000000,3.649651237e-07,8.057218171e-07,4.185036152e-08,6.978878225e-07,3.980142632e-07
28.20000000,3.153719779e-07,5.940219669e-07,4.602007132e-08,5.667451358e-07,3.710585283e-07
28.25000000,3.598168079e-07,2.001555895e-06,5.354261162e-08,1.94334524e-06,3.673999708e-07
28.30000000,3.110371915e-07,2.153560005e-06,1.008355307e-07,2.079265538e-06,3.577110722e-07
28.35000000,2.891028817e-07,1.550542119e-06,1.156938981e-07,1.470945711e-06,3.039003646e-07
28.40000000,1.947346776e-07,2.220772065e-06,9.154047268e-09,2.292726949e-06,2.829383315e-07
28.45000000,1.491765561e-07,1.033691282e-06,3.713199848e-08,1.156649167e-06,6.681879806e-08
28.50000000,2.686857631e-07,5.380854817e-07,7.845255589e-09,3.958732959e-07,1.327171336e-07
28.55000000,5.304947869e-07,7.57659914e-07,6.131917861e-08,7.023723247e-07,4.268199803e-07
28.60000000,5.247872699e-07,9.144030358e-07,2.470868789e-07,1.070409375e-06,4.772791477e-07
28.65000000,6.005482776e-07,1.720622575e-06,2.081064289e-07,1.533308888e-06,3.334808826e-07
28.70000000,4.315145841e-07,9.766752921e-07,1.94329128e-07,5.581704706e-07,2.667333178e-07
28.75000000,2.552836346e-07,1.874630606e-07,2.981311653e-07,4.074513302e-07,1.080531239e-07
28.80000000,1.602526492e-07,2.225873986e-07,4.173360714e-07,5.22177206e-07,2.741584813e-07
28.85000000,1.587924873e-07,6.229952054e-07,6.093336099e-07,1.737457927e-07,3.0861006e-07
28.90000000,1.147384238e-07,7.929378952e-07,7.005482579e-07,5.431532415e-07,4.064566862e-07
28.95000000,1.334479913e-07,4.616722031e-07,3.030615584e-07,5.853416253e-07,4.674625993e-07
29.00000000,6.632174936e-08,1.940351488e-07,3.703329941e-07,5.877707021e-07,3.549837456e-07
29.05000000,2.745344239e-07,8.489098135e-07,1.195436561e-06,7.612997571e-07,3.224309814e-07
29.10000000,1.764273236e-07,5.184461433e-07,9.940874531e-07,3.961068492e-07,1.539265993e-07
29.15000000,3.186348173e-07,4.107280491e-07,1.429089688e-06,4.280178327e-07,2.975316964e-07
29.20000000,3.919592396e-07,1.141831767e-06,2.179414615e-06,1.035610903e-06,2.392265816e-07
29.25000000,3.43365315e-07,1.123903904e-06,1.490225272e-06,9.597374514e-07,2.548553522e-07
29.30000000,3.074109856e-07,8.924449528e-07,1.108049924e-06,8.671032885e-07,3.627500905e-07
29.35000000,3.450174884e-07,2.053279008e-06,3.598042889e-06,2.012871189e-06,3.784302582e-07
29.40000000,2.852765713e-07,1.418694904e-06,3.092057226e-06,1.326479048e-06,2.534311552e-07
29.45000000,2.493416309e-07,8.22992313e-07,2.051198497e-06,7.661552175e-07,2.61596925e-07
29.50000000,1.583196189e-07,1.316860208e-06,2.703616408e-06,1.344010332e-06,2.183559633e-07
29.55000000,1.141057604e-07,9.972683704e-07,1.928437018e-06,1.04550709e-06,1.925211683e-07
29.60000000,3.651937506e-07,2.23615633e-07,5.322111192e-07,3.48171736e-07,3.11636561e-07
29.65000000,3.731296562e-07,2.786935909e-07,5.264798309e-07,2.634752292e-07,3.116262669e-07
29.70000000,4.797904298e-07,3.001480831e-07,7.325727442e-07,4.093255285e-07,5.064358509e-07
29.75000000,3.633358923e-07,4.525545429e-07,1.197019149e-06,3.370982254e-07,3.338955987e-07
29.80000000,4.623383138e-07,7.128427107e-07,7.658663212e-07,5.687400372e-07,2.306733464e-07
29.85000000,2.614791925e-07,2.970341919e-07,2.013229503e-07,3.165915789e-08,1.322249883e-07
29.90000000,1.882979276e-07,4.232773697e-07,2.392599571e-08,4.805093861e-07,2.848100746e-07
29.95000000,1.29580343e-07,4.573827531e-07,1.592614544e-07,5.359422389e-07,2.561685823e-07
30.00000000,2.085306635e-07,1.855160124e-07,3.409504914e-07,3.935719412e-07,2.420507534e-07
30.05000000,2.027350983e-07,1.734595962e-07,2.71373445e-07,3.500557573e-07,3.376617214e-07
30.10000000,1.32319021e-07,2.97464188e-07,3.792389637e-08,1.595651902e-07,2.82728316e-07
30.15000000,3.090255637e-07,5.896627069e-07,6.463784835e-08,5.779685354e-07,3.518341473e-07
30.20000000,2.334753817e-07,6.719616269e-07,7.014949231e-08,5.16781332e-07,1.532438829e-07
30.25000000,2.398142942e-07,1.08547468e-06,1.146056189e-07,1.013295465e-06,3.175330352e-07
30.30000000,2.6103334e-07,6.401829814e-07,1.536424514e-07,6.615739036e-07,2.240654133e-07
30.35000000,2.115103386e-07,4.665601157e-07,2.564983805e-08,5.996673711e-07,1.431933488e-07
30.40000000,1.599422192e-07,6.662519955e-07,4.924075756e-08,7.014576047e-07,2.014599274e-07
30.45000000,2.080149879e-07,1.457336769e-06,6.818771294e-08,1.551929608e-06,2.750267014e-07
30.50000000,1.4402578e-07,1.134750916e-06,2.272843402e-08,1.187530767e-06,2.087788141e-07
30.55000000,1.757356328e-07,9.436048553e-07,4.180494327e-08,8.968144809e-07,8.680995824e-08
30.60000000,8.464897418e-08,9.469753689e-07,5.105529785e-08,9.353442217e-07,8.45711535e-08
30.65000000,1.617878426e-07,5.93544756e-07,7.190809884e-08,5.722665684e-07,2.098415459e-07
30.70000000,2.46324668e-07,3.361231494e-07,8.278144267e-08,3.355963326e-07,3.063003011e-07
30.75000000,4.100275996e-07,5.079863198e-07,1.694414102e-07,6.203608497e-07,3.19173552e-07
30.80000000,4.237267409e-07,7.902937762e-07,2.527154513e-07,8.579470805e-07,3.730469996e-07
30.85000000,3.463296321e-07,6.734928056e-07,1.328518863e-07,6.310315559e-07,2.914603674e-07
30.90000000,2.195627468e-07,4.488155525e-08,2.588619979e-07,1.874753729e-07,1.34831329e-07
30.95000000,2.632145691e-07,2.531103442e-07,2.969917678e-07,3.00482461e-07,9.054891647e-08
31.00000000,1.599775454e-07,2.519698983e-07,3.108099689e-07,1.188856634e-07,2.527354657e-07
31.05000000,1.446269816e-07,4.676321504e-07,4.775051676e-07,2.812572069e-07,2.16687402e-07
31.10000000,2.11884121e-07,5.447543067e-07,4.035728026e-07,4.147846619e-07,2.958344676e-07
31.15000000,7.864481079e-08,1.8061852e-07,1.287872814e-07,2.656941829e-07,2.251108385e-07
31.20000000,2.385314904e-08,2.532322107e-07,5.750284523e-07,2.592866933e-07,1.955291092e-07
31.25000000,1.67359815e-07,3.297456447e-07,9.011114294e-07,2.438381747e-07,2.168817169e-07
31.30000000,1.909386472e-07,2.211258288e-07,6.020619126e-07,2.168992864e-07,1.782567991e-07
31.35000000,1.56178245e-07,5.735772773e-07,1.096366354e-06,6.113756025e-07,1.251620874e-07
31.40000000,1.693386713e-07,8.455235358e-07,1.317238735e-06,7.504145838e-07,1.090429397e-07
31.45000000,1.476500657e-07,4.516434509e-07,7.467325351e-07,3.634681115e-07,1.149115805e-07
31.50000000,1.024017559e-07,5.839606281e-07,1.115775576e-06,5.406649618e-07,1.088409186e-07
31.55000000,1.597722794e-07,1.059459212e-06,2.281479175e-06,9.045792235e-07,2.12168005e-07
31.60000000,1.15089502e-07,6.145140594e-07,1.3206814e-06,5.120030632e-07,1.299140879e-07
31.65000000,6.831812979e-08,5.908703528e-07,1.210440525e-06,6.294377268e-07,9.421553033e-08
31.70000000,9.663558655e-08,7.878380026e-07,1.428919434e-06,7.79674445e-07,7.255442902e-08
31.75000000,1.186804878e-07,2.697049242e-07,7.513864762e-07,3.063730588e-07,6.939562632e-08
31.80000000,2.124747185e-07,1.098275776e-07,2.800433037e-07,1.525940709e-08,1.934370191e-07
31.85000000,2.285266859e-07,2.117416998e-07,3.061779377e-07,1.292879223e-07,2.225786928e-07
31.90000000,2.696034003e-07,3.171406592e-07,5.086135604e-07,3.115515659e-07,1.601410694e-07
31.95000000,2.188202702e-07,4.922380318e-07,6.496809492e-07,5.055876675e-07,1.690916183e-07
32.00000000,8.759948981e-08,1.839903898e-07,2.889346109e-07,2.019131895e-07,3.807982415e-08
32.05000000,1.020504292e-07,8.127145387e-08,1.325545247e-08,1.788387613e-07,1.097849958e-07
32.10000000,1.396387558e-07,1.304649862e-07,2.693761378e-08,2.727309117e-07,1.483555158e-07
32.15000000,4.05671095e-08,2.422187349e-07,1.534121549e-07,2.683649799e-07,1.904113983e-07
32.20000000,7.018400929e-08,2.235761279e-07,2.225248862e-07,2.377554699e-07,1.741294179e-07
32.25000000,4.917781479e-08,1.76446297e-07,8.505940288e-08,2.130473782e-07,1.978958532e-07
32.30000000,1.644614889e-08,2.009000418e-07,6.007890174e-08,2.226341296e-07,5.025075019e-08
32.35000000,1.52284444e-07,4.453939237e-07,1.277614618e-07,2.865008929e-07,1.637257388e-07
32.40000000,1.616071493e-07,4.03912668e-07,5.611704715e-08,3.239883511e-07,1.466061134e-07
32.45000000,1.669190915e-07,4.013564056e-07,7.292067136e-08,3.872950948e-07,1.152212491e-07
32.50000000,1.279588835e-07,3.679997796e-07,3.973390295e-08,4.554369569e-07,1.129490821e-07
32.55000000,9.711615269e-08,4.043902019e-07,3.052656898e-08,4.300069339e-07,1.243306456e-07
32.60000000,5.484653506e-08,5.89649443e-07,2.467627615e-08,6.857583902e-07,1.179176582e-07
32.65000000,9.434307884e-08,8.221124108e-07,9.489079447e-09,8.673589329e-07,1.364603444e-07
32.70000000,1.046203919e-07,4.701914759e-07,2.396587051e-08,4.446073245e-07,1.066135187e-07
32.75000000,7.108481113e-08,4.432715424e-07,5.22236635e-08,4.614887649e-07,4.321502686e-08
32.80000000,7.289071648e-08,4.617234221e-07,4.094805813e-08,4.728007374e-07,8.72791927e-08
32.85000000,1.51947424e-07,2.379975783e-07,6.181875887e-08,1.983329459e-07,5.784037982e-08
32.90000000,2.015560121e-07,2.652440524e-07,3.410682376e-08,2.034417313e-07,1.665920787e-07
32.95000000,2.208915317e-07,2.093958975e-07,8.247969717e-08,3.296050524e-07,2.228135546e-07
33.00000000,2.258366448e-07,2.968545457e-07,1.953641429e-07,3.98129815e-07,1.957818784e-07
33.05000000,1.96813882e-07,9.069244926e-08,1.287292843e-07,1.088969679e-07,1.145465803e-07
33.10000000,1.027365841e-07,1.228238469e-07,1.63386209e-07,1.913761233e-07,8.671550423e-08
33.15000000,9.707663586e-08,1.260821126e-07,1.611611519e-07,5.429696157e-08,1.502354794e-07
33.20000000,1.338169312e-07,2.701297838e-07,2.677873408e-07,1.762474338e-07,1.764236833e-07
33.25000000,1.543025644e-07,3.320900187e-07,3.198348505e-07,2.161289352e-07,1.330537051e-07
33.30000000,4.485711301e-08,1.545750647e-07,1.78397542e-07,1.84016749e-07,1.646427832e-07
33.35000000,9.597628607e-08,1.137248654e-07,1.168978059e-07,9.473636223e-08,6.779831889e-08
33.40000000,4.014228325e-08,2.277386547e-07,4.868725542e-07,1.786843912e-07,7.922111483e-08
33.45000000,8.414375e-08,2.403746525e-07,4.41962213e-07,2.927545537e-07,8.706032986e-08
33.50000000,1.648964336e-07,3.231870463e-07,3.293779379e-07,3.606606432e-07,2.199025304e-07
33.55000000,1.042040471e-07,4.961326746e-07,7.583729611e-07,5.061607892e-07,1.418537873e-07
33.60000000,8.210707078e-08,3.2152505e-07,6.927986506e-07,3.06046185e-07,7.329302222e-08
33.65000000,9.843397089e-08,8.805763946e-08,3.488448605e-07,1.281149584e-07,5.388540457e-08
33.70000000,3.753954342e-08,4.690472484e-07,9.197506662e-07,3.833948487e-07,5.10903946e-08
33.75000000,3.716094337e-08,6.457935786e-07,1.228559549e-06,5.802707529e-07,1.001923155e-07
33.80000000,3.293153389e-08,3.074626579e-07,5.672668053e-07,2.994820954e-07,4.839648709e-08
33.85000000,4.025631397e-08,3.708105728e-07,7.168158991e-07,4.090795527e-07,3.22700255e-08
33.90000000,4.686185587e-08,3.237069303e-07,7.45391594e-07,2.948178301e-07,9.179747572e-08
33.95000000,6.163265992e-08,1.328503982e-07,2.190407181e-07,8.91612848e-08,6.92468937e-08
34.00000000,1.417685484e-07,1.139030713e-07,1.906928492e-07,1.728523961e-07,1.001602862e-07
34.05000000,1.828689085e-07,2.12382929e-07,1.739438847e-07,2.509528648e-07,1.436717194e-07
34.10000000,1.560092132e-07,3.360703606e-07,3.749508042e-07,3.441740409e-07,1.514434236e-07
34.15000000,1.37390671e-07,2.326667625e-07,3.535470454e-07,2.17933252e-07,5.589353593e-08
34.20000000,9.476403309e-08,5.731588058e-08,1.186312256e-07,1.005663043e-07,6.239000401e-08
34.25000000,4.316031617e-08,7.400340606e-08,3.335558894e-08,1.663734543e-07,1.329873007e-07
34.30000000,1.160008287e-07,2.061599133e-07,6.566534771e-08,1.139916811e-07,1.392864227e-07
34.35000000,7.458944103e-08,1.882764816e-07,1.339430005e-07,1.438754299e-07,1.488259258e-07
34.40000000,6.131506487e-08,1.281137893e-07,1.325140439e-07,1.58243358e-07,1.174238761e-07
34.45000000,2.154295746e-08,7.55722602e-08,7.060772806e-09,1.617830536e-07,9.165210033e-08
34.50000000,7.665805434e-08,1.807135017e-07,8.850305155e-08,1.203168732e-07,2.054517705e-08
34.55000000,8.469751115e-08,1.336320274e-07,2.548806206e-08,1.250380696e-07,5.683483448e-08
34.60000000,9.363230106e-08,1.369368634e-07,3.657513253e-08,1.386699425e-07,5.325687199e-08
34.65000000,1.107035181e-07,2.115832195e-07,6.393153412e-08,3.463515297e-07,6.20689496e-08
34.70000000,4.750664321e-08,3.361574988e-07,4.083040785e-08,3.603777317e-07,3.207866326e-08
34.75000000,2.305031019e-08,2.366514866e-07,2.415296139e-08,1.889036617e-07,1.353784184e-08
34.80000000,1.668702786e-08,4.013447058e-07,3.953952355e-08,4.198218894e-07,5.351364185e-08
34.85000000,2.147189687e-08,3.795478743e-07,7.364355019e-09,3.632730108e-07,5.512262273e-08
34.90000000,6.191449555e-08,1.632952584e-07,3.31591351e-08,1.703385265e-07,5.336012815e-08
34.95000000,3.48704868e-08,3.149168604e-07,3.455628848e-08,3.003266462e-07,2.898272745e-08
35.00000000,7.775072729e-08,3.040601877e-07,2.04157182e-08,2.394547635e-07,5.537126852e-08
35.05000000,5.475753087e-08,3.871264111e-08,6.776615803e-08,3.876041299e-08,7.8566875e-08
35.10000000,1.094139009e-07,3.57650063e-08,1.844735114e-08,6.280437645e-08,6.561754889e-08
35.15000000,1.092452158e-07,7.101902352e-08,1.408002313e-07,8.662213502e-08,1.078884832e-07
35.20000000,8.341642257e-08,1.064982601e-07,9.903934049e-08,1.169138872e-07,8.458711492e-08
35.25000000,5.345714005e-08,1.867255831e-07,1.44656865e-07,1.355233803e-07,8.281624328e-08
35.30000000,8.739578793e-08,8.915462823e-08,9.3564983e-08,1.165204769e-07,1.108008868e-08
35.35000000,8.737576713e-08,1.002123539e-07,1.082504476e-07,1.213964119e-07,6.013861679e-08
35.40000000,7.437249245e-08,1.657305442e-07,2.286655745e-07,2.030022461e-07,1.378442515e-07
35.45000000,4.75310371e-08,1.178995387e-07,2.286534094e-07,1.42785505e-07,8.617679654e-08
35.50000000,4.502112332e-08,2.500058439e-08,6.534540494e-08,2.822012959e-08,6.991626281e-08
35.55000000,2.331279655e-08,1.085744281e-07,1.857806804e-07,9.085612572e-08,3.879754102e-08
35.60000000,4.087219969e-08,1.819413063e-07,2.894758425e-07,1.545569273e-07,3.798264095e-08
35.65000000,8.44759956e-08,1.857987159e-07,2.164071688e-07,1.16555717e-07,1.861190309e-08
35.70000000,9.266590265e-08,2.068926601e-07,2.789656843e-07,1.916480701e-07,8.90667816e-08
35.75000000,8.906466308e-08,2.403832538e-07,4.99848044e-07,3.025670931e-07,7.603493815e-08
35.80000000,3.237649369e-08,1.53642323e-07,4.017203294e-07,2.293743945e-07,2.146870617e-08
35.85000000,5.880969256e-08,1.163814513e-07,3.134228568e-07,1.385720833e-07,1.507280094e-08
35.90000000,6.118049403e-08,3.338038309e-07,7.209969992e-07,3.516516929e-07,2.698452691e-08
35.95000000,2.109375182e-08,3.025268024e-07,5.937483607e-07,3.188150858e-07,4.148600205e-08
36.00000000,2.268081797e-08,1.277399014e-07,2.622251376e-07,1.57311866e-07,1.777736371e-08
36.05000000,3.98058097e-08,1.714015426e-07,4.053632626e-07,2.292876473e-07,2.708579566e-08
36.10000000,9.810034206e-08,1.664201211e-07,2.996655346e-07,2.647700037e-07,9.39668528e-08
36.15000000,3.918728282e-08,3.592779786e-08,8.603562372e-08,1.470198656e-07,1.163180306e-07
36.20000000,8.986548228e-08,1.400810618e-07,1.5952082e-07,1.753881544e-07,8.791118339e-08
36.25000000,6.182751113e-08,1.125247162e-07,1.768394984e-07,2.027540083e-07,8.311053818e-08
36.30000000,5.957386599e-08,1.256704178e-07,2.571831319e-07,1.676341303e-07,3.812391037e-08
36.35000000,4.129355765e-08,4.162831843e-08,1.312804263e-07,6.944420537e-08,8.617263083e-08
36.40000000,6.16224788e-08,8.883537683e-08,1.235722365e-08,8.429400394e-08,7.398102007e-08
36.45000000,1.17746982e-07,1.370344756e-07,3.299603013e-08,2.762721493e-08,6.200069072e-08
36.50000000,3.35813594e-08,1.223636951e-07,2.375904271e-08,1.113902238e-08,7.272379527e-08
36.55000000,1.052182338e-07,1.728964555e-07,9.943442559e-08,1.021896831e-07,9.019089017e-08
36.60000000,2.446842163e-08,6.473507194e-08,5.684395819e-08,8.830956976e-08,5.888645645e-08
36.65000000,6.073144883e-08,1.061890063e-07,2.89795771e-08,8.040682564e-08,4.928346807e-08
36.70000000,3.911286152e-08,1.407500667e-07,2.85323448e-09,6.331570709e-08,4.398520223e-08
36.75000000,4.88454089e-08,1.209607016e-07,5.05396498e-08,9.981197042e-08,2.826774119e-08
36.80000000,8.340563849e-08,1.009228043e-07,2.226017233e-08,1.469411353e-07,6.658482704e-08
36.85000000,2.742033002e-08,1.754701445e-07,2.121725884e-08,2.052141276e-07,3.156302695e-08
36.90000000,3.607515606e-08,2.082743068e-07,2.63447242e-08,1.752112351e-07,1.977691275e-08
36.95000000,4.346102822e-08,1.502451795e-07,1.56436065e-08,1.694299955e-07,4.144387726e-08
37.00000000,4.861303435e-08,2.832000549e-07,2.905472495e-08,2.784262157e-07,4.606922146e-08
37.05000000,1.629864236e-08,2.403444496e-07,7.143444106e-08,1.983926567e-07,3.610313155e-08
37.10000000,1.666523907e-08,1.243549929e-07,3.528312104e-08,1.6344608e-07,3.730970327e-08
37.15000000,2.357580876e-08,1.570428485e-07,6.862305276e-08,2.027906083e-07,2.727475789e-08
37.20000000,7.773602307e-08,4.977042513e-08,3.37940347e-08,1.031068834e-07,1.693189976e-08
37.25000000,5.312276152e-08,2.754236401e-08,1.28476787e-08,5.768443468e-08,3.924889218e-08
37.30000000,6.265235627e-08,5.467088788e-08,3.544834243e-08,8.700541429e-08,5.861800878e-08
37.35000000,5.605954135e-08,3.81327778e-08,5.351347799e-08,7.466775615e-08,7.147873201e-08
37.40000000,3.616843036e-08,9.003386096e-08,5.257866913e-08,1.11593906e-07,2.25986014e-08
37.45000000,1.797624271e-08,7.457727768e-08,9.202786038e-08,3.938871082e-08,1.977432367e-08
37.50000000,2.695487839e-08,2.75325202e-08,4.937696334e-08,6.697271729e-08,6.002084794e-08
37.55000000,5.849524215e-08,6.101021306e-08,7.967803058e-08,5.864506185e-08,3.474310771e-08
37.60000000,6.144030035e-08,8.653120698e-08,1.480712504e-07,6.005547821e-08,7.982457461e-08
37.65000000,3.263038409e-08,6.947624979e-08,9.760831956e-08,5.641197389e-08,6.88496752e-08
37.70000000,1.624147992e-08,3.884678033e-08,2.44411457e-08,5.082610646e-08,9.698504494e-09
37.75000000,3.727816783e-08,4.328276324e-08,1.316043461e-07,1.071492618e-07,3.266019339e-08
37.80000000,4.499951545e-08,1.478803198e-07,1.708838601e-07,8.093859883e-08,3.042768304e-08
37.85000000,1.7771714e-08,1.071792008e-07,1.727238475e-07,7.205362581e-08,8.051089245e-09
37.90000000,4.265233556e-08,7.058826801e-08,2.280024814e-07,1.435013166e-07,2.663571515e-08
37.95000000,5.997565126e-08,1.205788723e-07,2.968118846e-07,1.750113728e-07,5.636308322e-08
38.00000000,2.421135023e-08,1.13137082e-07,2.103940288e-07,1.370159918e-07,5.599778448e-08
38.05000000,1.956434496e-08,1.382931164e-07,2.450523878e-07,1.557543253e-07,4.846404558e-08
38.10000000,4.495948315e-08,2.574326738e-07,4.492941358e-07,2.563613532e-07,2.74307121e-08
38.15000000,3.481567001e-08,1.5429301e-07,2.509471137e-07,1.161275586e-07,1.647467744e-08
38.20000000,1.923204871e-08,1.020128065e-07,1.545948663e-07,3.65713541e-08,3.681018909e-08
38.25000000,1.459152857e-08,1.235567111e-07,2.352344357e-07,1.189808362e-07,2.585471979e-08
38.30000000,6.597948388e-08,9.077913679e-08,1.030969544e-07,1.211230954e-07,6.040195048e-08
38.35000000,5.957102971e-08,7.615838775e-08,4.376372722e-08,5.033253066e-08,3.023185149e-08
38.40000000,5.016748801e-08,6.751053125e-08,3.84111813e-08,6.318940136e-08,5.968711609e-08
38.45000000,1.5917991e-08,7.006761097e-08,1.20162422e-07,9.820748225e-08,4.810328301e-08
38.50000000,7.454155862e-08,1.760317784e-08,1.24325967e-07,5.315157668e-08,2.710783083e-08
38.55000000,3.870794896e-08,2.095827796e-08,2.955258287e-08,1.907337737e-08,9.197670216e-09
38.60000000,2.978282775e-08,5.127295636e-09,3.241647134e-08,1.541035226e-08,5.267240139e-08
38.65000000,3.438208724e-08,5.357469539e-08,1.651290003e-08,5.003496484e-08,4.598094922e-08
38.70000000,4.401114375e-08,6.231627853e-08,4.921063024e-08,6.315799207e-08,4.688994834e-08
38.75000000,6.223018606e-08,4.064733255e-08,6.021567722e-08,5.583223767e-08,3.125723052e-08
38.80000000,3.583115281e-08,2.816702476e-08,3.815986407e-08,2.904950858e-08,3.10619838e-08
38.85000000,2.872373198e-08,5.582030319e-08,2.465827179e-08,7.63210427e-09,3.835337002e-08
38.90000000,2.127702342e-08,1.104412844e-07,5.134199466e-08,3.803417379e-08,3.815173053e-08
38.95000000,1.32539297e-08,5.240947999e-08,4.149551964e-08,5.216795094e-08,3.260543612e-08
39.00000000,3.525156588e-08,8.449607383e-08,2.431107346e-08,1.013708456e-07,3.87049842e-08
39.05000000,1.258021377e-08,1.200660654e-07,3.225173479e-08,1.300962657e-07,1.453731193e-08
39.10000000,7.062994734e-09,9.568339496e-08,2.346892513e-08,1.067786145e-07,2.655645291e-08
39.15000000,7.422255545e-09,7.786131471e-08,1.341766185e-08,8.389641852e-08,1.510922883e-08
39.20000000,3.25185872e-08,1.224875927e-07,1.189484533e-09,1.189834736e-07,3.056288188e-08
39.25000000,8.024730513e-09,7.27679263e-08,3.311690596e-08,7.63084927e-08,3.869547015e-08
39.30000000,1.640735881e-08,8.220570887e-08,6.501448797e-08,6.927181463e-08,3.183572727e-08
39.35000000,5.343057365e-09,8.510843053e-08,2.611889206e-08,5.874643418e-08,2.246256177e-08
39.40000000,2.992960168e-08,5.098655478e-08,3.211557394e-08,7.813284989e-08,5.113962716e-08
39.45000000,3.857206937e-08,3.351950026e-08,4.503735996e-08,6.500796819e-08,5.399222307e-08
39.50000000,3.085651176e-08,4.445985403e-08,2.929043595e-08,7.159628744e-08,2.33612333e-08
39.55000000,8.156303313e-09,7.818913491e-08,4.90019156e-08,1.144969257e-07,4.332145693e-08
39.60000000,3.270247031e-08,8.187377645e-08,6.797376017e-08,2.988231873e-08,1.360814908e-08
39.65000000,3.938843263e-08,2.903939936e-08,1.087077076e-08,1.959170229e-08,3.27886156e-08
39.70000000,1.588251794e-08,2.008155242e-08,3.134274174e-08,5.343434319e-08,3.837657067e-08
39.75000000,4.47394172e-08,9.539647802e-08,8.280057375e-08,3.668988335e-08,2.818745143e-08
39.80000000,6.042166727e-08,9.941318316e-08,7.769124241e-08,6.568354033e-09,2.292502537e-08
39.85000000,3.780095671e-08,7.301368358e-08,4.928747307e-08,1.973784344e-08,2.600842055e-08
39.90000000,4.652220551e-08,4.837706762e-08,7.459719587e-08,7.314505578e-08,3.273348593e-08
39.95000000,2.855663928e-08,9.279680778e-08,1.467664698e-07,1.041880784e-07,4.309561255e-08
40.00000000,7.133069203e-08,1.249984707e-07,1.316729778e-07,8.383172813e-08,6.227243352e-08
40.05000000,3.516393257e-08,9.177097248e-08,1.046345471e-07,6.116033079e-08,2.662243821e-08
40.10000000,2.720330909e-08,6.982359239e-08,1.606939451e-07,8.598129784e-08,2.94923887e-08
40.15000000,1.677453814e-08,8.890279019e-08,1.379419606e-07,3.025408532e-08,3.430325464e-08
40.20000000,3.185187692e-08,9.53733018e-08,1.242099302e-07,6.232000761e-08,1.835106969e-08
40.25000000,2.626376711e-08,1.1266366e-07,1.919269102e-07,1.133301706e-07,1.914295883e-08
40.30000000,7.689401387e-09,1.247235958e-07,2.46508986e-07,1.372183524e-07,1.908858573e-08
40.35000000,2.182922364e-09,6.81450788e-08,1.428026869e-07,8.747409693e-08,1.784109602e-08
40.40000000,2.81976156e-08,9.026786858e-08,1.410716342e-07,7.79681405e-08,2.541649106e-09
40.45000000,2.335604944e-08,8.487557664e-08,1.398686215e-07,6.787910036e-08,1.551846913e-08
40.50000000,5.686768398e-08,3.589765109e-08,4.328283519e-08,2.258990627e-08,2.718320474e-08
40.55000000,5.600751908e-08,7.096927405e-08,8.699812408e-09,3.607743604e-09,2.670759022e-08
40.60000000,3.016014901e-08,2.056173524e-08,2.551661831e-08,1.643335025e-08,1.475124099e-08
40.65000000,4.575581757e-08,4.902346903e-08,4.791014429e-08,4.701341347e-08,1.922803815e-08
40.70000000,1.952041914e-08,5.258157105e-08,2.835976756e-08,3.483459162e-08,1.142466909e-08
40.75000000,1.946319527e-08,3.190297086e-08,2.018206147e-08,2.664838549e-08,2.357680881e-08
40.80000000,2.746587179e-08,4.499034498e-08,2.304318966e-08,6.733934092e-08,3.818853978e-08
40.85000000,1.317842318e-08,5.486397306e-08,3.149164034e-08,5.242563698e-08,4.809993617e-08
40.90000000,2.677063135e-08,3.517719934e-08,4.239608652e-08,3.013231629e-08,2.68918837e-08
40.95000000,1.106907363e-08,2.636159298e-08,5.373468986e-08,2.217587356e-08,6.55185967e-09
41.00000000,3.365168028e-08,4.798218711e-08,2.012258297e-08,1.412724203e-08,1.827050267e-08
41.05000000,1.941348729e-08,3.294157329e-08,2.364683506e-08,4.524076966e-08,3.48183253e-08
41.10000000,1.606485952e-08,6.514052662e-08,2.305934996e-08,6.524458646e-08,2.967968781e-08
41.15000000,9.785888308e-09,2.334636935e-08,4.519458949e-09,3.228226894e-08,4.621023711e-09
41.20000000,3.228282388e-08,1.20284974e-08,2.042611563e-08,5.940683123e-08,3.813228793e-08
41.25000000,3.037911181e-08,5.727164474e-08,4.167569627e-08,3.990295101e-08,4.218290854e-08
41.30000000,1.565417129e-08,4.931394506e-08,3.735979099e-08,2.557619513e-08,2.251072469e-08
41.35000000,1.314741875e-08,5.922349822e-08,3.522614686e-08,7.71004582e-08,3.87057924e-09
41.40000000,2.939290323e-08,1.173284018e-07,2.575829931e-08,1.11819761e-07,1.107323381e-08
41.45000000,1.742858931e-08,4.729017003e-08,1.774000323e-08,7.309879916e-08,2.088222454e-08
41.50000000,2.779240623e-08,5.778632257e-09,4.030069004e-08,4.768122028e-08,1.618844708e-08
41.55000000,4.56319074e-08,5.005130674e-08,1.833633756e-08,3.10167351e-08,1.735493393e-08
41.60000000,2.962217754e-08,2.164412e-08,1.194344454e-08,1.66466827e-08,3.728834818e-09
41.65000000,2.120802506e-08,5.39252049e-08,3.7042946e-08,6.983857827e-08,3.496863768e-08
41.70000000,2.626802067e-08,6.105727436e-08,3.132281484e-09,6.114163695e-08,3.707541329e-08
41.75000000,3.436593983e-08,5.443389443e-08,2.346263818e-08,4.55929543e-08,1.791822675e-08
41.80000000,4.462392273e-08,7.536120574e-08,5.687240447e-08,4.863593887e-08,2.707310901e-08
41.85000000,2.838184662e-08,3.703682842e-08,2.877437864e-08,3.619348951e-08,2.000682638e-08
41.90000000,2.277097444e-08,3.065113808e-08,2.309335635e-08,1.016033875e-08,2.144655442e-08
41.95000000,1.838321508e-08,1.628549491e-08,3.212219315e-08,2.227024171e-08,3.008020303e-08
42.00000000,3.853586138e-08,5.556805686e-08,2.478437963e-08,2.013392519e-08,7.920306996e-09
42.05000000,2.55366546e-08,4.400844757e-08,2.244760182e-08,1.782327268e-08,1.930979855e-08
42.10000000,1.302336185e-08,1.437667162e-08,5.929836437e-08,6.703874122e-08,4.38905992e-08
42.15000000,1.642003011e-08,4.195468272e-08,9.867797351e-08,4.986791242e-08,1.234369306e-08
42.20000000,3.699500234e-08,5.649536534e-08,1.301304296e-07,6.561206938e-08,2.786908155e-08
42.25000000,3.473946996e-08,3.748852152e-08,8.174896794e-08,2.681724963e-08,1.561378221e-08
42.30000000,2.130070031e-08,4.630025215e-08,8.204712204e-08,3.470499016e-08,1.429573021e-08
42.35000000,1.054048315e-08,5.352531625e-08,9.080630681e-08,3.407293074e-08,2.128234981e-08
42.40000000,9.931146811e-09,3.992480684e-08,6.968384767e-08,2.940742483e-08,1.658703166e-08
42.45000000,1.810998203e-08,7.616266446e-08,1.196131675e-07,6.058707211e-08,1.094998847e-08
42.50000000,1.768737955e-08,6.376347749e-08,1.206399475e-07,5.602092342e-08,1.960936192e-08
42.55000000,1.500653637e-08,2.947292252e-08,6.997654275e-08,3.597937484e-08,2.968625406e-08
42.60000000,7.83276585e-09,4.083400554e-08,8.386879195e-08,6.1410384e-08,3.801183226e-08
42.65000000,2.178612823e-08,3.162339551e-08,7.752055382e-08,4.71132156e-08,2.992374908e-08
42.70000000,1.968438976e-08,3.56321432e-08,4.435378032e-08,2.388018055e-08,2.207517433e-08
42.75000000,2.82010122e-08,4.251480424e-08,3.448265412e-09,3.577570023e-08,2.39664649e-08
42.80000000,1.778467495e-08,2.835198617e-08,4.613145879e-08,3.602493672e-08,3.452527286e-08
42.85000000,3.467421111e-08,3.386106105e-08,5.266304856e-08,2.755674689e-08,1.115756401e-08
42.90000000,9.081920729e-09,2.538701576e-08,2.711339727e-08,3.595330104e-08,2.467444442e-08
42.95000000,5.098224014e-09,1.706561481e-08,1.876917637e-08,5.832981503e-08,4.648750479e-08
43.00000000,3.238523593e-08,9.132954998e-09,1.399006729e-08,4.665337507e-08,2.51573239e-08
43.05000000,2.006425307e-08,2.363831936e-08,3.412562444e-08,1.616275453e-08,3.047444961e-08
43.10000000,3.552183717e-09,4.416161402e-08,4.922835909e-08,2.289065373e-08,3.574999419e-08
43.15000000,1.675301847e-08,4.260463068e-08,3.991707649e-08,1.334911398e-08,2.54827271e-08
43.20000000,1.914378996e-08,3.071272049e-08,2.336486682e-08,1.579606645e-08,6.842162025e-09
43.25000000,2.909384408e-08,6.144449189e-08,1.630488997e-08,1.985380756e-08,1.469102404e-08
43.30000000,2.361184361e-08,4.812426305e-08,2.349864514e-08,1.14376286e-08,2.456600108e-08
43.35000000,7.084804327e-09,2.280329384e-08,2.50525475e-08,2.167201933e-08,2.152445346e-08
43.40000000,1.982750831e-08,2.201138696e-08,1.883554146e-08,5.021064188e-08,1.993791795e-08
43.45000000,1.168454502e-08,5.465513911e-08,4.166926301e-08,5.513872986e-08,1.686187895e-08
43.50000000,1.104396553e-08,3.99968449e-08,3.973375793e-08,4.995911374e-08,6.901725878e-09
43.55000000,1.222940574e-08,6.007519033e-08,1.712685583e-08,4.906490461e-08,3.447152496e-09
43.60000000,1.816223225e-08,5.76460791e-08,1.600933617e-08,4.871580659e-08,7.656014392e-09
43.65000000,5.988419346e-09,4.105163418e-09,2.494986545e-08,3.799771336e-08,1.20071889e-08
43.70000000,1.678621296e-08,8.954898214e-09,2.112251221e-08,3.740010826e-08,2.065106203e-08
43.75000000,5.87118452e-09,2.468752579e-08,1.297024711e-08,4.279057374e-08,2.818376579e-08
43.80000000,6.605238419e-09,9.593960399e-09,1.579685518e-08,1.132920775e-08,6.69299529e-09
43.85000000,2.275160092e-08,2.9863101e-08,2.073435406e-08,2.454804925e-08,2.188087095e-08
43.90000000,2.82411285e-08,2.479333414e-08,6.70123663e-09,9.844161126e-09,3.970236283e-09
43.95000000,1.803378206e-08,2.637481981e-08,3.356632457e-08,1.761440246e-08,6.907537332e-09
44.00000000,1.68625159e-08,2.246785951e-08,2.576003653e-08,8.73602616e-09,3.606715016e-09
44.05000000,2.827210242e-08,3.644072692e-08,9.807705251e-09,4.861842248e-09,4.760103441e-09
44.10000000,1.217651398e-08,1.810851762e-08,2.430437299e-08,3.402118063e-08,2.086036699e-08
44.15000000,8.172453373e-09,3.24780646e-08,4.411714573e-08,5.238130672e-08,3.735072465e-08
44.20000000,7.914086006e-09,1.569263632e-08,1.668737329e-08,5.562051465e-08,4.946339499e-08
44.25000000,2.226018093e-08,2.196623085e-08,2.119918504e-08,4.743467469e-08,4.050682779e-08
44.30000000,1.564838597e-08,2.834151591e-08,3.877766002e-08,2.481184496e-08,1.988449768e-09
44.35000000,1.865411009e-08,1.496545287e-08,5.107557585e-08,1.983493482e-08,5.274287926e-09
44.40000000,8.548573714e-09,1.984953408e-08,4.831739178e-08,3.32163398e-08,2.02777432e-08
44.45000000,1.84631402e-08,3.36618317e-08,2.642733052e-08,2.398821656e-08,1.584256796e-08
44.50000000,4.728412685e-09,2.911697653e-08,4.136516319e-08,2.422153285e-08,9.779175796e-09
44.55000000,6.456000006e-09,3.008858336e-08,4.758355816e-08,3.134324111e-08,1.482796332e-08
44.60000000,6.135564377e-09,4.525104034e-09,2.699666781e-08,3.485277274e-08,1.099708502e-08
44.65000000,1.023965827e-08,3.245524301e-08,5.743664575e-08,3.688352017e-08,1.198124425e-08
44.70000000,2.32791802e-08,2.97800246e-08,5.548063792e-08,3.076381213e-08,2.002705772e-08
44.75000000,3.205044361e-08,8.213341226e-09,3.979272293e-08,1.811054818e-08,1.243575998e-08
44.80000000,3.789965947e-08,2.884427205e-08,4.64420246e-08,5.466607531e-08,2.070779225e-08
44.85000000,3.042989123e-08,1.761288924e-08,3.485668065e-08,4.16266105e-08,2.536804516e-08
44.90000000,2.845525164e-08,1.162246619e-08,2.65669053e-08,2.285952833e-08,1.789384378e-08
44.95000000,2.960298314e-08,1.077846578e-08,3.110458651e-08,1.049110266e-08,1.021872409e-08
45.00000000,6.372693205e-09,4.105939395e-08,6.21097069e-08,4.149150046e-08,1.450109065e-08
45.05000000,1.782618569e-08,4.379574151e-08,5.116577523e-08,2.488022595e-08,1.234719733e-08
45.10000000,1.758168375e-08,2.290113101e-09,7.709232079e-09,1.222302842e-08,1.890437745e-08
45.15000000,3.410026222e-08,1.886648734e-08,9.569661913e-09,1.626794759e-08,3.797570961e-09
45.20000000,1.126192021e-08,1.262616863e-08,1.606138063e-08,1.115575947e-08,4.191288605e-09
45.25000000,9.148739235e-09,3.025672508e-08,4.545668623e-08,3.768522626e-08,4.119978889e-08
45.30000000,1.035912148e-08,4.365181877e-08,4.432098767e-08,2.059295618e-08,1.831285189e-08
45.35000000,1.035582305e-08,1.051382e-08,2.559859872e-08,4.353333531e-08,2.563976148e-08
45.40000000,6.235047064e-09,8.766875447e-09,3.12235049e-08,3.979045299e-08,1.494501205e-08
45.45000000,1.459375064e-08,1.304957233e-08,1.231227525e-08,2.413860114e-08,1.211463854e-08
45.50000000,2.791730191e-08,2.669963649e-08,9.221705266e-09,1.987082217e-08,2.793653977e-08
45.55000000,2.778264628e-08,1.612162104e-08,1.51950465e-08,3.4884645e-08,3.950877908e-08
45.60000000,4.09292184e-08,3.913273093e-08,1.184631516e-08,3.350716792e-08,2.601247579e-08
45.65000000,7.388115386e-09,4.627183345e-08,3.271855933e-08,4.710868063e-09,1.097282347e-08
45.70000000,1.466961602e-08,3.31460424e-08,2.6358298e-08,7.043677841e-09,1.541131389e-08
45.75000000,2.470341706e-08,6.269981866e-08,3.387195182e-09,2.251562572e-08,1.580504809e-08
45.80000000,3.196993025e-08,6.603072924e-08,1.195501989e-08,3.182277035e-08,5.879988067e-09
45.85000000,1.047902017e-08,2.846077361e-08,1.069388005e-08,1.273898864e-08,1.118980821e-08
45.90000000,2.997927035e-08,5.02929452e-08,1.107380752e-08,1.86749866e-09,1.719575096e-08
45.95000000,2.097592482e-08,2.445564404e-08,6.87090098e-09,2.712576729e-08,3.194382513e-08
46.00000000,4.814695213e-09,2.007925856e-08,1.62010763e-08,4.146759341e-08,3.877341363e-08
46.05000000,8.347217296e-09,6.415943994e-09,1.975048097e-08,1.909161054e-08,2.37406824e-08
46.10000000,1.372521959e-08,1.87671992e-08,1.24979887e-08,1.437653418e-08,1.214199294e-08
46.15000000,5.07987828e-09,5.942226608e-09,1.462430136e-08,1.365933261e-08,5.612883843e-09
46.20000000,5.716881432e-09,1.309992818e-08,2.448523393e-08,2.579464282e-08,1.4060283e-08
46.25000000,2.817160442e-08,2.829576988e-08,1.96424414e-08,3.105881625e-08,1.546965002e-08
46.30000000,3.053797423e-08,3.814260384e-08,2.261646889e-08,4.47755778e-08,2.956359423e-08
46.35000000,1.040145498e-08,3.32687962e-08,3.632620539e-08,4.847470695e-08,3.5703745e-08
46.40000000,7.518916164e-09,1.452353353e-08,2.243070121e-08,2.468416408e-08,1.441688958e-08
46.45000000,1.571588099e-09,7.46126042e-09,1.508244967e-08,3.561241359e-08,2.251745575e-08
46.50000000,1.229871654e-08,1.848991121e-08,1.587514567e-08,4.408277535e-08,3.706968224e-08
46.55000000,1.832416345e-08,2.175001474e-08,2.194888859e-08,1.306387093e-08,8.61023277e-09
46.60000000,2.483744081e-08,2.479495862e-08,1.537862971e-08,2.63484429e-08,2.734951857e-08
46.65000000,2.434619965e-08,2.848010211e-08,1.172265387e-08,3.923523287e-08,3.902699535e-08
46.70000000,3.474817801e-09,1.903620401e-08,2.376046861e-08,1.468954972e-08,2.356677436e-08
46.75000000,1.04193952e-08,2.802943647e-08,4.011983281e-08,1.668352853e-08,9.774006892e-09
46.80000000,6.695300633e-09,1.675036707e-08,3.339582223e-08,2.103485403e-08,1.948103668e-08
46.85000000,9.056101627e-09,2.191014291e-08,3.901346445e-08,1.20780985e-08,1.329222896e-08
46.90000000,1.336356664e-08,2.199743043e-08,3.250021969e-08,2.567935799e-08,8.627053023e-09
46.95000000,1.131365931e-08,1.673674038e-08,4.192932087e-08,2.66689396e-08,2.098194538e-08
47.00000000,3.707067523e-09,1.708365096e-08,4.252648918e-08,2.848379778e-08,1.242048564e-08
47.05000000,1.501149475e-08,2.088063031e-08,2.580590554e-08,2.215654077e-08,7.57218501e-09
47.10000000,1.733658616e-08,2.579895141e-08,2.187734509e-08,1.738081371e-08,7.828034741e-09
47.15000000,2.274124288e-08,4.18643955e-08,7.524395168e-09,1.620891133e-08,4.545389476e-09
47.20000000,2.33542416e-08,3.270050527e-08,2.149548348e-08,1.532987831e-08,9.512438782e-09
47.25000000,1.655721899e-08,1.324877393e-08,1.366791337e-08,1.115034893e-08,1.231522409e-08
47.30000000,1.55844943e-08,1.692796674e-08,3.941069711e-09,6.004917453e-09,5.342246882e-09
47.35000000,2.19625389e-08,2.609657343e-08,1.408706154e-08,4.601236972e-09,8.872923067e-09
47.40000000,1.583805843e-08,2.528723144e-08,1.519959348e-08,1.490301669e-08,1.490569833e-08
47.45000000,2.898018093e-08,2.852315667e-08,1.148428281e-08,2.963677266e-08,1.029629728e-08
47.50000000,2.276523458e-08,2.619741441e-08,2.448289811e-08,1.939624832e-08,1.134921154e-08
47.55000000,1.193841372e-08,2.218863126e-08,2.31679135e-08,4.134337122e-09,8.850148172e-09
47.60000000,8.722947779e-09,2.54324509e-08,1.537399781e-08,1.41720078e-08,1.244834636e-08
47.65000000,5.54730303e-09,1.134900794e-08,1.778392998e-08,3.969049411e-08,2.298175279e-08
47.70000000,1.091496112e-08,2.135716659e-08,2.704188505e-08,4.607092325e-08,2.484957938e-08
47.75000000,6.702954217e-09,1.887098865e-08,3.585626011e-09,1.761495481e-08,3.437482714e-09
47.80000000,1.389114302e-08,2.878757186e-08,1.18343001e-08,3.550383671e-09,2.16995587e-08
47.85000000,1.915583038e-08,1.72257534e-08,1.404604053e-08,7.709585615e-09,2.209178518e-08
47.90000000,1.481757366e-08,1.412494979e-09,9.200837604e-09,3.059230662e-08,1.37275873e-08
47.95000000,8.802232575e-09,8.003847522e-09,2.120059957e-08,4.711804346e-08,1.100845252e-08
48.00000000,1.646582336e-08,1.649196558e-08,1.401079859e-08,2.545488891e-08,9.246033844e-09
48.05000000,8.740555069e-09,9.207949494e-09,3.932312966e-09,1.841249228e-08,1.587766975e-08
48.10000000,8.603281671e-09,2.84015031e-09,1.222537596e-08,1.362568033e-08,4.426971064e-09
48.15000000,2.022145909e-08,2.357387085e-08,1.81070515e-08,8.404165384e-09,2.225313211e-08
48.20000000,1.148103732e-08,2.059878014e-08,1.28639414e-08,1.343491908e-08,1.537885467e-08
48.25000000,1.253125879e-08,1.400240808e-08,1.120005033e-08,1.534958002e-08,7.960197104e-09
48.30000000,2.151964449e-08,3.030280152e-08,3.214382623e-08,1.242736522e-08,7.469971597e-09
48.35000000,1.084550758e-08,2.693748322e-08,2.155935351e-08,2.085933157e-08,1.271396712e-08
48.40000000,1.184869098e-08,1.793602035e-08,2.332304751e-09,2.598525513e-08,1.64486999e-08
48.45000000,1.685741908e-08,3.349264826e-08,1.146283513e-08,3.591535528e-08,2.078442681e-08
48.50000000,3.074363866e-08,1.787148105e-08,3.178513199e-08,3.148436087e-09,2.458121843e-09
48.55000000,1.352217823e-08,1.219614811e-08,2.946023575e-08,2.690348613e-08,2.155595101e-08
48.60000000,2.268478069e-08,2.025466126e-08,1.485985404e-08,1.335562535e-08,1.316350935e-08
48.65000000,2.754421202e-08,2.272684979e-08,1.586281668e-08,2.663994783e-08,1.240604484e-08
48.70000000,1.8776993e-08,1.769069702e-08,1.920691147e-08,2.005306167e-08,6.406957251e-09
48.75000000,1.159246323e-08,9.776724841e-09,1.272213522e-08,1.686342896e-08,8.596522528e-09
48.80000000,1.655915348e-08,1.265283899e-08,4.856724845e-09,1.552396859e-08,1.245888143e-08
48.85000000,1.46328233e-08,2.39475237e-08,1.294120366e-08,1.9819816e-08,9.666181901e-09
48.90000000,1.22302261e-08,9.879438301e-09,2.883966665e-08,7.234976967e-09,2.007387515e-08
48.95000000,9.955630069e-09,7.964935564e-09,1.943775755e-08,2.688251954e-08,3.415159054e-08
49.00000000,9.689359672e-09,1.240690513e-08,1.808583586e-08,1.710219162e-08,2.334480276e-08
49.05000000,8.417077977e-09,1.513625323e-08,2.72511618e-08,2.349580094e-08,7.215408991e-09
49.10000000,2.101415353e-08,3.559807506e-08,2.580221546e-08,1.958705675e-08,1.081164475e-08
49.15000000,2.470090351e-08,2.947447755e-08,2.144472775e-08,9.004797532e-09,5.869207758e-09
49.20000000,1.635176712e-08,1.735644952e-08,2.196722783e-08,3.62081922e-08,1.42821393e-08
49.25000000,1.047384153e-08,6.62621743e-09,1.650131208e-08,3.050754745e-08,6.370101731e-09
49.30000000,2.066231053e-08,1.731222451e-08,1.440850321e-08,1.364641119e-08,1.558901602e-08
49.35000000,1.431309857e-08,1.458096472e-08,1.412809071e-08,2.809739982e-08,1.815132322e-08
49.40000000,1.24587317e-08,1.716162037e-08,3.09885744e-09,1.356911471e-08,1.117524171e-08
49.45000000,2.543453437e-08,3.529804215e-08,2.070865795e-08,4.582427241e-09,1.206849208e-08
49.50000000,1.999520478e-08,3.06885365e-08,1.82873167e-08,1.652781067e-08,2.172949083e-08
49.55000000,1.481283887e-08,2.324060029e-08,3.599063462e-09,7.515336127e-09,1.955933413e-08
49.60000000,9.637828384e-09,1.476852068e-08,1.072414373e-08,1.4703354e-08,1.889671294e-08
49.65000000,1.132758989e-08,1.297873974e-08,2.240489882e-08,9.544476646e-09,2.284429425e-08
49.70000000,1.881974504e-08,8.347204843e-09,2.301902612e-08,2.139420286e-09,1.050304911e-08
49.75000000,1.773998584e-08,1.397569087e-08,1.447005462e-08,1.206482977e-08,9.410947222e-10
49.80000000,5.877033837e-09,1.393093292e-08,1.852667576e-08,2.740494988e-08,9.145657528e-09
49.85000000,1.28287993e-08,1.282066183e-08,2.371187342e-08,3.236269209e-08,6.596053816e-09
49.90000000,6.356590906e-09,3.085690193e-09,1.692461749e-08,2.719588897e-08,7.410672816e-09
49.95000000,5.189642452e-09,9.9196196e-09,2.234104694e-08,2.599712591e-08,1.144302504e-08
50.00000000,1.417528937e-08,1.938486617e-08,3.237532244e-08,2.290645934e-08,1.370714461e-08
50.05000000,2.327385437e-08,1.487565756e-08,1.422347597e-08,1.163380612e-08,8.7034388e-09
50.10000000,1.837896743e-08,3.540625894e-08,7.512520185e-09,2.606874153e-08,1.502840283e-08
50.15000000,1.843497795e-09,1.945209843e-08,9.470768765e-09,4.322424349e-08,1.651389265e-08
50.20000000,1.019168066e-08,1.076622002e-08,1.81256644e-08,3.224067329e-08,1.280142252e-08
50.25000000,2.593237774e-08,1.895654096e-08,4.72063055e-09,1.217443732e-08,1.146878894e-08
50.30000000,1.841517086e-08,1.71692313e-08,1.255688991e-08,5.718279767e-09,9.869585445e-09
50.35000000,8.612945832e-09,1.773040926e-08,3.43643953e-09,1.209194504e-08,8.296494577e-09
50.40000000,2.357289686e-08,2.392679227e-08,1.479763914e-08,1.878866944e-08,7.763469724e-09
50.45000000,1.104573075e-08,1.125322202e-08,1.310547304e-08,1.327007971e-08,6.229954789e-09
50.50000000,6.615410621e-09,3.966237751e-09,1.117400835e-08,1.073631108e-08,5.224798419e-09
50.55000000,5.669221671e-09,5.646826453e-09,2.163632674e-08,2.952727063e-08,1.216217838e-08
50.60000000,9.211487663e-09,1.284534638e-08,2.631484529e-08,3.556435753e-08,1.453715708e-08
50.65000000,6.958626747e-09,3.308269084e-09,7.993170738e-09,1.4684816e-08,6.46424766e-09
50.70000000,8.41196603e-09,2.192554645e-08,1.554152856e-08,4.983647754e-09,7.936726064e-09
50.75000000,1.917183999e-08,2.51556128e-08,1.50947381e-08,1.718331341e-08,1.497674812e-08
50.80000000,1.734280185e-08,2.255233325e-08,2.048475828e-08,2.062640658e-08,1.383872228e-08
50.85000000,1.626135974e-08,3.291555838e-08,3.077737941e-08,1.435206801e-08,5.945130414e-09
50.90000000,8.639948309e-09,2.714254377e-08,2.567969239e-08,1.270751091e-08,6.270194065e-09
50.95000000,1.95174656e-09,2.292867012e-09,8.316887694e-09,1.194691044e-08,1.577052149e-08
51.00000000,3.411702161e-09,1.539442619e-08,2.062463095e-08,2.032155723e-08,1.858601668e-08
51.05000000,1.999631043e-09,5.090836293e-09,4.985394926e-09,1.576386677e-08,1.455170965e-08
51.10000000,1.643747588e-09,2.212705023e-08,1.556902077e-08,1.009568674e-08,1.202258288e-08
51.15000000,1.730507371e-08,3.477174493e-08,1.504673004e-08,1.038432154e-08,9.118973141e-09
51.20000000,2.687617313e-08,2.367325882e-08,8.577230383e-09,4.981756161e-09,4.545163017e-09
51.25000000,2.144920236e-08,1.50666931e-08,1.165095918e-08,1.285323428e-08,6.704941179e-09
51.30000000,1.932805006e-08,1.97180421e-08,7.935708438e-09,3.081850017e-08,2.30585042e-08
51.35000000,6.949085596e-09,5.853351034e-09,4.688256081e-09,2.256793993e-08,2.668042925e-08
51.40000000,9.650306281e-09,1.390874599e-08,1.387937149e-08,4.567467903e-09,1.429801242e-08
51.45000000,1.272354421e-08,1.874247282e-08,1.617154186e-08,7.546429399e-09,2.722998207e-09
51.50000000,2.096282059e-09,6.177321684e-09,1.407779679e-08,1.131040013e-08,5.195439507e-09
51.55000000,8.89933476e-09,1.995902596e-08,3.657752498e-09,6.737506904e-09,1.67717675e-08
51.60000000,1.254782484e-08,1.939777398e-08,8.934993333e-09,1.8770233e-08,2.057603194e-08
51.65000000,1.064618166e-08,2.347991577e-08,1.992624961e-08,4.830307589e-09,9.733925403e-09
51.70000000,2.937237359e-09,2.6730622e-08,2.512229423e-08,4.309466817e-09,8.602936849e-09
51.75000000,6.497598307e-09,2.316399893e-08,1.403123257e-08,1.04743422e-08,9.572575099e-09
51.80000000,1.736046096e-08,2.398671741e-08,1.319768104e-08,4.110738165e-09,8.014633127e-09
51.85000000,2.21420948e-08,1.478741818e-08,1.903162056e-08,4.688904402e-09,1.877699525e-08
51.90000000,1.796571569e-08,1.577313389e-08,9.101556064e-09,1.583862611e-08,2.022850682e-08
51.95000000,1.79706515e-08,1.928285479e-08,3.360045935e-09,1.60915982e-08,8.678541442e-09
52.00000000,1.343734599e-08,1.510572447e-08,5.5562587e-09,1.380801799e-08,1.00056069e-08
52.05000000,1.432380142e-08,1.719026722e-08,4.838886353e-09,2.38603617e-08,1.826009597e-08
52.10000000,1.639899234e-08,2.480446331e-08,1.993387121e-08,3.791092919e-08,2.5059457e-08
52.15000000,1.775758298e-09,1.303766771e-08,1.722679738e-08,3.751404534e-08,2.078803174e-08
52.20000000,1.185732758e-08,1.716106164e-08,8.654470498e-09,9.244586345e-09,5.894317606e-09
52.25000000,5.445678138e-09,2.219098593e-08,1.114523767e-08,1.070825594e-08,5.556408109e-09
52.30000000,1.116255501e-08,1.771044088e-08,1.286433813e-08,2.482907978e-08,5.503708559e-09
52.35000000,2.765875409e-08,2.946135408e-08,1.807687537e-08,2.682394512e-08,6.248913259e-09
52.40000000,1.986734514e-08,3.097206701e-08,2.697353695e-08,1.730883031e-08,3.197242891e-09
52.45000000,3.96159436e-09,1.643100102e-08,9.753696198e-09,3.97594223e-09,4.232436901e-09
52.50000000,1.019268905e-08,1.180354719e-08,1.361079581e-08,1.631217091e-08,3.829877917e-09
52.55000000,2.132014597e-09,9.594809298e-09,8.294894015e-09,1.010251382e-08,1.024557502e-08
52.60000000,8.295452386e-09,9.720035547e-09,5.087758118e-09,6.577535478e-09,7.871186182e-09
52.65000000,7.859342358e-09,4.29594419e-09,1.877765229e-08,1.206148297e-08,2.564154831e-09
52.70000000,8.159706094e-09,5.273096694e-09,1.986562496e-08,1.228053387e-08,3.852520607e-09
52.75000000,5.024565721e-09,1.164742498e-08,1.756485515e-08,9.427648768e-09,1.340090168e-08
52.80000000,9.720697247e-09,1.10794e-08,1.594049191e-08,1.161061594e-08,1.776957187e-08
52.85000000,1.666263073e-08,1.803647545e-09,1.696821594e-08,1.084976184e-08,1.418975917e-08
52.90000000,1.749722254e-08,1.042593234e-08,1.737559915e-08,1.642822e-08,1.187691931e-08
52.95000000,1.778272925e-08,1.492110449e-08,1.230371468e-08,2.908819211e-08,2.017802933e-08
53.00000000,6.989030595e-09,1.113762443e-08,1.795031399e-09,1.466889407e-08,1.186857019e-08
53.05000000,9.430459444e-09,3.811243345e-09,7.444081848e-09,2.831345303e-08,1.11583514e-08
53.10000000,3.283397633e-09,8.166840485e-09,1.867451463e-08,2.913639738e-08,8.708453358e-09
53.15000000,3.909050837e-09,1.748240796e-08,1.342762019e-08,1.135298072e-08,6.539719527e-09
53.20000000,7.83215272e-09,1.808783188e-08,7.051750393e-09,1.49176244e-08,7.43030332e-09
53.25000000,9.546408536e-09,9.526979376e-09,8.032404951e-09,1.826725154e-08,4.700875495e-09
53.30000000,9.209238019e-09,1.331897747e-08,5.786814996e-09,1.255886189e-08,7.965550385e-09
53.35000000,6.199600662e-09,7.583372639e-09,1.135178981e-08,4.824060515e-09,1.152568171e-08
53.40000000,1.177973557e-08,1.670256332e-08,4.482112605e-09,1.176659669e-08,1.545147646e-08
53.45000000,9.575969581e-09,7.126238302e-09,1.014762406e-08,2.362549725e-08,1.18100575e-08
53.50000000,5.36061913e-09,1.16137961e-08,6.710359377e-09,2.448077872e-08,1.125300505e-08
53.55000000,4.21844151e-09,8.942531045e-09,4.294289644e-09,1.179119986e-08,8.34570216e-09
53.60000000,8.538422627e-09,1.627109253e-08,1.140208971e-08,6.279126781e-09,2.211147472e-09
53.65000000,4.286372003e-09,2.979401872e-09,5.974987764e-09,1.370172852e-09,4.577212631e-09
53.70000000,2.993933803e-09,8.77273928e-09,1.482307805e-08,9.333422836e-09,6.193072311e-09
53.75000000,3.016806129e-09,3.960978865e-09,2.222807196e-08,9.745621564e-09,6.12910524e-09
53.80000000,9.966015745e-09,1.446648693e-08,1.388063808e-08,1.185944183e-08,3.412754728e-09
53.85000000,6.772569514e-09,8.499465256e-09,1.86818762e-09,1.55844197e-08,1.254945647e-08
53.90000000,1.018853884e-08,1.34407378e-08,1.403637739e-08,1.201097076e-08,9.085144991e-09
53.95000000,1.435530029e-08,1.906258625e-08,1.220356474e-08,1.541484287e-08,9.628928881e-09
54.00000000,7.442673767e-09,8.459828032e-09,6.49328826e-09,1.697896544e-08,1.642132668e-08
54.05000000,4.918275806e-09,6.741704467e-09,1.248535888e-08,1.950988398e-08,1.614647881e-08
54.10000000,3.652655528e-09,1.523520041e-08,1.785905804e-08,1.58767462e-08,9.788438191e-09
54.15000000,1.36688798e-08,3.296790311e-08,1.654888629e-08,1.055693596e-08,4.854249743e-09
54.20000000,2.264502188e-08,4.207929815e-08,5.602331035e-09,1.688873705e-08,6.906739413e-09
54.25000000,1.435313188e-08,2.069824343e-08,7.490745804e-09,1.042278562e-09,1.026548766e-08
54.30000000,1.022305113e-08,3.175223434e-08,1.939927579e-08,1.130911481e-08,9.787879316e-09
54.35000000,5.91698314e-09,1.28932057e-08,5.50516053e-09,1.018733466e-09,3.824461336e-09
54.40000000,5.399538005e-09,4.546369485e-09,5.174922947e-09,3.95354435e-09,6.220064429e-09
54.45000000,5.832722314e-09,1.108329859e-08,1.699461865e-08,4.762040269e-09,1.11504275e-08
54.50000000,3.667155289e-09,1.741116083e-08,1.195711319e-08,9.759463874e-09,4.233441817e-09
54.55000000,6.531586581e-09,1.350615523e-08,9.506882791e-09,4.331719271e-09,9.108395205e-09
54.60000000,2.147614046e-08,1.773695136e-08,1.891455421e-09,1.208542746e-08,9.986600457e-09
54.65000000,2.373832559e-08,2.294374339e-08,1.041173048e-08,2.665269664e-08,1.984511434e-08
54.70000000,3.74768593e-09,9.363619614e-09,1.638361543e-08,2.564654048e-08,1.970300719e-08
54.75000000,4.720003937e-09,4.119066748e-09,1.775543699e-08,1.483173271e-08,4.340531941e-09
54.80000000,7.181994208e-09,8.846171591e-09,6.210172016e-09,1.028861374e-08,1.73823158e-09
54.85000000,1.034239787e-08,2.042607777e-08,1.578585631e-08,2.122101884e-08,8.64544707e-09
54.90000000,1.152909509e-08,1.260227809e-08,2.214193619e-08,2.262354348e-08,2.221948584e-09
54.95000000,1.394915986e-08,3.71542809e-09,1.533464974e-08,3.985995767e-09,6.198420378e-09
55.00000000,1.809659851e-08,1.033741299e-08,1.723977926e-08,8.30252434e-09,3.050813249e-09
55.05000000,5.034131819e-09,2.622771733e-09,3.399316576e-09,8.923413895e-09,1.394693328e-08
55.10000000,1.063979511e-08,9.029396641e-09,2.552855482e-09,9.862400495e-09,8.441801421e-09
55.15000000,6.122702977e-09,1.788234546e-08,1.454187088e-08,9.020398663e-09,5.755100153e-09
55.20000000,3.815889661e-09,1.424953253e-08,1.329815296e-08,1.392516785e-08,8.166271968e-09
55.25000000,7.418477461e-09,1.402591125e-08,1.211883028e-08,9.436949121e-09,6.473458454e-09
55.30000000,8.524010322e-09,1.953160008e-08,1.561624029e-08,1.982601568e-08,6.949038863e-09
55.35000000,9.918338191e-09,7.755201401e-09,1.086699741e-08,2.459835856e-08,1.946502604e-08
55.40000000,1.365382043e-08,1.277097903e-08,7.777008922e-09,1.450662919e-08,2.057516967e-08
55.45000000,1.255743783e-08,1.022483688e-08,4.30123876e-09,2.723500973e-08,2.03465577e-08
55.50000000,6.075243777e-09,5.463871031e-09,1.471526181e-08,3.187652693e-08,1.614679192e-08
55.55000000,4.063526503e-09,9.703946917e-09,1.245777432e-08,2.695175569e-08,1.338939829e-08
55.60000000,5.58190987e-09,5.970131821e-09,1.097619511e-08,2.486059563e-08,1.260206977e-08
55.65000000,4.463348229e-09,3.79514107e-09,3.902390541e-09,3.672979885e-09,3.768320179e-09
55.70000000,1.441910983e-08,1.880508593e-08,8.974510423e-09,1.332362017e-08,8.906228701e-09
55.75000000,2.396461164e-08,1.964407256e-08,4.24730412e-09,1.051217694e-08,1.178746914e-08
55.80000000,1.216268618e-08,7.42203628e-10,1.600028646e-09,2.380188285e-09,1.213041565e-08
55.85000000,1.187414243e-08,1.280665263e-08,5.461422109e-09,1.495443434e-08,1.071766738e-08
55.90000000,9.411861044e-09,1.504493116e-08,1.423131877e-08,2.097967623e-08,1.302610162e-08
55.95000000,5.299207639e-09,1.857297145e-08,1.32308974e-08,1.594445477e-08,7.159328975e-09
56.00000000,6.489029547e-09,1.021633068e-08,8.403332124e-09,8.650871049e-09,3.508966238e-09
56.05000000,1.012189465e-08,1.568935721e-08,1.177468806e-08,4.986082185e-09,5.888539458e-09
56.10000000,1.411103482e-08,2.437157522e-08,1.05058537e-08,2.109629724e-08,3.957800034e-09
56.15000000,1.139220377e-08,2.558228349e-09,1.790487077e-08,1.821538652e-08,4.436325839e-09
56.20000000,6.418205475e-09,1.113025491e-08,1.550202913e-08,7.938273064e-09,1.137000299e-08
56.25000000,5.625016099e-09,1.982277787e-08,2.065174499e-08,4.265635401e-09,6.219331501e-09
56.30000000,5.384561167e-09,3.185860145e-08,2.783605792e-08,2.179360662e-09,4.487086622e-09
56.35000000,6.816090268e-09,2.429343815e-08,1.451931189e-08,6.063405882e-09,3.729939975e-09
56.40000000,5.869381097e-09,1.117148687e-08,8.544524254e-09,2.416266031e-09,4.629586247e-09
56.45000000,4.463642505e-09,3.228337564e-09,9.170128696e-09,9.125227244e-09,8.598571469e-09
56.50000000,3.756446486e-09,8.825773272e-09,8.158755181e-09,9.104417514e-09,1.226804286e-08
56.55000000,9.088825042e-09,1.235972859e-08,1.707818145e-08,4.819310273e-09,1.551350129e-08
56.60000000,1.179598377e-08,3.443255345e-09,2.493011864e-08,7.481438976e-09,8.309933575e-09
56.65000000,1.577907465e-08,7.112881398e-09,1.473155892e-08,1.142329304e-08,5.227499303e-09
56.70000000,8.101512085e-09,8.383294855e-09,9.688449904e-09,5.470958445e-09,6.328279269e-09
56.75000000,4.170408759e-09,2.473675363e-09,1.289174739e-08,2.013192673e-08,1.509898361e-08
56.80000000,8.882046666e-09,8.424928253e-09,1.386235956e-08,2.391686617e-08,1.723849402e-08
56.85000000,3.717234535e-09,8.051550797e-09,1.328123658e-08,1.975400327e-08,1.428482059e-08
56.90000000,2.946314309e-09,4.056854192e-09,6.955746403e-09,1.252717497e-08,1.11485132e-08
56.95000000,1.248756617e-08,1.184877233e-08,7.308717006e-09,1.037766873e-08,1.078972278e-08
57.00000000,2.022649651e-08,1.710637911e-08,4.846113617e-09,1.076903955e-08,7.492419337e-09
57.05000000,1.624058321e-08,1.36252628e-08,7.296477497e-09,1.484230361e-08,1.107722521e-08
57.10000000,1.311485629e-09,4.481172357e-09,1.114556394e-08,1.282329347e-08,8.159914507e-09
57.15000000,7.602530372e-09,2.916629441e-09,1.315065089e-08,1.450338235e-08,1.328880759e-08
57.20000000,1.088225259e-08,1.388868687e-08,7.779888465e-09,1.892292318e-08,1.334241315e-08
57.25000000,1.19064341e-08,1.815633369e-08,8.644517614e-09,1.137237942e-08,9.113124996e-09
57.30000000,1.438615473e-09,5.285194802e-09,5.313063748e-09,5.301113538e-09,1.243716628e-08
57.35000000,1.360018285e-08,9.368344769e-09,4.08441601e-09,1.233075178e-08,1.458199785e-08
57.40000000,1.411990024e-08,5.648083035e-09,1.894060859e-08,1.023584404e-08,3.020486504e-09
57.45000000,5.839938923e-09,9.303140761e-09,2.77877674e-08,2.585961647e-08,9.666571733e-09
57.50000000,6.080608917e-09,6.644322884e-09,1.461955154e-08,1.572259438e-08,9.730226172e-09
57.55000000,1.320783363e-08,1.120089374e-08,6.23543112e-09,9.596562294e-09,1.144921818e-08
57.60000000,1.314858866e-08,4.809012074e-09,9.38948447e-09,1.663079557e-08,8.659153021e-09
57.65000000,8.02081743e-09,7.632684775e-09,4.986115233e-09,1.302622816e-08,1.061073421e-08
57.70000000,5.659701568e-09,5.529559944e-09,4.85195549e-09,2.099874929e-08,1.348184828e-08
57.75000000,1.607714826e-08,9.229893452e-09,8.838088284e-09,1.761695283e-08,1.078407213e-08
57.80000000,1.559050532e-08,1.897578317e-08,4.986670927e-09,8.41756801e-09,4.720477773e-09
57.85000000,1.453714626e-08,1.393388473e-08,8.070023225e-09,1.267873616e-08,3.281254969e-09
57.90000000,1.319463991e-08,7.684999418e-09,4.505825488e-09,7.09869955e-09,6.458651607e-09
57.95000000,3.034887117e-09,7.377819078e-09,9.486475001e-09,9.813646061e-09,7.741730619e-09
58.00000000,3.650043171e-09,9.375882034e-09,6.196025505e-09,3.261749186e-09,1.080733424e-08
58.05000000,3.434180038e-09,1.944788735e-08,1.053554879e-08,1.551918231e-08,1.551213433e-08
58.10000000,3.682927199e-09,5.889921188e-09,6.445138831e-09,1.357643117e-08,1.489479746e-08
58.15000000,7.630288873e-09,1.218312164e-08,5.915325549e-09,1.40858475e-08,1.158762858e-08
58.20000000,1.390133341e-09,1.092914688e-08,2.724894803e-09,1.526112362e-08,8.824868646e-09
58.25000000,3.80119876e-09,6.50964248e-09,1.102069631e-08,1.244057135e-08,1.156373981e-08
58.30000000,3.386175884e-09,1.208696008e-08,1.455088147e-08,8.653011341e-09,7.92350555e-09
58.35000000,8.512783658e-09,1.321771913e-08,1.534781632e-08,2.070743168e-08,1.602112837e-08
58.40000000,7.538347126e-09,2.458088435e-08,2.080676689e-08,2.26851577e-08,2.025333099e-08
58.45000000,1.004889966e-08,1.298222641e-08,1.809414697e-09,9.886982756e-09,1.71401609e-08
58.50000000,5.505019083e-09,3.826028908e-09,1.087382276e-08,1.933407245e-09,1.184788593e-08
58.55000000,2.419754676e-09,9.651218708e-09,1.12969606e-08,4.413052432e-09,4.214684356e-09
58.60000000,5.455898125e-09,8.172213016e-09,1.429812517e-08,7.255300776e-09,6.621113649e-10
58.65000000,8.678799003e-09,1.258355242e-08,1.496643384e-08,1.481909542e-09,4.313435065e-09
58.70000000,1.535590993e-08,2.384351313e-08,1.258736536e-08,4.941715332e-09,7.937453193e-09
58.75000000,1.55449989e-08,1.682854353e-08,1.812511356e-09,6.88988161e-09,5.918446026e-09
58.80000000,1.12295557e-08,1.114899223e-08,8.93550259e-09,2.956187607e-09,6.664308654e-09
58.85000000,1.577517062e-08,2.016784191e-08,2.28468733e-08,1.17590656e-08,1.142734401e-08
58.90000000,1.298213331e-08,2.163927278e-08,1.722718393e-08,8.224819833e-09,1.935221597e-08
58.95000000,1.028964966e-08,1.601681724e-08,5.374262275e-09,1.462081572e-08,1.363064022e-08
59.00000000,7.167748874e-09,7.483668726e-09,6.109651258e-09,9.022621976e-09,5.81111237e-09
59.05000000,7.092932127e-09,7.312104893e-09,1.291612493e-08,1.690979056e-08,3.750056692e-09
59.10000000,3.632589445e-09,1.049986006e-08,1.466604135e-08,9.346795779e-09,2.707803169e-09
59.15000000,8.337940339e-09,1.334740031e-08,1.120952454e-08,9.459822879e-09,7.191290178e-09
59.20000000,1.40079889e-08,1.994571559e-08,1.039122104e-08,1.117488143e-08,9.011878649e-09
59.25000000,1.125940099e-08,9.335194989e-09,1.293875766e-08,1.633344186e-08,5.511190442e-09
59.30000000,1.559323104e-08,1.271071865e-08,2.139884415e-09,7.555172398e-09,5.670896587e-09
59.35000000,9.72765225e-09,1.001066721e-08,1.884195018e-08,1.139872692e-08,1.900667534e-09
59.40000000,1.521412323e-08,1.981309296e-08,1.003111237e-08,1.628845629e-08,9.047859906e-09
59.45000000,1.98004659e-08,1.82312473e-08,1.329177727e-08,1.290755156e-08,1.065743257e-08
59.50000000,1.668201512e-08,3.747594987e-09,2.166216303e-08,1.512858678e-08,7.928681218e-09
59.55000000,1.294000238e-08,3.753441019e-09,1.672976075e-08,1.216903588e-08,5.767805139e-09
59.60000000,1.352030744e-08,1.164680382e-08,9.005658187e-09,5.606720521e-09,8.636536809e-09
59.65000000,1.636022316e-08,5.60308444e-09,1.827114255e-08,2.054987902e-08,1.780820595e-08
59.70000000,1.174259923e-08,2.386156256e-09,1.277051061e-08,1.715797899e-08,1.538380755e-08
59.75000000,1.464319845e-08,8.276384227e-09,3.44901839e-09,2.940423839e-09,7.848153402e-09
59.80000000,1.422535833e-08,1.030855023e-08,8.084391647e-09,1.227172638e-08,1.975163097e-08
59.85000000,1.006538021e-08,1.317481374e-08,6.255664983e-09,1.313476265e-08,1.875861623e-08
59.90000000,1.424644624e-08,1.846467006e-08,5.975427676e-09,1.373509723e-08,9.115949096e-09
59.95000000,1.389134077e-08,1.011296618e-08,8.550038705e-09,9.952290725e-09,9.505626175e-09
60.00000000,6.039340409e-09,3.44338744e-09,1.590692246e-08,2.406792211e-08,1.812443584e-08
