t_s,theta1,theta2,theta3,theta4,theta5,omega1,omega2,omega3,omega4,omega5
0.00000000,-0.921602251,-0.3306706666,-0.1016550666,0.1188927537,0.3493012693,0,0,0,0,0
0.00833333,-0.9195978596,-0.3306706666,-0.1016550666,0.1188927537,0.3493012693,0.4809068414,0,6.760118512e-17,-5.408094809e-17,5.408094809e-17
0.01666667,-0.9135917517,-0.3306706666,-0.1016550666,0.1188927537,0.3493012693,0.9601517913,0,1.352023702e-16,-1.081618962e-16,1.081618962e-16
0.02500000,-0.9036043115,-0.3306706666,-0.1016550666,0.1188927537,0.3493012693,1.43616218,0,2.028035553e-16,-1.622428443e-16,1.622428443e-16
0.03333333,-0.8896698887,-0.3306699464,-0.1016550664,0.1188927537,0.3493012693,1.906927473,0.0003981447911,1.835518359e-07,5.82526712e-09,7.335014012e-13
0.04166667,-0.8718459347,-0.3306584253,-0.1016550456,0.1188927544,0.3493012693,2.369200054,0.002761034908,7.714318446e-06,2.529242652e-07,2.484766045e-10
0.05000000,-0.850213494,-0.3306164873,-0.1016548343,0.1188927615,0.3493012693,2.820570751,0.007805722022,5.363447185e-05,1.857561257e-06,4.548371226e-09
0.05833333,-0.8248736234,-0.3305191061,-0.1016536336,0.1188927964,0.3493012694,3.258395014,0.01617510684,0.0004187584668,7.582267544e-06,3.348738223e-08
0.06666667,-0.795959174,-0.3303358763,-0.1016398165,0.1188929273,0.3493012701,3.677616354,0.0285108504,0.00350243001,2.885126202e-05,1.384088079e-07
0.07500000,-0.7636419303,-0.3300313352,-0.1015839401,0.1188934465,0.3493012723,4.074553521,0.04537665469,0.01065986183,0.0001129093683,4.730979143e-07
0.08333333,-0.7281201555,-0.3295658107,-0.1014484766,0.1188952604,0.3493012807,4.446223878,0.06719735285,0.02274023611,0.0003615878654,1.840201056e-06
0.09166667,-0.6896166202,-0.3288965727,-0.1011892002,0.118900382,0.3493013131,4.78923067,0.09471374078,0.04047905933,0.0009398275598,6.952605887e-06
0.10000000,-0.6484139758,-0.3279468596,-0.1007567012,0.1189124806,0.3493014248,5.091535269,0.1364293742,0.06437138545,0.002080796348,2.247868532e-05
0.10833333,-0.604905865,-0.3265550898,-0.1000986382,0.1189374623,0.3493017531,5.340310286,0.2027004607,0.0946259645,0.004088212828,6.190797942e-05
0.11666667,-0.5596036569,-0.3244594425,-0.09916207073,0.1189840513,0.3493025882,5.518703654,0.3084884129,0.1311880068,0.007333892999,0.0001492171246
0.12500000,-0.5131941403,-0.3212372679,-0.09789509288,0.1190643326,0.3493044791,5.600669799,0.4781877342,0.1739073832,0.01225142724,0.0003232398607
0.13333333,-0.4666374614,-0.3162066846,-0.09624616886,0.1191942402,0.3493083769,5.545936213,0.7502317359,0.2229362043,0.01933028992,0.0006425785747
0.14166667,-0.4212984783,-0.3083007238,-0.09415868543,0.1193940187,0.3493158219,5.297826132,1.178002838,0.2796590704,0.0291160563,0.00119088244
0.15000000,-0.3790487763,-0.295991533,-0.09155001703,0.1196890263,0.3493291748,4.795729146,1.814128653,0.3489647744,0.04240075007,0.002082418623
0.15833333,-0.3421355555,-0.2774596069,-0.08828800931,0.1201142938,0.3493519041,4.022719155,2.662822689,0.4385829575,0.06056437606,0.003470865841
0.16666667,-0.3124791346,-0.2513618432,-0.08413361169,0.1207150598,0.3493889704,3.083005362,3.596127982,0.5672472025,0.08471651949,0.00556270573
0.17500000,-0.2906238934,-0.2179833392,-0.07863461657,0.1215464768,0.3494473128,2.186942567,4.366016703,0.7682398852,0.1162010292,0.00862797452
0.18333333,-0.2754527097,-0.179664501,-0.0709825922,0.1226785152,0.3495364268,1.493242361,4.755678952,1.094712619,0.1574547989,0.01301300046
0.19166667,-0.2651119133,-0.1400490786,-0.05985643416,0.1242163001,0.3496690991,1.021965055,4.670698942,1.612489483,0.2150456271,0.0191691558
0.20000000,-0.2579561538,-0.103139972,-0.04345206268,0.1263360242,0.3498625623,0.7177088513,4.114470891,2.361462113,0.2997597817,0.02772951617
0.20833333,-0.2528585225,-0.07245505084,-0.02007530855,0.129346861,0.3501405508,0.5189047636,3.211500356,3.255334105,0.4337208549,0.03965545327
0.21666667,-0.2491422241,-0.04982468342,0.01046624328,0.1338104015,0.3505375329,0.3802655038,2.23213506,4.027426847,0.6566760895,0.056782508
0.22500000,-0.2464328236,-0.03476256146,0.04590867342,0.140705889,0.3511128312,0.2737723547,1.422080024,4.395249887,1.029465142,0.08324465987
0.23333333,-0.2445311878,-0.02545234088,0.082219163,0.1515895196,0.3519663802,0.1845632979,0.8497145131,4.228146932,1.624230668,0.1247749122
0.24166667,-0.2433341063,-0.0200727398,0.1149666822,0.1684458539,0.3532688037,0.1037331308,0.466906632,3.558982339,2.454348,0.1937987815
0.25000000,-0.2427899604,-0.01733692893,0.140698178,0.1927398921,0.3553340502,0.02739745531,0.2048111304,2.593280652,3.366448723,0.3128670366
0.25833333,-0.2428710169,-0.01646713504,0.1582467921,0.2239466472,0.3587281409,-0.04658083777,0.01252852961,1.644040829,4.063315595,0.5209422612
0.26666667,-0.2435632173,-0.01701710205,0.1687175532,0.2592249375,0.3644217207,-0.1194290686,-0.139427232,0.9112836029,4.320262119,0.8754721098
0.27500000,-0.2448603209,-0.01872422481,0.1740925057,0.2945457768,0.3739083429,-0.191841627,-0.2669142905,0.4128420429,4.074686825,1.440667978
0.28333333,-0.2467603963,-0.02141631436,0.1760704187,0.3258973438,0.3890691178,-0.2641807522,-0.3766173718,0.08440791599,3.387147419,2.230800814
0.29166667,-0.2492634884,-0.02496491843,0.1757918603,0.3502647407,0.4114228451,-0.3365696635,-0.4730548911,-0.1377163907,2.438785824,3.136886952
0.30000000,-0.252369881,-0.0292691969,0.1739462005,0.3665469145,0.4410850951,-0.4089500405,-0.5581844908,-0.2974732353,1.488620203,3.949571081
0.30833333,-0.2560787332,-0.03423942338,0.1709320966,0.3756095276,0.4765408291,-0.4811138929,-0.6330143193,-0.4211583558,0.7240415908,4.513373039
0.31666667,-0.2603869154,-0.03979276314,0.1669882945,0.3792469636,0.5155539317,-0.5527229268,-0.6982348703,-0.5223859337,0.1841944037,4.808338346
0.32500000,-0.2652879963,-0.04585143609,0.1622692593,0.3791894405,0.5560769689,-0.6233258616,-0.7543787219,-0.6078226266,-0.1725051086,4.886594662
0.33333333,-0.270771373,-0.05234207288,0.1568946334,0.3767183595,0.5965709113,-0.6923757694,-0.8020016212,-0.6799977572,-0.4038871535,4.810746403
0.34166667,-0.2768215518,-0.05919605172,0.1509694567,0.3726808136,0.6359611243,-0.7592491067,-0.8416753736,-0.7401438995,-0.5545255561,4.628221289
0.35000000,-0.2834174959,-0.0663494108,0.144589461,0.3676180952,0.6735013451,-0.8232267072,-0.8739424698,-0.7892555715,-0.6537803715,4.370974747
0.35833333,-0.2905317969,-0.07374276985,0.1378447474,0.3618759106,0.7086603919,-0.8835324877,-0.8993732659,-0.8277333503,-0.7199145486,4.059431481
0.36666667,-0.2981308017,-0.0813215995,0.1308222593,0.3556806705,0.7410451654,-0.9394316107,-0.9185537722,-0.8560085449,-0.7639355298,3.706990968
0.37500000,-0.3061743531,-0.08903657726,0.123604798,0.3491764105,0.7703681799,-0.9900687564,-0.9321752009,-0.8746170677,-0.7956540978,3.326838395
0.38333333,-0.3146150094,-0.09684424528,0.1162702612,0.3424434257,0.7964346786,-1.034610391,-0.9408926591,-0.8842472257,-0.8188646621,2.925886256
0.39166667,-0.323398931,-0.1047059713,0.1088900468,0.3355512617,0.8190829969,-1.072345409,-0.94522768,-0.885717035,-0.8339379962,2.506954598
0.40000000,-0.3324669364,-0.1125868556,0.1015283545,0.3285657467,0.838175361,-1.102704951,-0.9455173437,-0.8800026945,-0.8413495295,2.072960888
0.40833333,-0.3417555616,-0.1204537692,0.09423675092,0.3215486667,0.8536027273,-1.125225341,-0.9419146658,-0.8693017239,-0.8416015014,1.628132821
0.41666667,-0.3511977944,-0.1282753157,0.08705083625,0.3145574922,0.8652894076,-1.139498966,-0.9346678296,-0.8547029497,-0.8352210467,1.175564906
0.42500000,-0.3607233191,-0.1360219703,0.08000154727,0.3076451115,0.8731800512,-1.145157713,-0.9239772838,-0.8365584454,-0.8227941687,0.7174394296
0.43333333,-0.3702587925,-0.1436662263,0.07311729191,0.300859339,0.8772371967,-1.141852091,-0.9101323086,-0.8151388737,-0.8049346329,0.2558785534
0.44166667,-0.3797291592,-0.1511823958,0.0664242669,0.2942430716,0.8774409255,-1.129534225,-0.8932444284,-0.7907117954,-0.7822035637,-0.2070386052
0.45000000,-0.3890593664,-0.1585452312,0.05994629931,0.2878344543,0.8737885293,-1.108230733,-0.87332974,-0.7635526801,-0.7552224969,-0.6692435232
0.45833333,-0.3981753103,-0.1657293608,0.05370556884,0.2816658137,0.866294665,-1.078161036,-0.8503371122,-0.7338114499,-0.7247226475,-1.128640656
0.46666667,-0.4070053385,-0.1727085087,0.04772263854,0.2757635146,0.8549915219,-1.039678449,-0.8241052153,-0.7017210687,-0.6914254765,-1.583111924
0.47500000,-0.4154809184,-0.1794548181,0.04201565225,0.270147758,0.839929214,-0.9931263069,-0.7944341518,-0.6676641797,-0.656070425,-2.030475783
0.48333333,-0.4235358854,-0.1859394114,0.03659929946,0.2648326133,0.821176402,-0.9388230755,-0.7612771817,-0.6321202401,-0.6194154149,-2.468312083
0.49166667,-0.4311081706,-0.1921327414,0.03147906801,0.2598254908,0.7988293286,-0.8773943815,-0.7245108258,-0.5969034729,-0.5822881779,-2.892382776
0.50000000,-0.4381412703,-0.1980042897,0.02664709846,0.2551266507,0.7730174727,-0.8095396201,-0.6840355449,-0.5630588202,-0.5455805912,-3.299370433
0.50833333,-0.4445846368,-0.2035227658,0.0220889003,0.2507285993,0.7438954215,-0.735973109,-0.6397644993,-0.53132349,-0.5102613098,-3.686344325
0.51666667,-0.4503936704,-0.2086565776,0.01778390992,0.2466159576,0.7116419538,-0.6574332712,-0.5917335119,-0.5023894063,-0.4772210547,-4.05044601
0.52500000,-0.455530301,-0.2133749719,0.01370646356,0.242766453,0.6764589474,-0.5747333755,-0.5400994315,-0.4767890426,-0.4472189299,-4.389012111
0.53333333,-0.4599633006,-0.2176489585,0.009827252887,0.2391523413,0.6385692619,-0.4887002232,-0.4851297978,-0.4548440497,-0.4207947395,-4.699691358
0.54166667,-0.4636683501,-0.2214522574,0.006115470675,0.2357425509,0.5982135912,-0.4001606335,-0.4272102764,-0.4365785227,-0.3981952578,-4.980566366
0.55000000,-0.4666278377,-0.2247624219,0.002541696959,0.2324953606,0.5556576357,-0.3098964006,-0.3668739791,-0.4216282435,-0.3839591651,-5.225135745
0.55833333,-0.4688307882,-0.2275617357,-0.0009187778411,0.2292805148,0.5112739469,-0.2187310983,-0.3047087101,-0.4092348515,-0.3923423985,-5.417139608
0.56666667,-0.4702731319,-0.2298376024,-0.00428350062,0.2258561444,0.4655579883,-0.1274851911,-0.2413548509,-0.3985073667,-0.4370316761,-5.541940493
0.57500000,-0.4709575776,-0.231582891,-0.007563116413,0.2218355503,0.4191579225,-0.03697171856,-0.1774904391,-0.3887186459,-0.5399999652,-5.576575457
0.58333333,-0.4708936067,-0.2327964271,-0.01076425899,0.2166011069,0.3729625443,0.05200178706,-0.1138610269,-0.3797278933,-0.7353618988,-5.485502915
0.59166667,-0.4700973513,-0.2334833601,-0.01389692241,0.2091866596,0.328225312,0.1386467869,-0.05123418308,-0.3726050868,-1.072328258,-5.216903146
0.60000000,-0.4685914216,-0.2336553193,-0.01698771793,0.1981815955,0.2866748001,0.2222026299,0.00959097946,-0.3703971693,-1.605136391,-4.711557069
0.60833333,-0.466404374,-0.2333312057,-0.02010364965,0.1818337051,0.2504410659,0.3020088916,0.06758333592,-0.3805498519,-2.350329517,-3.942654673
0.61666667,-0.4635702282,-0.2325427569,-0.02340101857,0.1586694166,0.221494196,0.3773915606,0.1206783064,-0.4169417341,-3.212107318,-2.988022388
0.62500000,-0.4601287123,-0.2313380301,-0.02719365837,0.1286003324,0.200607541,0.4476629228,0.1672152586,-0.5048613403,-3.96571633,-2.044073882
0.63333333,-0.4561253042,-0.2297799417,-0.03207338318,0.09348019061,0.1869140698,0.5121286122,0.2050301338,-0.6865118173,-4.39734265,-1.279461666
0.64166667,-0.4516121677,-0.2279583375,-0.0390591883,0.05650372302,0.178664872,0.5697521124,0.2292023366,-1.020690998,-4.402324363,-0.7346503386
0.65000000,-0.4466519788,-0.2260204944,-0.04967006299,0.02135542542,0.1741813277,0.6192559053,0.2311454813,-1.562916531,-3.96080683,-0.3653995836
0.65833333,-0.4413168689,-0.2242143008,-0.06565120232,-0.008427822463,0.1722561243,0.6595173573,0.1937925085,-2.295105675,-3.134634215,-0.1114441919
0.66666667,-0.4356898909,-0.2229827205,-0.08797312823,-0.03034491353,0.1721344014,0.6889884905,0.08652604076,-3.041468434,-2.115673274,0.07367762662
0.67500000,-0.4298705657,-0.223105779,-0.1155944866,-0.04388356609,0.1733769493,0.7051635364,-0.1417390702,-3.521927316,-1.161885538,0.2196289037
0.68333333,-0.4239886484,-0.2258709398,-0.1453644114,-0.05031168883,0.175736274,0.7026323114,-0.5590281732,-3.53696313,-0.4191778654,0.3439541409
0.69166667,-0.4182375625,-0.2330958649,-0.1731091709,-0.05145837741,0.1790747814,0.6718112263,-1.214222511,-3.041188594,0.1134341522,0.4556856617
0.70000000,-0.4129211308,-0.2465952545,-0.1949401104,-0.04884355929,0.1833104504,0.5941860545,-2.038162392,-2.151568274,0.4936722143,0.5599349298
0.70833333,-0.4085496864,-0.2668699135,-0.208624924,-0.04349944994,0.1883952152,0.4384307961,-2.790547651,-1.138009938,0.7763511495,0.6598945154
0.71666667,-0.4059671777,-0.2921240366,-0.2143252153,-0.03607149583,0.1943026021,0.154940153,-3.196074091,-0.2680414898,0.9985020903,0.7576357568
0.72500000,-0.406486569,-0.318807654,-0.2137626606,-0.02697002584,0.2010199661,-0.3150734922,-3.126962653,0.3642970558,1.180341857,0.8544543968
0.73333333,-0.4118400664,-0.3429519851,-0.2088245722,-0.01647994314,0.2085430695,-1.005315212,-2.598558821,0.7922153538,1.332816234,0.9511012542
0.74166667,-0.4236865514,-0.3612183538,-0.2009411755,-0.004826308357,0.2168719973,-1.851533661,-1.749820411,1.081688219,1.460093379,1.047858227
0.75000000,-0.4426424448,-0.3718801428,-0.1910351655,0.007792794525,0.2260074736,-2.67752276,-0.8155546556,1.284531398,1.56504781,1.144641483
0.75833333,-0.4677506227,-0.3751880847,-0.1796812785,0.02120244658,0.2359485417,-3.306713015,-0.01138806226,1.433331959,1.650055622,1.241116825
0.76666667,-0.4970363231,-0.3726702775,-0.1672447366,0.03524052606,0.2466915,-3.679916918,0.5796142414,1.546308447,1.715894289,1.337138992
0.77500000,-0.5284574351,-0.3660738151,-0.1539804626,0.04974873288,0.2582317073,-3.828663056,0.9751298887,1.633324744,1.763040384,1.432265728
0.78333333,-0.5603888478,-0.3568144959,-0.1400826747,0.06457608402,0.2705567322,-3.812116602,1.227803568,1.698673147,1.792753892,1.525274526
0.79166667,-0.5916775381,-0.345871288,-0.1257256553,0.07958423895,0.283642923,-3.681496291,1.385933967,1.743743877,1.806731647,1.614663186
0.80000000,-0.6215305939,-0.3338864188,-0.1110720138,0.09464967146,0.2974530793,-3.472366289,1.482129866,1.77008416,1.806803168,1.698756012
0.80833333,-0.6493973995,-0.3212819149,-0.09627454991,0.1096641561,0.3119360425,-3.207869077,1.537389563,1.778364118,1.794839375,1.775786948
0.81666667,-0.6748828632,-0.3083412445,-0.08148012691,0.1245355307,0.3270238024,-2.90284837,1.564438362,1.76950537,1.772757493,1.843591583
0.82500000,-0.6977034411,-0.295256163,-0.06682824904,0.1391868086,0.342632322,-2.571022247,1.574156561,1.744298624,1.742291364,1.900505438
0.83333333,-0.7176859575,-0.282135226,-0.05245089413,0.1535550521,0.3586641357,-2.222133985,1.57308738,1.703794071,1.705096138,1.944929339
0.84166667,-0.7346981413,-0.2690676872,-0.03847086113,0.1675903644,0.3750094497,-1.858538542,1.561355201,1.649192251,1.662611457,1.975518737
0.85000000,-0.7486275012,-0.2561421431,-0.02499809029,0.1812541875,0.3915465174,-1.482669575,1.539003332,1.582449788,1.61608604,1.99071779
0.85833333,-0.7593821207,-0.2434470776,-0.01212448014,0.1945157457,0.4081429289,-1.097020408,1.506063288,1.505720051,1.566159101,1.989671649
0.86666667,-0.7668910276,-0.2310697759,7.537840763e-05,0.2073483419,0.4246611363,-0.7041165155,1.46278189,1.421105068,1.513174742,1.971882797
0.87500000,-0.7711041848,-0.2190950457,0.01154386096,0.219727995,0.4409600269,-0.3064576068,1.409531677,1.330482628,1.457541979,1.9369608
0.88333333,-0.7719924016,-0.2076039179,0.02223907525,0.2316334818,0.4568958349,0.09345333746,1.346798719,1.235884636,1.399301428,1.884788734
0.89166667,-0.7695472998,-0.1966735329,0.03213685835,0.2430406308,0.472327059,0.4931215637,1.275023375,1.139479112,1.337711793,1.816085821
0.90000000,-0.7637813502,-0.1863772644,0.04123147275,0.2539159307,0.4871214482,0.8900392871,1.194713191,1.043440374,1.27159404,1.732041099
0.90833333,-0.7547278929,-0.1767831774,0.04953319898,0.2642202773,0.501153655,1.281708303,1.10664633,0.94943207,1.200592384,1.633335422
0.91666667,-0.7424410951,-0.1679521117,0.05706479539,0.2739110806,0.5143059171,1.665618334,1.011777841,0.8587601066,1.124337477,1.521033501
0.92500000,-0.7269961081,-0.1599356923,0.06385622368,0.2829453421,0.5264697664,2.039259515,0.9113312755,0.7718717558,1.043051727,1.396320398
0.93333333,-0.7084888878,-0.1527751018,0.06994188955,0.2912813783,0.5375464751,2.400141835,0.8066166711,0.6894962429,0.9567467147,1.260305028
0.94166667,-0.6870359671,-0.1465000004,0.07536209416,0.2988767918,0.5474471192,2.745827006,0.6990537444,0.612253287,0.8652721266,1.114311059
0.95000000,-0.6627738432,-0.1411280388,0.08016157694,0.3056878258,0.5560948032,3.073970943,0.5901145687,0.5405519627,0.7685036275,0.9598495737
0.95833333,-0.6358579468,-0.1366643484,0.08438656978,0.3116710187,0.5634253196,3.38238267,0.4813224895,0.4743405225,0.6666405571,0.7984387902
0.96666667,-0.6064611164,-0.1331014033,0.08808144404,0.3167853953,0.5693869904,3.6690876,0.3741814986,0.4132294256,0.5600634152,0.6315832985
0.97500000,-0.57477153,-0.1304193759,0.09128589138,0.3209937946,0.5739407088,3.932385813,0.2701302321,0.3564874185,0.4493107255,0.4607730324
0.98333333,-0.5409902884,-0.1285871964,0.09403213529,0.32426418,0.5770597839,4.170881244,0.170402233,0.3030593396,0.3350600554,0.287529633
0.99166667,-0.5053287519,-0.1275646018,0.09634239185,0.3265705476,0.5787304309,4.383503503,0.07597151271,0.251606199,0.218083066,0.1134076436
1.00000000,-0.4680058738,-0.1273043151,0.09822670505,0.327893699,0.5789517296,4.569497794,-0.01245905013,0.2005581013,0.09923632867,-0.06006058546
1.00833333,-0.4292716697,-0.1277299714,0.09968143897,0.328221816,0.5777354298,4.718705463,-0.08530448801,0.1482220067,-0.02057114477,-0.2313665737
1.01666667,-0.3895115501,-0.1286354954,0.100689059,0.3275507564,0.5751057452,4.81353329,-0.1254408812,0.0930113155,-0.1404108243,-0.3990295638
1.02500000,-0.3492425996,-0.1296848793,0.101220447,0.3258842797,0.5710988457,4.837311031,-0.1163840574,0.03378929892,-0.2593036185,-0.5616824522
1.03333333,-0.3091589634,-0.1303686009,0.1012400307,0.3232342612,0.565761986,4.763642786,-0.03244954539,-0.02978980938,-0.3763150751,-0.7179955052
1.04166667,-0.2702296062,-0.1299119188,0.1007142598,0.3196199364,0.5591535414,4.552298748,0.1649126253,-0.09681875379,-0.4906017352,-0.8666490044
1.05000000,-0.233818109,-0.1271658139,0.09962375914,0.3150677639,0.5513424961,4.150139815,0.5254690071,-0.1648190249,-0.6011312719,-1.00642254
1.05833333,-0.2017276232,-0.1205800641,0.09797578558,0.3096161778,0.5424078724,3.509592581,1.090814922,-0.2295972624,-0.7063090745,-1.136066586
1.06666667,-0.1759643843,-0.1084660824,0.09582881748,0.3033117963,0.5324409718,2.643012955,1.838526538,-0.2825029109,-0.8057094569,-1.25393562
1.07500000,-0.157954102,-0.08983166945,0.09334604196,0.2962065941,0.5215440073,1.6790735,2.621857127,-0.306679973,-0.8983319246,-1.359157012
1.08333333,-0.1477234725,-0.06527210096,0.09087029556,0.2883617172,0.5098259647,0.804358181,3.226249189,-0.2752575698,-0.9828701754,-1.450842386
1.09166667,-0.1439791314,-0.03699637981,0.08902075527,0.2798591584,0.4974032424,0.1303180632,3.49723254,-0.1484876071,-1.055362095,-1.528160947
1.10000000,-0.1449903887,-0.008075667917,0.0888118035,0.270819006,0.4843982873,-0.3432745903,3.377078315,0.1280658979,-1.110913258,-1.590510515
1.10833333,-0.1492826581,0.01818865933,0.09170031241,0.2614198185,0.4709373597,-0.6665061446,2.862941541,0.5989752987,-1.139131088,-1.637496392
1.11666667,-0.1558271596,0.03870274071,0.09928162104,0.2519547204,0.4571531969,-0.8913374968,2.015604457,1.239661817,-1.123033878,-1.667723947
1.12500000,-0.1639698585,0.05132922729,0.1123852236,0.2429072301,0.4431939832,-1.055065114,1.007665902,1.885422543,-1.032662376,-1.679204777
1.13333333,-0.1733106062,0.05569268568,0.1300159772,0.2350815288,0.4292240367,-1.181986052,0.06618916845,2.286007399,-0.8202611538,-1.669869693
1.14166667,-0.1836052511,0.05299326535,0.1492936528,0.2297432746,0.4154321301,-1.285806838,-0.6777306567,2.26248627,-0.4260643714,-1.635280341
1.15000000,-0.1947020499,0.04496613396,0.1664302571,0.2285855859,0.4020694391,-1.375531765,-1.218583038,1.778513661,0.1822749146,-1.564704898
1.15833333,-0.2065047705,0.03310958805,0.1779667386,0.2331791829,0.3895004764,-1.455843119,-1.60572428,0.950333875,0.9286538019,-1.441037969
1.16666667,-0.2189485074,0.01849201582,0.1819867258,0.243844968,0.378282317,-1.529786933,-1.888487085,0.01988898001,1.596033617,-1.234221448
1.17500000,-0.2319892574,0.001828816359,0.1786696024,0.2588954342,0.3692787829,-1.599401763,-2.101221863,-0.7819973474,1.950183087,-0.902050628
1.18333333,-0.245598032,-0.01638798303,0.1695644461,0.2751675189,0.3637199709,-1.666477714,-2.263469745,-1.367351147,1.88400968,-0.4011536799
1.19166667,-0.2597612111,-0.03578493628,0.1564115642,0.2892034275,0.3630991647,-1.732576302,-2.385527546,-1.762267922,1.428476119,0.278609375
1.20000000,-0.2744729968,-0.0560471316,0.1405679192,0.2982633987,0.3686667062,-1.798187621,-2.471718866,-2.022026144,0.7195479834,1.064276494
1.20833333,-0.28973013,-0.07689202166,0.1229575682,0.3010464153,0.3807253306,-1.863637074,-2.525841349,-2.19251787,-0.04445265544,1.81026794
1.21666667,-0.3055367397,-0.09805884955,0.1041903849,0.2978422699,0.3983533549,-1.930063638,-2.549264947,-2.303499401,-0.6971415793,2.385319174
1.22500000,-0.3218972325,-0.1193011025,0.08468321736,0.289920276,0.419881489,-1.996285876,-2.544318308,-2.372214459,-1.1745733,2.7467457
1.23333333,-0.3388039774,-0.1403915885,0.06474264692,0.2787209872,0.4436070154,-2.061128443,-2.513126279,-2.40846565,-1.489513162,2.919908915
1.24166667,-0.3562442588,-0.1611187046,0.0446218249,0.2654328893,0.4681533711,-2.124032085,-2.45760595,-2.416158471,-1.682644283,2.951428395
1.25000000,-0.3741925427,-0.1812941467,0.02454375799,0.2509122746,0.4925197031,-2.182615543,-2.381338146,-2.398452799,-1.79090429,2.882713229
1.25833333,-0.3926011008,-0.2007605253,0.004714916687,0.2357415809,0.5160043642,-2.23393602,-2.288153975,-2.356466167,-1.842424551,2.743861213
1.26666667,-0.4113954121,-0.2193958854,-0.0146646126,0.2203109015,0.5381126074,-2.274695058,-2.182643961,-2.29076571,-1.85558523,2.555031607
1.27500000,-0.4304752941,-0.237115147,-0.03340320969,0.2048925529,0.5584860421,-2.302019743,-2.068912439,-2.202917176,-1.840908264,2.329363545
1.28333333,-0.4497182607,-0.2538640003,-0.05132280888,0.1896694143,0.5768778094,-2.313451507,-1.950236453,-2.094519144,-1.811075998,2.082331524
1.29166667,-0.4689815719,-0.2696142344,-0.06826001531,0.1747347816,0.5931549367,-2.306461071,-1.829801978,-1.967461454,-1.771577975,1.822099478
1.30000000,-0.4881026442,-0.2843635389,-0.08406727278,0.1601710742,0.6072138555,-2.279088979,-1.7103594,-1.823692533,-1.721995533,1.550250576
1.30833333,-0.50690685,-0.2981272861,-0.09861573778,0.1460640452,0.6189649168,-2.230304089,-1.593444913,-1.665835137,-1.661906263,1.268502696
1.31666667,-0.5252124083,-0.3109320658,-0.111799988,0.1325031115,0.6283330955,-2.159271429,-1.480404576,-1.496814301,-1.590849931,0.9786639139
1.32500000,-0.5428347356,-0.3228093304,-0.1235420124,0.1195814335,0.6352587304,-2.066657727,-1.370472495,-1.320344955,-1.508453464,0.6826148714
1.33333333,-0.5596004526,-0.3337775665,-0.1337951811,0.1073936067,0.6396981118,-1.953773612,-1.26211211,-1.140088783,-1.414742712,0.3822801968
1.34166667,-0.5753432016,-0.3438466508,-0.1425432531,0.09603382361,0.641623483,-1.821336007,-1.154475346,-0.9597432907,-1.309722521,0.0795759785
1.35000000,-0.5899056525,-0.3530168473,-0.149800532,0.08559585886,0.6410231908,-1.670771434,-1.046171003,-0.7828047386,-1.193564432,-0.2235557244
1.35833333,-0.6031436167,-0.3612781215,-0.1556072003,0.07617091408,0.6379017613,-1.503749551,-0.9361344279,-0.6120637713,-1.066673757,-0.5251733033
1.36666667,-0.6149287553,-0.3686095486,-0.1600281449,0.06784800577,0.6322798845,-1.322496754,-0.8227198693,-0.4508540473,-0.9289893733,-0.8233419061
1.37500000,-0.6251515181,-0.3749767904,-0.1631561815,0.0607170462,0.6241943006,-1.129108759,-0.7045378579,-0.3021089473,-0.7807749018,-1.11614789
1.38333333,-0.6337189157,-0.3803361853,-0.1651022997,0.05486092608,0.6136973814,-0.9255162762,-0.5807427398,-0.1673800366,-0.6232678365,-1.401766501
1.39166667,-0.6405534782,-0.3846394285,-0.1659868474,0.0503507537,0.6008565153,-0.7135472689,-0.4510414856,-0.04738501581,-0.4580300925,-1.678391392
1.40000000,-0.645593665,-0.3878370845,-0.1659329301,0.04724343844,0.5857538437,-0.4952035026,-0.3154366792,0.05792348405,-0.2869131814,-1.944335379
1.40833333,-0.6487947449,-0.3898831421,-0.1650599735,0.04558093289,0.5684851892,-0.2724929114,-0.1748923361,0.1493557785,-0.1114919412,-2.197966447
1.41666667,-0.6501285597,-0.3907407519,-0.1634783976,0.04539144919,0.5491593139,-0.04738742726,-0.03032271852,0.2283039109,0.06615771503,-2.437818508
1.42500000,-0.6495833315,-0.3903795391,-0.1612836435,0.04668203827,0.527896844,0.1781520631,0.1174730302,0.2969201372,0.2432510908,-2.662544383
1.43333333,-0.647163551,-0.3887766981,-0.1585512354,0.04943614211,0.504829032,0.402183301,0.2674844702,0.3578096601,0.4169285549,-2.870926377
1.44166667,-0.6428897892,-0.3859185576,-0.1553335243,0.05361351568,0.4800964851,0.6227923056,0.4185387216,0.4138979008,0.5843817563,-3.061919089
1.45000000,-0.6367983775,-0.3818017107,-0.151657707,0.05915117309,0.4538478904,0.8381099229,0.5693542539,0.4682701841,0.7429776612,-3.23463397
1.45833333,-0.6289411221,-0.3764336922,-0.1475252042,0.06596527116,0.4262387574,1.046289478,0.718595721,0.5239921502,0.8903701242,-3.388327069
1.46666667,-0.6193847699,-0.3698333667,-0.1429148458,0.07395536876,0.3974310675,1.245632803,0.8648739,0.5832076466,1.02442296,-3.521469742
1.47500000,-0.6082095972,-0.3620310359,-0.1377900662,0.08295404445,0.3676529667,1.434531229,1.006867223,0.6478094332,1.128799274,-3.617639707
1.48333333,-0.5955095287,-0.3530674938,-0.1320982758,0.09264153963,0.3372832933,1.611330827,1.143390731,0.7194958995,1.187101029,-3.660867816
1.49166667,-0.5813921267,-0.3429922287,-0.1257768517,0.1025590707,0.306837317,1.774464916,1.273434265,0.7990088212,1.180065203,-3.631939884
1.50000000,-0.5659768418,-0.331866585,-0.1187582253,0.1120479759,0.2770330535,1.92251041,1.395326485,0.8867443497,1.078466419,-3.50090055
1.50833333,-0.5493971723,-0.3197608747,-0.1109801747,0.1201552472,0.2488939839,2.053690048,1.508549121,0.9807653393,0.8405750986,-3.223899904
1.51666667,-0.5317990615,-0.3067498328,-0.102405769,0.1255485908,0.2238480112,2.166778991,1.612484658,1.076958287,0.4198988413,-2.750435117
1.52500000,-0.5133362761,-0.2929136117,-0.09304449873,0.1265701414,0.2036941217,2.261082158,1.706579937,1.168116352,-0.2079212734,-2.049079879
1.53333333,-0.4941691234,-0.2783358912,-0.08297869669,0.1216647458,0.1902018199,2.335691102,1.79011817,1.243943035,-0.9820944235,-1.169717084
1.54166667,-0.474463883,-0.2631127887,-0.0724028268,0.1102703308,0.1842701716,2.390226753,1.861225758,1.286787197,-1.730687478,-0.2652932856
1.55000000,-0.4543882745,-0.2473538517,-0.06170082314,0.09343270685,0.1853866142,2.424446017,1.918547908,1.268351191,-2.261723274,0.5010574891
1.55833333,-0.4341160701,-0.2311787797,-0.0515485224,0.07349439316,0.1920400291,2.43730673,1.960609493,1.146782268,-2.464063914,1.061199208
1.56666667,-0.4138245474,-0.2147371752,-0.04301975034,0.05338204043,0.2025538612,2.429201059,1.981113287,0.8698155326,-2.301313869,1.435256799
1.57500000,-0.3936869739,-0.1982447192,-0.03760612426,0.03615249486,0.215586582,2.400379931,1.970639995,0.3957208724,-1.775601817,1.674418441
1.58333333,-0.3738755557,-0.1820300999,-0.03689901701,0.02464107885,0.2302148343,2.350922906,1.910489697,-0.2443284356,-0.9471845033,1.824662225
1.59166667,-0.3545616712,-0.1666259798,-0.04168926954,0.02074673663,0.2458411631,2.280953188,1.76968816,-0.8855889468,0.01645535173,1.918196557
1.60000000,-0.3359204842,-0.1528828261,-0.05099181121,0.0246876932,0.2620844114,2.188886068,1.503680142,-1.289919588,0.9019301571,1.975303433
1.60833333,-0.3181566771,-0.1420477868,-0.06206647206,0.03520758655,0.2786998203,2.069298834,1.06454397,-1.295565767,1.586335294,2.009337537
1.61666667,-0.3015285901,-0.1356812151,-0.071408031,0.05055369449,0.2955312647,1.914641409,0.4343332224,-0.8823595118,2.066029811,2.028125477
1.62500000,-0.2863882261,-0.135123901,-0.07593009413,0.06920687157,0.3124725895,1.708840692,-0.3049450705,-0.1698589657,2.388891962,2.036336228
1.63333333,-0.2732595058,-0.1405220489,-0.07402704584,0.09006595316,0.3294501897,1.426742927,-0.9575745278,0.6200334301,2.602217745,2.037306075
1.64166667,-0.2629103618,-0.1502959781,-0.06593841001,0.1123638613,0.3464147645,1.036333511,-1.33117333,1.291428294,2.738316879,2.033718037
1.65000000,-0.2563657152,-0.1617060765,-0.05304215203,0.1355404366,0.3633411468,0.5104984868,-1.34765848,1.771565309,2.815571852,2.028440128
1.65833333,-0.2547785339,-0.1718528727,-0.03689182343,0.1591586771,0.3802203658,-0.1488395909,-1.041207261,2.079721635,2.845419251,2.022513132
1.66666667,-0.2590548851,-0.1784733866,-0.0187302937,0.1828477823,0.397052604,-0.8812008821,-0.5255353713,2.261697346,2.833267825,2.017638468
1.67500000,-0.2693646711,-0.180460534,0.0005653568928,0.2062728482,0.4138542543,-1.577567114,0.04527823272,2.357579695,2.782651797,2.015095984
1.68333333,-0.284974394,-0.1779252414,0.02040070902,0.2291278582,0.4306433204,-2.141635332,0.5443240935,2.394657072,2.69677994,2.014818964
1.69166667,-0.3045823247,-0.1717513753,0.04035956124,0.2511279318,0.4474424158,-2.535768789,0.9147371394,2.389308043,2.578089525,2.017258764
1.70000000,-0.3267947048,-0.1630370819,0.06012942243,0.2720175282,0.4642654415,-2.771398488,1.157174252,2.350516373,2.43119988,2.020092207
1.70833333,-0.3504238261,-0.1527472714,0.07945514427,0.2915829317,0.4811068239,-2.881491338,1.29803839,2.282990863,2.26101914,2.021423256
1.71666667,-0.3745605244,-0.1416065889,0.09810715428,0.3096522445,0.497943366,-2.898136092,1.365505965,2.189475566,2.073201067,2.018273789
1.72500000,-0.3985361956,-0.1301318389,0.1158806592,0.3261050856,0.5147214521,-2.846325865,1.381428718,2.072263471,1.874149801,2.006748672
1.73333333,-0.4218590658,-0.1186801827,0.1325809245,0.3408746508,0.5313551825,-2.743865426,1.362106937,1.932023235,1.670255879,1.983008833
1.74166667,-0.4441600959,-0.1074996494,0.1480202262,0.3539463182,0.5477275524,-2.602748527,1.31758782,1.769986734,1.467669109,1.94338601
1.75000000,-0.4651699234,-0.09675878924,0.1620261599,0.3653541898,0.5636914967,-2.437144538,1.259304583,1.5883205,1.271666507,1.884559161
1.75833333,-0.4847400188,-0.08652728629,0.1744423268,0.3751704141,0.5790778848,-2.257394516,1.19520797,1.3886309,1.086320254,1.804574999
1.76666667,-0.5027563835,-0.07685763112,0.1851254936,0.3834946305,0.5937087614,-2.064425787,1.124306749,1.172935522,0.9137046242,1.703224182
1.77500000,-0.51911342,-0.06780982672,0.1939560427,0.3904362235,0.6074048772,-1.859312012,1.045830173,0.9445952407,0.7545077217,1.580280593
1.78333333,-0.5337142054,-0.05945053295,0.2008446301,0.3961057443,0.6199885941,-1.643140603,0.958929244,0.7075916254,0.6082341087,1.436402405
1.79166667,-0.546471782,-0.05185326895,0.2057377917,0.4006042949,0.631290969,-1.417139711,0.8628249721,0.4664727157,0.4729867505,1.273179848
1.80000000,-0.557309403,-0.0450973182,0.2086209447,0.4040116401,0.6411610551,-1.182575621,0.7569331922,0.2259945736,0.345930067,1.092968575
1.80833333,-0.5661613345,-0.03926706925,0.2095206185,0.4063852415,0.6494653678,-0.9408054267,0.6404007828,-0.00855606129,0.2244321093,0.897735874
1.81666667,-0.5729734416,-0.03445663736,0.208510405,0.4077602967,0.6560870893,-0.6932520285,0.5121317186,-0.2315926341,0.1058229306,0.6895087147
1.82500000,-0.577703483,-0.03076432007,0.2057049542,0.4081479006,0.6609292399,-0.4413612993,0.3720741625,-0.4387367973,-0.01309147702,0.4711544718
1.83333333,-0.580321605,-0.02828756838,0.201252745,0.4075343007,0.6639185542,-0.1866426773,0.2203313285,-0.6261660513,-0.1347594301,0.2452030088
1.84166667,-0.5808106024,-0.02712763154,0.1953331159,0.4058927633,0.6650011435,0.06936859413,0.05597423607,-0.7905443261,-0.2598069757,0.01391825992
1.85000000,-0.5791662294,-0.02738743883,0.1881455206,0.4031929191,0.6641419833,0.3251028445,-0.1201626936,-0.9302939378,-0.3888925248,-0.2204420922
1.85833333,-0.5753973908,-0.02915953234,0.1798995421,0.3993983939,0.6613247791,0.5789782573,-0.3069581367,-1.04423423,-0.5225771959,-0.4556424108
1.86666667,-0.5695260837,-0.03253127492,0.1708163014,0.3944706252,0.6565517212,0.8294348067,-0.5036911514,-1.131475539,-0.6607300794,-0.6894841663
1.87500000,-0.5615873438,-0.03757348708,0.1611074185,0.3883785182,0.6498431413,1.074899593,-0.7072598743,-1.1949817,-0.8017505463,-0.91981179
1.88333333,-0.5516293245,-0.04432711606,0.1509566354,0.3811032,0.6412371668,1.313801515,-0.9137990825,-1.238064944,-0.9445290433,-1.144511253
1.89166667,-0.5397129856,-0.05280264286,0.1405216965,0.3726347729,0.6307892757,1.544664516,-1.119917748,-1.263753062,-1.087871799,-1.361534157
1.90000000,-0.5259111501,-0.06297841245,0.1299296739,0.3629743564,0.6185718499,1.766081039,-1.320996603,-1.27664169,-1.230351038,-1.568877349
1.90833333,-0.5103083022,-0.07479119343,0.1192648987,0.3521363272,0.6046730285,1.976689312,-1.511974633,-1.28213082,-1.370173882,-1.764794507
1.91666667,-0.4929998183,-0.08813647769,0.1085663196,0.3401504769,0.5891952397,2.175249581,-1.688077388,-1.285571387,-1.505565178,-1.947524825
1.92500000,-0.4740908079,-0.1028754233,0.09783362288,0.3270602379,0.5722557905,2.360617229,-1.845976444,-1.290918516,-1.634938879,-2.115334258
1.93333333,-0.4536954441,-0.1188430044,0.08703365188,0.3129237953,0.5539847329,2.531705301,-1.982293971,-1.302453271,-1.756313334,-2.266897359
1.94166667,-0.4319739656,-0.1358120873,0.07609852503,0.2978153662,0.534523109,2.675112728,-2.082467419,-1.323884025,-1.867983684,-2.400834006
1.95000000,-0.4092336884,-0.1534034494,0.06493624688,0.281821414,0.5140232644,2.773896766,-2.129614737,-1.356826374,-1.968617433,-2.515951168
1.95833333,-0.3859163795,-0.1711123507,0.05345329621,0.2650400562,0.492645391,2.80992802,-2.10704913,-1.401169507,-2.056630078,-2.611289073
1.96666667,-0.362654322,-0.1882506269,0.04154912564,0.247583029,0.4705612716,2.754743156,-1.986959075,-1.457813695,-2.130634666,-2.685279824
1.97500000,-0.3403729381,-0.2038466272,0.02912723852,0.229570859,0.447951224,2.566255398,-1.729080119,-1.524829228,-2.189807744,-2.737451535
1.98333333,-0.3204018276,-0.2165499155,0.0161209193,0.2111267813,0.4249994875,2.191126061,-1.284467294,-1.597159793,-2.234241745,-2.767188416
1.99166667,-0.3044936726,-0.2246336594,0.002508426789,0.1923794268,0.4018935718,1.588315433,-0.619109086,-1.669005204,-2.262323444,-2.774509949
2.00000000,-0.2944961285,-0.2263524137,-0.01166556382,0.1734674177,0.3788196796,0.7860143642,0.2275730642,-1.729882675,-2.273838681,-2.75949541
2.00833333,-0.2915683699,-0.220762977,-0.02624721295,0.1545268163,0.3559639538,-0.07780052263,1.100591298,-1.763214899,-2.269285181,-2.722223664
2.01666667,-0.2954564,-0.208517017,-0.04090383617,0.1356895018,0.3335108293,-0.8241755518,1.794086331,-1.742817974,-2.248859312,-2.662835344
2.02500000,-0.3047097978,-0.1917395886,-0.05504018515,0.117094237,0.3116438797,-1.360151776,2.174647325,-1.630421661,-2.210959569,-2.581674919
2.03333333,-0.3175586766,-0.1732844281,-0.06766774662,0.09889580123,0.2905405766,-1.693603323,2.192380893,-1.370343714,-2.152878365,-2.479819726
2.04166667,-0.3325177751,-0.1562403689,-0.07730802636,0.08128855792,0.270366656,-1.875978472,1.836046769,-0.9059439125,-2.067113307,-2.358823489
2.05000000,-0.3485463538,-0.1436620555,-0.08215484941,0.06455847995,0.2512773374,-1.957513034,1.131138044,-0.2259413539,-1.939619276,-2.219643247
2.05833333,-0.3649672977,-0.1380092735,-0.08078491386,0.04914399738,0.2334213825,-1.975152832,0.2067636456,0.5528192963,-1.746052034,-2.062909835
2.06666667,-0.3813557072,-0.1401757824,-0.07335935404,0.03574890494,0.2169430936,-1.952744331,-0.7054694041,1.182368294,-1.447224681,-1.888929363
2.07500000,-0.3974451364,-0.1492134345,-0.06211459919,0.02544869383,0.201994815,-1.905591025,-1.424000917,1.444635974,-0.9957667375,-1.694832587
2.08333333,-0.4130738219,-0.1632545941,-0.05050419226,0.01966732549,0.1887688682,-1.843308147,-1.909679373,1.271793397,-0.361368084,-1.474334117
2.09166667,-0.4281411019,-0.1805187505,-0.04191672525,0.01983174633,0.1775243215,-1.771677168,-2.207202404,0.7434889743,0.414449907,-1.216622738
2.10000000,-0.4425876816,-0.1996721956,-0.03856327821,0.02653978368,0.1686474069,-1.694950226,-2.371497473,0.05401205121,1.175720194,-0.9023775585
2.10833333,-0.4563877917,-0.2197880268,-0.04085976247,0.03883305029,0.1627122726,-1.617204553,-2.44344986,-0.5829863832,1.726506284,-0.5060353145
2.11666667,-0.4695460043,-0.2402099289,-0.04781071353,0.05440774171,0.1605139894,-1.541199007,-2.44831124,-1.05453798,1.954644982,-0.00204779752
2.12500000,-0.4820848645,-0.2604453331,-0.05795597137,0.0705031732,0.1630080105,-1.469100206,-2.399925755,-1.354505972,1.858956656,0.6190373779
2.13333333,-0.4940489435,-0.2800840076,-0.07001525279,0.0847036943,0.1710755052,-1.403374808,-2.306399418,-1.521227739,1.517713362,1.326225996
2.14166667,-0.5054938285,-0.2987757162,-0.08305714736,0.09546382929,0.1851340931,-1.344806317,-2.173213513,-1.596441609,1.055769328,2.041112724
2.15000000,-0.5164855445,-0.3162038092,-0.09645242118,0.1023198221,0.2048530908,-1.294461666,-2.004071221,-1.609862354,0.5992509858,2.67057752
2.15833333,-0.5270865905,-0.3320946661,-0.1097687507,0.1056994263,0.2292350541,-1.250856588,-1.805166035,-1.57972971,0.2296896,3.154669973
2.16666667,-0.5373495571,-0.3462204924,-0.122691575,0.106454455,0.2570002556,-1.212964363,-1.581455069,-1.516877474,-0.03074682406,3.484479303
2.17500000,-0.5473089091,-0.3584031364,-0.1349743841,0.1054578731,0.2869340701,-1.177300273,-1.340066882,-1.42699392,-0.1939274649,3.679510683
2.18333333,-0.5569654689,-0.3685269233,-0.1464110874,0.1034289335,0.3180299563,-1.139562547,-1.088614833,-1.314080938,-0.2827093705,3.768072155
2.19166667,-0.5662837182,-0.3765405433,-0.1568154882,0.1008910445,0.3495089622,-1.095388624,-0.8349623786,-1.179576117,-0.3191463443,3.775145815
2.20000000,-0.5751925565,-0.3824600917,-0.1660140558,0.09821113047,0.3807762525,-1.040653509,-0.5873730369,-1.024689017,-0.3190577493,3.719884152
2.20833333,-0.5835885864,-0.3863662529,-0.1738378148,0.09564165963,0.4113718388,-0.9717729452,-0.3527554982,-0.849745545,-0.2942247324,3.615801217
2.21666667,-0.5913415466,-0.3883903935,-0.1801235801,0.09335310057,0.440931929,-0.8859119402,-0.136471382,-0.655789051,-0.2531753218,3.473228487
2.22500000,-0.5983017905,-0.3887019615,-0.1847197905,0.09142929286,0.4691973294,-0.7815456859,0.05800740523,-0.444662033,-0.2082870023,3.307186701
2.23333333,-0.6043171411,-0.3874891297,-0.1874925163,0.08988804182,0.4959983404,-0.6591292797,0.2289526773,-0.2183855708,-0.1611169055,3.121897598
2.24166667,-0.6092378329,-0.3849542944,-0.1883244422,0.08875386772,0.5211776963,-0.5189697599,0.3754248365,0.02050284522,-0.1103933059,2.918135763
2.25000000,-0.6129238832,-0.381292745,-0.1871274227,0.0880612457,0.5445851674,-0.363274969,0.4999350015,0.267782462,-0.0549590296,2.69681546
2.25833333,-0.6152544122,-0.3766750478,-0.1838525582,0.08785446321,0.5660787243,-0.1939268617,0.605425643,0.5181601281,0.006480141629,2.458992181
2.26666667,-0.6161236523,-0.3712449709,-0.1785003392,0.08819007562,0.5855258265,-0.01302739151,0.6956448635,0.7653309528,0.0754017333,2.205884621
2.27500000,-0.6154488391,-0.3651094487,-0.1711228627,0.0891346735,0.6028047713,0.1761405911,0.7755212868,1.003210607,0.1527792176,1.938867747
2.28333333,-0.6131718283,-0.3583367288,-0.1618225847,0.0907618708,0.617805945,0.3711186918,0.8492337173,1.225832551,0.2393175656,1.65948097
2.29166667,-0.609253834,-0.3509618968,-0.150753039,0.09315271646,0.630433036,0.5695852584,0.9206497776,1.426578115,0.3364727201,1.369381768
2.30000000,-0.6036756002,-0.3429899023,-0.1381235951,0.09640310062,0.6406041803,0.7691804222,0.9928531241,1.599685833,0.4456111244,1.070360531
2.30833333,-0.5964384137,-0.3344079995,-0.1241762668,0.100613655,0.6482528182,0.9672667598,1.067384696,1.742045342,0.5672295311,0.7642997447
2.31666667,-0.5875654415,-0.3251882475,-0.1091877965,0.1058957049,0.653328434,1.161411351,1.146179202,1.849161221,0.7026918826,0.4531730222
2.32500000,-0.5770983151,-0.3152910778,-0.0934592193,0.1123619945,0.6557973003,1.349525734,1.229797678,1.919446528,0.8515936909,0.1390221241
2.33333333,-0.5650957098,-0.3046819239,-0.07729917781,0.1201257397,0.65564279,1.529591566,1.316972328,1.952997837,1.013643533,-0.1760908711
2.34166667,-0.5516328767,-0.2933324751,-0.06100691669,0.1292851609,0.6528656294,1.699691527,1.4073636,1.951233019,1.186360619,-0.4900595869
2.35000000,-0.5367995405,-0.2812196638,-0.0448714795,0.1399212761,0.6474842294,1.858246074,1.499941584,1.916189881,1.367218401,-0.8007530076
2.35833333,-0.5206988324,-0.2683336606,-0.02914458393,0.1520789798,0.6395347279,2.00359065,1.592546498,1.854379293,1.550509236,-1.106055028
2.36666667,-0.5034471246,-0.2546818778,-0.01402056998,0.1657520435,0.6290706856,2.134261526,1.683449282,1.772607542,1.729865472,-1.403899134
2.37500000,-0.4851726717,-0.2402856618,0.0003641953682,0.180880279,0.6161628134,2.248809675,1.770920959,1.678399077,1.89844807,-1.692251878
2.38333333,-0.4660152981,-0.2251808903,0.01394101963,0.197342341,0.6008981604,2.345958931,1.853228745,1.579872538,2.048952515,-1.969210165
2.39166667,-0.4461239566,-0.2094180346,0.02670175382,0.2149634348,0.583379228,2.424904139,1.928472278,1.483642889,2.175703979,-2.233000878
2.40000000,-0.4256523226,-0.1930651783,0.03869276779,0.233519347,0.5637273687,2.485118757,1.994517516,1.396148056,2.270927037,-2.479104022
2.40833333,-0.4047588852,-0.1762098142,0.05001257797,0.2526725042,0.542158394,2.526074189,2.048474984,1.323357633,2.316411432,-2.690480798
2.41666667,-0.3836042764,-0.1589650042,0.06079605449,0.2719478998,0.5190248684,2.547827395,2.087710067,1.267658217,2.297428731,-2.851678681
2.42500000,-0.3623489196,-0.1414592933,0.07119139623,0.2907231422,0.494831825,2.550228719,2.110891042,1.230178091,2.191919077,-2.940029816
2.43333333,-0.341154161,-0.1238352975,0.08134790406,0.3081501144,0.4703251509,2.533273268,2.115505354,1.210397249,1.9669379,-2.919507784
2.44166667,-0.3201820322,-0.1062568851,0.09141095889,0.323035993,0.4466210535,2.496795893,2.099959428,1.207148183,1.572656814,-2.737405051
2.45000000,-0.2995948523,-0.0888934629,0.101500916,0.3337332387,0.425322929,2.440899911,2.063540241,1.216168087,0.9533651002,-2.332516533
2.45833333,-0.2795526323,-0.0719269252,0.1116960251,0.3382308736,0.4084615606,2.366184663,2.004730573,1.230653504,0.08747856158,-1.673243247
2.46666667,-0.2602088989,-0.05554108172,0.1219931434,0.3347361017,0.3979519007,2.273308161,1.924252297,1.238245169,-0.9376921627,-0.8323234966
2.47500000,-0.2417133893,-0.03991788737,0.1322634199,0.3227487683,0.3945669487,2.16270179,1.821748297,1.220209584,-1.910561786,0.0009557743702
2.48333333,-0.2242116279,-0.02523510795,0.1421736047,0.3036327785,0.3974413325,2.034950565,1.698841897,1.14539036,-2.621174518,0.6491075129
2.49166667,-0.2078425417,-0.0116578767,0.1510690043,0.2800804381,0.404711854,1.890958467,1.556290341,0.9674840421,-2.967696018,1.05809016
2.50000000,-0.1927411927,0.0006448158208,0.1578411601,0.2552519953,0.4145228215,1.730644258,1.392668385,0.6249320285,-2.9259695,1.268793896
2.50833333,-0.1790430888,0.01148380821,0.1608519059,0.2324071657,0.4254828374,1.554266205,1.203620374,0.05686130362,-2.491888301,1.343592562
2.51666667,-0.1668800911,0.02059435967,0.1581700089,0.2147051752,0.4366813038,1.362275548,0.9746967934,-0.7281900098,-1.708362511,1.333131813
2.52500000,-0.1563811308,0.02754553924,0.148566088,0.2044370295,0.4475592029,1.154920377,0.6795954998,-1.562613568,-0.747801229,1.271124141
2.53333333,-0.1476756663,0.03162783162,0.1327644719,0.202017617,0.4577835057,0.9315499719,0.2786548464,-2.171011309,0.1361941398,1.179102674
2.54166667,-0.1409124822,0.03178104653,0.11355232,0.2060519761,0.4671642341,0.6876302078,-0.268660561,-2.364382246,0.7897562096,1.070198512
2.55000000,-0.1362916724,0.02670881857,0.09457567272,0.2145152892,0.4755960086,0.4159328317,-0.9715669258,-2.124684689,1.206207441,0.9525239866
2.55833333,-0.1340970779,0.0153659925,0.07900052764,0.225660515,0.4830318886,0.1023904013,-1.751440621,-1.578432745,1.444192315,0.831994007
2.56666667,-0.1347610941,-0.002220361667,0.06853705161,0.2382513872,0.4894662251,-0.274405478,-2.437785796,-0.934091496,1.561185854,0.7127414005
2.57500000,-0.1389185818,-0.02453288555,0.06319449436,0.2514525615,0.4949236399,-0.7404501555,-2.864612044,-0.371053881,1.595297536,0.598195188
2.58333333,-0.1474094906,-0.0490398822,0.06191873291,0.2646689197,0.4994601877,-1.316208444,-2.962284811,0.0387010499,1.567532423,0.4921841959
2.59166667,-0.1611458448,-0.07306787402,0.06343735887,0.277445437,0.5031558428,-1.994662773,-2.761266494,0.3047461849,1.49134777,0.3968027365
2.60000000,-0.180791816,-0.09450291136,0.06670184692,0.2894064252,0.5061120045,-2.721259861,-2.360808614,0.4640216522,1.37294255,0.315047163
2.60833333,-0.2063813281,-0.1122244265,0.07096807828,0.3002291313,0.5084465845,-3.404994192,-1.891706734,0.5500866847,1.218749127,0.2478448654
2.61666667,-0.2371861198,-0.1261576234,0.07573720704,0.309627264,0.5102876242,-3.962609885,-1.465621887,0.587800883,1.031803017,0.1965569531
2.62500000,-0.2719760864,-0.1369203015,0.08067097471,0.3173517554,0.5117617738,-4.359973979,-1.134534943,0.5912629199,0.8181086455,0.1594781401
2.63333333,-0.3094251261,-0.1453453768,0.08551852818,0.3232039558,0.5129819211,-4.604061878,-0.9028230443,0.5679990598,0.5835356139,0.1352541082
2.64166667,-0.3483558625,-0.1521908061,0.09007327281,0.3270407122,0.5140412993,-4.720475354,-0.7516671701,0.5216669789,0.3357923245,0.1201135126
2.65000000,-0.3878217429,-0.1580334487,0.09415391077,0.3287883861,0.5149953867,-4.736764166,-0.6582649495,0.4540412588,0.08372264691,0.1091308657
2.65833333,-0.4270870023,-0.1632681287,0.09758177452,0.3284498419,0.5158573132,-4.675487579,-0.6033113948,0.3652500103,-0.1634153975,0.09713307581
2.66666667,-0.4655773085,-0.168157546,0.1001836164,0.3261022929,0.5165974406,-4.553088352,-0.5733771011,0.2556781153,-0.3970865781,0.07909394311
2.67500000,-0.5028352332,-0.1728658905,0.1017842416,0.3218902269,0.5171461596,-4.381339836,-0.5585603164,0.1249551549,-0.6097488116,0.05050413098
2.68333333,-0.5384874083,-0.1774917899,0.1022095025,0.3160149666,0.5174007037,-4.169711751,-0.5522238692,-0.02632317014,-0.7954242909,0.008272654588
2.69166667,-0.5722579217,-0.1820650556,0.1012885718,0.308720612,0.5172434227,-3.931085356,-0.5450844327,-0.1979696304,-0.9497277157,-0.04859284811
2.70000000,-0.6039382522,-0.1865740866,0.09885919094,0.3002797337,0.5165468264,-3.668260879,-0.5370636133,-0.3878575754,-1.070529657,-0.1211535127
2.70833333,-0.633332083,-0.1910177031,0.09478319347,0.2909664848,0.5151858515,-3.382569664,-0.529607562,-0.5926680448,-1.159340662,-0.2076875325
2.71666667,-0.6602553307,-0.1954059976,0.08894931294,0.2810438888,0.5130497066,-3.075617054,-0.5239971375,-0.808907897,-1.217159552,-0.3070212813
2.72500000,-0.6845384841,-0.1997596111,0.08128633224,0.2707533591,0.5100408073,-2.749279898,-0.5214881357,-1.030546548,-1.24867636,-0.4165434402
2.73333333,-0.7060286153,-0.2041092934,0.07177782307,0.2602907056,0.5060858516,-2.405656031,-0.5232340735,-1.250628287,-1.259309547,-0.5337815642
2.74166667,-0.7245909939,-0.2084958583,0.06046860393,0.2498076555,0.501128392,-2.047006267,-0.5307220367,-1.461231566,-1.254601517,-0.6567318925
2.75000000,-0.7401102384,-0.2129760317,0.04747401759,0.2394043176,0.4951332975,-1.675705415,-0.5458840937,-1.653845874,-1.241277905,-0.7823163166
2.75833333,-0.7524910605,-0.2176179327,0.03297498491,0.2291272686,0.4880888394,-1.294194912,-0.5697350978,-1.821043509,-1.225234866,-0.9082404991
2.76666667,-0.7616586693,-0.2225032597,0.01721637389,0.2189780662,0.480000678,-0.9049505848,-0.6047792281,-1.955145669,-1.211019185,-1.032465382
2.77500000,-0.7675589927,-0.2277319547,0.0004925683103,0.2089318342,0.4708914261,-0.5104590723,-0.6523757381,-2.051854456,-1.201058366,-1.152968718
2.78333333,-0.7701586486,-0.2334187424,-0.01686025158,0.1989402998,0.4608002532,-0.1132062364,-0.7150052846,-2.105400038,-1.198241726,-1.267824803
2.79166667,-0.7694450444,-0.2396926673,-0.03447439313,0.188941641,0.4497816243,0.2843041742,-0.7936973277,-2.114251973,-1.202612838,-1.375262995
2.80000000,-0.765426563,-0.2466937117,-0.05196976312,0.1788761796,0.4379044286,0.6795402087,-0.8892603425,-2.076977232,-1.214347821,-1.473646129
2.80833333,-0.7581327597,-0.2545606515,-0.06896197831,0.168683289,0.4252494764,1.069957709,-1.001352621,-1.993918299,-1.232845899,-1.56171535
2.81666667,-0.7476144045,-0.2634187078,-0.08508823581,0.1583148889,0.4119080863,1.453003521,-1.126543471,-1.869791745,-1.256323439,-1.638183659
2.82500000,-0.7339436236,-0.2733619753,-0.100023454,0.1477338522,0.3979814822,1.826118862,-1.260711033,-1.709304552,-1.283636666,-1.702025158
2.83333333,-0.7172136897,-0.2844328607,-0.1135013815,0.1369153921,0.3835779773,2.18678566,-1.395674797,-1.521767143,-1.312947431,-1.75255972
2.84166667,-0.6975385567,-0.296600135,-0.1253406151,0.125852007,0.3688102562,2.532571001,-1.52233052,-1.317837544,-1.342026416,-1.789369176
2.85000000,-0.6750518641,-0.3097571365,-0.1354503113,0.1145554895,0.3537945374,2.861119559,-1.631700336,-1.108487385,-1.368510096,-1.812011049
2.85833333,-0.6499304562,-0.323703144,-0.1438298133,0.1030571319,0.338650115,3.16211733,-1.70812705,-0.9043293605,-1.390116279,-1.820195267
2.86666667,-0.622465058,-0.3380812123,-0.1505653105,0.09140648671,0.3234992518,3.421515963,-1.732510479,-0.7153751644,-1.404656031,-1.813532276
2.87500000,-0.5930656876,-0.3523860634,-0.1558088418,0.07967241248,0.3084655036,3.622795084,-1.687149898,-0.5467700599,-1.409779725,-1.792142107
2.88333333,-0.5623191673,-0.3659323687,-0.1597456344,0.06794247269,0.2936702956,3.73927911,-1.544992214,-0.402380769,-1.403106731,-1.756328045
2.89166667,-0.5310966497,-0.377758372,-0.1625875044,0.05633174228,0.2792319495,3.728347396,-1.266096605,-0.2840475089,-1.380604928,-1.706635794
2.90000000,-0.5007020304,-0.3864937846,-0.1645506053,0.04498218661,0.2652628371,3.529171854,-0.7925635955,-0.1912674939,-1.340016321,-1.643802478
2.90833333,-0.4729904039,-0.3902578278,-0.1658402917,0.034059212,0.2518704582,3.074734061,-0.06503869361,-0.1216239375,-1.277719212,-1.56829023
2.91666667,-0.4502319114,-0.3868392572,-0.1666231957,0.02375132152,0.2391587569,2.345127148,0.9241743963,-0.06851010757,-1.191948212,-1.480503729
2.92500000,-0.4343739376,-0.3744738714,-0.1669990188,0.01426577368,0.2272288149,1.450996218,2.046237232,-0.02118611177,-1.080382804,-1.380657008
2.93333333,-0.425872695,-0.3530621802,-0.1669424534,0.005816764686,0.2161812851,0.6177944078,3.052530191,0.03869723161,-0.9428484546,-1.268749613
2.94166667,-0.4234163084,-0.3245034504,-0.1662395242,-0.001376687153,0.2061163486,0.01614040904,3.738877616,0.1403684098,-0.7795048208,-1.14482763
2.95000000,-0.4248997715,-0.2918224147,-0.1643721817,-0.00710377272,0.1971344841,-0.334190259,4.039652734,0.3260953255,-0.5907165426,-1.008783578
2.95833333,-0.4284553303,-0.2582435221,-0.1604124611,-0.01115263847,0.1893376158,-0.4934448666,3.956598743,0.6521804178,-0.376636894,-0.86037768
2.96666667,-0.4327817787,-0.2269100696,-0.1529786087,-0.0132967695,0.1828302228,-0.529171971,3.503642698,1.165355265,-0.1323882936,-0.6992255597
2.97500000,-0.4370712683,-0.2007428126,-0.1405053689,-0.0132464532,0.1777242935,-0.4910249461,2.733448707,1.847796777,0.1526379932,-0.5235381976
2.98333333,-0.4408473449,-0.181804993,-0.1221294427,-0.01057769134,0.1741510265,-0.4100451316,1.803488989,2.545493098,0.5009540885,-0.3311043886
2.99166667,-0.4438393827,-0.1705128473,-0.09870469046,-0.004631871094,0.1722588815,-0.305273621,0.931925072,3.021681077,0.9447231636,-0.1193189948
3.00000000,-0.4459026833,-0.1657189204,-0.07283861394,0.005501671142,0.1722365063,-0.1885969989,0.2550043235,3.118162226,1.507856152,0.1189646904
3.00833333,-0.4469694812,-0.1656840498,-0.0477985611,0.02078598476,0.1743437349,-0.06712467915,-0.2153694588,2.836265481,2.171367804,0.3942984875
3.01666667,-0.4470231234,-0.1688608165,-0.02626021964,0.04169932778,0.1789597857,0.0537803091,-0.5245132752,2.307089569,2.835238417,0.7245965246
3.02500000,-0.4460862345,-0.1741129764,-0.009514358094,0.06759406486,0.1866432562,0.1700031955,-0.7203913825,1.715527245,3.340260135,1.135012429
3.03333333,-0.444211666,-0.1806475434,0.002543813408,0.0965729209,0.1981714078,0.2783369769,-0.8366610469,1.196952884,3.56159212,1.650988246
3.04166667,-0.4414800611,-0.1878925351,0.01077239976,0.1260692748,0.2144805214,0.3750013127,-0.8931170474,0.7977402355,3.467441801,2.281015429
3.05000000,-0.4380018593,-0.1954001379,0.01614211525,0.1536495534,0.2364130118,0.4571905322,-0.9013543075,0.5065185265,3.118446873,2.990226146
3.05833333,-0.433910191,-0.2027953661,0.01943283866,0.1776761442,0.2643033615,0.5215368681,-0.8668643582,0.2943043376,2.637729463,3.693707301
3.06666667,-0.4293656245,-0.2097420535,0.02119895238,0.1976084298,0.2976855826,0.5655519646,-0.7940643292,0.1369100438,2.15414911,4.294518021
3.07500000,-0.424549533,-0.2159266856,0.0218185391,0.2138008218,0.3354271276,0.586415531,-0.6846060537,0.01708728897,1.748783964,4.734512403
3.08333333,-0.419657237,-0.2210631153,0.02156428336,0.2270410016,0.3761198092,0.5835662244,-0.5428113657,-0.07392786319,1.445406047,5.004917227
3.09166667,-0.4148904808,-0.2248917518,0.02065213035,0.2381396864,0.4184323273,0.5566963609,-0.3716946468,-0.1410755838,1.231060267,5.128005669
3.10000000,-0.4104397408,-0.2271918896,0.01927354582,0.247739871,0.4612607278,0.507940574,-0.1767653957,-0.1861434622,1.08189839,5.133541631
3.10833333,-0.4064757599,-0.2277910812,0.0176129076,0.2562873258,0.50373918,0.4408896289,0.03494975274,-0.2086555695,0.9750509538,5.0479185
3.11666667,-0.4031240529,-0.226590469,0.01585751859,0.264064526,0.5451951685,0.3621731216,0.2534610268,-0.2088160281,0.8947743318,4.890980821
3.12500000,-0.4004517079,-0.2235769767,0.01419849922,0.2712395046,0.5850985318,0.2790791033,0.4682909261,-0.1853492553,0.8289114919,4.677314171
3.13333333,-0.3984643882,-0.2188244657,0.0128325307,0.277901604,0.6230220265,0.1989753638,0.6691408388,-0.1386256543,0.7708976768,4.417310024
3.14166667,-0.3971077734,-0.21249379,0.0119562459,0.2840959793,0.658614222,0.1288038351,0.845265912,-0.06752104051,0.7156964985,4.119281054
3.15000000,-0.3962735613,-0.2048294015,0.01177537862,0.2898172916,0.6916024503,0.07429745808,0.988255419,0.02809217491,0.6566079424,3.793805858
3.15833333,-0.395820651,-0.1961249899,0.01248736391,0.2950297564,0.7217791908,0.03753870992,1.094128976,0.1465795766,0.5939838536,3.444893184
3.16666667,-0.3955928088,-0.1867098152,0.01427925484,0.2997121259,0.7489586997,0.02035326384,1.158691732,0.2868290364,0.5295972347,3.074879618
3.17500000,-0.3954313657,-0.1769220415,0.01731779556,0.3038548688,0.7729755945,0.02139546701,1.183897052,0.4451204957,0.4646705205,2.686298957
3.18333333,-0.3951875355,-0.1670857107,0.02173938698,0.3074586506,0.7936861143,0.03969508144,1.170921791,0.6180775501,0.4004667465,2.281793521
3.19166667,-0.3947304338,-0.1574956497,0.02764231499,0.3105350665,0.8109686998,0.07226886609,1.125861231,0.7993587418,0.3383282495,1.864041044
3.20000000,-0.3939480634,-0.1483924046,0.03506314131,0.3131069561,0.8247240722,0.1172577539,1.055416471,0.9810217139,0.2796156808,1.435704671
3.20833333,-0.3927512903,-0.1399519036,0.04396853004,0.3152108091,0.8348753711,0.1713042294,0.9681206675,1.153951807,0.2264478859,0.9996205825
3.21666667,-0.3910732455,-0.1322833287,0.05424490433,0.3169022629,0.8413719348,0.232453467,0.8713709474,1.308672757,0.1808909132,0.5589832642
3.22500000,-0.388862993,-0.1254348673,0.06570743124,0.3182507321,0.8441850989,0.2985907444,0.7725823332,1.437266515,0.1444874061,0.1159464116
3.23333333,-0.3860905948,-0.1193917865,0.07810202509,0.3193450378,0.8433033642,0.3670035593,0.6790916014,1.531119497,0.1203606649,-0.3274530306
3.24166667,-0.382744944,-0.1140928004,0.09111832945,0.3202957799,0.8387322573,0.4358947067,0.5943524113,1.585787576,0.1105256611,-0.7691552299
3.25000000,-0.3788288259,-0.1094526627,0.1044076291,0.3212356638,0.8304948243,0.5036646915,0.5215263276,1.595912752,0.11798053,-1.206925118
3.25833333,-0.3743576774,-0.1053653506,0.1175832925,0.3223171144,0.8186371487,0.5688641376,0.4615321477,1.558092531,0.1450420866,-1.637460938
3.26666667,-0.3693587307,-0.1017234859,0.1302393726,0.3237098158,0.803231894,0.6301181005,0.4148015175,1.470899907,0.1928504789,-2.05788808
3.27500000,-0.3638701034,-0.09841760431,0.1419630588,0.3255899948,0.7843747143,0.6861955248,0.3804558422,1.335224458,0.2615881399,-2.465462549
3.28333333,-0.3579394744,-0.09535236303,0.1523679805,0.3281226711,0.7621842214,0.7360463136,0.3569531244,1.154847903,0.3490999411,-2.857426112
3.29166667,-0.3516222318,-0.09244084709,0.1611046814,0.331444754,0.7368018377,0.7788524886,0.3433106934,0.9364728817,0.449688065,-3.23107462
3.30000000,-0.3449808353,-0.08960954086,0.1678990835,0.3356326542,0.708390994,0.8136007865,0.3373743179,0.6904867093,0.5555807989,-3.583799385
3.30833333,-0.3380879291,-0.08680053365,0.1725697267,0.3406769717,0.6771544383,0.8391233323,0.3376707559,0.4290166758,0.6516497483,-3.906932802
3.31666667,-0.3310220042,-0.08396983067,0.1750439737,0.3464095513,0.643391175,0.855087621,0.3422432882,0.165571166,0.7174377035,-4.188332839
3.32500000,-0.3238635225,-0.08109036402,0.1753554238,0.3524934591,0.6075024053,0.8613127619,0.3490134834,-0.08850728034,0.7323309913,-4.414212142
3.33333333,-0.3166941216,-0.07815292988,0.1736205901,0.3583995556,0.5700356531,0.857704411,0.3557776355,-0.3240320833,0.6693681046,-4.562480462
3.34166667,-0.309595764,-0.07516959073,0.1700280346,0.3633280909,0.5317735227,0.8442050166,0.3594677129,-0.5336486453,0.4905238279,-4.597773695
3.35000000,-0.3026535967,-0.07217629059,0.1648057479,0.3661098186,0.4938672754,0.8201490916,0.3578711257,-0.7147952546,0.1436969006,-4.466431352
3.35833333,-0.2959555216,-0.06922618515,0.1581940411,0.3650763144,0.4579863587,0.7856893798,0.3485010779,-0.8675460464,-0.435443398,-4.100006884
3.36666667,-0.2895863862,-0.06640280019,0.1504179103,0.3580889198,0.4263340513,0.7413050295,0.3267824871,-0.9949927539,-1.286536879,-3.4482083
3.37500000,-0.2836262471,-0.06382313277,0.1416610525,0.3430420022,0.4011865625,0.6876195649,0.2891756497,-1.104226325,-2.34489491,-2.56081292
3.38333333,-0.278150618,-0.06164062831,0.1320312083,0.319038575,0.3837591697,0.6250898509,0.2310346458,-1.207560974,-3.390801137,-1.636618972
3.39166667,-0.273232687,-0.06004183694,0.1215028761,0.2872561356,0.3733903049,0.5536338229,0.148375036,-1.323236579,-4.180181566,-0.8935848406
3.40000000,-0.2689497457,-0.05924446925,0.1098683525,0.2504096261,0.3681293733,0.4726895225,0.03775017529,-1.477938298,-4.599391733,-0.4111756112
3.40833333,-0.2653811637,-0.05950437315,0.09667419268,0.2116199245,0.3659294334,0.3821453853,-0.1063781752,-1.702855279,-4.651940389,-0.1469998786
3.41666667,-0.2626085018,-0.06113102042,0.08120883564,0.1738043299,0.365272225,0.2815614756,-0.2918850462,-2.026498878,-4.371435036,-0.02976820498
3.42500000,-0.2607189919,-0.06451707899,0.06263149197,0.1395564989,0.3651881092,0.1698627187,-0.5310835134,-2.444117533,-3.806029952,-0.001769579894
3.43333333,-0.2598182913,-0.07017902884,0.04040325457,0.1109279144,0.3650988125,0.04358294614,-0.8414536903,-2.884067905,-3.042053948,-0.02618439043
3.44166667,-0.2600427812,-0.07880376638,0.01489191708,0.08903224804,0.3646686569,-0.1008424385,-1.24630334,-3.205594278,-2.214541998,-0.08062791298
3.45000000,-0.2615711066,-0.09125626445,-0.0122991504,0.07383015107,0.3637089424,-0.2710985396,-1.760394227,-3.269590246,-1.452756517,-0.1515800063
3.45833333,-0.2646636498,-0.1083920747,-0.03874825493,0.06445170692,0.3621212473,-0.4788669069,-2.361202244,-3.030563795,-0.821350373,-0.2302811726
3.46666667,-0.2697081968,-0.1306054987,-0.0621690032,0.05977292001,0.3598639348,-0.7432652851,-2.958099951,-2.563783447,-0.3218896054,-0.3115266325
3.47500000,-0.2772831304,-0.1572822428,-0.08125032709,0.05878619139,0.3569337186,-1.090942822,-3.407993181,-2.013885074,0.0691648903,-0.3911468275
3.48333333,-0.2881998638,-0.1866534178,-0.09584991621,0.06069385884,0.3533589915,-1.549434845,-3.590313538,-1.502840652,0.3764095099,-0.4656851761
3.49166667,-0.3034551187,-0.2162479629,-0.1065576184,0.0648775498,0.3491944473,-2.1316192,-3.461680822,-1.083378612,0.6177396698,-0.5322665614
3.50000000,-0.3239929297,-0.2436079959,-0.114158749,0.07083783143,0.3445173287,-2.807344236,-3.069429157,-0.7539355796,0.8039971177,-0.5881092745
3.50833333,-0.3502701449,-0.2670061617,-0.1193069394,0.07814060812,0.3394329424,-3.491702985,-2.534087666,-0.4903623201,0.9406179829,-0.6295478083
3.51666667,-0.3819210548,-0.285822518,-0.1224550234,0.08638893607,0.3340720716,-4.080818913,-1.99046698,-0.2711178445,1.031414019,-0.6537751163
3.52500000,-0.417819716,-0.3004223442,-0.1239044523,0.09520535763,0.3285947904,-4.505193599,-1.531363715,-0.08073810534,1.077329988,-0.6570955531
3.53333333,-0.456514476,-0.3116592686,-0.1238600274,0.104222387,0.3231899622,-4.75333992,-1.183719331,0.08816917226,1.079452112,-0.6357286782
3.54166667,-0.49661198,-0.3204280838,-0.1224825824,0.1130732698,0.3180765454,-4.846997288,-0.9350321305,0.2393257758,1.037384987,-0.5864609415
3.55000000,-0.5369559634,-0.3274428659,-0.119926256,0.1213951454,0.3134993347,-4.817721202,-0.7583786822,0.3710629982,0.9527515825,-0.5067343039
3.55833333,-0.5766454138,-0.3332003362,-0.1163524108,0.1288384973,0.3097185702,-4.694059133,-0.6294453213,0.4831552618,0.8272316016,-0.3955975698
3.56666667,-0.6149901928,-0.3380102658,-0.1119341917,0.135079702,0.3069898057,-4.498103589,-0.5285798518,0.5736668641,0.6652132461,-0.2547524182
3.57500000,-0.651457045,-0.3420537813,-0.1068540905,0.1398489764,0.3055384509,-4.245635708,-0.4435484865,0.6415564388,0.4755108929,-0.09005200483
3.58333333,-0.6856259874,-0.3454215212,-0.1013102903,0.1429571969,0.3055345742,-3.948241246,-0.365494727,0.6849164508,0.2688221866,0.09089383215
3.59166667,-0.7171598821,-0.3481531385,-0.09550753692,0.1443230244,0.3070660192,-3.614477862,-0.2901547116,0.7034939942,0.05985730333,0.2763934207
3.60000000,-0.7457862655,-0.3502538216,-0.08965743604,0.143990015,0.3101200078,-3.251949301,-0.2132694961,0.6962180341,-0.1364756954,0.4543119931
3.60833333,-0.7713031089,-0.3516951896,-0.0839741129,0.1421230576,0.3145851768,-2.868983332,-0.1320263268,0.6633860524,-0.3060097787,0.6134769348
3.61666667,-0.7935544361,-0.3524451336,-0.07867462,0.1389927782,0.3202741194,-2.468664436,-0.04750203819,0.6041523969,-0.4383996853,0.7470764374
3.62500000,-0.8124066936,-0.3524808997,-0.0739754479,0.1349396593,0.3269491068,-2.053652172,0.03917507941,0.5193693621,-0.5267363066,0.8497242744
3.63333333,-0.8277485722,-0.3517899007,-0.0700900476,0.1303458553,0.3343483212,-1.626618168,0.1266571339,0.4091153746,-0.5677941538,0.9207175067
3.64166667,-0.8394917206,-0.3503728803,-0.06721676054,0.1256009414,0.3422115092,-1.190584545,0.2131273593,0.2772238965,-0.5636294095,0.9615817185
3.65000000,-0.847576119,-0.3482445643,-0.06552057518,0.1210717563,0.3502966598,-0.7489138783,0.2971446932,0.1272497061,-0.5169677454,0.9746849431
3.65833333,-0.8519638201,-0.3454312555,-0.06513002294,0.117083006,0.3583887921,-0.3037153517,0.3772774957,-0.03495890832,-0.4350251715,0.963532704
3.66666667,-0.8526338705,-0.3419726351,-0.06611538408,0.1138938825,0.3662988598,0.1429842266,0.4516266466,-0.2015075161,-0.3267722372,0.9317531461
3.67500000,-0.849582233,-0.3379261656,-0.06847621772,0.1116853782,0.373868698,0.5891489149,0.5180512054,-0.3636076041,-0.2011336576,0.8822884774
3.68333333,-0.8428219342,-0.3333653085,-0.07213864997,0.1105618171,0.3809650501,1.032716192,0.5748230609,-0.5124628473,-0.06806824082,0.8187563664
3.69166667,-0.8323833101,-0.3283773786,-0.0769565872,0.1105471363,0.387482857,1.471597797,0.6200535563,-0.6393340081,0.06365850121,0.7437850214
3.70000000,-0.8183164116,-0.3230723324,-0.08270462881,0.1115977548,0.3933353774,1.902840313,0.6505723006,-0.7340814956,0.1863938233,0.6594331683
3.70833333,-0.8007000174,-0.3175802662,-0.08908166467,0.1136123854,0.3984533982,2.323022469,0.6643712927,-0.7894176678,0.2945275103,0.5679029623
3.71666667,-0.7796377007,-0.3120545675,-0.09573792209,0.1164573988,0.4027872062,2.729401497,0.658462449,-0.8003511152,0.3850068187,0.4715701901
3.72500000,-0.755256011,-0.3066675619,-0.1022864343,0.1199747279,0.4063045642,3.11921301,0.630550866,-0.7632492001,0.4560490939,0.372232377
3.73333333,-0.7277044384,-0.3016084547,-0.1083243316,0.1240044725,0.4089872133,3.48972601,0.5796751245,-0.6775505204,0.5077810346,0.2714988591
3.74166667,-0.6971547807,-0.2970708,-0.1134469096,0.1283865333,0.4108301747,3.838334224,0.5058292198,-0.5445206645,0.5409917289,0.1710254324
3.75000000,-0.663799689,-0.2932354036,-0.117279913,0.1329723577,0.4118434286,4.162658596,0.4114160445,-0.3685266534,0.5567270911,0.0726247516
3.75833333,-0.6278595445,-0.290249612,-0.1194887614,0.1376197929,0.4120502947,4.456648047,0.3047970123,-0.1566386759,0.5562219485,-0.02228689455
3.76666667,-0.5896396346,-0.2881402684,-0.1198240363,0.142204654,0.4114851425,4.708228942,0.2037714603,0.07923640334,0.5419820198,-0.1124654703
3.77500000,-0.5495382149,-0.2867868706,-0.1181335798,0.1466191357,0.4101920503,4.905916234,0.12702427,0.3274330237,0.5156271209,-0.1968245379
3.78333333,-0.508071234,-0.285885542,-0.1143680573,0.1507692804,0.4082244521,5.032364101,0.1000810199,0.5753050625,0.4786928302,-0.2739942608
3.79166667,-0.465939248,-0.2848861964,-0.1085765362,0.1545715006,0.4056503835,5.059752152,0.1573365162,0.8119569787,0.432481946,-0.3422280737
3.80000000,-0.4241343538,-0.282898247,-0.100891665,0.1579580486,0.4025473655,4.945216103,0.3465620937,1.028496227,0.3793400415,-0.4008513719
3.80833333,-0.3840795749,-0.278575325,-0.09150347822,0.1608814524,0.3989974998,4.628739895,0.7280946945,1.220698001,0.3216387921,-0.4493077375
3.81666667,-0.347720206,-0.2700751315,-0.08061301098,0.1633123141,0.3950915736,4.050606968,1.355508645,1.38913594,0.2617865717,-0.4861282368
3.82500000,-0.3173082305,-0.2553186917,-0.06840613544,0.1652492035,0.3909283827,3.211033966,2.217569255,1.537981527,0.2036016313,-0.5110677662
3.83333333,-0.2945735604,-0.2328649546,-0.05500800126,0.1667219161,0.38660634,2.242292302,3.165385999,1.67680525,0.1514398847,-0.5242398645
3.84166667,-0.2796610948,-0.2030198861,-0.04044632215,0.1678018491,0.3822267312,1.368869944,3.952473954,1.820026852,0.1099135868,-0.5247048868
3.85000000,-0.2711002047,-0.16790388,-0.02461362811,0.1686032486,0.3778965483,0.7274540282,4.416005182,1.985262189,0.08589827809,-0.5124654494
3.85833333,-0.2668921977,-0.1303941519,-0.007250216268,0.1693093597,0.3737195269,0.3162933556,4.530692417,2.18972207,0.08893414836,-0.4880212032
3.86666667,-0.2653583414,-0.09325050451,0.01201354887,0.1701971145,0.3697968187,0.0745572655,4.33690969,2.441081658,0.1320107483,-0.4512264285
3.87500000,-0.2653489701,-0.05880885425,0.03352427343,0.1716698703,0.3662365843,-0.05818162424,3.892955246,2.72314034,0.2330805718,-0.4009365033
3.88333333,-0.266143681,-0.02885732319,0.0573227015,0.174317381,0.363154404,-0.1239387809,3.273488555,2.976245171,0.4190420732,-0.3362522294
3.89166667,-0.2673028672,-0.004477610523,0.08276663248,0.1789799594,0.3606796426,-0.1489952779,2.571633067,3.099616023,0.7218304408,-0.2542359641
3.90000000,-0.2685585587,0.01401453657,0.1083428552,0.1867407694,0.358984772,-0.1490741155,1.87255398,2.994557547,1.165019891,-0.1478945285
3.90833333,-0.2697462906,0.02688754878,0.1319294444,0.1987547094,0.3583114488,-0.1340009611,1.228309234,2.624261557,1.734213938,-0.006467435426
3.91666667,-0.2707653383,0.03468272771,0.1515217215,0.2157439814,0.3590243333,-0.1094419312,0.6541386017,2.05567343,2.336605437,0.1884935988
3.92500000,-0.2715574722,0.03797393205,0.1660405843,0.2373465384,0.3616749986,-0.08016034503,0.1457616629,1.432452877,2.813365608,0.4634142276
3.93333333,-0.2720968038,0.03726942024,0.1756114003,0.2618736824,0.3670543568,-0.04923500091,-0.306118884,0.8835945779,3.020288862,0.8483538922
3.94166667,-0.2723808974,0.03301435733,0.1811104248,0.286769296,0.3761793602,-0.01932337779,-0.7070932026,0.4567084162,2.900913806,1.363468136
3.95000000,-0.272428403,0.02562054473,0.1835225554,0.3094227108,0.3900948732,0.007106544408,-1.059286244,0.137796333,2.496007378,1.990081403
3.95833333,-0.2722815782,0.01549721154,0.1836173357,0.3278946616,0.4094458657,0.0267551963,-1.361696855,-0.1055888824,1.921510449,2.650679556
3.96666667,-0.2720083551,0.003065460861,0.1818841914,0.3413897652,0.4340590859,0.03708300627,-1.613371983,-0.3050961082,1.324120805,3.235760659
3.97500000,-0.271700134,-0.01124351821,0.1785939302,0.3501946328,0.4629454448,0.03438787899,-1.812028286,-0.4814870744,0.8077120583,3.667837599
3.98333333,-0.2714805022,-0.02698536004,0.1738931607,0.3551948126,0.4946951492,0.01510748956,-1.956763187,-0.6452587677,0.4128999645,3.923563751
3.99166667,-0.2715069611,-0.04370396815,0.1678665406,0.3573938935,0.5278961928,-0.02532569124,-2.046316067,-0.7997393793,0.1317563773,4.020907848
4.00000000,-0.271975219,-0.06092966975,0.16058531,0.3576347022,0.5613602971,-0.09167574974,-2.078441098,-0.9459983224,-0.06176674779,3.992125181
4.00833333,-0.2731207904,-0.07818152432,0.1521331835,0.3565280651,0.5941668562,-0.1885948193,-2.052176971,-1.080357663,-0.1959903042,3.867693634
4.01666667,-0.2752148759,-0.09496609189,0.1426168416,0.3544745018,0.6256228673,-0.3197606519,-1.966592097,-1.200837428,-0.2919400212,3.671407389
4.02500000,-0.2785505383,-0.1107988517,0.1321699694,0.3517239079,0.6552062147,-0.4865189727,-1.824230068,-1.30308071,-0.3655546311,3.420672091
4.03333333,-0.2834157342,-0.1252263612,0.1209551907,0.3484163709,0.6825173942,-0.6861530475,-1.630511085,-1.385019659,-0.4266958131,3.127851879
4.04166667,-0.2900531706,-0.1378640039,0.1091477363,0.3446297815,0.7072450897,-0.909993382,-1.397041221,-1.444833538,-0.4815194022,2.801925061
4.05000000,-0.2986150303,-0.1484439875,0.09694296898,0.3403959891,0.7291437837,-1.145362877,-1.139929256,-1.480230981,-0.5345910369,2.450221164
4.05833333,-0.3091259966,-0.1568557201,0.08454721813,0.3357125998,0.7480367703,-1.374776026,-0.8802391962,-1.490396193,-0.5899265148,2.081680985
4.06666667,-0.3214627262,-0.1631654355,0.07217775948,0.330556051,0.7638015822,-1.58086689,-0.6386579355,-1.473703166,-0.6480606879,1.69986405
4.07500000,-0.335375551,-0.1675924954,0.060060024,0.3249086757,0.7763377853,-1.751434762,-0.4306711713,-1.429934202,-0.7073470018,1.307226286
4.08333333,-0.3505278982,-0.170475228,0.04842492893,0.3187672581,0.7855655425,-1.877509105,-0.2693602583,-1.35775603,-0.7665042397,0.9062540634
4.09166667,-0.3665368411,-0.1722235514,0.03750817903,0.3121363458,0.7914257488,-1.956968906,-0.1588181817,-1.257594182,-0.8246675474,0.499424359
4.10000000,-0.3830199737,-0.1732665876,0.02754411311,0.305028564,0.7938798723,-1.991692011,-0.1000128547,-1.12927516,-0.8807484176,0.08920707895
4.10833333,-0.3996179654,-0.174022832,0.01875623909,0.297466775,0.7929099611,-1.98527152,-0.08922289499,-0.9758737824,-0.9333587012,-0.3219352297
4.11666667,-0.4160093887,-0.1748723242,0.0113413227,0.2894865798,0.7885185663,-1.943051446,-0.1211954816,-0.8005314192,-0.9809478246,-0.7315348938
4.12500000,-0.4319151308,-0.1761385538,0.005456130139,0.281135044,0.7807289407,-1.869686108,-0.1874609613,-0.6100984153,-1.022236773,-1.137094094
4.13333333,-0.4470977119,-0.1780646576,0.001191144609,0.2724715158,0.76958513,-1.770071605,-0.2781728213,-0.4130914694,-1.055535355,-1.536125703
4.14166667,-0.4613562021,-0.1808143568,-0.001436223612,0.2635696342,0.7551519676,-1.648652805,-0.3832349853,-0.2188312312,-1.079178846,-1.926116427
4.15000000,-0.4745241606,-0.1844625173,-0.002493475785,0.2545161887,0.737515282,-1.508832907,-0.4922015228,-0.03797043972,-1.091672786,-2.30455055
4.15833333,-0.4864618041,-0.1890040618,-0.002131953483,0.2454106421,0.7167818434,-1.354014518,-0.5962213064,0.1200249953,-1.091195902,-2.66892318
4.16666667,-0.4970582488,-0.1943634126,-0.0005841965887,0.2363735226,0.693079115,-1.187380644,-0.6872806959,0.2453403655,-1.074996556,-3.016778208
4.17500000,-0.50622572,-0.2004059765,0.001846706339,0.2275415302,0.6665546478,-1.011466271,-0.7596706359,0.3310293182,-1.041475907,-3.345758986
4.18333333,-0.5138969914,-0.206967201,0.004811088415,0.219071086,0.6373749955,-0.82869819,-0.8113003897,0.3728948406,-0.9881215351,-3.653672755
4.19166667,-0.5200248361,-0.2138642944,0.007931077009,0.2111326317,0.605724075,-0.6414188968,-0.8404244835,0.3681193472,-0.9132886621,-3.938560238
4.20000000,-0.5245809996,-0.2209138884,0.01081990787,0.2039105796,0.5718009925,-0.4518653539,-0.8477817911,0.3176217294,-0.8163384018,-4.198739904
4.20833333,-0.5275556164,-0.2279347679,0.01310108632,0.1975888085,0.5358183946,-0.262194807,-0.8339998486,0.2231479365,-0.6979884924,-4.431997824
4.21666667,-0.5289562921,-0.2347610646,0.01443685811,0.192298284,0.4980428153,-0.07448230111,-0.8011812183,0.09173590281,-0.5714345874,-4.626834994
4.22500000,-0.528810048,-0.2412355353,0.01454442662,0.1880516646,0.458839984,0.108594739,-0.7497012552,-0.07013893495,-0.4500307505,-4.7727722
4.23333333,-0.5271653907,-0.2472109778,0.01321545842,0.1847299909,0.418667453,0.2848295769,-0.6818636276,-0.2510018543,-0.353346736,-4.856889646
4.24166667,-0.5240869498,-0.252559821,0.01033965793,0.1820180633,0.3781190127,0.4523980819,-0.5995878168,-0.4395946399,-0.3089699648,-4.858911461
4.25000000,-0.519657219,-0.2571663298,0.005895353111,0.1793319035,0.3379987386,0.608593262,-0.5037840936,-0.6259193832,-0.3544519578,-4.747781443
4.25833333,-0.5139816815,-0.2609226369,-6.431881621e-05,0.1757254477,0.2994270218,0.7511332293,-0.3958977885,-0.8022689285,-0.5387615807,-4.47877472
4.26666667,-0.5071811931,-0.2637364429,-0.007436973308,0.1698161127,0.2639406943,0.8781170304,-0.2777432007,-0.9648046352,-0.9149289863,-3.999104241
4.27500000,-0.4993967133,-0.2655272659,-0.01610851098,0.1598680828,0.2334504951,0.9870564439,-0.1509991644,-1.114478578,-1.507233362,-3.279094259
4.28333333,-0.4907833931,-0.2662406366,-0.02599011614,0.1442584156,0.2098238632,1.076712583,-0.01956810898,-1.256638094,-2.25198213,-2.371349579
4.29166667,-0.4815118516,-0.2658457214,-0.03706111424,0.1224073747,0.193995908,1.144851297,0.1142151191,-1.402113992,-2.970007668,-1.439439194
4.30000000,-0.4717619,-0.2643511215,-0.04940595934,0.09537043546,0.1854201477,1.191512205,0.2432421176,-1.564830889,-3.471846432,-0.6520437717
4.30833333,-0.4617170024,-0.261824794,-0.06322578707,0.06539469307,0.1825342083,1.21545856,0.3601940858,-1.757734831,-3.670424891,-0.07552815351
4.31666667,-0.4515661551,-0.2584164476,-0.07879651495,0.03501740831,0.1836381386,1.217130829,0.452281398,-1.984116742,-3.574967192,0.313498255
4.32500000,-0.4414905301,-0.2544099143,-0.096338732,0.006480044966,0.1873840597,1.197366672,0.5000601313,-2.225480398,-3.239579291,0.5672547967
4.33333333,-0.4316702363,-0.2502767199,-0.1157943824,-0.01850580861,0.1928443709,1.155934249,0.4772524978,-2.432085221,-2.735231179,0.7312986703
4.34166667,-0.4222848562,-0.2467536993,-0.1365551663,-0.03885147068,0.1994103848,1.092884749,0.3466457756,-2.523229755,-2.138790013,0.8366792178
4.35000000,-0.4135231944,-0.2449152121,-0.157266351,-0.05409630566,0.2066819326,1.005224928,0.06683904058,-2.406048634,-1.520977873,0.9031263253
4.35833333,-0.4056178903,-0.2461228574,-0.1759059336,-0.06426872132,0.2143889595,0.8862426345,-0.3847586125,-2.021458199,-0.9265946861,0.9427223799
4.36666667,-0.3988733147,-0.2516953128,-0.1902698998,-0.0696569206,0.2223421706,0.7237539851,-0.9648513001,-1.393269578,-0.3740884818,0.9633890884
4.37500000,-0.3937335844,-0.2621630812,-0.1988183497,-0.070614012,0.2304060001,0.4968805873,-1.528733219,-0.655029039,0.1383607567,0.9698710786
4.38333333,-0.3908474677,-0.2766122367,-0.2013606627,-0.06744329801,0.2384790868,0.1784264927,-1.893345936,0.02310024168,0.6179038526,0.9662979729
4.39166667,-0.3910768729,-0.2928537918,-0.1988837232,-0.06039045203,0.2464916791,-0.2534885676,-1.950249996,0.5423774418,1.070243252,0.9557712572
4.40000000,-0.3953913759,-0.3082550319,-0.1927769749,-0.04968678239,0.2543960977,-0.798618132,-1.699806108,0.898565971,1.493507173,0.9407415601
4.40833333,-0.4045778816,-0.3205615301,-0.1842582345,-0.03559122997,0.2621647559,-1.410536785,-1.227258484,1.128931555,1.883080016,0.923622873
4.41666667,-0.4188382517,-0.3284657864,-0.1741764488,-0.01842410263,0.2697934358,-2.000020946,-0.6665117897,1.281079737,2.229029091,0.907720394
4.42500000,-0.4376027784,-0.331767356,-0.1630275046,0.001419124098,0.2773044218,-2.480163514,-0.1388239986,1.38997355,2.524221493,0.895776476
4.43333333,-0.4597421084,-0.3310630325,-0.1510645935,0.02348149013,0.2847451635,-2.806328921,0.2882238191,1.479072854,2.760627832,0.8916869549
4.44166667,-0.4839468035,-0.3272832054,-0.1383969039,0.0472526483,0.2921978514,-2.978685526,0.6005064912,1.560443443,2.933430504,0.8994052579
4.45000000,-0.5090280341,-0.3213309839,-0.1250643175,0.07218669185,0.2997819516,-3.02167502,0.8135105829,1.639162549,3.039142977,0.9240373443
4.45833333,-0.5340306005,-0.3139288463,-0.1110880071,0.09771136277,0.3076615933,-2.964440208,0.9526236588,1.714390784,3.075019556,0.9713014084
4.46666667,-0.5582285242,-0.3055983977,-0.09650188473,0.1232344234,0.3160496643,-2.832295577,1.039540228,1.785219617,3.038374631,1.047017504
4.47500000,-0.5810802526,-0.2966989754,-0.08135823367,0.1481470206,0.3252052519,-2.644029183,1.091751324,1.847567761,2.928302217,1.156251119
4.48333333,-0.6021789372,-0.2874632207,-0.06574196662,0.1718371049,0.3354215519,-2.413478522,1.121705833,1.8980529,2.74571462,1.301729316
4.49166667,-0.6212150073,-0.2780448488,-0.04976655808,0.1937265324,0.3469959831,-2.150399024,1.136785353,1.933280016,2.49763394,1.481249315
4.50000000,-0.6379494262,-0.2685406029,-0.03357139197,0.2133145623,0.3601811737,-1.862373184,1.143342467,1.950240649,2.196230612,1.686164527
4.50833333,-0.6522159817,-0.2589917926,-0.01731895061,0.2302404645,0.3751231716,-1.559720727,1.148342038,1.946848235,1.862429005,1.899918674
4.51666667,-0.6639162069,-0.2494019677,-0.001185597544,0.2443319068,0.3918165399,-1.246781573,1.153189204,1.921277343,1.520306416,2.102873299
4.52500000,-0.6729726791,-0.2397724808,0.01463471567,0.2556219749,0.4100871697,-0.9255681078,1.157849869,1.871404653,1.193558661,2.275729983
4.53333333,-0.6793251253,-0.2301082338,0.02993589568,0.2643216908,0.4296185369,-0.598161001,1.161227335,1.796779917,0.9014805578,2.403217777
4.54166667,-0.6829307309,-0.2204246371,0.04450869345,0.2707799078,0.4499909236,-0.2666865377,1.162443588,1.696141642,0.6574222597,2.476688599
4.55000000,-0.6837646016,-0.2107414702,0.05813003521,0.275426191,0.4707438355,0.06669614313,1.161035529,1.568581308,0.4667173474,2.494818134
4.55833333,-0.6818198033,-0.2010830215,0.07057829392,0.2787062903,0.4914255742,0.3998342991,1.156384745,1.414457344,0.3294506193,2.460413434
4.56666667,-0.677107393,-0.191479812,0.08163291668,0.28105655,0.5116213324,0.7305624492,1.147617223,1.234709856,0.2425225143,2.379222574
4.57500000,-0.6696564092,-0.1819703345,0.09109401587,0.2828727395,0.530966825,1.056740544,1.133719382,1.032347641,0.2003650334,2.257585205
4.58333333,-0.6595135133,-0.1726015351,0.09878779605,0.284502813,0.5491518062,1.376272563,1.113670534,0.8117260634,0.1963377788,2.101708822
4.59166667,-0.6467427522,-0.1634295826,0.10459311,0.286224859,0.5659168052,1.687090739,1.086270084,0.5803475019,0.221194564,1.917498084
4.60000000,-0.6314250122,-0.1545207236,0.108451135,0.2882458435,0.5810462397,1.987225568,1.050339377,0.3458427161,0.2663730187,1.710130798
4.60833333,-0.6136572517,-0.1459507594,0.1103756987,0.2906936488,0.5943662372,2.27478803,1.004753867,0.1180044842,0.3220593593,1.48379177
4.61666667,-0.5935517077,-0.1378047268,0.1104642614,0.2936151785,0.6057344612,2.548011187,0.9482816303,-0.09303185383,0.3783790964,1.242457222
4.62500000,-0.5712348074,-0.1301837712,0.1089003063,0.2969785269,0.6150425956,2.80525986,0.8783911979,-0.2773371807,0.427144009,0.9898656197
4.63333333,-0.5468459316,-0.1232049555,0.1059337526,0.3006977499,0.6222092447,3.045056983,0.7940055337,-0.4285753345,0.4627981019,0.7290028747
4.64166667,-0.5205360089,-0.1169980065,0.1018701222,0.3046405687,0.6271779621,3.266108556,0.6927008375,-0.5396614526,0.4801787636,0.4628508006
4.65000000,-0.4924660306,-0.1117087228,0.09705484197,0.3086461061,0.6299167326,3.467299481,0.5736586725,-0.6088548552,0.4777165606,0.1942863583
4.65833333,-0.4628054949,-0.1074912174,0.09184608133,0.3125427523,0.6304170973,3.647701765,0.4353999143,-0.634064184,0.453923391,-0.07391024083
4.66666667,-0.4317319237,-0.1045006066,0.08659853308,0.3161562934,0.6286934412,3.805576713,0.2800220429,-0.618756487,0.4100529127,-0.3390318511
4.67500000,-0.3994779714,-0.1028364464,0.0816388987,0.3193225126,0.6247825674,3.928663588,0.1197559018,-0.565773504,0.3465916552,-0.5983534442
4.68333333,-0.3663789781,-0.1024784817,0.07725095655,0.3218826768,0.6187464086,4.006725821,-0.03096738724,-0.4831512089,0.2649938187,-0.8485467361
4.69166667,-0.3328564605,-0.1032816594,0.07364735426,0.3236930165,0.6106732084,4.027839493,-0.1557755366,-0.378646294,0.1668241543,-1.086821791
4.70000000,-0.2994562788,-0.1049379455,0.07097835478,0.3246202544,0.6006734103,3.973748198,-0.2310486009,-0.2603607747,0.05314829856,-1.310338456
4.70833333,-0.266910639,-0.1069046447,0.06932253462,0.3245369441,0.5888858336,3.817412054,-0.2240935149,-0.1368050412,-0.07549526106,-1.515393303
4.71666667,-0.2362191,-0.1083312099,0.06869392242,0.3233253053,0.5754752171,3.521822888,-0.09408791915,-0.01471295375,-0.2174680353,-1.699307686
4.72500000,-0.2087148465,-0.1080143077,0.06906265362,0.3208767681,0.5606339135,3.046233651,0.2003400074,0.1022592244,-0.3721094359,-1.858265601
4.73333333,-0.1860145339,-0.1044799453,0.07038522381,0.3170941364,0.5445798652,2.36939396,0.6765087676,0.2147076753,-0.5375023758,-1.989764303
4.74166667,-0.1696663192,-0.09637571464,0.07264246789,0.3118916871,0.5275567952,1.53649195,1.280587109,0.3277431962,-0.7123425352,-2.09061228
4.75000000,-0.1604972554,-0.0831577685,0.07587209794,0.305204761,0.5098257744,0.6713634189,1.876204191,0.4497883058,-0.8931969988,-2.159114763
4.75833333,-0.1581741683,-0.06556849806,0.08019432797,0.2970051127,0.4916651156,-0.08769284005,2.308122536,0.5918836178,-1.074076337,-2.194008668
4.76666667,-0.1614652708,-0.04538793211,0.08581939304,0.2873266787,0.4733519959,-0.6717937805,2.491335538,0.7635043332,-1.246491747,-2.195484539
4.77500000,-0.1688956367,-0.02475681155,0.09300657364,0.2762884542,0.455163181,-1.085919779,2.42005638,0.9658110104,-1.397406038,-2.164842423
4.78333333,-0.1791958369,-0.00565333445,0.1019565984,0.2641550683,0.4373500227,-1.367373175,2.133505732,1.181527663,-1.505481043,-2.105685612
4.79166667,-0.191423368,0.01036681122,0.1126153361,0.2513928725,0.4201419978,-1.554170622,1.690865104,1.366146005,-1.542776161,-2.020100433
4.80000000,-0.2049181283,0.02228519164,0.1244390694,0.2387456755,0.4037465108,-1.675524074,1.160425495,1.447358877,-1.470551846,-1.911170133
4.80833333,-0.2192207632,0.02963403628,0.1362178195,0.2273158138,0.3883488362,-1.750716559,0.6032100568,1.341682235,-1.242943911,-1.780589812
4.81666667,-0.2340030425,0.0323857331,0.1460970476,0.2185589747,0.3741373801,-1.792336781,0.06197630249,0.9856622031,-0.8270401488,-1.625363092
4.82500000,-0.2490223931,0.03076128149,0.1519762057,0.2139818896,0.3613552912,-1.808507469,-0.4458653422,0.3924815682,-0.2524078215,-1.435592484
4.83333333,-0.2640911691,0.02504798665,0.1523055573,0.2144513782,0.3503463189,-1.805138692,-0.9200958928,-0.3189928531,0.3557703222,-1.196655377
4.84166667,-0.2790650823,0.01550443871,0.1468057621,0.2195093038,0.3416011851,-1.786302782,-1.366410044,-0.9796471464,0.8207629968,-0.8888540432
4.85000000,-0.2938288569,0.002335346147,0.1364538543,0.2273768227,0.3357772091,-1.755213071,-1.79048375,-1.472616267,1.018075278,-0.4932952964
4.85833333,-0.3082931563,-0.01426923062,0.1227836091,0.2356752075,0.3336354211,-1.714960381,-2.189949348,-1.779840074,0.9294857581,-0.006713801605
4.86666667,-0.3223947748,-0.03407172921,0.1071916832,0.2422549277,0.3358424832,-1.668657888,-2.55624464,-1.942418711,0.6210846917,0.5426298629
4.87500000,-0.3360953677,-0.05675460977,0.09067289212,0.2457083892,0.3426870527,-1.619200626,-2.879552928,-2.010112853,0.1981763957,1.094233067
4.88333333,-0.3493837241,-0.08190895256,0.0738329673,0.2455355665,0.353890723,-1.570526513,-3.147269019,-2.025452487,-0.233852278,1.578370766
4.89166667,-0.3622834294,-0.1090292135,0.05698111252,0.2419877935,0.3686729111,-1.526555868,-3.349877021,-2.016773136,-0.6038962257,1.94835011
4.90000000,-0.3748546389,-0.1375381656,0.04023809601,0.2357232948,0.3860118472,-1.492521399,-3.479954822,-2.001091226,-0.8838793279,2.192151576
4.90833333,-0.3872027345,-0.1668129853,0.02362860613,0.2275017494,0.4048878075,-1.474064812,-3.533201001,-1.985461947,-1.07551867,2.320550971
4.91666667,-0.3994835192,-0.1962015378,0.007137958756,0.2180017087,0.4244263036,-1.477465987,-3.506589692,-1.972627761,-1.193830321,2.354760331
4.92500000,-0.4119060642,-0.2250303509,-0.00924910424,0.2077556646,0.4439315077,-1.509023001,-3.398668192,-1.960366694,-1.257396303,2.315874203
4.93333333,-0.4247269857,-0.2526207029,-0.02553038232,0.1971575888,0.4628693629,-1.573671977,-3.209851288,-1.946571295,-1.28049534,2.221133111
4.94166667,-0.4382317246,-0.2783104796,-0.04167901557,0.1864930406,0.4808319188,-1.672959892,-2.943435946,-1.927995838,-1.275108627,2.083654201
4.95000000,-0.4526962619,-0.3014896548,-0.05763656426,0.1759591187,0.4975057494,-1.8027854,-2.609639319,-1.899943982,-1.250292995,1.913164863
4.95833333,-0.4683296178,-0.3216647614,-0.07331244274,0.1656935561,0.5126470888,-1.951166027,-2.225603964,-1.860081275,-1.211453766,1.716924662
4.96666667,-0.4852191735,-0.3385069423,-0.08859697642,0.1557819547,0.5260794594,-2.100736791,-1.814207923,-1.805501505,-1.167248349,1.505227733
4.97500000,-0.5032860674,-0.3519000438,-0.1033553952,0.1462408402,0.5377089146,-2.230285995,-1.402183704,-1.733406815,-1.122524288,1.284434333
4.98333333,-0.5222831108,-0.3619420562,-0.1174325237,0.1370752067,0.5474651177,-2.321588639,-1.013221107,-1.641778185,-1.076998971,1.055874545
4.99166667,-0.5418375012,-0.3689002945,-0.1306626952,0.1282965861,0.5552890258,-2.362215148,-0.6646984559,-1.530028297,-1.029493758,0.8209178244
5.00000000,-0.5614993472,-0.3731623161,-0.1428708825,0.1199233099,0.5611334219,-2.347138626,-0.3673979028,-1.396046363,-0.9796946639,0.5810437299
5.00833333,-0.5808038972,-0.3751764752,-0.1538654718,0.1119755832,0.564963627,-2.277045349,-0.1251783589,-1.238829511,-0.927284468,0.3377619891
5.01666667,-0.5993116819,-0.3753984729,-0.1634525985,0.1044772657,0.5667574245,-2.156881594,0.06280728141,-1.058003018,-0.8717417736,0.09255307934
5.02500000,-0.6166322911,-0.3742707234,-0.1714342357,0.09745692959,0.5665050139,-1.993348528,0.1997962744,-0.8539654765,-0.8124604726,-0.1530751714
5.03333333,-0.6324331248,-0.3721973533,-0.177625389,0.09094856518,0.5642092165,-1.793431758,0.290547593,-0.6284875532,-0.7487457636,-0.3976077276
5.04166667,-0.6464391912,-0.369539947,-0.1818601151,0.08499229071,0.5598854406,-1.563665363,0.3413360816,-0.3854338103,-0.6798248291,-0.6395409634
5.05000000,-0.6584283716,-0.3665984369,-0.1840164043,0.07963489621,0.5535614927,-1.310130505,0.3596076884,-0.1304854015,-0.6048761025,-0.8774195261
5.05833333,-0.6682237111,-0.3636154724,-0.1840201728,0.07493000732,0.5452767902,-1.03810024,0.3529620948,0.1297043528,-0.5230902009,-1.109891034
5.06666667,-0.6756907917,-0.3607592627,-0.1818656805,0.07093792843,0.5350822244,-0.7519524803,0.3306633209,0.3859228139,-0.4336757043,-1.335553757
5.07500000,-0.6807279269,-0.3581225011,-0.1776277041,0.06772756543,0.5230402469,-0.4556421014,0.3018723442,0.6278705525,-0.3350484448,-1.553068354
5.08333333,-0.6832675237,-0.3557213968,-0.1714689125,0.06538412042,0.5092235864,-0.1530915241,0.2754451529,0.8454757601,-0.2255226235,-1.761271793
5.09166667,-0.6832709764,-0.3535050781,-0.1636258426,0.06400048939,0.4937151164,0.1525111345,0.2583783546,1.030977777,-0.1044407102,-1.958909323
5.10000000,-0.6807258842,-0.3513781523,-0.1543926806,0.06368225381,0.4766072133,0.4580389704,0.2546848956,1.178200269,0.03038950458,-2.144964624
5.10833333,-0.675645745,-0.3492116844,-0.1441065966,0.06454505925,0.4580009231,0.7604185944,0.2683061522,1.28315983,0.1791283376,-2.318362531
5.11666667,-0.6680693704,-0.3468574736,-0.1331281278,0.06671040706,0.4380053922,1.056631939,0.2997368281,1.344470365,0.3429648833,-2.478232142
5.12500000,-0.6580607289,-0.3441638643,-0.1218163692,0.07029808568,0.4167369688,1.343659934,0.3497841989,1.363447288,0.5202669712,-2.623726886
5.13333333,-0.645709638,-0.3409801313,-0.1105122513,0.07541264965,0.3943222748,1.618203184,0.4171924626,1.343522699,0.7075365932,-2.751752479
5.14166667,-0.6311351104,-0.337162621,-0.09951578789,0.08206950165,0.3709619111,1.876749649,0.501869917,1.290734775,0.8876938162,-2.84875276
5.15000000,-0.6144834421,-0.3325718885,-0.08906816557,0.0901479607,0.3469545745,2.116238192,0.6023160864,1.213332701,1.046192563,-2.905343479
5.15833333,-0.5959286524,-0.3270821475,-0.07933911073,0.09939673556,0.3226867929,2.33272217,0.7177464429,1.119637948,1.165102973,-2.908776923
5.16666667,-0.5756779716,-0.3205693172,-0.07042963436,0.1093899302,0.2986724413,2.522793288,0.8476545213,1.017942296,1.220070674,-2.84063092
5.17500000,-0.5539676202,-0.3129137869,-0.06237685386,0.1194689923,0.2756144912,2.682284085,0.9920475897,0.9149142527,1.180083264,-2.67408169
5.18333333,-0.531066756,-0.3039978555,-0.05517248069,0.1286907607,0.2544759775,2.80792599,1.150052829,0.8148862362,1.008048166,-2.37383334
5.19166667,-0.507273764,-0.2937091825,-0.04878152859,0.135809064,0.2365177752,2.895987933,1.32121818,0.7197378332,0.6709806539,-1.906097719
5.20000000,-0.4829115776,-0.2819459423,-0.04316695129,0.1393954481,0.2232051675,2.944009773,1.503784387,0.6279969584,0.1641081521,-1.261520546
5.20833333,-0.4583214375,-0.2686227387,-0.03831941955,0.1382331616,0.2158464302,2.950736721,1.694663704,0.5345007516,-0.4515652745,-0.4923752145
5.21666667,-0.4338485071,-0.2536957203,-0.03428596251,0.1319343217,0.2150165841,2.916080505,1.887447324,0.4312157142,-1.044005128,0.2830888458
5.22500000,-0.4098255596,-0.2371864675,-0.03118724059,0.1212783474,0.2202437914,2.84338737,2.072280226,0.3085394266,-1.47884081,0.9458214292
5.23333333,-0.3865547427,-0.2192162011,-0.02922063021,0.1079291892,0.23030969,2.736501312,2.235541788,0.1583748758,-1.684972138,1.441551891
5.24166667,-0.3642923516,-0.2000422705,-0.02863183888,0.09384761133,0.2438285018,2.602561724,2.357309424,-0.02140573037,-1.657548004,1.779140294
5.25000000,-0.3432338747,-0.1801143908,-0.02962307549,0.08087040871,0.2596154808,2.448715648,2.411594116,-0.2168359424,-1.426515433,1.99202208
5.25833333,-0.3235183862,-0.1601289596,-0.03218363747,0.07050966667,0.2767766627,2.2811928,2.364988934,-0.389504107,-1.038273451,2.114081806
5.26666667,-0.3052385126,-0.1410872252,-0.03587487035,0.06384327187,0.2946733576,2.104643311,2.178348288,-0.4755254029,-0.5500786474,2.172221164
5.27500000,-0.2884646653,-0.1243215992,-0.0396538064,0.06146121208,0.3128520974,1.919409867,1.813256247,-0.3987193744,-0.018661133,2.184246267
5.28333333,-0.2732843954,-0.1114035236,-0.04192716954,0.06352954638,0.3309829365,1.721022681,1.257154861,-0.1110991101,0.5120852878,2.162403944
5.29166667,-0.2598433483,-0.1037580994,-0.0409851851,0.06991786186,0.3488223549,1.500056494,0.5643429544,0.3598284987,1.015636994,2.115258197
5.30000000,-0.2483851621,-0.1019943096,-0.03576230254,0.08036235133,0.3661818186,1.242147141,-0.1260519242,0.8904784831,1.484945903,2.048234643
5.30833333,-0.2392904706,-0.1054055668,-0.02638347352,0.09456237519,0.3829192592,0.9300290248,-0.6554470341,1.337257914,1.916857254,1.966639788
5.31666667,-0.2330786823,-0.1122173295,-0.01392408016,0.1122020728,0.3989287868,0.5481984595,-0.9352176152,1.625283701,2.309530688,1.874125509
5.32500000,-0.2303635883,-0.1202848533,0.0002806636145,0.1329209287,0.4141345287,0.09144129814,-0.9619435379,1.761622362,2.654245143,1.774422746
5.33333333,-0.231723025,-0.1276888984,0.01513461329,0.1562773091,0.4284955132,-0.4251080571,-0.7874080248,1.789425974,2.940404087,1.672122045
5.34166667,-0.237503752,-0.1330705569,0.0299315304,0.1817375997,0.4420066958,-0.9611638688,-0.4910777762,1.754762424,3.15777301,1.571160159
5.35000000,-0.247647346,-0.1357688582,0.04430498385,0.2086886782,0.454700805,-1.463086983,-0.1567841331,1.69221316,3.297274087,1.476913105
5.35833333,-0.2616661908,-0.1357649549,0.05811624977,0.2364634414,0.4666556288,-1.885515759,0.1489563191,1.622167113,3.354911075,1.394873764
5.36666667,-0.278786883,-0.1334664422,0.07134790795,0.2643702935,0.4779994202,-2.205659256,0.390157013,1.554404771,3.328597459,1.331395094
5.37500000,-0.2981382892,-0.1294704519,0.08404122159,0.2917043968,0.4889145851,-2.422195931,0.5569278438,1.492795418,3.217478665,1.293068468
5.38333333,-0.3189040341,-0.1243703307,0.09624271847,0.3177634951,0.4996362973,-2.547797169,0.6569359535,1.436550069,3.022691448,1.285826702
5.39166667,-0.3403921734,-0.1186724542,0.1079913883,0.3418601854,0.5104415043,-2.598169561,0.7027602142,1.383326426,2.747499687,1.313400505
5.40000000,-0.3620417932,-0.1127677566,0.1192974277,0.363351896,0.5216201473,-2.588851373,0.7087370463,1.329648822,2.399202042,1.374850272
5.40833333,-0.3834073171,-0.106941452,0.1301405503,0.3816855658,0.533427853,-2.531856099,0.6854430656,1.271845059,1.992659706,1.462379897
5.41666667,-0.4041334972,-0.1014023787,0.1404760831,0.3964559595,0.5460280167,-2.436783632,0.641089531,1.207273788,1.547925237,1.562154267
5.42500000,-0.4239340037,-0.09629718895,0.1502341008,0.407449778,0.5594430759,-2.310759862,0.5822478798,1.132740335,1.090740158,1.654520601
5.43333333,-0.4425781429,-0.0917230838,0.1593190261,0.4146729208,0.573527893,-2.161023581,0.5151914453,1.045233298,0.6471002396,1.719825005
5.44166667,-0.4599156365,-0.08770747963,0.1676115266,0.4183294988,0.5879916289,-1.997971344,0.448655306,0.9423169446,0.2373554575,1.743828701
5.45000000,-0.4758456674,-0.0842448062,0.1749782374,0.4187643091,0.6024505685,-1.82340404,0.3824034915,0.8228035868,-0.1243131735,1.717705642
5.45833333,-0.4902762199,-0.08133438039,0.1812734608,0.4164109838,0.6164759463,-1.638232855,0.3160417614,0.6846478837,-0.4309054448,1.639961214
5.46666667,-0.5031229246,-0.07897887994,0.1863312514,0.4117435847,0.6296471697,-1.443478663,0.249166858,0.525757064,-0.6799005681,1.513546667
5.47500000,-0.5143107071,-0.07718406625,0.1899778171,0.4052328588,0.6415828926,-1.240255287,0.1813921661,0.3456905626,-0.8735227945,1.344483101
5.48333333,-0.5237732962,-0.07595972312,0.1920318569,0.3973311955,0.6519563003,-1.029638618,0.1121579717,0.1438211071,-1.014541404,1.139752778
5.49166667,-0.5314543357,-0.07532053771,0.192317941,0.3884573104,0.6604993561,-0.8128967382,0.0408429543,-0.07857812076,-1.107311281,0.9062777648
5.50000000,-0.5373080171,-0.07528681511,0.1906720357,0.3789962045,0.6669993453,-0.5912727168,-0.03328401867,-0.3189522794,-1.156727453,0.6504505636
5.50833333,-0.5412987218,-0.07588520814,0.1869678266,0.3692800963,0.6712927683,-0.3659973302,-0.1109829845,-0.5717665179,-1.169557414,0.3776629892
5.51666667,-0.5434015231,-0.0771485128,0.1811257507,0.3595853809,0.673260713,-0.1384004695,-0.1929956649,-0.8305868455,-1.152971282,0.09296881274
5.52500000,-0.5436027042,-0.07911578278,0.1731335179,0.350120969,0.6728201944,0.09016513225,-0.2800420263,-1.086216965,-1.115910348,-0.1996049916
5.53333333,-0.5418998767,-0.08183432219,0.1630606588,0.3410171719,0.6699236616,0.3183320658,-0.373716623,-1.327990048,-1.067927001,-0.495906108
5.54166667,-0.5383021194,-0.08536708262,0.1510684377,0.3323278453,0.6645538934,0.5447168067,-0.475543625,-1.545285443,-1.017890761,-0.7926410927
5.55000000,-0.5328300839,-0.08978419737,0.1373989956,0.3240349626,0.656720709,0.767926167,-0.5862379373,-1.729016143,-0.9739835777,-1.086592871
5.55833333,-0.525515929,-0.09516927295,0.122365179,0.3160645662,0.6464606153,0.9866057037,-0.7080781307,-1.871899207,-0.9411024034,-1.374567497
5.56666667,-0.5164030022,-0.1016167503,0.1063268676,0.3083066818,0.6338367253,1.199400467,-0.8413816192,-1.96925419,-0.9236776541,-1.653373626
5.57500000,-0.5055461036,-0.1092281648,0.08967743759,0.3006239156,0.6189383567,1.404936252,-0.987307655,-2.018766332,-0.923035556,-1.919941836
5.58333333,-0.4930108657,-0.1181015273,0.07281052702,0.2928724046,0.6018803214,1.602011946,-1.144127732,-2.021520694,-0.9403355205,-2.171171745
5.59166667,-0.4788728522,-0.1283242853,0.05610711604,0.2849054244,0.5828029781,1.789399264,-1.310591099,-1.980465309,-0.9745767053,-2.404003773
5.60000000,-0.4632223858,-0.1399537135,0.03990808133,0.2765802601,0.5618759661,1.963223913,-1.479305252,-1.901614053,-1.026356372,-2.614498357
5.60833333,-0.4462271024,-0.1529392195,0.02449618405,0.2677557869,0.5392984545,2.110440671,-1.633696867,-1.792951519,-1.094086993,-2.799594928
5.61666667,-0.4281476947,-0.1671017021,0.01008429236,0.258300284,0.5152982833,2.22169273,-1.758966878,-1.663167286,-1.177961969,-2.955205652
5.62500000,-0.4093337278,-0.1821205155,-0.003191666386,0.2480788357,0.490136072,2.284147988,-1.835527887,-1.521944133,-1.277883988,-3.077904146
5.63333333,-0.3902647237,-0.1974918663,-0.01527418326,0.2369556716,0.4641035644,2.279116857,-1.83902984,-1.3779998,-1.394330892,-3.163508506
5.64166667,-0.3716106667,-0.2124859882,-0.02616650793,0.2247955648,0.4375226488,2.179345456,-1.739551089,-1.237023791,-1.526861462,-3.208788737
5.65000000,-0.3543040189,-0.2260970365,-0.03591072059,0.2114664452,0.4107429916,1.949418681,-1.500775799,-1.10297846,-1.674505807,-3.210978789
5.65833333,-0.339578658,-0.2370198652,-0.04457351309,0.1968500148,0.3841317814,1.554904571,-1.090105419,-0.977450208,-1.835209165,-3.168324257
5.66666667,-0.3288843186,-0.2437662721,-0.05222058683,0.1808555062,0.3580610605,0.9846381753,-0.5024505761,-0.8586341116,-2.004452665,-3.081385153
5.67500000,-0.3235176475,-0.2450688122,-0.0588914843,0.1634423965,0.3328887491,0.2909130234,0.1997852846,-0.7425185412,-2.17360049,-2.953624169
5.68333333,-0.3240623389,-0.2404714636,-0.06458632547,0.1446590171,0.3089338827,-0.4121158519,0.8888181069,-0.6227523221,-2.331354998,-2.790283587
5.69166667,-0.3300792168,-0.2306740876,-0.06923841181,0.1246660046,0.2864584733,-1.006847376,1.429292492,-0.4910619027,-2.460800691,-2.600141601
5.70000000,-0.3403738068,-0.2172843643,-0.07271715385,0.1037805156,0.265645916,-1.435067136,1.743910907,-0.340002509,-2.541919496,-2.392784645
5.70833333,-0.3535490233,-0.2022738021,-0.07484216345,0.08250038394,0.2466014931,-1.702825005,1.820037599,-0.1662613036,-2.551262071,-2.177182391
5.71666667,-0.3684017118,-0.1875597784,-0.07543885658,0.0615330126,0.2293604205,-1.843809572,1.677427615,0.02458005965,-2.462125516,-1.961134397
5.72500000,-0.384026752,-0.174827551,-0.0744530062,0.04181651683,0.2139081412,-1.893565718,1.35124646,0.2073685876,-2.246432412,-1.74791758
5.73333333,-0.3997850548,-0.1654183524,-0.07214106036,0.02452423684,0.2002202768,-1.879673149,0.8887591207,0.3330194549,-1.87583771,-1.537516106
5.74166667,-0.4152323532,-0.1602347871,-0.0692334039,0.0110387716,0.188282913,-1.821610547,0.3467821108,0.341051865,-1.331617423,-1.326954502
5.75000000,-0.4300583299,-0.1597059782,-0.06688338095,0.002770993936,0.1781242915,-1.732296695,-0.2197261885,0.1979012483,-0.6310371002,-1.109094788
5.75833333,-0.444044927,-0.1638437074,-0.06627262521,0.0007454139363,0.1698476196,-1.621470091,-0.7676224815,-0.06435563135,0.1479721297,-0.8733231444
5.76666667,-0.4570403901,-0.1723698295,-0.06802867918,0.005095342834,0.1636543426,-1.495373755,-1.269448358,-0.3523724013,0.8757753586,-0.6063927026
5.77500000,-0.4689411489,-0.1848274005,-0.07195727582,0.01485936445,0.1598722086,-1.359655606,-1.708677165,-0.5746692317,1.431745277,-0.2920671171
5.78333333,-0.4796890589,-0.2006381979,-0.07732186784,0.02830938021,0.1589600876,-1.219497201,-2.072419772,-0.6961929627,1.756027563,0.08463321408
5.79166667,-0.4892663064,-0.2191348362,-0.08331439199,0.04347658073,0.161479799,-1.079399094,-2.352330598,-0.73001686,1.847600114,0.5319032974
5.80000000,-0.497692928,-0.2395978338,-0.08933290448,0.0585560078,0.1680042149,-0.9443951027,-2.543796138,-0.7077376204,1.743462497,1.042724187
5.80833333,-0.5050352169,-0.2612819467,-0.09503483583,0.07215787268,0.1789542559,-0.8199584108,-2.645538561,-0.6580895378,1.504217074,1.587522748
5.81666667,-0.511405786,-0.2834406855,-0.1002834693,0.08345442084,0.1944248183,-0.7121479601,-2.658077438,-0.6013151647,1.20272629,2.118549558
5.82500000,-0.5169692203,-0.3053430154,-0.1050656116,0.09221746467,0.2140886736,-0.6273738098,-2.584474477,-0.5471224704,0.9056027912,2.586833066
5.83333333,-0.5219446198,-0.326282812,-0.1094219422,0.09868360676,0.2372749142,-0.5720580077,-2.427490457,-0.4996807364,0.6564569885,2.960730338
5.84166667,-0.526599824,-0.3455790864,-0.1134118058,0.1033392663,0.2631440961,-0.5511103956,-2.191035263,-0.4587520605,0.4719253913,3.230837167
5.85000000,-0.5312323256,-0.362594156,-0.117084337,0.1067291432,0.2908494782,-0.5666898114,-1.881051092,-0.4233189013,0.3516195222,3.403137326
5.85833333,-0.536139815,-0.3767537936,-0.1204721717,0.1093459731,0.3196303481,-0.6163595654,-1.507650035,-0.3898492962,0.284098952,3.491541969
5.86666667,-0.5415738697,-0.3875886896,-0.1235795343,0.1115756308,0.3488483462,-0.6908885805,-1.086441232,-0.3555786326,0.2567608576,3.510385324
5.87500000,-0.5476846957,-0.3947873104,-0.1263882025,0.1137072755,0.3779795073,-0.7759444907,-0.6388386516,-0.3176345215,0.2589535705,3.472504011
5.88333333,-0.5544830102,-0.398231434,-0.1288550151,0.1159463094,0.4065955344,-0.8526506017,-0.189569197,-0.2730366248,0.2811830696,3.388238572
5.89166667,-0.5618231048,-0.3980075042,-0.1309119702,0.1184292328,0.4343435289,-0.903655733,0.2382283075,-0.2187931704,0.3164793189,3.265328327
5.90000000,-0.5694381928,-0.3943702564,-0.132467253,0.121242338,0.4609277308,-0.9168447734,0.6269517873,-0.1522771471,0.3597292657,3.109845026
5.90833333,-0.5769805415,-0.3877001764,-0.1334107205,0.1244283652,0.4861083742,-0.8854952657,0.9644164621,-0.07152250895,0.4043091577,2.930562829
5.91666667,-0.5840718096,-0.378454628,-0.1336128606,0.1279712246,0.5097224662,-0.8090548133,1.244826463,0.02591942531,0.4454402537,2.734003897
5.92500000,-0.5903500816,-0.3671120412,-0.1329286601,0.1318440289,0.5316298536,-0.69114976,1.467688851,0.1415374717,0.4835841557,2.521122178
5.93333333,-0.5954929121,-0.3541514474,-0.1311959451,0.1360241788,0.5516988682,-0.5376886904,1.633561081,0.2777970108,0.5192880746,2.293002332
5.94166667,-0.5992308904,-0.3400339257,-0.1282415554,0.1404934727,0.5698075287,-0.3550960003,1.745828093,0.4348676263,0.553070324,2.050860779
5.95000000,-0.6013479616,-0.3251958808,-0.1238892292,0.1452385844,0.5858447131,-0.1497934809,1.807350559,0.6129666419,0.5856218202,1.796069713
5.95833333,-0.6016793667,-0.3100419701,-0.117972272,0.1502526814,0.5997110832,0.07260413558,1.822052078,0.8102195785,0.6177502273,1.530130694
5.96666667,-0.6001052628,-0.2949435334,-0.1103428671,0.155535566,0.6113202521,0.3068463912,1.795275902,1.022758393,0.6502955784,1.254614365
5.97500000,-0.5965447485,-0.2802154491,-0.1009031153,0.1610949392,0.6205994507,0.5485139029,1.734256972,1.243737581,0.6842791087,0.971224367
5.98333333,-0.5909537083,-0.266113746,-0.08961121819,0.1669467945,0.6274903758,0.7936559948,1.646464787,1.465629912,0.7206403429,0.6817318473
5.99166667,-0.5833163071,-0.2528222338,-0.076502172,0.1731150439,0.631949767,1.039052083,1.541495794,1.677986779,0.7604804211,0.3879641874
6.00000000,-0.573645526,-0.2404413135,-0.06170524039,0.1796382761,0.6339497585,1.281135517,1.429579738,1.868734668,0.8062198601,0.09179247543
6.00833333,-0.561981342,-0.2289880748,-0.04544621176,0.1865712734,0.6334783165,1.516992618,1.320325441,2.027367828,0.8588960388,-0.2048550337
6.01666667,-0.5483875511,-0.2184112137,-0.02802749643,0.1939782683,0.6305396411,1.743769097,1.2200969,2.145692337,0.9205464555,-0.5000167293
6.02500000,-0.5329513106,-0.2086119356,-0.009816080041,0.2019428608,0.625154243,1.958747967,1.134579739,2.216791807,0.9927246604,-0.7917420306
6.03333333,-0.5157818815,-0.1994550056,0.008777654273,0.2105586624,0.6173589301,2.159250284,1.066072778,2.237090634,1.077185153,-1.078072668
6.04166667,-0.4970132841,-0.1907891195,0.02732501805,0.2199287106,0.6072066413,2.342009243,1.01702163,2.205678951,1.173672961,-1.357109135
6.05000000,-0.4768052208,-0.1824527034,0.04539989933,0.2301538721,0.5947658698,2.504299642,0.9869002025,2.124303197,1.282084358,-1.62700484
6.05833333,-0.4553392255,-0.1742868918,0.06260441932,0.2413161108,0.5801235176,2.643340521,0.9760838617,1.997746726,1.396899747,-1.883993627
6.06666667,-0.4328246509,-0.1661321466,0.07858979012,0.2534176606,0.5634332404,2.755468201,0.9842018709,1.833145865,1.505258682,-2.116992342
6.07500000,-0.4094968924,-0.1578306115,0.09307698008,0.2663465722,0.5449300822,2.837779481,1.01157322,1.639834424,1.592875114,-2.317540177
6.08333333,-0.3856214478,-0.1492174982,0.1058693479,0.2798600231,0.5249280743,2.886561651,1.058680485,1.428252227,1.642276898,-2.474490598
6.09166667,-0.3614912399,-0.140130715,0.1168601575,0.2935486492,0.5038556951,2.898288293,1.125420464,1.209023526,1.630660009,-2.571128602
6.10000000,-0.3374274516,-0.1304060378,0.1260226157,0.3067878274,0.4823098462,2.870039861,1.211865144,0.9907308816,1.528932245,-2.583318126
6.10833333,-0.313773322,-0.1198811649,0.1333932383,0.31867991,0.4611272302,2.799722194,1.317237891,0.7798497508,1.300789279,-2.477664684
6.11666667,-0.2908861935,-0.1084043667,0.1390489153,0.3280128337,0.4414493132,2.68632334,1.439254732,0.5794485338,0.9092363695,-2.216090904
6.12500000,-0.2691164764,-0.09586449868,0.1430832192,0.3333123121,0.42470695,2.531725995,1.571500861,0.3905951394,0.3322882452,-1.771485097
6.13333333,-0.2487916989,-0.08220849163,0.1455836436,0.3331105027,0.4123836829,2.3407788,1.705116327,0.2106996561,-0.4005358571,-1.164141889
6.14166667,-0.230185803,-0.06747992549,0.1466108152,0.3264868669,0.4055106837,2.12053178,1.826424609,0.03594525417,-1.185292371,-0.4842915385
6.15000000,-0.2135029437,-0.0518504662,0.1461761541,0.3136339259,0.4041414955,1.881046956,1.917925991,-0.1408302081,-1.871683338,0.1357379319
6.15833333,-0.1988588639,-0.03565405868,0.144239677,0.2958816398,0.4073451356,1.632935726,1.958875992,-0.3255810973,-2.348859376,0.6044247755
6.16666667,-0.1862846823,-0.01940734131,0.1407148299,0.2751811801,0.4137394224,1.385693206,1.92601682,-0.5225533736,-2.577491464,0.9032073808
6.17500000,-0.1757459814,-0.003824393691,0.1355041522,0.253589165,0.4219993921,1.144949874,1.795611705,-0.7285214642,-2.567174601,1.058606058
6.18333333,-0.1671753307,0.01017521523,0.1285941268,0.2329751174,0.4310911885,0.9137615351,1.541285112,-0.9260764246,-2.348577418,1.10895292
6.19166667,-0.1604880501,0.02144332321,0.1201921225,0.2149120726,0.4402832585,0.6926426882,1.136037201,-1.079141064,-1.962387405,1.087339983
6.20000000,-0.1556157974,0.02864406187,0.1108715099,0.2005932155,0.4490799116,0.4771506835,0.5643592334,-1.13846425,-1.459143022,1.017322963
6.20833333,-0.1525379547,0.0304201028,0.1015816903,0.1907595262,0.457151408,0.2606827807,-0.1595967964,-1.068811985,-0.8956056041,0.9154560389
6.21666667,-0.1512993682,0.02574742675,0.09338097986,0.1856852684,0.46427938,0.03378637489,-0.9665901013,-0.8851480573,-0.3248748215,0.792589994
6.22500000,-0.1520430765,0.01441973237,0.08693874573,0.185255826,0.4703255542,-0.2174400905,-1.734483282,-0.6624303957,0.2142343514,0.6568633909
6.23333333,-0.1550329906,-0.002714958929,0.08221975566,0.1890922275,0.4752081248,-0.50819368,-2.343618801,-0.4820707275,0.6951007772,0.5142867276
6.24166667,-0.1606698586,-0.02400240311,0.07868113803,0.196625433,0.4788932427,-0.8553103829,-2.724842223,-0.3808454868,1.098970903,0.3703337366
6.25000000,-0.1694819136,-0.04745832392,0.07567655631,0.2071621551,0.4813900944,-1.271692551,-2.865725247,-0.349885426,1.414603826,0.2298661745
6.25833333,-0.18206005,-0.07116627571,0.07273019642,0.2199463238,0.482746233,-1.757716704,-2.791952826,-0.3619894192,1.638073944,0.09740435326
6.26666667,-0.198910977,-0.09353987922,0.06959763858,0.2342068852,0.4830521937,-2.291539221,-2.555867296,-0.391014796,1.769493627,-0.02131584067
6.27500000,-0.2202629227,-0.1135059048,0.06621457363,0.2491926735,0.4824438795,-2.828898406,-2.227011638,-0.4198688982,1.812715613,-0.1208760294
6.28333333,-0.2459155056,-0.1306072629,0.06262761605,0.2641868641,0.4811070721,-3.315196698,-1.879569019,-0.438793344,1.772165136,-0.1951519998
6.29166667,-0.275258437,-0.1449318566,0.05893449289,0.278511613,0.4792770565,-3.709547063,-1.567488775,-0.4451490065,1.652865225,-0.2383517819
6.30000000,-0.3074302574,-0.156912064,0.05524202395,0.2915299027,0.4772351032,-3.992774631,-1.319204526,-0.439201433,1.459432363,-0.2452882647
6.30833333,-0.3415008959,-0.1671054029,0.05164044908,0.3026444614,0.4752982393,-4.166896073,-1.138018479,-0.4236909165,1.197286156,-0.2130270551
6.31666667,-0.3766110131,-0.1760420057,0.04820159499,0.3113164309,0.4737896284,-4.24485559,-1.015324635,-0.4008494584,0.8751849472,-0.1433565967
6.32500000,-0.4120244824,-0.1841510406,0.04496581882,0.3171016056,0.4729957883,-4.242230412,-0.9370751201,-0.3756283257,0.5069016231,-0.04292855922
6.33333333,-0.4471323203,-0.1917452776,0.041938173,0.3196878597,0.4731229253,-4.173676862,-0.8898155828,-0.3514302812,0.1109989891,0.07499235826
6.34166667,-0.4814350187,-0.1990405041,0.03909848548,0.3189363505,0.474247692,-4.050764913,-0.8638701478,-0.3310077491,-0.2903574454,0.1936374018
6.35000000,-0.5145193487,-0.2061803613,0.03640134354,0.3148956253,0.4763049547,-3.882618568,-0.8513283263,-0.3177593592,-0.6748600372,0.2960409477
6.35833333,-0.5460392513,-0.2132496587,0.03377334564,0.3077904474,0.4790952551,-3.676302101,-0.8461012522,-0.3149949992,-1.023237223,0.3678188665
6.36666667,-0.5757011773,-0.2202894748,0.03111368834,0.2979767171,0.4823285128,-3.437522162,-0.8436562716,-0.3257926714,-1.323147606,0.4012913875
6.37500000,-0.6032651412,-0.2273000153,0.02829982962,0.28589153,0.48566913,-3.174449949,-0.8379317008,-0.3521989487,-1.567791743,0.3935938682
6.38333333,-0.6285543638,-0.2342410241,0.02519770359,0.2720037616,0.4887810283,-2.891846184,-0.8270947903,-0.3953881881,-1.755638077,0.3470755878
6.39166667,-0.6514128994,-0.2410717876,0.02165714593,0.2567869706,0.4913595532,-2.591378267,-0.8115326692,-0.4575311753,-1.887151906,0.2664235391
6.40000000,-0.6716995166,-0.2477548113,0.01751646116,0.2407008756,0.4931429232,-2.274905125,-0.7917362545,-0.5398427936,-1.964432639,0.1572429683
6.40833333,-0.6892891291,-0.2542571389,0.01260188573,0.2241884196,0.4939185545,-1.944440598,-0.7682691157,-0.6429981286,-1.990301901,0.02555812552
6.41666667,-0.7040738797,-0.2605513312,0.006742198115,0.2076647776,0.4935210502,-1.602104333,-0.7419394589,-0.7665779438,-1.967651104,-0.1233642066
6.42500000,-0.7159639761,-0.2666175038,-0.0002228460617,0.191516737,0.491826783,-1.2500922,-0.7136986739,-0.9078005477,-1.90085967,-0.2849557833
6.43333333,-0.7248881403,-0.2724438478,-0.008428231003,0.1760936954,0.4887493925,-0.890660423,-0.6845791948,-1.063317332,-1.7946473,-0.4547304403
6.44166667,-0.7307940403,-0.2780281812,-0.0179638024,0.1616948135,0.4842339016,-0.5260890901,-0.6558285064,-1.225652059,-1.656561651,-0.6294533407
6.45000000,-0.7336483773,-0.2833788624,-0.02885216394,0.1485489645,0.4782550314,-0.1586698874,-0.6287132332,-1.386523163,-1.495336365,-0.8054704788
6.45833333,-0.7334370587,-0.2885176303,-0.04103749504,0.1368098462,0.470813033,0.2092815954,-0.6054629123,-1.534848615,-1.320680043,-0.9801756188
6.46666667,-0.7301653446,-0.2934861863,-0.05436639657,0.1265462344,0.4619294567,0.5754348285,-0.588060941,-1.659272079,-1.142872942,-1.15103503
6.47500000,-0.7238579941,-0.298338753,-0.06860194615,0.1177481172,0.4516468298,0.9374423465,-0.5780944623,-1.751012833,-0.9701136777,-1.315521175
6.48333333,-0.714559347,-0.3031503636,-0.083433476,0.1103433749,0.4400286635,1.292957808,-0.5784980875,-1.801025345,-0.8096673966,-1.471170001
6.49166667,-0.7023331308,-0.3080125815,-0.09848674429,0.1042033967,0.4271582714,1.639674584,-0.5907230402,-1.803529284,-0.6669917978,-1.615671358
6.50000000,-0.687262187,-0.3130340894,-0.1133520158,0.09917092531,0.4131382092,1.975326568,-0.6166414197,-1.755580601,-0.5444887994,-1.746732271
6.50833333,-0.6694536127,-0.3183250353,-0.127603079,0.09506788778,0.3980887769,2.295164885,-0.654611122,-1.656308401,-0.4438179958,-1.862296324
6.51666667,-0.6490762205,-0.323958533,-0.1408228871,0.09171017144,0.3821521814,2.590877653,-0.697662286,-1.508699136,-0.3659716239,-1.95918013
6.52500000,-0.6263578182,-0.3299484729,-0.1526264405,0.08890685605,0.3654932954,2.855751716,-0.7387938501,-1.317547297,-0.3104352178,-2.035253328
6.53333333,-0.6015906614,-0.3362324486,-0.1626835724,0.08647230495,0.3482990999,3.080795119,-0.7656129986,-1.091004996,-0.2777130532,-2.087116825
6.54166667,-0.5751559115,-0.3426199552,-0.1707377857,0.08421366522,0.3307825928,3.253467266,-0.7602029156,-0.8386286235,-0.2683521563,-2.111931913
6.55000000,-0.5475628477,-0.3487461781,-0.1766195966,0.08193589059,0.3131841595,3.355201952,-0.6984015135,-0.5713309317,-0.2821659437,-2.106431632
6.55833333,-0.5195036577,-0.3540187542,-0.1802444302,0.07944304747,0.2957704675,3.360348052,-0.5496322803,-0.2983812918,-0.3200575071,-2.06705557
6.56666667,-0.4919189029,-0.3575627692,-0.1815979546,0.07653468981,0.2788348568,3.235383471,-0.2773025245,-0.02725429158,-0.3819255806,-1.991203528
6.57500000,-0.4660379282,-0.3582014278,-0.1807172526,0.07301594664,0.262688104,2.946440927,0.152260677,0.2373127681,-0.4662996469,-1.87746496
6.58333333,-0.4433158592,-0.3545525748,-0.1776660385,0.06871001112,0.2476496618,2.478310321,0.7493792902,0.4935128008,-0.5695999066,-1.725622137
6.59166667,-0.4251345742,-0.3453693869,-0.1725123559,0.06348857285,0.2340288796,1.867979899,1.467179009,0.7425420403,-0.684683391,-1.537871733
6.60000000,-0.4123054705,-0.3300757488,-0.1652953635,0.0572989243,0.2220980986,1.214466116,2.192278668,0.9897749923,-0.7995003339,-1.321289318
6.60833333,-0.404672797,-0.3091992952,-0.156005254,0.05020546916,0.2120675299,0.6382527619,2.787138917,1.240689175,-0.8988102503,-1.083303162
6.61666667,-0.4012501315,-0.2842369916,-0.1445968327,0.04241964915,0.2040736627,0.2098664732,3.164194567,1.498426235,-0.9617721579,-0.8342759723
6.62500000,-0.4007435307,-0.2571304552,-0.1310189714,0.03434629992,0.1981648708,-0.06412646567,3.302511397,1.75975983,-0.9632207021,-0.5844923831
6.63333333,-0.4019661762,-0.2297956062,-0.1153097529,0.02662105262,0.1943102504,-0.2114325932,3.225282985,2.005238774,-0.8726975945,-0.3424031199
6.64166667,-0.404015466,-0.2038574475,-0.09774758713,0.02015068014,0.1924263981,-0.2679073094,2.974932473,2.196138989,-0.6559572064,-0.1117857721
6.65000000,-0.4062594628,-0.1805616359,-0.07902132725,0.01614751629,0.1924121504,-0.2623639983,2.599647885,2.273596699,-0.2742520214,0.1063838137
6.65833333,-0.4082764574,-0.1607336059,-0.0603467376,0.01611990949,0.1941724153,-0.2161997506,2.150346017,2.175259669,0.3005656,0.3149893741
6.66666667,-0.4097896592,-0.1448197457,-0.04331084065,0.02165409972,0.1976567706,-0.1433251767,1.665326673,1.884443959,1.051259069,0.521873402
6.67500000,-0.4106195967,-0.1330079055,-0.02928011371,0.03385704142,0.2028987718,-0.05374834829,1.169088156,1.473682504,1.877224821,0.7390595868
6.68333333,-0.4106576652,-0.1253249857,-0.01869288513,0.05269288286,0.2100445494,0.04583070955,0.6764723735,1.08171219,2.614952938,0.9818927011
6.69166667,-0.4098441896,-0.1216835435,-0.01089618307,0.07681377648,0.2193859443,0.1496671462,0.2016975502,0.8146418263,3.130151252,1.269046741
6.70000000,-0.4081645751,-0.1218708982,-0.00470521651,0.1041009351,0.2313663545,0.2530203773,-0.2393366695,0.6929839265,3.37334663,1.617610854
6.70833333,-0.4056399899,-0.1255226925,0.0009457208972,0.1323197037,0.2465437277,0.3516812555,-0.6267713688,0.6764931565,3.359796103,2.03654093
6.71666667,-0.402329921,-0.1321191252,0.006712519885,0.1595243608,0.2654777381,0.4407967336,-0.9436923532,0.7125111372,3.140297964,2.515549088
6.72500000,-0.3983308772,-0.1410273013,0.01285075842,0.1842824187,0.2885401968,0.5163286167,-1.180476546,0.7601960089,2.785806846,3.019307082
6.73333333,-0.3937781942,-0.1515599166,0.0193473136,0.2058021313,0.3157200373,0.5727777604,-1.333376184,0.7956750065,2.376142886,3.494385623
6.74166667,-0.3888514218,-0.1630213771,0.02604511006,0.2239360066,0.3465502039,0.6050087196,-1.403706355,0.8076259944,1.983004943,3.888084251
6.75000000,-0.3837777046,-0.1747342881,0.03273492003,0.2390164634,0.3802129619,0.6070395961,-1.394290913,0.7936140637,1.647869604,4.171632402
6.75833333,-0.3788334879,-0.1860468828,0.03920609828,0.2516026609,0.4157524959,0.5730323223,-1.308255164,0.7560640542,1.384665617,4.339065001
6.76666667,-0.3743383156,-0.1963377909,0.04528473968,0.2622775559,0.4522372588,0.4988286403,-1.149922132,0.7001810931,1.187459449,4.40088403
6.77500000,-0.3706344153,-0.2050294683,0.05083746008,0.2715443629,0.488851386,0.3832732249,-0.9255656944,0.6304619732,1.044424899,4.372938229
6.78333333,-0.368056553,-0.2116080477,0.0557696915,0.279795323,0.5249156532,0.2298486319,-0.6452029527,0.5523294176,0.9413641551,4.271437936
6.79166667,-0.3668842631,-0.2156658816,0.060032462,0.2873104428,0.5598753683,0.04789319877,-0.3232576452,0.4704495748,0.8659107083,4.109940727
6.80000000,-0.3672932344,-0.2169389426,0.06361367619,0.2942768557,0.5932777182,-0.1465802201,0.01912736628,0.3896463142,0.8082211133,3.899289038
6.80833333,-0.3693097988,-0.215355537,0.06654184277,0.3008093366,0.6247502922,-0.3347810035,0.3584891489,0.3143189819,0.7607033326,3.648025971
6.81666667,-0.3728046442,-0.2110341519,0.06887650056,0.3069688649,0.6539837366,-0.4986722218,0.6729188216,0.2476018608,0.7181294486,3.362830518
6.82500000,-0.3775211187,-0.2042519011,0.07069791133,0.3127829636,0.6807191181,-0.6264059938,0.9469678085,0.1914911224,0.6773514754,3.04929526
6.83333333,-0.3831264959,-0.1953919265,0.07210533524,0.3182531166,0.7047422453,-0.7116014356,1.170437603,0.1488105143,0.6346398589,2.713271462
6.84166667,-0.3892606763,-0.1848974596,0.07322244171,0.3233456566,0.7258943481,-0.7535224234,1.33900015,0.1220671879,0.586701474,2.360660138
6.85000000,-0.3955732863,-0.1732264525,0.07418742816,0.3280172879,0.7440469381,-0.7552074368,1.453053589,0.1126002864,0.5336619226,1.99377434
6.85833333,-0.4017507054,-0.1608273911,0.07515390228,0.3322267933,0.7590908102,-0.7220497365,1.514215094,0.122651234,0.4758602114,1.614965724
6.86666667,-0.407526374,-0.1481260236,0.07628600531,0.3359368523,0.7709365687,-0.6597456528,1.526031078,0.1524922337,0.4139924523,1.226629327
6.87500000,-0.4126794251,-0.1355250084,0.07775274013,0.3391183598,0.7795148468,-0.5735695045,1.490950523,0.20277221,0.3491321435,0.8311717515
6.88333333,-0.4170328323,-0.1233973867,0.07972049997,0.3417495401,0.7847763624,-0.4684863382,1.412666127,0.2728211824,0.2820546495,0.4310075163
6.89166667,-0.4204478959,-0.1120875952,0.08234882698,0.3438158065,0.786691889,-0.3489573035,1.295696174,0.3605198192,0.2137351735,0.02853344991
6.90000000,-0.4228178371,-0.1018980643,0.08576948,0.3453115583,0.7852521654,-0.2183552566,1.144662964,0.4624350223,0.1453352127,-0.3738508303
6.90833333,-0.4240658643,-0.09308434149,0.09007835551,0.346241535,0.7804680213,-0.08008457545,0.9668469924,0.5722807472,0.07825070371,-0.7737225247
6.91666667,-0.4241379413,-0.08583470579,0.09530400457,0.3466254302,0.772370519,0.06331463383,0.7709231411,0.6808773178,0.01460876435,-1.168649802
6.92500000,-0.4230100698,-0.08025421649,0.1013970126,0.3464993457,0.761011077,0.2072345991,0.5679939493,0.7789459486,-0.04387865661,-1.556180019
6.93333333,-0.4206875755,-0.07636466825,0.1082327942,0.3459125707,0.7464614984,0.3498789101,0.3663000356,0.8577271571,-0.09573751476,-1.933876924
6.94166667,-0.4171846604,-0.07412644898,0.1156132227,0.3449288664,0.7288138526,0.4904024617,0.1727747929,0.9080144196,-0.1385619174,-2.299316903
6.95000000,-0.412522312,-0.07344526398,0.1232646738,0.3436323292,0.7081825008,0.6280055146,-0.006475286339,0.9217725559,-0.1712505856,-2.648909944
6.95833333,-0.4067284105,-0.07418697367,0.1308639982,0.3420955238,0.6847285996,0.7616984369,-0.168445106,0.8949086926,-0.1961532575,-2.975880629
6.96666667,-0.3998496743,-0.07619016956,0.1380574112,0.3403816123,0.6586619728,0.8875895404,-0.3082017966,0.8241066599,-0.2144730469,-3.274951954
6.97500000,-0.3919648145,-0.07925727287,0.1444789889,0.3385286757,0.6302405092,1.002852372,-0.423924905,0.7098393944,-0.2301139581,-3.539825829
6.98333333,-0.38317035,-0.08318664911,0.1497711964,0.3365363371,0.5997821259,1.105418894,-0.5147625491,0.5536176861,-0.2496532368,-3.762245559
6.99166667,-0.3735858127,-0.0877658975,0.15360466,0.3343249616,0.5676839793,1.192046589,-0.5801326616,0.3606564772,-0.2847016165,-3.931281323
7.00000000,-0.3633535774,-0.09278551043,0.1556948151,0.3317040373,0.5344510576,1.260223037,-0.6201173719,0.1363424403,-0.3513641264,-4.031682427
7.00833333,-0.3526430384,-0.0980267648,0.1558101954,0.3283165447,0.5007350187,1.306446354,-0.633374139,-0.1119711037,-0.4731411473,-4.04333348
7.01666667,-0.3416519263,-0.1032659921,0.1537852641,0.3235860315,0.4673796739,1.326886566,-0.6195492508,-0.3760405035,-0.678568354,-3.940625237
7.02500000,-0.3306093688,-0.1082759872,0.1495148467,0.3166991307,0.4354492515,1.318037131,-0.5780734867,-0.6502033487,-0.9944701812,-3.697398848
7.03333333,-0.3197753043,-0.1128226887,0.142930092,0.3066643642,0.4061926181,1.276221991,-0.5082601031,-0.9311039088,-1.433828667,-3.298530134
7.04166667,-0.3094387611,-0.1166690202,0.1339796935,0.2925213644,0.3808589595,1.198293967,-0.410229701,-1.218075184,-1.972608048,-2.76249751
7.05000000,-0.2999086341,-0.1195906066,0.1226098336,0.273706786,0.3603611799,1.0828322,-0.287426463,-1.512310779,-2.53872614,-2.15219611
7.05833333,-0.2914944849,-0.1214061757,0.1087387311,0.2504378542,0.3449285886,0.9308106174,-0.1459390021,-1.818997612,-3.023992256,-1.56265188
7.06666667,-0.2844839067,-0.122005251,0.09225865589,0.2237775036,0.3340413029,0.7466858442,0.00217580686,-2.138108456,-3.342042216,-1.07031488
7.07500000,-0.2791196695,-0.1214005686,0.07308795941,0.1953007565,0.3267367576,0.537439362,0.1389263198,-2.462681826,-3.45866286,-0.7035994236
7.08333333,-0.2755662544,-0.1197986105,0.05126026155,0.1666552943,0.3219917979,0.3138939943,0.2362123707,-2.770219692,-3.387982989,-0.4524953761
7.09166667,-0.2738990013,-0.1176740844,0.02708602249,0.1392377139,0.3189435501,0.08635664278,0.2572709096,-3.01623493,-3.172508144,-0.291918147
7.10000000,-0.2741147812,-0.1158544124,0.00134393571,0.1140402958,0.3169433309,-0.1369174723,0.1540440803,-3.134073463,-2.86331849,-0.1972941036
7.10833333,-0.2761561378,-0.1156107104,-0.02457594289,0.09164930988,0.3155286706,-0.3514458376,-0.13045659,-3.046070138,-2.505423605,-0.1485895794
7.11666667,-0.2799501983,-0.1186638685,-0.04867257309,0.07233194969,0.3143799884,-0.5582836017,-0.6414867651,-2.690286849,-2.128868831,-0.1314962427
7.12500000,-0.2854603211,-0.126887812,-0.06869291063,0.05618927551,0.3132785443,-0.7651320897,-1.358730692,-2.079475768,-1.744154968,-0.1358769256
7.13333333,-0.2927400109,-0.1414961124,-0.08299366381,0.04328639257,0.3120757176,-0.9859104907,-2.139971159,-1.350517337,-1.35055575,-0.1546154375
7.14166667,-0.3019863358,-0.162129643,-0.09145931034,0.03372695362,0.3106764044,-1.240350094,-2.771957308,-0.7109159052,-0.9402495766,-0.182423566
7.15000000,-0.313559878,-0.1868869933,-0.09545830977,0.02767531569,0.3090211776,-1.547357523,-3.117661157,-0.2884306394,-0.508908779,-0.2152600926
7.15833333,-0.3279545909,-0.2132407825,-0.09688928052,0.02528515486,0.3070866528,-1.918199814,-3.159553968,-0.08821177511,-0.06352544171,-0.2488743723
7.16666667,-0.345689304,-0.2388519789,-0.09738152999,0.02660855317,0.3048804054,-2.345852448,-2.952207337,-0.05071971159,0.3787117937,-0.2799215399
7.17500000,-0.3671203134,-0.2619918534,-0.09798246558,0.03151772556,0.3024393547,-2.797566702,-2.582001472,-0.1029177882,0.7923421066,-0.3044395733
7.18333333,-0.3922424403,-0.281682009,-0.09918812309,0.03966763168,0.2998363429,-3.222998954,-2.13848572,-0.1879698537,1.153057174,-0.3182039667
7.19166667,-0.4206242472,-0.2976469455,-0.1010949988,0.05053608665,0.2971762583,-3.572698599,-1.698899442,-0.2663306734,1.44227304,-0.3172193551
7.20000000,-0.4514851501,-0.3101486005,-0.1035514402,0.06347556296,0.2946055827,-3.814882916,-1.312760469,-0.3176696043,1.649068696,-0.2960255598
7.20833333,-0.4838898722,-0.3197256321,-0.1062936798,0.07778026326,0.2923153722,-3.943582384,-0.9980222844,-0.3346379637,1.769670062,-0.248955702
7.21666667,-0.5169207925,-0.3269752565,-0.1090382494,0.09273123202,0.2905450758,-3.967632759,-0.7526612323,-0.3188818108,1.80440146,-0.1702478434
7.22500000,-0.5497710236,-0.3324325646,-0.1115308719,0.107621531,0.2895814906,-3.903020873,-0.5658671337,-0.2750183736,1.755652364,-0.05455881296
7.23333333,-0.5817709699,-0.3365330901,-0.1135612476,0.1217720536,0.2897490603,-3.766166088,-0.424835973,-0.209008432,1.627739376,0.1015217088
7.24166667,-0.6123796169,-0.3396063586,-0.1149723027,0.1345519716,0.2913849902,-3.571257474,-0.3174867705,-0.127555421,1.42840279,0.2973573094
7.25000000,-0.6411624231,-0.3418910081,-0.1156594832,0.1454159505,0.2947952824,-3.329661831,-0.2341323024,-0.03636704862,1.170564824,0.5258072873
7.25833333,-0.6677693064,-0.3435543381,-0.1155677396,0.1539525039,0.3002017487,-3.050327772,-0.1673153139,0.0587032397,0.8736111274,0.7733288338
7.26666667,-0.6919165447,-0.3447094566,-0.1146813747,0.1599330819,0.3076825877,-2.740349137,-0.111389549,0.1536672285,0.561179063,1.020295929
7.27500000,-0.7133729118,-0.3454290013,-0.1130189432,0.1633306542,0.3171493341,-2.40545267,-0.06210994059,0.2442471784,0.2577105693,1.246666865
7.28333333,-0.7319512475,-0.3457543082,-0.110632655,0.1643127811,0.3283540189,-2.050563179,-0.01613512901,0.3269003766,-0.01590432915,1.435319684
7.29166667,-0.7475125562,-0.3456942318,-0.107600984,0.1631862364,0.3409381164,-1.682227945,0.03087578299,0.3985808453,-0.2463964245,1.576376148
7.30000000,-0.7599595482,-0.345235202,-0.1040269897,0.1603460135,0.3544844598,-1.303516388,0.07953331639,0.4568204822,-0.4267127831,1.666262883
7.30833333,-0.7692155457,-0.3443642256,-0.100028734,0.1562148861,0.3685728503,-0.9167835076,0.1297872023,0.5001656089,-0.5565300791,1.707156178
7.31666667,-0.7752235709,-0.343067166,-0.09573610629,0.1512044042,0.3828134293,-0.5243980032,0.1818048098,0.5270912908,-0.6381297939,1.703683301
7.32500000,-0.7779464009,-0.3413292985,-0.09129618791,0.1457064102,0.3968607071,-0.128732412,0.2355606885,0.5353502512,-0.6742181074,1.661802872
7.33333333,-0.7773666076,-0.3391369375,-0.08686545354,0.1400807021,0.4104201043,0.2678342907,0.2908260606,0.5247720136,-0.6693110545,1.587464945
7.34166667,-0.7734866465,-0.3364792681,-0.08260596239,0.1346572156,0.4232440605,0.662905697,0.3471385845,0.494304335,-0.6262555678,1.486086695
7.35000000,-0.7663290333,-0.3333502492,-0.07867721411,0.1297348757,0.4351271931,1.054069616,0.4038195123,0.445586673,-0.5497523392,1.362513768
7.35833333,-0.7559363582,-0.3297503817,-0.07522774944,0.1255807156,0.4459008328,1.438919856,0.4599756014,0.379745383,-0.44266079,1.220461503
7.36666667,-0.7423712887,-0.3256884543,-0.07238301285,0.1224246391,0.4554280356,1.815042065,0.5145217068,0.3013385078,-0.3111983429,1.063857618
7.37500000,-0.7257165353,-0.3211828429,-0.07022868169,0.1204493217,0.4635986429,2.180045167,0.5662471049,0.2147844895,-0.160265714,0.8955464995
7.38333333,-0.706074623,-0.3162624694,-0.06880834745,0.1197813666,0.4703375054,2.531574675,0.6138433572,0.1264124082,0.001026071709,0.7209889208
7.39166667,-0.683567404,-0.3109673047,-0.0681061185,0.1204756519,0.4756034285,2.86734951,0.6559753946,0.04368113839,0.1656405745,0.5422186814
7.40000000,-0.6583400167,-0.305344158,-0.06804436426,0.1225341791,0.4793656854,3.183141352,0.6931686661,-0.02612817648,0.327432106,0.3602864032
7.40833333,-0.6305890394,-0.2994207542,-0.06848610081,0.1259087547,0.4816024779,3.472324233,0.7279684799,-0.07586489269,0.4805703514,0.1762936583
7.41666667,-0.600556369,-0.293215379,-0.06923469046,0.1305064424,0.4823013014,3.72976859,0.7613077791,-0.09919687887,0.6205094098,-0.008639267865
7.42500000,-0.568530382,-0.2867267079,-0.07005965524,0.1362075501,0.4814589961,3.949530242,0.7968369941,-0.09380638065,0.744922703,-0.1933898466
7.43333333,-0.5348561384,-0.2799159503,-0.07070925804,0.1428700319,0.47908287,4.12391879,0.8393748293,-0.05644784709,0.8504287358,-0.3761074212
7.44166667,-0.499951355,-0.27269773,-0.07091041095,0.1503170662,0.4752112889,4.24305817,0.8963106949,0.01333391177,0.9329766616,-0.5516034449
7.45000000,-0.4643280079,-0.2649033319,-0.07040203771,0.1583524744,0.4699170167,4.293964913,0.97973573,0.1138837293,0.9913610481,-0.7171709619
7.45833333,-0.4286191583,-0.2562578741,-0.06892635742,0.1667665064,0.4632958971,4.260674841,1.103257698,0.2450590181,1.023675722,-0.869390783
7.46666667,-0.3936039627,-0.2463523992,-0.06624407918,0.1753431675,0.4554723173,4.124361459,1.28508731,0.4029702419,1.03030083,-1.005165507
7.47500000,-0.360214443,-0.2346389327,-0.0621363432,0.1838615122,0.4466012524,3.867989452,1.539054165,0.5872096235,1.009465978,-1.120174397
7.48333333,-0.3294884841,-0.2204905054,-0.0563881908,0.1920856865,0.436873678,3.485588935,1.868351573,0.7965621168,0.9593896214,-1.209889863
7.49166667,-0.3024321904,-0.2033501983,-0.04878365443,0.1997665826,0.4265197432,2.992610579,2.250428065,1.033202464,0.8787299883,-1.269507676
7.50000000,-0.2797880899,-0.1829896018,-0.03908526176,0.2066431496,0.4158132497,2.436761674,2.629295451,1.299993793,0.7661496797,-1.293588588
7.50833333,-0.2618142552,-0.1597435978,-0.02702302656,0.2124472476,0.4050712969,1.88265754,2.930566503,1.600980266,0.6213983468,-1.277229221
7.51666667,-0.2482482896,-0.1345359735,-0.01230780721,0.2169147455,0.3946491759,1.386021803,3.092489105,1.936010313,0.4459146548,-1.216288593
7.52500000,-0.2384746368,-0.1086645964,0.005308437829,0.2198169201,0.3849259891,0.9747137525,3.08893115,2.294305179,0.2475730693,-1.109660529
7.53333333,-0.2317593725,-0.08348211967,0.02592502857,0.2210180599,0.3762746734,0.6506430804,2.932395619,2.649720309,0.04117638727,-0.9599256123
7.54166667,-0.2274225874,-0.06010065875,0.04933012913,0.2205507764,0.369030778,0.4013063021,2.66477714,2.954220508,-0.1473532393,-0.7733689658
7.55000000,-0.2249083638,-0.039237376,0.07484813838,0.2187254661,0.3634545293,0.2106314767,2.336489256,3.14493628,-0.276449008,-0.5617292967
7.55833333,-0.2237901306,-0.02119788243,0.1012207979,0.2162636807,0.3597073241,0.06418963676,1.993074047,3.14685629,-0.2894620609,-0.3362197541
7.56666667,-0.2237474696,-0.005990046085,0.1265694063,0.2144181559,0.357861869,-0.04903988998,1.659452442,2.887770361,-0.1166589371,-0.1065092714
7.57500000,-0.2245392812,0.006506702836,0.1484836707,0.2149970918,0.357934137,-0.1373315974,1.342372187,2.319496288,0.2970320266,0.1242277782
7.58333333,-0.2259818054,0.01640651367,0.1644665516,0.2199690516,0.3599506268,-0.2062224076,1.034198245,1.481992525,0.9216394626,0.3618314553
7.59166667,-0.2279359512,0.02373287906,0.1729082444,0.2304900921,0.3640206056,-0.2605552008,0.7221228927,0.5481002932,1.591208452,0.6196389316
7.60000000,-0.2302923666,0.02838702149,0.1739783783,0.245978203,0.3703846416,-0.3034899861,0.3906172622,-0.2540280289,2.081000326,0.9153987942
7.60833333,-0.2329732461,0.03016016156,0.1694106651,0.2643163044,0.3794183505,-0.3388824609,0.02950342883,-0.7963106575,2.267575617,1.261508941
7.61666667,-0.2359268781,0.02878171934,0.1614280345,0.2829677811,0.3915425661,-0.3694079832,-0.3657872706,-1.080897957,2.166754688,1.654896548
7.62500000,-0.2391244374,0.02399128303,0.1519453828,0.2998614704,0.4070607786,-0.3979299229,-0.7869087971,-1.167541892,1.861856844,2.069704585
7.63333333,-0.2425622524,0.01564347257,0.1423328656,0.3137061721,0.425977854,-0.4276086954,-1.215829035,-1.122926397,1.450942628,2.462907778
7.64166667,-0.24626366,0.003780964673,0.1334233832,0.3239949707,0.4479182433,-0.4618740652,-1.625344656,-1.00800975,1.020882955,2.788205978
7.65000000,-0.2502872413,-0.01131112197,0.1255970087,0.3308267939,0.4721743895,-0.5057271516,-1.986537659,-0.8695153222,0.6276149072,3.015842211
7.65833333,-0.2547301407,-0.02912580124,0.1188984309,0.3346332405,0.4978854526,-0.5634253213,-2.275429289,-0.7416521513,0.2971792119,3.137361804
7.66666667,-0.2597324519,-0.04898935607,0.1131563105,0.3359640847,0.5241882849,-0.6407809772,-2.476590869,-0.6420310964,0.03301578944,3.159893446
7.67500000,-0.2654813571,-0.07013673019,0.1080973289,0.3353496408,0.5503165227,-0.743517404,-2.583009638,-0.5779764091,-0.1713582746,3.098101191
7.68333333,-0.2722108611,-0.09177204722,0.1034283185,0.3332434857,0.5756327173,-0.8769021657,-2.593926835,-0.5477997035,-0.3268798986,2.967538572
7.69166667,-0.2801928625,-0.1131119596,0.09888766196,0.3300071638,0.5996245658,-1.044460096,-2.513016354,-0.5461879554,-0.4441988084,2.782385009
7.70000000,-0.2897138391,-0.133420638,0.09426249978,0.3259225752,0.6218858603,-1.245830842,-2.348198075,-0.5669317029,-0.5317403635,2.553917356
7.70833333,-0.3010323693,-0.1520531727,0.08939326221,0.3212089168,0.6420948323,-1.474442064,-2.1133562,-0.6037340515,-0.5961279187,2.291142273
7.71666667,-0.3143271706,-0.1685038265,0.08417228684,0.316036803,0.6599963134,-1.717107059,-1.828337458,-0.6506975594,-0.6424880566,2.001124513
7.72500000,-0.3296372405,-0.182454419,0.07853368142,0.3105395378,0.6753874903,-1.954874496,-1.517703587,-0.7029682669,-0.6747668462,1.689558541
7.73333333,-0.3468413548,-0.1937956942,0.07245366316,0.3048195142,0.6881107951,-2.168532621,-1.205883392,-0.7561358737,-0.6969705187,1.362214697
7.74166667,-0.3656608026,-0.202611404,0.06593750383,0.2989379672,0.6980661628,-2.339988168,-0.9147732195,-0.8071116793,-0.713805101,1.025767038
7.75000000,-0.3856963562,-0.2091377708,0.05901642428,0.2929349757,0.7051880177,-2.459245387,-0.6582089999,-0.8528458088,-0.7262442253,0.6825218099
7.75833333,-0.406494261,-0.2136960322,0.05174523379,0.2868438771,0.7094286336,-2.522792397,-0.4431273992,-0.8907182971,-0.7351003717,0.3346356018
7.76666667,-0.4275921847,-0.2166427957,0.04419851959,0.2806915163,0.7107584953,-2.531913107,-0.2712306882,-0.9187594989,-0.7409917962,-0.01569269813
7.77500000,-0.4485560095,-0.2183291505,0.03646340969,0.274501032,0.7091664193,-2.491491088,-0.1401271617,-0.9357276019,-0.7443538482,-0.3662593619
7.78333333,-0.4689967791,-0.2190809769,0.02863748758,0.2682909612,0.7046597278,-2.407468769,-0.04643216497,-0.9401764209,-0.7457918298,-0.7148262729
7.79166667,-0.4885772152,-0.2191975817,0.02083354211,0.2620750766,0.6972644088,-2.286033892,0.01305060912,-0.930380418,-0.7458179943,-1.059160501
7.80000000,-0.5070096529,-0.218946371,0.01317069644,0.2558636297,0.6870249601,-2.132950133,0.04262657479,-0.9063639194,-0.7447703525,-1.397048797
7.80833333,-0.524051505,-0.218564086,0.005769213718,0.2496646971,0.6740042816,-1.953110646,0.04479445648,-0.8674355346,-0.7428313291,-1.726291222
7.81666667,-0.5395002749,-0.2182669911,-0.001246265622,0.2434855352,0.6582833557,-1.75116094,0.02272754519,-0.8140333677,-0.7400125381,-2.044763431
7.82500000,-0.5531866373,-0.2182426456,-0.007763021432,0.2373340383,0.6399605807,-1.530884098,-0.02014783485,-0.7478889872,-0.7361480044,-2.350399192
7.83333333,-0.5649739289,-0.2186542373,-0.01367842001,0.2312202608,0.6191510623,-1.29583316,-0.08139624453,-0.6701195176,-0.7308937355,-2.641262751
7.84166667,-0.5747507901,-0.2196391149,-0.01890866148,0.2251575028,0.5959855278,-1.048982081,-0.1568892348,-0.5840836801,-0.7238202372,-2.915556107
7.85000000,-0.5824377711,-0.2212908771,-0.02340134075,0.2191634559,0.5706089624,-0.7949570942,-0.2404646322,-0.49380105,-0.7143006178,-3.17163407
7.85833333,-0.5879867171,-0.2236573788,-0.02713832952,0.2132495763,0.5431924593,-0.5361257052,-0.3278654912,-0.4033537613,-0.7057666628,-3.403493613
7.86666667,-0.5913644263,-0.2267559971,-0.03013448974,0.2073859936,0.5139695906,-0.2741362186,-0.4154853592,-0.3167438377,-0.7026948579,-3.604371699
7.87500000,-0.5925514885,-0.2305710112,-0.03244047782,0.2015131407,0.4832205848,-0.01064723665,-0.4991453037,-0.2383935107,-0.7086394162,-3.768830751
7.88333333,-0.5915423343,-0.2350550467,-0.03414045806,0.1955368224,0.4512755476,0.2526777442,-0.5755671383,-0.1719470206,-0.7283613702,-3.890163355
7.89166667,-0.5883478924,-0.2401329199,-0.03535083498,0.1893192505,0.4185279095,0.5129918155,-0.6406721513,-0.121472782,-0.7678450808,-3.95981882
7.90000000,-0.5830134952,-0.2456868342,-0.03621736816,0.1826593982,0.3854518523,0.7657647544,-0.6892344016,-0.0898175781,-0.836250076,-3.966989575
7.90833333,-0.5756139274,-0.2515656773,-0.03690591344,0.175268088,0.3526225742,1.008169171,-0.7181963453,-0.07908946188,-0.945465278,-3.898235641
7.91666667,-0.5662502063,-0.2575949823,-0.03760163542,0.1667582851,0.3207323064,1.236424913,-0.7250889394,-0.09191556657,-1.106340583,-3.739197558
7.92500000,-0.5550562864,-0.2635857324,-0.03850645767,0.1566601949,0.290587536,1.446763698,-0.708569397,-0.1295089293,-1.327746612,-3.47776908
7.93333333,-0.5422009886,-0.2693312157,-0.0398406869,0.1444654703,0.2630658109,1.634386169,-0.6658274248,-0.1959723582,-1.60740632,-3.1104616
7.94166667,-0.5278945777,-0.2746022818,-0.0418657636,0.1297674143,0.2390008154,1.794011983,-0.5941920035,-0.2964063656,-1.92257291,-2.652585474
7.95000000,-0.5123954647,-0.2791464471,-0.04489557631,0.1124488114,0.2190114736,1.91948263,-0.4908478863,-0.4384104523,-2.227230485,-2.139551501
7.95833333,-0.4960163327,-0.2826885303,-0.04931194431,0.09284833146,0.2033568662,2.0039614,-0.3532523374,-0.6306960451,-2.459380151,-1.620883609
7.96666667,-0.4791296621,-0.2849337875,-0.05556786974,0.0718173216,0.1918889752,2.040218668,-0.1795034613,-0.8808594016,-2.562828145,-1.140706024
7.97500000,-0.4621658387,-0.2855787551,-0.06415900158,0.05058485483,0.1841653483,2.021488495,0.03061542968,-1.190168653,-2.505340205,-0.7246764874
7.98333333,-0.4456026276,-0.2843331356,-0.07552856287,0.03050284748,0.1796169175,1.943727551,0.2727200319,-1.54305699,-2.290271856,-0.3781756435
7.99166667,-0.4299372245,-0.2809797898,-0.08989046542,0.01275764972,0.1776881227,1.80648259,0.5333761867,-1.899795495,-1.952621122,-0.09412798048
8.00000000,-0.4156406531,-0.2754666805,-0.1070284319,-0.001857665281,0.1779069113,1.616714312,0.7853436896,-2.197417663,-1.54918848,0.1392325468
8.00833333,-0.403101477,-0.2680374911,-0.1261402181,-0.01304107034,0.1798988686,1.38746682,0.9839796753,-2.360695294,-1.137491069,0.3331989209
8.01666667,-0.3925832224,-0.259386891,-0.145793678,-0.02090107583,0.1833741178,1.134249694,1.067003085,-2.315723299,-0.756062535,0.4964965267
8.02500000,-0.3842217639,-0.250781547,-0.1639740966,-0.02577152516,0.1881076308,0.8719506683,0.9605018756,-1.997396307,-0.4203629815,0.6358118127
8.03333333,-0.3780527616,-0.2440765685,-0.1782042368,-0.02802658152,0.1939168241,0.6085309166,0.6054875645,-1.36555214,-0.1269579055,0.7555654153
8.04166667,-0.3740894904,-0.2413178338,-0.1859732852,-0.02796874621,0.2006556321,0.3412187235,0.03026524396,-0.4661352612,0.1377857522,0.8592051705
8.05000000,-0.372408702,-0.243717401,-0.1857323342,-0.02575506602,0.2081969943,0.05837156952,-0.594768372,0.5176634478,0.393446348,0.9485208871
8.05833333,-0.373197269,-0.2507477241,-0.177756592,-0.02139091309,0.2164326671,-0.2533002707,-1.049879647,1.357342966,0.6564121812,1.026329839
8.06666667,-0.3767355377,-0.2604099827,-0.1638704263,-0.0147577113,0.2252764736,-0.6019075338,-1.22058183,1.927881675,0.9399285656,1.094784541
8.07500000,-0.3833083286,-0.2703633918,-0.1463725246,-0.005643907139,0.2346587128,-0.9787121577,-1.131114752,2.231399897,1.25215223,1.155906833
8.08333333,-0.39305808,-0.2787721927,-0.1272662917,0.00618702339,0.2445271759,-1.358805729,-0.8654416352,2.323706278,1.591376163,1.21187461
8.09166667,-0.4058622249,-0.2845508871,-0.1080642328,0.0209237945,0.2548498018,-1.705813497,-0.5139092901,2.26465925,1.946445642,1.265393704
8.10000000,-0.4212990322,-0.2873092276,-0.08978500766,0.03860943762,0.2656212981,-1.985647808,-0.1508975339,2.110679532,2.294741656,1.320454038
8.10833333,-0.4387135231,-0.2871627326,-0.07302018807,0.05907491367,0.2768737186,-2.178839797,0.1781405451,1.908239319,2.609127482,1.381381426
8.11666667,-0.4573633068,-0.2844896101,-0.05801126436,0.08192513426,0.2886724043,-2.282442534,0.4535339412,1.695091519,2.862168279,1.452660921
8.12500000,-0.4765252433,-0.2797636275,-0.04472341916,0.1065445067,0.3011279574,-2.303694561,0.6715731128,1.497937748,3.031324979,1.539661488
8.13333333,-0.4955645292,-0.2734414371,-0.03296325992,0.132179352,0.3143917524,-2.255256639,0.8376296745,1.329937739,3.104862402,1.647266671
8.14166667,-0.5139549137,-0.2659274047,-0.0224653702,0.1580175065,0.3286509348,-2.150033733,0.9590608739,1.194945136,3.080253268,1.779014193
8.15000000,-0.5312727215,-0.2575588374,-0.01296206884,0.1832581123,0.344110032,-1.999563423,1.043882926,1.090697174,2.962583699,1.935154065
8.15833333,-0.5471819945,-0.2486128709,-0.004213369381,0.2071680102,0.360958142,-1.81336362,1.098572092,1.012853041,2.763506794,2.111169843
8.16666667,-0.5614173375,-0.239318777,0.003978031844,0.2291359683,0.3793268597,-1.598971928,1.128192682,0.9559626146,2.500118801,2.2978921
8.17500000,-0.5737692579,-0.2298691989,0.01176392984,0.2487213804,0.3992430414,-1.362282995,1.136509854,0.9150596706,2.19528045,2.479815481
8.18333333,-0.5840745926,-0.2204261771,0.0192598173,0.2656740662,0.4205979615,-1.109005838,1.127535338,0.8855151516,1.872199211,2.640459402
8.19166667,-0.5922315995,-0.2111059616,0.02654506009,0.2799333398,0.4431474691,-0.8476214238,1.10766918,0.8640780558,1.552233498,2.763920954
8.20000000,-0.5981862728,-0.2019919226,0.03367634911,0.2915980805,0.4665280832,-0.5807130447,1.078116632,0.8480563902,1.251470368,2.838824247
8.20833333,-0.6018994315,-0.193162981,0.04068652441,0.3008737069,0.4903107319,-0.3099464932,1.039344563,0.8346715697,0.9799575023,2.859955389
8.21666667,-0.6033461515,-0.1846931168,0.04758975451,0.3080245653,0.5140421306,-0.0370572478,0.9920885656,0.8220984244,0.7417713947,2.826850737
8.22500000,-0.6025159954,-0.1766496601,0.05438634841,0.3133298121,0.5372825567,0.2362122749,0.9371021542,0.8088738666,0.5369010603,2.742758771
8.23333333,-0.5994130862,-0.1690937379,0.06106527531,0.3170591063,0.5596280282,0.5081116692,0.8752979682,0.7935639411,0.3631596648,2.612942388
8.24166667,-0.5940561305,-0.162076515,0.0676001804,0.3194619133,0.5807214771,0.776892799,0.8080324192,0.7739094876,0.2181935119,2.443236657
8.25000000,-0.5864783618,-0.1556381356,0.07394667617,0.3207673988,0.600254765,1.040818537,0.7365892525,0.7481128713,0.09923006121,2.239535082
8.25833333,-0.5767274017,-0.1498080884,0.08004814609,0.3211810059,0.6179667439,1.298182207,0.6622425639,0.7149178801,0.003612331664,2.007074862
8.26666667,-0.5648646882,-0.14460542,0.08583872927,0.3208852772,0.6336399142,1.547378693,0.5862120119,0.6733245327,-0.07122203964,1.750832649
8.27500000,-0.550964719,-0.1400394838,0.09124132598,0.3200486829,0.6470941062,1.786874861,0.5096029851,0.6214700924,-0.1263785781,1.475309461
8.28333333,-0.5351144257,-0.1361109772,0.09616608756,0.3188299085,0.6581849742,2.015221596,0.4333416547,0.5586829513,-0.1632212926,1.184168662
8.29166667,-0.5174122734,-0.1328149037,0.1005238825,0.3173729219,0.6667972628,2.231114991,0.357900286,0.4854993307,-0.1839680144,0.8811085971
8.30000000,-0.4979672194,-0.1301422695,0.1042275124,0.3158060027,0.6728462337,2.433337296,0.2837814089,0.4015658686,-0.1896542584,0.5694564655
8.30833333,-0.4768975762,-0.1280805479,0.1071888287,0.3142490118,0.6762724729,2.620833794,0.2113258961,0.3076395748,-0.182035863,0.2521398168
8.31666667,-0.4543328074,-0.1266125751,0.1093324907,0.3128010368,0.6770408971,2.790960565,0.1422926791,0.2056926368,-0.1640014144,-0.06793744105
8.32500000,-0.4304568428,-0.1256760381,0.1106014305,0.3115356594,0.675140545,2.934417298,0.08473598253,0.09813282502,-0.1387752301,-0.3878829379
8.33333333,-0.4055161303,-0.125154872,0.1109600491,0.310498523,0.6705846496,3.045612378,0.04333558542,-0.0123385791,-0.1097767343,-0.7047783967
8.34166667,-0.3798042293,-0.1248936015,0.1103955933,0.3097069052,0.663410941,3.118269939,0.02340508169,-0.1228283669,-0.08051155661,-1.015658405
8.35000000,-0.3536743105,-0.1246857776,0.1089230693,0.3091456962,0.6536821362,3.144377952,0.03187810073,-0.2296448731,-0.05518674272,-1.317498313
8.35833333,-0.3275553865,-0.1242589138,0.1065880095,0.308765678,0.6414861103,3.113789545,0.07757054941,-0.3293047876,-0.03761282732,-1.60724185
8.36666667,-0.3019687522,-0.123262632,0.1034660603,0.3084855652,0.6269396239,3.014408323,0.1702696253,-0.4177129104,-0.03193940202,-1.880919526
8.37500000,-0.2775418323,-0.1212620193,0.09966890323,0.3081896283,0.610192211,2.833502812,0.3201568659,-0.4907123913,-0.04204418035,-2.134815302
8.38333333,-0.2549995046,-0.1177465038,0.09534138566,0.3077282766,0.5914281531,2.560849353,0.5345498303,-0.5443237648,-0.07239575322,-2.364053937
8.39166667,-0.2351178758,-0.1121863445,0.09066653711,0.3069154271,0.5708736976,2.196148946,0.8083953248,-0.572806111,-0.1272295544,-2.563465701
8.40000000,-0.2186101534,-0.1041692689,0.08588119706,0.3055278261,0.5488038112,1.755125068,1.118964869,-0.5699268464,-0.2109067077,-2.72667121
8.40833333,-0.2059862075,-0.09355501454,0.0812776735,0.3033092492,0.5255496946,1.271128238,1.422787957,-0.5276145142,-0.3274627554,-2.846389557
8.41666667,-0.197420315,-0.08063449702,0.07722774096,0.2999654307,0.501506861,0.7885977086,1.662634194,-0.4350260872,-0.481790398,-2.91452202
8.42500000,-0.192726306,-0.06617534877,0.07419986048,0.2951642348,0.4771394908,0.3470681885,1.784379457,-0.2803866742,-0.677745818,-2.922956223
8.43333333,-0.1914583423,-0.05132332123,0.07275325824,0.2885502781,0.452975839,-0.031487071,1.753024572,-0.05451152105,-0.9166438034,-2.864810213
8.44166667,-0.193062268,-0.03741208399,0.07348515157,0.279782867,0.4295866474,-0.3424927216,1.559353015,0.2405004797,-1.192842659,-2.73694303
8.45000000,-0.1969990669,-0.02572837005,0.07689197705,0.2686093008,0.407541971,-0.5930549127,1.224151551,0.5814929424,-1.490405721,-2.54351995
8.45833333,-0.2028102447,-0.0172696764,0.08315901361,0.2549696335,0.3873414436,-0.7942805707,0.7954190587,0.9154326871,-1.778119911,-2.297129291
8.46666667,-0.2101326335,-0.01255644291,0.09191716972,0.2391307211,0.3693514329,-0.957431718,0.3354753554,1.165416773,-2.00851539,-2.016909855
8.47500000,-0.2186875664,-0.01160662575,0.1021085514,0.2218356849,0.3537526993,-1.091680089,-0.09981752621,1.244981882,-2.115478862,-1.726944015
8.48333333,-0.2282654199,-0.01406196465,0.1119656119,0.2044303621,0.3405438696,-1.203635916,-0.4790867242,1.072754967,-2.022031564,-1.445485665
8.49166667,-0.238699536,-0.01941664534,0.1191211422,0.1888784445,0.3296182677,-1.298058862,-0.7962828421,0.5914741083,-1.663328209,-1.17930775
8.50000000,-0.2498613342,-0.0271901117,0.1210008301,0.1774484516,0.3208526193,-1.378657458,-1.062521069,-0.1806825764,-1.043214345,-0.9257549743
8.50833333,-0.2616448454,-0.03703524068,0.115712523,0.1718351733,0.3141888169,-1.447614779,-1.296543656,-1.091975856,-0.3032364434,-0.6721030198
8.51666667,-0.2739612202,-0.04876527084,0.1030908348,0.1720687763,0.3096994855,-1.506846751,-1.518024299,-1.902684678,0.3229953201,-0.4011395268
8.52500000,-0.2867372783,-0.06234580812,0.0847316706,0.176470816,0.3075867156,-1.558280629,-1.742932602,-2.455600134,0.6854196285,-0.1004515347
8.53333333,-0.2999168349,-0.07784822014,0.06293517934,0.1827255398,0.3081215723,-1.604032812,-1.979721018,-2.733236366,0.7744374726,0.2340827809
8.54166667,-0.3134608121,-0.09537089564,0.03979414219,0.188801297,0.311552666,-1.64610376,-2.227235862,-2.788984576,0.6562497482,0.5914897131
8.55000000,-0.3273507352,-0.1149731226,0.01688882485,0.1933171161,0.3179786613,-1.687863385,-2.475928892,-2.687380311,0.4133178936,0.9483216466
8.55833333,-0.3416026773,-0.1365855517,-0.004720178424,0.1955447017,0.3272759076,-1.733477684,-2.70624443,-2.486454797,0.1177965463,1.275584104
8.56666667,-0.3562614572,-0.1599656432,-0.02440757841,0.195289165,0.3390821097,-1.786343211,-2.896147628,-2.232959431,-0.1757384379,1.547196749
8.57500000,-0.3714095062,-0.1846755611,-0.04189293728,0.192712817,0.3528668159,-1.851393629,-3.021908747,-1.963254886,-0.4353267158,1.748827907
8.58333333,-0.3871622008,-0.2101071179,-0.05715273949,0.1881717152,0.3680245052,-1.932213863,-3.067118928,-1.702088901,-0.6458750725,1.877027895
8.59166667,-0.4036612475,-0.2355497294,-0.07032241384,0.1820887831,0.3839618962,-2.030647594,-3.024346284,-1.462687591,-0.8059381874,1.937368243
8.60000000,-0.4210548759,-0.2602699844,-0.08160734604,0.1748702536,0.4001492343,-2.146219567,-2.894923544,-1.250300782,-0.919144776,1.938590206
8.60833333,-0.4394657215,-0.2835812204,-0.09123991401,0.1668813706,0.4161369877,-2.273810725,-2.688140184,-1.065846756,-0.9919245805,1.891061419
8.61666667,-0.4589583254,-0.3049035314,-0.09944106573,0.1584329838,0.4315562601,-2.403712776,-2.420793149,-0.9062999135,-1.030459765,1.803554966
8.62500000,-0.4794968208,-0.3238175702,-0.1064038292,0.1497864221,0.4461070489,-2.522539251,-2.11352079,-0.7682057742,-1.040253388,1.68375586
8.63333333,-0.5009320646,-0.3400743832,-0.1122958298,0.1411628864,0.4595468959,-2.616709091,-1.786664323,-0.6485172268,-1.025577855,1.537838719
8.64166667,-0.523004667,-0.3535953518,-0.1172545769,0.1327514464,0.4716797863,-2.673431187,-1.459798824,-0.5440849205,-0.9897598441,1.370856575
8.65000000,-0.5453620723,-0.3644409993,-0.1214040008,0.1247136295,0.4823545745,-2.684318902,-1.146321874,-0.4538791731,-0.9374343161,1.18978669
8.65833333,-0.5676038605,-0.3727659046,-0.1248514844,0.1171582422,0.491490056,-2.645371078,-0.855894334,-0.3753159,-0.8740234768,1.001629216
8.66666667,-0.5893131063,-0.3787816192,-0.1276872699,0.1101767834,0.4990315866,-2.55680145,-0.5924876677,-0.3068350084,-0.799746653,0.8074287378
8.67500000,-0.6100882822,-0.382717584,-0.1299893662,0.1038579948,0.5049337204,-2.421801926,-0.3567635447,-0.2469812401,-0.71508924,0.6083755341
8.68333333,-0.6295617327,-0.3848005448,-0.1318234461,0.09828543724,0.5091610729,-2.245235871,-0.1474977645,-0.1943276816,-0.6207252443,0.4056829504
8.69166667,-0.6474089855,-0.3852435079,-0.1332461676,0.09353919793,0.5116882935,-2.032571186,0.03730894357,-0.148067043,-0.5168718018,0.2005439195
8.70000000,-0.6633520114,-0.3842416033,-0.1343042196,0.08969376361,0.5125001138,-1.789168384,0.1996511067,-0.1064809574,-0.404798477,-0.005803803319
8.70833333,-0.6771578653,-0.3819727384,-0.1350282523,0.08681065513,0.5115917001,-1.520342697,0.341552175,-0.06756025945,-0.286215866,-0.212102032
8.71666667,-0.6886343577,-0.3786008519,-0.1354319826,0.0849363364,0.5089687256,-1.230969735,0.4646968418,-0.02927085137,-0.1630159571,-0.4170880081
8.72500000,-0.6976281914,-0.3742768851,-0.1355122523,0.08410091814,0.5046473759,-0.9251269371,0.5701867151,0.01040651824,-0.03722500694,-0.6195032785
8.73333333,-0.7040191071,-0.3691456258,-0.1352470653,0.08431745908,0.498654174,-0.6069473524,0.6584439663,0.05413533632,0.08912069101,-0.8181364667
8.74166667,-0.7077192442,-0.3633499534,-0.134592763,0.08558228585,0.4910255953,-0.2798600197,0.7297409085,0.104056688,0.214038593,-1.011792509
8.75000000,-0.7086673944,-0.3570283772,-0.1334917558,0.08787556439,0.4818080681,0.05297014883,0.7848391024,0.1615372609,0.3356488827,-1.199300659
8.75833333,-0.7068298317,-0.3503106717,-0.1318771402,0.09116252294,0.4710573054,0.3881968176,0.8250241831,0.2274074267,0.4522660296,-1.379596428
8.76666667,-0.7021988984,-0.343318914,-0.1296745994,0.09539557382,0.4588376373,0.7229010716,0.8505951991,0.3028822902,0.5624945684,-1.551662949
8.77500000,-0.6947909138,-0.3361714822,-0.1268017442,0.1005162509,0.4452219372,1.054207872,0.8627178063,0.3881855826,0.6651141442,-1.714499051
8.78333333,-0.6846462468,-0.3289716487,-0.1231801608,0.1064535226,0.4302946094,1.379223578,0.863563659,0.4823501164,0.7571436086,-1.865008553
8.79166667,-0.6718294609,-0.3218029351,-0.1187425752,0.1130801202,0.4142006374,1.695018803,0.8557196958,0.5837026778,0.8295954636,-1.993444182
8.80000000,-0.6564299771,-0.3147254001,-0.1134389332,0.1202130269,0.3971471599,1.998560973,0.842216294,0.6896817097,0.8779629772,-2.094378534
8.80833333,-0.6385627093,-0.3077722647,-0.107243242,0.1276303828,0.3793892785,2.286694521,0.8265260913,0.7973098832,0.8967856895,-2.161277055
8.81666667,-0.6183721818,-0.3009437927,-0.1001544855,0.135057829,0.3612425372,2.555526771,0.8130256267,0.9034484062,0.8789861719,-2.186108897
8.82500000,-0.5960340889,-0.2942037848,-0.09220027454,0.1421538574,0.3430996238,2.801508763,0.8060096138,1.004370994,0.8156923285,-2.158526175
8.83333333,-0.5717572035,-0.2874777313,-0.08344007696,0.1484982413,0.3254457338,3.019924851,0.8106320184,1.096247483,0.6967679982,-2.066593888
8.84166667,-0.5457913822,-0.2806472697,-0.07396726848,0.1535857222,0.3088694802,3.205919509,0.832014828,1.174476831,0.5129917619,-1.898178157
8.85000000,-0.5184321554,-0.273547596,-0.06391804902,0.1568557632,0.2940453228,3.353367146,0.8761819654,1.233778492,0.2603480278,-1.645197689
8.85833333,-0.4900288605,-0.2659627279,-0.05347010205,0.1577470662,0.2816828076,3.455297633,0.9494966913,1.269356722,-0.05573108163,-1.308733649
8.86666667,-0.4609928861,-0.2576229624,-0.04284885605,0.1558236441,0.2724144053,3.503867201,1.05838901,1.273968489,-0.4089105648,-0.907294171
8.87500000,-0.4318029516,-0.2482072672,-0.03234374567,0.1509496929,0.2666462288,3.490861757,1.208537595,1.239910166,-0.754915957,-0.475588946
8.88333333,-0.4030029266,-0.23735633,-0.02231785738,0.1434161525,0.2644527301,3.40912439,1.403349707,1.157148513,-1.03784418,-0.05639608599
8.89166667,-0.3751850751,-0.2246970695,-0.01322591576,0.1339683704,0.2655741551,3.255011025,1.641670888,1.013936537,-1.207226003,0.3155580889
8.90000000,-0.348947799,-0.2098998646,-0.005614902475,0.1237086527,0.2695280058,3.030871987,1.914055148,0.8004464151,-1.228585646,0.6216625875
8.90833333,-0.3248301775,-0.1927609066,-8.890326382e-05,0.1139409803,0.2757441967,2.749518107,2.198647658,0.5143158065,-1.088999681,0.8592227041
8.91666667,-0.3032250087,-0.1733201642,0.002803980487,0.1059739133,0.2836797207,2.431660396,2.459740661,0.1738035007,-0.8008551638,1.036197702
8.92500000,-0.284332191,-0.1519635176,0.002791572718,0.1008975029,0.2928782481,2.1030147,2.649407382,-0.1717595727,-0.4040217712,1.164395842
8.93333333,-0.2681422283,-0.1295149691,0.0001474054195,0.09937887894,0.3029830345,1.785998048,2.711938646,-0.4421166251,0.04244038893,1.255342739
8.94166667,-0.2544894748,-0.1072957318,-0.004091344855,0.1015711386,0.3137255617,1.495648129,2.583526271,-0.5381033171,0.4780234972,1.318929801
8.95000000,-0.2431318123,-0.08715761755,-0.008081719987,0.1072041116,0.3249079205,1.235048566,2.203415337,-0.3700178216,0.8639312075,1.361879927
8.95833333,-0.233841588,-0.07134799521,-0.009407980867,0.1157944898,0.3363827253,0.997495814,1.547367142,0.09972499156,1.187683678,1.390100489
8.96666667,-0.2264770368,-0.06192423215,-0.005790448067,0.1268460025,0.3480484658,0.7704754553,0.6961886507,0.7905332359,1.457038624,1.408295057
8.97500000,-0.2210169501,-0.05971516714,0.003797371022,0.1399773622,0.3598356448,0.5374867134,-0.1446164199,1.492620119,1.68976418,1.419754801
8.98333333,-0.2175808569,-0.0637386211,0.01854682506,0.1549485901,0.3717014246,0.282440656,-0.7763318953,2.0058434,1.900563498,1.427789931
8.99166667,-0.2164057007,-0.0718718884,0.0365071367,0.1716149298,0.3836322667,-0.006986647938,-1.129793449,2.262988681,2.097154668,1.435868667
9.00000000,-0.2178060968,-0.08187995223,0.05564901584,0.1898570707,0.3956408728,-0.3356546725,-1.235875956,2.299793458,2.277661917,1.446925506
9.00833333,-0.2220949569,-0.09195912546,0.07440927762,0.2095031767,0.4077657884,-0.6979416377,-1.158358346,2.182438967,2.431612128,1.464694068
9.01666667,-0.2294821437,-0.1008607841,0.0917651845,0.2302665884,0.4200833218,-1.075655878,-0.9635439236,1.971789005,2.543324032,1.493508408
9.02500000,-0.2399925326,-0.1078561826,0.1071443354,0.2517286264,0.4326981292,-1.442642954,-0.7100180669,1.714460904,2.596562249,1.536866334
9.03333333,-0.2534226949,-0.1126644297,0.1202970341,0.2733503103,0.4457445065,-1.772290291,-0.4453551046,1.441706866,2.580089057,1.597240906
9.04166667,-0.2693666638,-0.1153452937,0.1311913588,0.2945123585,0.4593704373,-2.043405397,-0.20389856,1.17484173,2.486222011,1.675786166
9.05000000,-0.2872868467,-0.1161795759,0.1399216591,0.3145814575,0.4737154155,-2.245721154,-0.004083014579,0.9235730164,2.31843969,1.769284731
9.05833333,-0.3066052712,-0.1155461723,0.1466410186,0.3329739796,0.488883961,-2.379649057,0.1481447235,0.6928965805,2.085985962,1.871820275
9.06666667,-0.3267735959,-0.1138376505,0.1515296411,0.3492128762,0.5049072085,-2.450914681,0.2546197006,0.4838454782,1.804829418,1.972428342
9.07500000,-0.3473016428,-0.1114156273,0.1547634285,0.3629691647,0.5217184839,-2.467532313,0.3205181273,0.2954847853,1.493271904,2.058894841
9.08333333,-0.367770913,-0.1085916943,0.1565055418,0.3740719903,0.5391468402,-2.43808878,0.3519608386,0.1257513679,1.171039673,2.118353253
9.09166667,-0.3878294202,-0.1056302671,0.1569099671,0.3825012911,0.5569181716,-2.370127713,0.3543848939,-0.02591903143,0.8540107022,2.139885347
9.10000000,-0.4071833625,-0.1027535531,0.1561173379,0.3883517701,0.5746921987,-2.269970487,0.3323311458,-0.1617316907,0.5537705334,2.118163122
9.10833333,-0.4255864808,-0.100149612,0.1542565618,0.3917970412,0.5920925832,-2.142736081,0.289507786,-0.2823739952,0.2771803275,2.050449513
9.11666667,-0.4428327487,-0.0979776717,0.1514517776,0.3930450195,0.6087413262,-1.993300183,0.2292946564,-0.3883206527,0.02670345786,1.938123716
9.12500000,-0.4587730145,-0.09635658757,0.1478240641,0.3923168889,0.6242805313,-1.830501199,0.1581973907,-0.4800338418,-0.1970603047,1.784838774
9.13333333,-0.4733112738,-0.09536702402,0.1434884905,0.3898308683,0.6383885475,-1.65696037,0.07776792951,-0.558344496,-0.3954646302,1.595431405
9.14166667,-0.4863617741,-0.09508522629,0.1385529862,0.3857895266,0.6507862051,-1.473606305,-0.01157613454,-0.6241822163,-0.5707401639,1.375264758
9.15000000,-0.4978468867,-0.09558339522,0.133117618,0.3803775378,0.6612378894,-1.281433011,-0.10945196,-0.6783410774,-0.7248624916,1.129366222
9.15833333,-0.5076975123,-0.0969332274,0.1272791916,0.3737621875,0.6695507887,-1.081531834,-0.2158182018,-0.721098345,-0.8597132382,0.8625990838
9.16666667,-0.5158542708,-0.09919997823,0.1211265631,0.3660975522,0.6755700321,-0.875096402,-0.3292340712,-0.7540550595,-0.9769410594,0.5796440151
9.17500000,-0.5222675301,-0.1024349433,0.1147333934,0.3575268855,0.6791765295,-0.663298184,-0.4478554239,-0.7791709114,-1.077291033,0.2841625011
9.18333333,-0.5268979725,-0.1066728575,0.1081563306,0.3481864441,0.6802827881,-0.4474440359,-0.5695755248,-0.7985482811,-1.161817736,-0.01979686703
9.19166667,-0.5297174098,-0.1119299259,0.1014342663,0.3382059389,0.6788315648,-0.2288827192,-0.6920195623,-0.8143377819,-1.230982763,-0.3291562541
9.20000000,-0.5307089397,-0.1182015344,0.09458639278,0.3277128496,0.6747903647,-0.008973460628,-0.8126821353,-0.8292114409,-1.284834268,-0.6408120839
9.20833333,-0.5298670186,-0.1254632459,0.08761014799,0.316833659,0.6681539756,0.2109168741,-0.92923428,-0.8455046328,-1.323701016,-0.9515370995
9.21666667,-0.5271975326,-0.1336708965,0.0804854466,0.3056916076,0.6589416126,0.4294125507,-1.039347265,-0.8650968726,-1.348030709,-1.25858946
9.22500000,-0.5227178394,-0.1427619501,0.0731788632,0.2944046246,0.6471953048,0.6451376631,-1.140923816,-0.8893556115,-1.358633028,-1.55923189
9.23333333,-0.5164567173,-0.152657572,0.06564765682,0.2830824693,0.632979735,0.8567382895,-1.232176239,-0.9190687978,-1.356736637,-1.850751309
9.24166667,-0.5084538238,-0.1632654783,0.05784470843,0.2718229322,0.6163826329,1.062949154,-1.311637724,-0.9547275271,-1.343775221,-2.130328756
9.25000000,-0.4987720268,-0.1744703878,0.04971706494,0.2607138923,0.5975151122,1.25776754,-1.373714263,-0.9969654828,-1.320917164,-2.395188501
9.25833333,-0.4875443432,-0.1860922111,0.04121190205,0.249828686,0.5765116023,1.433166445,-1.410963249,-1.045172765,-1.290490058,-2.64249176
9.26666667,-0.4749550604,-0.1979044333,0.03228513874,0.2392177489,0.5535313477,1.583531445,-1.418563734,-1.097815054,-1.255789522,-2.868945192
9.27500000,-0.4612405579,-0.2096372889,0.02290916402,0.2288997508,0.5287637307,1.70190377,-1.390858607,-1.152516786,-1.220799631,-3.070961237
9.28333333,-0.4467030338,-0.220968499,0.0130799301,0.2188602458,0.502425991,1.779442193,-1.320955552,-1.205977773,-1.189825713,-3.245013691
9.29166667,-0.4317274117,-0.2315114786,0.002822680059,0.2090431095,0.4747710524,1.804985381,-1.199962098,-1.25469848,-1.168196443,-3.386457917
9.30000000,-0.4167993659,-0.2407968744,-0.007809654485,0.1993481345,0.4460902484,1.765868293,-1.017382518,-1.295449722,-1.161616262,-3.49017361
9.30833333,-0.4025123906,-0.2482699958,-0.01873475836,0.1896249622,0.4167215271,1.649205101,-0.7638228412,-1.324188216,-1.176134123,-3.550402132
9.31666667,-0.3895508044,-0.2533194656,-0.02983404167,0.1796694885,0.3870558047,1.447049119,-0.4357563635,-1.336555299,-1.218448859,-3.560321421
9.32500000,-0.3786283542,-0.2553442517,-0.04095354101,0.16922263,0.3575421931,1.16163588,-0.04071360378,-1.328340746,-1.295070688,-3.51268508
9.33333333,-0.3703657776,-0.2538919436,-0.05189755708,0.1579762568,0.3286883029,0.8136067582,0.3919995761,-1.293082437,-1.4110172,-3.400986305
9.34166667,-0.3651388361,-0.2488385014,-0.06241059017,0.1455907869,0.3010497148,0.4402170626,0.8142566863,-1.223459589,-1.568068309,-3.220856915
9.35000000,-0.3629808213,-0.2405082751,-0.07216731099,0.1317406192,0.275195507,0.08395714611,1.168877602,-1.109843758,-1.761181966,-2.973328147
9.35833333,-0.3635934442,-0.229691154,-0.08075522729,0.116175071,0.2516584155,-0.2205432045,1.403921057,-0.9410822799,-1.976663485,-2.666850826
9.36666667,-0.3664655069,-0.2175419153,-0.0876698872,0.09880657279,0.2308610246,-0.4568085916,1.48407344,-0.7072453652,-2.188106578,-2.319708499
9.37500000,-0.3710145414,-0.205432925,-0.0923521763,0.07981517011,0.2130437051,-0.6240358395,1.393412166,-0.4057423762,-2.360034657,-1.955599924
9.38333333,-0.3767009695,-0.1947728805,-0.09428719967,0.05969387693,0.1982502649,-0.7319332023,1.139976265,-0.05307709532,-2.452113403,-1.59765745
9.39166667,-0.3830846116,-0.1867907315,-0.0932271711,0.03929144023,0.1863460959,-0.7935886764,0.7590321552,0.3014806107,-2.420204921,-1.264227313
9.40000000,-0.3898325364,-0.1823076067,-0.08949836861,0.01982685116,0.1770877412,-0.8210708884,0.3112622295,0.5706826112,-2.219067921,-0.9635028843
9.40833333,-0.3967056696,-0.1816090737,-0.08423158767,0.002901082191,0.1701983128,-0.8253817004,-0.1395076416,0.6549811069,-1.80417187,-0.695128027
9.41666667,-0.4035471871,-0.1845081477,-0.07930128623,-0.009578976832,0.1654325159,-0.8146572413,-0.5467340585,0.4836443852,-1.152249518,-0.4519747053
9.42500000,-0.4102601746,-0.1905464415,-0.07684360138,-0.01575213948,0.1626247559,-0.7955800713,-0.8918625476,0.074892349,-0.3061168783,-0.2232784531
9.43333333,-0.4167998333,-0.1992062997,-0.07833164509,-0.01454302516,0.1617087591,-0.7739379838,-1.177120754,-0.4329248265,0.5883292301,0.004581013437
9.44166667,-0.4231655119,-0.2100271003,-0.08382087278,-0.006331199924,0.1627404614,-0.7545642207,-1.41221656,-0.8588611345,1.347813954,0.2464778039
9.45000000,-0.4293935175,-0.2226195021,-0.09212848338,0.007242032643,0.1658902575,-0.7415039169,-1.602593531,-1.102200181,1.866317412,0.5150748824
9.45833333,-0.4355545164,-0.236611362,-0.1016759717,0.02407435623,0.1714274873,-0.7394712995,-1.747391544,-1.1618599,2.13431597,0.8204996104
9.46666667,-0.4417603834,-0.2515976424,-0.1111139537,0.0422265865,0.1796778935,-0.7526617867,-1.839893933,-1.085341399,2.191526585,1.16592221
9.47500000,-0.4481528377,-0.267103213,-0.1195372828,0.06015920087,0.1909544816,-0.7850387588,-1.870595052,-0.9260906781,2.090466882,1.544692952
9.48333333,-0.4549028108,-0.2825851152,-0.1264336329,0.07677896955,0.2054614543,-0.8386806263,-1.83306017,-0.7249277776,1.885142607,1.937320129
9.49166667,-0.4621933317,-0.2974572397,-0.1315786714,0.09142882016,0.2232078121,-0.9144475531,-1.724846448,-0.5089530247,1.625763483,2.31721552
9.50000000,-0.4701949023,-0.311147858,-0.1349216726,0.1038447523,0.2439696497,-1.008772077,-1.550528745,-0.2943141955,1.355344408,2.656741269
9.50833333,-0.479040596,-0.3231438658,-0.1365120159,0.1140806843,0.2673117055,-1.115370838,-1.320199412,-0.08956992573,1.106514918,2.93388171
9.51666667,-0.4887877868,-0.3330401576,-0.1364512164,0.1223974267,0.292661766,-1.223143738,-1.049706064,0.1016243201,0.8969304459,3.137624374
9.52500000,-0.49939531,-0.3405748777,-0.1348635043,0.1291548942,0.3194010708,-1.319752454,-0.7563904954,0.2768217195,0.7323335927,3.267896979
9.53333333,-0.5107184642,-0.3456358049,-0.1318779904,0.1347228335,0.3469369645,-1.392907936,-0.4589119265,0.4372291083,0.6107393261,3.330002553
9.54166667,-0.5225145148,-0.3482542251,-0.1276184248,0.1394376359,0.3747354167,-1.431995521,-0.1721048296,0.5825581979,0.5265015903,3.332417231
9.55000000,-0.5344748576,-0.3485640547,-0.1222072524,0.1435856894,0.4023341115,-1.431523011,0.09344050586,0.7138610759,0.4736578257,3.283517106
9.55833333,-0.5462595848,-0.3467706773,-0.1157587507,0.1474042489,0.4293388706,-1.389790125,0.3321083223,0.8314692963,0.4465890863,3.19104141
9.56666667,-0.5575255654,-0.3431094371,-0.1083879724,0.15108806,0.4554145689,-1.307678256,0.5418919088,0.9351961365,0.4406404169,3.061509704
9.57500000,-0.5679513052,-0.337817921,-0.1002106374,0.1547969629,0.4802755539,-1.188804293,0.7236067236,1.025060737,0.4521194081,2.900251107
9.58333333,-0.5772485395,-0.3311239938,-0.09134068578,0.1586631158,0.5036769272,-1.03761802,0.8786979438,1.101485462,0.4780763927,2.711822938
9.59166667,-0.5851695824,-0.3232401825,-0.08189172649,0.1627924574,0.5254174224,-0.859183439,1.009488313,1.163908906,0.5140879377,2.503272272
9.60000000,-0.5915067193,-0.3143586011,-0.07198122184,0.1672500092,0.5453560111,-0.6583764581,1.118681763,1.212299786,0.5568456709,2.279548933
9.60833333,-0.5960917934,-0.3046501636,-0.06172466824,0.1720914053,0.5633712388,-0.439462315,1.208331285,1.247040415,0.6061481751,2.041892941
9.61666667,-0.5987927858,-0.2942683113,-0.0512341732,0.1773699715,0.5793525544,-0.2067137022,1.280458742,1.268370966,0.6618442237,1.791658691
9.62500000,-0.5995088525,-0.2833535725,-0.04062316977,0.1831404,0.5932015608,0.03618951935,1.336615013,1.276062717,0.7240467408,1.530385022
9.63333333,-0.5981709319,-0.2720315433,-0.0300016562,0.1894518585,0.6048327896,0.285824351,1.378301059,1.271108054,0.7914381827,1.259686063
9.64166667,-0.5947339209,-0.2604203571,-0.0194690351,0.1963408729,0.6141749718,0.539418835,1.406198521,1.255002775,0.8623640602,0.981301807
9.65000000,-0.589178743,-0.2486300485,-0.009111127721,0.2038291941,0.621171385,0.7937294694,1.421420519,1.229431427,0.9349737169,0.6970060243
9.65833333,-0.5815100601,-0.2367635907,0.0009984066132,0.2119245402,0.6257804864,1.046252792,1.424555077,1.19564009,1.007773051,0.4086590833
9.66666667,-0.5717529524,-0.2249194941,0.01079907558,0.2206196082,0.6279763088,1.294550913,1.416183396,1.155661706,1.078481645,0.1181323127
9.67500000,-0.5599524561,-0.2131900986,0.02024819224,0.2298862114,0.6277485664,1.536270653,1.397177152,1.111643571,1.144493015,-0.1726791863
9.68333333,-0.5461735053,-0.2016605672,0.02932193471,0.2396741062,0.6251028354,1.768973076,1.3682744,1.066056622,1.203153071,-0.4618682343
9.69166667,-0.5305012873,-0.1904117405,0.03801926225,0.2499112071,0.6200603817,1.99025281,1.329960883,1.021667545,1.251917674,-0.7475907896
9.70000000,-0.5130408946,-0.1795174662,0.04635801102,0.2605055123,0.6126582545,2.197756203,1.283423122,0.9802400291,1.288211956,-1.027506317
9.70833333,-0.493916926,-0.1690397944,0.05436811439,0.2713261891,0.6029739758,2.389106746,1.230258722,0.9428753317,1.305114884,-1.293976493
9.71666667,-0.4732733958,-0.159026391,0.06208278988,0.2821920579,0.5911449069,2.56208277,1.172329788,0.9092491717,1.29836459,-1.541316814
9.72500000,-0.4512749405,-0.1495065428,0.06953190865,0.29288756,0.5773539154,2.713695462,1.112388112,0.8790764752,1.263314891,-1.763734695
9.73333333,-0.4281127812,-0.1404840523,0.0767423621,0.3031525009,0.5618380321,2.840970877,1.053370057,0.8518698766,1.193892481,-1.953941181
9.74166667,-0.4040014151,-0.1319392211,0.08373531332,0.3126696831,0.5449028734,2.940757663,0.998500568,0.8266513076,1.082503177,-2.102684425
9.75000000,-0.3791871205,-0.1238196591,0.09052077292,0.321051081,0.526941234,3.009156781,0.9518736223,0.8017544176,0.9196133578,-2.19820542
9.75833333,-0.3539489941,-0.1160381001,0.09709291016,0.3278229203,0.5084519529,3.041712857,0.9181790682,0.7750467171,0.694335274,-2.226924949
9.76666667,-0.3286056439,-0.1084669493,0.1034264743,0.3324195509,0.4900515647,3.033467742,0.9022373939,0.7441050698,0.3959041978,-2.174559395
9.77500000,-0.3035184091,-0.1009387982,0.1094751764,0.3342017784,0.4724632096,2.979173208,0.9088615057,0.7061377325,0.01858499197,-2.030893778
9.78333333,-0.2790946151,-0.09324391427,0.1151662567,0.3325235255,0.456459213,2.873482949,0.9428926655,0.6576465418,-0.4319340806,-1.795917524
9.79166667,-0.2557807695,-0.08514018527,0.1203909095,0.3268730413,0.4427367637,2.712127983,1.007364149,0.5930401634,-0.9282582856,-1.487971826
9.80000000,-0.2340518941,-0.07637032981,0.124988531,0.3170533803,0.4317634964,2.493190798,1.102291675,0.5058412989,-1.423220043,-1.14329913
9.80833333,-0.2143769757,-0.0667021241,0.1287327321,0.303328778,0.4236524678,2.220212997,1.221394846,0.3865478902,-1.855203644,-0.8086422025
9.81666667,-0.1971754417,-0.055984555,0.1313157372,0.2864653533,0.418148956,1.901857539,1.35064389,0.2255329527,-2.168130459,-0.5226825394
9.82500000,-0.1827627838,-0.04422336548,0.1323415317,0.2676393195,0.4147482366,1.55351462,1.468117688,0.01066403806,-2.321106589,-0.3054892797
9.83333333,-0.17131625,-0.03162888408,0.1313269039,0.2482809396,0.4128621156,1.193379893,1.545223244,-0.2642186463,-2.294482268,-0.1582069121
9.84166667,-0.162853287,-0.0186767829,0.127790654,0.2298973362,0.411945074,0.8400395002,1.548223318,-0.5913330247,-2.088921413,-0.07086813047
9.85000000,-0.1572590865,-0.006128950301,0.1214212748,0.2138961878,0.411552075,0.5068953861,1.441825864,-0.9352467424,-1.729382058,-0.02993787614
9.85833333,-0.154326017,0.004943537461,0.1123519538,0.2013572617,0.4113563507,0.2016289294,1.188270324,-1.224808745,-1.268581826,-0.0214335634
9.86666667,-0.1538211456,0.0131713593,0.1014212451,0.1928392983,0.4111395894,-0.07596031623,0.753985734,-1.366387918,-0.7761591146,-0.03315701991
9.87500000,-0.1555311494,0.01696734752,0.09019786708,0.1883398372,0.4107720173,-0.3315156534,0.1260534943,-1.288208178,-0.3117626856,-0.05630967114
9.88333333,-0.1593105809,0.01484470045,0.08055552621,0.1874714307,0.4101906949,-0.5743172121,-0.6529330858,-0.9964151716,0.09206605001,-0.0832420255
9.89166667,-0.1651001527,0.005995737943,0.07389959227,0.1896802759,0.4093929052,-0.8160845516,-1.463215617,-0.5950906717,0.4267943376,-0.1072239062
9.90000000,-0.1729436507,-0.009209555009,0.07053787294,0.1944009401,0.4084278035,-1.069267179,-2.155743394,-0.2278679484,0.6957272041,-0.1225417998
9.90833333,-0.1829904056,-0.02932590814,0.06974304538,0.2011062973,0.4073873955,-1.346808084,-2.632698469,0.01308000544,0.9033874545,-0.1246312385
9.91666667,-0.1954818589,-0.05243359025,0.07036212156,0.2092900836,0.4064001839,-1.657182634,-2.875471507,0.1140647827,1.050164009,-0.1087343416
9.92500000,-0.2107063995,-0.07668105146,0.07134417742,0.2184282839,0.4056379549,-2.002332131,-2.913244036,0.106789228,1.132267535,-0.07026233241
9.93333333,-0.2289269231,-0.1005475508,0.07194863707,0.2279713771,0.4053035779,-2.373497014,-2.79280649,0.02993615896,1.146383251,-0.005359618816
9.94166667,-0.2502838321,-0.122931577,0.07173888237,0.2373466963,0.4056249421,-2.751001903,-2.566034407,-0.08433915595,1.092257941,0.08724230691
9.95000000,-0.2747150775,-0.143163391,0.07050204541,0.2459918104,0.4068324267,-3.106231982,-2.284562452,-0.2139552184,0.9725897551,0.2065299379
9.95833333,-0.3019139075,-0.1609798141,0.06816849798,0.2533981332,0.409126521,-3.411121897,-1.992698244,-0.3455358849,0.796156285,0.3471466638
9.96666667,-0.3313689826,-0.1764335684,0.0647536685,0.2591413707,0.4126538612,-3.645533402,-1.721320818,-0.472750784,0.5763916488,0.5005183325
9.97500000,-0.3624534899,-0.189771495,0.06031419088,0.2629305731,0.4174684793,-3.801433025,-1.48647506,-0.5913712296,0.330238505,0.6538614237
9.98333333,-0.3945101333,-0.2013208936,0.05491933946,0.2646261342,0.4235138747,-3.879662616,-1.292163429,-0.7018575984,0.0769490953,0.793659503
9.99166667,-0.4269168767,-0.2114159907,0.0486442454,0.2642388246,0.4306228283,-3.886815924,-1.136708131,-0.8024814762,-0.1673725761,0.9073711414
10.00000000,-0.4591173457,-0.2203581129,0.04157016074,0.2618955587,0.4385416094,-3.831675345,-1.014390689,-0.893913485,-0.3904114324,0.9867636953
10.00833333,-0.4906294519,-0.2283976638,0.03376925596,0.2578132489,0.4469615852,-3.723046906,-0.9190821585,-0.976859575,-0.5842056542,1.027523688
10.01666667,-0.5210413378,-0.2357363602,0.02531371345,0.2522488829,0.4555571249,-3.568842269,-0.8453694155,-1.050974118,-0.7459734047,1.029125578
10.02500000,-0.5500022455,-0.2425348392,0.01627832098,0.2454703389,0.4640093666,-3.375788166,-0.7888198212,-1.115972213,-0.8757703675,0.993601121
10.03333333,-0.5772131663,-0.24892079,0.006740759733,0.2377350801,0.4720251892,-3.149653761,-0.745916352,-1.171396556,-0.9760071997,0.925046817
10.04166667,-0.6024182806,-0.25499748,-0.003216218582,0.229276405,0.4793479402,-2.895251741,-0.7142453743,-1.216394096,-1.049817254,0.8278803827
10.05000000,-0.625400069,-0.2608535814,-0.01349877432,0.220301145,0.4857572929,-2.616797323,-0.6926967778,-1.249363786,-1.100658733,0.706738163
10.05833333,-0.6459843558,-0.2665587564,-0.02400418945,0.2109890171,0.491071307,-2.320908327,-0.6774115839,-1.269799164,-1.131222309,0.5657766526
10.06666667,-0.6640423896,-0.2721583451,-0.03462572021,0.2014955519,0.4951429847,-2.010815528,-0.6673521381,-1.277144361,-1.144456538,0.4089901762
10.07500000,-0.6794639676,-0.2776956579,-0.04525228686,0.1919553058,0.4978540992,-1.688491696,-0.6625442316,-1.270853818,-1.142985473,0.2399586403
10.08333333,-0.692155697,-0.2832180947,-0.05576469799,0.1824810477,0.4991166412,-1.356009234,-0.663855135,-1.2496012,-1.128824748,0.06169410074
10.09166667,-0.7020418154,-0.288775678,-0.06603743221,0.1731718551,0.4988644338,-1.015501551,-0.6708307954,-1.213396972,-1.1037743,-0.1230025713
10.10000000,-0.7090644952,-0.2944113541,-0.07594779857,0.1641096733,0.497056483,-0.6691522572,-0.6823778568,-1.162757595,-1.069758932,-0.311342608
10.10833333,-0.7131842741,-0.3001577355,-0.08537921621,0.1553643253,0.493670961,-0.3191746619,-0.6972767804,-1.098542368,-1.027899099,-0.5012764166
10.11666667,-0.7143801506,-0.306040041,-0.09422068628,0.1469971036,0.4887031978,0.03221499104,-0.714758923,-1.021398553,-0.9791690817,-0.6907337471
10.12500000,-0.7126495994,-0.3120720491,-0.1023720484,0.1390605803,0.4821666024,0.3827967935,-0.7328343838,-0.9332930713,-0.9248299215,-0.8772953207
10.13333333,-0.708008645,-0.3182492158,-0.1097516978,0.1315955036,0.4740961733,0.7303402068,-0.7491992388,-0.8365954526,-0.8660644626,-1.058651064
10.14166667,-0.7004918335,-0.324547142,-0.1162984636,0.1246380439,0.4645398573,1.072643651,-0.7614114583,-0.7338376216,-0.8030188709,-1.233727703
10.15000000,-0.6901558631,-0.3309178734,-0.1219726976,0.1182215165,0.453556676,1.405739194,-0.7655764686,-0.6276075349,-0.7365511304,-1.400606542
10.15833333,-0.6771058763,-0.3372680598,-0.1267554874,0.1123672275,0.4412259992,1.723367409,-0.7558383566,-0.5202663688,-0.6682618277,-1.556827385
10.16666667,-0.6614893146,-0.3434639503,-0.1306469027,0.1070858975,0.4276445229,2.020807205,-0.727704669,-0.4140346325,-0.5992261388,-1.700460428
10.17500000,-0.6434967478,-0.3493316887,-0.1336644905,0.1023790536,0.4129253096,2.292523193,-0.6761035849,-0.3108152082,-0.5305736729,-1.829598905
10.18333333,-0.6233711756,-0.3546501347,-0.135839548,0.09823776522,0.3971972996,2.531432933,-0.5947393545,-0.2120368776,-0.463916976,-1.942023486
10.19166667,-0.6014214329,-0.3591412307,-0.1372128426,0.09463523017,0.3806128382,2.728679519,-0.476273488,-0.118352318,-0.401518106,-2.03483123
10.20000000,-0.5780394811,-0.3624606859,-0.1378265767,0.09153031574,0.363343812,2.873183706,-0.3118850261,-0.02989241135,-0.3448611742,-2.105715647
10.20833333,-0.5537198958,-0.3641795361,-0.1377264076,0.08886459748,0.3455882779,2.951288451,-0.09012219877,0.05307113633,-0.2964090878,-2.151223511
10.21666667,-0.5290762405,-0.3637708891,-0.1369549517,0.08655824938,0.327571026,2.948581019,0.200535327,0.1314083105,-0.2592673822,-2.167774073
10.22500000,-0.5048391535,-0.3606189874,-0.1355449265,0.08450457952,0.3095482824,2.852025825,0.5691815837,0.2066622372,-0.2364326209,-2.151770992
10.23333333,-0.481816349,-0.3540691845,-0.1335122801,0.08256802018,0.2918101814,2.657290278,1.014885163,0.2813174199,-0.2316422692,-2.098865734
10.24166667,-0.4607931399,-0.3435403805,-0.1308480985,0.08058512719,0.2746807757,2.376057539,1.518625691,0.3590945176,-0.2477946092,-2.005202212
10.25000000,-0.4423706867,-0.3287105283,-0.127506436,0.07837699911,0.258513658,2.039619915,2.039061624,0.4445109443,-0.2856286712,-1.867529021
10.25833333,-0.4268244404,-0.3096714254,-0.1233989301,0.07576365815,0.2436838178,1.694160849,2.517907292,0.544621704,-0.3448832746,-1.684098439
10.26666667,-0.4140354881,-0.2870254488,-0.1183631393,0.07258177582,0.2305671246,1.384148181,2.895851973,0.6686797509,-0.4208547485,-1.456824901
10.27500000,-0.4035779461,-0.2618149525,-0.1121619695,0.06873625118,0.2195080958,1.13737418,3.127511573,0.8262462557,-0.5018763139,-1.191702232
10.28333333,-0.3948830287,-0.2353793628,-0.104470861,0.06424477446,0.2107873071,0.9607743944,3.187499512,1.026976611,-0.5723469763,-0.8974631354
10.29166667,-0.3873906146,-0.2091853274,-0.0949200524,0.05929186533,0.2045945945,0.8467826002,3.069671353,1.272017054,-0.6081377814,-0.5872921191
10.30000000,-0.3806343718,-0.1846850015,-0.08318384332,0.05428625665,0.201005763,0.7816700712,2.78442881,1.547088624,-0.5797471274,-0.2746545988
10.30833333,-0.3742659423,-0.1631520713,-0.06917214921,0.04990343743,0.1999918661,0.7514396822,2.3652547,1.808040706,-0.4526938914,0.02905657499
10.31666667,-0.3680491151,-0.1454804272,-0.05329243748,0.04711594833,0.201443655,0.7435284971,1.867973925,1.981641075,-0.1910621212,0.31632643
10.32500000,-0.3618416509,-0.1320679009,-0.03660320288,0.04716760412,0.2052168914,0.7474772112,1.352496569,1.991360775,0.2312895705,0.5866363173
10.33333333,-0.3555802616,-0.1228556322,-0.02067951813,0.05141329658,0.2111838383,0.7553604485,0.8661503368,1.796361875,0.8107920318,0.8437696854
10.34166667,-0.3492592852,-0.1174837269,-0.007137828968,0.06094860265,0.2192649866,0.7607609305,0.4330447301,1.432832084,1.484634227,1.095701743
10.35000000,-0.3429234495,-0.1154746984,0.003037513592,0.07608274693,0.2294610509,0.7580655843,0.05905883218,1.010174742,2.131699265,1.353199765
10.35833333,-0.3366608133,-0.1163394133,0.009862598518,0.0960557885,0.241868703,0.742457954,-0.2572491462,0.6446473556,2.6292563,1.628614346
10.36666667,-0.3305982048,-0.1196017376,0.01410830497,0.1193099688,0.2566775853,0.7089984561,-0.5159626975,0.3951813638,2.914841778,1.930433306
10.37500000,-0.324908931,-0.1247708875,0.01677385727,0.1440447894,0.274124129,0.6523086042,-0.7141206299,0.2614261412,2.98913059,2.260961418
10.38333333,-0.3198048226,-0.1313235221,0.01870700201,0.1686468165,0.2944179929,0.567531203,-0.8471466984,0.2140265932,2.89087872,2.611521393
10.39166667,-0.315538435,-0.1386958544,0.02049095741,0.1918932897,0.3176475091,0.450628572,-0.9104149199,0.2210254981,2.673018187,2.961221554
10.40000000,-0.3123904089,-0.1462994422,0.02247081561,0.2130171654,0.3436936881,0.2991753964,-0.9026763783,0.2572568672,2.390109247,3.282818986
10.40833333,-0.3106486524,-0.1535510449,0.02481534154,0.231678719,0.3722081685,0.1135360265,-0.8269303665,0.3064682584,2.088602461,3.549942967
10.41666667,-0.3105780212,-0.1599146731,0.02758620174,0.247867832,0.4026546551,-0.100911606,-0.6914028473,0.3588801718,1.80090276,3.744078706
10.42500000,-0.3123841982,-0.1649476439,0.0307928352,0.261781492,0.4343866137,-0.3345734327,-0.510313772,0.4102435303,1.544209209,3.858173331
10.43333333,-0.3161658773,-0.1683461581,0.03441695504,0.2737067409,0.4667371469,-0.5723878741,-0.3027837439,0.4591541205,1.323894897,3.893437202
10.44166667,-0.3218907639,-0.1699781865,0.03843673116,0.2839456586,0.4990775589,-0.7982541373,-0.08953463708,0.5050800937,1.138974215,3.857024327
10.45000000,-0.3293935013,-0.169874189,0.04282702831,0.2927724631,0.5308477412,-0.996770904,0.1110710846,0.548170606,0.9840083427,3.758106955
10.45833333,-0.3384006949,-0.168197661,0.04756746453,0.3004119124,0.5615647375,-1.157936464,0.2858880496,0.589343495,0.853072374,3.605717048
10.46666667,-0.3485702813,-0.1652075189,0.05264600966,0.307042443,0.5908180446,-1.275431796,0.4257119597,0.6292608726,0.7411326642,3.408086555
10.47500000,-0.3595337286,-0.1612069087,0.05805005024,0.3128052835,0.6182610478,-1.34874543,0.5284620836,0.6673288021,0.6442041751,3.172402828
10.48333333,-0.370933272,-0.156499201,0.06376028826,0.3178134352,0.6436019076,-1.380655672,0.5958361664,0.7025502068,0.5595374115,2.904583381
10.49166667,-0.382439566,-0.151366339,0.06974756272,0.3221594859,0.6665957718,-1.375054562,0.631130352,0.7335550025,0.4851230871,2.609809873
10.50000000,-0.3937601357,-0.1460565183,0.07596982019,0.3259229445,0.6870370239,-1.336839804,0.6390571475,0.7586558829,0.4194798463,2.292709787
10.50833333,-0.4046441827,-0.1407768724,0.08237056351,0.3291730513,0.7047559896,-1.270950982,0.6245697802,0.776097289,0.3618290541,1.957038771
10.51666667,-0.4148782358,-0.135696446,0.08887859731,0.3319698192,0.7196175689,-1.181709013,0.592134956,0.78412381,0.3102301935,1.607947189
10.52500000,-0.4242841245,-0.1309473614,0.09540842208,0.3343580893,0.7315282861,-1.072775427,0.5456870204,0.7810498391,0.2638548043,1.249204382
10.53333333,-0.4327140811,-0.1266289708,0.1018607755,0.3363831262,0.7404171053,-0.9479504705,0.4892718945,0.7651750462,0.2232305773,0.8830660021
10.54166667,-0.4400455792,-0.1228135166,0.1081197526,0.3380976318,0.7462317981,-0.8096612415,0.425510831,0.7344076302,0.1893855724,0.511796707
10.55000000,-0.446180184,-0.1195488525,0.1140577737,0.339557955,0.7489391736,-0.6611183896,0.3573809109,0.688194867,0.1621541443,0.1376918286
10.55833333,-0.4510414846,-0.1168657105,0.1195482223,0.3408169376,0.748525154,-0.5043922822,0.2862020512,0.6270484666,0.140937449,-0.236955295
10.56666667,-0.4545694493,-0.1147826302,0.124468079,0.3419212307,0.7449948225,-0.3414827868,0.2136700387,0.5512884883,0.1249248411,-0.6098370547
10.57500000,-0.4567255742,-0.1133000643,0.128695573,0.342912987,0.7383725448,-0.1757467388,0.1425538502,0.4609572358,0.1138292002,-0.9786349264
10.58333333,-0.4574959024,-0.1123995765,0.1321140706,0.3438281049,0.7287019618,-0.009053400736,0.07400777609,0.3574591815,0.1062239544,-1.341054148
10.59166667,-0.456876503,-0.112059079,0.1346227858,0.3446872282,0.7160461707,0.1576258386,0.008164283902,0.2430099278,0.09980653913,-1.694416681
10.60000000,-0.4548715466,-0.1122560615,0.1361409849,0.3454806853,0.7005027166,0.3233183157,-0.05500411983,0.1202000685,0.08964309213,-2.033212863
10.60833333,-0.4514932939,-0.1129688288,0.1366108099,0.3461597193,0.6822111013,0.48705609,-0.1156608173,-0.008110357233,0.07165474236,-2.353284744
10.61666667,-0.4467659053,-0.1141738721,0.1359987834,0.3466396427,0.6613471781,0.6464604784,-0.1727405242,-0.1389487379,0.04103312618,-2.649736957
10.62500000,-0.4407391664,-0.1158336358,0.1342961696,0.3467935224,0.6381296638,0.7985894835,-0.2247106135,-0.2693706065,-0.007669621946,-2.917030011
10.63333333,-0.4334814043,-0.1179035775,0.1315181641,0.3464435696,0.6128297415,0.9416039808,-0.2711134801,-0.396603528,-0.08112783374,-3.14820575
10.64166667,-0.4250762874,-0.1203354247,0.1277017953,0.3453505665,0.5857834177,1.073528332,-0.3113835791,-0.5182088956,-0.1874935511,-3.334550425
10.65000000,-0.4156284861,-0.1230718019,0.1229021526,0.343200558,0.5574079341,1.191450001,-0.344020144,-0.6324122037,-0.3364545568,-3.465271173
10.65833333,-0.405262925,-0.1260461488,0.1171834265,0.3395946982,0.5282198037,1.293367214,-0.3682881972,-0.7387204085,-0.538855692,-3.52724163
10.66666667,-0.3941271322,-0.1291802445,0.1106133446,0.334039406,0.4988496756,1.375746492,-0.3820341857,-0.8367097329,-0.8061830959,-3.50663944
10.67500000,-0.3823955331,-0.1323804844,0.1032606098,0.3259525706,0.4700394887,1.435702906,-0.383737294,-0.9266954857,-1.147316398,-3.39132085
10.68333333,-0.3702709068,-0.1355361958,0.0951868256,0.3147114998,0.4426043772,1.469635929,-0.371145734,-1.010075194,-1.561818181,-3.177111697
10.69166667,-0.3579861394,-0.1385215197,0.08644056722,0.2997658143,0.4173318412,1.473460484,-0.3426728001,-1.08852174,-2.031899904,-2.875505255
10.70000000,-0.3458072193,-0.1411990328,0.07704586311,0.28080296,0.3948365429,1.443515401,-0.2968526989,-1.166468692,-2.517439756,-2.517629741
10.70833333,-0.3340293634,-0.143418056,0.06698742318,0.2579169053,0.3754010247,1.376589741,-0.2324484466,-1.248983178,-2.963801467,-2.148878196
10.71666667,-0.3229730997,-0.1450274905,0.05619892143,0.2316704598,0.3589322406,1.270143666,-0.1511518318,-1.342706713,-3.315462519,-1.811994771
10.72500000,-0.3129719804,-0.1458987632,0.04455535483,0.2030370727,0.3450344648,1.123778894,-0.05659100995,-1.455457151,-3.531622312,-1.534556191
10.73333333,-0.3043485869,-0.1459600518,0.03187191454,0.1732490784,0.3331680163,0.9400247778,0.04154343129,-1.59339449,-3.590348031,-1.324309551
10.74166667,-0.2973906984,-0.1452424998,0.0179252483,0.1436494812,0.3227945963,0.7251604267,0.1272156833,-1.757759167,-3.486959969,-1.174494076
10.75000000,-0.2923287151,-0.1439347989,0.002533843381,0.1155590219,0.3134588583,0.4866576212,0.1786268681,-1.936819039,-3.230916546,-1.072895529
10.75833333,-0.2893158956,-0.1424452655,-0.01431329727,0.09016037388,0.3048163743,0.2350845851,0.1652207958,-2.100192686,-2.846166122,-1.005905211
10.76666667,-0.2884209523,-0.1414595594,-0.03228227812,0.06837690126,0.2966297928,-0.02031128033,0.05163554144,-2.195581938,-2.370870653,-0.961640016
10.77500000,-0.2896478451,-0.1419576922,-0.05053679996,0.05076735934,0.2887519477,-0.2734998735,-0.1956697483,-2.158534711,-1.851729697,-0.9306564617
10.78333333,-0.2929686396,-0.1451391505,-0.06775421046,0.03751948368,0.2811040657,-0.5230382476,-0.5919512755,-1.942060246,-1.330259522,-0.9052235981
10.79166667,-0.2983647855,-0.1521596881,-0.0824125558,0.02852280691,0.2736655019,-0.7725845183,-1.106881579,-1.551448513,-0.8345409086,-0.8795785457
10.80000000,-0.3058658991,-0.1636694296,-0.09334270524,0.02351033127,0.2664586087,-1.029757546,-1.649990887,-1.065205354,-0.3749736634,-0.8488418282
10.80833333,-0.3155795265,-0.1793942731,-0.1002178884,0.02216154919,0.2595446636,-1.30534552,-2.099409691,-0.5965627327,0.0447633929,-0.8085749812
10.81666667,-0.327690797,-0.1981586256,-0.1035701246,0.02414267544,0.253020357,-1.605871729,-2.370451334,-0.2282163978,0.4232079152,-0.7544616779
10.82500000,-0.3424176178,-0.2183339598,-0.1043695905,0.02908047634,0.2470246247,-1.93216344,-2.439224987,0.01608623319,0.7535346249,-0.6809519569
10.83333333,-0.3599322132,-0.2383329525,-0.1035947461,0.03654737769,0.2417373098,-2.272232019,-2.335718066,0.1552490777,1.027970784,-0.5833337161
10.84166667,-0.3802677418,-0.2569302695,-0.1019804075,0.04602937882,0.2373855541,-2.604697082,-2.1125754,0.2228213321,1.235945245,-0.4555928125
10.85000000,-0.4032442115,-0.2733673532,-0.09999663478,0.05693401952,0.2342442644,-2.901478887,-1.8259678,0.2481151969,1.368134754,-0.2920373889
10.85833333,-0.4284538176,-0.2873228717,-0.09790521396,0.06860639429,0.2326314089,-3.136887942,-1.524006078,0.2516462863,1.419467296,-0.08820819888
10.86666667,-0.4553141192,-0.298812871,-0.0958273148,0.08036502074,0.2328923953,-3.296152871,-1.237957374,0.2460338551,1.389590225,0.1575762525
10.87500000,-0.4831630319,-0.3080483777,-0.09380897333,0.09155453565,0.235366333,-3.37430773,-0.9844350724,0.2380377208,1.284443553,0.4419389735
10.88333333,-0.5113374366,-0.3153202529,-0.09186601658,0.1016086138,0.2403335239,-3.375326443,-0.7668815147,0.2283044465,1.120004355,0.7536084019
10.89166667,-0.5392277331,-0.3209255076,-0.0900036773,0.1101115733,0.2479565749,-3.30762581,-0.5837275197,0.2182938568,0.9165538342,1.075875783
10.90000000,-0.5663017326,-0.3251274382,-0.08823707535,0.1168533153,0.2582321248,-3.18104028,-0.4290555269,0.2050469705,0.7017641216,1.386389722
10.90833333,-0.5921084076,-0.3281405499,-0.08659648198,0.1218438907,0.2709717891,-3.004963359,-0.2977101634,0.1880883022,0.4996742529,1.664385967
10.91666667,-0.6162709535,-0.3301408027,-0.08511407915,0.1252689168,0.2858374576,-2.7877375,-0.1851821594,0.1669003961,0.3286157596,1.894508166
10.92500000,-0.6384767941,-0.3312672949,-0.08382868327,0.1274341018,0.302393737,-2.536521436,-0.08735991461,0.1407494046,0.1982732212,2.069516406
10.93333333,-0.6584677847,-0.3316302264,-0.08278163822,0.1286929826,0.3201743262,-2.257158393,-0.001474362442,0.1097960448,0.1110056168,2.188629945
10.94166667,-0.6760321929,-0.3313194853,-0.08200957235,0.1293980076,0.3387238632,-1.954800853,0.07447205212,0.07496665648,0.06463093103,2.254866806
10.95000000,-0.6909965193,-0.3304129364,-0.08153826623,0.1298677094,0.3576249837,-1.633894105,0.1417301232,0.03797448326,0.05341755428,2.274066021
10.95833333,-0.7032224912,-0.32897992,-0.08137627085,0.1303675592,0.3765112784,-1.298125949,0.2008486002,0.001143264089,0.07082083111,2.252242243
10.96666667,-0.7126040245,-0.3270839644,-0.08151127563,0.1311077892,0.3950657626,-0.9522654046,0.2532713245,-0.03282065522,0.1100224881,2.195322114
10.97500000,-0.7190769105,-0.3247749169,-0.08190755114,0.1322437323,0.4130175756,-0.6004080453,0.2998731068,-0.06116514143,0.1647643631,2.10852129
10.98333333,-0.7226002362,-0.3221039675,-0.08250856801,0.1338839451,0.430135931,-0.2447384185,0.3400417852,-0.08153597968,0.2301420532,1.996042382
10.99166667,-0.7231514188,-0.3191265909,-0.08323761298,0.1360950692,0.4462250049,0.1125385073,0.3733544361,-0.09151445356,0.3012005599,1.86193628
11.00000000,-0.7207262848,-0.3159032426,-0.08399691919,0.1389094014,0.4611162224,0.469206205,0.398881696,-0.08829644311,0.374148648,1.709203576
11.00833333,-0.7153392074,-0.3125011268,-0.08466687577,0.1423256801,0.4746689125,0.8230327858,0.4162941268,-0.069855488,0.4452445146,1.54105082
11.01666667,-0.7070231713,-0.3089865718,-0.08511603392,0.1463183122,0.4867636467,1.17178416,0.425955025,-0.03518608638,0.5120940922,1.359656788
11.02500000,-0.6958297441,-0.3054215021,-0.08520894921,0.1508434682,0.4973004202,1.513241001,0.4285612806,0.01537767145,0.5726964976,1.167827433
11.03333333,-0.6818287151,-0.3018606976,-0.08481925515,0.1558404477,0.5062082758,1.845252315,0.4251248479,0.08049904519,0.6251711946,0.9690153429
11.04166667,-0.6651077161,-0.2983505519,-0.08382877311,0.1612392073,0.5134348596,2.165682452,0.4165010754,0.1594660516,0.6690944404,0.7645147042
11.05000000,-0.6457788744,-0.2949237839,-0.08212718829,0.166968145,0.5189377781,2.469970289,0.4061802572,0.2507497948,0.7044312984,0.5555470621
11.05833333,-0.6240007171,-0.2915715416,-0.07962291309,0.1729565078,0.5226851061,2.752933755,0.3992396506,0.3516256087,0.7314191154,0.3433860706
11.06666667,-0.5999682115,-0.2882473845,-0.07624988611,0.1791377496,0.5246555802,3.010118067,0.4003829985,0.4585899337,0.7509009385,0.1293471296
11.07500000,-0.5739173343,-0.2848611743,-0.07197262808,0.1854478688,0.5248447571,3.23638444,0.4151536784,0.5681236276,0.7619842105,-0.08343290085
11.08333333,-0.5461319861,-0.2812717043,-0.06678267944,0.1918114975,0.5232765137,3.425242758,0.4503662754,0.6771127079,0.7637186387,-0.2920801327
11.09166667,-0.5169557396,-0.2772758739,-0.06069741283,0.1981503192,0.5199940995,3.568704457,0.5141646545,0.7825330722,0.7560263674,-0.4944842196
11.10000000,-0.4868067543,-0.2725980171,-0.05375606985,0.2043850225,0.5150590915,3.656843449,0.6157105001,0.8822971724,0.7385538838,-0.6881528379
11.10833333,-0.4561937393,-0.2668800449,-0.04601329575,0.2104298124,0.5085579041,3.677984497,0.7657143409,0.9745826526,0.7104169895,-0.8699820822
11.11666667,-0.4257300996,-0.2596681558,-0.03753768449,0.2161948345,0.5005989194,3.618892776,0.9760695635,1.058022475,0.6711625616,-1.037417579
11.12500000,-0.3961335939,-0.2504189943,-0.02840621064,0.2215811092,0.4913183218,3.468461762,1.255580224,1.131857343,0.6195593209,-1.186701355
11.13333333,-0.3681906301,-0.2385449686,-0.01870045314,0.2264852764,0.4808803417,3.222075299,1.605283393,1.196020018,0.5550957865,-1.314406702
11.14166667,-0.3426713716,-0.2235101173,-0.008495147268,0.2307933063,0.4694819001,2.89013703,2.009974755,1.25205377,0.4762186128,-1.416546632
11.15000000,-0.3201849683,-0.2049847394,0.002153567977,0.2343755354,0.4573552176,2.500244426,2.435505104,1.3033591,0.3807409199,-1.488657592
11.15833333,-0.3010439859,-0.1830013871,0.01322441847,0.2370913471,0.4447670456,2.094761281,2.831145064,1.353659588,0.2683230869,-1.526505353
11.16666667,-0.2851940106,-0.1580305372,0.02472716767,0.2387993689,0.4320203241,1.716653456,3.144323293,1.40841821,0.1386776527,-1.526020039
11.17500000,-0.2722760891,-0.1309322981,0.03672216137,0.2393636488,0.4194456609,1.394268081,3.336762564,1.472394137,-0.005401753951,-1.484756929
11.18333333,-0.261772348,-0.1028113588,0.0493058352,0.2386834809,0.4073910329,1.137501875,3.3878444,1.550168422,-0.1585563918,-1.401293836
11.19166667,-0.2531478854,-0.07487439112,0.06259880746,0.2367265853,0.3962037823,0.9417199268,3.293041807,1.642135085,-0.3091680754,-1.277469506
11.20000000,-0.2459376224,-0.04831521822,0.07669372306,0.2335879925,0.3861984752,0.795957631,3.059483213,1.740018358,-0.4387657975,-1.118336142
11.20833333,-0.2397779572,-0.02421758856,0.09155350246,0.2295431121,0.3776424526,0.6876425512,2.706147023,1.820393595,-0.5214153082,-0.9312653147
11.21666667,-0.2344040132,-0.003470556475,0.1068754064,0.2251250744,0.3707285381,0.6056573908,2.260635029,1.843112314,-0.5223385443,-0.7256704101
11.22500000,-0.2296340794,0.0133005398,0.1219636353,0.2211643282,0.3655797252,0.5412584486,1.757996955,1.755249175,-0.405940144,-0.5086207256
11.23333333,-0.2253545454,0.02576315858,0.1356912428,0.2187631729,0.362270487,0.4871452168,1.231249185,1.511004533,-0.145531117,-0.2845638036
11.24166667,-0.2215001463,0.03382096758,0.1466794221,0.2191255284,0.360856954,0.4383073603,0.7041270928,1.100938339,0.2517067568,-0.05314738227
11.25000000,-0.2180493681,0.03754039714,0.1537229781,0.2231602042,0.3614188713,0.3895669921,0.1917315204,0.5784057661,0.7200608204,0.190646542
11.25833333,-0.2150176898,0.03707711964,0.1562934333,0.2310159925,0.3640886716,0.3370943791,-0.298926804,0.04635935421,1.148858093,0.4539691656
11.26666667,-0.2124543678,0.03263008943,0.1547504204,0.2419027839,0.3690622862,0.2763182673,-0.7635041473,-0.3961169833,1.43422874,0.7445819123
11.27500000,-0.2104475575,0.02444629954,0.1500637823,0.2543967799,0.3765738374,0.2028998054,-1.194019519,-0.706244506,1.532976149,1.062225659
11.28333333,-0.2091205226,0.01286077066,0.1433191361,0.2669703641,0.3868176024,0.1120112305,-1.577142822,-0.8945850428,1.459281641,1.397781642
11.29166667,-0.2086461468,-0.001668273977,0.135403025,0.2783729622,0.3998610043,-0.002685412778,-1.898110867,-0.9932178115,1.261148376,1.72982959
11.30000000,-0.2092518594,-0.01855427527,0.1269175835,0.2878012831,0.4155589007,-0.1484308857,-2.140454826,-1.036461407,0.9950202915,2.029868938
11.30833333,-0.2112280994,-0.03708851673,0.1182076269,0.2949056987,0.4335343687,-0.3329312228,-2.291586895,-1.05096394,0.7104030722,2.273003586
11.31666667,-0.2149282729,-0.05647179949,0.1094360642,0.2996835479,0.4532412204,-0.5632392083,-2.343273065,-1.053229219,0.4407705673,2.443804267
11.32500000,-0.2207536143,-0.07586181545,0.1006636977,0.3023462209,0.4740475378,-0.8432257904,-2.293767694,-1.051554243,0.2043864777,2.536836937
11.33333333,-0.2291116489,-0.09443879483,0.09191100867,0.303197823,0.495316568,-1.169842287,-2.150259803,-1.048767837,0.006448960801,2.555963215
11.34166667,-0.2403440005,-0.1114911603,0.08319257505,0.302554334,0.5164634705,-1.529665702,-1.931926602,-1.043159769,-0.1553807675,2.509223959
11.35000000,-0.2546352285,-0.126506507,0.07453462228,0.3006965368,0.5369815682,-1.899493485,-1.66707274,-1.033712056,-0.2856766591,2.406620486
11.35833333,-0.2719463718,-0.1392476463,0.06598526182,0.2978635788,0.5564455855,-2.249365447,-1.391955341,-1.016646756,-0.3904028021,2.257681801
11.36666667,-0.2919949736,-0.1497638886,0.05761870738,0.294244407,0.574505109,-2.55252101,-1.137780438,-0.9894871052,-0.4751541739,2.070818627
11.37500000,-0.3143052445,-0.1583331269,0.04952428044,0.2899902763,0.5908741053,-2.790296156,-0.9271164545,-0.9512805898,-0.5433075566,1.853109743
11.38333333,-0.3383006502,-0.1653629199,0.04179693709,0.2852278066,0.6053202127,-2.956603267,-0.7690942426,-0.9012704816,-0.5977035958,1.610313883
11.39166667,-0.3633869228,-0.1712991569,0.03453568457,0.2800602016,0.617656547,-3.052829709,-0.6641187822,-0.8395673519,-0.6407519355,1.347388
11.40000000,-0.38900617,-0.1765611991,0.02783272404,0.2745752144,0.6277333912,-3.085845704,-0.6059820107,-0.7676185644,-0.6740980598,1.068732497
11.40833333,-0.414664347,-0.1815062316,0.02176379461,0.2688503966,0.6354344443,-3.063679874,-0.5864569603,-0.6878666745,-0.6985680551,0.7779421454
11.41666667,-0.4399367826,-0.1864177141,0.01638101077,0.2629482955,0.640683231,-2.994504477,-0.5964985131,-0.6035340316,-0.7169947141,0.4810679378
11.42500000,-0.4644628407,-0.1915056686,0.01170714892,0.2569174006,0.643443142,-2.885579335,-0.6275145418,-0.5183940899,-0.7293375316,0.1809225925
11.43333333,-0.4879371799,-0.19691243,0.007732145738,0.2508117021,0.6436947885,-2.743030228,-0.6717898297,-0.4364928832,-0.734840392,-0.1205973963
11.44166667,-0.5101001624,-0.2027207202,0.004412058888,0.2446905866,0.6414346884,-2.571770463,-0.7227164725,-0.3618647906,-0.7329560569,-0.421575989
11.45000000,-0.5307321141,-0.2089602532,0.001670420433,0.2386174454,0.6366753715,-2.376065948,-0.774575399,-0.2982468667,-0.7232759559,-0.7200889795
11.45833333,-0.549643924,-0.2156192111,-0.0005982815685,0.2326581587,0.6294453848,-2.15964714,-0.8225517232,-0.2488217176,-0.7056230766,-1.014217776
11.46666667,-0.5666776991,-0.2226514021,-0.002520900903,0.2268804188,0.6197892089,-1.925765701,-0.8639338655,-0.2154188181,-0.6795720506,-1.302064399
11.47500000,-0.5816990396,-0.2299939297,-0.004237143005,0.2213556804,0.6077667157,-1.677116072,-0.8966291014,-0.1994610435,-0.6450033709,-1.581838535
11.48333333,-0.594595962,-0.2375649589,-0.005895417711,0.2161518112,0.593452681,-1.416427861,-0.9183728018,-0.201546104,-0.6027215657,-1.8517395
11.49166667,-0.6052823293,-0.245263987,-0.007644997152,0.211328831,0.5769363722,-1.147034945,-0.9273637645,-0.2210107109,-0.5537896481,-2.110119012
11.50000000,-0.6136943919,-0.2529882028,-0.00962008994,0.2069366303,0.5583204684,-0.870869354,-0.924494249,-0.2553278392,-0.4995864999,-2.355394639
11.50833333,-0.6197827619,-0.2606400388,-0.01193603056,0.2030055815,0.5377279088,-0.5896561853,-0.9100377711,-0.3024261082,-0.4444300275,-2.583162864
11.51666667,-0.6235159228,-0.2681218869,-0.01468885468,0.1995148798,0.5153329623,-0.3062052916,-0.8835325859,-0.359705009,-0.3945426262,-2.787449991
11.52500000,-0.6248880562,-0.2753317359,-0.01795047959,0.1964006208,0.4913484012,-0.02342826672,-0.8449191818,-0.4238835663,-0.3550475544,-2.963814757
11.53333333,-0.6239152454,-0.2821728637,-0.02176182087,0.1935531199,0.4660268598,0.2561612674,-0.7951114039,-0.4910718653,-0.3316868434,-3.107272861
11.54166667,-0.6206345252,-0.2885533293,-0.02613445836,0.1908084412,0.4396691385,0.5300563361,-0.7344073979,-0.5580821176,-0.3316628009,-3.211315782
11.55000000,-0.6151054264,-0.2943819464,-0.03105468677,0.1879379745,0.4126355253,0.7951621211,-0.6625510088,-0.6220332967,-0.3634140588,-3.268018123
11.55833333,-0.6074150753,-0.299564264,-0.0364860875,0.1846365696,0.3853599529,1.048297705,-0.5793242985,-0.6803752758,-0.4367029378,-3.267768383
11.56666667,-0.5976756587,-0.3040052245,-0.04237322424,0.1805130837,0.3583630902,1.286240926,-0.4844256017,-0.7311552727,-0.5624579823,-3.199255872
11.57500000,-0.5860307625,-0.3076029959,-0.04864774704,0.1750904868,0.3322577989,1.505100458,-0.376928322,-0.7732530338,-0.7499537114,-3.052028363
11.58333333,-0.5726552858,-0.3102490412,-0.05523624391,0.1678293666,0.3077336512,1.700753018,-0.2557226682,-0.8065127111,-1.003605694,-2.81945503
11.59166667,-0.5577607904,-0.3118261628,-0.06206486243,0.1581935745,0.2854992233,1.86888302,-0.1202713224,-0.8309633415,-1.317803995,-2.503910596
11.60000000,-0.5415971945,-0.312210038,-0.06906500461,0.145755329,0.2661866232,2.004638008,0.03084210389,-0.848030209,-1.670766973,-2.122862255
11.60833333,-0.5244547641,-0.3112628348,-0.07618681089,0.1303485226,0.250207142,2.103067958,0.1993733256,-0.8610325681,-2.022807975,-1.710102725
11.61666667,-0.5066629565,-0.3088395074,-0.08341389184,0.1121736914,0.2376650027,2.159612259,0.3849587515,-0.8734384731,-2.327893581,-1.304111178
11.62500000,-0.4885857675,-0.3048046173,-0.09075399122,0.09179742797,0.2283582126,2.171029148,0.5859125059,-0.8892496633,-2.544892296,-0.9382366828
11.63333333,-0.470609464,-0.2990475869,-0.098249712,0.0700781899,0.2218636443,2.135382888,0.7969207192,-0.9111277344,-2.64713241,-0.6308428602
11.64166667,-0.4531225435,-0.2915216003,-0.1059600452,0.04802973064,0.2176705363,2.054330467,1.007887731,-0.9405029376,-2.623044346,-0.3855253074
11.65000000,-0.4364868691,-0.2822923444,-0.1139351561,0.02670951698,0.2152841733,1.931835789,1.202627393,-0.9734150222,-2.473186586,-0.1957181017
11.65833333,-0.4210165615,-0.2715931662,-0.1221579106,0.00713577269,0.2142821818,1.776524232,1.355560342,-0.9967821991,-2.206073153,-0.05142568407
11.66666667,-0.4069396963,-0.2599072998,-0.1304511804,-0.009777086619,0.2143296305,1.598932562,1.433833071,-0.9851646295,-1.837784765,0.05784215851
11.67500000,-0.3944057893,-0.2479993551,-0.1383761796,-0.02327725068,0.2151744807,1.407576525,1.402932052,-0.9014254095,-1.391151806,0.1412402131
11.68333333,-0.3834993539,-0.2369206133,-0.1451592041,-0.03281722459,0.2166343241,1.209110202,1.230449867,-0.7045344986,-0.8918811328,0.2065844243
11.69166667,-0.3742682121,-0.2279218185,-0.1497258687,-0.03806500765,0.2185819716,1.005316238,0.9049664662,-0.3681234019,-0.3648420464,0.2592515729
11.70000000,-0.36676852,-0.2221725938,-0.1509560305,-0.03887650608,0.2209362082,0.7925353452,0.4613303664,0.08778965257,0.1702375194,0.3049704666
11.70833333,-0.3611059975,-0.2203120533,-0.1481429925,-0.03523989208,0.2236570967,0.5629293297,-0.009872291329,0.5858229768,0.7010231677,0.3479097556
11.71666667,-0.3574548982,-0.2221064091,-0.1413526473,-0.02723136314,0.2267378801,0.3087746343,-0.3991908799,1.02726653,1.217848814,0.3919901294
11.72500000,-0.3560416976,-0.2265243606,-0.1313649593,-0.01501526511,0.2302063857,0.0250864542,-0.63151791,1.347137324,1.708184736,0.441961682
11.73333333,-0.357117809,-0.2321433692,-0.1192645096,0.001115985716,0.2341352018,-0.2873618515,-0.6893683938,1.536764195,2.154561813,0.5031700528
11.74166667,-0.3608764652,-0.2376084592,-0.1060399281,0.02071903009,0.2386409797,-0.615930938,-0.601575047,1.623167811,2.537665069,0.5817825953
11.75000000,-0.3673725045,-0.241896417,-0.09238853786,0.04317435249,0.2439001532,-0.9404585471,-0.4154207201,1.64520247,2.835972654,0.6854660552
11.75833333,-0.3764725875,-0.244396915,-0.07870941683,0.06770104218,0.2501599815,-1.236801132,-0.1805595908,1.634378796,3.032199088,0.8235346928
11.76666667,-0.3878412473,-0.2448917271,-0.06518209566,0.09339146088,0.257749146,-1.481736749,0.059941248,1.611427035,3.113630855,1.006032863
11.77500000,-0.4009863669,-0.2434598605,-0.05185727488,0.1192562344,0.2670759848,-1.661850667,0.2784555425,1.58688406,3.073608756,1.241753964
11.78333333,-0.4153487139,-0.2403498841,-0.03873193224,0.1442896181,0.2786021994,-1.773984575,0.4616428767,1.563439121,2.915333636,1.533753119
11.79166667,-0.4303719345,-0.2358775388,-0.02580069434,0.1675608306,0.2927739765,-1.82129927,0.6052142513,1.539767488,2.654557235,1.874313725
11.80000000,-0.445546115,-0.2303618218,-0.01307791417,0.1883274398,0.30991412,-1.811643691,0.7128938139,1.512708263,2.32072717,2.240938979
11.80833333,-0.46043069,-0.2240850304,-0.0006090419568,0.2061537377,0.3301018177,-1.753286183,0.7887057378,1.478330918,1.955993885,2.599823558
11.81666667,-0.4746564135,-0.21728846,0.01153101308,0.2209557896,0.3531268324,-1.654818642,0.8386114996,1.433190556,1.601378706,2.916455929
11.82500000,-0.4879196444,-0.2101650566,0.02323798727,0.2329655127,0.3785145313,-1.523428912,0.8679694131,1.373902805,1.290014402,3.163608127
11.83333333,-0.4999734272,-0.2028695991,0.03438677365,0.2426283317,0.4056217474,-1.365404367,0.8802157586,1.299220804,1.039847261,3.328081983
11.84166667,-0.5106175093,-0.1955338631,0.0448477027,0.2504739487,0.4337549779,-1.185964966,0.8781872167,1.208766688,0.8536580402,3.410538433
11.85000000,-0.5196908614,-0.1882671315,0.0544900282,0.2570200488,0.4622559676,-0.9891580213,0.8640561286,1.102947849,0.7264547135,3.418089382
11.85833333,-0.5270660951,-0.181161169,0.06319235073,0.2627198563,0.4905427962,-0.7788620606,0.8397223092,0.9835652029,0.6487527648,3.360985038
11.86666667,-0.532648148,-0.1742924922,0.07085278831,0.2679412875,0.5181215311,-0.5601212005,0.808027662,0.8533338467,0.6100779622,3.249733588
11.87500000,-0.5363917525,-0.1677067857,0.07739261697,0.2729706065,0.544579764,-0.3378760997,0.7717180232,0.7152922467,0.601051117,3.093472609
11.88333333,-0.5382735418,-0.1614452243,0.0827657943,0.2780158847,0.56957483,-0.1135162204,0.7301191728,0.5741898995,0.6123890652,2.899757654
11.89166667,-0.5382816607,-0.1555545937,0.08696845438,0.2832103547,0.5928223946,0.1115739708,0.682601901,0.4352462575,0.635658578,2.674889588
11.90000000,-0.5364158026,-0.1500861949,0.09004034799,0.2886218313,0.6140852402,0.3360064477,0.6287245528,0.3036496472,0.6632907179,2.42425652
11.90833333,-0.5326872379,-0.1450943418,0.09206224827,0.2942616231,0.6331660754,0.5583935949,0.5681987889,0.1837945106,0.6897085487,2.151877339
11.91666667,-0.5271186516,-0.1406348955,0.09314437649,0.3001013483,0.6499011883,0.7773911778,0.5009571736,0.07862537696,0.7105551451,1.86190819
11.92500000,-0.5197438603,-0.1367633163,0.09342198663,0.3060778986,0.6641582291,0.9916581194,0.4270884215,-0.008756699152,0.7219533186,1.557647745
11.93333333,-0.5106078444,-0.1335364676,0.09305641431,0.3120991445,0.6758305649,1.199874894,0.3462101625,-0.075433166,0.7209175329,1.242078646
11.94166667,-0.4997661461,-0.1310109309,0.09222070117,0.3180574108,0.6848363595,1.400825449,0.2589496067,-0.1218615881,0.7068650387,0.9181605419
11.95000000,-0.4872841894,-0.1292348706,0.09107928628,0.3238418544,0.6911179384,1.593334908,0.1665736671,-0.1489159363,0.6790221817,0.588731956
11.95833333,-0.4732372007,-0.1282447548,0.08978935263,0.3293341406,0.6946409909,1.776264525,0.07058716042,-0.1578833152,0.6367802368,0.2565773525
11.96666667,-0.4577122433,-0.1280605888,0.08848836963,0.3344183999,0.6953943301,1.946929668,-0.02564136303,-0.1521572691,0.5812836285,-0.07554060783
11.97500000,-0.44084283,-0.128650648,0.08728634206,0.3389863355,0.6933897389,2.098259803,-0.1143807641,-0.134590254,0.512885078,-0.4048665751
11.98333333,-0.4228053921,-0.1299324038,0.08626985996,0.3429313463,0.6886619306,2.226419892,-0.1906280304,-0.1081375331,0.4318367959,-0.7286532539
11.99166667,-0.4038119151,-0.1317782519,0.08549987854,0.3461494485,0.6812692139,2.326928146,-0.2487876254,-0.07607210287,0.3385214543,-1.043849371
12.00000000,-0.3841153446,-0.1340102762,0.08500691528,0.3485410755,0.6712980166,2.394162788,-0.2821570967,-0.04218199046,0.2335571971,-1.346980909
12.00833333,-0.3640202232,-0.1363912766,0.08479397686,0.3500104513,0.6588614443,2.421333628,-0.2831780075,-0.009320411104,0.1171565871,-1.634953846
12.01666667,-0.343893795,-0.1386160992,0.08484188077,0.3504597581,0.64410268,2.400204714,-0.2431924393,0.02007114809,-0.01137578722,-1.903628784
12.02500000,-0.3241748179,-0.1403071951,0.08511373501,0.3497861669,0.6271981292,2.321968997,-0.1535769916,0.04416521443,-0.1525082656,-2.14920118
12.03333333,-0.3053790065,-0.1410141973,0.085560065,0.3478789018,0.608360315,2.177481253,-0.006080554308,0.0618480594,-0.307609833,-2.366907329
12.04166667,-0.2880824337,-0.1402378955,0.0861262889,0.3446163897,0.5878404651,1.961620875,0.2025684965,0.07298152349,-0.4781647448,-2.551933831
12.05000000,-0.2728807503,-0.1374785671,0.08675878076,0.3398637558,0.5659322179,1.675678377,0.4683218345,0.07775888986,-0.6653430011,-2.699267735
12.05833333,-0.2603128941,-0.1323205907,0.08740693716,0.3334785034,0.5429715931,1.333037773,0.7740158572,0.07703701883,-0.8701209156,-2.803780865
12.06666667,-0.2507520267,-0.1245484537,0.08803280792,0.3253100963,0.5193344624,0.958989821,1.089964541,0.07275964054,-1.093284613,-2.861012938
12.07500000,-0.2443255182,-0.1142353039,0.08861709045,0.3152111844,0.4954284191,0.586423615,1.376907378,0.06745691954,-1.332553992,-2.868045468
12.08333333,-0.2408908948,-0.1017813848,0.08915916696,0.3030710419,0.4716752492,0.2448837638,1.598786702,0.0630054103,-1.582274226,-2.824300614
12.09166667,-0.2401020267,-0.08784803539,0.08967399254,0.2888453018,0.4484864709,-0.04636637315,1.728603262,0.06095220942,-1.830648595,-2.73357886
12.10000000,-0.2415030941,-0.07327007348,0.09018241081,0.2726061462,0.4262311532,-0.280382872,1.751917081,0.06104628286,-2.062046175,-2.601675265
12.10833333,-0.2446227262,-0.05895885783,0.09068516906,0.254595868,0.4052072508,-0.4596203145,1.664356636,0.0583530293,-2.25097422,-2.440149619
12.11666667,-0.2490318526,-0.04583334731,0.09111800843,0.2352912278,0.3856113583,-0.5912881437,1.468231265,0.04185922101,-2.36754404,-2.260796386
12.12500000,-0.2543710607,-0.03476791534,0.09129463342,0.2154254687,0.367548421,-0.6843162259,1.171733722,-0.007218223243,-2.380027684,-2.073763037
12.13333333,-0.260354961,-0.02654743314,0.09083273668,0.1960033326,0.3510490217,-0.7473844861,0.7880362079,-0.1162677302,-2.256211191,-1.886437627
12.14166667,-0.2667645957,-0.02183041928,0.08911621838,0.1782628593,0.3361000483,-0.7878565825,0.3339686578,-0.3112731463,-1.974851085,-1.701699245
12.15000000,-0.2734411221,-0.02112040216,0.08538757153,0.163503914,0.3226880523,-0.812227463,-0.1704903856,-0.5972132501,-1.545579615,-1.516667338
12.15833333,-0.2802709563,-0.02476277883,0.07900218285,0.1527738348,0.3108407147,-0.8255512105,-0.7073990617,-0.9397861276,-1.02034529,-1.324902002
12.16666667,-0.287185077,-0.03294301659,0.06975833957,0.1465118661,0.3006488752,-0.833361145,-1.256033865,-1.27022127,-0.4902913251,-1.11771574
12.17500000,-0.2941604425,-0.04566650016,0.05806256419,0.1443448211,0.2922851108,-0.8411968838,-1.793672764,-1.519315364,-0.05110000491,-0.8845270806
12.18333333,-0.3012202794,-0.06273261805,0.04474699664,0.1452483721,0.2859974366,-0.8545144467,-2.293311279,-1.658185847,0.2412292243,-0.6187440863
12.19166667,-0.3084343771,-0.08369747742,0.03069468884,0.1479180206,0.2820737446,-0.8796399459,-2.724464223,-1.700676277,0.3739631477,-0.3172236282
12.20000000,-0.3159364194,-0.1078725364,0.01657594811,0.1510962635,0.2807916719,-0.925035577,-3.059582752,-1.680320942,0.3685252174,0.01350044598
12.20833333,-0.3239354047,-0.1343643829,0.00277084039,0.1537749655,0.2823431209,-1.000717597,-3.277693357,-1.630086813,0.2608768115,0.3597441419
12.21666667,-0.3327301481,-0.1621389544,-0.01057185888,0.1552792183,0.2867688619,-1.117961288,-3.365947057,-1.571978641,0.09385787333,0.6992333483
12.22500000,-0.3427150397,-0.1900844407,-0.02343946984,0.1552839886,0.2939143839,-1.287998247,-3.318105337,-1.517378177,-0.09334763835,1.009184417
12.23333333,-0.3543633868,-0.2170676578,-0.03587863362,0.1537523924,0.3034534127,-1.517682004,-3.13631442,-1.469198011,-0.2704971813,1.271100485
12.24166667,-0.3681679065,-0.242022774,-0.04793739702,0.1508552322,0.3149374109,-1.803963871,-2.834845616,-1.42509251,-0.4192663825,1.475013499
12.25000000,-0.3845369968,-0.2640588607,-0.05963585613,0.1468682341,0.327869335,-2.12881835,-2.44171445,-1.382299681,-0.5312764003,1.618796885
12.25833333,-0.403666221,-0.2825822834,-0.07096333951,0.1421055147,0.3417570745,-2.459912072,-1.999808066,-1.335183736,-0.6059543682,1.705280397
12.26666667,-0.4254387956,-0.2973905682,-0.08186718609,0.136863281,0.3561490999,-2.756433195,-1.55820682,-1.280258497,-0.6469063855,1.741017342
12.27500000,-0.4494204762,-0.3086648145,-0.09227088829,0.1314045101,0.3706532301,-2.986021964,-1.156928071,-1.214508309,-0.6588114661,1.733289671
12.28333333,-0.4749725383,-0.3168511237,-0.1020690715,0.1259482666,0.3849355291,-3.131675371,-0.8197693783,-1.134426152,-0.6472718386,1.688949941
12.29166667,-0.5013728921,-0.3225298488,-0.1111311664,0.1206680131,0.398717363,-3.190379576,-0.5550988232,-1.037560558,-0.6173535983,1.614133489
12.30000000,-0.5279228954,-0.3262957292,-0.1193140198,0.1157018377,0.4117661535,-3.169251672,-0.359521048,-0.9235498653,-0.5722831765,1.513790155
12.30833333,-0.5540044122,-0.3286876881,-0.1264782402,0.1111636429,0.4238891468,-3.079932419,-0.2236286202,-0.7932451825,-0.5149857647,1.392455704
12.31666667,-0.5790980746,-0.3301601356,-0.1324928479,0.1071453318,0.4349259616,-2.934076663,-0.1372685289,-0.6477506126,-0.4479732068,1.253766184
12.32500000,-0.602777892,-0.3310873324,-0.1372360789,0.1037200514,0.4447447279,-2.742227983,-0.09108799272,-0.4886598382,-0.3729665906,1.100654434
12.33333333,-0.6246985539,-0.3317624696,-0.1406105888,0.1009371882,0.4532488716,-2.513153552,-0.07523852491,-0.3200230947,-0.2946179443,0.9393635718
12.34166667,-0.644581027,-0.3323999415,-0.142556988,0.09881554862,0.4603856874,-2.254082136,-0.08067289532,-0.1467919061,-0.2141896805,0.772645665
12.35000000,-0.6621996661,-0.3331435625,-0.1430594397,0.09737436357,0.4661138392,-1.970822983,-0.09934462919,0.02559995512,-0.1312425464,0.6014382698
12.35833333,-0.6773740698,-0.3340726134,-0.1421481523,0.09663616059,0.4703998494,-1.668114219,-0.1241168036,0.1915812819,-0.04542417386,0.4267006947
12.36666667,-0.6899594836,-0.3352108849,-0.1398992829,0.09662591007,0.4732185533,-1.350196321,-0.1484896309,0.3457526729,0.04348972012,0.2494564167
12.37500000,-0.6998453669,-0.3365307346,-0.1364319608,0.097369722,0.4745533669,-1.020757588,-0.1668753674,0.4832607693,0.135539522,0.07074022303
12.38333333,-0.7069487894,-0.33796443,-0.131901103,0.09889315254,0.4743963652,-0.6829218902,-0.1754838877,0.6007209978,0.2305832347,-0.1084047073
12.39166667,-0.7112125488,-0.3394231265,-0.1264811891,0.1012220195,0.4727483534,-0.3397371161,-0.172433894,0.6961939274,0.3288734663,-0.2869261073
12.40000000,-0.7126044113,-0.3407989853,-0.1203640912,0.1043820156,0.4696189333,0.005848704288,-0.1552928395,0.7679118333,0.4299013311,-0.463766365
12.40833333,-0.7111164192,-0.3419726949,-0.1137448267,0.108391641,0.4650265206,0.3509486964,-0.1240824067,0.8171091429,0.5325741348,-0.6378684256
12.41666667,-0.7067646141,-0.3428271599,-0.1068044701,0.1132588865,0.4589983234,0.6926831194,-0.07853734215,0.8451564936,0.635454789,-0.8081798176
12.42500000,-0.6995890896,-0.3432416728,-0.09971190199,0.1189772198,0.4515711932,1.02815623,-0.01876507621,0.8542787806,0.7360345223,-0.972922394
12.43333333,-0.6896541489,-0.3431040218,-0.09260901902,0.1254985408,0.4428180373,1.354464663,0.05395678559,0.8480738567,0.8270804802,-1.125469702
12.44166667,-0.6770486654,-0.3423061212,-0.08561271461,0.1327232205,0.4328566836,1.668470374,0.1397784417,0.8291439112,0.9040342679,-1.262237096
12.45000000,-0.66189073,-0.3407377712,-0.07881665328,0.140512423,0.4218363409,1.96651227,0.2386658992,0.8006956779,0.9618409034,-1.379055865
12.45833333,-0.6443268637,-0.3382946774,-0.07228379729,0.148685008,0.4099413528,2.245271998,0.3497578011,0.7664552754,0.9950502629,-1.471268684
12.46666667,-0.624535354,-0.3348717422,-0.06605086936,0.1570104439,0.3973996381,2.50041601,0.4739996499,0.7291432311,0.9973599502,-1.533184416
12.47500000,-0.6027294857,-0.3303565395,-0.06013334476,0.1652027486,0.3844908194,2.727911769,0.6121454807,0.6911185843,0.9619239163,-1.558195568
12.48333333,-0.579160904,-0.3246260557,-0.05452883582,0.1729158923,0.3715547,2.922810208,0.7657994213,0.6542967827,0.8810768429,-1.538367204
12.49166667,-0.5541217314,-0.317544241,-0.0492208207,0.1797410928,0.3589978779,3.079921626,0.9368295624,0.6201753663,0.7477894977,-1.46598049
12.50000000,-0.5279476752,-0.308959469,-0.04418288491,0.185219627,0.347285651,3.194182449,1.126933349,0.5895194601,0.5572794576,-1.334708649
12.50833333,-0.5010170889,-0.2987057616,-0.03938614867,0.1888699891,0.3369235519,3.260688993,1.337597007,0.5622047261,0.3096875383,-1.14210649
12.51666667,-0.4737454033,-0.2866088886,-0.03480548083,0.1902495599,0.3284030838,3.275669988,1.568958529,0.5376242671,0.01468660967,-0.8944983188
12.52500000,-0.4465725088,-0.2725066716,-0.03041735666,0.189036707,0.3221257249,3.23715566,1.81789945,0.5159341798,-0.3080490129,-0.6074619266
12.53333333,-0.4199383792,-0.2562772197,-0.02620112629,0.185119758,0.3183198493,3.146705378,2.078263576,0.4962468453,-0.6290786851,-0.3056802042
12.54166667,-0.3942533032,-0.237876789,-0.02214248034,0.1786498622,0.3169994377,3.010827821,2.336183534,0.4779965624,-0.9152137211,-0.01519826306
12.55000000,-0.3698581043,-0.2173960664,-0.01822786461,0.1700473087,0.3179685021,2.839073216,2.573891179,0.4619066873,-1.136233025,0.2404418612
12.55833333,-0.3469987527,-0.1951005157,-0.01443432391,0.1599540131,0.320872876,2.644522979,2.767355973,0.4496147475,-1.270332413,0.4478855512
12.56666667,-0.3258074569,-0.1714759477,-0.01070885579,0.1491508215,0.3252889483,2.441027813,2.887815092,0.4467701709,-1.305267806,0.6033340096
12.57500000,-0.3063063044,-0.1472575451,-0.006936804594,0.1384914546,0.3307915075,2.240279192,2.905310622,0.4624358826,-1.235278312,0.7095385819
12.58333333,-0.2884476141,-0.1234104623,-0.002916756544,0.1288563067,0.3369970662,2.047465062,2.794439071,0.5086924356,-1.05961967,0.7733785133
12.59166667,-0.2721518146,-0.1011019651,0.001665611985,0.1211148906,0.3435869901,1.865136012,2.533446375,0.5993981138,-0.7814569531,0.8030753425
12.60000000,-0.2573434909,-0.08161567902,0.00721588234,0.1160966454,0.3503103825,1.689595823,2.118465591,0.7407583501,-0.4077030503,0.8068062409
12.60833333,-0.2439880494,-0.06615951483,0.01411665132,0.1145561522,0.3569792798,1.51532414,1.57332907,0.9188974049,0.05074272829,0.7911205281
12.61666667,-0.2321065318,-0.05558685953,0.02252190071,0.1171227836,0.3634624448,1.334394823,0.959490136,1.093043116,0.574157163,0.7633389552
12.62500000,-0.2217921419,-0.05012608875,0.03218159983,0.124224445,0.3696850576,1.137635918,0.3605148129,1.212788353,1.132949469,0.7296164643
12.63333333,-0.2132147554,-0.04932384138,0.04249277501,0.1359911889,0.3756236157,0.9160193402,-0.1482153946,1.24696674,1.686470559,0.6962100208
12.64166667,-0.2066223001,-0.05221653534,0.05273864921,0.1521866631,0.3813104173,0.6599119633,-0.5218014465,1.201048316,2.187472662,0.6707165392
12.65000000,-0.2023273479,-0.05761062408,0.06237596839,0.1721768248,0.3868467732,0.3637200494,-0.7483684874,1.106732712,2.590930531,0.6614907788
12.65833333,-0.2006737022,-0.06430931717,0.07114500692,0.1950083163,0.3924091418,0.02656874038,-0.8380259155,0.9978750727,2.865156656,0.6787675772
12.66666667,-0.2019813095,-0.07125876001,0.07903142484,0.2195216683,0.3982656752,-0.3448676613,-0.8134937343,0.8973951688,2.993038248,0.734209127
12.67500000,-0.2064694454,-0.07764081853,0.08614901453,0.2444752505,0.4047853971,-0.7335015004,-0.7075720332,0.8139577682,2.971052673,0.83977686
12.68333333,-0.2141918443,-0.08292315652,0.09264474508,0.2686354647,0.412427741,-1.116894912,-0.5557079528,0.7480014974,2.803821037,1.004777114
12.69166667,-0.2250038388,-0.08686733407,0.09865418234,0.2908355881,0.4217039258,-1.471254344,-0.391489912,0.6962098573,2.503904008,1.231264764
12.70000000,-0.2385733836,-0.08949505957,0.1042746904,0.3100707849,0.4330880314,-1.776148806,-0.2432210991,0.6537191418,2.097771335,1.507316505
12.70833333,-0.2544377817,-0.09100839399,0.1095577268,0.3256138688,0.4468885972,-2.020863729,-0.1261086291,0.6146562939,1.625540953,1.805339771
12.71666667,-0.2720763414,-0.09170733955,0.1145200482,0.3371165056,0.4631294542,-2.201970184,-0.04814708818,0.575755115,1.136602976,2.086282541
12.72500000,-0.290968373,-0.09191666301,0.1191381656,0.3446421616,0.4815094003,-2.322622686,-0.007912856948,0.5313511617,0.6773621677,2.313802537
12.73333333,-0.3106371251,-0.0919294989,0.1233509361,0.3485778705,0.5014753766,-2.389450414,-0.0002491322734,0.4780983908,0.2789821289,2.464057435
12.74166667,-0.3306620889,-0.09199792609,0.127076983,0.349498785,0.5223415701,-2.40924141,-0.02031815679,0.4141720059,-0.04524094372,2.529816051
12.75000000,-0.3506804772,-0.09232707002,0.1302181536,0.3480314499,0.543415737,-2.388992935,-0.06179408709,0.337389667,-0.2949791011,2.515480782
12.75833333,-0.3703834918,-0.0930725692,0.1326570176,0.3447742801,0.5640721964,-2.334539127,-0.1193216066,0.2452132138,-0.4761051432,2.431598482
12.76666667,-0.3895077147,-0.09434830322,0.1342594506,0.3402605448,0.5837838314,-2.250880563,-0.1883546256,0.1366775187,-0.5981598602,2.290625132
12.77500000,-0.4078289026,-0.09623365369,0.1348915446,0.3349408086,0.6021226826,-2.142255505,-0.2652746099,0.01249747637,-0.6710956346,2.103860201
12.78333333,-0.4251533581,-0.09878321826,0.1344252913,0.3291904897,0.6187482067,-2.012353529,-0.3473376685,-0.1267155411,-0.7026337174,1.880853785
12.79166667,-0.4413163547,-0.1020334446,0.1327462781,0.323322683,0.6333920427,-1.863872755,-0.4332197214,-0.2779223708,-0.700683592,1.629424356
12.80000000,-0.4561829189,-0.1060008991,0.1297717786,0.3175832445,0.6458439049,-1.702388184,-0.5185425261,-0.4368308511,-0.6732077124,1.355836346
12.80833333,-0.4696618953,-0.1106692499,0.1254585816,0.3121530841,0.6559414059,-1.530977252,-0.6014916237,-0.5983093071,-0.627614713,1.065083519
12.81666667,-0.4816742338,-0.1160199631,0.1198087564,0.3071524645,0.6635606931,-1.350578342,-0.6823528777,-0.7566180304,-0.5713260694,0.7617590099
12.82500000,-0.4921494945,-0.1220365473,0.1128733893,0.3026423645,0.6686120604,-1.162229038,-0.7613189562,-0.9059109259,-0.5109285877,0.4493188249
12.83333333,-0.501025386,-0.1287035507,0.104750401,0.298630575,0.6710341318,-0.9669255153,-0.8384624468,-1.040758451,-0.4529429003,0.1315417096
12.84166667,-0.5082489642,-0.1360058797,0.0955815904,0.2950687948,0.6708011558,-0.7658782374,-0.9137879224,-1.156129739,-0.4037063273,-0.1874786901
12.85000000,-0.5137773501,-0.1439289884,0.08554460019,0.2918704739,0.6679119354,-0.5602744144,-0.9875170348,-1.248887734,-0.3658177161,-0.5056174448
12.85833333,-0.5175776596,-0.1524599128,0.07483454322,0.288936172,0.6623823065,-0.3513550538,-1.059586081,-1.317291453,-0.3407443192,-0.8208374306
12.86666667,-0.5196276638,-0.1615824747,0.06366066888,0.2861516133,0.6542450656,-0.1404187388,-1.129383967,-1.360419922,-0.329744201,-1.131106378
12.87500000,-0.5199160096,-0.1712741794,0.05222654434,0.2834036978,0.6435503015,0.07122371662,-1.196000135,-1.379853631,-0.3321911649,-1.434095349
12.88333333,-0.5184456034,-0.1815003437,0.04072636612,0.2805711117,0.6303757958,0.2806477548,-1.256647234,-1.376736724,-0.3501472332,-1.725580111
12.89166667,-0.5152613826,-0.1921854631,0.02933381647,0.2775273773,0.6148315459,0.4819820046,-1.305591289,-1.354458509,-0.3828240444,-2.002349687
12.90000000,-0.51044339,-0.2032191915,0.01819966328,0.2741485833,0.5970522585,0.6720696366,-1.339634303,-1.315071034,-0.430725284,-2.261391778
12.90833333,-0.5041025044,-0.2144602036,0.007453847458,0.2703061905,0.5772020734,0.8469479084,-1.354792177,-1.261939769,-0.4939360828,-2.498775011
12.91666667,-0.4963833053,-0.2257331577,-0.002802718298,0.2658733575,0.5554755715,1.001957916,-1.346400927,-1.198030428,-0.5727276857,-2.710984409
12.92500000,-0.4874729343,-0.2368204473,-0.01248986066,0.2607122743,0.5321016187,1.131805619,-1.309231862,-1.12567774,-0.6688854142,-2.893542876
12.93333333,-0.4776067725,-0.2474571393,-0.02154745157,0.2546715045,0.5073456616,1.230119076,-1.237101876,-1.047327955,-0.7842912686,-3.041734524
12.94166667,-0.4670787773,-0.2573234865,-0.02993498992,0.2475830889,0.4815143403,1.289451141,-1.123299552,-0.9652312501,-0.9207252888,-3.150683119
12.95000000,-0.4562458151,-0.2660443349,-0.03762902377,0.2392613939,0.4549576238,1.302002929,-0.9611120853,-0.8810846429,-1.080638976,-3.215029757
12.95833333,-0.4455292519,-0.2731920882,-0.04461659726,0.2295015037,0.428067758,1.260624496,-0.7452283267,-0.7958171266,-1.266138955,-3.229885121
12.96666667,-0.4353983321,-0.2783096706,-0.0508921935,0.218087643,0.4012735681,1.161002847,-0.4739152674,-0.7103644956,-1.477364456,-3.191682473
12.97500000,-0.4263384678,-0.2809481155,-0.05645697951,0.2048118579,0.3750256877,1.00467657,-0.1519482984,-0.6252600984,-1.712116882,-3.099062144
12.98333333,-0.418784168,-0.2807399805,-0.06131426586,0.1895039785,0.3497671728,0.8020678455,0.2061006568,-0.5405534876,-1.963773831,-2.954862779
12.99166667,-0.4130447786,-0.2774811745,-0.0654724454,0.1720750902,0.3258988289,0.572788169,0.5754404479,-0.4577246498,-2.218220561,-2.767147499
13.00000000,-0.4092447944,-0.2712061482,-0.06894570155,0.1525760152,0.3037351441,0.3408906236,0.9245521377,-0.3764366445,-2.456882695,-2.548198886
13.00833333,-0.4073052853,-0.262211587,-0.0717598201,0.1312390174,0.2834723728,0.1298421915,1.22307669,-0.2998633572,-2.655003891,-2.313588947
13.01666667,-0.4069704739,-0.2510394128,-0.07396654905,0.1085141979,0.2651755071,-0.042205129,1.443789203,-0.2317554607,-2.785354966,-2.078701141
13.02500000,-0.407877292,-0.2384148854,-0.07566375994,0.08507550521,0.2487995719,-0.1675206503,1.569453619,-0.1791081181,-2.822055059,-1.853926013
13.03333333,-0.409630603,-0.2251744408,-0.07702605048,0.06181706178,0.2342267024,-0.2457693477,1.590389053,-0.1533267591,-2.737970349,-1.6466909
13.04166667,-0.4118553762,-0.2122136228,-0.07832857401,0.03983900782,0.2213037404,-0.2818558508,1.501871424,-0.1668761552,-2.511202525,-1.457946267
13.05000000,-0.4142319505,-0.2004508503,-0.07994699051,0.02040408956,0.2098834293,-0.2835244525,1.302819384,-0.2301599271,-2.126523838,-1.284995769
13.05833333,-0.4165084004,-0.1908009708,-0.08229776648,0.00482809871,0.1998588912,-0.2590000547,0.9952971012,-0.3404015969,-1.587766147,-1.12210011
13.06666667,-0.418498704,-0.1841457431,-0.08567288778,-0.005727081533,0.1911723737,-0.2162761491,0.5861254969,-0.4690378187,-0.9307843725,-0.96247525
13.07500000,-0.4200820623,-0.1812700225,-0.09002213048,-0.01055585248,0.1838337746,-0.162451256,0.09222159647,-0.5646868071,-0.227734341,-0.7970063056
13.08333333,-0.4211952685,-0.1827582198,-0.09485108252,-0.009635492673,0.1779327518,-0.1047044439,-0.4545105972,-0.5777884545,0.4351971544,-0.6158209337
13.09166667,-0.4218379276,-0.1888526496,-0.09938123195,-0.003604065795,0.173638649,-0.05084332128,-1.003653921,-0.4946782094,0.9904864137,-0.4098816973
13.10000000,-0.4220752316,-0.1993256306,-0.1029051759,0.006468993094,0.1712001199,-0.008701080949,-1.495504718,-0.3434464701,1.401777032,-0.168874889
13.10833333,-0.4220422764,-0.2134684942,-0.1050439694,0.01933168392,0.170946907,0.01223051215,-1.876977366,-0.1696723221,1.660057522,0.1159311514
13.11666667,-0.4219578089,-0.2302116804,-0.1057720374,0.03372811684,0.1732703066,0.001731926231,-2.116126256,-0.009232341539,1.771939314,0.4499322032
13.12500000,-0.422132967,-0.2483093801,-0.105283792,0.04850350548,0.1785793439,-0.05198512857,-2.201485481,0.1207690981,1.754542321,0.8314423126
13.13333333,-0.422976644,-0.2664795039,-0.1038543731,0.06268822459,0.1872244128,-0.160344112,-2.134555728,0.2168708985,1.635248639,1.247691906
13.14166667,-0.4249758714,-0.2834900997,-0.1017561382,0.0755740917,0.1994060814,-0.3298026359,-1.925785984,0.2821212735,1.44976528,1.675254303
13.15000000,-0.4286376444,-0.2982370718,-0.09921764188,0.08677835424,0.2150902903,-0.5580415668,-1.595433159,0.3235849214,1.238439322,2.083024578
13.15833333,-0.4343955958,-0.3098301797,-0.09641368251,0.09624685759,0.2339869567,-0.8287678923,-1.175316576,0.3469977067,1.037871105,2.44242554
13.16666667,-0.4424871798,-0.3176910237,-0.09346842847,0.1041713756,0.2556097847,-1.112245305,-0.7074978653,0.3583514241,0.8708542459,2.73508045
13.17500000,-0.4528636687,-0.3216259539,-0.09046178657,0.1108919836,0.2793617392,-1.371182446,-0.2405795911,0.3622943278,0.7501570601,2.952800838
13.18333333,-0.4651871268,-0.3218105539,-0.08744050978,0.1168052449,0.30461903,-1.575275344,0.1870697736,0.3625440556,0.6764945069,3.097228555
13.19166667,-0.4789127564,-0.3186904582,-0.08441754922,0.1222803671,0.3307988652,-1.705915287,0.5496388746,0.3634321899,0.6438709093,3.175454103
13.20000000,-0.4934050988,-0.3128575786,-0.08137017746,0.127628642,0.3573826704,-1.759800993,0.8377512823,0.3690578741,0.6444965947,3.195777072
13.20833333,-0.508045737,-0.3049319864,-0.07824294794,0.1330909464,0.3839242954,-1.743032305,1.05271738,0.3831593413,0.6699139166,3.166636845
13.21666667,-0.5222894996,-0.2954954239,-0.07495223894,0.1388415154,0.4100432188,-1.666413736,1.201740771,0.4086932506,0.7125834358,3.095419913
13.22500000,-0.5356843325,-0.2850621686,-0.07139586972,0.1449992284,0.4354154955,-1.541204124,1.293379243,0.4471626798,0.7668630266,2.98830731
13.23333333,-0.5478692595,-0.2740801573,-0.06745632424,0.1516407066,0.4597635558,-1.377607826,1.334540535,0.5010018115,0.8278593975,2.850462421
13.24166667,-0.5585614419,-0.2629398471,-0.06300182829,0.1588053929,0.4828483757,-1.184212496,1.33259283,0.570641564,0.8918253498,2.685799536
13.25000000,-0.5675419429,-0.2519724123,-0.05790380994,0.1665032047,0.5044634838,-0.9678631974,1.293874612,0.6554499109,0.9554258247,2.498247544
13.25833333,-0.5746438496,-0.2414637375,-0.05203824326,0.1747231913,0.5244296288,-0.7340896305,1.223480785,0.7543369115,1.016694478,2.290689267
13.26666667,-0.5797421955,-0.2316488387,-0.04530356116,0.1834294824,0.5426020911,-0.4877193728,1.128619369,0.8632163987,1.071616136,2.068510783
13.27500000,-0.5827478064,-0.2227010964,-0.03763886297,0.1925639907,0.5588702783,-0.2327984179,1.01689038,0.976567188,1.119531408,1.833904477
13.28333333,-0.5836165708,-0.2147202085,-0.02903166949,0.202070153,0.5731365431,0.02445173707,0.8978509107,1.088385546,1.160907626,1.588278873
13.29166667,-0.5823399784,-0.2077403266,-0.01952070494,0.2118958595,0.5853151428,0.2818090252,0.7775829978,1.19243315,1.196306567,1.333126903
13.30000000,-0.5789241016,-0.201748368,-0.009196323417,0.2219931354,0.5953333045,0.5376012407,0.6616583693,1.282624367,1.226145258,1.070052541
13.30833333,-0.5733889289,-0.1966863569,0.001802452128,0.2323172322,0.6031320674,0.7901674492,0.5551113534,1.353514154,1.250802207,0.8007525532
13.31666667,-0.5657680932,-0.1924644041,0.01330221014,0.2428258275,0.6086665619,1.037890582,0.4602827699,1.402648004,1.270402005,0.5269159711
13.32500000,-0.5561086986,-0.1889753657,0.02511294103,0.2534762129,0.6119063182,1.279159013,0.3796791478,1.427712585,1.284814109,0.2503141465
13.33333333,-0.5444708605,-0.1860951323,0.0370297414,0.2642192738,0.6128413381,1.512480423,0.3139614265,1.428393368,1.291946038,-0.02521503574
13.34166667,-0.5309267607,-0.1837011022,0.04885310341,0.2749805357,0.6115013784,1.736414905,0.2631823094,1.405207323,1.288948378,-0.2952277452
13.35000000,-0.515567993,-0.1816626747,0.06038778112,0.2856689633,0.6079443554,1.946845296,0.229072434,1.359654911,1.274046507,-0.5566754686
13.35833333,-0.4985304105,-0.1798307112,0.0714575101,0.2961735175,0.6022587748,2.138903186,0.2138455083,1.293784125,1.244391304,-0.8054863998
13.36666667,-0.4799787547,-0.178043656,0.08190018482,0.3063586899,0.5945657939,2.309530177,0.2183659202,1.209796965,1.196632151,-1.037565177
13.37500000,-0.46010803,-0.1761348846,0.09157897466,0.3160559222,0.585026236,2.455014687,0.243232105,1.110737896,1.126576431,-1.247782501
13.38333333,-0.4391438766,-0.1739264552,0.1003755896,0.3250594953,0.5738465626,2.571184852,0.2906983067,0.9983958213,1.029286416,-1.430151803
13.39166667,-0.417348242,-0.1712225824,0.1081888449,0.3331186783,0.5612873291,2.653677075,0.362454855,0.8752565971,0.8989237811,-1.57767117
13.40000000,-0.3950226348,-0.1678125664,0.1149400255,0.3399309961,0.5476711465,2.697500178,0.4607151583,0.7437741233,0.7288782605,-1.682433066
13.40833333,-0.3725103189,-0.1634635328,0.1205664555,0.3451383172,0.5333881266,2.697657637,0.5882589872,0.6055677969,0.5126045346,-1.736263933
13.41666667,-0.3501954874,-0.1579212091,0.1250181856,0.3483325384,0.5188941306,2.649518469,0.747244805,0.4620828596,0.2451839661,-1.732118521
13.42500000,-0.3284929727,-0.1509224141,0.1282563946,0.3490789842,0.5046920554,2.550399752,0.9376514147,0.3144887139,-0.07462186802,-1.665915333
13.43333333,-0.3078313131,-0.1422140081,0.1302506603,0.3469624858,0.4912920521,2.400292797,1.156401359,0.1635697424,-0.4400159032,-1.540718487
13.44166667,-0.2886167489,-0.1315959804,0.1309748991,0.3416657043,0.4791464584,2.204353746,1.393849162,0.009884602782,-0.8341374487,-1.36764383
13.45000000,-0.2711894189,-0.1189735437,0.1304098517,0.3330489382,0.4685780047,1.973274885,1.634823357,-0.1457605763,-1.23185404,-1.166214795
13.45833333,-0.2557889386,-0.1043957228,0.1285461176,0.3212166042,0.459715276,1.720693403,1.8590606,-0.3016959484,-1.599933361,-0.9626584737
13.46666667,-0.2425220557,-0.08810676516,0.1253859587,0.3065534989,0.4524747811,1.464158604,2.040853247,-0.4559016335,-1.907094499,-0.7799807895
13.47500000,-0.2313571524,-0.07057135315,0.1209672081,0.2896712709,0.4466100342,1.21802588,2.154228543,-0.6025788444,-2.129061516,-0.6346206882
13.48333333,-0.2221633281,-0.05246672044,0.1153918018,0.2713481981,0.4417735293,0.9926062502,2.172850299,-0.7315060203,-2.251053189,-0.5336040469
13.49166667,-0.2147453774,-0.03468963487,0.1088688993,0.2524487047,0.437595798,0.7920222743,2.071284078,-0.8266363168,-2.266998892,-0.4758157352
13.50000000,-0.2088930751,-0.01835279772,0.1017753073,0.2338549749,0.4337387172,0.6162170197,1.823104443,-0.8639825462,-2.178335528,-0.4554396784
13.50833333,-0.2044167374,-0.004774932245,0.09470239656,0.2164188049,0.4299222751,0.4611791363,1.406121722,-0.8180668325,-1.990129091,-0.4647805264
13.51666667,-0.2011686393,0.004598755592,0.08841048504,0.2009413719,0.4259326896,0.3200671442,0.8161302567,-0.6768717039,-1.70938139,-0.4958559059
13.52500000,-0.1990643854,0.008437788002,0.08362460766,0.1881613489,0.4216189472,0.1853146265,0.08796043146,-0.4647081972,-1.344583115,-0.5411270155
13.53333333,-0.1980873645,0.005916342355,0.08066966054,0.1787336307,0.4168938834,0.04790465071,-0.6925065948,-0.2518555378,-0.9073433583,-0.5935739477
13.54166667,-0.1983006711,-0.002937625989,0.07918395191,0.1731886584,0.4117238967,-0.1019856895,-1.414317736,-0.1245149546,-0.4170010812,-0.6467729663
13.55000000,-0.1998552758,-0.0172487257,0.07822605344,0.1718374831,0.4061317806,-0.2761442835,-1.991832608,-0.1274923644,0.0923581302,-0.6936880019
13.55833333,-0.2030024972,-0.0356280309,0.07673466138,0.1746546952,0.4001996036,-0.486297046,-2.387876951,-0.24586729,0.575121953,-0.7272199399
13.56666667,-0.2080927657,-0.05653492196,0.07395727735,0.1812080274,0.3940695403,-0.7441605758,-2.599949267,-0.4263538237,0.9810820246,-0.7395586651
13.57500000,-0.215562576,-0.07848776207,0.06961031529,0.1906790945,0.38795939,-1.058238781,-2.642123154,-0.6146469917,1.270202396,-0.7208873655
13.58333333,-0.22588833,-0.1001584436,0.06378717332,0.2019937454,0.3821706141,-1.428642455,-2.536731295,-0.7767459316,1.421609842,-0.6606548537
13.59166667,-0.2394945492,-0.1204450129,0.05677869447,0.2139766044,0.3770915214,-1.84182438,-2.316563902,-0.8980235428,1.430870185,-0.5489472859
13.60000000,-0.256626658,-0.138567036,0.04893519538,0.2254652299,0.3731863353,-2.269250761,-2.02504287,-0.9775395649,1.304693522,-0.3779556254
13.60833333,-0.2772484728,-0.1541369648,0.04059200148,0.2353856741,0.3709608874,-2.672838112,-1.711988126,-1.019213587,1.057870234,-0.1464472597
13.61666667,-0.3010119414,-0.1671585258,0.03203632598,0.2428317445,0.3708834386,-3.017968847,-1.420138844,-1.029391744,0.716172327,0.1345708448
13.62500000,-0.327321572,-0.1779484489,0.02350936696,0.2471600287,0.3732737445,-3.281864081,-1.17924828,-1.013354074,0.316701842,0.4406121813
13.63333333,-0.355467482,-0.1869821415,0.01520246538,0.248070545,0.3782056507,-3.458672452,-0.999198178,-0.9772996058,-0.09715637932,0.7389778017
13.64166667,-0.3847333974,-0.1947690546,0.007263317186,0.2456146444,0.3854771116,-3.552133089,-0.8788925313,-0.9261395635,-0.4848108962,0.997138438
13.65000000,-0.4144667184,-0.2017716294,-0.0002068577243,0.2401459935,0.3946507531,-3.572514219,-0.8094305727,-0.8654944353,-0.8168729614,1.193102422
13.65833333,-0.4441030064,-0.2083711845,-0.007148209926,0.2321917718,0.4051667114,-3.530684655,-0.7803253141,-0.8000190408,-1.080353853,1.31910065
13.66666667,-0.4731668658,-0.2148600658,-0.01353992601,0.222336856,0.4164466803,-3.436747449,-0.781163146,-0.7343150095,-1.273298341,1.37730288
13.67500000,-0.5012607693,-0.2214483312,-0.01939852438,0.2111516172,0.4279571955,-3.299163739,-0.8027608692,-0.6728896546,-1.400800401,1.376198804
13.68333333,-0.5280515127,-0.2282746757,-0.02478199203,0.1991553611,0.4392464383,-3.124948215,-0.8371941419,-0.6211247868,-1.469041539,1.325891823
13.69166667,-0.5532579063,-0.2354188441,-0.02978798499,0.1868123513,0.449945295,-2.919850166,-0.8780172953,-0.5827790835,-1.485340255,1.236101639
13.70000000,-0.5766417467,-0.2429124735,-0.03454013992,0.1745255692,0.4597611988,-2.688245496,-0.9202747209,-0.5608345127,-1.456326847,1.11520151
13.70833333,-0.5980007676,-0.2507480389,-0.03919018868,0.1626546353,0.4684640161,-2.434491844,-0.9595077607,-0.5584647577,-1.386506852,0.9700382358
13.71666667,-0.6171638895,-0.2588884121,-0.04390087033,0.1515135617,0.4758759429,-2.161745803,-0.9930544182,-0.5751507288,-1.282099073,0.8060965125
13.72500000,-0.6339875871,-0.2672770683,-0.04882654317,0.1413690036,0.4818598211,-1.873893701,-1.018708505,-0.6097876217,-1.147948195,0.627924475
13.73333333,-0.6483642746,-0.2758412234,-0.05410406123,0.1324428206,0.4863175923,-1.574795658,-1.035140486,-0.658818304,-0.9917614468,0.4413675774
13.74166667,-0.6602082143,-0.2845037701,-0.05983265848,0.124874503,0.4892085216,-1.266354505,-1.042354744,-0.7171120163,-0.8230056602,0.2521005295
13.75000000,-0.6694497368,-0.2931891034,-0.06606527524,0.118745093,0.4905149726,-0.9505535104,-1.040683486,-0.778756989,-0.6474086055,0.06128905703
13.75833333,-0.6760359802,-0.3018249002,-0.07280410834,0.1140866902,0.4902290153,-0.6294268039,-1.030523816,-0.8375770469,-0.470971928,-0.1298788839
13.76666667,-0.6799310458,-0.3103423385,-0.0799996921,0.1108812309,0.4883526492,-0.3050176805,-1.012375975,-0.8873396053,-0.2996878704,-0.3202101185
13.77500000,-0.6811200524,-0.3186739393,-0.08755131394,0.1090615692,0.4848978113,0.01924295799,-0.9856393971,-0.9221047208,-0.13927145,-0.5085144538
13.78333333,-0.6796211846,-0.3267432858,-0.09531740273,0.1085212731,0.4798863148,0.3395928888,-0.9494009459,-0.9385205297,0.007088549328,-0.6936152689
13.79166667,-0.6754791299,-0.3344700525,-0.1031344761,0.1091330426,0.4733494539,0.6531126075,-0.9033468419,-0.9337783584,0.1366700501,-0.8744358111
13.80000000,-0.6687649865,-0.3417688327,-0.11081733,0.1107480791,0.4653271611,0.9562030595,-0.8464088351,-0.9064887003,0.2480216171,-1.049936755
13.80833333,-0.6595816231,-0.3485427494,-0.1181805935,0.1132159028,0.4558683014,1.245152143,-0.7771631201,-0.8568849952,0.3410835956,-1.219032999
13.81666667,-0.648064671,-0.35468048,-0.1250385759,0.1163794106,0.4450339491,1.51541388,-0.6932017628,-0.7856869328,0.41449551,-1.378980673
13.82500000,-0.6343896298,-0.3600472204,-0.1312202863,0.12005762,0.4329291178,1.762132422,-0.5914836763,-0.6946633864,0.4641608024,-1.523357975
13.83333333,-0.6187773634,-0.3644781416,-0.1365657977,0.1240463468,0.4196965238,1.979341732,-0.4678995231,-0.5855544569,0.4889345226,-1.648942214
13.84166667,-0.6015016472,-0.3677707777,-0.1409361663,0.1281356922,0.4055081872,2.160195041,-0.3174191982,-0.4608417745,0.4880687088,-1.752248591
13.85000000,-0.5828969943,-0.3696770209,-0.144207081,0.1321019902,0.3905667641,2.2969761,-0.1341623597,-0.3219875319,0.4590831556,-1.829004375
13.85833333,-0.5633643776,-0.3698980231,-0.1462706191,0.1357044088,0.3751114509,2.381545798,0.0880459051,-0.1715074253,0.4004478145,-1.874773553
13.86666667,-0.5433705829,-0.368086635,-0.1470382991,0.1386866233,0.3594205763,2.40646574,0.3543758455,-0.01121133051,0.3096420548,-1.884571042
13.87500000,-0.5234349,-0.3638647733,-0.1464330825,0.1407686028,0.3438151872,2.367111167,0.6663749585,0.1579545832,0.1840566482,-1.853537275
13.88333333,-0.5040963905,-0.3568667795,-0.1443815254,0.1416541769,0.3286523063,2.264028195,1.019091464,0.335783232,0.02233676958,-1.777731584
13.89166667,-0.4858538877,-0.3468025177,-0.1408150241,0.1410427504,0.3143165008,2.106335422,1.399241125,0.521433961,-0.1748698148,-1.654891254
13.90000000,-0.4690977889,-0.3335283926,-0.1356704347,0.1386570191,0.3011940441,1.910660117,1.785049874,0.7146341716,-0.4021494618,-1.487335007
13.90833333,-0.4540466671,-0.3171261937,-0.128880744,0.134287537,0.2896337236,1.701529196,2.144358705,0.9161168443,-0.6481052359,-1.281841367
13.91666667,-0.440707719,-0.2979475699,-0.1203830167,0.1278509396,0.2799024614,1.503182977,2.446845171,1.124519095,-0.8953610045,-1.050441895
13.92500000,-0.428914122,-0.276571474,-0.1101276407,0.1194252648,0.2721557537,1.333214888,2.668391521,1.336977813,-1.12110728,-0.8084582058
13.93333333,-0.4183823813,-0.2537427747,-0.09810544158,0.1093020452,0.2664102284,1.201173661,2.793714445,1.547086695,-1.298125834,-0.5726856873
13.94166667,-0.408784713,-0.2302863213,-0.08439050829,0.09800067638,0.2625601581,1.108784821,2.819154377,1.740062268,-1.399038451,-0.3552870371
13.95000000,-0.3998040949,-0.2070176765,-0.06922177458,0.08628284867,0.2604118178,1.052093857,2.750307322,1.890562434,-1.392770406,-0.1650517806
13.95833333,-0.3911704146,-0.184680348,-0.05309890502,0.07517691445,0.259728765,1.024340659,2.597833335,1.961773473,-1.245942812,-0.003816726019
13.96666667,-0.3826731455,-0.1639079992,-0.036882038,0.06600937216,0.260275547,1.018006092,2.377298632,1.904971403,-0.9217955889,0.1310583598
13.97500000,-0.3741614838,-0.1452131756,-0.0218209198,0.06038833775,0.2618533572,1.02657814,2.101367885,1.679586481,-0.3922118135,0.2447751191
13.98333333,-0.3655402942,-0.1290111506,-0.009363757956,0.06001168124,0.2643222384,1.043550249,1.779865854,1.28649181,0.3285448,0.3465458192
13.99166667,-0.3567583566,-0.1156688621,-0.0006174823887,0.06614443278,0.2676233567,1.064225507,1.414871265,0.8107066285,1.147516821,0.4462986234
14.00000000,-0.3478088543,-0.1055530591,0.004331784286,0.0789810314,0.2717869091,1.082934134,1.005842755,0.3997995768,1.911036801,0.5557987632
14.00833333,-0.3387278474,-0.09901168867,0.006548644861,0.09747563943,0.2769531576,1.095024713,0.5584960044,0.1666477116,2.490822128,0.6890830062
14.01666667,-0.3295904622,-0.09630405975,0.007670054096,0.1198432614,0.2833778916,1.095445419,0.09055479771,0.1328724954,2.838346972,0.8602650213
14.02500000,-0.3205222496,-0.09745881113,0.009174565159,0.1441597745,0.2914335644,1.077310048,-0.361490033,0.2466651339,2.962588045,1.082538992
14.03333333,-0.3117045689,-0.1021644181,0.01198248867,0.1686818952,0.3015860842,1.033931774,-0.7545943489,0.4337085174,2.893306579,1.36424288
14.04166667,-0.3033857176,-0.1097631615,0.01642876269,0.1919454664,0.3143302834,0.9561250297,-1.050479725,0.6311023908,2.667207688,1.702830925
14.05000000,-0.2958913583,-0.1193320305,0.02241575304,0.2128239763,0.3300725659,0.8344367276,-1.224687854,0.7987163448,2.329248238,2.079235444
14.05833333,-0.2896267478,-0.1298106407,0.02960904808,0.2306050193,0.3489923372,0.6594608243,-1.268210155,0.9192811966,1.933249088,2.458466887
14.06666667,-0.2850670664,-0.1401115587,0.03759474948,0.2450398603,0.3709387543,0.4245483507,-1.183362121,0.9891699029,1.534808134,2.798994957
14.07500000,-0.2827156604,-0.1492131307,0.04596728332,0.2562941545,0.3954450929,0.1304000694,-0.9835075642,1.013243467,1.17560167,3.068506258
14.08333333,-0.2830230372,-0.1562544886,0.05437349576,0.2648134193,0.4218327614,-0.2103123967,-0.6941725584,0.9984000983,0.8806560645,3.249352224
14.09166667,-0.286280134,-0.1606335718,0.06251650129,0.2711690584,0.4493512535,-0.5720995313,-0.351755686,0.9512507738,0.6564241741,3.34056247
14.10000000,-0.2925209873,-0.1620910268,0.07015622804,0.2759373017,0.4772828893,-0.9205733756,0.0001052528539,0.8783731977,0.4982623224,3.350381614
14.10833333,-0.3014968437,-0.1607152412,0.07710166747,0.2796297043,0.5049977096,-1.224326816,0.3227289162,0.7858589208,0.3963160337,3.290650213
14.11666667,-0.3127454413,-0.1568673531,0.0832166396,0.2826682144,0.5319664993,-1.463783145,0.5903793574,0.6799560169,0.3394330499,3.173272888
14.12500000,-0.3256957642,-0.1510593205,0.08841141482,0.2853841515,0.5577539973,-1.632552727,0.7923078251,0.5657779038,0.317397644,3.008735095
14.13333333,-0.3397657857,-0.1438474548,0.0926374528,0.2880311316,0.5820043286,-1.733511748,0.927758005,0.4484321136,0.3213967839,2.805635897
14.14166667,-0.3544221835,-0.1357664602,0.09589236874,0.2907902408,0.6044262734,-1.774986923,1.002198583,0.3336160387,0.3430916393,2.570866045
14.15000000,-0.3692110245,-0.1272947648,0.09822187502,0.2937775593,0.6247807146,-1.76679595,1.02240604,0.2274752091,0.3750874156,2.310241564
14.15833333,-0.3837568892,-0.1188581969,0.09972338688,0.2970538124,0.6428706925,-1.718100837,0.9949658032,0.1356070293,0.4114132711,2.028204672
14.16666667,-0.3977562198,-0.1108242234,0.1005316868,0.3006313807,0.658536572,-1.636740675,0.9267832374,0.06163020659,0.4466776583,1.729031894
14.17500000,-0.4109632708,-0.1035127236,0.1008097935,0.3044868341,0.6716492816,-1.52899275,0.8222615799,0.008796128349,0.4777276091,1.415969028
14.18333333,-0.4231801226,-0.09720671069,0.1007398456,0.3085732926,0.6821073954,-1.399949851,0.6865718407,-0.02196016174,0.5014607432,1.092676684
14.19166667,-0.434247714,-0.09214052986,0.1005025238,0.3128162779,0.6898423048,-1.253952439,0.5256165277,-0.03144483756,0.5150790572,0.7627811586
14.20000000,-0.4440558766,-0.08849092995,0.1002722692,0.3171274417,0.6948080042,-1.098872417,0.3481822325,-0.02075263886,0.5177358725,0.4284180493
14.20833333,-0.4525446351,-0.08636544709,0.1001999729,0.3214150868,0.6969760629,-0.9374380827,0.1606985314,0.005403870649,0.5096624188,0.09169958884
14.21666667,-0.4596644857,-0.08582535491,0.1003875205,0.3255950253,0.6963358451,-0.7704873484,-0.03135511908,0.04063363466,0.4918556059,-0.245099797
14.22500000,-0.4653735533,-0.08688443248,0.1008859376,0.3295828064,0.6929014701,-0.5990235992,-0.2221112379,0.07900177667,0.4633850289,-0.5782548604
14.23333333,-0.4696385857,-0.08950715579,0.1016959746,0.3332875403,0.6867172846,-0.4240946174,-0.4056567959,0.1144082803,0.4239129295,-0.9045659427
14.24166667,-0.4724351123,-0.09360957254,0.1027679782,0.3366172793,0.6778525914,-0.2467594199,-0.5763463002,0.1409337727,0.3733674973,-1.2210688
14.25000000,-0.47374752,-0.09906782715,0.1040099381,0.3394777483,0.6664036375,-0.06808419363,-0.7307357501,0.1548200202,0.3111025496,-1.524095124
14.25833333,-0.4735690985,-0.1057351417,0.1053043117,0.3417675088,0.6524987652,0.1108610211,-0.8659396533,0.1528912234,0.2362869179,-1.809908627
14.26666667,-0.4719020691,-0.1134402126,0.1065068733,0.3433764371,0.6362988117,0.2890025367,-0.9798290757,0.1327827682,0.1473130224,-2.074053331
14.27500000,-0.4687576023,-0.1220067159,0.1074667232,0.3441779289,0.6180043212,0.4652677104,-1.072473481,0.09440884535,0.0420601742,-2.311722745
14.28333333,-0.4641569087,-0.1312532133,0.108027856,0.344023132,0.5978599548,0.6377063088,-1.142749654,0.03737634615,-0.08272505227,-2.517085108
14.29166667,-0.4581606607,-0.1409778541,0.1080420116,0.3427330225,0.5761614123,0.799264567,-1.186519905,-0.0368508999,-0.2311505473,-2.683583708
14.30000000,-0.4508752284,-0.150949908,0.1073670005,0.3400909357,0.5532621968,0.9464582545,-1.202013854,-0.1276814788,-0.4080712814,-2.803968698
14.30833333,-0.4424366819,-0.1609317985,0.1058739849,0.3358380071,0.5295781144,1.075487887,-1.188723122,-0.2329998567,-0.6185765436,-2.870706718
14.31666667,-0.4330136949,-0.1706747692,0.103445307,0.329675598,0.5055858329,1.181996137,-1.144289454,-0.3521323524,-0.8668042634,-2.877023106
14.32500000,-0.4228128094,-0.1799108756,0.0999703047,0.3212810652,0.4818089302,1.261268507,-1.066769994,-0.4837821088,-1.154135212,-2.818654508
14.33333333,-0.4120835191,-0.188355801,0.09535082519,0.3103431545,0.4587857241,1.307816871,-0.9538227335,-0.6268561145,-1.475753248,-2.69686947
14.34166667,-0.4011211617,-0.1957019442,0.0894863594,0.2966255679,0.4370180022,1.316363256,-0.802639125,-0.7828510745,-1.818201837,-2.519411051
14.35000000,-0.3902635819,-0.2016205394,0.08226718298,0.2800443143,0.4169000341,1.281905068,-0.6109518716,-0.9519053013,-2.158918803,-2.304352596
14.35833333,-0.3798843981,-0.2057721906,0.07357922797,0.2607266007,0.398657691,1.20136184,-0.3789612939,-1.135880098,-2.469937509,-2.07292322
14.36666667,-0.3703655152,-0.2078378876,0.0632918419,0.2390379444,0.3823362529,1.075825516,-0.1114494445,-1.335905486,-2.723373,-1.846845822
14.37500000,-0.362061984,-0.2075640687,0.05127139873,0.2155666737,0.3678092616,0.9112423968,0.1799412766,-1.551202959,-2.894982708,-1.64451461
14.38333333,-0.3552574804,-0.204818407,0.03740230919,0.1910542832,0.3548349119,0.7184442584,0.4780277897,-1.778652297,-2.971704244,-1.47524126
14.39166667,-0.3501202727,-0.1996512384,0.02162021787,0.1663083116,0.3431243216,0.5140000604,0.7562981695,-2.008364344,-2.951250808,-1.341051841
14.40000000,-0.3466753853,-0.1923555453,0.003977724101,0.1421124963,0.3323956319,0.3150444274,0.983203086,-2.220491385,-2.842205139,-1.238806497
14.40833333,-0.3448123467,-0.1835090756,-0.01525262549,0.1191407423,0.3224055055,0.1362510431,1.12209491,-2.383088114,-2.660333459,-1.162834355
14.41666667,-0.3443281751,-0.1740085769,-0.03547462884,0.09791819684,0.3129608517,-0.01495265249,1.132632276,-2.449461102,-2.426028593,-1.106711221
14.42500000,-0.3449775355,-0.1651244608,-0.05564411271,0.07880037461,0.3039197325,-0.1362613922,0.9660683179,-2.360053456,-2.158191297,-1.064922489
14.43333333,-0.3465257976,-0.1585324121,-0.0742101661,0.06200117772,0.2951880296,-0.231437583,0.5755591189,-2.056117507,-1.871049102,-1.03187296
14.44166667,-0.3487865359,-0.1562020909,-0.08924150239,0.04765459193,0.2867072694,-0.3091068614,-0.05326522696,-1.51405422,-1.569827021,-1.003939889
14.45000000,-0.3516598944,-0.1598808741,-0.0989782027,0.03588553152,0.2784535674,-0.3805222281,-0.8437146561,-0.8084782101,-1.251015645,-0.9768298402
14.45833333,-0.3551482756,-0.1702139167,-0.1027654377,0.02688227198,0.2704329945,-0.4590482887,-1.61632103,-0.1203749846,-0.9042283514,-0.9474704496
14.46666667,-0.3593758782,-0.1862679677,-0.101530656,0.02092045804,0.2626776607,-0.5607340307,-2.194805477,0.3751760499,-0.5194511283,-0.9126034477
14.47500000,-0.3645999861,-0.2060475705,-0.09723587078,0.018338416,0.2552481644,-0.7007092929,-2.507118844,0.6132193511,-0.09404274735,-0.8686439922
14.48333333,-0.3711974649,-0.2273455001,-0.09194254007,0.0194348481,0.248236969,-0.8919598798,-2.565637646,0.6253813618,0.3596736099,-0.8112816398
14.49166667,-0.3796268303,-0.2482315868,-0.08722714456,0.02432274047,0.2417819544,-1.140385728,-2.416892871,0.4882683304,0.8095420724,-0.7341927685
14.50000000,-0.3903434969,-0.2671955538,-0.08400169614,0.032801691,0.2360724006,-1.438127245,-2.113323607,0.2798489036,1.213856722,-0.630862991
14.50833333,-0.4036690225,-0.2831779833,-0.08258144043,0.04430887524,0.2313639881,-1.761560428,-1.710784057,0.06354245198,1.530460845,-0.4924684314
14.51666667,-0.4196726285,-0.2955997773,-0.08284936388,0.05798219554,0.2279879247,-2.074077975,-1.268737586,-0.1203842774,1.72990308,-0.3094539927
14.52500000,-0.4380997731,-0.3043612201,-0.08444956305,0.07277522727,0.2263552433,-2.337945098,-0.8395838972,-0.2547474638,1.797981526,-0.07271706861
14.53333333,-0.4584322818,-0.3097327724,-0.0869463399,0.08758213227,0.2269415518,-2.528403444,-0.4597662121,-0.3358773439,1.734578597,0.2233020016
14.54166667,-0.4800029072,-0.3122158794,-0.08991239116,0.1013547034,0.2302349999,-2.634394685,-0.1481637175,-0.3685790476,1.553359619,0.5753554473
14.55000000,-0.5021131128,-0.3123988686,-0.09297504358,0.1132185938,0.2366432315,-2.659054463,0.09262308671,-0.3604436,1.282144101,0.9671137372
14.55833333,-0.5241201571,-0.3108549936,-0.09582733648,0.1225857344,0.2463806129,-2.61162843,0.2675819917,-0.3190941637,0.9614475532,1.368522459
14.56666667,-0.5454727457,-0.3081006863,-0.09821939677,0.1292304799,0.2593800386,-2.50394347,0.3845805491,-0.2509747285,0.6359835869,1.744097561
14.57500000,-0.5657174092,-0.3045793304,-0.09995043347,0.1332750879,0.2752911309,-2.347464589,0.4532170557,-0.1614093094,0.3423734994,2.063340319
14.58333333,-0.5844889273,-0.3006559431,-0.1008688629,0.1350947691,0.2935606831,-2.151819524,0.4824915735,-0.05707189114,0.1048060843,2.308270986
14.59166667,-0.6014952172,-0.2966258388,-0.1008745729,0.1351984956,0.3135471427,-1.925002605,0.479853403,0.05701755145,-0.06931496171,2.475846916
14.60000000,-0.6165035736,-0.2927286711,-0.09990445575,0.1341105428,0.3346238729,-1.673386485,0.4518880711,0.1761753269,-0.1819995276,2.571211216
14.60833333,-0.6293300689,-0.2891458348,-0.09794023685,0.1323171794,0.3562261062,-1.402088536,0.4054756396,0.2946113274,-0.23994344,2.603733971
14.61666667,-0.6398302103,-0.286003291,-0.09501434951,0.1302427449,0.3778741446,-1.115745108,0.3472592763,0.4059114997,-0.2505430809,2.583764928
14.62500000,-0.6478937051,-0.2833752095,-0.09121006564,0.1282526705,0.3991688874,-0.8178420316,0.2829067039,0.5046488961,-0.2209349858,2.520387021
14.63333333,-0.6534418852,-0.2812871197,-0.08665029732,0.1266536404,0.4197812506,-0.5130022018,0.2188414977,0.5865921574,-0.1576970829,2.421121556
14.64166667,-0.6564344549,-0.2797128529,-0.08149173871,0.1257035551,0.439439215,-0.2048196442,0.1601571058,0.6475683848,-0.06567094761,2.292179063
14.65000000,-0.6568517022,-0.278595635,-0.07592295054,0.1256273625,0.4579161615,0.1047464672,0.1093114817,0.6851787889,0.05103569559,2.138555246
14.65833333,-0.6546903348,-0.2778663013,-0.07013384287,0.1266079801,0.4750246074,0.4137166138,0.06735501023,0.7005800936,0.1866253214,1.964860942
14.66666667,-0.6499636041,-0.2774440066,-0.06430566826,0.1287648248,0.4906305172,0.7201028491,0.03583455296,0.6946551038,0.332476451,1.778701107
14.67500000,-0.6427012624,-0.2772375809,-0.05861067833,0.1321684983,0.5046401214,1.021938317,0.01550462714,0.6693324668,0.4851895314,1.581931123
14.68333333,-0.6329508631,-0.2771565422,-0.05318818215,0.1368577119,0.5169696945,1.316482273,0.005973586215,0.6301948176,0.6401928292,1.375690935
14.69166667,-0.6207935354,-0.2771015495,-0.04813176959,0.1428309357,0.5275454393,1.599001339,0.009490407207,0.5823109292,0.7925125068,1.161221104
14.70000000,-0.6063427115,-0.2769597184,-0.04349284096,0.150044645,0.5363040772,1.86643725,0.0269197996,0.5308853202,0.9370575262,0.9398035102
14.70833333,-0.5897389098,-0.2766109683,-0.03927839965,0.1584131115,0.543193356,2.114969803,0.05931319883,0.4813565217,1.06893616,0.7128155165
14.71666667,-0.5711560658,-0.2759284008,-0.03545362827,0.1678169958,0.548172893,2.340769089,0.1072349923,0.4378738688,1.185136765,0.4817084998
14.72500000,-0.5508030246,-0.2747736643,-0.03195367765,0.1781127326,0.5512144519,2.539021064,0.1730357805,0.4040342585,1.282397722,0.2479452147
14.73333333,-0.5289299338,-0.2729869908,-0.02868419044,0.1891298215,0.5523020145,2.704540652,0.2595445021,0.3827710932,1.358111335,0.0129944061
14.74166667,-0.5058344399,-0.2703807459,-0.02553893822,0.2006888915,0.5514318136,2.831280729,0.3704610934,0.3743307947,1.412428718,-0.2216722682
14.75000000,-0.4818676907,-0.2667333075,-0.02240586373,0.2126014581,0.5486199219,2.912445362,0.5102312667,0.380008673,1.441847211,-0.451639981
14.75833333,-0.4574388502,-0.2617845697,-0.01916868937,0.2246427138,0.5439341792,2.94103178,0.6835315122,0.3990949373,1.443403304,-0.6709291224
14.76666667,-0.4330141552,-0.2552373271,-0.01571701321,0.2365758102,0.5374786241,2.910573942,0.8943000222,0.4316032702,1.415423269,-0.8756313911
14.77500000,-0.4091042353,-0.246772286,-0.01193774352,0.2481462656,0.5293922052,2.816999925,1.143788991,0.4774977582,1.356158535,-1.061453691
14.78333333,-0.386235956,-0.2360799824,-0.007722558983,0.2590876144,0.5198539353,2.661332583,1.42728611,0.5365544871,1.263978707,-1.223221285
14.79166667,-0.3648992182,-0.2229254731,-0.002953288825,0.2691117822,0.5090885168,2.451363594,1.732083581,0.6106193949,1.135461817,-1.354920187
14.80000000,-0.3454898849,-0.2072047713,0.002497602357,0.2779012391,0.4973736441,2.202230242,2.038826274,0.7004267793,0.9669948544,-1.449911227
14.80833333,-0.3282415271,-0.1890219832,0.008773818065,0.2851067532,0.4850450492,1.936485347,2.318141971,0.8091407112,0.75479529,-1.501108574
14.81666667,-0.3131990191,-0.168725039,0.01604221292,0.2903537327,0.47249341,1.676439481,2.541219711,0.939255081,0.4966134339,-1.502406146
14.82500000,-0.3002379759,-0.1468893103,0.02449369502,0.2932575996,0.4601540123,1.438967994,2.684478342,1.093313854,0.1930142807,-1.449972717
14.83333333,-0.2891237374,-0.12424941,0.03433245594,0.2934622464,0.4484727307,1.234111774,2.732629737,1.272104432,-0.1497039242,-1.34501686
14.84166667,-0.2795707763,-0.1016253433,0.04575647852,0.290692702,0.4378625428,1.064221256,2.680758285,1.472421076,-0.5170662813,-1.195093842
14.85000000,-0.2712958106,-0.07983571061,0.05890333721,0.2848447767,0.4286379707,0.9266936576,2.534247248,1.682865468,-0.8837407329,-1.015441366
14.85833333,-0.2640503211,-0.05961095262,0.07377279889,0.2760603353,0.4209652387,0.8162580288,2.308075247,1.881243071,-1.215419274,-0.8261551518
14.86666667,-0.2576343698,-0.04152253026,0.09012230198,0.2647996777,0.4148389717,0.7267175956,2.025820223,2.030515045,-1.470509832,-0.647355016
14.87500000,-0.251896269,-0.02593234667,0.1073383404,0.2518925544,0.4101090164,0.6524437676,1.712741022,2.079758184,-1.60228126,-0.4927087614
14.88333333,-0.2467305584,-0.01300273533,0.1243371743,0.2385868382,0.4065381828,0.5888594664,1.390140628,1.967460619,-1.55705559,-0.3694511285
14.89166667,-0.2420635939,-0.002749088424,0.1394947273,0.2265916718,0.4038673219,0.5319125172,1.07211164,1.627706457,-1.27856566,-0.276210318
14.90000000,-0.2378571427,0.004885559873,0.150725522,0.218021226,0.4018729899,0.4779208106,0.7611052745,1.024757576,-0.7353193214,-0.2052907141
14.90833333,-0.2340969361,0.009939670704,0.1559981297,0.2149151789,0.4004154017,0.4244010794,0.4511763972,0.2191250402,0.01174282809,-0.145150971
14.91666667,-0.2307893542,0.01237465646,0.1543243255,0.2182789794,0.3994659989,0.368881277,0.1302539223,-0.6047756083,0.7802087947,-0.08060063827
14.92500000,-0.2279614715,0.01204270861,0.1464458443,0.227407702,0.3991282103,0.3088322213,-0.2152431839,-1.242899314,1.36906302,0.004046183626
14.93333333,-0.225662402,0.008691608217,0.1343972404,0.2403256998,0.3996322286,0.2414841961,-0.5948695408,-1.6016813,1.684865534,0.1237391187
14.94166667,-0.2239672748,0.002037040071,0.1204719886,0.2547672476,0.401319655,0.1629496968,-1.006145847,-1.70283438,1.742232326,0.2894670737
14.95000000,-0.2229925602,-0.008112932739,0.1065394982,0.2687938622,0.404596828,0.06788899603,-1.429781723,-1.615629943,1.594792543,0.5050288368
14.95833333,-0.2228987618,-0.02173399476,0.09386021206,0.2809366709,0.4098544144,-0.04992705962,-1.832028648,-1.414602978,1.299605028,0.7624566883
14.96666667,-0.2239096913,-0.03846689509,0.08308323426,0.2902075268,0.4173602061,-0.1987714302,-2.169535973,-1.169170857,0.9152722692,1.039780929
14.97500000,-0.2263240825,-0.0576081286,0.07435820457,0.2960959106,0.4271542522,-0.3884174173,-2.404404062,-0.9288727949,0.4962694012,1.306360343
14.98333333,-0.2305234209,-0.07818357313,0.06750294945,0.2985151113,0.4390170215,-0.6285671425,-2.510961006,-0.7236762799,0.08966047418,1.531549003
14.99166667,-0.2369603277,-0.09907216121,0.0621668596,0.2977124718,0.4525069419,-0.9259407081,-2.47956594,-0.5649140036,-0.2729929191,1.6943823
15.00000000,-0.2461113679,-0.1191466157,0.05795709385,0.2941386163,0.4670555469,-1.278623884,-2.318505979,-0.4527708618,-0.5737343243,1.785212963
15.00833333,-0.2583842641,-0.1374214715,0.05450506672,0.2883337117,0.4820664834,-1.671275127,-2.053465253,-0.3818555951,-0.8085357816,1.80629012
15.01666667,-0.2739926997,-0.1531955636,0.05149579868,0.2808392571,0.4969873317,-2.073411338,-1.725768354,-0.3454534456,-0.9800972046,1.765218272
15.02500000,-0.2928670719,-0.1661376922,0.04866960278,0.2721557961,0.5113431623,-2.448991793,-1.381075427,-0.3371764501,-1.095062143,1.672322763
15.03333333,-0.3146377156,-0.1762870109,0.04581480761,0.2627246974,0.5247430822,-2.763713242,-1.061704668,-0.3512343292,-1.16077388,1.537401428
15.04166667,-0.3387061937,-0.1839739267,0.04276480709,0.2529286567,0.536873909,-2.998749898,-0.7926342291,-0.383744467,-1.183425746,1.369081615
15.05000000,-0.3643801321,-0.1896651952,0.03937408021,0.243107143,0.5474886327,-3.149029716,-0.5834200586,-0.4323828148,-1.167806062,1.174551187
15.05833333,-0.3909704049,-0.1938588135,0.03552524539,0.2335542797,0.5563943235,-3.220210673,-0.4322376328,-0.4929713899,-1.119938387,0.9598207262
15.06666667,-0.4178570151,-0.1970127655,0.03113553498,0.2245172637,0.5634422548,-3.222004384,-0.3325380532,-0.5617043865,-1.044759756,0.7295199396
15.07500000,-0.4445080193,-0.1995210817,0.02615102883,0.2162042198,0.5685212063,-3.165381962,-0.275961846,-0.6348990962,-0.9470764529,0.4877763186
15.08333333,-0.4704791466,-0.2017098497,0.02055535245,0.208773291,0.571555487,-3.060313901,-0.2546837153,-0.7075543656,-0.8346809754,0.2400361713
15.09166667,-0.4954020359,-0.2038454105,0.01437360156,0.2023141543,0.5725170814,-2.915072396,-0.2621814871,-0.7747664509,-0.7146294023,-0.00940436365
15.10000000,-0.5189705643,-0.2061447894,0.00767043971,0.1968708263,0.5713984549,-2.736353198,-0.2931171102,-0.8319704762,-0.5916812054,-0.2589497934
15.10833333,-0.5409294024,-0.2087868047,0.0005490709886,0.1924479327,0.5682054176,-2.529534195,-0.344051728,-0.8742453979,-0.4704742228,-0.5069956318
15.11666667,-0.5610648398,-0.2119252362,-0.006847728901,0.189012792,0.5629571382,-2.29934591,-0.4117065806,-0.8976282036,-0.3552959227,-0.7519421137
15.12500000,-0.5792004643,-0.2156821181,-0.0143548992,0.186500968,0.5556860592,-2.050945907,-0.4911790142,-0.9008392129,-0.2490924895,-0.9922102102
15.13333333,-0.5952124574,-0.2201285657,-0.02180744118,0.1848322166,0.5464374368,-1.789980959,-0.5767981308,-0.8845267758,-0.1533409106,-1.226312116
15.14166667,-0.6090032583,-0.2253059435,-0.0290437693,0.183910373,0.5352686377,-1.518128604,-0.6662508672,-0.8490227625,-0.07013689445,-1.452809577
15.15000000,-0.6204890051,-0.2312370979,-0.03590938652,0.1836248479,0.5222512143,-1.23706833,-0.7571931976,-0.7962709967,-0.001026754897,-1.669085764
15.15833333,-0.6296005964,-0.2379199937,-0.04227844776,0.1838433584,0.5074958566,-0.9486345927,-0.8460241921,-0.7303937217,0.0503008741,-1.869237021
15.16666667,-0.6362841115,-0.2453202533,-0.04805629232,0.184407698,0.4911508622,-0.6546391261,-0.9286599193,-0.6550384258,0.08154310705,-2.049973074
15.17500000,-0.6405010827,-0.2533698229,-0.05318265106,0.1851416925,0.4733949989,-0.3569841524,-1.001365283,-0.5748566696,0.09097793332,-2.207253573
15.18333333,-0.6422290215,-0.261974459,-0.05763428815,0.1858574397,0.4544410159,-0.05759185489,-1.061380902,-0.4936329866,0.07654602649,-2.336655285
15.19166667,-0.6414614633,-0.271016117,-0.06141620346,0.1863420754,0.4345418919,0.2416140855,-1.105791602,-0.4146787891,0.03480063721,-2.433065402
15.20000000,-0.6382083209,-0.280353625,-0.06456073955,0.1863510204,0.413997155,0.5383690084,-1.131778193,-0.3411790692,-0.03837347796,-2.490515099
15.20833333,-0.6325128885,-0.2898143897,-0.06712333284,0.1856035632,0.3931591276,0.826722988,-1.134833735,-0.2750919176,-0.147428107,-2.502407987
15.21666667,-0.6244643609,-0.299197949,-0.06917031426,0.1837832692,0.3724347958,1.102469815,-1.112743504,-0.2178881854,-0.2965421313,-2.46208209
15.22500000,-0.6141859716,-0.3082804187,-0.07078580057,0.1805425899,0.352283349,1.361174638,-1.062117419,-0.1718341782,-0.488457341,-2.364360959
15.23333333,-0.6018393441,-0.3168161004,-0.07206706958,0.1755248202,0.3331956084,1.59787271,-0.9812087333,-0.1377229535,-0.7225219467,-2.20674218
15.24166667,-0.5876315561,-0.3245419955,-0.07311783551,0.168404389,0.3156590566,1.806721925,-0.8670464933,-0.1168146194,-0.991213234,-1.993378403
15.25000000,-0.5718235769,-0.3311628766,-0.07405563092,0.1589522579,0.3000939816,1.980648722,-0.715204198,-0.1108866373,-1.278837085,-1.736242799
15.25833333,-0.5547390621,-0.3363453989,-0.07501349794,0.1470995443,0.2867951664,2.111659962,-0.521116395,-0.1221928271,-1.562676937,-1.453003915
15.26666667,-0.5367723798,-0.3397175465,-0.07614783773,0.1329991505,0.275885155,2.191034063,-0.2799294223,-0.1536343547,-1.813509392,-1.166878403
15.27500000,-0.5183893813,-0.3408661516,-0.07764308741,0.1170434451,0.2672984652,2.210441435,0.0130125939,-0.2095387048,-2.004017248,-0.8981326559
15.28333333,-0.5001145259,-0.3393527133,-0.0797204559,0.09982993707,0.2608254305,2.164400153,0.3588189819,-0.2940947469,-2.11221958,-0.6614530238
15.29166667,-0.4824965542,-0.334755334,-0.0826336652,0.08210634133,0.2561670672,2.053651208,0.7511336178,-0.4103564004,-2.124852008,-0.4631362327
15.30000000,-0.4660445273,-0.3267489615,-0.08664515247,0.06469421481,0.2530002984,1.886920129,1.173309157,-0.5571233307,-2.037516389,-0.3030501723
15.30833333,-0.4511495518,-0.3151963655,-0.09198556447,0.04841365495,0.251022143,1.683749056,1.596311823,-0.7270829804,-1.854650959,-0.177015144
15.31666667,-0.4380127188,-0.3002511997,-0.09877504262,0.03401030286,0.2499732473,1.469540591,1.980167965,-0.9008047935,-1.589748748,-0.07900884164
15.32500000,-0.4266195013,-0.2824263035,-0.1069175702,0.02208515096,0.2496448301,1.268660342,2.279990073,-1.044637356,-1.264596324,-0.002884590595
15.33333333,-0.4167804796,-0.2626199648,-0.1159650146,0.013027178,0.2498785939,1.098746731,2.447228807,-1.108531793,-0.9058594123,0.05661119301
15.34166667,-0.4082008451,-0.2421483597,-0.1250009909,0.007010385552,0.2505577351,0.9667947946,2.430914924,-1.030936599,-0.5384815522,0.1048710348
15.35000000,-0.4005679957,-0.2227606,-0.1325674371,0.004026198693,0.2516056849,0.8705750141,2.178767508,-0.7451887644,-0.1802701124,0.1456580719
15.35833333,-0.3936171929,-0.2065864523,-0.1367120564,0.003956016649,0.2529734472,0.8012299302,1.658805031,-0.2074430117,0.1604227157,0.1821489148
15.36666667,-0.38717244,-0.1957364449,-0.1354388758,0.006661467496,0.2546381085,0.7466087401,0.9194514948,0.5367364375,0.4873353261,0.2174144343
15.37500000,-0.381175091,-0.1914147059,-0.1276503041,0.01206739023,0.256601816,0.6914953178,0.1267891403,1.321093494,0.8103996181,0.2544036696
15.38333333,-0.3756877301,-0.1932095793,-0.1138818759,0.02019283945,0.2588909575,0.6217309767,-0.520699582,1.943532118,1.142174391,0.2959969656
15.39166667,-0.3708936039,-0.199390176,-0.09600374452,0.03114976554,0.2615560759,0.5232355707,-0.9190518337,2.301453842,1.490094723,0.3452841725
15.40000000,-0.3670776939,-0.2078345936,-0.07624075476,0.0450647063,0.2646820389,0.3853238915,-1.06985029,2.40365738,1.850678103,0.4074797528
15.40833333,-0.3645978405,-0.2166664748,-0.05647314987,0.06198243667,0.2683967469,0.2020597727,-1.020879718,2.315005288,2.20627888,0.4877985442
15.41666667,-0.3638298199,-0.2244420973,-0.03798233234,0.08173433874,0.272883678,-0.02441642474,-0.82468551,2.10884622,2.525010491,0.5941278014
15.42500000,-0.3650903432,-0.2301396814,-0.02147569275,0.1038609799,0.2783972928,-0.28142746,-0.5304875938,1.848133822,2.769965966,0.7359222275
15.43333333,-0.3685429467,-0.2331406986,-0.007198035779,0.1275969143,0.2852768541,-0.5465200709,-0.1848300227,1.580096108,2.906381115,0.9237585611
15.44166667,-0.3741525468,-0.2331905818,0.004916335443,0.1519380973,0.2939464756,-0.7948342072,0.1714734738,1.332044069,2.912810851,1.166746509
15.45000000,-0.3816750283,-0.2303544298,0.01509512199,0.1757645681,0.3048875823,-1.002209263,0.5028316813,1.116678976,2.783541671,1.468584885
15.45833333,-0.3907031057,-0.2249388868,0.02362566965,0.1979867926,0.318565116,-1.154688393,0.7879917381,0.9362118012,2.531867621,1.820694047
15.46666667,-0.4007546943,-0.2173785408,0.03078675264,0.2177126321,0.3353073364,-1.247867033,1.016709215,0.7873456631,2.191154393,2.198984031
15.47500000,-0.4113413667,-0.2081584022,0.03682169026,0.2343915665,0.3551838439,-1.283953654,1.186512911,0.6652989068,1.808876968,2.566116974
15.48333333,-0.4220137757,-0.1977587796,0.04193855546,0.2478779205,0.3779363205,-1.269777625,1.300561493,0.5661450913,1.432079068,2.883691307
15.49166667,-0.4323870305,-0.1866231602,0.04631183833,0.2583735169,0.4030297783,-1.213383258,1.363970883,0.4865447888,1.095626989,3.124330057
15.50000000,-0.4421420456,-0.1751525184,0.05009910711,0.2662999793,0.4297598089,-1.122658523,1.38153409,0.4255693211,0.8167227834,3.276049234
15.50833333,-0.4510221219,-0.1637135031,0.05345299133,0.2721553801,0.4573881128,-1.00443925,1.357256022,0.3820722315,0.5984197388,3.340870463
15.51666667,-0.4588219851,-0.1526344594,0.05651059699,0.2764263116,0.4852252401,-0.8644032679,1.295802053,0.3544710733,0.4350528559,3.328022191
15.52500000,-0.4653811088,-0.1422139316,0.05940716274,0.2795333441,0.5126718555,-0.7073416881,1.199754731,0.3433298608,0.3174730892,3.249131338
15.53333333,-0.4705756154,-0.1327209098,0.06227305629,0.2818182567,0.5392263912,-0.5374327559,1.073965648,0.3466882507,0.2363607567,3.115649984
15.54166667,-0.4743144099,-0.1243852388,0.06522220228,0.2835517703,0.5644756102,-0.3593110548,0.9232730819,0.3631342567,0.1839926685,2.937330405
15.55000000,-0.4765579861,-0.1173803166,0.06835296058,0.2849470261,0.5880805101,-0.1788743076,0.7554807948,0.3895188003,0.1542640191,2.722259458
15.55833333,-0.4772926415,-0.1118271173,0.0717278516,0.2861737548,0.6097625916,0.002644860565,0.5757426807,0.4207700618,0.1429259583,2.476940166
15.56666667,-0.4765139852,-0.1078026035,0.07536366169,0.2873726175,0.6292931343,0.1841349644,0.3895312102,0.4512618411,0.1471334764,2.206657267
15.57500000,-0.4742268959,-0.1053372109,0.0792324054,0.2886609955,0.646484381,0.3644860528,0.202495784,0.4758337578,0.1640192513,1.916185632
15.58333333,-0.4704453569,-0.1044144811,0.08326440178,0.2901355927,0.6611838234,0.5426251384,0.02019807048,0.4896900573,0.1912735286,1.609448754
15.59166667,-0.4651922764,-0.1049728601,0.08735259068,0.2918656923,0.6732800748,0.7174768519,-0.1521410444,0.4887063186,0.2248228188,1.292174908
15.60000000,-0.4584995085,-0.1069097685,0.09135959909,0.2938954705,0.6826982017,0.8879734794,-0.3100992714,0.4699262816,0.2629754988,0.9670309891
15.60833333,-0.4504077346,-0.1100968776,0.09513587559,0.2962571413,0.6893811046,1.053066291,-0.4519535256,0.4334270019,0.3041841897,0.636072557
15.61666667,-0.4409716179,-0.114386137,0.09853374407,0.298968352,0.6932891306,1.209359756,-0.5731782581,0.3790876684,0.3465140759,0.3014132748
15.62500000,-0.4302932184,-0.1195773671,0.1014097036,0.30202925,0.6944002594,1.350779454,-0.6684014078,0.3088449773,0.3877107344,-0.03482997179
15.63333333,-0.4185095736,-0.1254481391,0.1036454032,0.3054201291,0.6927101185,1.473846864,-0.7355429141,0.2257638222,0.4252693229,-0.3705370039
15.64166667,-0.405789949,-0.1317506483,0.1051443424,0.3090994144,0.688232049,1.574764141,-0.7717810522,0.1327676277,0.4564785079,-0.7035781127
15.65000000,-0.3923386673,-0.1382195361,0.1058437395,0.3130031324,0.6809971527,1.648637916,-0.774969985,0.0344850839,0.4786572103,-1.031765021
15.65833333,-0.3784033099,-0.144563633,0.1057135276,0.3170378742,0.671063611,1.690030219,-0.7411690344,-0.06580545603,0.4869161985,-1.350206009
15.66666667,-0.3642793876,-0.1504570804,0.1047508378,0.3210676381,0.6585330371,1.692771846,-0.6661703353,-0.1646035261,0.4769069399,-1.654490151
15.67500000,-0.350316372,-0.1555418908,0.1029850216,0.3249256648,0.6435398602,1.650404741,-0.546493686,-0.258248018,0.4452282381,-1.940399974
15.68333333,-0.3369133867,-0.1594320502,0.1004651934,0.3284214797,0.6262565779,1.557496004,-0.3789710522,-0.3451929385,0.3893679051,-2.203265367
15.69166667,-0.3245082217,-0.1617223741,0.09725732879,0.331335522,0.6068989746,1.410711424,-0.1627807196,-0.4229481683,0.3048708325,-2.437269488
15.70000000,-0.3135443271,-0.1620249811,0.093448328,0.3334085797,0.5857350621,1.212623202,0.0965204999,-0.4892016245,0.1867583082,-2.635551652
15.70833333,-0.3044171264,-0.1600266651,0.08913870682,0.3343414131,0.5630954992,0.9721697007,0.3864658772,-0.5427448918,0.0302580798,-2.789944757
15.71666667,-0.2974114209,-0.1555612201,0.08444775835,0.3337872184,0.539384367,0.7065396519,0.6846833101,-0.5801471232,-0.171369126,-2.891039077
15.72500000,-0.2926533763,-0.1486627796,0.07952113972,0.3313403359,0.515087427,0.4366110146,0.9657045028,-0.5988979544,-0.4251227435,-2.928844064
15.73333333,-0.2900892154,-0.1395907076,0.07453003605,0.3265434877,0.490769904,0.1829970074,1.202196125,-0.5949544069,-0.7359140967,-2.894724561
15.74166667,-0.2895105535,-0.1288162859,0.06967799564,0.3189168571,0.4670544536,-0.03772621518,1.370667132,-0.5647205914,-1.103369592,-2.784379341
15.75000000,-0.2906043029,-0.1169783836,0.06520080927,0.3080209767,0.4445669095,-0.2175535234,1.455231952,-0.5043539158,-1.517687806,-2.601815684
15.75833333,-0.2930193948,-0.1048197994,0.06136336882,0.2935553369,0.4238469611,-0.3550891943,1.44672657,-0.4109797665,-1.955319747,-2.363641217
15.76666667,-0.2964149914,-0.09313138664,0.05843661581,0.2754710213,0.4052530177,-0.4536722097,1.342546167,-0.2866524776,-2.379148967,-2.096712437
15.77500000,-0.3004893099,-0.08269862817,0.05664886306,0.2540633511,0.3888940843,-0.519022692,1.146675538,-0.1402051767,-2.745041482,-1.832464546
15.78333333,-0.3049904598,-0.07424386284,0.05610065526,0.230007901,0.3746301561,-0.5573410243,0.8705283565,0.005958874067,-3.007667882,-1.59718009
15.79166667,-0.3097186754,-0.06835770053,0.05664066396,0.2043357354,0.3621516265,-0.5744270548,0.5339439352,0.1132076643,-3.126539155,-1.405351369
15.80000000,-0.314522895,-0.06544364021,0.05772742592,0.1784088589,0.3510796449,-0.5764499377,0.1616707761,0.1264968225,-3.061932838,-1.25921972
15.80833333,-0.3192962222,-0.06569346422,0.05830756891,0.1539210942,0.3410556056,-0.5676980964,-0.221732508,-0.01839350793,-2.775455891,-1.152361477
15.81666667,-0.3239662152,-0.06911987521,0.05685022932,0.1328317947,0.331795416,-0.5523526632,-0.5985362499,-0.3666483394,-2.24556039,-1.073795738
15.82500000,-0.3284954217,-0.07562826158,0.05167057788,0.1170918759,0.3231130071,-0.5345982611,-0.9609928142,-0.9002883792,-1.504862069,-1.011448046
15.83333333,-0.3328807726,-0.08510074347,0.04166105754,0.1079862865,0.3149305469,-0.5184890304,-1.310745199,-1.498135731,-0.6813908191,-0.9517854068
15.84166667,-0.3371521924,-0.09745412304,0.02700333433,0.1054802238,0.3072757887,-0.5078790791,-1.653179463,-1.989849542,0.05258605506,-0.8828606942
15.85000000,-0.3413731042,-0.112635504,0.009097228055,0.1082927966,0.300273649,-0.5074689908,-1.988480761,-2.269151511,0.5846001025,-0.7931136165
15.85833333,-0.3456559655,-0.1305466603,-0.01020594229,0.1146027483,0.2941437177,-0.5236613089,-2.305831486,-2.330725788,0.8946350469,-0.6722342811
15.86666667,-0.3501694269,-0.1509564513,-0.02928484609,0.1226660867,0.2891802222,-0.5642554612,-2.583832857,-2.225954598,1.012032344,-0.5121200177
15.87500000,-0.3551561835,-0.1734194515,-0.0470215744,0.1310441468,0.2857313253,-0.6391147963,-2.793262902,-2.018888814,0.9765451426,-0.3084073629
15.88333333,-0.3609490685,-0.1972291651,-0.06280640879,0.1386182741,0.2841571351,-0.7598038331,-2.902100135,-1.765287782,0.8246710529,-0.06296861347
15.89166667,-0.3679790088,-0.221442315,-0.07641807831,0.1445636823,0.2847677881,-0.9377890625,-2.886874862,-1.502133943,0.5913603219,0.2134921421
15.90000000,-0.3767597918,-0.2449685029,-0.08787218453,0.1483415264,0.2877536517,-1.180534258,-2.736782209,-1.249662664,0.3102156955,0.5034432514
15.90833333,-0.3878265057,-0.2666990993,-0.09730049177,0.1496999953,0.293129741,-1.484409903,-2.458804299,-1.016914724,0.01645886476,0.7830535643
15.91666667,-0.4016162346,-0.2856676181,-0.1048785842,0.1486603494,0.3007164201,-1.829212033,-2.08045035,-0.8051722543,-0.2614093956,1.031087563
15.92500000,-0.4183261104,-0.3012200157,-0.1107764902,0.1454502434,0.3101818652,-2.17848935,-1.647408462,-0.6132509607,-0.5015886547,1.23207206
15.93333333,-0.4378201207,-0.313116732,-0.1151454823,0.1404382417,0.3211000573,-2.490447683,-1.211227975,-0.4380472616,-0.6927020089,1.379226858
15.94166667,-0.4596303519,-0.3215166162,-0.1181212474,0.1340538427,0.3330169839,-2.730220799,-0.8136233999,-0.2785059019,-0.8308067737,1.472139724
15.95000000,-0.4830753237,-0.3268527013,-0.1198264619,0.1267367002,0.3454969365,-2.881039246,-0.4785970062,-0.1332133023,-0.9168830187,1.515360888
15.95833333,-0.5073958685,-0.3296844116,-0.1203834628,0.1189076004,0.3581537483,-2.941331558,-0.2122172179,-0.003038448598,-0.954359935,1.515664807
15.96666667,-0.531868277,-0.3305669902,-0.1199205444,0.1109529604,0.3706568609,-2.919435506,-0.009302790867,0.1114553631,-0.9478085634,1.479545503
15.97500000,-0.5558606808,-0.3299863337,-0.1185762026,0.1032241398,0.3827293999,-2.828262909,0.1407627595,0.2079303508,-0.9005821071,1.413396502
15.98333333,-0.5788480657,-0.328338117,-0.116509819,0.09604753418,0.3941441506,-2.680250049,0.2486608461,0.284701819,-0.8160620543,1.322520798
15.99166667,-0.60040403,-0.3259329301,-0.1138908936,0.08971964436,0.4047147526,-2.486422897,0.3238839244,0.3400617368,-0.6969851228,1.211363717
16.00000000,-0.6201861515,-0.323009998,-0.1109031867,0.08451675474,0.4142892114,-2.255871705,0.3740026998,0.3734688713,-0.5469371194,1.084069422
16.00833333,-0.6379202215,-0.319753427,-0.1077265905,0.08068071763,0.422746428,-1.995916651,0.4047078885,0.3853306336,-0.3697944815,0.9441873092
16.01666667,-0.6533870277,-0.3163065988,-0.1045348319,0.07840520288,0.430009473,-1.7125929,0.4202233748,0.3778426154,-0.1737038207,0.7980937182
16.02500000,-0.6664118145,-0.3127839875,-0.101469666,0.07782164613,0.4360350728,-1.410682964,0.423391775,0.3557952378,0.03534631671,0.6473505398
16.03333333,-0.676858474,-0.3092783548,-0.09863247959,0.0790160942,0.4407882547,-1.094399805,0.4163742106,0.3239798759,0.252082923,0.4928660247
16.04166667,-0.6846238971,-0.305866738,-0.09607923069,0.08202516547,0.4442416734,-0.7682599828,0.4014840113,0.288844454,0.4695851353,0.3355619241
16.05000000,-0.689648905,-0.3026016861,-0.09380793918,0.08682352129,0.4463757085,-0.4370834132,0.3812680006,0.2574306537,0.680292513,0.1763698796
16.05833333,-0.6919005824,-0.2995260193,-0.09176385406,0.09332814586,0.4471785332,-0.1030131717,0.3561141413,0.2350183945,0.8782591917,0.01622819458
16.06666667,-0.6913636328,-0.2966781295,-0.08985323026,0.1014103886,0.4466461586,0.2318335165,0.3267556873,0.2261516056,1.057984045,-0.1439203819
16.07500000,-0.6880404492,-0.2940890415,-0.08794639968,0.1108963857,0.4447828327,0.5653271213,0.2941871316,0.2344502533,1.214334869,-0.3027492982
16.08333333,-0.6819511966,-0.291780391,-0.08589892129,0.1215668171,0.4416220863,0.8953353651,0.2596921193,0.2597883625,1.341199611,-0.4541871373
16.09166667,-0.6731337715,-0.2897617807,-0.08356889169,0.1331554356,0.4372437364,1.219736215,0.2248674997,0.3020878652,1.434211147,-0.5944519063
16.10000000,-0.6616435891,-0.2880283884,-0.08082595976,0.1453712711,0.4317571573,1.536463974,0.1915624327,0.3583352664,1.491495411,-0.7195480173
16.10833333,-0.6475530945,-0.2865591442,-0.0775641226,0.1579059722,0.4253049425,1.843326006,0.1619455024,0.4261223785,1.510166051,-0.8253271717
16.11666667,-0.6309643973,-0.285304384,-0.07370479198,0.1704299854,0.4180682874,2.134993411,0.1410859291,0.5009837744,1.488506964,-0.9068476143
16.12500000,-0.6120240663,-0.2841712048,-0.06920404123,0.1825921613,0.4102741918,2.407136938,0.1333786747,0.5795671015,1.422578853,-0.9580684386
16.13333333,-0.590912596,-0.2830327313,-0.06404442721,0.1940072176,0.4022009956,2.655221519,0.1429894089,0.6585017854,1.308803276,-0.9728126802
16.14166667,-0.5678502232,-0.2817308226,-0.05823623573,0.204265222,0.3941787539,2.874358164,0.1734344257,0.7347860724,1.144272533,-0.9447885326
16.15000000,-0.5431036319,-0.2800696626,-0.051813487,0.2129306907,0.3865877854,3.058348898,0.2301689347,0.8054909206,0.9265722186,-0.8687878921
16.15833333,-0.5169955406,-0.2778040154,-0.04483524599,0.219566027,0.3798354694,3.199757876,0.319682376,0.8676128481,0.6577874201,-0.7436810228
16.16666667,-0.489916604,-0.2746306905,-0.03738457738,0.2237736823,0.3743179572,3.289733431,0.4492149593,0.9185754384,0.3457184162,-0.573577779
16.17500000,-0.462336588,-0.2701866273,-0.0295608968,0.2252512872,0.3703684561,3.318300432,0.6259669091,0.956811973,0.006108182199,-0.3701965368
16.18333333,-0.4348116531,-0.2640439742,-0.02148052585,0.2238613172,0.368191744,3.275011429,0.857932629,0.979502969,-0.3381023689,-0.1513989172
16.19166667,-0.4079759768,-0.2557196457,-0.01328835268,0.2196816311,0.3678271621,3.151872085,1.14997577,0.983373908,-0.6590271083,0.06113718463
16.20000000,-0.3825054537,-0.244718982,-0.005151597062,0.2130119312,0.3691423194,2.947841206,1.499022213,0.9654327331,-0.9315313142,0.2490169142
16.20833333,-0.3590444722,-0.2306174839,0.002733204037,0.2043510411,0.3718693962,2.67244696,1.890364464,0.922281444,-1.134099844,0.398627411
16.21666667,-0.3380956459,-0.2131820319,0.01014261334,0.1943441716,0.375664364,2.350123493,2.292483052,0.8511412342,-1.252661382,0.5049416487
16.22500000,-0.3199141378,-0.1924954799,0.01683740535,0.1837303744,0.3801664473,2.014010471,2.663446707,0.7505566777,-1.278721435,0.5688399486
16.23333333,-0.3044733027,-0.1690052487,0.02257771883,0.1733019367,0.3850384357,1.697458573,2.957986233,0.6231336307,-1.207901905,0.59457158
16.24166667,-0.2915053018,-0.1435152991,0.02717497415,0.1638661488,0.3899879491,1.423172603,3.137682085,0.4788730047,-1.04114131,0.5884926539
16.25000000,-0.2806100748,-0.1171133428,0.03057289665,0.156192875,0.394778693,1.200342265,3.172370542,0.3404474319,-0.7870127832,0.5576344414
16.25833333,-0.2713621455,-0.0911194196,0.03297087417,0.1509513246,0.3992290627,1.026682329,3.035653917,0.2465949761,-0.4610557858,0.5079739864
16.26666667,-0.2633853717,-0.06706414895,0.03494652316,0.1486448232,0.4032103536,0.8934499312,2.703486586,0.2475282515,-0.0862749594,0.4458375098
16.27500000,-0.2563894111,-0.04664218997,0.03748454744,0.1495814768,0.4066382874,0.7893203774,2.163693081,0.3868901637,0.3132132419,0.3760067082
16.28333333,-0.2501796402,-0.0315183477,0.04179623408,0.1538743983,0.4094699456,0.7030920624,1.44081713,0.6681928808,0.7163337261,0.303589547
16.29166667,-0.2446537538,-0.02289180357,0.04882952406,0.1614915339,0.4117052575,0.6233540038,0.6245637398,1.022779475,1.109240104,0.2337406261
16.30000000,-0.2397996752,-0.02100554332,0.05872521339,0.1723076196,0.4133868511,0.5402970314,-0.1549866793,1.335676783,1.482616137,0.1715414003
16.30833333,-0.2356829139,-0.02506959727,0.07071470227,0.1861139798,0.4146046225,0.4448435589,-0.7907873172,1.51572952,1.824184869,0.1237882742
16.31666667,-0.2324477904,-0.03365984967,0.08355435807,0.2025724485,0.4155098184,0.327326641,-1.239416302,1.541745611,2.115482005,0.09792644003
16.32500000,-0.2303096645,-0.0452243458,0.09606319876,0.221168768,0.4163238579,0.1800930286,-1.507727651,1.44324842,2.333478027,0.1036640116
16.33333333,-0.2295471627,-0.05835801336,0.1073934638,0.241190702,0.4173573679,-0.003783088836,-1.620498345,1.266780296,2.453342281,0.1527256295
16.34166667,-0.230484828,-0.07187460426,0.117071027,0.2617266772,0.419025966,-0.2282238069,-1.603911321,1.052369307,2.453833706,0.2581785027
16.35000000,-0.2334596445,-0.08479953994,0.1249038863,0.2817190331,0.4218477872,-0.4918304792,-1.482692346,0.8276082827,2.321536738,0.4308889901
16.35833333,-0.2387686156,-0.09636379873,0.1308753352,0.3000499563,0.4264060277,-0.786099598,-1.282092431,0.6071325544,2.056564648,0.6746892474
16.36666667,-0.2465985897,-0.1060274723,0.1350500057,0.3156751454,0.4332641198,-1.093765218,-1.031274206,0.3966182188,1.677156667,0.9795910835
16.37500000,-0.2569761043,-0.1134961594,0.1375199617,0.3277908344,0.4428203981,-1.39359344,-0.7602647442,0.1979594546,1.222031939,1.315985748
16.38333333,-0.2697443678,-0.1187185028,0.1383772853,0.3359795594,0.4551658591,-1.664232306,-0.4966201971,0.009640875624,0.7440114818,1.641184791
16.39166667,-0.2845804652,-0.1218614765,0.1377103557,0.3402654683,0.4700263849,-1.887720471,-0.2640632377,-0.1680304321,0.2926660958,1.913566457
16.40000000,-0.3010512485,-0.1232410231,0.1356017046,0.3410313562,0.4868343186,-2.055769341,-0.07481378339,-0.336571047,-0.09648992989,2.105465088
16.40833333,-0.3186852642,-0.1232425326,0.1321267235,0.338874509,0.5048646292,-2.167157431,0.06638740226,-0.4957691878,-0.4080743853,2.206912294
16.41666667,-0.3370202035,-0.1222689652,0.1273681751,0.3344423131,0.5233779873,-2.224808202,0.1595064537,-0.6443083298,-0.6436178847,2.222908381
16.42500000,-0.3556323834,-0.1207121553,0.1214266209,0.3283313766,0.5417093782,-2.234856645,0.2069281792,-0.7791462906,-0.8129177678,2.165471839
16.43333333,-0.3741522251,-0.1189370489,0.1144272083,0.3210442756,0.5593023719,-2.203672856,0.2126470156,-0.8978556518,-0.9279648023,2.047924041
16.44166667,-0.39226266,-0.1172734774,0.1065150162,0.3129829543,0.5757099099,-2.137599661,0.18047341,-0.9974208747,-1.000489236,1.882826896
16.45000000,-0.4096961329,-0.1160282656,0.09786686567,0.304460226,0.5905796654,-2.041927774,0.1128497726,-1.074230873,-1.040151243,1.68039521
16.45833333,-0.426226848,-0.1154815158,0.08868124141,0.2957162152,0.6036361677,-1.921580185,0.01293536477,-1.125711049,-1.054731808,1.448831866
16.46666667,-0.4416645475,-0.1158956463,0.07918159471,0.2869333573,0.6146649627,-1.78036411,-0.1168397805,-1.149676396,-1.050401899,1.194785371
16.47500000,-0.4558512848,-0.1175036837,0.06959882755,0.2782504175,0.6235006006,-1.621751388,-0.2733794421,-1.145446287,-1.031425026,0.9233316775
16.48333333,-0.468657728,-0.1205097402,0.0601645848,0.2697742465,0.6300181502,-1.450262517,-0.4506088185,-1.114707528,-1.001138781,0.6390037874
16.49166667,-0.4799986227,-0.1250501545,0.0510833015,0.26158643,0.6341290055,-1.270210553,-0.6410010752,-1.06125816,-0.9631395906,0.3469927326
16.50000000,-0.4898070807,-0.1312146854,0.04252630047,0.2537344185,0.6357942254,-1.082665307,-0.8391329497,-0.990091309,-0.920606017,0.052385837
16.50833333,-0.498025343,-0.139035402,0.03460958092,0.2462551957,0.6350001485,-0.8887559773,-1.037142678,-0.9089287162,-0.8736799669,-0.2429213711
16.51666667,-0.5046053134,-0.1484774584,0.02738268157,0.2391851307,0.6317489324,-0.6896713938,-1.226902573,-0.8258908464,-0.8224199849,-0.5370061005
16.52500000,-0.5095088815,-0.1594388262,0.02082793337,0.2325598958,0.6260587879,-0.4866333866,-1.400502933,-0.7488702587,-0.7669573723,-0.8279445144
16.53333333,-0.512708934,-0.1717575157,0.01486932081,0.2264128678,0.6179638523,-0.2813428199,-1.551725664,-0.6833935963,-0.7077669834,-1.113851997
16.54166667,-0.514207884,-0.1852142914,0.009394496786,0.2207722312,0.6075135952,-0.07931317714,-1.672127325,-0.6335140517,-0.6455430316,-1.392915757
16.55000000,-0.5140496226,-0.1995255753,0.004259938977,0.2156598513,0.5947726829,0.1158961912,-1.756535911,-0.6016030055,-0.5811580793,-1.663312249
16.55833333,-0.5123068032,-0.2143822295,-0.0006796707449,0.2110890761,0.579820453,0.3002678059,-1.802287237,-0.5867917808,-0.5157701327,-1.92336471
16.56666667,-0.5090857478,-0.229449968,-0.005563227042,0.2070622406,0.5627498705,0.4698141672,-1.807016176,-0.5874550628,-0.4508970873,-2.1714552
16.57500000,-0.5045317088,-0.2443791752,-0.01050517698,0.203566024,0.5436691685,0.6193104866,-1.768359991,-0.6005668931,-0.3893831797,-2.404799441
16.58333333,-0.4988360793,-0.2587943488,-0.01559883145,0.2005452749,0.5227301566,0.7428058545,-1.683489543,-0.6230994712,-0.3374624701,-2.616688233
16.59166667,-0.4922423354,-0.2723006607,-0.0209062141,0.1979042054,0.5001281239,0.8336405493,-1.549429198,-0.6513987928,-0.2991474499,-2.803079248
16.60000000,-0.4850529012,-0.2844694741,-0.02646296074,0.1955082873,0.4760957512,0.8846261636,-1.361995808,-0.6822859567,-0.2794513591,-2.959175938
16.60833333,-0.4776270179,-0.2948470993,-0.03227268639,0.193178695,0.4509089069,0.8892951737,-1.119126189,-0.7114974154,-0.2842320662,-3.079142911
16.61666667,-0.4703724284,-0.3029652729,-0.03830801926,0.1906839058,0.4248969244,0.8431796448,-0.8200216479,-0.7359361709,-0.3203137344,-3.155925003
16.62500000,-0.4637122483,-0.3083717094,-0.04451700047,0.1877309558,0.3984539182,0.7471708596,-0.4695463127,-0.7527258396,-0.3956206675,-3.181010248
16.63333333,-0.4580378378,-0.3106813263,-0.05082622098,0.1839591099,0.3720502235,0.6086101055,-0.07960893516,-0.7597472252,-0.5182017903,-3.144726058
16.64166667,-0.4536477626,-0.3096423093,-0.05714713324,0.1789426458,0.3462386768,0.4420574097,0.3299833399,-0.7550363114,-0.6953984957,-3.037502182
16.65000000,-0.4506874174,-0.3052073019,-0.06336790481,0.1722013789,0.3216451856,0.269262441,0.7304927308,-0.7352319563,-0.9324596274,-2.851613716
16.65833333,-0.4491158134,-0.2975718191,-0.06935319544,0.1632445215,0.2989297094,0.1123074625,1.093250491,-0.6980086558,-1.225836822,-2.587464253
16.66666667,-0.4487258936,-0.2871617447,-0.07494403673,0.1516568434,0.2787088201,-0.01227385725,1.393009518,-0.6404287293,-1.559852084,-2.255866421
16.67500000,-0.4492025801,-0.2745841956,-0.07996422904,0.1372196304,0.2614518338,-0.09494467319,1.611029959,-0.5605232794,-1.903248233,-1.881571806
16.68333333,-0.4501862909,-0.2605742405,-0.08421468973,0.1200255926,0.2473713515,-0.1342248914,1.735141508,-0.4555127965,-2.214063568,-1.499317774
16.69166667,-0.4513280464,-0.245948664,-0.08748584916,0.1005308915,0.2363924397,-0.1337025774,1.757688084,-0.3255407554,-2.44891558,-1.14185976
16.70000000,-0.4523195431,-0.2315718812,-0.08958517959,0.07951929389,0.2282108271,-0.09936771633,1.675349035,-0.1757863045,-2.572991287,-0.8304849447
16.70833333,-0.4529099551,-0.2183138625,-0.09039533035,0.05802660054,0.2223989222,-0.03861948555,1.490005237,-0.01932368351,-2.56081443,-0.5733964294
16.71666667,-0.4529105079,-0.207001942,-0.08995898289,0.03727580281,0.2185090673,0.0412287976,1.210378987,0.1179229002,-2.391960117,-0.368122455
16.72500000,-0.4521884579,-0.1983541818,-0.08858728556,0.0186411411,0.2161433242,0.1335441959,0.8546091504,0.1981032455,-2.050545994,-0.206014799
16.73333333,-0.4506671362,-0.1928969704,-0.08692941711,0.003602411654,0.2149848202,0.2321880125,0.4490029112,0.1813096803,-1.529310092,-0.0765274884
16.74166667,-0.4483162202,-0.190930892,-0.08588518487,-0.006393627783,0.2148046849,0.3317035881,0.02158552962,0.05132137748,-0.8467919201,0.0305559702
16.75000000,-0.4451520416,-0.1925244655,-0.08630395472,-0.01023947408,0.2154608894,0.426432498,-0.4014276848,-0.1599330371,-0.0678671863,0.1256460121
16.75833333,-0.441237831,-0.1975502935,-0.08856401654,-0.007542217503,0.2168896313,0.5107858756,-0.7989324555,-0.3761793188,0.7050493269,0.2174400586
16.76666667,-0.436687503,-0.205715278,-0.09237111287,0.001214638072,0.2190996226,0.5776736482,-1.151783287,-0.5209058678,1.372818141,0.3144856001
16.77500000,-0.4316796168,-0.2165711331,-0.09694725057,0.01488892483,0.2221669766,0.6191445837,-1.441015219,-0.559623867,1.880033224,0.4246856166
16.78333333,-0.4264664021,-0.2294972943,-0.1014315202,0.03207064673,0.2262378681,0.6252511939,-1.645618783,-0.5027952361,2.215854255,0.5563837786
16.79166667,-0.4213883753,-0.2437083125,-0.1051475813,0.05138023115,0.2315209163,0.5845677273,-1.746403711,-0.3806602526,2.393880277,0.7167199331
16.80000000,-0.4168889243,-0.2582716362,-0.1076810903,0.07158745046,0.2382790252,0.4843110195,-1.728060837,-0.2234985097,2.434783066,0.9111222064
16.80833333,-0.4135119566,-0.2721520575,-0.108839111,0.0916361697,0.2468070211,0.313928208,-1.581897166,-0.05352181192,2.359243686,1.141453957
16.81666667,-0.4118619998,-0.2842880211,-0.1085751693,0.1106467017,0.2573912939,0.07006441136,-1.310972841,0.1163762682,2.189216801,1.403500459
16.82500000,-0.412520849,-0.2937081312,-0.1069153973,0.1279305344,0.2702535148,-0.2370864319,-0.9346256487,0.2808735341,1.949629836,1.685118269
16.83333333,-0.4159097286,-0.2996806395,-0.1039133393,0.1430280976,0.2854785836,-0.5785936186,-0.4918323774,0.438382633,1.669454469,1.967229677
16.84166667,-0.4221434634,-0.301859651,-0.09962948736,0.155721511,0.3029817597,-0.9126786622,-0.03273369416,0.5885520981,1.37713704,2.228412568
16.85000000,-0.4309843365,-0.300321976,-0.09412294664,0.1660188267,0.3225074046,-1.198130736,0.3926783828,0.7319146478,1.09842203,2.44956283
16.85833333,-0.4419019617,-0.2955013996,-0.08744957855,0.1741174609,0.3436587965,-1.408378998,0.7515524291,0.868538023,0.8515609337,2.617209835
16.86666667,-0.4542222758,-0.2880200331,-0.07966736752,0.1803298676,0.3659601393,-1.534410183,1.030285126,0.9979025454,0.6466958015,2.72518768
16.87500000,-0.4672538941,-0.2785487113,-0.07084138874,0.1850193828,0.3889155927,-1.580812161,1.230443121,1.118810892,0.4861120399,2.774679531
16.88333333,-0.4803783705,-0.2677058531,-0.06104850006,0.1885516641,0.4120536071,-1.558762977,1.361308725,1.229507038,0.368609314,2.769948047
16.89166667,-0.4930804251,-0.2560178792,-0.0503883172,0.1912759893,0.4349489109,-1.481492295,1.43525062,1.326374071,0.2917753522,2.717451208
16.90000000,-0.5049490615,-0.243911298,-0.0389886132,0.1935170137,0.4572298897,-1.360617331,1.463657866,1.40657211,0.25179438,2.623679994
16.90833333,-0.5156634094,-0.2317220789,-0.02700278676,0.1955682377,0.4785781961,-1.205894901,1.456584604,1.466125032,0.2460163695,2.494629037
16.91666667,-0.5249750072,-0.2197100551,-0.01462146884,0.1977060862,0.4987236271,-1.025103,1.422383479,1.501115541,0.2720720956,2.335715415
16.92500000,-0.5326935123,-0.2080723735,-0.002063732478,0.2001868447,0.5174378633,-0.8243719405,1.367622977,1.507732767,0.3282924745,2.151823033
16.93333333,-0.5386735277,-0.1969586619,0.01042387754,0.2032549927,0.5345282686,-0.6087017641,1.297464276,1.484114529,0.412454475,1.946755356
16.94166667,-0.5428084105,-0.1864794062,0.02258230284,0.2071332218,0.549835965,-0.3826392765,1.216377474,1.428726011,0.5222778218,1.724457377
16.95000000,-0.5450429787,-0.1766973967,0.03415431883,0.2120178357,0.5632294221,-0.1533558548,1.130714965,1.343782361,0.653232942,1.487830406
16.95833333,-0.5453613496,-0.1676431656,0.04490377581,0.2180644341,0.5746043467,0.07700481795,1.041803591,1.23214024,0.799805305,1.240801523
16.96666667,-0.5437606254,-0.1593415429,0.05463463196,0.2253682037,0.5838891599,0.3069839084,0.9501123017,1.100661928,0.9536539448,0.9864684077
16.97500000,-0.54025005,-0.1518163154,0.06321731967,0.2339564319,0.5910296654,0.5351279285,0.8554574494,0.9580606423,1.106683156,0.7264441095
16.98333333,-0.534850923,-0.1450917791,0.07059566131,0.2437866612,0.5959862752,0.7599978662,0.7579707744,0.8130588261,1.25009827,0.4629092866
16.99166667,-0.5275964528,-0.1391908937,0.07678581037,0.2547352267,0.5987469291,0.9801808896,0.6578158719,0.6743189178,1.373411724,0.2000370074
17.00000000,-0.5185312678,-0.1341347985,0.08187307871,0.266596629,0.5993308986,1.194349485,0.5552864745,0.5493839827,1.46798957,-0.05899353922
17.00833333,-0.5077110052,-0.1299412547,0.08598954834,0.2791088602,0.5977836518,1.4011914,0.4509197381,0.4416556001,1.528852766,-0.3107284754
17.01666667,-0.4952017684,-0.126622389,0.08928955898,0.291968796,0.5941840387,1.59951327,0.3455116162,0.3537082184,1.550804632,-0.5509858209
17.02500000,-0.4810793633,-0.124182817,0.09193636797,0.3048412577,0.5886457045,1.788152243,0.2400745392,0.2846214338,1.531383092,-0.775062427
17.03333333,-0.4654290149,-0.122618048,0.09408430352,0.3173665211,0.5813257259,1.966071302,0.1357766862,0.2335836605,1.466964881,-0.9775538801
17.04166667,-0.4483494529,-0.1219075102,0.09586900477,0.3291604464,0.5724305043,2.129779148,0.03644534246,0.1969464762,1.355283759,-1.151943344
17.05000000,-0.4299917874,-0.1219764329,0.09739930219,0.3398122777,0.562224508,2.272300224,-0.05065996221,0.171834397,1.192334483,-1.290849085
17.05833333,-0.4105487109,-0.1227044038,0.0987520752,0.3488824248,0.5510371721,2.389458555,-0.1208370368,0.1537500223,0.9750471836,-1.386155627
17.06666667,-0.3902497161,-0.12393002,0.09997289774,0.3559011644,0.539263863,2.476729302,-0.1690374254,0.1396463823,0.6994107258,-1.43024911
17.07500000,-0.3693688759,-0.1254440121,0.1010815498,0.3603736572,0.5273571513,2.528084014,-0.1890003849,0.1262588685,0.3642725956,-1.417741204
17.08333333,-0.3482338128,-0.1269826711,0.1020691131,0.3618175868,0.5157959777,2.536387895,-0.1736777913,0.1100147344,-0.02608327583,-1.347763176
17.09166667,-0.3272376903,-0.1282200355,0.1028989269,0.3598211919,0.5050333108,2.493389751,-0.1154737881,0.08788860993,-0.4585542593,-1.227981446
17.10000000,-0.3068462002,-0.1287653292,0.1035090973,0.3541210081,0.4954227184,2.389761846,-0.006398188081,0.05688054362,-0.9103593603,-1.074792069
17.10833333,-0.287597885,-0.1281701217,0.1038158992,0.3446752511,0.4871508749,2.217999366,0.1589355096,0.01469418921,-1.352526446,-0.9105544868
17.11666667,-0.2700794668,-0.1259565647,0.103716709,0.3316892389,0.4802131057,1.97439727,0.3815909437,-0.04109614882,-1.754777763,-0.7583806127
17.12500000,-0.2548784637,-0.1216749957,0.1030855599,0.3156209053,0.4744209665,1.663613526,0.6527139083,-0.113286624,-2.088500948,-0.6380438121
17.13333333,-0.2424891547,-0.1150065628,0.1017724027,0.2971281846,0.4694618965,1.303528087,0.9496778994,-0.205395941,-2.33397213,-0.5594258715
17.14166667,-0.2332160259,-0.105865086,0.09959778505,0.2770007767,0.4649756999,0.9210068761,1.239555113,-0.3202073311,-2.47936075,-0.5242365017
17.15000000,-0.2271104591,-0.09448408605,0.09637101698,0.2561051875,0.4606132427,0.5484653411,1.480474908,-0.4580976925,-2.517367455,-0.5287766441
17.15833333,-0.2239764434,-0.08143067197,0.09190842401,0.2353513,0.4560712035,0.2114214079,1.635027727,-0.6155145119,-2.445451272,-0.565983234
17.16666667,-0.2234456765,-0.0675601826,0.08609338713,0.2156442833,0.4511110988,-0.07490511614,1.672025971,-0.7796663147,-2.267042084,-0.6278090453
17.17500000,-0.2250756481,-0.05395575358,0.07896060236,0.197838194,0.445560791,-0.3074480666,1.567536441,-0.9263837143,-1.991450742,-0.7065897027
17.18333333,-0.2284341441,-0.04188188793,0.07080642275,0.1826717208,0.4393078244,-0.4910056643,1.30180955,-1.01774136,-1.637362046,-0.7952401205
17.19166667,-0.2331486452,-0.03274139314,0.06227599877,0.170692146,0.4322951665,-0.6344953536,0.8625916491,-1.009708151,-1.231605543,-0.8880562819
17.20000000,-0.2389275591,-0.02796495658,0.05432981678,0.1622098231,0.4245102141,-0.7483141516,0.2589959604,-0.8764032925,-0.8025146567,-0.9796655707
17.20833333,-0.2455634358,-0.02875036137,0.04797062139,0.1573112109,0.4159864103,-0.841748605,-0.4596092235,-0.6368871303,-0.3752259447,-1.064433443
17.21666667,-0.2529291105,-0.03567925195,0.04381194549,0.1559009622,0.406804368,-0.9250923349,-1.19730708,-0.363106357,0.03229982141,-1.136712327
17.22500000,-0.2609779042,-0.04846651934,0.04177421606,0.1577551334,0.397090845,-1.007187619,-1.850050586,-0.1402046187,0.4058169866,-1.191131011
17.23333333,-0.2697384942,-0.06607722114,0.04119011264,0.1625228912,0.3870217001,-1.097340355,-2.347836678,-0.01825800309,0.7286572489,-1.220659306
17.24166667,-0.279308537,-0.0871110869,0.04117740461,0.1697148809,0.376837445,-1.20272334,-2.671526073,-0.0001507973513,0.9843643917,-1.217097978
17.25000000,-0.2898471688,-0.1101465807,0.040975762,0.1786882657,0.3668566099,-1.330673448,-2.831545954,-0.0582799318,1.153413921,-1.170098087
17.25833333,-0.3015639834,-0.1339078481,0.04008583893,0.1886509314,0.3574869258,-1.486002088,-2.849625567,-0.1603745377,1.219458647,-1.068549697
17.26666667,-0.3146950606,-0.1573087687,0.03825152571,0.1986904887,0.3492331102,-1.67002272,-2.748776689,-0.2815183864,1.170296345,-0.9004376657
17.27500000,-0.3294646024,-0.1794572763,0.03538565788,0.2078252791,0.342685169,-1.878180961,-2.552815697,-0.4060406717,1.002670377,-0.6586579473
17.28333333,-0.3460353686,-0.1996614542,0.03149597154,0.2150995938,0.338452595,-2.09962823,-2.286882132,-0.5262577813,0.7264523091,-0.346312077
17.29166667,-0.3644472671,-0.2174551375,0.02663293428,0.2197043213,0.3370597859,-2.316963323,-1.979134563,-0.6394490574,0.3679607467,0.0184661296
17.30000000,-0.3845871926,-0.2326074264,0.02086216635,0.2211189092,0.3388106679,-2.51125233,-1.657012072,-0.7443612316,-0.03098906264,0.4012057011
17.30833333,-0.4061890019,-0.2450984436,0.0142444533,0.2192174349,0.3436779183,-2.665180162,-1.344249173,-0.8427717322,-0.4196689143,0.7594020628
17.31666667,-0.4288637124,-0.2550847961,0.006833562074,0.2142646901,0.3513038891,-2.76749423,-1.057908665,-0.934835326,-0.7580279001,1.058890904
17.32500000,-0.4521535376,-0.2628331069,-0.001319521058,0.2067880426,0.3611113933,-2.812638849,-0.8080071531,-1.020909778,-1.023123988,1.281360713
17.33333333,-0.4755836382,-0.2686624889,-0.01016432128,0.1974362987,0.372435094,-2.801539287,-0.5976040945,-1.100730017,-1.208277242,1.423428567
17.34166667,-0.4986999436,-0.2729023306,-0.01964461563,0.1868539239,0.3846354036,-2.738279961,-0.426179539,-1.173137915,-1.320092269,1.493578029
17.35000000,-0.5210919146,-0.2758710553,-0.02968769275,0.1756099897,0.3971590233,-2.628727602,-0.2922711907,-1.235210044,-1.368992514,1.503018627
17.35833333,-0.542400439,-0.2778708783,-0.04019449771,0.1641783942,0.4095507909,-2.479221398,-0.1931665086,-1.283965666,-1.367071854,1.463787601
17.36666667,-0.5623183309,-0.2791792758,-0.0510402905,0.1529348356,0.4214491679,-2.295847537,-0.1262641005,-1.315686024,-1.325540313,1.386068124
17.37500000,-0.5805866101,-0.2800615145,-0.06206157886,0.142169156,0.4325688269,-2.084201711,-0.09048389416,-1.325554886,-1.253804659,1.278128506
17.38333333,-0.5969891655,-0.2807695097,-0.07306293205,0.1321000139,0.4426861881,-1.848947712,-0.08442646864,-1.310030538,-1.15954436,1.146504063
17.39166667,-0.6113494313,-0.2815489409,-0.08381442263,0.1228891065,0.4516252948,-1.5945993,-0.1072531565,-1.265400229,-1.048862288,0.9962178423
17.40000000,-0.6235228118,-0.2826353913,-0.09406440772,0.1146506727,0.4592493959,-1.324822301,-0.1579725135,-1.189179807,-0.9270550503,0.8316989375
17.40833333,-0.633397632,-0.2842499562,-0.1035471117,0.1074456159,0.4654703941,-1.043457036,-0.233333143,-1.081566442,-0.8019861921,0.660614126
17.41666667,-0.640890134,-0.2865847824,-0.1120060534,0.1012855986,0.470248982,-0.7535844209,-0.3301352483,-0.9438979046,-0.6764189251,0.4856956502
17.42500000,-0.6459424006,-0.2897928774,-0.1192118761,0.0961726519,0.4735575952,-0.4583214221,-0.4415439108,-0.7821590866,-0.5506418485,0.3079956704
17.43333333,-0.6485225136,-0.2939604255,-0.1249977788,0.09210858433,0.4753774405,-0.1607865411,-0.5589041862,-0.6045129197,-0.4247322354,0.1285666914
17.44166667,-0.6486245242,-0.2990990899,-0.1292668559,0.08909361739,0.4756984899,0.1359020742,-0.673037026,-0.4196240898,-0.2988787065,-0.05154040475
17.45000000,-0.6462685745,-0.3051426499,-0.131996266,0.08712674746,0.474519467,0.4285945715,-0.7745528594,-0.2364387484,-0.1732156571,-0.2312754911
17.45833333,-0.6415015438,-0.3119481886,-0.1332356605,0.08620571339,0.4718478489,0.7139126966,-0.8543902549,-0.06335451657,-0.04790838931,-0.4095885796
17.46666667,-0.6344023752,-0.3192972239,-0.1331009081,0.08632657863,0.4676998443,0.9876553243,-0.9036493875,0.09226314148,0.07678112077,-0.5854346049
17.47500000,-0.6250834437,-0.3269101964,-0.1317559454,0.08748239594,0.4621003428,1.245820733,-0.9170512152,0.2268659809,0.2003813666,-0.7577755231
17.48333333,-0.6136968482,-0.3344664784,-0.1293844944,0.08966127878,0.4550828421,1.483103386,-0.8893547504,0.3384322627,0.322176868,-0.9255876517
17.49166667,-0.6004402509,-0.3416104079,-0.1261750921,0.0928443513,0.446689087,1.693510947,-0.8175359462,0.4282833668,0.4412089174,-1.087921642
17.50000000,-0.5855658849,-0.3479568643,-0.122303511,0.09700401421,0.4369684853,1.870050341,-0.6973739543,0.4978818755,0.5563586636,-1.243889024
17.50833333,-0.5693891235,-0.3530899866,-0.1179229332,0.1020969206,0.4259838189,2.004716301,-0.5255332517,0.5508605551,0.6637303565,-1.389840671
17.51666667,-0.5522953522,-0.356556522,-0.1131618378,0.1080238479,0.4138525154,2.088771284,-0.2968498856,0.5898895591,0.755941702,-1.518593833
17.52500000,-0.5347401053,-0.3578715148,-0.1081175493,0.1146411571,0.4007330042,2.114222188,-0.008701132677,0.6194434379,0.8285741759,-1.626235484
17.53333333,-0.517234838,-0.3565346883,-0.1028549054,0.1217655211,0.3868196667,2.076238603,0.3393532565,0.6428399752,0.8766210043,-1.708121566
17.54166667,-0.5003110181,-0.3520647425,-0.09741111653,0.1291680386,0.3723509004,1.975688145,0.7413252421,0.663520108,0.8943178464,-1.758521047
17.55000000,-0.4844542026,-0.344071719,-0.09179378048,0.1365685312,0.3576170099,1.822661959,1.181354413,0.685087584,0.8749164975,-1.770440684
17.55833333,-0.4700263704,-0.3323404179,-0.08598095334,0.1436268514,0.3429728516,1.636393234,1.633782998,0.7109476821,0.8111107616,-1.735711983
17.56666667,-0.4572007545,-0.3168978798,-0.07992482565,0.1499430626,0.3288426658,1.442829024,2.066274937,0.7439322098,0.6956464381,-1.645639888
17.57500000,-0.4459316576,-0.2980470357,-0.07355210242,0.1550609814,0.3157213358,1.266424488,2.446601677,0.7877723167,0.5229175074,-1.492561222
17.58333333,-0.4359923826,-0.2763420782,-0.06675585007,0.1584996854,0.3041497568,1.125834117,2.747891841,0.8459634399,0.2931625841,-1.273625879
17.59166667,-0.4270433376,-0.2525181334,-0.05940211174,0.159811898,0.2946648105,1.029351919,2.953075099,0.9221780689,0.01480087647,-0.9932750708
17.60000000,-0.4187149781,-0.2274180649,-0.05132426719,0.1586690027,0.2877219771,0.9763261363,3.053099034,1.020209628,-0.2912879024,-0.6672475536
17.60833333,-0.4106670154,-0.2019331565,-0.04233956453,0.1549743697,0.2836012576,0.9609029121,3.045188461,1.139581575,-0.5910733559,-0.3209273012
17.61666667,-0.402618571,-0.176962174,-0.03228139621,0.1489509155,0.2823428287,0.9750833882,2.930106508,1.276497677,-0.842918137,0.0147074806
17.62500000,-0.3943569163,-0.1533794144,-0.02105201491,0.1411692511,0.2837485581,1.010732168,2.713558814,1.417518698,-1.00678756,0.3150900973
17.63333333,-0.3857338939,-0.1319799269,-0.00872232225,0.1325169209,0.2874536456,1.060489689,2.409117625,1.53479979,-1.046565561,0.5652441703
17.64166667,-0.3766597257,-0.1134169826,0.004350204488,0.1241534282,0.2930201137,1.118180397,2.036865103,1.587663843,-0.9329082155,0.7620681948
17.65000000,-0.3670926326,-0.09814994834,0.0174278484,0.1174583971,0.3000200403,1.177821884,1.622211894,1.528711353,-0.6433528924,0.9106016718
17.65833333,-0.3570367469,-0.08643040609,0.02941846885,0.1139391977,0.3080873283,1.234790882,1.189225691,1.323599327,-0.1724453142,1.020086885
17.66666667,-0.3465321751,-0.07832726887,0.03909951203,0.1150007998,0.3169416255,1.284780277,0.7567887712,0.9810448913,0.4461480204,1.100988502
17.67500000,-0.3356551308,-0.07378354231,0.04557862691,0.1215428129,0.3263897121,1.323481424,0.336200561,0.5715240151,1.123997991,1.164610768
17.68333333,-0.3245168449,-0.0726742103,0.0487351459,0.133569457,0.3363328861,1.346645795,-0.06622145003,0.2002839945,1.743915493,1.221387575
17.69166667,-0.3132711472,-0.07480920187,0.04923779543,0.1501981274,0.3467528232,1.348325238,-0.4405616651,-0.05759981887,2.218225583,1.28069666
17.70000000,-0.3021209006,-0.07990103902,0.04814089758,0.1700407961,0.3577098756,1.322314139,-0.772773392,-0.1851579317,2.51425382,1.351351657
17.70833333,-0.2913321354,-0.0875214661,0.04644954973,0.1916301172,0.3693231829,1.260102166,-1.044521983,-0.2055829961,2.640325968,1.439342134
17.71666667,-0.281246215,-0.09708694164,0.04490701515,0.213643396,0.3817572703,1.151847612,-1.23591549,-0.1562577234,2.620957558,1.54848173
17.72500000,-0.2722948584,-0.107846327,0.04394419426,0.234986827,0.3951914267,0.9858598905,-1.328396598,-0.07130523466,2.484444276,1.678803051
17.73333333,-0.2650088667,-0.1189111106,0.04375162949,0.2548022014,0.4097808725,0.7504036242,-1.307663092,0.0258633862,2.258436291,1.824704211
17.74166667,-0.2600001818,-0.1293108918,0.04437166649,0.2724521174,0.4256181314,0.4390115583,-1.169154721,0.1221678214,1.969524041,1.975926061
17.75000000,-0.2578898053,-0.1380963221,0.04576863624,0.2875278734,0.4426867515,0.05705724823,-0.9232368551,0.2116459323,1.644917907,2.117639091
17.75833333,-0.2591859878,-0.1444794677,0.0478768297,0.2998406163,0.4608408194,-0.3734938005,-0.5989135071,0.2930487236,1.310282255,2.233816452
17.76666667,-0.2641427757,-0.1479836196,0.05063227101,0.3093937827,0.4798083124,-0.8140724399,-0.2408036205,0.3671911701,0.985320213,2.311281801
17.77500000,-0.2726580507,-0.1485435956,0.05398191697,0.3163292368,0.4992338394,-1.22059288,0.09967818884,0.4359346596,0.6842806965,2.342472156
17.78333333,-0.2842978893,-0.1464788129,0.05788606159,0.3208880943,0.5187116479,-1.559670715,0.3841278825,0.5004210742,0.4156683346,2.323845134
17.79166667,-0.2984168621,-0.1423558886,0.06231192058,0.3233556103,0.5378296987,-1.814497308,0.592039208,0.5611494929,0.1825632679,2.256604148
17.80000000,-0.3143066054,-0.1368295309,0.06722689294,0.3240299552,0.5561970174,-1.985783349,0.7217990864,0.6176463416,-0.01497309578,2.144595676
17.80833333,-0.331306772,-0.1305205295,0.07258839217,0.3232037468,0.5734619977,-2.082795616,0.7815921653,0.6677764647,-0.1777076196,1.993017048
17.81666667,-0.3488471376,-0.1239637688,0.07833038647,0.3211613519,0.5893194957,-2.117569108,0.7834908476,0.7084822374,-0.3071055828,1.807637455
17.82500000,-0.3664604972,-0.1175868177,0.08436165802,0.3181716239,0.6035112509,-2.10206672,0.7403921814,0.7365939545,-0.4052395676,1.594025923
17.83333333,-0.3837690935,-0.1117180128,0.09055741153,0.3144940093,0.6158229748,-2.045982157,0.6633368178,0.7470657344,-0.4722426932,1.357346651
17.84166667,-0.4004695368,-0.1065987975,0.09675293831,0.310385287,0.6260812612,-1.957197383,0.5618748676,0.7358845454,-0.5088366953,1.101909816
17.85000000,-0.4163157789,-0.1023992148,0.1027474254,0.3060992085,0.634148745,-1.841842046,0.4437396547,0.698100438,-0.5147588214,0.8322022999
17.85833333,-0.4311074422,-0.09923105701,0.1083068784,0.3018884802,0.6399209002,-1.704851513,0.3153305932,0.6309124647,-0.4907623456,0.5515752937
17.86666667,-0.4446818544,-0.09715709573,0.1131741605,0.298000084,0.6433217985,-1.551107146,0.1826098897,0.5320849745,-0.4380072407,0.2637260895
17.87500000,-0.4569341266,-0.09617775244,0.117090356,0.2946586956,0.6443052597,-1.388019192,0.05310873035,0.4027066795,-0.3598093884,-0.02810970883
17.88333333,-0.4677929472,-0.09626164049,0.1198105797,0.2920623651,0.6428505972,-1.216826545,-0.07264435194,0.2462509373,-0.26040835,-0.3209177524
17.89166667,-0.4771948577,-0.09737806041,0.1211402759,0.2903552099,0.6389624305,-1.03853858,-0.1946529743,0.07030577475,-0.1478451079,-0.61163588
17.90000000,-0.4850851494,-0.09949509912,0.1209514577,0.2896101083,0.6326711203,-0.8542062578,-0.3128004863,-0.1167344295,-0.03104168869,-0.897150343
17.90833333,-0.4914175927,-0.1025809839,0.1191901675,0.2898222943,0.6240331637,-0.6648261377,-0.4271989615,-0.3054867962,0.08024674003,-1.174298329
17.91666667,-0.4961546185,-0.1066050906,0.1158806768,0.2909051639,0.6131325251,-0.4714986437,-0.5379995658,-0.4868099299,0.1762243632,-1.439481645
17.92500000,-0.4992681696,-0.1115379932,0.1111212378,0.2926895281,0.600086535,-0.2753874711,-0.6453209834,-0.6521324665,0.2471051229,-1.688575526
17.93333333,-0.5007399492,-0.117350498,0.1050742608,0.2949316003,0.5850455616,-0.07767092622,-0.7490567857,-0.7953159907,0.2850611993,-1.917351237
17.94166667,-0.5005615312,-0.1240114331,0.09793421022,0.2973340438,0.5682018321,0.1204605424,-0.8488823105,-0.9138971267,0.2845497557,-2.120431379
17.95000000,-0.4987344631,-0.1314863307,0.08991416753,0.2995517405,0.5497943525,0.317803536,-0.9443058107,-1.006825612,0.2402506,-2.291564158
17.95833333,-0.4952703611,-0.139735652,0.08122315994,0.3012023467,0.5301183996,0.5131465661,-1.034606399,-1.07494621,0.1473693928,-2.423528163
17.96666667,-0.4901909387,-0.1487130078,0.07205926609,0.3018612531,0.5095343143,0.7052524233,-1.118842475,-1.12093393,0.001609796142,-2.5080842
17.97500000,-0.4835411462,-0.1583514437,0.06259585765,0.3010668858,0.4884734808,0.8885105333,-1.191838819,-1.147271089,-0.2022026746,-2.53657478
17.98333333,-0.4754225443,-0.1685309667,0.0529806032,0.298323048,0.4674353483,1.057192561,-1.24814551,-1.158129491,-0.466480143,-2.501498019
17.99166667,-0.4659744523,-0.1790952279,0.0433270717,0.2931270561,0.4469677641,1.206906862,-1.283476606,-1.157033206,-0.7902270471,-2.399421201
18.00000000,-0.4553742303,-0.1898495995,0.03371931892,0.2850086634,0.4276230439,1.332712618,-1.292810313,-1.147783863,-1.165552027,-2.233481183
18.00833333,-0.4438467509,-0.2005533154,0.02420938906,0.2736107407,0.4098823279,1.428274493,-1.270255981,-1.13421951,-1.573029296,-2.017779677
18.01666667,-0.4316745996,-0.2109132421,0.0148163131,0.2587815004,0.3940691892,1.486092301,-1.209109322,-1.120406731,-1.983863588,-1.775055449
18.02500000,-0.4192095022,-0.220574692,0.005525948938,0.2406288948,0.3802977333,1.497016877,-1.101282416,-1.110162309,-2.365239227,-1.532189546
18.03333333,-0.4068806398,-0.2291171958,-0.003707502222,0.2195307138,0.3684636166,1.451696328,-0.9392348887,-1.107662872,-2.685596297,-1.313907919
18.04166667,-0.3951946671,-0.2360608995,-0.01296791212,0.196101949,0.3582867337,1.341657925,-0.7169598936,-1.117117345,-2.921904277,-1.136151016
18.05000000,-0.3847107356,-0.2408972332,-0.02237315266,0.1711041212,0.3494000588,1.163167155,-0.4341217933,-1.143096613,-3.060786031,-1.004318173
18.05833333,-0.3759893894,-0.2431507388,-0.03207678544,0.1453761809,0.3414272096,0.920345787,-0.09989487103,-1.188974799,-3.096851605,-0.9158867915
18.06666667,-0.3695059336,-0.2424880227,-0.04224375483,0.1197780576,0.3340329704,0.6298896723,0.2604540086,-1.254119867,-3.029840477,-0.8640882889
18.07500000,-0.3655449663,-0.2388430333,-0.05302426673,0.09515936768,0.3269457237,0.3201118731,0.60838203,-1.334707093,-2.86258871,-0.8408332
18.08333333,-0.3641390122,-0.2325090231,-0.06449788206,0.07232922973,0.319960552,0.02164724801,0.8980663836,-1.417453764,-2.602234021,-0.8383772217
18.09166667,-0.3650786414,-0.2241669146,-0.0765867972,0.0520130303,0.3129339352,-0.2395858316,1.083175996,-1.476855206,-2.261949757,-0.8498990669
18.10000000,-0.367987741,-0.2148613429,-0.08893698271,0.03479480867,0.3057743453,-0.4495497163,1.122978392,-1.473042632,-1.862162047,-0.8693061872
18.10833333,-0.37242169,-0.2059476634,-0.1008297863,0.02108122136,0.2984356183,-0.6061219422,0.9846451464,-1.358950266,-1.424761699,-0.8922633033
18.11666667,-0.377959413,-0.1989939089,-0.1111676395,0.01109239182,0.2909047978,-0.7160200051,0.6519833206,-1.095438907,-0.9714644666,-0.9146496617
18.12500000,-0.3842570436,-0.1955676364,-0.1186662895,0.004890702065,0.2832041941,-0.7903201526,0.1459434107,-0.6826015105,-0.5177114911,-0.9324630377
18.13333333,-0.3910665246,-0.1968349563,-0.1222956653,0.002442411471,0.2753857682,-0.8410946775,-0.4568468225,-0.1822532888,-0.07161696295,-0.9422553191
18.14166667,-0.3982424709,-0.2031209283,-0.1217624507,0.003662933915,0.2675341194,-0.8800481644,-1.038252952,0.2975094535,0.3621962007,-0.939773203
18.15000000,-0.4057294451,-0.2137887072,-0.1176615511,0.008432740828,0.2597674007,-0.9172805521,-1.495310329,0.6623932102,0.7791333444,-0.9212088883
18.15833333,-0.4135481091,-0.227563692,-0.1111452547,0.01657066025,0.2522423541,-0.9609412757,-1.78131802,0.8768059068,1.168074959,-0.8806519331
18.16666667,-0.4217831634,-0.2430067344,-0.1034191443,0.02777626157,0.2451693461,-1.017969818,-1.899025723,0.9583779053,1.512090802,-0.8112580417
18.17500000,-0.4305563624,-0.2588223104,-0.09543317655,0.04158952271,0.2388266106,-1.090282118,-1.875694345,0.9462729658,1.789953286,-0.7036822878
18.18333333,-0.4399981366,-0.2739558895,-0.08779629917,0.05735609656,0.2335798524,-1.177929116,-1.740304387,0.880287349,1.977316566,-0.5461966704
18.19166667,-0.4502146525,-0.2876029676,-0.08082688933,0.0742375969,0.2298984122,-1.274903781,-1.523809672,0.7903526458,2.054264505,-0.3257680588
18.20000000,-0.4612495463,-0.2992012934,-0.07463954974,0.09124849074,0.2283587111,-1.372783093,-1.252739074,0.6948373339,2.006701281,-0.03050242344
18.20833333,-0.4730658051,-0.3083988163,-0.06923543332,0.1073265824,0.2296138297,-1.460380682,-0.9514403999,0.602908162,1.831553773,0.3447630556
18.21666667,-0.4855301725,-0.3150343813,-0.06457019885,0.1214625008,0.2342977401,-1.526760995,-0.6410459607,0.5177285488,1.54508759,0.7890004198
18.22500000,-0.4984264981,-0.3191038161,-0.06059372853,0.1328798555,0.2428657822,-1.56240229,-0.3382253223,0.4373617107,1.187449463,1.269633719
18.23333333,-0.5114652049,-0.3207310042,-0.0572686555,0.1412043419,0.2554272516,-1.560531228,-0.05638268059,0.3610623331,0.8122527493,1.739177975
18.24166667,-0.5243249454,-0.3201222586,-0.05457367557,0.146519773,0.2716905233,-1.519244216,0.1974522983,0.2857489202,0.4731738483,2.151151853
18.25000000,-0.5366785442,-0.3175277015,-0.05250714169,0.1492897084,0.2910343351,-1.439259413,0.4197434013,0.2101168021,0.2052660263,2.475239335
18.25833333,-0.5482148593,-0.3132155454,-0.05107284604,0.1501754726,0.3126725077,-1.323764054,0.6096951301,0.134124768,0.02113125491,2.702039039
18.26666667,-0.55865367,-0.3074553396,-0.05026952475,0.1498598284,0.3358178391,-1.176747051,0.7675520419,0.05896229301,-0.08468215957,2.838748171
18.27500000,-0.567752003,-0.3005108428,-0.05008025655,0.1489477755,0.3597695343,-1.002842744,0.8938943921,-0.01251260011,-0.1244845515,2.897984813
18.28333333,-0.5753057436,-0.2926445237,-0.05045575507,0.1479270376,0.3839419552,-0.8066611528,0.9888187599,-0.075942418,-0.1131144073,2.893883531
18.29166667,-0.5811479552,-0.2841136701,-0.05131266193,0.1471678353,0.4078577504,-0.5928472897,1.053604721,-0.1273625591,-0.06390437308,2.83831769
18.30000000,-0.5851470157,-0.2751718824,-0.05252890573,0.1469352355,0.4311312345,-0.3649563604,1.087242041,-0.1611347376,0.01156974619,2.741107495
18.30833333,-0.5872031268,-0.2660771417,-0.05393686568,0.1474079231,0.453447743,-0.1271035693,1.090379289,-0.1726866311,0.1039532566,2.609754755
18.31666667,-0.5872458858,-0.25708822,-0.05532964043,0.1486945182,0.4745478096,0.1177467993,1.0616985,-0.1567150459,0.2058380901,2.450000868
18.32500000,-0.5852310577,-0.2484664921,-0.05646514792,0.1508483435,0.49421545,0.3661375392,1.002338618,-0.1104087711,0.3113360847,2.266551965
18.33333333,-0.5811419644,-0.240466524,-0.05707875164,0.1538739243,0.5122763492,0.6151117143,0.9129890169,-0.03157483737,0.4135760617,2.065900852
18.34166667,-0.5749852884,-0.2333221105,-0.05690662792,0.1577196742,0.528612812,0.8618963352,0.79752983,0.07783308971,0.5081300851,1.852897946
18.35000000,-0.5667908631,-0.2272332728,-0.05570955569,0.1623233008,0.543126932,1.103693383,0.6609664927,0.2131371269,0.5955825473,1.62873222
18.35833333,-0.5566123935,-0.2223401975,-0.05330487143,0.1676267407,0.5557310934,1.337569141,0.5121208167,0.3662068068,0.6761031484,1.39475126
18.36666667,-0.5445283881,-0.2187048436,-0.0495823707,0.1735733263,0.5663492687,1.5605268,0.3607995475,0.5278010078,0.7500126587,1.152319452
18.37500000,-0.5306424119,-0.2163051639,-0.04451162607,0.180109687,0.5749170823,1.769413835,0.2173781095,0.6881510021,0.8177206373,0.9029277683
18.38333333,-0.5150889316,-0.2150288902,-0.03814371969,0.1871862722,0.5813831427,1.960092049,0.09295517262,0.8375327657,0.8797638139,0.648161414
18.39166667,-0.498034625,-0.2146756259,-0.03060800323,0.1947581914,0.5857092114,2.128823039,-0.002589144298,0.9672336732,0.9366799307,0.3895974751
18.40000000,-0.479684349,-0.2149719137,-0.0220896875,0.2027844314,0.5878704291,2.270377244,-0.06197806731,1.072789238,0.9888461692,0.1288722247
18.40833333,-0.460287253,-0.21558626,-0.01280605901,0.2112262083,0.5878556767,2.37893444,-0.07786846501,1.150666171,1.036412142,-0.1323584287
18.41666667,-0.4401461264,-0.2161353225,-0.002987868292,0.2200448869,0.5856676894,2.447730744,-0.0452803215,1.201042508,1.079256764,-0.3924245882
18.42500000,-0.4196244062,-0.2161891082,0.007136702946,0.2291995396,0.5813231638,2.468955264,0.04159450932,1.224759928,1.116916635,-0.6496038832
18.43333333,-0.3991514582,-0.2152786198,0.01735832729,0.2386331557,0.57486563,2.434712069,0.1871207828,1.224586959,1.145054532,-0.8981658704
18.44166667,-0.3792200158,-0.2128974082,0.02748903336,0.2482455513,0.5663916542,2.338184369,0.3944750592,1.203779702,1.159344485,-1.132962519
18.45000000,-0.3603620797,-0.208537575,0.0373754112,0.2579063436,0.5560342663,2.176981126,0.6614873967,1.166458149,1.156041563,-1.34942491
18.45833333,-0.3431065556,-0.2017278657,0.0468935984,0.2674518906,0.5439664414,1.955266935,0.980051904,1.116068499,1.130773966,-1.542433
18.46666667,-0.3279031393,-0.1921125596,0.05595206465,0.2766760748,0.5304095795,1.687719882,1.330742685,1.056864951,1.07785886,-1.705601563
18.47500000,-0.3150391958,-0.179540115,0.06449598717,0.2853202784,0.5156444359,1.398153271,1.684502684,0.993341795,0.9903270155,-1.830997713
18.48333333,-0.30458806,-0.1641175258,0.0725079389,0.2930625094,0.5000241024,1.113062993,2.009539475,0.9298367715,0.8599069716,-1.909125486
18.49166667,-0.2964070783,-0.1462096536,0.08000391105,0.2995071451,0.4839868633,0.8564936028,2.276756851,0.8703535508,0.6773636373,-1.929235467
18.50000000,-0.2901930608,-0.1263927289,0.08704052898,0.3041830221,0.4680617828,0.6426388348,2.465127121,0.8202216962,0.4342677679,-1.880597845
18.50833333,-0.2855631786,-0.1053751745,0.09370979885,0.3065666406,0.452855657,0.4763429749,2.563531296,0.7828374428,0.1272656952,-1.7557969
18.51666667,-0.2821277127,-0.08392893496,0.1001292808,0.3061413681,0.4390115117,0.3551146791,2.567766143,0.7606923427,-0.2376681007,-1.554930041
18.52500000,-0.279537173,-0.0628389301,0.1064331336,0.3024985989,0.4271163522,0.2724099444,2.478256419,0.7549426313,-0.6401695737,-1.291343411
18.53333333,-0.2775017694,-0.04287647177,0.1127441377,0.2954692665,0.4175940968,0.2206296313,2.297809684,0.7613602317,-1.043239541,-0.9905725151
18.54166667,-0.2757942526,-0.02477835309,0.1191263012,0.2852484358,0.410612102,0.1924824674,2.032145824,0.7694180068,-1.397063299,-0.6878239627
18.55000000,-0.2742445309,-0.009217302339,0.1255122374,0.272468317,0.4060458177,0.1817620473,1.691047589,0.7576152062,-1.64930396,-0.4150584555
18.55833333,-0.2727322255,0.003236353106,0.1316102741,0.2581700609,0.4035530388,0.1828751412,1.289245886,0.6939435908,-1.754826449,-0.1922755296
18.56666667,-0.2711752581,0.01215033258,0.1368277506,0.2437206166,0.402685191,0.1916138426,0.8445075544,0.5402896361,-1.681526987,-0.02492136207
18.57500000,-0.2695295519,0.01724406645,0.1402729876,0.2306855305,0.4029976994,0.2036387559,0.3753427202,0.2647656292,-1.415078543,0.09248968054
18.58333333,-0.2677811157,0.01838112322,0.1408906087,0.2206277395,0.4041163374,0.2157194734,-0.1029871788,-0.1346390192,-0.9738811732,0.1705843244
18.59166667,-0.2659432799,0.0155305575,0.1378253375,0.2147531443,0.4057650312,0.2245426474,-0.5803782774,-0.6060360638,-0.4264183484,0.2215728942
18.60000000,-0.2640570746,0.008729686027,0.1308523905,0.2135150465,0.4077698719,0.2266717225,-1.049904521,-1.055603721,0.1198547579,0.2581277389
18.60833333,-0.2621981202,-0.001921089557,0.1205352474,0.2164721834,0.4100556203,0.2171605474,-1.502579083,-1.397904333,0.5676875412,0.2904649428
18.61666667,-0.2604826932,-0.01623187773,0.1079524029,0.2225654059,0.4126208654,0.1911688909,-1.925470561,-1.59832801,0.8689837402,0.3262722474
18.62500000,-0.2590777751,-0.03387349587,0.09425302605,0.2305393773,0.415519058,0.1413526401,-2.298149364,-1.671140333,1.021165163,0.3713133348
18.63333333,-0.2582191356,-0.05432864771,0.08035304971,0.2392268482,0.4188450108,0.05821258698,-2.596858599,-1.652796909,1.044696724,0.4290350024
18.64166667,-0.2582340814,-0.07687964736,0.06685203113,0.2476724705,0.4227023562,-0.07063586578,-2.796860988,-1.581339854,0.9677480442,0.4984453876
18.65000000,-0.2595659908,-0.1006053734,0.05406565973,0.2551464317,0.4271777297,-0.2605660487,-2.875210851,-1.485238717,0.8153387516,0.5768392417
18.65833333,-0.2627894259,-0.1244166926,0.0421169302,0.261118035,0.4323262106,-0.5269541896,-2.815402979,-1.382209773,0.6109131848,0.6587334647
18.66666667,-0.2685894542,-0.1471280327,0.03102550954,0.2652439544,0.4381438,-0.879436717,-2.611868238,-1.280044561,0.3756957691,0.7359929473
18.67500000,-0.2776690209,-0.1675829273,0.02077391132,0.2673451224,0.4445555819,-1.311019006,-2.27835022,-1.180638067,0.1280000858,0.7998955198
18.68333333,-0.2905769049,-0.1848448966,0.01134509495,0.267380866,0.4514199773,-1.790977812,-1.853827611,-1.082351093,-0.1183236664,0.8437827764
18.69166667,-0.3075056041,-0.1983966926,0.002736617986,0.2654101982,0.4585472844,-2.266226943,-1.399332897,-0.9831990667,-0.3515014008,0.8620332332
18.70000000,-0.3281737886,-0.2082675046,-0.005029976545,0.2615813186,0.4657072493,-2.680077157,-0.9798642081,-0.8799074702,-0.5635254858,0.8515115601
18.70833333,-0.3518979144,-0.2149467301,-0.01191200751,0.2560907442,0.472655904,-2.995852572,-0.6380136724,-0.7707273384,-0.7497339293,0.8113625027
18.71666667,-0.3778037079,-0.21915772,-0.01785777827,0.2491624277,0.4791529303,-3.203512565,-0.3882516322,-0.6552548846,-0.9081826394,0.7433151892
18.72500000,-0.4050069822,-0.2216630693,-0.02281871795,0.241034121,0.4849741305,-3.309661641,-0.2265261953,-0.5346981009,-1.037770307,0.6497763412
18.73333333,-0.4327244304,-0.2231385779,-0.0267623778,0.2319481829,0.4899191279,-3.32956981,-0.1384917688,-0.4116002487,-1.138127662,0.5336759136
18.74166667,-0.4603063656,-0.2241308706,-0.02967937622,0.2221441536,0.4938167059,-3.279642203,-0.1079666964,-0.2889070991,-1.21002315,0.3987889707
18.75000000,-0.487229997,-0.2250547496,-0.03159501466,0.2118616345,0.4965235569,-3.173689169,-0.1196014725,-0.1724311866,-1.252906333,0.2486014668
18.75833333,-0.5130760928,-0.2262043382,-0.03258717686,0.20134424,0.4979254478,-3.022689591,-0.1600768388,-0.06817182192,-1.266422466,0.08604377361
18.76666667,-0.5375063456,-0.227772548,-0.03278242828,0.1908352194,0.4979335037,-2.835115492,-0.2184364609,0.01749625978,-1.250620353,-0.08533990997
18.77500000,-0.5602446795,-0.2298699306,-0.03236561399,0.1805854782,0.4964856529,-2.617506796,-0.2858487273,0.07801349263,-1.204297529,-0.2630044026
18.78333333,-0.5810631336,-0.2325438189,-0.03156575641,0.1708501531,0.4935400755,-2.375159398,-0.3559925257,0.1086025125,-1.126971764,-0.4442376376
18.79166667,-0.5997739562,-0.2357980645,-0.03064586119,0.1618857843,0.4890798248,-2.112792519,-0.4239884975,0.1065819643,-1.019580494,-0.6261453285
18.80000000,-0.6162398262,-0.2395859275,-0.0298867223,0.153938896,0.4831088644,-1.836980976,-0.4835140051,0.06991474218,-0.8831129362,-0.8064127609
18.80833333,-0.6303589518,-0.2438291839,-0.02957041916,0.1472353907,0.4756509131,-1.549881689,-0.5331827093,0.0007713492101,-0.7219359995,-0.9826080869
18.81666667,-0.6420447774,-0.2484454834,-0.02995397734,0.1419623762,0.4667504242,-1.253286204,-0.5733087475,-0.09681807422,-0.5409718512,-1.152194045
18.82500000,-0.6512259334,-0.2533613704,-0.03123782804,0.1382491222,0.4564730884,-0.9490861804,-0.6051684517,-0.2137394541,-0.349259705,-1.312629477
18.83333333,-0.6578471622,-0.2585103292,-0.03354287574,0.1361426426,0.4449057366,-0.6392302543,-0.6293706318,-0.3402110381,-0.1571562627,-1.46131889
18.84166667,-0.6618695278,-0.2638319662,-0.03690590442,0.135598141,0.4321609772,-0.3256886553,-0.6467666419,-0.4659230731,0.02362150118,-1.594554951
18.85000000,-0.663270627,-0.2692735142,-0.04127779543,0.1364740472,0.418381513,-0.01046255787,-0.658307945,-0.5807061785,0.1819783096,-1.709147817
18.85833333,-0.6620448278,-0.2747900067,-0.04652986938,0.1385378412,0.4037400121,0.3044324058,-0.6648884301,-0.6762164903,0.3072481149,-1.800577971
18.86666667,-0.6582032326,-0.2803432634,-0.05248213436,0.1414832963,0.3884487498,0.6169940313,-0.6672405381,-0.7479217942,0.3920432539,-1.864088245
18.87500000,-0.651773657,-0.2859004338,-0.05891880216,0.1449382468,0.3727647515,0.925213328,-0.6658936473,-0.7924765389,0.4287611957,-1.893833792
18.88333333,-0.6428060009,-0.2914272486,-0.06561463961,0.1484807542,0.3569970269,1.224971463,-0.6592383037,-0.8098936524,0.4118452514,-1.883031981
18.89166667,-0.6313963856,-0.2968638189,-0.07234581811,0.1516418683,0.3415114005,1.510729758,-0.6439641942,-0.8015933629,0.3368418337,-1.825019339
18.90000000,-0.6176772914,-0.302129362,-0.07890952501,0.1539239913,0.32672819,1.77842886,-0.6176403777,-0.7699397216,0.2002552453,-1.713523291
18.90833333,-0.6018187045,-0.3071185554,-0.08512334893,0.1548108746,0.3131095949,2.023370256,-0.5770347558,-0.7184604179,0.002781830591,-1.545441129
18.91666667,-0.584033835,-0.3116944272,-0.0908395662,0.1538206652,0.3011197586,2.239727735,-0.5176406621,-0.6510627637,-0.2487380362,-1.32355569
18.92500000,-0.5645889731,-0.3156774439,-0.09594026354,0.1505550737,0.2911703354,2.420472442,-0.4336511112,-0.5713915343,-0.5399367333,-1.058431766
18.93333333,-0.5438154899,-0.3188331219,-0.1003402629,0.1447728809,0.2835502183,2.556994678,-0.3176873607,-0.4836313432,-0.8482962097,-0.7681633516
18.94166667,-0.5221235517,-0.3208590311,-0.1039903524,0.1364505234,0.278369306,2.639043124,-0.1609523157,-0.3920650188,-1.144534403,-0.4772774291
18.95000000,-0.5000140232,-0.3213774875,-0.1068735002,0.1258087364,0.2755322884,2.655318264,0.04558223101,-0.300072171,-1.401122458,-0.2087343024
18.95833333,-0.4780829525,-0.3199365287,-0.1090010235,0.11327023,0.2747812791,2.594626409,0.3103569293,-0.2115738447,-1.596376805,0.02114381138
18.96666667,-0.4570029885,-0.3160344317,-0.11041914,0.09941060758,0.2757549839,2.450314736,0.6362537038,-0.1300432694,-1.71693165,0.2045902681
18.97500000,-0.4374693585,-0.3091841623,-0.1111966031,0.08488106932,0.2780607185,2.225129193,1.015242728,-0.05818925284,-1.756567294,0.3412958007
18.98333333,-0.4200970032,-0.299036924,-0.1114133692,0.07036422047,0.2813246821,1.935384744,1.422024702,0.004665316676,-1.713745745,0.4355713652
18.99166667,-0.4053105269,-0.2855155842,-0.1111389379,0.05654559081,0.2852195511,1.610691926,1.816677847,0.06050085557,-1.589210054,0.4938622792
19.00000000,-0.3932434493,-0.2689389324,-0.1104025515,0.0440976214,0.2894738656,1.289008902,2.146280575,0.1172453457,-1.385238041,0.5229019146
19.00833333,-0.3837289546,-0.2500654812,-0.1091431564,0.03366673961,0.2938705823,1.002113913,2.360563672,0.1888603724,-1.105823467,0.5288482923
19.01666667,-0.3763932941,-0.2300242236,-0.107158432,0.02585557133,0.2982404209,0.7677723052,2.421483632,0.2949727949,-0.7580251729,0.5174013087
19.02500000,-0.3707781017,-0.2101951021,-0.1040676358,0.02119619467,0.3024569153,0.5887577826,2.307318556,0.4581936042,-0.3514610819,0.4927310686
19.03333333,-0.366447233,-0.1920624836,-0.09931929916,0.02012660111,0.3064293873,0.4579193138,2.016246872,0.6938361109,0.1011568828,0.4595706393
19.04166667,-0.3630455415,-0.1770018102,-0.09232326027,0.02296871992,0.3101030151,0.363635157,1.578295063,0.9927841828,0.5852262764,0.4215922179
19.05000000,-0.3603179288,-0.1659899771,-0.08271763441,0.0299310337,0.3134525609,0.2939668099,1.057625204,1.310913032,1.087416195,0.3824071285
19.05833333,-0.3581088671,-0.1593698228,-0.07059361477,0.04109656081,0.3164836071,0.2377076702,0.538043629,1.586989125,1.590975622,0.3458722742
19.06666667,-0.3563428843,-0.1568178556,-0.05652384937,0.05639354403,0.3192399427,0.1862628479,0.09092517238,1.772229501,2.075172067,0.3174357588
19.07500000,-0.3550117209,-0.1575410137,-0.04134924067,0.07556027362,0.3218113785,0.1322890066,-0.2445349208,1.853278576,2.514868805,0.3026817935
19.08333333,-0.3541597555,-0.1605607024,-0.02587702583,0.09810394201,0.3243449972,0.07059191558,-0.4610680939,1.847850315,2.881352859,0.3098481136
19.09166667,-0.353864514,-0.164927114,-0.01070865782,0.1233052961,0.3270659816,-0.001582594285,-0.570424827,1.785524494,3.14834696,0.3497325276
19.10000000,-0.3542168338,-0.1698211527,0.003800060981,0.1502374933,0.3303029324,-0.08484596217,-0.5908128546,1.693393691,3.293373941,0.4363098271
19.10833333,-0.3553095288,-0.1745753619,0.01748278721,0.1778043519,0.3345164142,-0.1790172666,-0.5398644665,1.589644542,3.298059721,0.5870703854
19.11666667,-0.3572213365,-0.1786693731,0.03029034643,0.2047791796,0.3403123981,-0.2806548573,-0.4352945469,1.484356754,3.149921,0.8186272681
19.12500000,-0.359993174,-0.1817261008,0.04222446513,0.2298746309,0.3484124272,-0.3844436489,-0.2935119369,1.380069522,2.848191227,1.140482949
19.13333333,-0.3636173943,-0.1834988646,0.05328941722,0.251875097,0.3595487089,-0.4841390048,-0.1292951058,1.275424247,2.412423138,1.54356061
19.14166667,-0.3680324189,-0.183857106,0.063475725,0.2698405339,0.374260608,-0.5731351791,0.04382248054,1.168466868,1.890490387,1.989923102
19.15000000,-0.3731224631,-0.1827737556,0.07274578551,0.2833353091,0.392671282,-0.6453549757,0.2151496989,1.055108336,1.351183813,2.420983863
19.15833333,-0.3787329773,-0.1802997395,0.08103872596,0.2924948408,0.4144088749,-0.6974929827,0.3762520368,0.9336496303,0.8594773206,2.780328015
19.16666667,-0.3846803227,-0.176552103,0.08827793573,0.2979151868,0.4387086342,-0.7257871991,0.5199155315,0.8019283957,0.4583159933,3.032436877
19.17500000,-0.3907632744,-0.1716913482,0.094373155,0.3004170255,0.4646350776,-0.7300473055,0.6428971719,0.6591099737,0.1590516462,3.171443869
19.18333333,-0.3967804538,-0.1659034909,0.09923490832,0.3008293365,0.4912809444,-0.7103666608,0.742289082,0.506199074,-0.0456239979,3.207938029
19.19166667,-0.4025416778,-0.1593879232,0.1027882834,0.29987589,0.5178638578,-0.6686910168,0.817168146,0.3454454002,-0.1714555852,3.159353829
19.20000000,-0.4078709884,-0.1523527718,0.1049772972,0.2981448166,0.5437501581,-0.6072700425,0.867120601,0.1794021626,-0.2349665585,3.043424792
19.20833333,-0.4126131687,-0.1450067218,0.1057772135,0.2960894796,0.5684403154,-0.5281312448,0.8917221346,0.01300291467,-0.2517786203,2.874459069
19.21666667,-0.4166333283,-0.1375620478,0.1052128895,0.2940408822,0.5915415317,-0.434467505,0.8906051519,-0.1467131598,-0.2354214861,2.663737147
19.22500000,-0.4198192626,-0.130237022,0.1033693162,0.2922270306,0.6127434675,-0.3283013011,0.8630712504,-0.293011447,-0.1971236985,2.419867383
19.23333333,-0.4220790735,-0.123249145,0.1003848773,0.2907906853,0.6317989165,-0.2126665346,0.80943461,-0.4191359289,-0.1461502621,2.149472481
19.24166667,-0.4233430666,-0.1168225304,0.09645963912,0.2898045802,0.6485096808,-0.08960618615,0.7284830094,-0.5180203646,-0.09022278227,1.857949157
19.25000000,-0.4235572714,-0.1111846442,0.0918423631,0.2892835527,0.6627181717,0.03887790501,0.6199000282,-0.5841085763,-0.03574763381,1.549952139
19.25833333,-0.4226876717,-0.1065643663,0.086825904,0.289185763,0.674314504,0.1700965623,0.4847506154,-0.6138227953,0.0108593276,1.231707803
19.26666667,-0.4207206619,-0.1031768078,0.08171565655,0.2894404031,0.6832250409,0.301910913,0.3242741694,-0.6065036211,0.04870500345,0.9056964
19.27500000,-0.4176600799,-0.1012178319,0.07681431589,0.2899704569,0.68939364,0.4321896035,0.1428498692,-0.5643046576,0.0768365244,0.5739959956
19.28333333,-0.4135278668,-0.1008408639,0.07239868217,0.2906930852,0.6927817366,0.5587345886,-0.05442100226,-0.4907968865,0.09501208858,0.2387301916
19.29166667,-0.4083645112,-0.1021453482,0.06869673346,0.291531141,0.6933684797,0.6792371948,-0.25900271,-0.3947474733,0.1048372695,-0.09797433333
19.30000000,-0.4022329564,-0.1051470217,0.06585458895,0.2924200086,0.6911507618,0.7905484469,-0.4598386163,-0.2861033679,0.1073417148,-0.4339835454
19.30833333,-0.3952221299,-0.1097683228,0.06393531318,0.2933024073,0.6861433014,0.8898312645,-0.6459292864,-0.1749410823,0.1034543154,-0.7671560273
19.31666667,-0.3874449252,-0.1158406722,0.06291843065,0.294129456,0.6783786351,0.973657554,-0.8060357549,-0.07112015549,0.09424527561,-1.095358482
19.32500000,-0.3790488764,-0.1231018433,0.06270705988,0.2948615183,0.6679070014,1.037848327,-0.9302332567,0.01754997226,0.08084323018,-1.416485763
19.33333333,-0.3702161327,-0.1312229569,0.06315566091,0.2954675013,0.6547965166,1.077594407,-1.010920709,0.08633692136,0.06381059389,-1.727955322
19.34166667,-0.3611719257,-0.139808668,0.06408020105,0.2959072377,0.6391516905,1.087515448,-1.040902325,0.1317611104,0.04058340955,-2.023872713
19.35000000,-0.3521897663,-0.1484175149,0.06528592775,0.2961234888,0.6211190217,1.061725504,-1.015426934,0.1535494475,0.009916767991,-2.300358673
19.35833333,-0.3435905604,-0.1565693979,0.06657649101,0.2960454522,0.60087942,0.9947018666,-0.9310410815,0.1526717518,-0.03042559938,-2.552794996
19.36666667,-0.3357383194,-0.1637667899,0.06777300937,0.2955812319,0.578653163,0.8819033171,-0.7861070982,0.1311593393,-0.08348023002,-2.776110224
19.37500000,-0.3290224362,-0.1695091046,0.0687124776,0.2946073662,0.5547081366,0.7221730098,-0.5828642099,0.0917188876,-0.1536289879,-2.964130024
19.38333333,-0.3238175425,-0.1733461681,0.06926222752,0.2929573761,0.5293693489,0.520613847,-0.3307672594,0.03810112466,-0.2468726346,-3.109239588
19.39166667,-0.3204313827,-0.1749269757,0.06931684316,0.2904083595,0.5030310409,0.2883917428,-0.04475976475,-0.02654548152,-0.3707686667,-3.202397813
19.40000000,-0.3190458904,-0.1740602285,0.06879887185,0.2866677121,0.4761698088,0.04364901569,0.2526981187,-0.0987310158,-0.5343061023,-3.233021616
19.40833333,-0.3196848143,-0.1707501552,0.06765938117,0.2813672674,0.4493528057,-0.1942474842,0.5376520376,-0.175336242,-0.7463656685,-3.190012833
19.41666667,-0.322212304,-0.1651985415,0.06586840981,0.2740790318,0.4232327444,-0.4066629047,0.7869961931,-0.254832829,-1.011993897,-3.064487695
19.42500000,-0.3263560959,-0.1577844625,0.06341250436,0.2643556014,0.3985145437,-0.580865995,0.9822280429,-0.3343326362,-1.329609043,-2.854029193
19.43333333,-0.3317689254,-0.149010707,0.06029877335,0.2518088033,0.3758826318,-0.7107848408,1.112118512,-0.413119392,-1.685525841,-2.566424125
19.44166667,-0.3380780483,-0.1394508289,0.05652697681,0.2362491216,0.3558885186,-0.7964195291,1.170293931,-0.4922792287,-2.046516817,-2.225814808
19.45000000,-0.3449295959,-0.1297124349,0.05208447749,0.2178101359,0.3388395172,-0.8418389788,1.154551619,-0.5746212999,-2.368224421,-1.865854244
19.45833333,-0.352012006,-0.1204168427,0.04692563934,0.1970256029,0.3247447073,-0.8528280131,1.063813256,-0.6652482721,-2.601881496,-1.521902148
19.46666667,-0.359063388,-0.1121931566,0.04095123075,0.1748055176,0.3133587557,-0.8352552287,0.8970544826,-0.7718247138,-2.706851683,-1.218899443
19.47500000,-0.3658704096,-0.1056777169,0.03399683784,0.1523405588,0.3042846602,-0.7949804967,0.6537367355,-0.901369792,-2.658126705,-0.9676524942
19.48333333,-0.3722649999,-0.1015091269,0.02585849485,0.1309492213,0.2970899245,-0.7373214581,0.3343053572,-1.055757963,-2.449818806,-0.7668227353
19.49166667,-0.3781241655,-0.1003102144,0.01635372066,0.1119166522,0.291386237,-0.6671147632,-0.05819944195,-1.22681242,-2.096382129,-0.6080526612
19.50000000,-0.3833602838,-0.102663053,0.005431352389,0.09631090912,0.2868674859,-0.5885410702,-0.5162001534,-1.390663775,-1.635626598,-0.4806656602
19.50833333,-0.3879230481,-0.1090512011,-0.006710057592,0.08479911512,0.2833179399,-0.5063314387,-1.023241413,-1.513509283,-1.123748347,-0.3740416801
19.51666667,-0.3918032861,-0.1197748734,-0.01960220683,0.07755737042,0.2805995672,-0.425619488,-1.550889668,-1.568127607,-0.6201448227,-0.2795805981
19.52500000,-0.39503569,-0.1348526359,-0.03263301393,0.07430474811,0.2786466517,-0.3517513016,-2.061588285,-1.547478941,-0.1724947121,-0.1893413328
19.53333333,-0.3977053307,-0.1539687697,-0.04522607777,0.07445315934,0.2774471437,-0.2920241446,-2.512660606,-1.467340611,0.1934580591,-0.09797291757
19.54166667,-0.3999659183,-0.176455458,-0.0570019877,0.07728131076,0.2770281901,-0.2553521042,-2.864931212,-1.355756518,0.4704962247,-0.001466595797
19.55000000,-0.402058325,-0.2013613571,-0.06780237871,0.08205545146,0.2774451641,-0.2538442606,-3.089295491,-1.236708708,0.6614563939,0.1032046415
19.55833333,-0.4043380194,-0.2275369426,-0.07763055188,0.08808648973,0.2787774368,-0.3032206966,-3.167486394,-1.123634103,0.7738417124,0.2182823439
19.56666667,-0.4073029494,-0.2537185768,-0.0865575718,0.09476570459,0.2811106323,-0.4212991082,-3.089617484,-1.020336343,0.8188588416,0.3431801344
19.57500000,-0.4115959762,-0.2785831488,-0.09466161664,0.1015798807,0.284518325,-0.6241605716,-2.851198336,-0.9257495876,0.8081441214,0.4756821649
19.58333333,-0.4179639382,-0.3008081767,-0.1019991331,0.108110053,0.2890524282,-0.9190554506,-2.458708074,-0.835662656,0.7525878609,0.6130041654
19.59166667,-0.4271285564,-0.3192101242,-0.108588569,0.1140287638,0.2947356296,-1.290290045,-1.940867614,-0.7455183186,0.6634606876,0.7505042652
19.60000000,-0.4395583219,-0.332962584,-0.1144144646,0.1191074601,0.3015445106,-1.693533413,-1.353665549,-0.6517390894,0.5526173985,0.8821188005
19.60833333,-0.4552758672,-0.341776545,-0.119432138,0.12321091,0.3094038978,-2.069036023,-0.7678640042,-0.5510731289,0.4312901427,1.00172405
19.61666667,-0.4738142469,-0.3459420134,-0.123571418,0.1262898356,0.3181940807,-2.36366239,-0.2462273762,-0.4405109662,0.3079948167,1.10471483
19.62500000,-0.4943711401,-0.3461534646,-0.126741679,0.1283610851,0.3277557779,-2.551292415,0.1778465724,-0.3184702568,0.1908508572,1.186132065
19.63333333,-0.5160312049,-0.3432730627,-0.1288470689,0.1295072853,0.3378942705,-2.62988881,0.4962623388,-0.1847402649,0.08654183763,1.243098701
19.64166667,-0.5379371456,-0.3381516547,-0.1297868148,0.1298477703,0.3484048257,-2.613135594,0.7180367365,-0.03887582742,-0.00180148735,1.275116756
19.65000000,-0.5593689453,-0.3315297309,-0.1294658775,0.1295289096,0.3590763951,-2.519161705,0.8592505136,0.1174225098,-0.0716554162,1.282096
19.65833333,-0.5797559152,-0.3240108313,-0.1278071392,0.128708868,0.3697057603,-2.36497716,0.9355487466,0.281963751,-0.1216601034,1.26492128
19.66666667,-0.5986566084,-0.3160813079,-0.1247511421,0.1275563278,0.3800975766,-2.16448071,0.9600244776,0.4519702172,-0.1516559558,1.225655428
19.67500000,-0.6157321599,-0.3081191903,-0.1202757467,0.1262395734,0.3900768939,-1.928469902,0.9452952075,0.621393351,-0.1607244904,1.16615087
19.68333333,-0.6307218901,-0.3004045238,-0.1144161365,0.1249356881,0.3994850419,-1.66509728,0.9023618654,0.7830817388,-0.1487164544,1.089056539
19.69166667,-0.6434247905,-0.2931328813,-0.1072636839,0.1238195796,0.4081841107,-1.38058151,0.840409656,0.9306249812,-0.115621943,0.996232899
19.70000000,-0.6536869744,-0.2864282543,-0.09896638689,0.1230693306,0.4160521617,-1.080008849,0.767449649,1.056426432,-0.06077801816,0.8901805228
19.70833333,-0.6613998193,-0.2803467108,-0.08973512917,0.1228664816,0.4229908524,-0.7700307873,0.6924720119,1.153994266,0.01559620478,0.7734721534
19.71666667,-0.6665062483,-0.2748755666,-0.07982815636,0.1233907046,0.4289187803,-0.4548058192,0.621603696,1.217477396,0.1139976122,0.6479164685
19.72500000,-0.6689709054,-0.2699656053,-0.0695492579,0.1248253426,0.4337705942,-0.1363417324,0.5581976728,1.243129945,0.2335963221,0.5155751463
19.73333333,-0.6687753159,-0.2655498746,-0.05921649559,0.1273396442,0.4374992228,0.1833079992,0.5029972352,1.230366283,0.3729287174,0.3787468202
19.74166667,-0.6659182572,-0.2615569004,-0.04914449046,0.1310840397,0.440077318,0.502063147,0.4569196072,1.18119057,0.5277779537,0.2398614503
19.75000000,-0.660415869,-0.2579075815,-0.03962074594,0.1361634659,0.4414981948,0.8178407795,0.4203839986,1.099544783,0.6924969928,0.1014374197
19.75833333,-0.652301591,-0.254529063,-0.03088776273,0.1426333421,0.4417763625,1.128577799,0.3916951981,0.9929544408,0.8599526635,-0.03395387375
19.76666667,-0.6416257817,-0.2513595984,-0.0231159746,0.1504772642,0.4409479729,1.432279724,0.3700973334,0.8703790164,1.020653806,-0.1637034794
19.77500000,-0.628455267,-0.2483433881,-0.01639995846,0.1595978034,0.4390716021,1.726980808,0.3547495265,0.7411338044,1.164505325,-0.2847936608
19.78333333,-0.612872927,-0.2454329253,-0.01075647106,0.1698084776,0.4362370767,2.010824311,0.3444667825,0.6145458973,1.280655323,-0.3931406796
19.79166667,-0.5949768393,-0.2425930262,-0.006128309647,0.1808421024,0.4325643188,2.281825933,0.3377055596,0.498322512,1.36071577,-0.4850656736
19.80000000,-0.574895675,-0.2397858928,-0.002408145021,0.1923660092,0.4282111925,2.534019423,0.3373416375,0.3975093884,1.397048084,-0.5557085996
19.80833333,-0.5528078693,-0.2369472973,0.0005498552254,0.2039843797,0.4233773568,2.762787762,0.3455094135,0.3154678093,1.382787294,-0.5995807121
19.81666667,-0.5289273872,-0.2339968976,0.002902378396,0.215260452,0.4183085326,2.963541017,0.364557558,0.2524227509,1.314130981,-0.6112890503
19.82500000,-0.5035077809,-0.2308322304,0.004810398795,0.2257242518,0.4132935708,3.131159915,0.3976436989,0.2083702287,1.187711111,-0.5858494113
19.83333333,-0.4768503209,-0.2273183922,0.006421325811,0.2348944001,0.408659133,3.259440297,0.4492754066,0.1809348047,1.003628496,-0.5195172621
19.84166667,-0.4493137799,-0.2232768714,0.007869349047,0.2422967735,0.4047501538,3.340774929,0.5252793384,0.1690922398,0.7642797806,-0.4120364353
19.85000000,-0.4213260071,-0.218477535,0.009275961479,0.2475081797,0.4018900625,3.366180921,0.6323727444,0.1704460357,0.4798979249,-0.2689824589
19.85833333,-0.3933943404,-0.2126282225,0.01073988243,0.2502107396,0.4003380721,3.325560458,0.7786690525,0.1825101432,0.1653543734,-0.1005631178
19.86666667,-0.3661098494,-0.2053705996,0.0123418583,0.2502380755,0.4002393866,3.209488378,0.9713177497,0.2032622022,-0.1585176741,0.07696428941
19.87500000,-0.3401303377,-0.1963009442,0.01414713432,0.2476040305,0.4015983123,3.011736563,1.21347837,0.2312374592,-0.4697265464,0.2464211027
19.88333333,-0.3161367805,-0.185029349,0.0162167452,0.2425063091,0.4042783791,2.734310632,1.497346444,0.2665845386,-0.7461521424,0.3915164281
19.89166667,-0.2947450273,-0.1712792595,0.01860976391,0.2353092074,0.4080277199,2.390485576,1.803825064,0.3093575272,-0.9716753247,0.5019417429
19.90000000,-0.2764049153,-0.1550039535,0.02140424301,0.2264853351,0.4125305629,2.007402713,2.096471544,0.3630895744,-1.134971587,0.5720276804
19.90833333,-0.2613033305,-0.136500579,0.02470316569,0.2165851118,0.4174487633,1.618740359,2.331038297,0.4314745515,-1.229417192,0.6020261398
19.91666667,-0.2493557024,-0.1164369731,0.02865075196,0.2061992982,0.4224624482,1.255004612,2.46401829,0.5198549795,-1.25097072,0.595717489
19.92500000,-0.2402649084,-0.09580518218,0.03343534638,0.1959495918,0.4272906219,0.9350765486,2.463310833,0.6329400948,-1.195937495,0.5583002971
19.93333333,-0.2336331707,-0.07579706942,0.03926878933,0.1864921566,0.4316976706,0.664840397,2.313367509,0.7708073929,-1.059845048,0.4955211271
19.94166667,-0.2290564922,-0.0576548955,0.04632396228,0.1785247188,0.4354958631,0.4407339284,2.017866963,0.9231204966,-0.8375252272,0.4133152102
19.95000000,-0.226183835,-0.04250059475,0.05462337245,0.1727873148,0.4385463363,0.2543535569,1.60226175,1.063625121,-0.5238344174,0.3167868715
19.95833333,-0.2247408588,-0.03116161092,0.06391101662,0.170048821,0.4407515572,0.0958277602,1.110876638,1.153592696,-0.1187708006,0.2114709675
19.96666667,-0.2245315763,-0.02405120452,0.07360586056,0.1710318925,0.4420608423,-0.04306699118,0.5960672531,1.156697346,0.3661053024,0.102579864
19.97500000,-0.2254279915,-0.02115667396,0.0829069437,0.176291647,0.4424657984,-0.1707172533,0.1055903713,1.060048573,0.9006947976,-0.004650226854
19.98333333,-0.2273614547,-0.0221384818,0.09105647081,0.1860396849,0.4420051416,-0.2927934626,-0.3304641313,0.8860994667,1.433584984,-0.1038663532
19.99166667,-0.2303051254,-0.02647027145,0.09758063984,0.2000136972,0.4407783572,-0.413838544,-0.6969789574,0.6783398096,1.904931716,-0.1873356226
