frequency_Hz,amp_theta1_rad,amp_theta2_rad,amp_theta3_rad,amp_theta4_rad,amp_theta5_rad
0.00000000,0.004348421638,0.0004564105662,0.0005805501568,0.001590491653,0.004440594713
0.05000000,0.0131881467,0.0008193190948,0.0006658203868,0.001271682517,0.01348646358
0.10000000,0.002858647494,0.0005361954585,0.0005417268822,0.0003788424677,0.002940781311
0.15000000,0.00142918626,0.001818779235,0.0002951234026,0.003209640264,0.001962020773
0.20000000,0.004161171838,0.01074894476,0.0003653061374,0.01197431474,0.005906755311
0.25000000,0.004777609441,0.01254466576,0.0004623382583,0.01239163937,0.005172718688
0.30000000,0.001504462291,0.003444792569,0.0003672997674,0.003566506004,0.001985574203
0.35000000,0.002128388909,0.003608181671,0.003042776748,0.002745400283,0.001404264879
0.40000000,0.0042079507,0.008040266659,0.006235153762,0.006578586283,0.004217013934
0.45000000,0.00343176932,0.006984731321,0.003021164973,0.004228409885,0.003194452437
0.50000000,0.0009674525992,0.001419130804,0.0003504754034,0.0009425603751,0.0008563989472
0.55000000,0.003126180431,0.001795811503,0.002420864165,0.001670815581,0.002629560299
0.60000000,0.02329051532,0.009625857045,0.01881945164,0.01002300335,0.02291591915
0.65000000,0.03064889653,0.01257450134,0.0255036706,0.0132789251,0.03076539575
0.70000000,0.01053594951,0.003687341398,0.009308702281,0.005031392944,0.01094931629
0.75000000,0.01252053817,0.007243232266,0.006586702654,0.007360412506,0.01227066226
0.80000000,0.01488288661,0.008395410461,0.008429505658,0.00877486552,0.01468080363
0.85000000,0.01374494565,0.005796941976,0.01057321117,0.006114520521,0.01347758502
0.90000000,0.00898924527,0.005047536317,0.004726584223,0.004739673669,0.009188980268
0.95000000,0.001730713363,0.002150839256,0.002828374182,0.00189351326,0.001546019507
1.00000000,0.003984901595,0.001206707082,0.002343658687,0.0008165362182,0.003506756757
1.05000000,0.004361539236,0.002047598662,0.002206378417,0.0007848711352,0.004787369005
1.10000000,0.00301950134,0.002371474749,0.0007053011108,0.001782081097,0.004341643956
1.15000000,0.0003359768627,0.00215447615,0.0003809102161,0.0016886873,0.002644919847
1.20000000,0.003115964055,0.002520758733,0.001247161732,0.0006202590209,0.004487806596
1.25000000,0.005975116657,0.002338528685,0.0004411161679,0.002569751516,0.004658796242
1.30000000,0.007597811443,0.0007373362805,0.003504041494,0.006885129547,0.0005881604165
1.35000000,0.05794055117,0.06106042643,0.05972765016,0.0586006102,0.05987375044
1.40000000,0.1261326115,0.1314146881,0.1277740398,0.1261663104,0.1301404752
1.45000000,0.06763457537,0.07382096242,0.06828847982,0.06806193505,0.07272078436
1.50000000,0.002133495775,0.004676901925,0.0006808509226,0.00314733021,0.002919648308
1.55000000,0.001268498069,0.002444027855,0.0006294105047,0.00182430531,0.0008349599187
1.60000000,0.01177182327,0.01274098556,0.0003541360508,0.01239751674,0.01141855085
1.65000000,0.01518666655,0.01811621106,0.0006505847624,0.01790165237,0.01480169504
1.70000000,0.005984205253,0.006075210005,0.0004659028389,0.006261558482,0.006533926808
1.75000000,0.005777850681,0.001333156952,0.0002413874275,0.001890647734,0.005732147886
1.80000000,0.04809625189,0.02291509107,0.0006385407884,0.02229431597,0.04799690869
1.85000000,0.1692678114,0.07972299401,0.0005614948351,0.07878016317,0.1696729094
1.90000000,0.1356881647,0.06381207003,0.0007485506686,0.06358075717,0.1357885854
1.95000000,0.01799847998,0.007980757386,4.532279721e-05,0.008622458756,0.01733228886
2.00000000,0.002865934852,0.001539712061,0.001953652156,0.002124533096,0.002143909165
2.05000000,0.003900793995,0.004305638022,0.003029644568,0.002052105856,0.006503439496
2.10000000,0.003663569288,0.001485921634,0.001446332193,0.002481374598,0.004718721097
2.15000000,0.001278655172,0.0006455556888,0.0009830668938,0.0007990546076,0.001356859781
2.20000000,0.002774552986,0.00521634348,0.005075322819,0.005170100875,0.002364285331
2.25000000,0.008680131672,0.01882098952,0.02030040145,0.01897407472,0.007879423802
2.30000000,0.008459434097,0.01712377404,0.02072143266,0.01814439179,0.006540819532
2.35000000,0.003646774695,0.004408133313,0.004278575966,0.00477121333,0.002980327941
2.40000000,0.002477511199,0.003108080203,0.0005121865358,0.002968838596,0.002635835024
2.45000000,0.03220441828,0.01591752405,0.03457827456,0.01578786546,0.03257368645
2.50000000,0.06994909869,0.0344783557,0.07418408492,0.03439761555,0.0699386671
2.55000000,0.03936131991,0.01922502419,0.04194550617,0.01935453345,0.03935119644
2.60000000,0.007806576052,0.003846731918,0.008987821825,0.003714901861,0.008083827304
2.65000000,0.001337715112,0.001229053259,0.001281271066,0.001148711507,0.001824302725
2.70000000,0.0008508771532,0.0008656059617,0.001058796649,0.001059825627,0.0007560920492
2.75000000,0.0009447516038,0.0009360378502,0.001212586135,0.001039858999,0.0005564897259
2.80000000,0.001050484424,0.0005027770044,0.0008158100696,0.001047548479,0.0008774884523
2.85000000,0.001602165895,0.001398923969,0.002029970003,0.0007959345666,0.001527355021
2.90000000,0.001305698737,0.001402344349,0.001705976683,0.0009676234714,0.001146305744
2.95000000,0.0001823514103,0.0007550613142,0.0001677042189,0.001124568793,0.000404768052
3.00000000,0.001096595827,0.002483354871,0.0006729229307,0.002931077802,0.001436849106
3.05000000,0.001162286684,0.002549541014,0.001011496281,0.002992986511,0.002333701362
3.10000000,0.002620369806,0.00223123637,0.0009678126819,0.00184519017,0.002140817805
3.15000000,0.004337470772,0.00612727892,0.0003907998937,0.006058825024,0.004102025314
3.20000000,0.004343790373,0.007507471555,0.0002652749865,0.007251398574,0.00413574459
3.25000000,0.005893797535,0.01465349157,0.0003572191572,0.01451129435,0.005113754984
3.30000000,0.008920671713,0.02218741072,0.0001887449991,0.02172890805,0.008183550548
3.35000000,0.00328743937,0.009327513462,0.0004224981518,0.009061520341,0.00339348984
3.40000000,0.001156508667,0.004223271731,0.0003109570357,0.004639088094,0.001833995709
3.45000000,0.00119758055,0.002168332441,0.0002782937593,0.00240474626,0.00142875847
3.50000000,0.002168692886,0.003505130469,0.0004569360737,0.003571764443,0.001946381627
3.55000000,0.001283933613,0.001897541348,0.0005328405251,0.002226691425,0.001190229691
3.60000000,0.0007295398682,0.0005502502271,0.0003072842943,0.0001746344492,8.931299253e-05
3.65000000,0.001011944344,0.0009733285087,0.0003088813251,0.0006143389164,0.001084192468
3.70000000,0.006281742419,0.001147160266,0.0002283782749,0.001225921998,0.006473426187
3.75000000,0.008340004456,0.0006608445939,0.000802004461,0.0009258985043,0.007800576483
3.80000000,0.002473823006,0.001064726298,0.0007989683844,0.000908599955,0.002654313954
3.85000000,0.001230988622,0.002151078148,0.001311667555,0.001166538279,0.0007980466353
3.90000000,0.002888262197,0.005755910744,0.005261489062,0.004347064438,0.001987911242
3.95000000,0.002508171911,0.005268213914,0.00536209549,0.004299667899,0.001828751671
4.00000000,0.0005283075341,0.001295300859,0.002066223517,0.0009973519434,8.462962405e-05
4.05000000,0.0001693012194,0.002785127141,0.005662902989,0.002820747636,8.675709077e-05
4.10000000,0.001236587086,0.0151033219,0.02770630555,0.01535363145,0.001363498419
4.15000000,0.002152410539,0.0221052734,0.03973075691,0.02230324921,0.00233376537
4.20000000,0.001006178161,0.008253381237,0.01525722772,0.008308421307,0.001109717492
4.25000000,0.0003565295627,0.002384329154,0.00439268712,0.002275467516,0.0002841704751
4.30000000,0.003268619851,0.002887634642,0.001991584549,0.002623413895,0.003350744467
4.35000000,0.01273830445,0.008827859226,0.007922887037,0.008390279573,0.01277044652
4.40000000,0.01121945484,0.007765037429,0.006918327819,0.007261447799,0.01113337115
4.45000000,0.002810887578,0.001946341305,0.001624371166,0.002350861666,0.003124006951
4.50000000,0.0006023878629,0.001153926904,0.000450645836,0.001779711782,0.0008293617462
4.55000000,0.000779619749,0.002388388103,0.0006592770548,0.002999359832,0.001142868207
4.60000000,0.0008220356959,0.001329236592,0.001040544685,0.001709624387,0.000624249057
4.65000000,0.0001975136126,0.0001792225509,0.0004515137909,0.0006598901605,0.0004195221853
4.70000000,0.0006507589944,0.001239322316,0.000813600957,0.0006677266195,0.0004633590387
4.75000000,0.00185693716,0.0039504785,0.001196389784,0.004265521913,0.002231711183
4.80000000,0.001999994343,0.004207455576,0.0007522171023,0.004501736398,0.002099530716
4.85000000,0.000854900645,0.00174339757,0.0001262585652,0.001572673354,0.0006641433789
4.90000000,0.0008648375414,0.0007242001927,0.0001920434199,0.0006025686063,0.0005465903735
4.95000000,0.002045719482,0.002065363979,0.0004028145388,0.002397494677,0.002054255515
5.00000000,0.004287888095,0.004550616808,0.0003302412693,0.004914267724,0.004401053322
5.05000000,0.002348779666,0.002212029187,0.0002454687003,0.002617959411,0.002422901727
5.10000000,0.001775513049,0.003385867097,0.00031025249,0.002702421009,0.001515118593
5.15000000,0.002953247295,0.00699133917,0.0003765634586,0.006851007206,0.002954022651
5.20000000,0.001544639395,0.00387701016,0.0006066526533,0.003814885763,0.001579544739
5.25000000,0.0004043247459,0.001373840776,0.0004686218812,0.0008105052335,0.0001850486889
5.30000000,0.0003351840469,0.0008870260742,0.0006524152451,0.0009436804159,0.0005082505793
5.35000000,0.0003648292549,0.0001337760495,0.0006361838889,0.001048084754,0.0006407518672
5.40000000,0.0005365303204,0.0003856138359,0.0004849255023,0.001033810043,0.000653886285
5.45000000,0.0003598024397,1.022239462e-05,0.0006664942965,0.0001273368914,0.0003021234259
5.50000000,0.0003231487091,0.001013584592,0.001464260183,0.001069368336,0.000461322464
5.55000000,0.0007931096235,0.001959615511,0.003091411314,0.002022703163,0.0004214924466
5.60000000,0.0009680752178,0.001510092747,0.002107999383,0.001379548635,0.001177601733
5.65000000,0.0008798200914,0.001575216869,0.001577895776,0.001753172359,0.001155241699
5.70000000,0.0008038848916,0.001368767761,0.001219919915,0.001477905467,0.0009366483603
5.75000000,0.000395099996,0.0009050447075,0.001721338037,0.0005876693838,0.0005630720566
5.80000000,0.001110130658,0.001445954779,0.001467522694,0.001337017746,0.001107573288
5.85000000,0.000499951238,0.000570066062,0.0003196494603,0.0006075930765,0.0005077587655
5.90000000,0.0001450742288,0.0001778328736,0.0006582686027,0.0004384622335,0.0003928482982
5.95000000,0.0004992373823,0.004217018042,0.007535770239,0.004053339137,0.0002737908252
6.00000000,0.001024127218,0.009415239053,0.01688563208,0.009537967087,0.001028991546
6.05000000,0.0007138375849,0.005982137751,0.01082735446,0.006079676972,0.0006035713615
6.10000000,0.000197626968,0.001223303425,0.002348110738,0.001252518699,0.0001981616667
6.15000000,0.0002179586624,0.0007125452482,0.001256128073,0.001027096953,0.0003543098415
6.20000000,0.002258881921,0.001672340946,0.0007702377058,0.002364134862,0.002185887238
6.25000000,0.003115845446,0.002704508027,0.0006095306958,0.002891904871,0.002942804027
6.30000000,0.001380492998,0.001271955408,0.0002039523483,0.001103702245,0.001155487507
6.35000000,0.0005824247648,0.001054167004,9.978866823e-05,0.0004239256684,7.139356725e-05
6.40000000,0.0005033705888,0.001674636957,0.0002082747501,0.001285802234,0.0003123155783
6.45000000,0.0005884463216,0.001565144797,0.0003368356647,0.001076831977,0.0003927885519
6.50000000,0.0002952884602,0.0005446209374,0.0002393117435,0.0002425804663,0.0001599262931
6.55000000,0.000148566878,0.000139244661,0.0002161428792,0.0002200353631,0.0002629273247
6.60000000,0.0001556883432,0.0008327864616,0.0002205459037,0.0008454717134,0.0002043183728
6.65000000,0.000173872757,0.001226184663,0.0002461693144,0.001239102692,0.0001868881398
6.70000000,0.0001951600383,0.0004297339869,7.095656441e-05,0.0005596089898,0.0002254743981
6.75000000,0.0002897219731,0.0001202715574,0.0002000675544,0.0003769980539,0.0003171054067
6.80000000,0.0006784220554,0.0009079873463,0.0003408226586,0.0006524675151,0.0007041848177
6.85000000,0.002305121995,0.002988190951,0.000270383579,0.002901391672,0.002463409675
6.90000000,0.002179103705,0.002621465538,0.0001281367141,0.00256955426,0.002249174163
6.95000000,0.0007232878789,0.00079795372,0.0001077778652,0.0008774627599,0.0008958898291
7.00000000,0.0008989848396,0.001723005002,0.0003760676903,0.001706597905,0.0009452652816
7.05000000,0.0007300147065,0.00142991473,0.0005592883879,0.001372684397,0.000586335771
7.10000000,0.000273157926,0.0002230106822,0.0001660037612,0.0005045035152,0.0002698142233
7.15000000,9.490889681e-05,0.0001956740644,0.0003052590489,0.000350316373,0.0002513298923
7.20000000,0.0002958181708,0.0003163632439,0.0001903334664,0.0001033408502,0.0001442192873
7.25000000,0.0004766505485,0.0005623718604,0.000139363993,0.0004805436978,0.0004921848035
7.30000000,0.0005116806633,0.0005968067096,0.0002635465428,0.0005478744236,0.0005133766732
7.35000000,0.0002814546348,0.00014817999,0.0002978988071,8.766598389e-05,0.0002196756948
7.40000000,0.0001026622232,0.0004631659256,0.0009707177363,0.0005232748712,5.382893644e-05
7.45000000,0.0002219057818,0.0006080812476,0.001188982166,0.0007156376982,0.0001399855141
7.50000000,0.0003792957829,0.0004868301214,0.00038793749,0.0003590568217,0.0001925441443
7.55000000,0.000242153328,0.0005179214378,0.000513597326,0.000512789945,0.0002760931273
7.60000000,0.0004105311605,0.0002935107777,0.0005401667781,0.0003360441742,0.0003522071913
7.65000000,0.001101311305,0.001319246032,0.0009511825179,0.001420942014,0.00110653639
7.70000000,0.0006726235636,0.0008282706118,0.0004825621017,0.0009429370968,0.0006932457057
7.75000000,0.0001079512977,0.0001208418632,0.0001568227583,0.0001261751925,4.031745612e-05
7.80000000,4.079447202e-05,0.0006868834631,0.001082910815,0.0004825510696,0.0001607686
7.85000000,0.0003043812494,0.002608853058,0.004318800098,0.002438349095,0.0004551246655
7.90000000,0.0003121273086,0.002503502716,0.004235405511,0.002349942477,0.0003335388819
7.95000000,0.0001460116015,0.0006823477665,0.001174902487,0.00063332399,0.0001387719972
8.00000000,0.0001337257758,0.0004105264306,0.0005736123821,0.0002489648645,7.633142427e-05
8.05000000,0.0003082725336,0.0007375642752,0.000224682595,9.24825549e-05,0.0003360460293
8.10000000,0.0006364119795,0.001087536749,0.000308266871,0.0006262518299,0.0007545121182
8.15000000,0.0003855759128,0.0005657591039,0.0001857398537,0.0006211195802,0.0005119061801
8.20000000,7.716419893e-05,0.0002390763965,7.11301979e-05,0.0005227411701,0.0002609106101
8.25000000,4.319584117e-05,0.0001845670217,7.09574633e-05,0.0003031604867,3.383963117e-05
8.30000000,0.0001228895736,0.0002223422196,3.646554132e-05,0.0003396646419,7.028311172e-05
8.35000000,8.273594042e-05,5.667229737e-05,2.087943376e-05,9.06990485e-05,7.691071979e-05
8.40000000,5.476008108e-05,0.0001076103054,0.0001121803885,0.0001368349716,7.337990799e-05
8.45000000,0.0002474737058,0.0004409873898,0.0001417011419,0.0005312864636,0.0002266901266
8.50000000,0.00045410177,0.001214873293,0.0001218620317,0.001298338588,0.0004255057414
8.55000000,0.0003164244991,0.0008568066121,6.661303786e-05,0.0009269817356,0.0003030678336
8.60000000,0.0001224602819,0.0002740824657,5.755970867e-05,0.0003230854456,0.0001196478334
8.65000000,0.0001546132673,2.699849408e-05,0.0002695481818,0.0002214059972,6.942465957e-05
8.70000000,0.000731382205,0.0007631949378,0.0003817347482,0.00106898487,0.0006432955037
8.75000000,0.001064946061,0.001310500557,8.659668343e-05,0.001313587942,0.0009700253079
8.80000000,0.0005472391807,0.0006754041342,0.0001616013413,0.0005932508332,0.0004578229843
8.85000000,0.0003653561337,0.0005020753458,0.0001208719884,0.0003726156185,0.0002535342262
8.90000000,0.0001919666808,0.000412748894,0.0003419328554,0.0003258259761,0.0002265835493
8.95000000,0.0001133292387,0.0003254360239,0.0003646223256,0.0001746563214,0.0001159139134
9.00000000,7.133458169e-05,0.0002335782026,0.0002303316798,3.65435268e-05,3.036479736e-05
9.05000000,5.26918391e-05,0.0001009676047,0.0001302235114,9.979551871e-05,5.249791283e-05
9.10000000,6.70571198e-05,9.536501927e-05,9.629458162e-05,0.0001030806926,7.660991036e-05
9.15000000,0.0001275071106,0.0001566478576,0.0002158446894,0.0001438179419,0.0001247387087
9.20000000,0.0001392753576,7.275591845e-05,0.0004063361155,7.684515947e-05,0.0001310035497
9.25000000,6.191326438e-05,0.0004614539732,0.0008248611916,0.0004678892559,6.320360331e-05
9.30000000,8.741790528e-05,0.0007717466549,0.001443010966,0.0007749126004,9.50698281e-05
9.35000000,0.0003527258866,0.0006372819715,0.0007725855214,0.0006363438217,0.0004027356045
9.40000000,0.0003523080873,0.0004863448121,0.0002899960955,0.0005310627931,0.0003808217723
9.45000000,0.0001584905526,0.0002570602381,0.0001720390983,0.0002214966826,0.0001905666102
9.50000000,0.0004987052168,0.0006665640051,0.0003286559129,0.0005544742556,0.000494908912
9.55000000,0.0004644671119,0.0006134679989,0.0002732378437,0.0004982445988,0.0004154077673
9.60000000,0.0001348643497,0.0001764290891,0.0001202595965,0.0001265660044,7.826944251e-05
9.65000000,2.090468652e-05,6.587318669e-05,7.53480917e-05,0.0001247703149,8.080681826e-05
9.70000000,0.0001454479631,0.000388871502,0.0007799124611,0.0006309320876,9.043635436e-05
9.75000000,0.0001337088165,0.0006384791997,0.001160084287,0.0007905625122,0.0001722120726
9.80000000,7.012718594e-05,0.0002636595132,0.0005064586209,0.0003519724728,0.0001360422592
9.85000000,3.515857047e-05,9.410158967e-05,0.0001656057234,0.0001236442654,5.17087387e-05
9.90000000,3.299173783e-05,0.0002201684074,9.949304401e-05,6.1025348e-05,6.136175393e-05
9.95000000,0.0001032063839,0.0002940614834,9.534290657e-05,8.661332406e-05,0.0001773378387
10.00000000,0.0001305682784,0.0002311678074,8.874652577e-05,0.0001413425737,0.0001437224094
10.05000000,9.879135109e-05,0.0002099241394,4.105800847e-05,0.0003077534491,0.0001611950096
10.10000000,6.154722151e-05,0.0004262128784,4.733976062e-05,0.0004608064129,6.986356515e-05
10.15000000,0.0002303522029,0.0007861591432,3.551363945e-05,0.0008467935447,0.0002624595476
10.20000000,0.0001573246662,0.0004758357001,2.83733053e-05,0.0005316629985,0.0001850612605
10.25000000,3.52735536e-06,0.0001746352543,4.28797539e-05,0.0001504015666,3.080530652e-05
10.30000000,6.59212274e-05,0.0001203150365,8.553967311e-05,9.337570202e-05,7.585614069e-05
10.35000000,0.0002171432531,0.0004981668459,0.0001206580627,0.0004326278517,0.0002530405149
10.40000000,0.0002139702997,0.0004895520386,3.76245398e-05,0.000479415443,0.0002412771761
10.45000000,9.663990776e-05,0.000190959036,3.729836687e-05,0.0001942352755,9.900265961e-05
10.50000000,2.468631491e-05,3.030406087e-05,7.585634159e-05,5.417739821e-05,3.073894187e-05
10.55000000,0.0001407489463,0.0002333281738,5.928933962e-05,0.0001878551308,0.0001491374866
10.60000000,0.0003246383656,0.0004861802124,9.808375463e-05,0.000427585354,0.0003491687642
10.65000000,0.0002390742445,0.0003457252472,5.011887781e-05,0.0003125308946,0.000243951628
10.70000000,0.0001150979274,0.0001532204406,1.739435811e-05,0.0001629023803,0.0001134511068
10.75000000,5.601054018e-05,6.170981902e-05,2.543493483e-05,7.274402238e-05,6.809886922e-05
10.80000000,5.363216415e-05,7.309228995e-05,5.415759599e-05,1.477865593e-05,3.994711045e-05
10.85000000,5.443130019e-05,7.96463473e-05,3.803869488e-05,3.111610363e-05,2.80598058e-05
10.90000000,1.946054611e-05,8.488776108e-05,9.068107463e-05,6.735890793e-05,3.076879232e-05
10.95000000,6.413265452e-05,6.900577314e-05,0.0001010913883,6.555170609e-05,8.398217533e-05
11.00000000,8.434974872e-05,3.302367622e-05,0.0001336243949,1.896914888e-05,7.115459539e-05
11.05000000,6.274091043e-05,7.734885486e-05,0.0001549222636,8.855579503e-05,5.922033664e-05
11.10000000,2.079462777e-05,0.0001636738865,0.0002668956978,0.0001333271075,2.760675146e-05
11.15000000,2.64272426e-05,0.0003827194104,0.0007081182965,0.000330113067,1.23340194e-05
11.20000000,0.0001798346232,0.0003278204311,0.0005497868437,0.0003491582165,0.0001588599782
11.25000000,0.0002853511938,0.0003743977275,0.0001715171818,0.000319792932,0.0002514381065
11.30000000,0.0001553604958,0.0002221918712,0.0001225960294,0.0001815537464,0.0001286284972
11.35000000,0.0001898288283,0.0002366414348,0.0001110090526,0.000219817251,0.0001742460007
11.40000000,0.0001931181618,0.0002276395772,7.257039325e-05,0.0002086766333,0.0001935505527
11.45000000,8.116508927e-05,0.0001165540226,5.854881073e-05,0.0001022302697,8.509225023e-05
11.50000000,7.837318677e-06,2.482552277e-05,2.8181042e-05,3.045723737e-05,2.27055263e-05
11.55000000,5.428067609e-05,5.363620327e-05,9.484579563e-05,0.0001229285931,2.909887343e-05
11.60000000,6.560999811e-05,0.0001545329186,0.0002533641454,0.0002094646308,6.132641271e-05
11.65000000,5.133118503e-05,7.671650273e-05,0.0001682629272,0.0001405815032,7.059158233e-05
11.70000000,5.569868438e-05,3.512560709e-05,3.867445311e-05,3.769450912e-05,6.364248471e-05
11.75000000,2.494984941e-05,8.196693213e-05,6.546357069e-05,5.690794426e-05,2.428095349e-05
11.80000000,2.01456989e-05,0.0001160737811,5.73639276e-05,0.0001015267428,2.490221834e-05
11.85000000,6.874263138e-05,0.0001043100527,3.836363814e-05,9.792216854e-05,4.590911437e-05
11.90000000,5.863192317e-05,5.675836474e-05,2.095846578e-05,4.924901095e-05,3.087898814e-05
11.95000000,1.942196079e-05,0.0001916637069,5.753484877e-05,0.0001519718972,2.60929143e-05
12.00000000,0.0001542904634,0.0005153451363,5.950278333e-05,0.0004677708123,0.0001622947152
12.05000000,0.0001707126742,0.000462671011,2.838593299e-05,0.0004348964101,0.0001672814558
12.10000000,5.505276094e-05,0.000154266906,1.514606186e-05,0.0001584387638,4.437765143e-05
12.15000000,1.948208782e-05,7.698095464e-05,2.044563607e-05,7.39085943e-05,2.85346295e-06
12.20000000,8.583546651e-05,9.969428757e-05,4.428786476e-05,0.0001294172807,8.035587818e-05
12.25000000,0.0001073201102,0.0001582861269,5.871146718e-05,0.0002073775865,0.000118348817
12.30000000,4.819028982e-05,7.829626763e-05,3.448087178e-05,0.0001045870811,7.266627097e-05
12.35000000,1.971931316e-05,3.025715039e-05,1.277732542e-05,2.652412514e-05,2.112944794e-05
12.40000000,1.902907431e-05,5.896188691e-05,5.097885068e-05,2.689429012e-05,3.583987835e-05
12.45000000,6.727453127e-05,0.0001280651098,6.210808924e-05,0.0001144691,0.0001116153573
12.50000000,8.195166753e-05,0.0001167494027,1.226734494e-05,0.000133677155,0.0001091286243
12.55000000,3.173078763e-05,6.83332894e-05,3.130796128e-05,7.983652022e-05,6.953923859e-05
12.60000000,1.73353881e-05,2.850532799e-05,5.696266831e-05,5.573998056e-05,2.743803791e-05
12.65000000,4.184839993e-05,8.899844065e-05,0.0001372598019,0.0001232176152,4.408373018e-05
12.70000000,3.184977813e-05,5.231475336e-05,9.867573133e-05,7.884759851e-05,2.790957471e-05
12.75000000,8.090898475e-06,5.35849939e-05,9.049200493e-05,5.903789753e-05,1.72183291e-05
12.80000000,3.749630479e-05,5.030488886e-05,7.888368081e-05,5.963083509e-05,4.958311224e-05
12.85000000,7.224419121e-05,3.024024608e-05,0.0001184311848,1.885382647e-05,7.382732391e-05
12.90000000,6.949414583e-05,3.62874943e-05,8.990786391e-05,3.603749125e-05,7.681961252e-05
12.95000000,3.144448845e-05,3.434456509e-05,3.764687753e-05,5.688093593e-05,3.860208379e-05
13.00000000,1.523768025e-05,0.0001117810478,0.0002396951122,9.762526399e-05,1.800604406e-05
13.05000000,5.166117998e-05,0.0001433915709,0.0002643524308,0.0001332345841,4.984030559e-05
13.10000000,0.0001286776199,0.0001697138583,8.900216457e-05,0.0001393985477,0.0001242300085
13.15000000,0.0001052523922,0.0001588315067,7.154174521e-05,0.0001095855806,9.233313871e-05
13.20000000,7.427617098e-05,8.113549029e-05,4.319630469e-05,9.629299718e-05,6.339220101e-05
13.25000000,6.780787732e-05,5.714707954e-05,5.175987301e-06,8.265535149e-05,7.04744094e-05
13.30000000,3.851240281e-05,3.132536851e-05,7.658093221e-06,5.782811222e-05,4.781592873e-05
13.35000000,1.25025763e-05,1.399359237e-05,4.53516622e-06,1.975333563e-05,1.252846352e-05
13.40000000,9.428373542e-06,3.63970868e-05,1.821783801e-05,4.368923315e-05,1.502199998e-05
13.45000000,1.434481843e-05,8.027329087e-05,3.578521768e-05,6.573065518e-06,3.045204472e-05
13.50000000,1.207339255e-05,4.702362392e-05,4.532311075e-05,3.908284308e-05,1.355809275e-05
13.55000000,1.925961334e-05,3.610278565e-06,2.362053843e-05,2.279061802e-05,2.102123908e-05
13.60000000,1.199343737e-05,2.391299559e-05,6.695382071e-06,9.507157378e-06,2.97953515e-06
13.65000000,5.249555255e-06,6.836109021e-05,1.061106745e-05,4.867061291e-05,1.16497154e-05
13.70000000,4.260764278e-05,7.072651866e-05,8.155506654e-06,7.172478091e-05,3.373725648e-05
13.75000000,6.748617689e-05,7.313214577e-05,1.057011777e-05,4.980443549e-05,5.340589065e-05
13.80000000,2.876395612e-05,3.009630796e-05,8.476063645e-06,2.627914342e-05,2.167613529e-05
13.85000000,6.999138319e-05,0.0001984485766,5.931324861e-06,0.0001906692184,7.069628177e-05
13.90000000,9.81184306e-05,0.0002472141055,7.070995976e-06,0.0002340855676,9.493130667e-05
13.95000000,5.428878149e-05,0.0001210802646,9.257671606e-06,0.0001094462186,4.463889803e-05
14.00000000,1.533581215e-05,4.64232308e-05,2.238989581e-05,4.926459902e-05,4.292580102e-06
14.05000000,2.681211833e-05,1.575884032e-05,6.094920548e-05,3.833180098e-05,1.656236775e-05
14.10000000,4.741528828e-05,2.835647794e-05,7.279245944e-05,9.006707826e-05,4.240279798e-05
14.15000000,2.51891728e-05,1.275302735e-05,4.039643107e-05,5.172699044e-05,3.773311281e-05
14.20000000,8.530865204e-06,1.649984218e-05,4.506314653e-05,4.405249491e-06,2.537412084e-05
14.25000000,7.335564139e-06,1.280675632e-05,2.864873096e-05,2.785086546e-05,1.130034344e-05
14.30000000,1.222921628e-05,1.148927987e-05,3.02697654e-05,5.579967796e-05,2.630193494e-05
14.35000000,2.623597074e-05,1.890599475e-05,4.503903407e-05,6.401509143e-05,3.238850129e-05
14.40000000,2.052568218e-05,2.522298531e-05,5.906558476e-06,2.796291403e-05,2.302860348e-05
14.45000000,4.568553968e-06,1.95742766e-05,2.853623691e-05,1.565106752e-05,1.718883501e-05
14.50000000,3.733247798e-05,9.641365342e-05,0.0001171534518,9.181456207e-05,4.082903129e-05
14.55000000,4.736819024e-05,9.28411518e-05,0.0001099445662,9.601816823e-05,4.819110253e-05
14.60000000,1.64409491e-05,4.203109533e-05,6.742008071e-05,4.960515422e-05,1.77505408e-05
14.65000000,1.667635627e-05,3.71716696e-05,6.139546107e-05,4.851226858e-05,2.031790529e-05
14.70000000,3.497708475e-05,1.662782803e-05,7.34309897e-05,1.915159965e-05,3.449368801e-05
14.75000000,4.354445036e-05,1.340653741e-05,7.287873152e-05,1.752728761e-05,5.001928429e-05
14.80000000,2.730158414e-05,1.664514208e-05,2.87651809e-05,2.837992447e-05,3.557505746e-05
14.85000000,1.920878491e-05,1.669498238e-05,6.456144475e-05,3.18157027e-05,1.56143738e-05
14.90000000,9.527292526e-06,4.769985171e-05,9.372278999e-05,4.144844852e-05,1.283890335e-05
14.95000000,3.742208051e-05,5.183435436e-05,3.951503644e-05,4.545366409e-05,4.931181501e-05
15.00000000,4.643107025e-05,7.0672239e-05,2.43393461e-05,5.493732204e-05,5.419012517e-05
15.05000000,3.009198863e-05,4.620830168e-05,2.795564411e-05,4.372087483e-05,3.2777166e-05
15.10000000,2.459422657e-05,1.504158622e-05,1.698143597e-05,2.54506343e-05,2.279094785e-05
15.15000000,1.91542342e-05,3.81279349e-06,1.489486544e-05,1.635729278e-05,1.449673707e-05
15.20000000,1.219932361e-05,1.458268224e-05,6.234880147e-06,2.418397815e-05,3.345324498e-06
15.25000000,6.286413296e-06,3.450693038e-05,1.011554257e-05,3.754363476e-05,3.532589435e-06
15.30000000,1.208425958e-05,6.476421429e-05,1.475553957e-05,4.677958079e-05,2.269937368e-05
15.35000000,2.07215639e-05,4.714206241e-05,1.042935687e-05,2.911916387e-05,1.838792374e-05
15.40000000,1.432200392e-05,8.98116371e-06,5.117989487e-06,4.780818096e-06,1.191608504e-05
15.45000000,3.790728851e-06,5.123333929e-06,7.238226658e-06,3.373832876e-06,6.580374688e-06
15.50000000,4.850892256e-06,3.050733221e-05,9.605485419e-06,1.390287443e-05,1.22456953e-05
15.55000000,1.929307317e-05,3.950310889e-05,5.963899574e-06,3.251550551e-05,1.77514289e-05
15.60000000,4.629148297e-05,5.202007296e-05,1.139196939e-05,3.479724194e-05,4.062515178e-05
15.65000000,3.618194586e-05,4.151515377e-05,1.548214594e-05,1.857316732e-05,2.648743793e-05
15.70000000,3.097250884e-05,5.288966453e-05,1.953298463e-05,6.875200459e-05,2.680111845e-05
15.75000000,4.400117359e-05,9.606713444e-05,2.029552827e-05,0.000109828935,4.439377769e-05
15.80000000,3.333650025e-05,6.465690249e-05,7.470988321e-06,6.583880948e-05,3.220974313e-05
15.85000000,1.174758196e-05,2.465705829e-05,6.207726294e-06,2.423619063e-05,9.032399585e-06
15.90000000,5.150126994e-06,2.191326296e-05,2.820870876e-05,7.199928524e-06,4.769376602e-06
15.95000000,1.483182864e-05,9.095011008e-06,3.154877995e-05,2.672576962e-05,1.60152697e-05
16.00000000,1.212070816e-05,4.97990153e-06,1.482859486e-05,2.329843143e-05,1.749379539e-05
16.05000000,1.014752619e-05,3.649002998e-06,2.932939113e-05,5.921858669e-06,1.577568433e-05
16.10000000,7.095102962e-06,1.649413855e-05,4.498428605e-05,1.867050323e-05,8.395835584e-06
16.15000000,2.893084263e-06,2.568797282e-05,5.986920809e-05,3.690025958e-05,4.422293446e-06
16.20000000,1.067958714e-05,1.745515306e-05,6.106899609e-05,3.699025101e-05,4.305715828e-06
16.25000000,1.7198111e-05,1.273358939e-05,2.897752503e-05,1.25120923e-05,4.975818274e-06
16.30000000,3.451481622e-06,8.39453713e-06,9.936932572e-06,9.670127679e-06,3.214688541e-06
16.35000000,2.236094143e-05,4.921845383e-05,4.637298576e-05,4.037866619e-05,2.337937208e-05
16.40000000,3.882971629e-05,6.9034669e-05,7.187204774e-05,6.766935249e-05,3.880757798e-05
16.45000000,2.346220981e-05,4.056707593e-05,4.465910849e-05,3.8260247e-05,2.033657241e-05
16.50000000,1.279882307e-05,2.274490603e-05,2.764197595e-05,2.571472059e-05,9.30423093e-06
16.55000000,1.278151358e-05,1.089545381e-05,2.889543221e-05,7.951845855e-06,9.374734544e-06
16.60000000,2.24490665e-05,6.508202e-06,3.915407036e-05,9.030934015e-06,2.38681307e-05
16.65000000,1.419829816e-05,4.742540111e-06,3.064640891e-05,1.063965535e-05,2.192894215e-05
16.70000000,6.276239544e-06,7.177156522e-06,2.606714559e-05,5.988341498e-06,1.373559718e-05
16.75000000,2.38847765e-06,1.212524559e-05,2.393557399e-05,9.554114746e-06,5.7672224e-06
16.80000000,7.41054557e-06,1.341788403e-05,1.237671798e-05,2.050489884e-05,1.762831922e-05
16.85000000,1.44560859e-05,2.001633977e-05,8.825147981e-06,2.859813856e-05,2.381955526e-05
16.90000000,1.212151162e-05,2.358967906e-05,1.290672451e-05,2.524010345e-05,1.909965766e-05
16.95000000,3.91688046e-06,1.231480571e-05,7.706623182e-06,1.594940947e-05,1.371989002e-05
17.00000000,1.022109845e-05,3.528854896e-06,6.478705429e-06,1.881976478e-06,7.466795433e-06
17.05000000,1.18910654e-05,1.257610982e-05,2.568969306e-06,1.456573448e-05,9.646650716e-06
17.10000000,1.595492506e-06,1.886260047e-05,6.433406156e-06,1.984599853e-05,4.441146007e-06
17.15000000,8.43073027e-06,3.446026682e-05,5.714725148e-06,2.674736139e-05,1.266324584e-05
17.20000000,1.717124245e-05,3.329185008e-05,6.937287559e-06,2.669407461e-05,1.628232332e-05
17.25000000,1.451359281e-05,8.033666617e-06,1.142594599e-06,1.170849743e-05,1.535277223e-05
17.30000000,8.965490591e-06,5.039869162e-06,5.728578656e-06,8.749628466e-06,1.295030419e-05
17.35000000,8.260470004e-06,2.385691608e-06,2.876591799e-06,6.463711308e-06,8.613978542e-06
17.40000000,5.785073553e-06,1.069778194e-05,2.546658386e-06,1.102785689e-05,6.647256548e-06
17.45000000,1.740373175e-05,1.954016278e-05,3.834742448e-06,1.840827332e-05,2.017845941e-05
17.50000000,2.23689915e-05,2.396000634e-05,2.986575593e-06,1.961065343e-05,2.151363411e-05
17.55000000,1.694875795e-05,1.579349018e-05,9.450844288e-06,2.211530802e-05,1.32059025e-05
17.60000000,1.89305328e-05,3.386455297e-05,1.042562091e-05,3.758059243e-05,1.744542108e-05
17.65000000,1.55539644e-05,2.803853284e-05,7.896750831e-06,3.171108365e-05,1.520655149e-05
17.70000000,5.902490501e-06,1.07538385e-05,1.058112631e-05,1.365499825e-05,9.474443007e-06
17.75000000,3.298089761e-07,7.251137328e-06,5.834423366e-06,8.034185845e-06,3.418368982e-06
17.80000000,3.769932261e-06,1.009065994e-05,2.291148724e-05,6.188535693e-06,7.988070842e-06
17.85000000,6.462020774e-06,6.946797271e-06,1.92096193e-05,6.997964433e-06,7.606452323e-06
17.90000000,4.315662202e-06,6.048890199e-06,6.337789654e-06,2.542686721e-06,4.544938738e-06
17.95000000,3.098303811e-06,1.4060973e-05,2.562441395e-05,9.515607293e-06,3.332472928e-06
18.00000000,1.378073404e-06,2.510540613e-05,4.536185416e-05,2.077344326e-05,4.152895956e-06
18.05000000,6.103526749e-06,2.103480751e-05,5.033376985e-05,2.051649705e-05,4.455776627e-06
18.10000000,1.565475319e-05,3.934042628e-06,3.271923521e-05,8.364823645e-06,1.010327308e-05
18.15000000,1.055394354e-05,1.332160563e-05,1.375092701e-05,8.920884343e-06,4.804349573e-06
18.20000000,1.030162893e-05,1.124484524e-05,7.123705389e-06,1.565356154e-05,9.105355252e-06
18.25000000,2.224996481e-05,2.881087123e-05,2.936778544e-05,4.047645886e-05,2.281419427e-05
18.30000000,2.025541688e-05,2.343018248e-05,1.992193225e-05,2.828429685e-05,1.882549388e-05
18.35000000,1.098236792e-05,1.437996038e-05,1.248874533e-05,9.980754529e-06,6.649074283e-06
18.40000000,5.601626542e-06,9.426339692e-06,1.338679415e-05,3.929820208e-06,1.378088812e-06
18.45000000,1.114971511e-05,4.862262631e-06,1.707983053e-05,5.932048668e-06,1.073873036e-05
18.50000000,9.522430276e-06,2.327722299e-06,1.559428152e-05,4.148598525e-06,1.162829291e-05
18.55000000,3.302422701e-06,8.037927692e-06,1.323964318e-05,6.060774347e-06,9.9875891e-06
18.60000000,1.816192134e-06,7.330776295e-06,7.732107359e-06,5.729844374e-06,7.030824049e-06
18.65000000,1.624599642e-06,6.622255911e-06,2.683910463e-06,1.354824517e-05,6.667732646e-06
18.70000000,4.126771828e-06,4.36465407e-06,1.010381859e-06,1.636501094e-05,8.499113215e-06
18.75000000,6.416843317e-06,1.2428558e-05,4.641315897e-06,1.134629803e-05,4.438703908e-06
18.80000000,1.725153332e-06,1.064786335e-05,1.618739405e-06,1.33285131e-05,5.590283887e-06
18.85000000,6.835792627e-06,7.386016828e-06,4.320114996e-06,7.587467018e-06,5.164680237e-06
18.90000000,1.398123007e-05,8.089173028e-06,1.910845977e-06,7.569918911e-06,1.225398795e-05
18.95000000,7.837542153e-06,9.895968618e-06,3.610765892e-06,1.156917707e-05,6.849375292e-06
19.00000000,5.941505142e-06,1.256489298e-05,9.88075157e-07,1.080965745e-05,6.293503398e-06
19.05000000,9.218280471e-06,1.791615422e-05,3.472744021e-06,1.473792064e-05,8.39669749e-06
19.10000000,1.05145821e-05,7.92496076e-06,3.666981053e-06,9.743599232e-06,1.137708317e-05
19.15000000,7.082084246e-06,2.865688121e-06,7.893287995e-06,1.053024417e-05,1.096219442e-05
19.20000000,6.960907031e-06,6.155268118e-06,4.885881607e-06,4.029003681e-06,8.13329042e-06
19.25000000,4.641278947e-06,5.001437408e-06,5.765334592e-06,2.92835455e-06,4.061055975e-06
19.30000000,4.086496796e-06,4.827818902e-06,3.52636022e-06,7.874121676e-06,8.639365041e-06
19.35000000,7.164892721e-06,4.457224948e-06,7.221174902e-06,1.636300747e-05,1.263893446e-05
19.40000000,7.222552429e-06,5.738253999e-06,1.036503709e-05,1.462132102e-05,1.036160146e-05
19.45000000,6.381153696e-06,1.55049583e-05,1.087262583e-05,7.518869906e-06,9.740193378e-06
19.50000000,6.867662845e-06,1.422882999e-05,6.567110997e-06,7.218508736e-06,5.311203329e-06
19.55000000,4.277668654e-06,6.789470802e-06,7.120775908e-06,7.159020092e-06,2.792333149e-06
19.60000000,9.292441031e-07,2.187900448e-06,1.585466669e-06,2.554286295e-06,1.813469908e-06
19.65000000,2.926946724e-06,5.893327685e-06,1.685052347e-05,3.552601528e-06,5.201332543e-06
19.70000000,6.752503259e-06,7.006084837e-06,2.134846899e-05,4.300965597e-06,8.010488334e-06
19.75000000,4.344676405e-06,6.002622168e-06,1.034503655e-05,7.25567326e-06,2.681382176e-06
19.80000000,1.857094933e-06,4.716196275e-06,8.381095977e-06,8.383221552e-06,2.96776075e-06
19.85000000,2.820507466e-06,1.081514681e-05,2.357946446e-05,1.191713209e-05,3.361118351e-06
19.90000000,3.58079428e-06,1.336094268e-05,3.169437228e-05,1.183440997e-05,4.631941135e-06
19.95000000,7.73557937e-06,2.898901777e-06,1.992287924e-05,3.885351622e-06,6.948194137e-06
20.00000000,9.368516831e-06,9.227236743e-06,1.252553719e-05,6.398858073e-06,5.790909533e-06
20.05000000,6.686434008e-06,5.95974236e-06,7.028766863e-06,3.722935599e-06,4.616529523e-06
20.10000000,9.856090313e-06,7.860197464e-06,4.886168305e-06,1.718048692e-05,1.061375996e-05
20.15000000,1.059266076e-05,9.103513091e-06,6.085319929e-06,1.709380835e-05,1.178466887e-05
20.20000000,6.336310627e-06,8.018618853e-06,4.72630953e-06,6.081790913e-06,6.892107214e-06
20.25000000,2.755020564e-06,6.460563279e-06,4.863657564e-06,1.529441266e-06,2.177775411e-06
20.30000000,3.660169165e-06,1.488818538e-06,6.404097446e-06,1.463926347e-06,4.067216649e-06
20.35000000,4.957048884e-06,3.790585749e-06,7.434784138e-06,1.606613055e-06,4.823123978e-06
20.40000000,3.117450616e-06,3.798869455e-06,4.705926203e-06,4.871203226e-06,4.701491633e-06
20.45000000,2.030044246e-06,5.775444956e-06,2.440638909e-06,4.70239549e-06,4.694728754e-06
20.50000000,8.499582452e-07,7.067682712e-06,3.410219361e-06,4.588895235e-06,4.714710066e-07
20.55000000,1.783625569e-06,8.114847976e-06,2.740368128e-06,8.530142909e-06,9.532858927e-07
20.60000000,4.559273152e-06,5.509468102e-06,7.693620074e-07,7.012319415e-06,8.96562534e-07
20.65000000,2.595619366e-06,5.815676207e-06,1.306349412e-06,7.642393986e-06,1.920028772e-06
20.70000000,3.238657913e-06,4.308978254e-06,1.379018161e-06,6.05279726e-06,1.805255615e-06
20.75000000,9.068925514e-06,4.89357901e-06,2.578013256e-06,6.552991845e-06,8.227360536e-06
20.80000000,9.303127722e-06,5.066997599e-06,4.175958892e-06,6.217588111e-06,6.994587169e-06
20.85000000,5.463768036e-06,3.577152903e-06,1.019394796e-06,2.227522576e-06,4.382686867e-06
20.90000000,4.640560622e-06,6.111059869e-06,1.313990909e-06,4.811027121e-06,4.018575456e-06
20.95000000,6.411277951e-06,5.72975632e-06,2.272779873e-06,5.310484809e-06,6.257279759e-06
21.00000000,5.241388652e-06,1.033388716e-06,4.198647143e-06,6.478150578e-06,6.668726894e-06
21.05000000,3.514573802e-06,3.364505221e-06,4.380673364e-06,4.198186404e-06,5.684421512e-06
21.10000000,2.449512673e-06,3.501583838e-06,3.384181775e-06,1.865123436e-06,4.11041225e-06
21.15000000,1.054208102e-06,1.988857734e-06,2.870329512e-06,2.771240471e-06,4.158305162e-06
21.20000000,1.554190819e-06,2.415667138e-06,6.696242211e-06,8.678451914e-06,6.189178609e-06
21.25000000,2.388581762e-06,3.21671442e-06,1.093296945e-05,1.000434096e-05,4.794537242e-06
21.30000000,1.705579298e-06,8.728856417e-06,1.259798033e-05,1.545846771e-06,4.486974215e-06
21.35000000,3.78939731e-06,1.136355035e-05,1.323203683e-05,4.570707556e-06,1.80068672e-06
21.40000000,5.118807827e-06,5.842753474e-06,1.165592889e-06,7.740881341e-07,2.771107737e-06
21.45000000,1.965280406e-06,1.352659641e-06,1.857127183e-06,1.322494102e-06,7.610335403e-07
21.50000000,2.48325179e-06,2.452358278e-06,9.053645944e-06,2.211070412e-06,2.523016802e-06
21.55000000,5.011623296e-06,3.54152993e-06,1.360206425e-05,2.634923224e-06,5.44319655e-06
21.60000000,4.717199027e-06,3.813036226e-06,8.238452411e-06,5.036261855e-06,3.937502418e-06
21.65000000,2.359194216e-06,2.146600456e-06,2.739076667e-06,5.447490103e-06,2.875964418e-06
21.70000000,3.475909225e-06,4.63944718e-06,7.269479068e-06,4.844341748e-06,3.23403486e-06
21.75000000,4.138573957e-06,5.964330323e-06,1.45933564e-05,4.657593384e-06,4.366039407e-06
21.80000000,3.28347499e-06,2.991119866e-06,1.11905277e-05,1.060709766e-06,4.957801711e-06
21.85000000,4.564023432e-06,3.692865105e-06,5.728276271e-06,4.192790368e-06,5.413207881e-06
21.90000000,3.631200703e-06,4.314272683e-06,5.381336298e-06,2.078809636e-06,3.850730208e-06
21.95000000,3.983991902e-06,3.077048309e-06,1.964994289e-06,5.865946074e-06,5.544939717e-06
22.00000000,4.593164543e-06,3.873209553e-06,1.001169947e-06,5.439059194e-06,5.155700307e-06
22.05000000,3.321724134e-06,3.779161361e-06,2.344719772e-06,3.599728534e-06,3.345815525e-06
22.10000000,7.172274751e-07,3.174654441e-06,7.561011028e-07,9.669057009e-07,1.560314449e-06
22.15000000,6.32425459e-07,2.160687316e-06,6.273373662e-07,2.421567677e-06,2.37754981e-06
22.20000000,2.430056231e-06,5.200801302e-06,5.659746027e-07,2.90241776e-06,4.032092625e-06
22.25000000,1.704684503e-06,3.895263571e-06,1.40452015e-06,2.672214253e-06,1.065818504e-06
22.30000000,1.025123867e-06,2.364930648e-06,1.924752247e-06,1.591683266e-06,1.906052105e-06
22.35000000,1.639127339e-06,2.009928991e-06,9.15516237e-07,1.188538153e-06,4.916748743e-07
22.40000000,2.582555613e-06,3.292772076e-06,1.212020467e-06,3.766901642e-06,2.41432609e-06
22.45000000,3.164503234e-06,4.663368874e-06,1.470107642e-06,3.174317979e-06,2.252390765e-06
22.50000000,3.31080461e-06,4.329920157e-06,4.086599987e-07,3.845307164e-06,1.509887994e-06
22.55000000,2.64426099e-06,3.502049008e-06,7.773371782e-07,2.617966289e-06,1.427471985e-06
22.60000000,3.80661871e-06,2.442188523e-06,2.201111048e-06,3.714490788e-06,4.288002948e-06
22.65000000,5.206844653e-06,2.382837343e-06,2.321859162e-06,4.342624056e-06,5.121792409e-06
22.70000000,3.39414929e-06,1.762650963e-06,6.289286671e-07,1.633667153e-06,3.083062599e-06
22.75000000,2.587367058e-06,5.415613274e-07,5.400134499e-07,6.413313514e-07,2.361519208e-06
22.80000000,2.235105264e-06,2.832710871e-06,1.046970204e-06,2.906844936e-06,2.406557133e-06
22.85000000,3.303084411e-06,3.777410567e-06,1.368511243e-06,2.495873291e-06,3.441723603e-06
22.90000000,2.451387894e-06,1.802528772e-06,1.813966578e-06,1.714508561e-06,2.851185045e-06
22.95000000,1.081197413e-06,1.708331349e-06,3.930412966e-06,3.353006735e-06,3.119619191e-06
23.00000000,5.958480511e-07,1.829506846e-06,3.902366618e-06,2.170135646e-06,1.573151478e-06
23.05000000,7.447438303e-07,1.789173458e-06,2.172881499e-06,2.260269303e-06,1.583036811e-06
23.10000000,1.19452201e-06,1.340120617e-06,5.173719516e-06,4.154914841e-06,1.486141794e-06
23.15000000,1.288704846e-06,5.484788619e-06,8.213367869e-06,2.006702013e-06,1.578030083e-06
23.20000000,1.995617614e-06,7.818567078e-06,1.038289321e-05,4.331871729e-06,6.693558947e-07
23.25000000,3.369900009e-06,5.178530471e-06,4.093882792e-06,3.188584715e-06,1.871093968e-06
23.30000000,3.18691351e-06,1.721397002e-06,1.062669809e-06,1.897404035e-06,1.59917516e-06
23.35000000,2.106696904e-06,4.13499638e-07,4.017460033e-06,5.22710611e-07,1.761175361e-06
23.40000000,2.539687565e-06,1.471414632e-06,6.636873647e-06,1.414865587e-06,2.816015569e-06
23.45000000,3.067792482e-06,3.392944221e-06,4.849949714e-06,2.852342137e-06,2.882435534e-06
23.50000000,2.076828924e-06,2.616292602e-06,1.653136085e-06,2.457249712e-06,2.03049208e-06
23.55000000,1.614099744e-06,2.50833793e-06,1.562346381e-06,1.897283996e-06,1.906245226e-06
23.60000000,2.757853952e-06,2.265990022e-06,4.086003785e-06,2.09048966e-06,2.681109603e-06
23.65000000,2.152366187e-06,1.512292008e-06,4.872585998e-06,7.777490712e-07,2.934655838e-06
23.70000000,1.599174519e-06,2.166528917e-06,3.429727049e-06,2.047433691e-06,3.423183113e-06
23.75000000,1.442572977e-06,1.919173755e-06,2.343831859e-06,2.02644358e-06,2.365013416e-06
23.80000000,1.029439314e-06,2.287190288e-06,1.645460638e-06,1.311437851e-06,2.106655459e-06
23.85000000,1.768806654e-06,3.313711643e-06,8.362005368e-07,6.886928003e-07,1.3362107e-06
23.90000000,2.151479198e-06,2.843602232e-06,2.623687911e-07,1.638658e-06,1.258686909e-06
23.95000000,1.041733463e-06,2.357517068e-06,2.843449015e-07,1.518895754e-06,7.364045889e-07
24.00000000,6.909890626e-07,2.006276355e-06,4.905172676e-07,1.369145099e-06,1.027286699e-06
24.05000000,1.726452169e-06,4.241620867e-06,6.339002747e-07,2.745063003e-06,2.790391349e-06
24.10000000,1.670439338e-06,3.914524342e-06,1.678698694e-07,2.400361952e-06,1.438545895e-06
24.15000000,2.925183773e-07,2.622474408e-07,9.286751869e-07,5.91085395e-07,6.108307576e-07
24.20000000,1.184665113e-06,1.813452315e-06,9.903528611e-07,7.556569664e-07,6.076391448e-07
24.25000000,2.127487789e-06,1.460084315e-06,1.130160762e-06,1.040884393e-06,2.196004588e-06
24.30000000,2.040467976e-06,3.22204356e-06,2.233472973e-06,1.615860608e-06,2.740503652e-06
24.35000000,2.458830846e-06,3.475949398e-06,1.302161942e-06,2.750729293e-06,2.625456947e-06
24.40000000,2.001400274e-06,2.329624382e-06,8.371985479e-07,1.490923229e-06,1.308733875e-06
24.45000000,1.694193605e-06,1.271133431e-06,1.264365197e-06,1.017474785e-06,1.901822228e-06
24.50000000,2.210270725e-06,1.562424101e-06,7.92849561e-08,1.732302841e-06,2.593667348e-06
24.55000000,1.986458878e-06,2.118372112e-06,1.00839723e-06,6.940649708e-07,1.673251736e-06
24.60000000,9.512658367e-07,8.009442686e-07,9.51706642e-07,3.889715219e-07,1.190476539e-06
24.65000000,6.909643437e-07,1.056607198e-06,1.285297568e-06,1.549247252e-06,9.513750771e-07
24.70000000,1.356411034e-06,2.486533281e-06,2.671017296e-06,1.85111574e-06,2.186220368e-06
24.75000000,1.039866392e-06,1.575151843e-06,2.295712543e-06,7.000181413e-07,1.591600528e-06
24.80000000,1.748664921e-07,1.417290399e-06,2.783807436e-06,1.719545168e-06,1.512486216e-06
24.85000000,8.564069165e-07,2.33418543e-06,3.57295049e-06,2.444401121e-06,8.627331362e-07
24.90000000,1.083264097e-06,1.774395889e-06,1.06763932e-06,4.60332359e-07,4.112646761e-07
24.95000000,1.172448462e-06,1.416357399e-06,1.202200361e-06,9.388093286e-07,2.482352947e-07
25.00000000,1.706724323e-06,3.032205237e-06,3.308088543e-06,1.597755446e-06,2.088173765e-07
25.05000000,1.456516762e-06,4.80100234e-06,6.030902485e-06,3.288748683e-06,5.915520578e-07
25.10000000,1.612719814e-06,3.616622968e-06,3.692734035e-06,3.132287884e-06,1.738687909e-06
25.15000000,2.15857606e-06,1.740513334e-06,5.662722103e-07,2.138451196e-06,1.838485494e-06
25.20000000,1.5151665e-06,6.231292304e-07,1.016388742e-06,8.460545966e-07,1.042132704e-06
25.25000000,1.305199656e-06,3.873977296e-07,2.714103579e-06,6.518580056e-07,1.350264478e-06
25.30000000,1.261042672e-06,1.294951711e-06,2.375630887e-06,1.571303896e-06,1.357299732e-06
25.35000000,1.457443355e-06,2.170067714e-06,8.501796822e-07,8.04173086e-07,1.4131079e-06
25.40000000,1.14865987e-06,2.267777871e-06,2.022614845e-07,4.863879638e-07,1.047751656e-06
25.45000000,8.312604695e-07,9.854833055e-07,4.476344619e-07,1.566470344e-06,1.664727104e-06
25.50000000,1.216014249e-06,3.179842863e-07,1.132732601e-06,1.621966173e-06,1.593022059e-06
25.55000000,9.158993814e-07,8.701238139e-07,1.3194068e-06,9.876160425e-07,1.405493224e-06
25.60000000,6.627600387e-07,7.02819134e-07,5.38184601e-07,1.268148317e-06,1.30248348e-06
25.65000000,6.586891478e-07,1.838313798e-06,4.265890359e-07,4.245928589e-07,6.552146241e-07
25.70000000,8.644379319e-07,2.932000785e-06,2.765303606e-07,1.91915265e-06,6.064064404e-07
25.75000000,1.185370804e-06,2.249502594e-06,3.27197754e-07,1.203224179e-06,4.301806814e-07
25.80000000,1.148535233e-06,1.539089715e-06,5.389268003e-07,1.591478151e-06,5.067394026e-07
25.85000000,7.582714556e-07,1.17493354e-06,6.78348992e-07,1.363986685e-06,6.505330979e-07
25.90000000,1.021009037e-06,1.967729282e-06,2.903821709e-07,1.670952686e-06,1.283752637e-06
25.95000000,1.404398985e-06,2.911138215e-06,4.259978801e-07,2.067348591e-06,1.07029467e-06
26.00000000,5.888599215e-07,1.369781089e-06,1.194094944e-07,1.13710427e-06,5.719820407e-08
26.05000000,3.513781946e-07,7.512854286e-07,5.514537899e-07,4.922306644e-07,2.924388108e-07
26.10000000,1.258813378e-06,1.372812382e-06,9.970022992e-07,9.77545984e-07,1.35416894e-06
26.15000000,1.428505259e-06,1.559970739e-06,1.110415002e-06,1.181561976e-06,1.760280692e-06
26.20000000,1.301194009e-06,1.964627784e-06,7.829299004e-07,1.373149638e-06,1.560997204e-06
26.25000000,1.09270463e-06,1.580970602e-06,6.502882377e-07,1.179355002e-06,1.1071331e-06
26.30000000,6.931710521e-07,7.148806011e-07,5.954748572e-07,6.207934164e-07,7.999044569e-07
26.35000000,7.7977798e-07,8.413382121e-07,8.063970099e-07,6.373139621e-07,7.921987775e-07
26.40000000,1.062043285e-06,1.47102294e-06,1.020770708e-06,8.322650017e-07,8.110045285e-07
26.45000000,7.818590391e-07,4.128551828e-07,4.984325529e-07,5.166590437e-07,6.7206469e-07
26.50000000,4.687290506e-07,4.650707742e-07,7.567413383e-07,1.317575198e-07,1.406778274e-07
26.55000000,7.226941104e-07,1.431144491e-06,1.412510096e-06,7.008387609e-07,9.952507908e-07
26.60000000,7.25975516e-07,1.716936581e-06,1.765454906e-06,5.689213259e-07,9.687825654e-07
26.65000000,1.699073653e-07,9.023163068e-07,1.866286654e-06,1.202569274e-06,8.598898967e-07
26.70000000,4.187029642e-07,1.607068001e-06,2.378828778e-06,1.557092e-06,5.552316047e-07
26.75000000,7.644710532e-07,1.613425632e-06,1.48616001e-06,7.031776805e-07,2.685323369e-07
26.80000000,6.872248151e-07,1.067646522e-06,6.00962915e-07,4.639974064e-07,5.856840311e-07
26.85000000,1.048493889e-06,1.237200739e-06,1.084796902e-06,7.217777058e-07,8.288187519e-07
26.90000000,9.687179643e-07,2.49818605e-06,3.089019865e-06,1.94391098e-06,5.16899252e-07
26.95000000,7.350358439e-07,1.957896042e-06,2.355115567e-06,1.886148743e-06,8.286431313e-07
27.00000000,9.746492468e-07,1.145554809e-06,6.97942918e-07,1.130358859e-06,1.105488806e-06
27.05000000,1.020446699e-06,4.629143197e-07,7.644128384e-07,6.877356972e-07,8.438853297e-07
27.10000000,7.355043465e-07,5.843913503e-07,8.791118968e-07,2.144599718e-07,5.968702762e-07
27.15000000,4.205805227e-07,3.318422037e-07,3.952594634e-07,5.869204774e-07,3.790776103e-07
27.20000000,5.783145195e-07,1.021555913e-06,3.025676319e-07,7.263702944e-07,9.655517027e-07
27.25000000,2.277970616e-07,8.880951219e-07,2.710225362e-07,4.366318576e-07,1.002249345e-06
27.30000000,1.539702339e-07,5.555952383e-07,3.302272883e-07,1.186321762e-06,1.117649675e-06
27.35000000,5.667850308e-07,8.397074611e-07,5.488636155e-07,1.491979527e-06,9.563910739e-07
27.40000000,4.658925414e-07,3.322887833e-07,4.364896092e-07,4.864476703e-07,4.799502571e-07
27.45000000,4.424283598e-07,5.10653669e-07,2.441414527e-07,6.403408405e-07,3.287485116e-07
27.50000000,6.444472131e-07,1.204029417e-06,2.965981926e-07,5.618698179e-07,5.179097712e-08
27.55000000,4.63361713e-07,1.867182091e-06,1.983550253e-07,1.311089203e-06,6.992618251e-08
27.60000000,6.11682905e-07,1.753249444e-06,2.674375714e-07,1.579370168e-06,6.928854259e-07
27.65000000,8.284570757e-07,1.220092068e-06,3.475838725e-08,1.299332718e-06,7.95791304e-07
27.70000000,6.160230062e-07,1.059357549e-06,2.071187299e-07,8.424518861e-07,5.454989495e-07
27.75000000,4.339779793e-07,9.35025856e-07,3.370877728e-07,7.986626197e-07,4.910765122e-07
27.80000000,7.187021599e-07,1.271291697e-06,3.892339574e-07,1.252728927e-06,5.172010028e-07
27.85000000,6.577971159e-07,1.084465178e-06,2.670176073e-07,8.448625238e-07,3.289086228e-07
27.90000000,2.951637028e-07,7.340240115e-07,3.560354777e-07,4.026688146e-07,2.522184391e-07
27.95000000,3.801051867e-07,6.129642459e-07,6.109752219e-07,6.670431466e-07,5.955404149e-07
28.00000000,5.44610132e-07,5.174355784e-07,5.630779184e-07,7.20741566e-07,8.91496068e-07
28.05000000,4.318362275e-07,7.998373423e-07,9.24760805e-07,5.123855216e-07,7.771862218e-07
28.10000000,5.564003112e-07,8.748199598e-07,1.044339275e-06,9.888686609e-07,7.698194232e-07
28.15000000,6.322919271e-07,6.708616908e-07,4.304863992e-07,6.520783961e-07,5.637884012e-07
28.20000000,3.751717559e-07,3.782256653e-07,7.746149374e-07,4.760704591e-07,2.539336239e-07
28.25000000,4.787719487e-07,9.684392396e-07,1.404917597e-06,9.357540711e-07,1.384814486e-07
28.30000000,5.766172937e-07,7.136640828e-07,4.60546316e-07,1.800330257e-07,2.182126842e-07
28.35000000,4.899513025e-07,2.15198858e-07,4.382993693e-07,1.175352884e-07,7.506923204e-08
28.40000000,4.547035775e-07,8.169235928e-07,8.933435216e-07,7.509987712e-07,5.429227181e-07
28.45000000,5.767489325e-07,1.423454318e-06,1.701490686e-06,1.06757802e-06,6.173423591e-07
28.50000000,3.383461172e-07,1.101629587e-06,1.479005806e-06,6.774462283e-07,1.537531118e-07
28.55000000,2.344035632e-07,8.680096846e-07,1.336191185e-06,4.506315062e-07,5.458168953e-08
28.60000000,4.903942056e-07,1.048463108e-06,1.014932412e-06,4.082064324e-07,3.556259738e-07
28.65000000,5.633633841e-07,8.138619533e-07,5.277631858e-07,3.868727062e-07,4.054265132e-07
28.70000000,5.396677767e-07,5.22595121e-07,5.934046089e-07,6.631620675e-07,3.886223886e-07
28.75000000,3.307618574e-07,9.131632548e-07,1.322691782e-06,1.034987914e-06,3.929819257e-07
28.80000000,5.089601546e-07,1.142567556e-06,1.33186301e-06,1.032461019e-06,4.10366961e-07
28.85000000,5.313550289e-07,7.089738048e-07,6.015886349e-07,5.842699402e-07,5.576823234e-07
28.90000000,5.432120719e-07,2.653751818e-07,4.838256747e-07,4.922214953e-07,6.320604831e-07
28.95000000,4.740927269e-07,2.393015779e-07,5.095982663e-07,4.882937108e-07,4.851225711e-07
29.00000000,1.801640826e-07,2.440115165e-07,1.866922035e-07,1.846624556e-07,1.941778328e-07
29.05000000,3.369277541e-07,5.807894962e-07,3.332053248e-07,3.444951142e-07,2.310868261e-07
29.10000000,3.665002975e-07,7.77059399e-07,6.060642738e-08,2.105498601e-07,2.780368982e-07
29.15000000,1.766060753e-07,3.551467841e-07,4.274569469e-07,4.793408151e-07,3.537265423e-07
29.20000000,1.427286589e-07,7.198836881e-07,2.690024816e-07,1.084062505e-06,5.325709206e-07
29.25000000,1.687585327e-07,4.846451664e-07,3.723391983e-07,6.636665808e-07,3.018877977e-07
29.30000000,1.65828669e-07,2.133887134e-07,1.839598732e-07,9.160864091e-08,1.340551004e-07
29.35000000,3.839256533e-07,4.641940218e-07,1.471091055e-07,3.518845135e-07,2.423581315e-07
29.40000000,2.7373332e-07,9.33009199e-07,1.560741067e-07,7.062131137e-07,1.865480641e-07
29.45000000,2.267293219e-07,7.863063308e-07,1.889327824e-07,8.615040034e-07,1.654195385e-07
29.50000000,4.159379933e-07,6.199704548e-07,5.417976367e-08,6.476723834e-07,4.505995665e-07
29.55000000,5.300830039e-07,8.22574066e-07,2.46819217e-07,5.455834114e-07,4.614319669e-07
29.60000000,5.309881485e-07,9.118345758e-07,5.000612733e-07,2.580955873e-07,4.202793861e-07
29.65000000,4.564288368e-07,8.318014003e-07,3.774147835e-07,3.253276843e-07,3.174719683e-07
29.70000000,4.3015725e-07,7.189060258e-07,1.079097674e-07,7.062118916e-07,4.555105522e-07
29.75000000,1.768346582e-07,4.169320676e-07,1.453191093e-07,5.936245571e-07,4.60239921e-07
29.80000000,1.785582867e-07,2.840502248e-07,3.489427184e-07,4.934504503e-07,4.466450584e-07
29.85000000,2.700306405e-07,2.079284199e-07,5.308385457e-07,4.987712933e-07,3.134324343e-07
29.90000000,1.079722858e-07,2.955861219e-07,3.524551734e-07,4.628177327e-07,4.107656109e-07
29.95000000,4.682064333e-08,4.452789182e-07,6.683569603e-07,6.366228616e-07,3.969204503e-07
30.00000000,2.433284984e-07,2.635428573e-07,1.550336458e-07,4.37610606e-07,2.623737668e-07
30.05000000,1.443823733e-07,2.826446923e-07,2.920283908e-07,2.186496342e-07,2.1072183e-07
30.10000000,2.367475212e-07,4.636543823e-07,7.612788109e-07,7.877052527e-07,2.388982726e-07
30.15000000,3.870922069e-07,4.429175919e-07,3.307698875e-07,4.38493667e-07,2.024599708e-07
30.20000000,1.664949334e-07,2.064988461e-07,4.808412755e-07,1.927005889e-07,1.008106813e-07
30.25000000,1.384515003e-07,1.786099187e-07,4.762296182e-07,3.156292782e-07,1.066673909e-07
30.30000000,3.365994679e-07,7.832469533e-07,8.097608799e-07,5.086132559e-07,3.271038953e-07
30.35000000,3.457103251e-07,8.655187222e-07,8.751335607e-07,4.931528236e-07,1.490875971e-07
30.40000000,2.405065937e-07,7.664009279e-07,9.594424013e-07,4.35844841e-07,1.242330508e-07
30.45000000,3.659165422e-07,6.518670337e-07,6.941293158e-07,4.042988263e-07,2.655057433e-07
30.50000000,2.932732052e-07,4.676481729e-07,5.946349387e-07,4.946729984e-07,2.683349028e-07
30.55000000,1.491215809e-07,4.242917053e-07,5.200672092e-07,6.035639608e-07,4.002592736e-07
30.60000000,2.455821324e-07,5.713911782e-07,4.500333219e-07,4.228639204e-07,3.162177549e-07
30.65000000,3.581045365e-07,6.348671016e-07,4.813139336e-07,6.228049943e-07,3.944923554e-07
30.70000000,2.855341038e-07,3.368449757e-07,9.636234174e-08,5.988697993e-07,5.147869464e-07
30.75000000,2.106227241e-07,3.26437692e-07,3.655973783e-07,2.179899567e-07,3.206510787e-07
30.80000000,2.012987017e-07,1.927575865e-07,2.809259331e-07,2.939344391e-07,2.600184954e-07
30.85000000,1.61338181e-07,3.857868109e-07,1.142731733e-07,2.992128543e-07,1.025698817e-07
30.90000000,1.668433518e-07,1.219395331e-07,1.396486356e-07,3.352500395e-07,2.588713363e-07
30.95000000,3.672897499e-07,6.33466961e-07,1.800519927e-07,2.867031675e-07,2.865238967e-07
31.00000000,2.339946685e-07,4.77150745e-07,2.604456772e-07,2.732369122e-07,6.144184747e-08
31.05000000,1.272307546e-07,6.39262376e-07,3.844380566e-07,5.921402824e-07,9.666908765e-08
31.10000000,7.138988706e-08,4.081745648e-07,2.342639189e-07,5.020636279e-07,8.362694883e-08
31.15000000,2.430989589e-08,1.209792361e-07,1.214563889e-07,1.720151289e-07,1.735415211e-07
31.20000000,1.310703757e-07,3.953406693e-07,3.587802043e-07,2.335910019e-07,1.843558505e-07
31.25000000,1.886288077e-07,4.330790722e-07,2.399272367e-07,3.762027147e-07,1.769878396e-07
31.30000000,1.837058048e-07,3.536460582e-07,1.518175811e-07,3.971189076e-07,8.631438926e-08
31.35000000,2.342034783e-07,3.489980036e-07,7.616873363e-08,4.890036771e-07,3.124963845e-07
31.40000000,3.475246056e-07,3.187797764e-07,5.141825797e-08,2.890475163e-07,3.190441599e-07
31.45000000,4.340352905e-07,3.849740788e-07,7.552105443e-08,2.433839832e-07,2.842244948e-07
31.50000000,4.194463607e-07,3.712585453e-07,1.312660356e-07,3.099442518e-07,1.831676643e-07
31.55000000,2.879101268e-07,4.869728007e-07,1.579777597e-07,3.726477557e-07,1.802978898e-07
31.60000000,2.402615584e-07,5.051494919e-07,2.976443393e-07,6.327870954e-08,9.592624539e-08
31.65000000,2.175694134e-07,2.855496629e-07,3.521518857e-07,2.570920321e-07,4.207140233e-08
31.70000000,1.168422375e-07,2.892706201e-07,6.198519106e-07,4.143486691e-07,1.620323008e-07
31.75000000,1.250260434e-07,1.593842238e-07,5.3014955e-07,4.460884598e-07,1.61822277e-07
31.80000000,1.592427923e-07,2.059011695e-07,3.350359715e-07,3.426702995e-07,1.656216994e-07
31.85000000,2.645501413e-07,3.331450175e-07,1.516399892e-07,2.098899504e-07,1.672540466e-07
31.90000000,1.19569277e-07,3.324818989e-08,2.144204122e-07,1.364607193e-07,2.355591564e-07
31.95000000,1.103573497e-07,3.456886092e-07,4.295804662e-07,1.594653169e-07,7.819516764e-08
32.00000000,2.917309326e-07,3.143576048e-07,2.273585277e-07,2.251374596e-07,1.032049179e-07
32.05000000,3.132672886e-07,2.283084033e-07,1.682304562e-07,6.470645466e-08,3.133361502e-08
32.10000000,2.29924729e-07,2.104937658e-07,8.963043093e-08,8.262162494e-08,1.217718743e-07
32.15000000,2.359175734e-07,3.662625324e-07,4.251595034e-07,3.514835783e-07,3.458354816e-07
32.20000000,2.475603128e-07,5.721318434e-07,4.265106428e-07,2.837924377e-07,2.722641453e-07
32.25000000,1.144587501e-07,3.872178767e-07,4.000708089e-07,2.139470416e-07,8.815057723e-08
32.30000000,2.181766861e-07,5.377338121e-07,5.459828693e-07,2.52484393e-07,2.307076933e-07
32.35000000,2.825528397e-07,5.151367829e-07,5.629037396e-07,4.257221151e-07,2.756470141e-07
32.40000000,1.174154094e-07,1.092979385e-07,4.092849705e-07,7.098238254e-07,3.108618446e-07
32.45000000,7.214007502e-08,1.409712025e-07,1.305932765e-07,4.035028843e-07,2.595761754e-07
32.50000000,1.016340965e-08,2.069871253e-07,1.965948692e-07,1.996818944e-07,1.805162017e-07
32.55000000,1.902604814e-07,4.893762284e-07,3.299732374e-07,4.028285076e-07,3.143859517e-07
32.60000000,2.035862939e-07,4.293647835e-07,1.829747947e-07,3.488216884e-07,2.392932833e-07
32.65000000,2.297397427e-07,5.641129753e-08,9.165497319e-08,3.202351428e-07,1.361141461e-07
32.70000000,7.153165484e-08,3.35421933e-07,8.492524132e-08,3.884534154e-07,1.559769578e-07
32.75000000,1.123627889e-07,2.837830022e-07,6.158644268e-08,2.3774006e-07,8.921424242e-08
32.80000000,2.325964374e-07,3.16289894e-07,3.061759015e-07,6.339690457e-08,2.535337876e-07
32.85000000,1.011626746e-07,1.368977346e-07,2.596849455e-07,9.092000775e-08,9.431557274e-08
32.90000000,1.123606704e-07,3.839727328e-07,1.166360678e-07,1.550209919e-07,3.904898068e-08
32.95000000,1.30891606e-07,2.772490342e-07,1.593156477e-07,1.175375373e-07,6.661650682e-08
33.00000000,1.480849736e-07,2.485323058e-07,1.814129455e-07,1.525791492e-07,1.709662483e-07
33.05000000,1.587790331e-07,2.306872554e-07,1.277836013e-07,2.813843924e-07,3.257889791e-07
33.10000000,2.649361273e-07,3.107934596e-07,9.628684165e-08,3.069362035e-07,2.717138374e-07
33.15000000,2.096681635e-07,2.471249656e-07,1.135298446e-07,3.042041112e-07,1.385763241e-07
33.20000000,8.156822392e-08,2.845470219e-07,2.236718465e-07,4.733051721e-07,2.56072968e-07
33.25000000,1.507152664e-07,3.722425969e-07,3.454243075e-07,3.095380902e-07,2.134373924e-07
33.30000000,1.782814333e-07,2.531020794e-07,2.023493978e-07,1.401320672e-08,1.044574637e-07
33.35000000,2.235755013e-07,1.019788349e-07,2.428815959e-07,2.710719865e-07,1.02432678e-07
33.40000000,1.410366595e-07,7.659132898e-08,2.033213042e-07,2.255480543e-07,1.004197196e-07
33.45000000,1.571633246e-07,2.500297135e-07,5.945918809e-08,1.582636193e-07,9.217955407e-08
33.50000000,1.341825117e-07,1.091384204e-07,1.039710356e-07,2.913133451e-07,1.956417018e-07
33.55000000,7.690093644e-08,2.18419138e-07,3.903034381e-07,4.456327431e-07,2.064717568e-07
33.60000000,1.039200583e-07,2.132948225e-07,4.200781221e-07,4.027295537e-07,1.333847947e-07
33.65000000,6.996836413e-08,8.885876684e-08,1.695946366e-07,1.816939542e-07,4.247587731e-08
33.70000000,7.689998759e-08,6.437308308e-08,1.437894998e-07,1.774969042e-07,9.062552798e-08
33.75000000,1.418742292e-07,1.17043609e-07,1.796085399e-07,7.569091484e-08,4.120491625e-08
33.80000000,1.369712574e-07,3.15096013e-07,3.372635705e-07,1.974672511e-07,7.139421427e-08
33.85000000,1.793521885e-07,2.933345889e-07,2.70399434e-07,2.06700824e-07,1.78837874e-07
33.90000000,2.386784813e-07,2.127976015e-07,2.353004814e-07,4.263442704e-08,1.07655086e-07
33.95000000,2.023341861e-07,1.80322458e-07,1.695767109e-07,1.352591316e-07,1.017730058e-07
34.00000000,2.845594815e-07,2.903261553e-07,5.097214956e-08,1.861108919e-07,1.960282689e-07
34.05000000,2.218361767e-07,3.116375675e-07,2.044535178e-07,2.142475966e-07,1.378715242e-07
34.10000000,1.060845452e-07,2.654767485e-07,2.768908245e-07,1.477446043e-07,6.578165815e-08
34.15000000,6.884198476e-08,1.847681573e-07,1.349632015e-07,1.390409973e-07,1.331962607e-07
34.20000000,1.67049102e-07,1.4978303e-07,1.215194658e-07,2.634741347e-07,2.158865316e-07
34.25000000,1.531733118e-07,7.942688479e-08,1.028088153e-07,3.762544292e-07,2.087870403e-07
34.30000000,9.732004058e-08,3.487284793e-08,6.899272867e-08,3.067500339e-07,2.543138838e-07
34.35000000,7.643127712e-08,6.249035047e-08,9.471629671e-08,2.57739236e-07,1.912980048e-07
34.40000000,2.476181408e-08,6.359236929e-08,4.402984903e-08,7.661651146e-08,1.068865828e-07
34.45000000,4.740709112e-08,1.992036066e-07,9.01383636e-08,1.157666013e-07,1.892598653e-07
34.50000000,1.659724479e-07,1.411152714e-07,5.659941704e-08,1.692176586e-07,1.23480224e-07
34.55000000,1.615959887e-07,9.841448223e-08,1.317222209e-07,3.43590408e-07,1.195132379e-07
34.60000000,1.535558254e-07,3.144619235e-07,5.451289943e-08,2.72062351e-07,5.460086576e-08
34.65000000,1.514488685e-07,2.585774514e-07,1.000046563e-07,1.996580488e-07,2.115887712e-07
34.70000000,1.582688472e-07,2.045760949e-07,7.958228642e-08,1.418384958e-07,1.237714645e-07
34.75000000,2.870158499e-08,5.527479418e-08,4.006170604e-08,2.330672884e-07,1.751524653e-07
34.80000000,4.023045902e-08,8.479797961e-08,1.020128109e-07,1.562258064e-07,6.674836134e-08
34.85000000,1.521810142e-07,1.132893489e-07,9.062291622e-08,1.334367072e-07,2.426646066e-07
34.90000000,2.402555781e-07,2.72948111e-07,3.324172272e-08,2.862161322e-07,2.492441255e-07
34.95000000,2.347838057e-07,3.564398685e-07,8.723396811e-08,2.233791185e-07,1.758079334e-07
35.00000000,1.480632705e-07,3.027953868e-07,1.625690787e-07,1.585499557e-07,9.439800922e-08
35.05000000,4.817488647e-08,1.062764195e-07,4.992668565e-08,2.157021892e-07,2.089170755e-07
35.10000000,1.32606129e-07,2.930707746e-07,2.364955598e-07,1.96724501e-07,2.048586604e-07
35.15000000,1.345033529e-07,2.982610758e-07,1.620919057e-07,1.16791091e-07,8.892215521e-08
35.20000000,1.077546731e-07,2.039716936e-07,2.03534917e-07,2.475147123e-07,1.35617764e-07
35.25000000,5.864462773e-08,9.786894835e-08,2.395694897e-07,2.031259257e-07,8.458905892e-08
35.30000000,6.042262453e-08,1.181345241e-07,7.162317747e-08,3.792661482e-08,1.105860991e-07
35.35000000,2.726746424e-08,1.778227897e-07,1.088733016e-07,1.516725454e-07,1.207003325e-07
35.40000000,8.441849047e-08,2.511213969e-07,2.323782808e-07,2.534268406e-07,1.756605183e-07
35.45000000,1.324639374e-07,1.356858483e-07,1.774956966e-07,1.598864364e-07,1.284841946e-07
35.50000000,1.588028066e-07,1.161343389e-07,1.469162255e-07,1.042980328e-07,3.868649575e-08
35.55000000,1.023466221e-07,1.036798552e-07,1.34179036e-07,1.021383892e-07,5.105514025e-08
35.60000000,1.911527773e-07,1.550277092e-07,9.351537868e-08,4.543960159e-08,1.034660057e-07
35.65000000,2.083586219e-07,2.147683082e-07,1.400241431e-07,1.363115219e-07,1.34450865e-07
35.70000000,1.463508183e-07,2.484109538e-07,1.839226286e-07,1.458166813e-07,1.323192902e-07
35.75000000,1.789754541e-07,2.30471837e-07,1.890842924e-07,4.402907296e-08,1.048462309e-07
35.80000000,1.403811214e-07,1.126032401e-07,1.653472154e-07,1.328445565e-07,2.840217088e-08
35.85000000,2.981121889e-08,6.843623423e-08,1.100776483e-07,2.135897272e-07,1.393382753e-07
35.90000000,4.869687852e-08,7.119597374e-08,9.084887475e-08,2.035755058e-07,1.145222836e-07
35.95000000,2.389767487e-08,4.680027334e-08,8.010377446e-08,1.792629317e-07,1.540180176e-07
36.00000000,9.073816264e-08,4.636104826e-08,2.771765951e-08,1.213181172e-07,1.788757263e-07
36.05000000,6.806127697e-08,5.737495188e-08,8.23129469e-08,1.28120079e-07,1.692112765e-07
36.10000000,1.424682681e-07,2.972010186e-08,9.690973435e-08,1.391726561e-07,1.437572908e-07
36.15000000,1.126954272e-07,1.359554091e-07,1.120029352e-07,2.323309038e-07,1.248121609e-07
36.20000000,2.123666979e-08,1.215998594e-07,1.625279856e-07,2.221206513e-07,1.308965233e-07
36.25000000,1.145459669e-07,1.405501394e-07,1.007122342e-07,7.646426475e-08,5.186525675e-08
36.30000000,1.260955591e-07,6.544490686e-08,6.670646179e-08,1.144977629e-07,1.085285023e-07
36.35000000,7.276638027e-08,1.059145009e-07,1.180233092e-07,1.744851844e-07,1.564620684e-07
36.40000000,1.047145931e-07,8.706465143e-08,3.063003126e-08,4.247586879e-08,7.943956807e-08
36.45000000,9.816121502e-08,7.328724008e-08,4.969079921e-08,1.164466008e-07,8.774665763e-08
36.50000000,7.34067236e-08,1.109310815e-07,4.035985467e-08,9.79850085e-08,9.018459103e-08
36.55000000,7.473859087e-08,2.134201136e-08,1.569942797e-07,1.274468025e-07,5.848041774e-08
36.60000000,6.336546573e-08,3.747404021e-08,1.143217868e-07,1.025087785e-07,5.184988006e-08
36.65000000,3.482067606e-08,9.769906152e-08,6.139912724e-08,1.412527574e-07,9.29738308e-08
36.70000000,8.825999129e-08,6.450809075e-08,1.108811384e-07,1.333520293e-07,1.5127197e-07
36.75000000,1.298610479e-07,3.650530661e-08,8.109821238e-08,1.938870881e-07,2.018805491e-07
36.80000000,5.61100151e-08,6.637564006e-08,6.078120329e-08,1.750636287e-07,1.779150548e-07
36.85000000,7.164060752e-08,1.231034491e-07,1.737366722e-07,1.223101719e-07,1.199697203e-07
36.90000000,9.014491288e-08,1.819292514e-07,1.754451792e-07,1.110920094e-07,5.492262223e-08
36.95000000,8.645339086e-08,1.311844845e-07,4.37245876e-08,1.047251223e-07,5.411677428e-08
37.00000000,3.065616006e-08,9.937149632e-08,8.815848048e-09,1.389054389e-07,7.896699794e-08
37.05000000,1.354388855e-07,1.04543576e-07,7.5154016e-08,8.400907482e-08,7.532036641e-08
37.10000000,1.45561918e-07,1.199810345e-07,9.467571647e-08,9.445241695e-08,3.357752066e-08
37.15000000,6.101102855e-08,7.385979906e-08,1.758452992e-08,6.564300453e-08,5.410685201e-08
37.20000000,5.661586673e-08,6.261094049e-08,2.736760422e-08,3.343041582e-08,3.33665243e-08
37.25000000,6.135926805e-08,9.404751017e-08,9.838334294e-08,1.992235764e-07,1.372415025e-07
37.30000000,4.917305942e-08,7.838324814e-08,1.774925633e-07,2.17356702e-07,6.887192191e-08
37.35000000,1.157159556e-07,5.192248861e-09,1.198563389e-07,6.730162308e-08,6.38885935e-08
37.40000000,1.170895519e-07,5.46538497e-08,1.552517033e-07,5.175294748e-08,8.276492805e-08
37.45000000,8.65629065e-08,5.364038781e-08,1.117351944e-07,5.591303432e-08,2.973731845e-08
37.50000000,1.282182802e-07,1.155540383e-07,3.935833523e-08,8.610806975e-08,8.558476096e-08
37.55000000,1.356169648e-07,1.467591197e-07,3.499520023e-08,1.993109064e-08,6.432547154e-08
37.60000000,8.225301488e-08,8.484846679e-08,9.282853185e-08,3.287223335e-08,9.158229094e-08
37.65000000,8.019253395e-08,8.502881033e-08,1.69518564e-07,3.096872674e-08,7.925944991e-08
37.70000000,4.787358061e-08,6.063713101e-08,1.2960915e-07,6.261976035e-08,9.326217839e-08
37.75000000,2.00814301e-08,5.654927414e-08,8.979345057e-08,5.246957911e-08,5.733509892e-08
37.80000000,4.553037986e-08,4.654238531e-08,9.87605987e-08,5.677512795e-08,7.050455692e-08
37.85000000,5.334334514e-08,7.571028095e-08,6.496701581e-08,4.32519937e-08,1.239655813e-07
37.90000000,6.400643931e-08,4.23889711e-08,3.916488755e-08,7.619912453e-08,1.038033879e-07
37.95000000,7.530575713e-08,4.222886995e-08,7.968564749e-08,6.531476879e-08,7.642164248e-08
38.00000000,7.44450506e-08,2.166468574e-08,6.946134104e-08,6.945563854e-08,4.504760927e-08
38.05000000,3.98188466e-08,4.618918506e-08,3.600829966e-08,3.613936981e-08,6.044436975e-08
38.10000000,4.819453129e-08,8.129941241e-08,2.930705899e-08,6.359249992e-08,1.641691649e-08
38.15000000,1.051831536e-07,7.559198729e-08,3.547759643e-08,7.623498425e-08,4.846094302e-08
38.20000000,6.216493573e-08,9.094577995e-09,5.713915332e-08,5.519328822e-08,7.484886037e-08
38.25000000,5.386181247e-08,5.809801966e-08,1.223327445e-07,1.457895843e-07,1.293772092e-07
38.30000000,9.331157815e-08,5.088377482e-08,1.024941733e-07,8.628332844e-08,5.93631234e-08
38.35000000,9.127647498e-08,1.063806633e-07,6.767899886e-08,5.08610443e-08,2.419528595e-08
38.40000000,7.88840678e-08,7.292692449e-08,5.074883609e-08,5.701771918e-08,2.547908748e-08
38.45000000,6.043647996e-08,8.550759959e-08,1.065322084e-07,3.902056309e-08,6.401417188e-08
38.50000000,1.646105939e-08,5.369258808e-08,8.653065669e-08,9.970072846e-08,2.045996985e-08
38.55000000,5.223838816e-08,1.05299367e-07,2.958324173e-08,6.645624911e-08,1.196543535e-08
38.60000000,1.134512265e-07,8.707683971e-08,1.566424318e-07,1.839230762e-07,9.689237133e-08
38.65000000,9.721420919e-08,7.399042532e-08,6.675065057e-08,1.812469379e-07,1.334895351e-07
38.70000000,9.415611157e-08,1.699638074e-07,1.388479335e-07,7.625129742e-08,9.434748072e-08
38.75000000,1.57084838e-07,1.921096992e-07,1.660741123e-07,1.140891474e-07,6.207469373e-08
38.80000000,1.451086792e-07,1.298379231e-07,3.941852167e-08,6.35888184e-08,5.27597045e-08
38.85000000,5.391814367e-08,5.884538669e-08,2.523704476e-08,4.041206899e-08,5.118124746e-08
38.90000000,3.218937064e-08,1.096830525e-08,4.331629906e-08,4.90844889e-08,6.948925009e-08
38.95000000,8.917015732e-08,7.160443297e-08,5.836012039e-08,4.99604673e-08,9.032721639e-08
39.00000000,4.538752699e-08,6.305363389e-08,8.729433875e-08,3.636296588e-08,3.231174686e-08
39.05000000,6.294005474e-08,7.6367424e-08,4.25572468e-08,1.753126629e-08,2.528936611e-08
39.10000000,8.162859754e-08,9.090583226e-08,4.677165126e-08,2.530966738e-08,3.135043319e-08
39.15000000,4.792650003e-08,6.001607296e-08,9.390828988e-08,7.645899804e-08,3.338477146e-08
39.20000000,1.509335774e-08,4.685258898e-08,7.179856638e-08,4.92327681e-08,6.222633564e-08
39.25000000,3.485068062e-08,1.470823598e-08,3.94356501e-08,4.665478805e-08,1.664942624e-08
39.30000000,3.794070171e-08,3.668811719e-08,3.244677373e-08,3.116166902e-08,2.484584759e-08
39.35000000,7.060428725e-08,7.574326486e-08,5.04505553e-08,9.158423374e-08,7.603397645e-08
39.40000000,9.193655469e-08,1.2287006e-07,3.127557038e-08,1.027454809e-07,1.117865074e-07
39.45000000,4.216237596e-08,4.692759867e-08,1.835199536e-08,6.943824031e-08,6.595367734e-08
39.50000000,2.384629345e-08,4.970439813e-08,4.115339187e-08,8.951232829e-08,6.606899672e-08
39.55000000,2.015788379e-08,3.89222331e-08,1.951716038e-08,7.18340613e-08,9.322952809e-08
39.60000000,4.37166087e-08,7.537856325e-08,7.418491677e-08,3.993027436e-08,7.960984626e-08
39.65000000,6.075627272e-08,9.515450292e-08,2.43702866e-08,6.430378697e-08,4.881242684e-08
39.70000000,7.800154632e-08,9.426725036e-08,2.715692697e-08,2.101325419e-08,4.145922578e-08
39.75000000,7.174777725e-08,7.892125696e-08,4.408425972e-08,7.503774135e-08,2.984968767e-08
39.80000000,5.781587514e-08,7.627264312e-08,6.451529164e-08,6.169053846e-08,9.218963724e-09
39.85000000,8.82185863e-08,7.948451014e-08,5.712219183e-08,4.409276229e-08,1.761327549e-08
39.90000000,6.377365103e-08,6.148508775e-08,5.163191567e-08,8.993144247e-09,1.996354338e-08
39.95000000,3.610218074e-08,8.003254525e-08,3.793591318e-08,6.051856925e-08,3.231944316e-08
40.00000000,3.261528781e-09,1.823820337e-08,2.3932667e-08,1.874595021e-08,5.304946033e-08
40.05000000,3.145515836e-08,2.777559441e-08,4.877042019e-08,5.35780832e-08,2.922329587e-08
40.10000000,4.710252375e-08,6.910267826e-08,4.245867333e-08,3.911882767e-08,5.475110265e-08
40.15000000,5.242483155e-08,8.525297047e-08,2.859661525e-08,6.995924203e-08,9.295634174e-08
40.20000000,4.326434144e-08,3.86018085e-08,2.989430006e-08,6.324735055e-08,5.064470164e-08
40.25000000,5.194090516e-08,1.148528603e-07,8.064199828e-08,1.074166874e-07,5.711656828e-08
40.30000000,5.573406149e-08,6.992546359e-08,3.660114242e-08,8.289074171e-08,7.003930841e-08
40.35000000,5.601825477e-08,6.489803115e-08,6.945686071e-08,9.068721251e-08,6.100190756e-08
40.40000000,4.582432337e-08,4.459313741e-08,9.690361607e-08,8.539926518e-08,5.704547261e-08
40.45000000,4.271098155e-08,3.806466543e-08,5.017960533e-08,4.641245521e-08,3.294250625e-08
40.50000000,4.850753122e-09,6.520916789e-08,7.889769164e-08,4.456601359e-08,2.845307499e-08
40.55000000,3.354012179e-08,6.19233908e-08,6.7251573e-08,4.082446264e-08,3.488255415e-08
40.60000000,5.269238376e-08,4.746630971e-08,5.270177763e-09,3.482851714e-08,3.389092499e-08
40.65000000,6.195310448e-08,8.8216651e-08,7.157674476e-08,2.193001564e-08,2.051309709e-08
40.70000000,4.575292617e-08,8.095239862e-08,5.904694142e-08,4.272789108e-08,1.935645907e-08
40.75000000,1.979434224e-08,4.748111747e-08,5.442445052e-08,3.452888996e-08,6.288895824e-08
40.80000000,1.416110699e-08,3.473586434e-08,7.730408284e-08,1.297953039e-08,5.943549038e-08
40.85000000,4.02156955e-08,5.269445947e-08,5.012721453e-08,2.555031394e-08,2.404425256e-08
40.90000000,4.635355334e-08,6.72314327e-08,3.831043163e-08,3.52894184e-08,5.403444722e-08
40.95000000,4.969950508e-08,6.077626085e-08,3.038139557e-08,1.76079666e-08,5.009784742e-08
41.00000000,4.239766855e-08,3.466844001e-08,5.60388201e-08,3.526705437e-08,2.079867266e-08
41.05000000,4.570368821e-08,3.566546443e-08,2.879625883e-08,5.82114227e-08,4.619551678e-08
41.10000000,2.539002343e-08,4.036199101e-08,2.961436578e-08,5.718324013e-08,5.879705724e-08
41.15000000,2.376993703e-08,3.933856183e-08,9.548144855e-08,6.119985284e-08,3.199263592e-08
41.20000000,2.316164718e-08,5.99625089e-08,1.135136829e-07,5.833763375e-08,4.614795085e-09
41.25000000,3.253680585e-08,1.815873189e-08,6.916433806e-08,5.364239947e-08,4.432094244e-08
41.30000000,5.691305946e-08,9.215087109e-08,2.307432773e-08,5.956245381e-08,5.313717962e-08
41.35000000,6.142317292e-08,1.03259307e-07,9.213948015e-08,8.727622322e-08,7.592723696e-08
41.40000000,4.465037753e-08,9.077900189e-08,7.64884702e-08,7.21906841e-08,9.169158889e-08
41.45000000,6.05817531e-08,1.066395765e-07,5.52291541e-08,2.254339742e-09,3.203483737e-08
41.50000000,6.057655169e-08,1.05872934e-07,5.853493954e-08,3.485011272e-08,1.098496625e-08
41.55000000,2.928417841e-08,8.959093187e-08,6.488057717e-08,8.109439354e-09,1.549982703e-08
41.60000000,5.259685842e-08,9.185026921e-08,4.059817571e-08,4.194016428e-08,2.966707455e-08
41.65000000,6.889315075e-08,8.817625302e-08,1.063894646e-08,6.329182001e-08,5.645666418e-08
41.70000000,6.763886177e-08,9.318114156e-08,2.363200001e-08,3.830572953e-08,1.803894782e-08
41.75000000,2.761027804e-08,6.789779383e-08,3.777315771e-08,4.255160438e-08,5.754705226e-08
41.80000000,1.966800219e-08,8.50228461e-08,5.388292396e-08,7.216515949e-08,4.729895004e-08
41.85000000,1.623564929e-08,4.324162801e-08,2.882197504e-08,9.602924864e-08,5.302102783e-08
41.90000000,1.217618553e-08,3.929442886e-08,5.999420091e-08,8.73116986e-08,5.47637466e-08
41.95000000,1.915404954e-08,5.798851821e-08,7.256077331e-08,6.671072172e-08,3.91665521e-08
42.00000000,2.537157742e-08,5.423557732e-08,3.432702122e-08,3.655442576e-08,3.149357399e-08
42.05000000,3.10747023e-08,4.063473126e-08,1.636380433e-08,5.390980958e-08,7.637759842e-08
42.10000000,4.745742757e-08,2.345140052e-08,8.929721497e-08,4.23033944e-08,8.027466552e-08
42.15000000,1.702067839e-08,4.474415951e-08,9.631443974e-08,2.497270452e-08,4.721202606e-08
42.20000000,5.874494329e-08,6.211545957e-08,3.459841377e-08,6.612390333e-08,5.186090438e-08
42.25000000,6.876551984e-08,7.637435986e-08,1.723311887e-08,2.070543164e-08,7.300414105e-09
42.30000000,5.431650722e-08,7.143426588e-08,1.974912699e-08,2.044100063e-08,7.609298591e-09
42.35000000,1.559196839e-08,4.455658171e-08,2.319323539e-08,2.587844331e-08,2.356478521e-08
42.40000000,1.284066888e-08,4.45623816e-08,3.112111213e-08,1.350130226e-08,2.476657515e-08
42.45000000,2.472844353e-08,1.745781196e-08,8.499315223e-09,4.657253676e-09,2.145520832e-08
42.50000000,3.532688099e-08,4.676492713e-08,5.136193989e-08,2.388886133e-08,4.244858521e-09
42.55000000,2.287221308e-08,4.984261339e-08,2.416209008e-08,9.075348784e-09,2.335830034e-08
42.60000000,3.445407425e-08,5.686728589e-08,5.491106619e-08,2.045142147e-08,2.000927024e-08
42.65000000,8.448151389e-09,5.316501311e-08,2.659305941e-08,1.452410236e-08,1.099182472e-08
42.70000000,3.846959466e-08,5.272936265e-08,6.104633229e-08,2.465385023e-08,1.407484139e-08
42.75000000,9.383727099e-09,3.578437047e-08,6.401010065e-08,2.057613878e-08,2.450201207e-08
42.80000000,1.251185397e-08,6.581420421e-09,2.385003611e-08,2.557919331e-08,3.220670754e-08
42.85000000,1.884119195e-08,2.983826417e-08,2.433020066e-08,3.978710897e-08,4.37024545e-09
42.90000000,2.890961755e-08,5.994604123e-08,5.983441244e-08,7.395275047e-08,4.364252191e-08
42.95000000,3.305359245e-08,9.838076236e-08,9.920672087e-08,8.70235432e-08,5.550186297e-08
43.00000000,1.713693217e-08,4.594495627e-08,6.304400421e-08,6.708767332e-08,4.499400795e-08
43.05000000,1.861463714e-08,3.151607393e-08,3.51231491e-08,5.297571927e-08,3.589794069e-08
43.10000000,5.161063415e-08,4.521155829e-08,5.133601515e-08,4.98857809e-08,2.036332023e-08
43.15000000,3.660846521e-08,3.375974771e-08,4.492572597e-09,2.107791435e-08,3.257526342e-08
43.20000000,6.93190631e-09,2.824090383e-08,6.246729418e-08,2.859216693e-08,1.324318831e-08
43.25000000,2.160629968e-08,9.481893161e-09,4.143968082e-08,4.467218007e-08,1.29094739e-08
43.30000000,2.456360545e-08,5.251086212e-08,1.527560122e-08,4.460277547e-08,1.324257903e-08
43.35000000,3.586208607e-08,5.060990856e-08,1.215683365e-08,4.437492322e-08,1.298626566e-08
43.40000000,3.708972977e-08,3.388474082e-08,3.021077068e-08,9.060986518e-08,4.677582624e-08
43.45000000,4.374578398e-08,7.007541742e-08,1.093454292e-08,7.726076884e-08,3.223171502e-08
43.50000000,8.834136583e-08,1.050128115e-07,2.797246363e-08,3.787590464e-08,2.002613926e-09
43.55000000,7.071311924e-08,5.803961449e-08,1.831687897e-08,2.984697799e-08,2.745318454e-08
43.60000000,2.724744841e-08,1.860729462e-08,2.904913694e-08,2.729850509e-08,1.858101104e-08
43.65000000,1.590024752e-08,1.873292526e-08,3.621833218e-08,3.1465988e-08,3.716578594e-08
43.70000000,6.509865518e-08,7.04099712e-08,2.799036123e-08,4.989044017e-08,2.282092742e-08
43.75000000,5.790191339e-08,7.107939196e-08,1.05972553e-08,4.796084385e-08,2.22215129e-08
43.80000000,5.44858744e-08,8.56963502e-08,3.174485785e-08,4.729146219e-08,2.088744817e-08
43.85000000,4.30392686e-08,6.76993633e-08,2.371431663e-08,5.145822791e-08,2.650663222e-08
43.90000000,5.343899525e-08,4.468762677e-08,8.343051038e-09,3.289601162e-08,2.798370375e-08
43.95000000,2.545142083e-08,1.927220662e-08,2.447215338e-08,4.796251471e-08,2.924095752e-08
44.00000000,3.531741362e-08,6.813581339e-08,4.287875345e-08,3.915477872e-08,3.803843714e-08
44.05000000,3.166703436e-09,4.139738223e-08,3.691482095e-08,3.420259943e-08,2.076556366e-08
44.10000000,3.711739964e-08,2.462266935e-08,1.357404962e-08,3.604160994e-08,1.026601471e-08
44.15000000,6.019563518e-08,7.792703288e-08,4.955003774e-08,2.27045138e-08,2.176225473e-08
44.20000000,7.145753864e-08,1.130086559e-07,5.784246518e-08,1.804994057e-08,1.661193225e-08
44.25000000,4.034422801e-08,6.427459257e-08,5.023384075e-08,9.816099175e-09,2.223809881e-08
44.30000000,5.279716828e-08,3.737541683e-08,6.598091342e-08,6.058789719e-08,3.885499681e-08
44.35000000,4.447325749e-08,6.080144495e-08,8.093736423e-08,6.285324296e-08,1.287052773e-08
44.40000000,2.465283328e-08,2.901639007e-08,3.578497478e-08,3.662794533e-08,2.545377363e-08
44.45000000,2.155352519e-08,5.542741958e-08,2.259055121e-08,1.493885352e-08,8.824526964e-09
44.50000000,1.834358475e-08,4.43444042e-08,1.05109894e-08,1.737866273e-08,4.076352375e-08
44.55000000,3.211357741e-08,2.369843604e-08,1.997118391e-08,1.855796657e-08,1.45926456e-08
44.60000000,2.091777237e-08,3.16207621e-08,2.273443933e-08,1.808512373e-08,1.013680905e-08
44.65000000,3.238460793e-08,5.553818262e-08,5.460486356e-08,3.501510878e-08,1.007489633e-08
44.70000000,5.163243715e-09,3.165855068e-08,3.852153808e-08,5.84769974e-08,2.542869296e-08
44.75000000,2.168682833e-08,2.910271796e-08,3.200867657e-08,4.569115123e-08,1.348840305e-08
44.80000000,1.031982072e-08,1.629544142e-08,4.649096717e-08,2.634764341e-08,1.865787257e-08
44.85000000,2.623870358e-08,2.269383747e-08,1.754157061e-08,3.92246254e-08,4.19472856e-08
44.90000000,4.710072042e-09,1.11281769e-08,2.95123721e-08,2.07096319e-08,3.515844328e-08
44.95000000,3.145287679e-08,1.746280677e-08,2.87057362e-08,2.891593887e-08,2.000693907e-08
45.00000000,4.070383593e-08,4.364405552e-08,3.209883117e-08,2.955517082e-08,2.628511513e-08
45.05000000,2.666948734e-08,1.161775811e-08,3.270595832e-08,1.600410219e-08,2.948933999e-08
45.10000000,2.309339441e-08,2.818509816e-08,2.07675989e-08,2.382632478e-08,4.414832517e-08
45.15000000,5.583762147e-08,3.777307713e-08,2.454719365e-08,2.225830188e-08,4.590212695e-08
45.20000000,2.313562314e-08,8.805902333e-09,2.147877314e-08,6.141501565e-10,3.091789375e-08
45.25000000,1.67736465e-08,2.306221136e-08,2.617183797e-08,2.497684671e-08,3.808525363e-09
45.30000000,3.354912199e-08,5.050695585e-08,2.112681604e-08,2.433570137e-08,1.118440523e-08
45.35000000,6.265221863e-08,6.845146887e-08,1.135420897e-08,1.54803759e-08,5.445541323e-09
45.40000000,5.658834786e-08,4.414568096e-08,8.737896809e-09,3.93460875e-08,4.11707014e-08
45.45000000,4.191738033e-08,1.603976779e-08,3.402478751e-08,5.89055949e-08,5.082922282e-08
45.50000000,2.548205454e-08,1.206799663e-08,4.966648436e-08,1.945897654e-08,2.468839917e-08
45.55000000,2.51480383e-08,8.600952137e-09,4.07346588e-08,4.40940864e-09,2.752102174e-08
45.60000000,4.411147898e-08,2.803689241e-08,3.513438532e-08,2.734004608e-08,3.309858249e-08
45.65000000,3.371291901e-08,3.938514433e-08,3.380454777e-08,4.004046832e-08,2.591424569e-08
45.70000000,4.323754012e-08,7.387299986e-08,3.521596473e-08,4.316298176e-08,4.618324411e-08
45.75000000,4.864708913e-08,7.594374988e-08,4.528117627e-08,4.80744088e-08,6.546300133e-08
45.80000000,2.555178329e-08,4.343895167e-08,3.4017659e-08,2.511949438e-08,5.034065818e-08
45.85000000,3.337722929e-08,4.864634107e-08,2.04884126e-08,1.066166978e-08,2.264653217e-08
45.90000000,1.029890637e-08,2.90716912e-08,1.017588733e-08,3.293241102e-08,2.172090659e-08
45.95000000,1.61048146e-08,9.273573188e-09,1.697442529e-08,3.560893511e-08,3.130232421e-08
46.00000000,2.083067361e-08,2.286710116e-08,2.278853241e-08,3.128520545e-08,3.70960793e-08
46.05000000,3.038589239e-08,4.850280023e-08,9.958630919e-09,2.420537782e-08,3.799894024e-08
46.10000000,1.876671916e-08,3.248450646e-08,9.225877732e-09,2.151794385e-08,2.066145624e-08
46.15000000,1.241880714e-08,4.341414082e-09,1.991940126e-08,4.313400539e-08,2.916778681e-08
46.20000000,1.191330268e-08,2.631288101e-08,5.51019235e-08,7.130208957e-08,3.749625542e-08
46.25000000,6.501671282e-09,2.622929347e-08,5.577708565e-08,5.282777849e-08,2.05751479e-08
46.30000000,9.566594046e-09,1.5324998e-08,3.085178222e-08,4.948719945e-08,3.830246091e-08
46.35000000,2.394859981e-08,3.402154926e-08,1.698447725e-08,1.669410115e-08,3.002904097e-08
46.40000000,2.935268744e-08,4.199934851e-08,3.209209742e-08,1.604223857e-08,3.703364496e-08
46.45000000,1.924880637e-08,3.965626756e-08,1.492709905e-08,4.875465356e-08,5.247382236e-08
46.50000000,1.016668526e-08,1.167556909e-08,2.081651375e-08,4.273442728e-08,3.125379041e-08
46.55000000,1.94029028e-08,1.416746997e-08,2.08852472e-08,1.704613167e-08,1.500036949e-08
46.60000000,2.467847124e-08,3.045926678e-08,1.259697791e-08,2.886278439e-08,4.39816349e-09
46.65000000,1.4002295e-08,3.391320285e-09,3.22732258e-08,4.181265751e-08,2.129570168e-08
46.70000000,1.834862139e-09,3.356594001e-08,5.661566709e-08,2.837396609e-08,5.773208244e-09
46.75000000,1.332639447e-08,2.69589536e-08,2.64218261e-08,2.779679154e-08,2.812548293e-08
46.80000000,1.566107199e-08,1.204849019e-08,1.931659994e-08,2.923372649e-08,3.176965935e-08
46.85000000,4.402325324e-09,2.536577093e-08,2.211437671e-09,2.437062609e-08,3.374059606e-08
46.90000000,1.237783411e-08,3.201970048e-08,1.545783382e-08,2.47299241e-08,6.251679576e-09
46.95000000,2.480054467e-08,3.657289947e-09,2.159671962e-08,1.353143923e-08,3.122977105e-08
47.00000000,4.865359723e-08,3.628540961e-08,2.725832618e-09,4.599861341e-08,5.226309667e-08
47.05000000,2.484308575e-08,2.483260181e-08,1.179438652e-08,5.643413335e-08,5.228225771e-08
47.10000000,1.247953567e-08,6.460199257e-09,1.4710615e-08,1.732203158e-08,1.718717755e-08
47.15000000,3.346717475e-09,3.983688996e-08,3.354940613e-08,3.758130818e-09,5.774568417e-09
47.20000000,1.007810002e-08,6.454985192e-08,4.094573565e-08,1.850303989e-08,2.645013258e-08
47.25000000,4.030931095e-08,7.427133723e-08,2.50898541e-08,1.757019518e-08,2.454150533e-08
47.30000000,3.704623808e-08,5.032545227e-08,1.732357545e-08,3.126618042e-08,1.832696664e-08
47.35000000,5.566862242e-09,4.875216166e-08,4.385166851e-09,6.865560323e-08,2.252019782e-08
47.40000000,1.501628656e-08,4.254455426e-08,5.813404193e-09,6.695981568e-08,2.546903859e-08
47.45000000,1.753326007e-08,3.11178315e-08,2.063672918e-08,3.409204645e-08,1.320580146e-08
47.50000000,1.816428278e-08,4.32924827e-08,8.448662975e-09,3.298250597e-08,2.17785169e-08
47.55000000,2.21626973e-08,4.256372864e-08,1.087560097e-08,2.772509048e-08,3.06049283e-08
47.60000000,9.668337705e-09,2.226894431e-08,2.146228682e-08,1.71161877e-08,2.743427707e-08
47.65000000,5.199192763e-09,2.822464486e-08,1.921345542e-08,2.183534468e-08,1.919026226e-08
47.70000000,3.257708575e-08,1.492455972e-08,5.957080955e-08,5.937876273e-09,1.36445888e-08
47.75000000,4.693658277e-08,1.32567395e-08,5.684444755e-08,3.344942538e-08,1.885809443e-08
47.80000000,2.353512407e-08,2.027925853e-08,4.803264859e-08,4.15044896e-08,2.958451626e-08
47.85000000,1.235311124e-08,3.223332522e-08,3.418291152e-08,4.252420743e-08,2.61508841e-08
47.90000000,4.659832667e-08,4.529670955e-08,9.422667186e-09,3.472523036e-08,2.517343173e-08
47.95000000,4.613477984e-08,4.625163056e-08,1.490335592e-08,1.259634947e-08,1.655168275e-08
48.00000000,3.450371395e-08,3.9039694e-08,1.775290661e-08,1.414340867e-08,1.087455704e-08
48.05000000,2.130746038e-08,2.395711187e-08,5.878422641e-09,2.462070722e-08,1.163383707e-08
48.10000000,1.471319237e-08,1.785295444e-08,2.311090514e-08,3.706864849e-08,2.800983903e-08
48.15000000,2.503154325e-08,2.522297256e-08,2.56168034e-08,3.707499118e-08,1.140578047e-08
48.20000000,2.79183282e-08,3.413443482e-08,8.008716265e-09,3.466891853e-08,2.543521504e-08
48.25000000,2.012151827e-08,3.099341313e-08,2.664032593e-08,4.572592955e-08,2.277040804e-08
48.30000000,8.323143579e-09,2.546406024e-08,1.509421326e-08,3.419208654e-08,2.020560443e-08
48.35000000,4.996262194e-09,2.005778528e-08,2.143565987e-08,3.646414031e-08,3.713660275e-08
48.40000000,1.800097305e-08,2.147362283e-08,7.234081488e-09,4.794840368e-08,4.525843564e-08
48.45000000,7.538621893e-09,2.114116869e-08,2.63364809e-08,2.051955373e-08,2.495739012e-08
48.50000000,3.49128344e-08,2.709488353e-08,2.14519712e-08,1.707812738e-08,1.510155139e-08
48.55000000,4.041930715e-08,3.686551325e-08,1.277038823e-08,8.315401472e-09,9.479015624e-09
48.60000000,2.017272918e-08,3.314599291e-08,2.277043936e-08,3.216388392e-08,2.28039365e-08
48.65000000,1.257919955e-08,3.829504329e-09,9.602726583e-09,4.156188895e-08,5.095266558e-08
48.70000000,4.576845413e-09,2.272196916e-08,1.268365973e-08,3.417055822e-08,2.942008813e-08
48.75000000,3.457671681e-09,3.552093408e-09,2.966175506e-08,2.841820032e-08,2.563041987e-09
48.80000000,2.530616668e-08,2.199003904e-08,1.830961904e-08,2.330586928e-08,1.859287374e-08
48.85000000,2.249450499e-08,1.466749383e-08,1.405255543e-08,3.995689219e-08,3.166708881e-08
48.90000000,1.420526994e-08,4.20007232e-08,4.452498577e-08,4.8771498e-08,1.287101615e-08
48.95000000,1.125103281e-08,2.99143676e-08,2.306913121e-08,2.747602533e-08,4.634753225e-09
49.00000000,2.436848745e-08,4.395669573e-08,2.982847859e-08,1.369126719e-08,3.254722981e-09
49.05000000,2.088464669e-08,3.760660642e-08,1.776139589e-08,1.7386707e-08,1.164412709e-08
49.10000000,1.240451059e-08,2.501397189e-08,3.441554396e-08,1.301088778e-08,1.439578303e-09
49.15000000,2.312615393e-08,3.014141687e-08,2.429105127e-08,2.925624777e-08,1.740742522e-08
49.20000000,1.227537462e-08,1.539759234e-08,8.569695579e-09,4.332962706e-08,2.697342294e-08
49.25000000,1.080040237e-08,2.690622414e-08,1.16692368e-08,5.926608818e-08,3.737291374e-08
49.30000000,4.316108437e-09,2.622336492e-08,4.459330155e-08,5.250860035e-08,3.052746353e-08
49.35000000,1.438086893e-08,3.930863219e-08,5.49538188e-08,1.941438276e-08,7.204541752e-09
49.40000000,1.865873574e-08,3.944454344e-08,5.361964317e-08,3.896512499e-08,2.688841607e-08
49.45000000,1.745085479e-08,3.562650008e-08,4.632311666e-08,3.231103867e-08,1.087806793e-08
49.50000000,2.021532426e-08,1.913513802e-08,4.851266716e-08,3.111624072e-08,1.373152822e-08
49.55000000,2.009148009e-08,7.914057599e-09,4.657175794e-08,1.315032294e-08,2.085152045e-08
49.60000000,1.341803217e-08,7.525887488e-09,2.572951694e-08,1.940537124e-08,2.46966996e-08
49.65000000,1.379525425e-08,2.541043476e-08,3.790073941e-08,2.443958507e-08,1.059452125e-08
49.70000000,2.202612119e-08,1.652469703e-08,4.490087572e-08,2.590635255e-08,2.202979784e-08
49.75000000,2.603252427e-08,1.549183747e-08,2.396792779e-08,2.003552286e-08,3.409325203e-08
49.80000000,1.279755187e-08,1.455615453e-08,5.380421137e-09,2.211974291e-08,2.58207219e-08
49.85000000,1.926289331e-08,1.636318276e-08,4.21585905e-09,1.457990005e-08,1.89311691e-08
49.90000000,6.57657248e-09,1.58237801e-08,2.016975024e-08,3.147997939e-08,2.805700863e-08
49.95000000,2.446931015e-08,4.754181878e-08,4.016009234e-08,5.124518639e-08,3.46058832e-08
50.00000000,2.846535195e-08,4.909689764e-08,2.000150371e-08,2.544929035e-08,2.543563092e-08
50.05000000,1.698359715e-08,1.037899652e-08,1.055225044e-08,2.020588555e-08,2.259158666e-08
50.10000000,4.769457682e-09,2.083437506e-08,1.790981946e-08,2.251851146e-08,7.341715533e-09
50.15000000,1.283165012e-08,3.417876148e-08,1.786197968e-08,5.098729595e-09,1.194169499e-08
50.20000000,3.405595349e-08,4.710345866e-08,1.410275976e-08,1.195401172e-08,1.168716139e-08
50.25000000,4.139267415e-08,3.963429106e-08,2.193424421e-08,9.576472874e-09,4.059406123e-09
50.30000000,3.40752961e-08,1.14554645e-08,3.417661614e-08,3.321030768e-08,1.796207169e-08
50.35000000,1.944822638e-08,2.798183965e-08,7.219046522e-09,2.647835081e-08,1.961194481e-08
50.40000000,7.840158902e-09,1.772697781e-08,3.540503135e-08,1.806796281e-08,2.019207549e-08
50.45000000,6.749544816e-09,2.919058871e-08,4.264459474e-08,2.602644505e-08,2.916008242e-08
50.50000000,1.84706179e-08,3.894813946e-08,2.774446225e-08,2.030010094e-08,1.096391279e-08
50.55000000,1.907709281e-08,2.291047452e-08,2.282190904e-08,2.654453108e-08,1.256407375e-08
50.60000000,7.559740469e-09,1.756429961e-08,2.186282234e-08,3.126885624e-08,1.166163288e-08
50.65000000,4.126391529e-09,1.642142531e-08,1.653375214e-08,2.404359674e-08,1.729112584e-08
50.70000000,3.055043901e-08,2.963748489e-08,1.699124199e-08,2.922361455e-08,1.87456321e-08
50.75000000,3.926253939e-08,4.575857884e-08,3.516469778e-08,5.709099737e-08,3.521053062e-08
50.80000000,2.185866175e-08,2.814170315e-08,1.687805561e-08,3.629924196e-08,4.53556855e-08
50.85000000,8.834875319e-09,1.041153734e-08,2.811547115e-08,1.11457293e-08,3.715099798e-08
50.90000000,1.411628706e-08,1.247582208e-08,8.744968231e-09,8.387351229e-09,1.531612099e-08
50.95000000,1.731835242e-08,2.058280504e-08,1.772834328e-08,3.394715109e-08,1.561015396e-08
51.00000000,1.331317038e-08,2.858132312e-08,4.606128881e-08,5.042621141e-08,2.694842727e-08
51.05000000,1.281357021e-08,2.213189572e-08,2.403236629e-08,1.017999459e-08,1.231407548e-08
51.10000000,2.591063389e-08,2.03684399e-08,4.759634463e-09,2.626235296e-08,2.156170692e-08
51.15000000,2.280451346e-08,1.567453312e-08,3.183276233e-08,5.397830687e-09,3.099718839e-08
51.20000000,9.097701383e-09,2.163152714e-08,6.31370268e-08,3.775812368e-08,3.490887125e-08
51.25000000,2.91317687e-08,3.568846133e-08,2.646668194e-08,3.805532196e-08,2.36921008e-08
51.30000000,1.679279975e-08,3.923223994e-08,2.062629305e-08,1.690889985e-08,1.817629379e-08
51.35000000,2.132020952e-08,1.740630339e-08,2.152961451e-08,1.861529829e-08,5.336682037e-09
51.40000000,1.887993824e-08,2.474538178e-08,1.474032503e-08,2.349629533e-08,1.313456477e-08
51.45000000,8.058482779e-09,4.551349422e-09,1.293291215e-08,2.034298631e-08,1.720883771e-08
51.50000000,1.026030307e-08,3.29171689e-08,3.364252921e-08,2.375644291e-08,1.321983171e-08
51.55000000,1.707826297e-08,5.396737089e-08,4.276663963e-08,6.712178142e-09,7.050643362e-09
51.60000000,2.873571731e-08,4.743604335e-08,1.573402414e-08,1.352826581e-08,1.001237463e-08
51.65000000,3.499334035e-08,3.672015372e-08,1.720879121e-08,2.293118651e-08,1.496047038e-08
51.70000000,2.78996833e-08,3.255673901e-08,3.271573519e-08,3.660380092e-08,1.959772699e-08
51.75000000,1.637528879e-08,2.938573324e-08,3.120656064e-08,2.449308232e-08,1.479017103e-08
51.80000000,4.789458669e-09,1.543715602e-08,1.859722145e-08,2.088398246e-08,2.234783789e-08
51.85000000,1.907837026e-08,2.456651738e-08,1.569006614e-08,1.233606617e-08,2.00718023e-08
51.90000000,2.955973968e-08,5.469620909e-08,2.315083218e-08,9.477171431e-09,2.089538918e-08
51.95000000,1.317954875e-08,4.039835529e-08,3.507055909e-08,1.496250876e-08,2.209241256e-08
52.00000000,1.084713009e-08,2.098909623e-08,3.276287575e-08,1.333505896e-08,2.187968574e-08
52.05000000,1.262580148e-08,2.109813993e-08,1.578226966e-08,3.042762896e-08,2.752547295e-08
52.10000000,4.537485769e-09,5.705185226e-09,1.828364805e-08,1.245064607e-08,1.416931036e-08
52.15000000,6.021449067e-09,2.422214197e-08,2.323667941e-08,2.884430008e-08,3.072671701e-08
52.20000000,1.367490004e-08,2.522562703e-08,2.075246539e-08,1.638954186e-08,1.982241005e-08
52.25000000,1.869778953e-08,1.014746267e-08,1.984838981e-08,1.738006099e-08,6.869261836e-09
52.30000000,2.051592423e-08,6.835721077e-09,7.221568124e-09,4.045481325e-09,1.525259591e-08
52.35000000,1.350287692e-08,1.291735326e-08,1.06829818e-08,1.483517047e-08,8.892633059e-09
52.40000000,1.527767482e-08,1.527891688e-08,9.256553346e-09,6.350997253e-09,3.032083709e-09
52.45000000,1.225095128e-08,1.774890666e-08,1.514259167e-08,6.383194471e-09,7.012011798e-09
52.50000000,3.402305353e-09,2.224032269e-08,3.382257706e-08,9.507050252e-09,1.854595323e-08
52.55000000,1.50531026e-08,2.80363945e-08,3.251985835e-08,1.264470897e-08,1.560298058e-08
52.60000000,3.491239095e-08,3.673143644e-08,2.324274397e-08,1.975855227e-08,3.715768044e-09
52.65000000,4.326506697e-08,4.301712007e-08,1.359669629e-08,1.286716708e-08,5.239125768e-09
52.70000000,3.795550569e-08,4.880659263e-08,2.540226269e-08,5.000534671e-09,1.476506719e-08
52.75000000,1.680149731e-08,2.809648504e-08,2.334253899e-08,2.385737623e-08,2.537177252e-08
52.80000000,5.38627799e-09,1.754919461e-08,2.477778369e-08,3.358537291e-08,2.201877122e-08
52.85000000,1.087920726e-08,2.419690984e-08,1.568209444e-08,9.537524998e-09,1.207299609e-08
52.90000000,2.628383242e-08,3.623631776e-08,2.985814473e-08,2.511813507e-08,4.498947245e-09
52.95000000,2.653298788e-08,3.143347526e-08,3.086312746e-08,1.957570424e-08,1.251288859e-08
53.00000000,1.351094352e-08,1.78502625e-08,1.981656989e-08,3.97466155e-08,3.231926758e-08
53.05000000,4.768681288e-09,8.956673746e-09,1.015511755e-08,2.452970245e-08,2.897183038e-08
53.10000000,6.074303755e-09,8.073994262e-09,3.692219058e-08,1.09012537e-08,1.877938812e-08
53.15000000,1.703771776e-08,1.00508502e-08,5.321530767e-08,3.05860873e-08,3.552330621e-09
53.20000000,9.523532353e-09,2.846868797e-08,5.622714578e-08,3.500054836e-08,7.756847413e-09
53.25000000,6.42867934e-09,1.630289124e-08,4.362852805e-08,3.63644725e-08,7.341245985e-09
53.30000000,4.191426156e-09,7.152200187e-09,2.57972834e-08,1.992867192e-08,1.206210014e-08
53.35000000,1.875320341e-08,1.522720197e-08,1.537958313e-08,8.788255818e-09,2.468148584e-09
53.40000000,2.996643314e-08,3.859383739e-08,3.865321592e-08,1.789217876e-08,8.486745353e-09
53.45000000,2.762820383e-08,2.178019523e-08,3.185648437e-08,1.147750628e-08,4.97314149e-09
53.50000000,3.684435678e-08,2.367543755e-08,2.561579529e-08,4.803448544e-09,8.198976993e-09
53.55000000,2.20044429e-08,2.151849012e-08,1.280986538e-08,1.620878509e-08,1.940895061e-08
53.60000000,2.350842371e-09,1.201873115e-08,1.396900564e-08,3.813316819e-08,2.903128512e-08
53.65000000,1.770593354e-08,2.11512411e-08,1.097762917e-08,4.424921876e-08,2.989813885e-08
53.70000000,1.863389897e-08,2.808559516e-08,1.744598261e-08,2.466056999e-08,2.362163311e-08
53.75000000,1.893951576e-08,2.269320824e-08,1.672042105e-08,3.712991198e-09,1.202138482e-08
53.80000000,1.84718883e-08,2.338504693e-08,9.07543837e-09,1.05413442e-08,1.780602607e-09
53.85000000,1.497554553e-08,3.451147369e-08,1.213909952e-08,1.956262184e-08,5.550760104e-09
53.90000000,8.15516641e-09,1.921604979e-08,1.815246879e-08,2.896471105e-08,1.848198356e-08
53.95000000,9.397024879e-09,1.185941753e-08,2.23639152e-08,2.585294401e-08,1.622818594e-08
54.00000000,1.446355063e-08,1.801883669e-08,2.09179571e-08,1.434452128e-08,6.826058213e-09
54.05000000,2.475020322e-08,2.45488854e-08,1.935899991e-08,1.446584394e-08,1.098247794e-08
54.10000000,2.806884473e-08,3.821369644e-08,2.974853144e-08,8.201374752e-09,1.205509985e-08
54.15000000,1.625539336e-08,3.314326542e-08,3.407580697e-08,3.207387838e-08,2.319528585e-08
54.20000000,2.426767908e-09,8.272253911e-09,1.455675764e-08,1.991201583e-08,1.849163344e-08
54.25000000,1.321869977e-08,1.465427271e-08,2.208295949e-08,1.236376611e-08,1.305091641e-08
54.30000000,1.297673025e-08,2.075154587e-08,1.448403618e-08,1.949705596e-08,8.2625557e-09
54.35000000,1.098552455e-08,2.647902641e-08,1.678980249e-08,2.036778939e-08,1.191612946e-08
54.40000000,4.788267109e-09,1.874859415e-08,2.054899147e-08,5.945597837e-09,1.359371231e-08
54.45000000,9.089853321e-09,1.101253686e-08,2.169752176e-08,1.695828278e-08,1.866061407e-08
54.50000000,1.415874878e-08,2.231439169e-08,1.074269587e-08,9.862001722e-09,1.503425919e-08
54.55000000,4.330631289e-09,2.428706879e-08,1.773439033e-08,1.224314491e-08,7.663695398e-09
54.60000000,1.541120001e-08,2.085039048e-08,3.337988276e-08,1.921066984e-08,2.153936367e-08
54.65000000,2.306560024e-08,1.951545139e-08,2.590481469e-08,1.65416363e-08,1.603415821e-08
54.70000000,1.730820793e-09,1.825320015e-08,1.65114897e-08,2.519787564e-08,1.85802381e-08
54.75000000,2.15825977e-08,9.250144804e-09,2.510930024e-08,3.243022098e-08,1.589984891e-08
54.80000000,6.430844718e-09,1.726463922e-08,1.792983541e-08,2.480165788e-08,2.008817606e-08
54.85000000,2.143663561e-08,3.340655132e-08,3.170486447e-08,1.634734748e-08,3.271184688e-09
54.90000000,1.67162093e-08,1.319442126e-08,9.299045637e-09,2.746775882e-08,1.557766398e-08
54.95000000,2.053570993e-08,2.169061633e-08,2.042148376e-08,9.315101602e-09,2.695424928e-09
55.00000000,1.847115478e-08,1.228687009e-08,2.046074214e-09,1.366478523e-08,8.248694483e-09
55.05000000,1.303710538e-09,6.813455043e-09,1.733875437e-08,1.29088237e-08,1.403054594e-08
55.10000000,1.481135207e-08,1.131032492e-08,1.486195087e-08,1.639187948e-08,1.88737059e-08
55.15000000,1.509740158e-08,1.105205297e-08,1.917131092e-08,2.767379438e-08,1.844042907e-08
55.20000000,9.379525316e-09,1.198772291e-08,1.753415113e-08,2.40658587e-08,2.505546143e-08
55.25000000,1.551102756e-08,9.225381035e-09,1.262562611e-08,1.41328477e-08,1.814673477e-08
55.30000000,1.74966293e-08,8.478370208e-09,1.215429451e-08,2.826293008e-08,1.507703079e-08
55.35000000,2.688334564e-08,1.663651801e-08,1.048701839e-08,4.434103244e-08,2.555088866e-08
55.40000000,2.333579679e-08,2.739016152e-08,1.460534629e-08,2.580831444e-08,2.159158286e-08
55.45000000,1.766509975e-08,3.620355976e-08,2.426566987e-08,1.526973841e-08,1.874036236e-08
55.50000000,1.787671438e-08,3.028767168e-08,9.313595148e-09,2.12565167e-08,2.682501828e-08
55.55000000,2.346324241e-08,1.400046657e-08,1.490278382e-08,2.134423541e-08,2.773223933e-08
55.60000000,1.358078665e-08,9.138244479e-09,8.476161496e-09,8.417372633e-09,1.243753086e-08
55.65000000,1.438132869e-08,3.139343436e-08,2.353018327e-08,8.349010924e-09,5.154603952e-09
55.70000000,2.128905537e-08,2.814306276e-08,1.540703141e-08,1.194513815e-09,6.865375955e-09
55.75000000,1.970437797e-08,2.542137412e-08,1.326447445e-08,4.6558713e-09,6.658647347e-09
55.80000000,3.604643293e-09,6.17841668e-09,1.852388173e-08,1.519512803e-08,1.463072062e-08
55.85000000,9.643763426e-09,1.332945761e-08,8.825272379e-09,1.873020978e-08,8.936502229e-09
55.90000000,9.833444485e-09,1.529229932e-08,1.384100091e-08,1.114987795e-08,5.540524341e-09
55.95000000,1.190633021e-08,1.352765488e-08,2.210625357e-08,2.99762516e-08,1.570258707e-08
56.00000000,1.673113565e-08,1.40198066e-08,7.596339375e-09,4.590011533e-08,2.983202299e-08
56.05000000,2.143489039e-08,1.871647665e-08,2.101547509e-09,3.546720224e-08,3.045846855e-08
56.10000000,1.727718696e-08,1.85387233e-08,1.010589373e-08,2.977883879e-08,2.930469924e-08
56.15000000,1.642706567e-08,1.595158172e-08,1.243951859e-08,2.188767666e-08,2.828012549e-08
56.20000000,2.198324092e-08,2.734360362e-08,1.421785529e-08,1.244803927e-08,1.834463074e-08
56.25000000,2.484516931e-08,4.42570617e-08,1.710447039e-08,2.223259315e-08,1.982289958e-08
56.30000000,9.943891729e-09,2.448048368e-08,1.100850284e-08,2.440935117e-08,1.787940196e-08
56.35000000,1.02895509e-08,1.154290591e-08,7.611366818e-09,1.686008504e-08,1.827355821e-08
56.40000000,2.017303328e-08,3.009945497e-08,2.328517999e-08,8.836424504e-09,1.292855124e-08
56.45000000,2.484357812e-08,3.96571432e-08,3.284461173e-08,2.278049602e-08,1.895560264e-08
56.50000000,2.125833185e-08,2.362395352e-08,2.972709551e-08,2.357114515e-08,2.420800312e-08
56.55000000,1.4467187e-08,2.36424372e-08,2.619385378e-08,3.476352543e-09,1.612796787e-08
56.60000000,1.604530788e-08,2.599641834e-08,1.511017174e-08,1.678929782e-08,8.321381842e-09
56.65000000,1.599229363e-08,1.443895803e-08,3.192582717e-08,1.964696322e-08,9.408767869e-09
56.70000000,2.216755209e-08,1.454497409e-08,2.623242816e-08,2.037965995e-08,7.730939235e-09
56.75000000,2.461940596e-08,3.048100983e-08,1.454030922e-08,1.407867381e-08,6.01421978e-09
56.80000000,1.317432961e-08,1.582548653e-08,1.862755478e-08,1.515434571e-08,1.485081575e-08
56.85000000,6.37742725e-09,7.757657912e-09,2.052091245e-08,1.03076994e-08,2.063739222e-08
56.90000000,3.774781349e-09,7.398041679e-09,1.318816917e-08,1.554875616e-08,2.642408938e-08
56.95000000,2.296188385e-08,3.321252681e-08,1.248811458e-08,2.238482315e-08,1.424762235e-08
57.00000000,4.087072268e-08,3.946775799e-08,2.192630614e-08,3.252460284e-08,8.381132786e-09
57.05000000,3.332108326e-08,3.150121912e-08,1.436443165e-08,2.634301654e-08,1.179603346e-08
57.10000000,2.020084023e-08,2.626625943e-08,1.188071399e-08,1.224797822e-08,3.114162627e-09
57.15000000,7.010673838e-09,1.409734765e-08,1.9881509e-08,2.408055894e-09,3.095123884e-09
57.20000000,1.885345029e-08,3.364834122e-08,5.596484724e-09,1.353645258e-08,6.870497278e-09
57.25000000,1.555609109e-08,1.175965967e-08,1.401280024e-08,1.056168191e-08,6.249811273e-09
57.30000000,6.186031199e-09,2.101937487e-08,1.952060622e-08,2.608813492e-09,1.973368769e-09
57.35000000,1.956063484e-08,2.067382755e-08,2.337025681e-08,2.094548687e-08,1.479504104e-08
57.40000000,2.202154859e-08,1.524072602e-08,7.622971304e-09,1.404393163e-08,1.425114235e-08
57.45000000,7.935172201e-09,2.82265825e-09,8.179836508e-09,1.743707521e-08,3.361739619e-09
57.50000000,1.222119995e-08,1.81868849e-08,7.050621615e-09,3.156349195e-08,1.168243826e-08
57.55000000,1.251566518e-08,3.661274756e-08,2.442394595e-08,2.560429562e-08,1.732430358e-08
57.60000000,1.685535533e-08,3.493724348e-08,2.416144253e-08,1.829915433e-08,1.615983665e-08
57.65000000,2.308374658e-08,2.01981247e-08,1.035328322e-08,9.415586721e-09,1.252918254e-08
57.70000000,1.454290223e-08,1.977710715e-08,9.847964813e-09,1.23011817e-08,1.30536361e-08
57.75000000,1.025657282e-08,3.070414254e-08,2.454458296e-08,1.799397742e-08,1.511672348e-08
57.80000000,1.6385023e-08,2.345970663e-08,2.085349488e-08,1.521413894e-08,1.04046991e-08
57.85000000,2.26135017e-08,1.159833456e-08,1.446749329e-08,1.73107371e-09,6.741502767e-09
57.90000000,1.529505597e-08,3.337669078e-08,2.33413134e-08,1.179780955e-09,5.681964867e-09
57.95000000,7.491870757e-09,4.177089157e-08,4.028882404e-08,1.304900122e-08,1.009594068e-08
58.00000000,5.378762413e-09,2.793485238e-08,3.928340946e-08,2.764132448e-08,9.865051536e-09
58.05000000,1.087152253e-08,2.914112836e-08,2.468071503e-08,4.113708983e-08,1.301136447e-08
58.10000000,2.769125842e-08,2.186644828e-08,1.967302942e-08,3.924456595e-08,1.639097157e-08
58.15000000,2.094089692e-08,3.282257888e-08,3.178798324e-08,2.671172683e-08,1.222520933e-08
58.20000000,1.409224644e-08,1.283323829e-08,2.349341576e-08,9.463040028e-09,6.114332526e-09
58.25000000,2.229245629e-08,1.803159918e-08,9.24625997e-09,1.076494098e-08,1.020233674e-08
58.30000000,6.598271396e-09,1.806558276e-08,2.320235249e-08,1.037243698e-08,7.306837614e-09
58.35000000,2.053723146e-08,1.218992591e-08,2.174409443e-08,1.799701943e-08,9.787633851e-09
58.40000000,1.024120352e-08,1.148020586e-08,5.340992819e-09,1.964938594e-08,2.537775758e-08
58.45000000,5.205358699e-09,8.485246128e-09,1.881302536e-08,1.230909156e-08,1.471390937e-08
58.50000000,1.524667895e-08,5.202587122e-09,1.743939072e-08,1.59430969e-08,1.183890097e-08
58.55000000,9.168989645e-09,1.203928476e-08,1.55638427e-08,2.15462174e-08,1.439121031e-08
58.60000000,2.463369499e-09,1.335112984e-08,6.498777225e-09,6.05831684e-09,3.909334169e-09
58.65000000,3.846300409e-09,8.992027263e-09,1.283921864e-08,1.958359551e-08,1.527730603e-08
58.70000000,1.267368455e-08,1.804563567e-08,7.107489124e-09,2.959890031e-08,2.662259926e-08
58.75000000,9.711933674e-09,2.201462241e-08,7.182941583e-09,2.944927121e-08,2.583885406e-08
58.80000000,6.252510288e-09,1.542300705e-08,8.916004637e-09,3.239082717e-08,1.626754619e-08
58.85000000,2.117568535e-08,1.76682713e-08,1.865066642e-08,3.390906175e-08,1.899405209e-08
58.90000000,3.730025301e-08,3.441770947e-08,1.131234853e-08,1.669652117e-08,8.569842281e-09
58.95000000,2.090194726e-08,2.312119324e-08,1.144525262e-08,7.0028379e-09,1.050362009e-08
59.00000000,9.359591001e-09,1.136469848e-08,4.996474219e-09,8.465019702e-09,1.179216108e-08
59.05000000,2.906821332e-09,9.148955687e-09,1.206220977e-08,2.454450277e-08,1.463218523e-08
59.10000000,2.072781275e-08,2.81498563e-08,2.670949912e-08,2.305047157e-08,4.119660949e-09
59.15000000,2.334079187e-08,3.578769314e-08,2.12978533e-08,2.055159855e-08,2.090050958e-08
59.20000000,1.080746507e-08,2.824142192e-08,1.084944531e-08,1.356427132e-08,1.071732044e-08
59.25000000,7.434248575e-09,1.873910081e-08,1.106141271e-08,3.231088465e-09,1.410417412e-08
59.30000000,1.163001007e-08,1.292040672e-08,2.103676443e-08,1.467564812e-08,1.867008813e-08
59.35000000,8.732300259e-09,6.517995785e-09,1.555362852e-08,2.841004947e-08,1.42831665e-08
59.40000000,7.333964177e-09,5.34719703e-09,1.113836617e-08,1.722542525e-08,1.338694415e-08
59.45000000,1.002087384e-08,8.584697551e-09,1.497956134e-08,4.740613721e-09,1.495720435e-08
59.50000000,1.817527819e-08,2.932565083e-08,1.950346068e-08,6.726533917e-09,1.721284384e-08
59.55000000,1.620328302e-08,2.120318547e-08,1.926919238e-08,1.390540014e-08,2.088579349e-08
59.60000000,1.298093451e-08,1.050900822e-08,1.694740964e-08,1.811574016e-08,2.4658284e-08
59.65000000,7.221039608e-09,4.945871064e-09,2.392005701e-08,2.529064715e-08,2.707397268e-08
59.70000000,9.614109801e-09,1.176501206e-08,1.189573541e-08,3.173113429e-08,2.720405524e-08
59.75000000,1.365679478e-08,1.299090716e-08,1.596715575e-08,3.670809701e-08,2.550119289e-08
59.80000000,1.069000949e-08,1.88288195e-08,1.191246014e-08,1.278094121e-08,1.191676843e-08
59.85000000,6.905900092e-09,1.397705577e-08,1.794792007e-08,1.119506623e-08,2.323864044e-08
59.90000000,8.594517276e-09,8.51724923e-09,2.463658914e-08,1.47385782e-08,3.156298024e-08
59.95000000,9.390945306e-09,1.460265766e-08,2.014200991e-08,8.555587379e-09,1.173360602e-08
60.00000000,6.087410312e-09,1.048834921e-08,1.506887326e-08,2.147295396e-10,1.086734361e-08
