t_s,theta1,theta2,theta3,theta4,theta5,omega1,omega2,omega3,omega4,omega5
0.00000000,-1.044564342,-0.1490997853,-0.03973708622,0.04525239306,0.1584024137,0,0,0,0,0
0.00833333,-1.042281105,-0.1490997853,-0.03973708622,0.04525239306,0.1584024137,0.5478299885,5.408094809e-17,-5.408094809e-17,1.216821332e-16,-5.408094809e-17
0.01666667,-1.035438413,-0.1490997853,-0.03973708622,0.04525239306,0.1584024137,1.094013603,1.081618962e-16,-1.081618962e-16,2.433642664e-16,-1.081618962e-16
0.02500000,-1.02405643,-0.1490997853,-0.03973708622,0.04525239306,0.1584024137,1.63699668,1.622428443e-16,-1.622428443e-16,3.650463996e-16,-1.622428443e-16
0.03333333,-1.008168493,-0.1490997853,-0.03973708622,0.04525239306,0.1584024137,2.175167822,2.163237924e-16,-2.163237924e-16,4.867285328e-16,-2.163237924e-16
0.04166667,-0.9878216978,-0.1490997853,-0.03973708622,0.04525239306,0.1584024137,2.706832088,2.704047405e-16,-2.704047405e-16,6.08410666e-16,-2.704047405e-16
0.05000000,-0.9630776928,-0.1490997853,-0.03973708622,0.04525239306,0.1584024137,3.230187864,3.244856886e-16,-3.244856886e-16,7.300927993e-16,-3.244856886e-16
0.05833333,-0.9340136527,-0.1490997853,-0.03973708622,0.04525239306,0.1584024137,3.743308029,3.785666367e-16,-3.785666367e-16,8.517749325e-16,-3.785666367e-16
0.06666667,-0.9007233833,-0.1490997853,-0.03973708622,0.04525239306,0.1584024137,4.244126524,4.326475847e-16,-4.326475847e-16,9.734570657e-16,-4.326475847e-16
0.07500000,-0.8633185127,-0.1490997853,-0.03973708622,0.04525239306,0.1584024137,4.730431421,4.867285328e-16,-4.867285328e-16,1.095139199e-15,-4.867285328e-16
0.08333333,-0.8219305189,-0.1490990569,-0.03973708617,0.04525239306,0.1584024137,5.199230617,0.0005724709039,8.299025759e-08,2.089890638e-12,-5.408094809e-16
0.09166667,-0.776733263,-0.1490765123,-0.03973706514,0.04525239308,0.1584024137,5.643655367,0.005811630707,8.696462076e-06,6.651168225e-09,1.585162163e-12
0.10000000,-0.7279486797,-0.1489842273,-0.03973679583,0.04525239352,0.1584024137,6.059615598,0.01751378088,7.149226864e-05,1.548142242e-07,1.108916538e-10
0.10833333,-0.675827952,-0.1487637428,-0.0397354527,0.04525239804,0.1584024138,6.443807113,0.03671224232,0.000287872228,1.216585803e-06,1.725768435e-09
0.11666667,-0.6206482652,-0.1483501483,-0.03973113442,0.04525242291,0.1584024138,6.793324756,0.06387781206,0.0008171926188,5.673786472e-06,1.331504894e-08
0.12500000,-0.5627087946,-0.1476778457,-0.0397203596,0.04525251782,0.1584024141,7.105808901,0.09866961133,0.001878659982,1.93991741e-05,6.796054899e-08
0.13333333,-0.5023259463,-0.1466878821,-0.03969759667,0.04525280317,0.1584024153,7.379485429,0.1398357195,0.003742952012,5.390422164e-05,2.637370099e-07
0.14166667,-0.4398288895,-0.1453350338,-0.03965490085,0.04525352795,0.1584024195,7.613035938,0.1853770764,0.006715040119,0.0001290094006,8.414803474e-07
0.15000000,-0.3755563266,-0.14359281,-0.03958172542,0.04525515084,0.1584024318,7.805450903,0.2328708417,0.01110993265,0.000275689498,2.316821595e-06
0.15833333,-0.3098548131,-0.1414551673,-0.03946495338,0.04525844458,0.1584024633,7.955831314,0.2799011553,0.01722476879,0.0005387671355,5.683833663e-06
0.16666667,-0.2431285223,-0.1388842477,-0.0392891423,0.045264621,0.1584025366,8.043785763,0.3440879163,0.02532391187,0.0009790967182,1.270572279e-05
0.17500000,-0.1760923334,-0.1355517919,-0.03903634789,0.04527547142,0.1584026932,8.022577631,0.4698728486,0.03579337535,0.001675180339,2.630362419e-05
0.18333333,-0.1099057705,-0.1307071134,-0.03868367289,0.04529352327,0.1584030057,7.824000877,0.722196389,0.04950540897,0.002725909637,5.105056477e-05
0.19166667,-0.04655912785,-0.1228060844,-0.03819625786,0.04532223722,0.1584035937,7.309658429,1.233227363,0.06884835876,0.004258494975,9.378521795e-05
0.20000000,0.01039095132,-0.108810631,-0.03750347579,0.04536633031,0.1584046459,6.243848252,2.228132818,0.1000796211,0.006454493186,0.0001643980366
0.20833333,0.05515633428,-0.0835335641,-0.03646003242,0.04543246915,0.1584064497,4.28051392,4.044181403,0.1566255074,0.009615394473,0.0002769683097
0.21666667,0.08116731543,-0.04109871984,-0.03472039917,0.04553081299,0.1584094338,2.181385586,5.899679975,0.2769295223,0.01431948579,0.0004517031616
0.22500000,0.09389921858,0.01187801304,-0.03143580253,0.04567882889,0.158414233,0.9830189338,6.661730768,0.546922066,0.0218485412,0.0007188140208
0.23333333,0.0989889009,0.06747311875,-0.02473796852,0.04591061505,0.1584218033,0.3019828673,6.536557065,1.132622454,0.03512654779,0.001127288531
0.24166667,0.09968806757,0.1183472635,-0.0109809486,0.04630072272,0.1584336706,-0.1033051158,5.522351018,2.281454495,0.06200110113,0.001778742422
0.25000000,0.09762516766,0.1559719969,0.01636855252,0.04703214886,0.1584528849,-0.3776854316,3.292640802,4.475651792,0.1220120207,0.00295188646
0.25833333,0.09354713782,0.1756194097,0.06069322734,0.04856990437,0.1584857627,-0.5949515286,1.613729634,5.931634336,0.268378612,0.005191042034
0.26666667,0.08778578855,0.18473337,0.1125784609,0.05202823376,0.1585458194,-0.7842315934,0.6625874009,6.374193746,0.6057580793,0.009794090177
0.27500000,0.0805243241,0.1877985168,0.1645914815,0.05968625485,0.158663486,-0.9559369176,0.1219309039,5.971940413,1.311937656,0.01971718751
0.28333333,0.07189423809,0.1873427859,0.2098918823,0.07544277498,0.1589059017,-1.112995613,-0.2075347967,4.778452822,2.564261403,0.04132858295
0.29166667,0.06200942544,0.1846159572,0.2418335634,0.1045052215,0.1594283586,-1.257289144,-0.4359729113,2.85273325,4.424787413,0.09090293376
0.30000000,0.05097435284,0.1801972247,0.2594209766,0.146697961,0.1605943327,-1.389001723,-0.6195530898,1.458383621,5.577260058,0.2037953108
0.30833333,0.03889538572,0.1743486602,0.2674762061,0.1954928332,0.163173795,-1.507758908,-0.781392666,0.5459914722,6.019928519,0.4434988638
0.31666667,0.02588125369,0.1672077263,0.2694724494,0.245268486,0.1686153601,-1.613551956,-0.9307446191,-0.02310004223,5.826770549,0.9105777659
0.32500000,0.01203779473,0.1588619722,0.2676358687,0.2910451551,0.1792918246,-1.706752625,-1.070800844,-0.3939549484,5.073260821,1.713019342
0.33333333,-0.002528857789,0.1493841537,0.2631969678,0.3286391611,0.1980693755,-1.787081523,-1.202511076,-0.6588436752,3.901311491,2.830032222
0.34166667,-0.01771066837,0.1388419021,0.2568121073,0.3557286168,0.2266158869,-1.854371682,-1.326393299,-0.8665267978,2.606632963,4.002265601
0.35000000,-0.03339866143,0.1272988436,0.2488439778,0.3725172489,0.264094866,-1.908564798,-1.442617571,-1.041587071,1.461866233,4.937306472
0.35833333,-0.04948461075,0.1148219959,0.2395075485,0.3808241396,0.3079164297,-1.950153228,-1.550139679,-1.196307946,0.5755755415,5.522123237
0.36666667,-0.06587114209,0.1014937234,0.2289464661,0.3827789419,0.3552641044,-1.980807949,-1.64677778,-1.336307761,-0.0718853617,5.797156807
0.37500000,-0.08246779493,0.08740717887,0.2172679031,0.3801048728,0.4039233736,-2.000563476,-1.732085592,-1.464694047,-0.5466682152,5.851146737
0.38333333,-0.09918328172,0.07265759033,0.2045650378,0.3739784336,0.4523764464,-2.009304523,-1.805896398,-1.58222633,-0.9089294432,5.757820174
0.39166667,-0.1159253744,0.05734101486,0.1909214862,0.3651578482,0.4996155992,-2.006950108,-1.868150081,-1.690981607,-1.198122909,5.566149264
0.40000000,-0.1326017459,0.04155395357,0.1764039821,0.3541433187,0.5449580395,-1.993544313,-1.918815802,-1.791827397,-1.439106176,5.306815055
0.40833333,-0.1491207116,0.02539278042,0.1610821044,0.3412233908,0.5879668501,-1.969196141,-1.957949015,-1.883892137,-1.659627605,5.010857591
0.41666667,-0.1653917558,0.008953313468,0.1450323324,0.326521085,0.6283995531,-1.934076467,-1.985628701,-1.966392072,-1.866409994,4.688715372
0.42500000,-0.181325879,-0.007669972613,0.1283377223,0.3101617863,0.6660424983,-1.888362033,-2.002128052,-2.038515025,-2.056942217,4.341534351
0.43333333,-0.1968357005,-0.02438541475,0.1110883115,0.2922888341,0.7006930222,-1.832297398,-2.007803412,-2.099404497,-2.229451954,3.970816244
0.44166667,-0.2118363783,-0.04110432847,0.09338095522,0.2730574528,0.7321625773,-1.766229921,-2.003028204,-2.148305676,-2.382831272,3.578444986
0.45000000,-0.2262461858,-0.057741369,0.07531835336,0.2526295884,0.7602797549,-1.690559281,-1.988228718,-2.184560654,-2.516564377,3.166636803
0.45833333,-0.2399869321,-0.07421490781,0.05700833994,0.2311694793,0.7848926451,-1.605733829,-1.963858903,-2.207595071,-2.63059968,2.737836139
0.46666667,-0.2529847009,-0.09044652529,0.03856319636,0.2088401145,0.8058702486,-1.512517002,-1.930054774,-2.216920519,-2.725245965,2.294597707
0.47500000,-0.2651790528,-0.1063523165,0.02009877552,0.1858015467,0.8231030025,-1.413226439,-1.885527162,-2.212169586,-2.800869914,1.839498251
0.48333333,-0.2765246106,-0.1218422586,0.001733232266,0.1622110381,0.836502616,-1.308944259,-1.830302809,-2.193347199,-2.857586609,1.375058837
0.49166667,-0.2869832019,-0.1368286033,-0.01642474074,0.1382336399,0.8460016485,-1.200489528,-1.764727525,-2.1627042,-2.893497805,0.9038502136
0.50000000,-0.2965234018,-0.1512267966,-0.03428128594,0.1140425574,0.8515576733,-1.088661646,-1.689223401,-2.12106344,-2.908957883,0.4292241
0.50833333,-0.3051203473,-0.1649561272,-0.05174626127,0.08980837072,0.8531515105,-0.9742352613,-1.60428996,-2.068790034,-2.903773913,-0.04679680922
0.51666667,-0.3127565493,-0.1779399783,-0.06873198769,0.06570458241,0.8507784949,-0.8583632812,-1.510392293,-2.005984218,-2.877606965,-0.5225392086
0.52500000,-0.319425975,-0.1901063031,-0.08515190255,0.04190935863,0.8444480302,-0.7423309348,-1.408198522,-1.933235389,-2.829531501,-0.9962987027
0.53333333,-0.3251301804,-0.2013889118,-0.1009270966,0.01860748139,0.8341838179,-0.6268182125,-1.298432338,-1.851312241,-2.759231559,-1.466348653
0.54166667,-0.3298761108,-0.2117280972,-0.1159825983,-0.004017177109,0.8200244394,-0.5124431645,-1.181920024,-1.760565319,-2.667204456,-1.930673814
0.55000000,-0.3336760522,-0.2210708665,-0.130248622,-0.0257884161,0.8020315296,-0.4000073696,-1.059309924,-1.662168079,-2.554412292,-2.385870441
0.55833333,-0.3365522233,-0.2293685625,-0.1436650435,-0.04653477031,0.7802926918,-0.2908729451,-0.9314372171,-1.556466205,-2.421489739,-2.829272421
0.56666667,-0.3385344333,-0.2365846757,-0.1561681421,-0.06609536203,0.754916896,-0.1855155247,-0.7999134634,-1.442996413,-2.270137982,-3.258306385
0.57500000,-0.3396555267,-0.2426933969,-0.167696535,-0.08432201823,0.7260347625,-0.08425184499,-0.6658498789,-1.322861967,-2.101399918,-3.670356722
0.58333333,-0.3399507465,-0.2476782545,-0.178199832,-0.1010744543,0.6937986907,0.01261559268,-0.5303843216,-1.196916458,-1.916742822,-4.062823679
0.59166667,-0.3394602868,-0.2515338151,-0.1876251268,-0.1162307308,0.6583824034,0.1041606211,-0.3951209236,-1.063892661,-1.718762124,-4.433203553
0.60000000,-0.3382303001,-0.2542680599,-0.1959115526,-0.1296896498,0.6199797812,0.1901046563,-0.26145124,-0.9238550001,-1.50956262,-4.77917873
0.60833333,-0.3363073176,-0.2558985623,-0.2030067785,-0.1413629509,0.5788029543,0.2704913341,-0.1303871173,-0.7780465404,-1.290611147,-5.098696874
0.61666667,-0.333737293,-0.2564528074,-0.208861539,-0.151179455,0.5350798749,0.3454137268,-0.00361521761,-0.6258477699,-1.064309808,-5.390016917
0.62500000,-0.3305652532,-0.2559764414,-0.2134170015,-0.1590868268,0.4890516525,0.4149974001,0.1168360681,-0.4662684892,-0.8327315001,-5.651712017
0.63333333,-0.326835112,-0.2545246079,-0.2166136613,-0.1650482778,0.4409701892,0.4793801737,0.230433287,-0.2998540019,-0.59753057,-5.882619336
0.64166667,-0.3225905441,-0.2521547795,-0.2183992287,-0.1690379273,0.3910963058,0.5383960243,0.3371940478,-0.1278780617,-0.3595581633,-6.081739944
0.65000000,-0.3178767862,-0.2489265974,-0.2187299588,-0.1710355816,0.3396986254,0.5920329128,0.4362060095,0.04936617289,-0.1196632437,-6.248185941
0.65833333,-0.3127374936,-0.2449067475,-0.2175642019,-0.1710305237,0.2870530676,0.6405702135,0.5272838302,0.2310123242,0.120880321,-6.381090348
0.66666667,-0.3072140258,-0.2401587041,-0.2148723499,-0.1690227431,0.2334425453,0.6842798555,0.6111090262,0.4153151307,0.3607530025,-6.479638216
0.67500000,-0.301345493,-0.2347391572,-0.2106404362,-0.1650239134,0.1791566582,0.7234307433,0.6886192421,0.6002764287,0.598477543,-6.543065019
0.68333333,-0.295168751,-0.2286961228,-0.2048719719,-0.1590588057,0.1244909585,0.7582965989,0.7609475002,0.7837113502,0.8323736438,-6.570705037
0.69166667,-0.2887183199,-0.2220676077,-0.197589201,-0.1511665404,0.06974539675,0.7891660568,0.8293500652,0.9633216626,1.060674827,-6.562175383
0.70000000,-0.2820262133,-0.214880915,-0.1888337175,-0.1414018594,0.01522232753,0.8163540068,0.895125579,1.136775224,1.281230341,-6.517117061
0.70833333,-0.2751216714,-0.2071526473,-0.1786664779,-0.1299152328,-0.03869653036,0.8402130095,0.9595288903,1.301747222,1.46488902,-6.408456856
0.71666667,-0.2680308032,-0.1988894395,-0.1671688067,-0.1172321739,-0.09127144134,0.8611434917,1.023682374,1.455568512,1.558901181,-6.185411108
0.72500000,-0.2607761539,-0.1900895863,-0.1544481077,-0.1044116531,-0.1412458596,0.879601342,1.088353372,1.594594202,1.477972485,-5.764928228
0.73333333,-0.2533765968,-0.1807510094,-0.1406458918,-0.09354592118,-0.1863598244,0.8959198784,1.15289637,1.714012793,1.052026739,-4.982889549
0.74166667,-0.2458500196,-0.1708745838,-0.1259647448,-0.08855832961,-0.2226166366,0.9101437195,1.217429478,1.803059049,0.02547247948,-3.601771902
0.75000000,-0.238212124,-0.1604616911,-0.1107418342,-0.09758284725,-0.2420641052,0.9227163426,1.28151019,1.837351562,-2.442083156,-0.8174030157
0.75833333,-0.230474641,-0.1495218756,-0.09568503412,-0.1248306394,-0.2401347577,0.9341272174,1.343325038,1.746976321,-3.807659995,1.035671736
0.76666667,-0.2226452117,-0.1380911361,-0.08231415211,-0.1582537297,-0.2267609205,0.9448612869,1.398541636,1.405848498,-4.06457242,2.085632329
0.77500000,-0.2147276355,-0.1262485316,-0.07349913008,-0.1901624828,-0.2065178678,0.9553451154,1.440717594,0.6169437741,-3.451919622,2.722225445
0.78333333,-0.2067227737,-0.1141507145,-0.07377921239,-0.2134905546,-0.1820003342,0.9657713218,1.456551396,-0.8362771087,-1.973945089,3.135860425
0.79166667,-0.1986340879,-0.1021214212,-0.089210529,-0.2209715071,-0.1545695085,0.975310445,1.417395521,-2.701299789,0.04258376974,3.434127315
0.80000000,-0.1904719302,-0.09083927777,-0.1159720392,-0.2150300633,-0.1249391985,0.9832585176,1.265232126,-3.594645597,1.293893247,3.66873855
0.80833333,-0.1822547998,-0.08159192172,-0.1470472922,-0.2007692296,-0.09354604901,0.9881436986,0.910843082,-3.74615943,2.060818716,3.859191455
0.81666667,-0.1740198673,-0.07655373551,-0.1765789173,-0.1815545651,-0.06072119636,0.9868142731,0.2352624873,-3.238305034,2.51221401,4.013106034
0.82500000,-0.1658410579,-0.07874452026,-0.1994630123,-0.1593762879,-0.0267515375,0.9733633639,-0.816338504,-2.177827866,2.789918349,4.134227182
0.83333333,-0.1578638129,-0.09064264755,-0.2121056544,-0.1353094106,0.0080938923,0.9359720188,-2.033234123,-0.8460991697,2.974671092,4.22356804
0.84166667,-0.1503604005,-0.1119439556,-0.2139562098,-0.109946266,0.0435576098,0.8555539993,-3.011162556,0.3536416387,3.105488283,4.282721679
0.85000000,-0.1438055681,-0.1395211002,-0.2071657131,-0.08364767974,0.07938952614,0.7021644667,-3.527020756,1.218724334,3.201283738,4.312016481
0.85833333,-0.1389785739,-0.1694636519,-0.1944901586,-0.05667303725,0.1153526735,0.432991726,-3.589690142,1.781584946,3.267722299,4.315164303
0.86666667,-0.1370480431,-0.1982872503,-0.1780274334,-0.02926043672,0.1512428959,-0.0009266867191,-3.269085271,2.143489656,3.307116465,4.294546091
0.87500000,-0.1395420451,-0.2230500347,-0.1591029618,-0.001622301864,0.186863114,-0.6294337223,-2.6266094,2.382883926,3.322078043,4.250399039
0.88333333,-0.1479614848,-0.2414401548,-0.138516852,0.02604327054,0.2220182303,-1.407003182,-1.761743459,2.548016745,3.314062145,4.182994536
0.89166667,-0.1630347013,-0.2522308173,-0.1167760785,0.05356004655,0.2565165967,-2.199256447,-0.8316359765,2.66273329,3.286988109,4.092863561
0.90000000,-0.1842340178,-0.2555585008,-0.0942390448,0.08077729371,0.2901709891,-2.857176612,0.008631824264,2.740934853,3.242225563,3.980560988
0.90833333,-0.2100722143,-0.2525680652,-0.0711645743,0.1075488451,0.3227999094,-3.308268036,0.6775871639,2.794270279,3.18008676,3.846871042
0.91666667,-0.2388158874,-0.244760179,-0.04771076121,0.1337316553,0.3542283419,-3.560523655,1.169785757,2.832055911,3.100998713,3.692612013
0.92500000,-0.2689869491,-0.2334537039,-0.02400698528,0.159186582,0.3842890958,-3.658673845,1.524227215,2.85424087,3.005516537,3.518780825
0.93333333,-0.299488431,-0.2196282375,-0.0001836834674,0.1837798632,0.4128232318,-3.646321219,1.780276139,2.86074343,2.894280056,3.326429169
0.94166667,-0.3295450515,-0.2039706255,0.02362868517,0.2073824971,0.4396814011,-3.556426697,1.968068407,2.851626336,2.767901845,3.116731594
0.95000000,-0.3586087468,-0.1869605914,0.04730026174,0.2298717287,0.464723983,-3.411047788,2.107574646,2.826974802,2.627185961,2.890917029
0.95833333,-0.3863150925,-0.1689099136,0.0707022773,0.2511313078,0.487822336,-3.235518885,2.222398632,2.786972102,2.47293014,2.650326575
0.96666667,-0.4124858743,-0.1499586405,0.09370780328,0.2710519094,0.5088587168,-3.042656019,2.323535791,2.731858583,2.305965997,2.396284443
0.97500000,-0.4369803567,-0.1302254325,0.1161921779,0.2895311802,0.5277271232,-2.83336844,2.409889319,2.661960862,2.127161628,2.130259531
0.98333333,-0.459665827,-0.1098375025,0.138033872,0.3064744273,0.5443337306,-2.60867424,2.480552856,2.577671659,1.937494381,1.853683803
0.99166667,-0.4804185505,-0.08892816269,0.1591130994,0.3217966978,0.5585965852,-2.369709252,2.534933845,2.478610267,1.738729896,1.568011679
1.00000000,-0.4991247719,-0.06763521957,0.1792956877,0.3354396072,0.5704462058,-2.117724942,2.572550683,2.36231285,1.534882948,1.274760551
1.00833333,-0.5156816751,-0.04609927306,0.1984369068,0.3473685309,0.5798257546,-1.854102691,2.593256958,2.228718835,1.32759568,0.9754470121
1.01666667,-0.529998217,-0.02446113341,0.2163940692,0.357560252,0.5866910212,-1.580303182,2.59709716,2.078230512,1.11816804,0.6715848266
1.02500000,-0.5419960277,-0.00286071693,0.2330266563,0.3660043909,0.5910103956,-1.297863856,2.584245609,1.910702858,0.9086103248,0.3646843684
1.03333333,-0.551609825,0.01856445726,0.2481919762,0.372708401,0.5927648427,-1.008420455,2.55513629,1.72621294,0.7007199251,0.0562534246
1.04166667,-0.5587881837,0.03968130527,0.2617523051,0.3776905882,0.5919478897,-0.713630377,2.510341655,1.525657127,0.495564622,-0.2521994776
1.05000000,-0.5634934542,0.06036167736,0.2735745349,0.3809816122,0.5885656833,-0.4151646943,2.450500194,1.309011005,0.2952492305,-0.5591528173
1.05833333,-0.5657021404,0.08048328827,0.2835267822,0.3826284744,0.5826370754,-0.1147350427,2.376374801,1.077118171,0.1010773142,-0.8630886546
1.06666667,-0.56540499,0.0999306322,0.2914884222,0.3826853698,0.5741932136,0.1859518705,2.288827185,0.831398948,-0.08609671733,-1.162573651
1.07500000,-0.5626069704,0.1185957433,0.2973457803,0.3812184288,0.5632773605,0.4851912989,2.188802319,0.57226757,-0.2644465618,-1.456114018
1.08333333,-0.5573270502,0.1363788051,0.3009945016,0.3782967744,0.5499516973,0.7813374541,2.077262996,0.3017869319,-0.4360622621,-1.739889962
1.09166667,-0.5495978534,0.1531719218,0.3023669305,0.3739610702,0.5343178677,1.072741572,1.949857645,0.02783542278,-0.6038805422,-2.009739917
1.10000000,-0.539465612,0.1688229463,0.3014647888,0.3682437579,0.5165002593,1.35782151,1.80305339,-0.2435546495,-0.7676252767,-2.263670918
1.10833333,-0.5269892737,0.1831636633,0.2983299634,0.3611736863,0.4966425896,1.635066687,1.635163309,-0.5071343275,-0.9289809475,-2.498769917
1.11666667,-0.5122401714,0.1960121772,0.2930498378,0.3527629389,0.4749133893,1.903056517,1.444438695,-0.7573120743,-1.089505814,-2.712559075
1.12500000,-0.4953012167,0.2071688229,0.2857610117,0.3430126234,0.4515002125,2.160423252,1.228612231,-0.988129515,-1.250991035,-2.902230834
1.13333333,-0.4762661933,0.2164114684,0.2766522021,0.3319058097,0.4266178103,2.405904297,0.9845706447,-1.193056882,-1.415061949,-3.064951449
1.14166667,-0.4552391104,0.2234911489,0.2659659511,0.3194161452,0.4005015506,2.63831799,0.7090414385,-1.365780684,-1.58330529,-3.197654543
1.15000000,-0.4323335516,0.228133949,0.2539928454,0.3055049093,0.3734132734,2.856553884,0.3992897655,-1.501174646,-1.756129413,-3.297917599
1.15833333,-0.407672136,0.2300452003,0.2410597549,0.2901338069,0.3456348635,3.059561855,0.05327956736,-1.595761275,-1.933565833,-3.362940067
1.16666667,-0.3813860712,0.2289213388,0.2275133956,0.2732701231,0.3174658616,3.246315719,-0.3287606113,-1.64862978,-2.114320958,-3.391170322
1.17500000,-0.3536147562,0.2244768476,0.2136879132,0.2548928498,0.2892202008,3.415848024,-0.7423514603,-1.664118832,-2.295850278,-3.381687429
1.18333333,-0.324505587,0.2164858222,0.1998550844,0.23501577,0.2612080503,3.567247791,-1.178327585,-1.652184595,-2.473691434,-3.335038576
1.19166667,-0.2942136551,0.2048137602,0.186183006,0.2136951702,0.2337335686,3.699577974,-1.623035952,-1.629104081,-2.640367318,-3.253376152
1.20000000,-0.2629011025,0.1894578561,0.1726764804,0.191070451,0.2070698229,3.812053103,-2.059594335,-1.61565191,-2.785308155,-3.141113161
1.20833333,-0.2307368818,0.1705569118,0.1591709792,0.1673626167,0.1814545975,3.903859455,-2.471101719,-1.632599604,-2.897985818,-3.002711445
1.21666667,-0.1978957867,0.1483818357,0.145332682,0.1428939099,0.157079191,3.974416208,-2.843816736,-1.697565603,-2.966005543,-2.844659261
1.22500000,-0.1645570967,0.1232920474,0.1307130673,0.1180840735,0.1340804142,4.023204092,-3.169283938,-1.821407885,-2.978581809,-2.673329126
1.23333333,-0.1309039367,0.09570119252,0.1148033145,0.09342482683,0.1125451344,4.049839152,-3.4438072,-2.007026124,-2.92928512,-2.494173014
1.24166667,-0.09712192602,0.06603485119,0.09711169535,0.06942751797,0.09252463632,4.054106351,-3.667943752,-2.247170198,-2.820524362,-2.310133582
1.25000000,-0.06345518375,0.03475976794,0.07724044581,0.04655533081,0.07404982042,4.013920571,-3.822390149,-2.526321457,-2.661857153,-2.123571751
1.25833333,-0.03048411393,0.002646980334,0.05496669041,0.02515194137,0.05713391037,3.878517555,-3.860849454,-2.819645227,-2.471359149,-1.936217804
1.26666667,0.0007112008257,-0.02907038726,0.03028545976,0.00539504227,0.04177945613,3.568995555,-3.709997324,-3.099066032,-2.270563296,-1.748737193
1.27500000,0.02806419145,-0.058228159,0.003431954092,-0.0127235639,0.02799052778,2.918469753,-3.209989196,-3.337039833,-2.080896697,-1.560542
1.28333333,0.04761288012,-0.08084029688,-0.02515241954,-0.02935293961,0.01576990527,1.643217296,-2.089058841,-3.510550926,-1.914716225,-1.372552435
1.29166667,0.05144225894,-0.08911607466,-0.05483091617,-0.0447132545,0.005109980412,-1.019526181,0.3900423795,-3.594176403,-1.776413271,-1.186253039
1.30000000,0.03396474131,-0.07786807911,-0.0846646597,-0.05903239532,-0.004009291136,-2.908210337,2.025314721,-3.535936549,-1.664234425,-1.002824286
1.30833333,0.005328555854,-0.05817433049,-0.1131181933,-0.0725064445,-0.01161373246,-3.859089316,2.555899028,-3.243057117,-1.572106517,-0.823016554
1.31666667,-0.02903982438,-0.03753113292,-0.1376314876,-0.08525985629,-0.01774219113,-4.333453718,2.265898817,-2.557034614,-1.48942117,-0.6489538463
1.32500000,-0.06622683166,-0.02266010246,-0.1540908168,-0.097319384,-0.02245034909,-4.563263964,1.169800783,-1.286779792,-1.403063344,-0.4821719839
1.33333333,-0.1047519257,-0.02075067255,-0.156721571,-0.1085888273,-0.02579906855,-4.668008031,-0.8024440867,0.7312133543,-1.296244328,-0.3228863031
1.34166667,-0.1438382273,-0.03392416524,-0.1441504287,-0.1187859643,-0.02785630214,-4.703845525,-2.236317754,2.155360466,-1.140164583,-0.1723877984
1.35000000,-0.1830223206,-0.05627782271,-0.1227221394,-0.1273619196,-0.02869477271,-4.693801749,-3.037361815,2.881849388,-0.9010397506,-0.0300950647
1.35833333,-0.2219664506,-0.08335331235,-0.09762712026,-0.1334603555,-0.02837820635,-4.647033166,-3.407356519,3.064010722,-0.538078166,0.1049217457
1.36666667,-0.2603841243,-0.1124098915,-0.07277064494,-0.135863093,-0.0269629564,-4.568174587,-3.53753543,2.842130853,-0.007803600858,0.2339136831
1.37500000,-0.2980209631,-0.1419578416,-0.05114090817,-0.133069807,-0.02448890454,-4.459889783,-3.538314164,2.303315611,0.7073303434,0.3596286125
1.38333333,-0.3346382937,-0.1711805489,-0.03497098617,-0.1237064701,-0.02096632857,-4.323763197,-3.465766675,1.554960238,1.551576239,0.4863970189
1.39166667,-0.3700105302,-0.199594925,-0.0253414291,-0.1072470275,-0.01636440006,-4.161406808,-3.348040948,0.7650403494,2.382302444,0.6195996609
1.40000000,-0.4039328519,-0.2269230752,-0.0218527436,-0.0844645441,-0.01060224107,-3.976414878,-3.207830783,0.1023916375,3.049333213,0.7663820607
1.40833333,-0.4362266332,-0.2530122192,-0.02309518368,-0.05707848688,-0.003530103076,-3.770745866,-3.050837476,-0.3686835584,3.483385323,0.935564979
1.41666667,-0.4667248211,-0.2777261735,-0.02751590955,-0.02703898108,0.005079635161,-3.54571043,-2.877945229,-0.667174838,3.690938602,1.137041781
1.42500000,-0.4952716585,-0.3009369667,-0.03386111999,0.003901155791,0.01553824649,-3.302638296,-2.690262536,-0.8382204411,3.705570192,1.380718932
1.43333333,-0.5217227379,-0.3225255025,-0.04124929528,0.03428022637,0.02822794901,-3.042986659,-2.488776542,-0.9233435731,3.561399568,1.673182116
1.44166667,-0.5459460799,-0.3423816196,-0.04909448906,0.06290225108,0.04355727069,-2.768214997,-2.274688233,-0.9518581331,3.288887629,2.013175634
1.45000000,-0.5678218822,-0.3604049726,-0.05700935131,0.08883008717,0.06187435469,-2.479845719,-2.049095067,-0.9425721371,2.920798225,2.386760432
1.45833333,-0.5872434993,-0.3765046124,-0.06473470902,0.1114256076,0.08335686567,-2.179462689,-1.813218687,-0.9090418461,2.497321053,2.767341356
1.46666667,-0.6041170931,-0.3906001766,-0.0721442617,0.1304457341,0.1079194481,-1.868585133,-1.568306509,-0.8685338682,2.070196121,3.120173582
1.47500000,-0.6183619312,-0.4026213382,-0.0791984882,0.1460085467,0.1351997583,-1.548831984,-1.315577211,-0.8237838656,1.671401889,3.415769136
1.48333333,-0.6299108026,-0.4125083583,-0.08586257361,0.1584317856,0.1646400332,-1.221821731,-1.056330737,-0.7749236315,1.318661115,3.636693593
1.49166667,-0.6387098282,-0.4202124429,-0.09210292508,0.1681296899,0.1955905854,-0.8891261789,-0.7918904064,-0.7221239456,1.017366234,3.778368354
1.50000000,-0.6447181753,-0.4256956956,-0.09788760534,0.175522317,0.2274046257,-0.5523274386,-0.5235513554,-0.6655908941,0.7643194174,3.845239881
1.50833333,-0.6479083523,-0.4289311791,-0.1031862065,0.1809812199,0.2594954118,-0.2130325411,-0.2526493579,-0.6054944213,0.5519491559,3.846371032
1.51666667,-0.6482662301,-0.4299031296,-0.1079697965,0.1848126383,0.2913544558,0.1271578424,0.01947247267,-0.5420209338,0.3724150196,3.791200796
1.52500000,-0.6457910296,-0.4286069928,-0.1122110795,0.1872591619,0.3225504433,0.4666368289,0.2914659187,-0.4753768424,0.2184722565,3.688615388
1.53333333,-0.6404954261,-0.425049493,-0.1158845668,0.1885095411,0.3527197107,0.8037841655,0.5619731117,-0.4057897259,0.08444734359,3.545962913
1.54166667,-0.6324056082,-0.4192486674,-0.1189667685,0.1886992191,0.3815659179,1.136981776,0.8296409565,-0.3335177106,-0.03868863303,3.373951183
1.55000000,-0.6215610471,-0.4112337214,-0.1214366906,0.1878680077,0.4089026108,1.46466038,1.093139884,-0.2589001627,-0.160519157,3.183954313
1.55833333,-0.6080143944,-0.4010449569,-0.1232761642,0.1860297911,0.4345850621,1.785213448,1.351135719,-0.1822648321,-0.2802064452,2.977101033
1.56666667,-0.5918317975,-0.3887337561,-0.124469774,0.1832064578,0.4584771056,2.097015555,1.602306338,-0.1039521462,-0.3968013287,2.754446879
1.57500000,-0.5730928758,-0.3743622231,-0.1250053197,0.1794275466,0.4804516976,2.398481423,1.845407771,-0.02441736564,-0.5094099821,2.517114971
1.58333333,-0.5518900396,-0.3580030055,-0.1248745932,0.1747296684,0.5003915182,2.688089026,2.079136308,0.05588619711,-0.6172233743,2.266304899
1.59166667,-0.5283287887,-0.3397393772,-0.1240729898,0.1691557438,0.5181896001,2.964239957,2.302282489,0.1364966484,-0.7195440868,2.003306571
1.60000000,-0.5025274362,-0.3196643765,-0.1226003784,0.1627541532,0.5337499148,3.225475925,2.513648521,0.2168497792,-0.8157788683,1.729479295
1.60833333,-0.4746164887,-0.297881276,-0.1204608307,0.1555777456,0.5469880353,3.470287467,2.712055469,0.2964662773,-0.905431657,1.446226863
1.61666667,-0.4447395438,-0.2745028835,-0.1176618066,0.1476828836,0.5578317365,3.6968211,2.895844746,0.3757971706,-0.9881495628,1.155061935
1.62500000,-0.4130634503,-0.2496829867,-0.1141712188,0.139128629,0.5662213176,3.901643049,3.056665444,0.4637672964,-1.06365518,0.8575085902
1.63333333,-0.3797774382,-0.2236375111,-0.1098957803,0.1299757537,0.5721103148,4.082954849,3.189208112,0.5647364687,-1.131796388,0.5551868505
1.64166667,-0.3450839509,-0.1966207179,-0.104712999,0.1202860959,0.575465605,4.239160941,3.288900399,0.6822670485,-1.192475286,0.2496918331
1.65000000,-0.3091985193,-0.1689281741,-0.09846696832,0.1101219112,0.5762676519,4.368802182,3.350491536,0.8206453829,-1.245687724,-0.05731265115
1.65833333,-0.2723499184,-0.1408988457,-0.09096445544,0.09954521919,0.5745108657,4.469845623,3.369032342,0.9846475457,-1.291491205,-0.3641466247
1.66666667,-0.2347866032,-0.1129110351,-0.08197055958,0.08861733748,0.5702037209,4.540113019,3.339727802,1.179295001,-1.329995558,-0.6691160405
1.67500000,-0.1967708027,-0.08538267843,-0.07121626176,0.07740271193,0.5633688205,4.578167779,3.25832313,1.406114107,-1.35884096,-0.970525605
1.68333333,-0.1585818445,-0.05874972008,-0.05847427271,0.06602891179,0.554042883,4.581074069,3.125438946,1.654791739,-1.366872304,-1.266684591
1.69166667,-0.1205232844,-0.03342296908,-0.0436022682,0.05469690582,0.5422765019,4.546567836,2.946152483,1.91501828,-1.347671591,-1.555966471
1.70000000,-0.08292089151,-0.009739744472,-0.0265749213,0.04366600335,0.528133741,4.470834188,2.733506609,2.168536986,-1.29291423,-1.836741197
1.70833333,-0.0461333716,0.01209332041,-0.007554928252,0.03328135879,0.5116921493,4.350146257,2.505999202,2.387636635,-1.190013203,-2.107440834
1.71666667,-0.01055617681,0.03204813646,0.01302300102,0.0240167778,0.4930419149,4.179647361,2.286272941,2.535982959,-1.020462166,-2.366559586
1.72500000,0.02337521883,0.05027611405,0.03440242036,0.01652947559,0.4722855373,3.954405918,2.09450158,2.573115793,-0.7586801772,-2.612688039
1.73333333,0.05518582672,0.06707634548,0.05549097534,0.01170969234,0.4495370136,3.670054187,1.945443909,2.460270381,-0.3753481719,-2.844469736
1.74166667,0.08437133617,0.0828364471,0.07492098795,0.01067505457,0.4249210592,3.324303965,1.844695031,2.173992494,0.1514328322,-3.060665076
1.75000000,0.1104247356,0.09793800662,0.0912863139,0.0146075751,0.3985723706,2.919271619,1.785365807,1.73230675,0.8106752168,-3.260133272
1.75833333,0.1328812736,0.112664587,0.1035707654,0.02437248445,0.3706348355,2.462797719,1.75126063,1.211978217,1.535696669,-3.441821959
1.76666667,0.1513708282,0.127120186,0.1115959717,0.04009138243,0.3412607841,1.969994477,1.715049948,0.7304814078,2.221743067,-3.60475483
1.77500000,0.1656618425,0.1411566828,0.1161403442,0.06104484765,0.310610222,1.458380015,1.645633865,0.3888134272,2.781697768,-3.74804845
1.78333333,0.1756794029,0.1543681215,0.1185961659,0.08600801991,0.2788500566,0.9473844346,1.512574659,0.2319762437,3.183164179,-3.870932055
1.79166667,0.1814932474,0.1661352636,0.1205100611,0.113682672,0.2461604402,0.4514095604,1.29725475,0.2550613031,3.43311957,-3.967614261
1.80000000,0.1832750133,0.1757503208,0.1232553824,0.1427747886,0.2129087798,-0.01890808816,0.9972335656,0.424428634,3.521089768,-3.998428081
1.80833333,0.1812598093,0.1825803774,0.1278474374,0.1718671921,0.1798361477,-0.4595391869,0.6339565613,0.6887316585,3.427252799,-3.913906786
1.81666667,0.1757055833,0.1862359351,0.1348355714,0.1992078082,0.1482552245,-0.8683784397,0.2421963622,0.9895767217,3.083471932,-3.618719761
1.82500000,0.1668733386,0.1866491431,0.144287494,0.2221611903,0.1205929742,-1.24604885,-0.1380903698,1.271342089,2.343277447,-2.93667409
1.83333333,0.1550210385,0.1840533832,0.1558499555,0.2366669717,0.1009924375,-1.593551632,-0.476090368,1.490494516,1.033259322,-1.653783732
1.84166667,0.1403994301,0.1788700879,0.1688759916,0.2362800247,0.09635680136,-1.910586232,-0.7582024858,1.618555327,-1.213941035,0.6371872846
1.85000000,0.1232602542,0.1715754396,0.1824991972,0.2195007508,0.1084720829,-2.197699203,-0.9836460836,1.629263311,-2.666289599,2.122236916
1.85833333,0.1038583645,0.1626098786,0.1956233511,0.1937376214,0.1299232152,-2.453686013,-1.160812711,1.492841856,-3.412131053,2.933987997
1.86666667,0.08245159851,0.1523326079,0.206845869,0.1641766703,0.1561691804,-2.67856114,-1.300631826,1.16330536,-3.600760812,3.312057744
1.87500000,0.05930346594,0.1410026966,0.2142844341,0.1350030006,0.1844737982,-2.871850357,-1.414933713,0.571714851,-3.326598498,3.45300029
1.88333333,0.03467564837,0.128791044,0.2154747118,0.109946162,0.2133735582,-3.033515597,-1.514185344,-0.3403504748,-2.617975261,3.467637129
1.89166667,0.008829703995,0.1157863145,0.2078530379,0.09232652918,0.2420703563,-3.164407621,-1.606615442,-1.517557538,-1.572880042,3.410442565
1.90000000,-0.01797910294,0.1020048811,0.1901387857,0.08388080587,0.2700961432,-3.264791749,-1.702094649,-2.709070955,-0.4760201307,3.311470302
1.90833333,-0.04550345837,0.08738574017,0.1634638853,0.08366402882,0.2972100617,-3.336246773,-1.809206365,-3.634183746,0.3680165611,3.192954092
1.91666667,-0.07350463379,0.07179644297,0.1305653049,0.08908822089,0.3232643027,-3.379583413,-1.936224504,-4.205164908,0.8835033912,3.057252134
1.92500000,-0.1017568813,0.05503766386,0.09420237886,0.09768870807,0.348118728,-3.396623195,-2.091374164,-4.47952652,1.147066558,2.905157365
1.93333333,-0.130045017,0.03683941582,0.0565126972,0.1077648189,0.3716403481,-3.388863544,-2.282506203,-4.53471873,1.250835384,2.737513564
1.94166667,-0.1581851689,0.01689207658,0.01907760946,0.1182729141,0.3937035007,-3.361687922,-2.511382611,-4.425685788,1.258985889,2.55530125
1.95000000,-0.1860220348,-0.00512535591,-0.01689270144,0.1285905429,0.4141908848,-3.316102785,-2.778784758,-4.188366385,1.209823692,2.35949312
1.95833333,-0.2134030923,-0.02950828636,-0.05045986453,0.1383454552,0.4329937509,-3.252360843,-3.076858931,-3.856190281,1.128937515,2.151211842
1.96666667,-0.2401789236,-0.05643527478,-0.08102655552,0.1473893906,0.4500127612,-3.170936884,-3.385401736,-3.473772339,1.040766623,1.931550698
1.97500000,-0.2662042759,-0.08588646523,-0.1082976076,0.1556780847,0.4651580449,-3.072323362,-3.677612855,-3.070367904,0.9477431987,1.701732119
1.98333333,-0.2913382256,-0.1176060632,-0.1322194523,0.163172861,0.4783501812,-2.957121038,-3.92592009,-2.673915333,0.8503122458,1.462990684
1.99166667,-0.3154457049,-0.1511373621,-0.1529425025,0.1698390006,0.4895199157,-2.826200695,-4.109708037,-2.305378861,0.7489377865,1.216579542
2.00000000,-0.3384147204,-0.1858791156,-0.1707506448,0.1756453431,0.4986089561,-2.685206291,-4.214449645,-1.975325104,0.6440306908,0.9638504761
2.00833333,-0.3601824508,-0.2211472589,-0.1859777313,0.1805642056,0.5055703171,-2.538217322,-4.236494531,-1.685560943,0.5360119148,0.7061600427
2.01666667,-0.3807112085,-0.2562679694,-0.1989427455,0.1845714043,0.5103681908,-2.388481328,-4.179796803,-1.431544487,0.4253041347,0.4448388257
2.02500000,-0.3999894353,-0.2906111154,-0.2099185673,0.187646362,0.5129780568,-2.238580383,-4.050923043,-1.207143031,0.3123482674,0.1812710138
2.03333333,-0.4180294333,-0.323600086,-0.2191267539,0.1897722167,0.5133870158,-2.091592888,-3.856149147,-1.006223004,0.1975956291,-0.08314580554
2.04166667,-0.4348650076,-0.354714243,-0.2267388829,0.1909359169,0.5115938303,-1.950053661,-3.601789261,-0.823303068,0.08150935103,-0.3470090124
2.05000000,-0.4505488783,-0.3834835019,-0.2328856662,0.1911283184,0.5076089838,-1.815452485,-3.294292139,-0.6539441938,-0.03543600255,-0.608909819
2.05833333,-0.4651448769,-0.409488243,-0.2376657918,0.1903443587,0.5014545903,-1.688701811,-2.939667734,-0.4948148999,-0.1527251332,-0.8674792293
2.06666667,-0.4787136587,-0.4323788798,-0.2411412712,0.1885834404,0.4931639954,-1.568974625,-2.549212423,-0.3390679679,-0.2698192784,-1.121369395
2.07500000,-0.4913086676,-0.4519033037,-0.2433141646,0.1858493703,0.4827818987,-1.454360564,-2.132891631,-0.1823410137,-0.3861933286,-1.369212607
2.08333333,-0.5029573342,-0.4678727459,-0.2441802182,0.182150381,0.4703643294,-1.341416953,-1.696916117,-0.02557116467,-0.5013013034,-1.609669093
2.09166667,-0.5136617497,-0.4801470866,-0.2437423438,0.1774996587,0.4559779621,-1.227020071,-1.247255098,0.1304736403,-0.6145073861,-1.841519245
2.10000000,-0.5233908699,-0.4886426959,-0.2420098848,0.171915418,0.4396998012,-1.10658417,-0.7912491298,0.285007164,-0.7252534559,-2.06348597
2.10833333,-0.5320757032,-0.4933372875,-0.2389982623,0.1654207808,0.421617183,-0.9756810537,-0.3362079265,0.4373677601,-0.8328804173,-2.274412469
2.11666667,-0.539614806,-0.4942653351,-0.2347281834,0.1580445084,0.4018267804,-0.8313291815,0.1119484429,0.5869349377,-0.936752263,-2.473153566
2.12500000,-0.5458876776,-0.4915051641,-0.2292254467,0.1498205297,0.3804347551,-0.6713209226,0.5479818237,0.7331066551,-1.036204127,-2.658646164
2.13333333,-0.5507527453,-0.4851820049,-0.2225208017,0.1407884934,0.3575556604,-0.4933112143,0.9663914757,0.8752962453,-1.130596241,-2.829868204
2.14166667,-0.5540603347,-0.4754556337,-0.2146498335,0.130993148,0.3333124924,-0.2974541073,1.36414266,1.012929475,-1.219276839,-2.985890021
2.15000000,-0.5556614173,-0.4625119452,-0.2056528668,0.1204847165,0.3078355492,-0.08409213559,1.738360166,1.145442758,-1.301655751,-3.125815927
2.15833333,-0.5554164321,-0.4465539968,-0.1955748887,0.1093180724,0.2812624134,0.1454414302,2.087204263,1.272275506,-1.377140068,-3.248867883
2.16666667,-0.5532000144,-0.4277964266,-0.1844658477,0.0975507593,0.2537387965,0.3886959244,2.41013193,1.392790969,-1.446638674,-3.352920614
2.17500000,-0.5489057926,-0.4064597298,-0.1723808511,0.08520418977,0.2254559653,0.6434890809,2.706325707,1.506413377,-1.51677112,-3.430304758
2.18333333,-0.5424507477,-0.3827654394,-0.1593799625,0.07226559966,0.1966476194,0.9069660674,2.975834252,1.612483687,-1.589110922,-3.478513384
2.19166667,-0.533774342,-0.3569354977,-0.1455287779,0.05870864579,0.1675682144,1.176137906,3.218897406,1.710395484,-1.665204831,-3.495213815
2.20000000,-0.5228456842,-0.3291846382,-0.1308978988,0.04449706746,0.1384880114,1.44576477,3.438193394,1.799494412,-1.746512595,-3.478323943
2.20833333,-0.509697687,-0.2996847787,-0.1155678031,0.02958881273,0.1096921427,1.708481971,3.638518604,1.876267452,-1.830827998,-3.426636231
2.21666667,-0.4943941007,-0.2685982025,-0.09970893123,0.01401826428,0.08147775571,1.962874001,3.818838246,1.92412061,-1.903101221,-3.338910836
2.22500000,-0.477010165,-0.236101189,-0.08360268884,-0.00207075779,0.05414599782,2.207530129,3.97554875,1.935191912,-1.953750665,-3.214618652
2.23333333,-0.4576328975,-0.2024272365,-0.0675734146,-0.01844591884,0.02799850046,2.441038944,4.1007249,1.903567302,-1.969084617,-3.054946965
2.24166667,-0.4363610363,-0.1678550606,-0.05203594996,-0.03474083481,0.003327180188,2.66200558,4.190300966,1.814260177,-1.930717039,-2.86063489
2.25000000,-0.4133045725,-0.1326994957,-0.03755492328,-0.05040026408,-0.01959127354,2.869130862,4.239746316,1.646292746,-1.81171632,-2.634657476
2.25833333,-0.3885842539,-0.09732188859,-0.02488084336,-0.06463245886,-0.04049763408,3.061113926,4.242266725,1.37699439,-1.583416651,-2.377855202
2.26666667,-0.362331547,-0.06215281452,-0.01492804427,-0.076418553,-0.05914080945,3.236721023,4.187610114,0.9924100879,-1.221916371,-2.091670689
2.27500000,-0.3346872744,-0.02773410869,-0.008616873919,-0.08463541078,-0.07527134754,3.394907619,4.05860861,0.5101980924,-0.7314408415,-1.774022487
2.28333333,-0.305800969,0.005207316582,-0.006490460534,-0.0883928366,-0.08860962443,3.534675944,3.826968918,0.006205611561,-0.1645459029,-1.420748692
2.29166667,-0.2758294826,0.03563586094,-0.008200829578,-0.08743224027,-0.09882974051,3.655208212,3.445991297,-0.3848060273,0.3834742853,-1.024425732
2.30000000,-0.2449360654,0.06204032582,-0.01216284877,-0.08231600764,-0.1055414159,3.755836849,2.84888521,-0.5109141062,0.8207484528,-0.5774703846
2.30833333,-0.2132891679,0.08233204412,-0.01568108351,-0.07418610357,-0.1082994526,3.835974789,1.971756271,-0.2688231349,1.104376009,-0.07531866094
2.31666667,-0.1810613764,0.09416234002,-0.01567430977,-0.06430969259,-0.1066525427,3.895160555,0.8345472518,0.3146254738,1.245339423,0.4782105449
2.32500000,-0.1484289715,0.09603476699,-0.01009873358,-0.05369434653,-0.1002337825,3.933040555,-0.3742114197,1.017292894,1.291131464,1.066120719
2.33333333,-0.1155707653,0.08844298065,0.0007876472749,-0.04288614509,-0.08886404847,3.949303884,-1.402735631,1.54924646,1.302326572,1.660926543
2.34166667,-0.08266784713,0.07347741814,0.01485402762,-0.03192256873,-0.07262723316,3.943550404,-2.140406797,1.774354729,1.336551303,2.228959559
2.35000000,-0.04996762535,0.05355238741,0.02957363164,-0.02044768615,-0.0518640801,3.894177645,-2.598093226,1.718257903,1.428573494,2.743279527
2.35833333,-0.01797999622,0.0308404662,0.04295233119,-0.007937864968,-0.02710117563,3.766741997,-2.815351083,1.467887359,1.583254921,3.187236251
2.36666667,0.01246322612,0.00725783057,0.05374248282,0.006057242769,0.001046542487,3.512640081,-2.804708798,1.110726288,1.779976145,3.55553502
2.37500000,0.03996632148,-0.01513983872,0.0613749877,0.02174676198,0.03195334698,3.041635811,-2.516650801,0.7206346545,1.983786174,3.850185851
2.38333333,0.06217241697,-0.03360354578,0.06580879449,0.03905022036,0.06502647948,2.216001263,-1.838321363,0.3499418895,2.162726128,4.076493773
2.39166667,0.07559662934,-0.0444203855,0.06735141408,0.0576646581,0.09972214717,0.9316107494,-0.6811402756,0.03034743118,2.296220313,4.240606516
2.40000000,0.07692398478,-0.04416194714,0.06649919655,0.0771740523,0.135546738,-0.6171917398,0.7470519306,-0.2230997798,2.377316677,4.348307758
2.40833333,0.06597930295,-0.0326674553,0.06383747189,0.09714584303,0.1720522077,-1.938396664,1.937495733,-0.4031804995,2.408142999,4.404747986
2.41666667,0.04591930403,-0.0132381993,0.0599901019,0.1171882589,0.2088305349,-2.802513246,2.646885001,-0.5071273061,2.395595088,4.414502051
2.42500000,0.02029349642,0.01032051978,0.05560902753,0.1369754228,0.2455079849,-3.299308839,2.95121006,-0.5301767881,2.348064878,4.381291929
2.43333333,-0.008446168496,0.03517180199,0.05140597979,0.1562468187,0.2817415959,-3.569916523,2.973981085,-0.4624657431,2.272950157,4.308580435
2.44166667,-0.03884261234,0.05931321011,0.04819300524,0.1747969513,0.3172177358,-3.708504149,2.788886013,-0.2900165459,2.176088938,4.199813209
2.45000000,-0.07003405235,0.08117040786,0.04690150896,0.1924667651,0.35164748,-3.766784805,2.429609825,0.0003000195003,2.062112803,4.058120219
2.45833333,-0.10149032,0.0994020929,0.04852564057,0.2091305843,0.3847689386,-3.778650643,1.926857811,0.4076902522,1.934895571,3.886606154
2.46666667,-0.1329530601,0.1130284067,0.05393873883,0.224672851,0.4163651384,-3.76892745,1.332254292,0.9009675393,1.793538632,3.693169366
2.47500000,-0.1642480412,0.1215171541,0.06359941953,0.2389982349,0.4462682836,-3.738425071,0.705825426,1.414841575,1.643156223,3.480486998
2.48333333,-0.1952032582,0.1249040416,0.07737330536,0.2520371114,0.4743230747,-3.687449242,0.1187448223,1.877061235,1.484945984,3.249762714
2.49166667,-0.2256498729,0.1237487165,0.09459573239,0.2637282052,0.5003845618,-3.616425079,-0.3787278431,2.236894946,1.319869765,3.002304061
2.50000000,-0.2554224763,0.1188891607,0.1143221685,0.2740198167,0.5243186838,-3.525783552,-0.7699274531,2.477301884,1.149768058,2.739439124
2.50833333,-0.2843601669,0.1111908628,0.1355603006,0.2828962481,0.5460028685,-3.416129932,-1.062525413,2.601647186,0.9811545827,2.462550004
2.51666667,-0.3123068755,0.1014038383,0.1574084609,0.2903853077,0.5653263827,-3.288078133,-1.274527785,2.626892657,0.8173171164,2.173117502
2.52500000,-0.3391122011,0.09011817855,0.1791157539,0.2965426372,0.582190733,-3.142316594,-1.425184904,2.570617951,0.6620734221,1.872617626
2.53333333,-0.3646318779,0.07777848612,0.2000660398,0.3014515719,0.596510276,-2.979645059,-1.529714543,2.447037337,0.518411828,1.562611913
2.54166667,-0.3887284037,0.06471930731,0.2197415611,0.305223266,0.6082122368,-2.800919435,-1.599449928,2.266213382,0.389497557,1.244676612
2.55000000,-0.4112717922,0.05118707476,0.2377038456,0.3079931311,0.6172374798,-2.607066246,-1.646414315,2.039031455,0.2782874568,0.9204684389
2.55833333,-0.4321402896,0.03730128895,0.2536359134,0.3099176717,0.6235404427,-2.399110708,-1.684844046,1.779357508,0.1870864992,0.5916083832
2.56666667,-0.4512209959,0.02312896156,0.2672745955,0.3111685677,0.6270894234,-2.178187923,-1.715144298,1.488741971,0.1167880537,0.2597979036
2.57500000,-0.4684106165,0.008738722031,0.2783684147,0.3119211156,0.6278669724,-1.94546696,-1.737096954,1.16945152,0.06692383954,-0.07324904595
2.58333333,-0.4836162455,-0.005798799097,0.2866954587,0.3123359929,0.6258699652,-1.702233728,-1.750463586,0.8252776549,0.03547382726,-0.4058056718
2.59166667,-0.4967556785,-0.02041114227,0.2920713464,0.3125507199,0.6211097608,-1.449821467,-1.755007075,0.46251392,0.01782068072,-0.7361242256
2.60000000,-0.5077583854,-0.03502388687,0.2943752807,0.3126530179,0.6136123215,-1.189645784,-1.75054486,0.08938684057,0.007387262483,-1.062450343
2.60833333,-0.5165654745,-0.04956161713,0.2935555648,0.3126753626,0.6034179983,-0.9231232816,-1.736985767,-0.2856623805,-0.002581367752,-1.383102847
2.61666667,-0.5231303363,-0.06394814094,0.2896332192,0.312591694,0.5905810858,-0.6517636281,-1.714242216,-0.6538813104,-0.01913679749,-1.696383788
2.62500000,-0.527418978,-0.0781065377,0.2826992414,0.3123203382,0.5751698986,-0.3770835376,-1.682222793,-1.007096875,-0.04866607913,-2.000674892
2.63333333,-0.5294100582,-0.09195936448,0.2729117641,0.3117280989,0.5572659239,-0.100602098,-1.640908949,-1.337658498,-0.09687232794,-2.294392269
2.64166667,-0.5290948955,-0.1054293319,0.2604784186,0.3106493325,0.5369634631,0.1761613564,-1.590349139,-1.641514518,-0.165664662,-2.576059296
2.65000000,-0.5264774894,-0.1184396739,0.2456387702,0.3089046752,0.5143689659,0.4516815158,-1.530595432,-1.914970978,-0.2565230661,-2.844259118
2.65833333,-0.5215745639,-0.130913785,0.2286497018,0.3063156338,0.4896003639,0.7244322282,-1.461677993,-2.157091955,-0.368207047,-3.097635649
2.66666667,-0.5144155188,-0.1427760551,0.2097729155,0.3027129598,0.4627912137,0.9929053554,-1.383789492,-2.368085342,-0.5008333502,-3.332326077
2.67500000,-0.5050418995,-0.1539525178,0.1892657817,0.2978909692,0.4341438225,1.255697523,-1.297118838,-2.548770079,-0.6610272993,-3.5377194
2.68333333,-0.4935070154,-0.1643711632,0.1673751536,0.2916152415,0.4039258944,1.511371745,-1.201980285,-2.700283198,-0.8498747229,-3.708422654
2.69166667,-0.4798757362,-0.1739632593,0.1443369182,0.2836449222,0.3724486018,1.758621677,-1.098812408,-2.824351533,-1.06802507,-3.839038802
2.70000000,-0.4642237513,-0.1826636254,0.1203746321,0.2737283264,0.3400705633,1.996135446,-0.9880746037,-2.922486117,-1.31703852,-3.923630327
2.70833333,-0.446637124,-0.1904121632,0.09569700592,0.2616033288,0.307199537,2.222727295,-0.8704872648,-2.996131432,-1.598528957,-3.956314781
2.71666667,-0.4272117771,-0.197154766,0.07049271189,0.2470032981,0.2742903183,2.4372569,-0.7467804426,-3.050135229,-1.910038765,-3.932165269
2.72500000,-0.4060527881,-0.202843678,0.04490793283,0.2296924419,0.2418292248,2.638631154,-0.6177596697,-3.087391461,-2.249026385,-3.848562119
2.73333333,-0.3832738997,-0.2074386887,0.019083544,0.2094502404,0.2103102591,2.825855247,-0.4843932721,-3.107607876,-2.612492252,-3.706880849
2.74166667,-0.3590067259,-0.2108979029,-0.006837875552,0.1861057825,0.1801899128,2.99341421,-0.3430577279,-3.110672589,-2.991636963,-3.51464476
2.75000000,-0.3334750229,-0.2131022235,-0.03271341659,0.1595903997,0.1518314941,3.128135966,-0.1823012824,-3.096607444,-3.370450011,-3.286959899
2.75833333,-0.3069798375,-0.2138703781,-0.05839970826,0.1299851557,0.1254546161,3.22351558,0.001845800579,-3.064637809,-3.729950588,-3.042248933
2.76666667,-0.279879004,-0.2130265667,-0.08370615247,0.09753314431,0.1011213022,3.272285194,0.2032196018,-3.003215115,-4.050379241,-2.799693291
2.77500000,-0.2525955629,-0.2104390117,-0.1083492073,0.06263115197,0.07874492049,3.265878262,0.4204221295,-2.904365226,-4.316134834,-2.574323908
2.78333333,-0.2256237512,-0.2059785812,-0.1319885766,0.02577520596,0.05814387912,3.196036422,0.6523369837,-2.761215037,-4.518156978,-2.374374031
2.79166667,-0.199526641,-0.1995367901,-0.154240494,-0.01246728901,0.03909581225,3.054878132,0.8946722509,-2.570776152,-4.647599022,-2.201545037
2.80000000,-0.1749202838,-0.19107237,-0.174674951,-0.05147866927,0.02138325285,2.83812378,1.134685138,-2.322922629,-4.702596288,-2.053284787
2.80833333,-0.1524276838,-0.1807013106,-0.1927529961,-0.09063961536,0.004819696968,2.548550095,1.347025235,-2.002209661,-4.683643226,-1.92493688
2.81666667,-0.1326188823,-0.1688031901,-0.2077918333,-0.1293332371,-0.01073932406,2.196575345,1.493678201,-1.590404708,-4.590126287,-1.811337721
2.82500000,-0.1159450026,-0.1561216379,-0.2189563382,-0.1669251948,-0.0253960881,1.799335489,1.526921154,-1.070003787,-4.418183263,-1.707660741
2.83333333,-0.1026979353,-0.1437871371,-0.2253160569,-0.202724841,-0.03921610406,1.377433594,1.406000183,-0.440030973,-4.157493882,-1.609908645
2.84166667,-0.09300938927,-0.1331255273,-0.2260998797,-0.2359275079,-0.05222168805,0.9475192151,1.129882712,0.2558816012,-3.791860046,-1.510044656
2.85000000,-0.08689937735,-0.1252366146,-0.2211590193,-0.2655404191,-0.06436140175,0.5198033049,0.7543417302,0.9105894325,-3.287749875,-1.402229093
2.85833333,-0.08432429646,-0.1205651486,-0.211490352,-0.2901720561,-0.07557199598,0.0998766037,0.3738755583,1.361561828,-2.585199417,-1.287148291
2.86666667,-0.08520005207,-0.118802729,-0.1994761971,-0.3078894523,-0.08579527297,-0.3074631118,0.06449645551,1.451822565,-1.618414406,-1.165380667
2.87500000,-0.08939801481,-0.1192239176,-0.1884830062,-0.3163494939,-0.09497807955,-0.6964683615,-0.151039933,1.121350356,-0.3699381527,-1.037512143
2.88333333,-0.09673428106,-0.1211335911,-0.1815961099,-0.3135678174,-0.1030713455,-1.058937059,-0.2997120993,0.5057286634,1.049348854,-0.9039568987
2.89166667,-0.1069461628,-0.1241583968,-0.1800271279,-0.2990107335,-0.1100293795,-1.385541354,-0.4254690564,-0.1018959316,2.41506762,-0.7651392929
2.90000000,-0.1197117716,-0.1282520005,-0.1825443354,-0.2740528095,-0.1158106922,-1.670762979,-0.5605110377,-0.4465978936,3.520718752,-0.6213215278
2.90833333,-0.1346712655,-0.1335616348,-0.1865580177,-0.2412781742,-0.1203285648,-1.912163211,-0.7173220008,-0.4677679421,4.290824476,-0.4581516085
2.91666667,-0.1514575451,-0.1402481677,-0.189668281,-0.203364222,-0.1233471323,-2.109548126,-0.8878653155,-0.2481395327,4.764477339,-0.2588040329
2.92500000,-0.1697144091,-0.1483314829,-0.1903386777,-0.1625280286,-0.1244865141,-2.265289355,-1.048259088,0.1005904556,4.999729893,-0.003016735107
2.93333333,-0.1891068446,-0.1576222719,-0.1878713889,-0.1206226423,-0.1231543444,-2.38267431,-1.174031042,0.4931975009,5.022393428,0.3408517193
2.94166667,-0.2093242235,-0.1677591893,-0.1821497144,-0.07943656747,-0.1184352649,-2.463848938,-1.249504049,0.8752356579,4.823098916,0.8182197249
2.95000000,-0.2300784316,-0.1782904306,-0.1733924288,-0.04093568323,-0.1090075082,-2.511587449,-1.268915205,1.218798012,4.3734079,1.478089064
2.95833333,-0.2510958051,-0.1887609301,-0.1619745339,-0.007253521156,-0.0932451018,-2.527571671,-1.235649285,1.512777937,3.672840928,2.334364038
2.96666667,-0.2721199741,-0.1987617186,-0.1483222838,0.01983226261,-0.06977509061,-2.513129849,-1.158170575,1.754944235,2.816200965,3.304076292
2.97500000,-0.2929021935,-0.2079670822,-0.1328719398,0.03976932607,-0.03834875999,-2.469993127,-1.046080385,1.944977938,1.988789449,4.213038335
2.98333333,-0.3132097855,-0.2161277919,-0.116029673,0.0534719272,-0.0001398843222,-2.3993558,-0.9089290107,2.090247362,1.334432106,4.916908556
2.99166667,-0.3328219095,-0.223064696,-0.09813960084,0.06257730702,0.04293602797,-2.303441553,-0.7534581296,2.197502051,0.8821020523,5.384221532
3.00000000,-0.3515326991,-0.2286540473,-0.07950741739,0.06863398885,0.08905160238,-2.183313795,-0.5864212046,2.267916218,0.5950741985,5.655374711
3.00833333,-0.3691508727,-0.2328177698,-0.06044135894,0.0728206213,0.1367939882,-2.041562565,-0.4124789986,2.302558288,0.4256036878,5.782740125
3.01666667,-0.3855020242,-0.2355457015,-0.04120531068,0.07594947446,0.185146777,-1.879550339,-0.2434581133,2.309755312,0.3362626161,5.807560352
3.02500000,-0.4004278519,-0.236894618,-0.02202007363,0.07858021758,0.2333778815,-1.699830923,-0.08147132722,2.289832527,0.3032456861,5.757029082
3.03333333,-0.413788242,-0.2369233241,-0.003124855859,0.08110882997,0.2809499834,-1.504575861,0.07381365285,2.239868796,0.3069716253,5.654643886
3.04166667,-0.4254805484,-0.2356685668,0.01521951064,0.08375134152,0.3275368811,-1.300352512,0.2271053517,2.157283032,0.3305951617,5.521185922
3.05000000,-0.4354419278,-0.2331430906,0.03273336381,0.08668105023,0.3728873106,-1.089341543,0.3786512857,2.040121719,0.3765020499,5.358038501
3.05833333,-0.4436204581,-0.229364802,0.04912416114,0.09009269923,0.4167576728,-0.8726393239,0.5276335898,1.887610726,0.4465978939,5.166133198
3.06666667,-0.4499730306,-0.2243587264,0.06409754067,0.09419282859,0.4589124544,-0.651302207,0.6731896182,1.700496689,0.5413889853,4.946484411
3.07500000,-0.454465863,-0.2181565888,0.07737629708,0.09918124809,0.4991251885,-0.4264978439,0.8145655103,1.481583539,0.6593050647,4.700243508
3.08333333,-0.4570749736,-0.2107962631,0.08872202764,0.1052288342,0.5371795897,-0.1994060445,0.9510360955,1.237934847,0.7943964909,4.428713816
3.09166667,-0.4577861799,-0.2023215983,0.0979614368,0.1124498477,0.5728709058,0.02881171003,1.081884311,0.9775717277,0.939553007,4.133365844
3.10000000,-0.4565948635,-0.1927823993,0.1049984124,0.1208879475,0.6060074507,0.2569977089,1.206420694,0.7112787823,1.084660874,3.815860647
3.10833333,-0.4535063531,-0.1822336212,0.1098310616,0.1304970623,0.6364121409,0.4839351813,1.32409989,0.4501940218,1.218985535,3.478039742
3.11666667,-0.4485361264,-0.1707346064,0.1125390257,0.1411523255,0.6639238828,0.7084070656,1.434386719,0.2026780255,1.33445948,3.121896678
3.12500000,-0.4417097866,-0.1583491633,0.1132692559,0.1526638794,0.6883987091,0.9292007493,1.536759715,-0.02350310622,1.423578165,2.74953955
3.13333333,-0.4330630128,-0.1451452463,0.1122153199,0.1647973566,0.7097105701,1.145111218,1.630745802,-0.2249644181,1.483207311,2.363152794
3.14166667,-0.4226414588,-0.1311945602,0.1095923547,0.1772990365,0.7277517892,1.35495846,1.715911188,-0.4001861204,1.51210816,1.96495693
3.15000000,-0.4105002957,-0.1165724246,0.1056185897,0.1899145287,0.7424332259,1.557630326,1.791830161,-0.5494603703,1.510883727,1.557175292
3.15833333,-0.3967040299,-0.101357346,0.1005030388,0.2024013438,0.7536842334,1.751995456,1.858167198,-0.6744328603,1.481498602,1.142020411
3.16666667,-0.3813265392,-0.08563031599,0.09443994136,0.2145345258,0.7614524838,1.936941263,1.914662926,-0.7771338261,1.426331854,0.7216751426
3.17500000,-0.3644507198,-0.06947451435,0.08760548459,0.2261102995,0.7657037314,2.111442523,1.960749211,-0.8596456113,1.348137737,0.2982975807
3.18333333,-0.3461674343,-0.05301119807,0.08019284943,0.2369466811,0.7664216249,2.274566558,1.986173932,-0.9141272087,1.249436108,-0.1259751134
3.19166667,-0.326575607,-0.0364508394,0.07246231377,0.2468853663,0.7636075825,2.425339907,1.983237872,-0.9363118693,1.133900379,-0.549010163
3.20000000,-0.305781566,-0.02005141026,0.06466872691,0.25582275,0.7572808461,2.562974357,1.946581476,-0.9289395256,1.009811166,-0.968664653
3.20833333,-0.2838981333,-0.004119486683,0.05707807947,0.2636947424,0.7474785167,2.686656402,1.869895153,-0.8864259777,0.8782370876,-1.382795165
3.21666667,-0.2610445694,0.01098284327,0.05001241251,0.2704399002,0.7342555455,2.795715484,1.74622645,-0.8016801567,0.7394110084,-1.789264145
3.22500000,-0.2373452275,0.02483566203,0.04385272391,0.2759988749,0.7176846343,2.889530661,1.569016198,-0.6679440659,0.5936070943,-2.185948956
3.23333333,-0.2129296328,0.0369725171,0.03902865688,0.2803149521,0.6978560569,2.967552364,1.334095198,-0.4808090227,0.4411838892,-2.5707594
3.24166667,-0.1879310431,0.04691216756,0.03598624219,0.2833348462,0.674877295,3.029368204,1.042657117,-0.2412653859,0.2826132161,-2.941660497
3.25000000,-0.1624864046,0.05421932364,0.03512776311,0.2850098019,0.6488724725,3.074548499,0.7045909379,0.04107355081,0.1185168632,-3.296696813
3.25833333,-0.1367353588,0.0585811909,0.03673450806,0.2852969989,0.6199815634,3.10287536,0.3398991451,0.3462839466,-0.05029889678,-3.634020913
3.26666667,-0.1108192224,0.05988058449,0.04089269515,0.2841612157,0.5883593988,3.114139736,-0.02613685459,0.6491688554,-0.2228091948,-3.951924265
3.27500000,-0.0848882266,0.05821951954,0.04747759215,0.2815766518,0.5541745241,3.104238113,-0.3643196891,0.9246212617,-0.3977818513,-4.248821497
3.28333333,-0.05918252637,0.05398344691,0.05617173278,0.2775285874,0.5176081313,3.058358563,-0.6402313444,1.153244687,-0.5737993525,-4.523256714
3.29166667,-0.03404086421,0.04777436045,0.06654241421,0.2720148056,0.4788529675,2.967217249,-0.835346452,1.326238402,-0.7492886159,-4.773909256
3.30000000,-0.009887943152,0.04032100643,0.07812072407,0.2650464275,0.438112511,2.818756516,-0.9368930172,1.443542482,-0.9226272641,-4.999528329
3.30833333,0.01273494294,0.03245053934,0.0904621845,0.2566234695,0.3956246848,2.596945836,-0.933400486,1.510560677,-1.10127948,-5.189977033
3.31666667,0.03313784549,0.0250904871,0.1031632756,0.2466571146,0.3517522548,2.282711297,-0.8123173633,1.528958622,-1.291915148,-5.330313159
3.32500000,0.05047656594,0.01926627244,0.1158061885,0.2350624893,0.3069537086,1.859486584,-0.5637886674,1.497040929,-1.492806453,-5.410288456
3.33333333,0.06381699744,0.01603964499,0.1279813025,0.2217322615,0.2617858423,1.324658294,-0.1913444875,1.416768495,-1.709627245,-5.416332566
3.34166667,0.07231183467,0.01633938259,0.1392819315,0.2065064825,0.2169320396,0.7038197581,0.2742155594,1.286964125,-1.949038744,-5.331793286
3.35000000,0.07546580313,0.02069669132,0.1492802477,0.1891664929,0.1732294355,0.05439747972,0.7702209112,1.102900294,-2.217669721,-5.136916389
3.35833333,0.0733365447,0.02905097675,0.1574850067,0.1694649567,0.1316702644,-0.5534895481,1.2220596,0.8542131389,-2.514518108,-4.815180109
3.36666667,0.06649923638,0.0407866249,0.163288518,0.1472281603,0.09334814271,-1.069807454,1.575345848,0.5230767928,-2.820935041,-4.360638383
3.37500000,0.05581273437,0.05497066757,0.1659027115,0.1225559645,0.05931634574,-1.4769884,1.808779116,0.08355017873,-3.087534463,-3.790819641
3.38333333,0.04216652533,0.07060421658,0.1642899488,0.09611057951,0.03036838322,-1.782615914,1.92455039,-0.4967271863,-3.230768989,-3.149389994
3.39166667,0.02633550173,0.0867483351,0.1571630979,0.0693065119,0.006867670544,-2.004604367,1.932794638,-1.241050198,-3.161117699,-2.492683914
3.40000000,0.008936533679,0.1025310193,0.143216336,0.0441161318,-0.01125785207,-2.161674868,1.837291672,-2.121667606,-2.847195703,-1.864388235
3.40833333,-0.00955481605,0.117048557,0.121769083,0.02231309838,-0.0243429728,-2.268993788,1.624923945,-3.010609831,-2.371334145,-1.284525539
3.41666667,-0.02877295881,0.1291727143,0.09361032522,0.004600727567,-0.0328119849,-2.337720944,1.252571881,-3.694422055,-1.891594882,-0.7564143383
3.42500000,-0.04844372046,0.1372516082,0.06135773473,-0.009526717754,-0.03708984212,-2.380924913,0.6368377245,-3.961346976,-1.521258606,-0.2784789392
3.43333333,-0.06841830609,0.1387499872,0.02920789868,-0.02110240891,-0.03759240343,-2.41075957,-0.3508340211,-3.648477246,-1.274661669,0.1494383797
3.44166667,-0.08858601342,0.1301354012,0.002283170976,-0.03098556976,-0.03474129415,-2.427266494,-1.782530688,-2.725100801,-1.105197922,0.5261907469
3.45000000,-0.1088357525,0.1085245787,-0.01542498083,-0.03957350754,-0.02896575577,-2.430458258,-3.388281613,-1.53048156,-0.9546841141,0.8514304375
3.45833333,-0.1290566673,0.07461336318,-0.02406950678,-0.04682662665,-0.02068846929,-2.420336841,-4.668502912,-0.6224159382,-0.7793812105,1.127179621
3.46666667,-0.1491378299,0.03210594989,-0.02714410848,-0.05242847446,-0.01030536658,-2.396943855,-5.457962862,-0.1885186902,-0.5564025024,1.357667003
3.47500000,-0.1689701467,-0.01531474334,-0.02820518189,-0.05596255053,0.001828606058,-2.361338406,-5.873178081,-0.1119530035,-0.2844873913,1.548275306
3.48333333,-0.1885012575,-0.06509625935,-0.02957529585,-0.0570769092,0.0154045482,-2.327550973,-6.041034669,-0.2407009223,0.02087468871,1.704511781
3.49166667,-0.2077982788,-0.1155338066,-0.03248224802,-0.05559146343,0.03015650512,-2.30667377,-6.040129038,-0.4661896159,0.3347465485,1.831411665
3.50000000,-0.2270094877,-0.1654077486,-0.03741748901,-0.05154500755,0.04585572939,-2.30880583,-5.90992415,-0.7186915361,0.63176294,1.932503124
3.50833333,-0.24637439,-0.2137173721,-0.04441627308,-0.04516828,0.06230361608,-2.345516639,-5.66614049,-0.956140093,0.8913926448,2.011412806
3.51666667,-0.2662303386,-0.2595748685,-0.05321306072,-0.03682220804,0.07932157499,-2.428481553,-5.32416605,-1.145378872,1.103277549,2.069672641
3.52500000,-0.2869988024,-0.3021925033,-0.06334582848,-0.02692290239,0.09674777334,-2.565000003,-4.888620783,-1.277256467,1.264250652,2.109666583
3.53333333,-0.3091222306,-0.3408076758,-0.07435732587,-0.01588139443,0.1144344235,-2.752151994,-4.365620527,-1.357414284,1.378329763,2.132283285
3.54166667,-0.3329638978,-0.3747623216,-0.08584655581,-0.004063432019,0.1322391518,-2.973542118,-3.774277896,-1.393271634,1.451779541,2.13809644
3.55000000,-0.3586941237,-0.4036085833,-0.09747624432,0.008219003257,0.150025611,-3.199582113,-3.145503916,-1.392383173,1.490774905,2.128139672
3.55833333,-0.3862114323,-0.4271752622,-0.108968843,0.02070233257,0.1676667867,-3.397417305,-2.51217592,-1.361379338,1.500954745,2.103293024
3.56666667,-0.415163421,-0.4455412447,-0.1200968612,0.03316880592,0.1850400404,-3.540325748,-1.900989872,-1.30568884,1.487515446,2.063889755
3.57500000,-0.4450185056,-0.4589692756,-0.1306767482,0.04544350799,0.2020256139,-3.612360317,-1.329234686,-1.231626626,1.456722843,2.010327609
3.58333333,-0.4751581472,-0.4678271276,-0.1406054745,0.05743158617,0.2185075664,-3.608657698,-0.8047122773,-1.150240047,1.419532509,1.943112975
3.59166667,-0.5049605188,-0.4725156118,-0.1498304278,0.06908748865,0.2343747592,-3.532363404,-0.3283782467,-1.062740224,1.376879054,1.863016834
3.60000000,-0.5338481442,-0.4734275671,-0.1583012412,0.08035937091,0.2495290351,-3.39053966,0.1023281015,-0.9692775719,1.32713384,1.772372353
3.60833333,-0.5613132163,-0.4709232639,-0.1659691046,0.09118629802,0.2638876142,-3.192468577,0.4923421264,-0.8700756341,1.270151307,1.672130329
3.61666667,-0.5869251987,-0.4653205031,-0.1727874328,0.101509383,0.2773727727,-2.94731247,0.8468532739,-0.7654577891,1.206266622,1.562853333
3.62500000,-0.6103274949,-0.4568943728,-0.1787129137,0.1112725343,0.2899118256,-2.663496264,1.170729165,-0.655865025,1.135828539,1.445173795
3.63333333,-0.6312296289,-0.4458825375,-0.1837059631,0.1204227243,0.3014375237,-2.348405672,1.468013888,-0.5417548619,1.05922329,1.319763037
3.64166667,-0.6494085005,-0.432482013,-0.1877312659,0.1289102923,0.3118883577,-2.012587332,1.746206403,-0.4237250205,0.9768723008,1.187326603
3.65000000,-0.6647436463,-0.4168123159,-0.1907589816,0.1366892644,0.3212087868,-1.666216065,2.01236662,-0.3024327985,0.8892473639,1.048581607
3.65833333,-0.6771534635,-0.3989807469,-0.1927647503,0.1437178894,0.3293491865,-1.310742348,2.264795336,-0.1786002727,0.7968723985,0.904247824
3.66666667,-0.686568155,-0.3791081826,-0.1937307141,0.1499586728,0.3362662506,-0.947642083,2.50195352,-0.05299476744,0.7002508453,0.7551147237
3.67500000,-0.6929307701,-0.3573275368,-0.1936452663,0.155378393,0.3419233505,-0.5785231396,2.722313591,0.07383523912,0.5999061688,0.6019928494
3.68333333,-0.6961982423,-0.3338119542,-0.1924726613,0.159948273,0.3462906769,-0.2051081438,2.916289429,0.209704753,0.4963811147,0.4457077128
3.69166667,-0.6963423616,-0.3088145977,-0.1901108166,0.1636441299,0.3493453498,0.1707718974,3.077136356,0.3598066797,0.3902351254,0.2870963349
3.70000000,-0.693350634,-0.2826303899,-0.1864282461,0.1664465032,0.3510715015,0.5471612056,3.200316103,0.527276021,0.2820416121,0.1270039802
3.70833333,-0.6872271773,-0.2555932852,-0.1812655114,0.1683407582,0.351460331,0.9220444079,3.280954138,0.7157238452,0.1723848562,-0.03371895473
3.71666667,-0.67799323,-0.2280801414,-0.1744302686,0.1693171633,0.3505101391,1.293325559,3.313726789,0.9293369571,0.06185676333,-0.1942184572
3.72500000,-0.6656876844,-0.2005096678,-0.1656972769,0.1693709345,0.3482263565,1.65886997,3.29406641,1.171676778,-0.04895102738,-0.3536381674
3.73333333,-0.6503673281,-0.1733340897,-0.1548153868,0.1685020714,0.3446215383,2.016518792,3.218623143,1.445280215,-0.159482098,-0.5111254056
3.74166667,-0.6321069399,-0.1470214099,-0.1415237076,0.1667152871,0.3397153168,2.364124887,3.087289384,1.749621496,-0.2691538723,-0.6658348701
3.75000000,-0.6109990584,-0.1220185958,-0.1255866682,0.1640201876,0.333534326,2.699560617,2.905595189,2.078783219,-0.3773809735,-0.8169320433
3.75833333,-0.5871537727,-0.09870244068,-0.1068410836,0.1604310997,0.326112211,3.020767114,2.685292048,2.420863052,-0.4837109246,-0.963475618
3.76666667,-0.5606979655,-0.07732129755,-0.08525278197,0.1559603177,0.3174960856,3.32577122,2.444292662,2.757934078,-0.5891763698,-1.1030843
3.77500000,-0.5317744022,-0.05796948999,-0.06094174753,0.1506137182,0.3077505726,3.612735845,2.201379183,3.071174633,-0.6938401572,-1.234379262
3.78333333,-0.500540516,-0.04058625077,-0.03418388862,0.1443996875,0.2969485914,3.879981083,1.974566709,3.34240254,-0.7972890348,-1.35649912
3.79166667,-0.4671670438,-0.02498431847,-0.005388317138,0.1373349464,0.2851699339,4.125996329,1.775235245,3.556697469,-0.8958321961,-1.468656717
3.80000000,-0.4318366,-0.01090922995,0.02486386791,0.1295419259,0.2725006802,4.349440396,1.60836499,3.688619091,-0.9689331689,-1.570120849
3.80833333,-0.3947422995,0.001909300675,0.05581819372,0.1213011917,0.2590330437,4.549138055,1.473193469,3.722849242,-1.000436617,-1.660136518
3.81666667,-0.3560864587,0.01371898032,0.08659377392,0.113041791,0.2448673299,4.724048346,1.365327009,3.642258495,-0.9691414205,-1.737357781
3.82500000,-0.3160795216,0.02472298014,0.1161331021,0.1054111351,0.2301168782,4.873258443,1.278749351,3.420951949,-0.8431838439,-1.80023595
3.83333333,-0.274939065,0.03507261624,0.1431261359,0.09936426664,0.2149079142,4.995965586,1.207117057,3.025452783,-0.5819967192,-1.847063336
3.84166667,-0.2328889142,0.04486764874,0.1659878203,0.09618955472,0.1993854441,5.091475539,1.144633959,2.426452089,-0.1500819803,-1.874601667
3.85000000,-0.1901582838,0.05415804141,0.1830224193,0.09732779749,0.1837338711,5.159205756,1.08517373,1.634166293,0.4461601114,-1.877112874
3.85833333,-0.1469807647,0.06294874861,0.1929174691,0.1038396855,0.1681949211,5.198663591,1.023820787,0.7339555972,1.117016816,-1.845634936
3.86666667,-0.1035931716,0.07120113745,0.1953567707,0.1157110662,0.1531083304,5.209576545,0.9550820552,-0.1308705158,1.704901466,-1.765403435
3.87500000,-0.06024274813,0.07884070532,0.1911616749,0.1316384075,0.1389690291,5.18709261,0.8786202145,-0.845571067,2.073685199,-1.61364196
3.88333333,-0.01728959946,0.08586249214,0.1817893096,0.1494898207,0.1264998196,5.11187349,0.8080515098,-1.372941784,2.162311275,-1.358822542
3.89166667,0.02477482197,0.09234348343,0.168753488,0.1668771754,0.1167067002,4.971643257,0.7499342043,-1.729712267,1.963833655,-0.9658570805
3.90000000,0.06534752047,0.09842042563,0.1533503984,0.1814797853,0.1108497514,4.750795395,0.7128983255,-1.945914524,1.500103737,-0.41320639
3.90833333,0.1036724351,0.104319623,0.1366440557,0.1913084601,0.1102006616,4.428229628,0.7096620293,-2.045462325,0.8330963903,0.2740294808
3.91666667,0.1388003546,0.1103800643,0.1195499411,0.1951204714,0.1155369737,3.979556076,0.7535624582,-2.039776499,0.07893639399,1.0031228
3.92500000,0.1695903855,0.1170300591,0.1029405686,0.1927618706,0.1266906514,3.384545464,0.8512030465,-1.928081305,-0.6279092203,1.651810766
3.93333333,0.1947918618,0.1246760283,0.08774341113,0.1850356333,0.1426188923,2.640244232,0.9871485368,-1.698307651,-1.200456282,2.141899093
3.94166667,0.2132609844,0.1334401732,0.07501776129,0.1731899877,0.1619136876,1.77718253,1.10671071,-1.331140558,-1.617425777,2.462194319
3.95000000,0.2242607797,0.1428284892,0.06599249796,0.1584618987,0.183258949,0.8601784895,1.121170331,-0.808166301,-1.896433657,2.639779165
3.95833333,0.2276534624,0.1516180783,0.06196738306,0.1418938045,0.20561347,-0.03757322165,0.9554089547,-0.1363980176,-2.062892889,2.710275522
3.96666667,0.2238320325,0.1582474524,0.06395742569,0.1243427258,0.2282171292,-0.8650679416,0.6107707,0.6188859062,-2.134429905,2.703887961
3.97500000,0.2135009238,0.1615343928,0.07215860489,0.1065712844,0.2505250192,-1.597920465,0.17234872,1.32935335,-2.115073631,2.642163218
3.98333333,0.1974729302,0.1611680679,0.08559514501,0.08937333517,0.2721435886,-2.232626207,-0.2504844456,1.854754661,-1.994593967,2.541799517
3.99166667,0.1765534801,0.1575777638,0.1022888383,0.07365524996,0.2928454779,-2.77280112,-0.5965541758,2.100107771,-1.7543116,2.424424974
4.00000000,0.1515039597,0.1514578948,0.1196880916,0.06060409895,0.3125143591,-3.224938783,-0.8599806676,2.019206272,-1.345000649,2.293972252
4.00833333,0.1230321901,0.143408218,0.1349986019,0.051848282,0.3310439449,-3.595296651,-1.064299222,1.600418764,-0.7181471591,2.151137039
4.01666667,0.09178719645,0.1338117772,0.1455520804,0.04922045518,0.3483345482,-3.891828317,-1.23515385,0.8939184369,0.11517966,1.99673667
4.02500000,0.05835126195,0.1228610384,0.1495185201,0.05399874416,0.3642930107,-4.122499988,-1.391972187,0.0533447273,1.029018099,1.83158333
4.03333333,0.02324120359,0.1106163031,0.1466459494,0.06606081622,0.3788338111,-4.294867558,-1.546894134,-0.7165427816,1.834141055,1.656661422
4.04166667,-0.013086282,0.09706663514,0.1381378342,0.08393201859,0.3918794785,-4.415703524,-1.705852427,-1.288673657,2.414574941,1.472911904
4.05000000,-0.05022617476,0.08217179299,0.1257538939,0.1056679594,0.4033607673,-4.490708108,-1.869476115,-1.651677032,2.767818997,1.281396091
4.05833333,-0.08781622493,0.06590175084,0.1110665404,0.1295715302,0.4132176289,-4.524470355,-2.035289477,-1.850266814,2.944233472,1.08323841
4.06666667,-0.1255320603,0.04825773942,0.09523308704,0.1543935633,0.4213994577,-4.522387855,-2.19751075,-1.934367985,2.995996056,0.8795790974
4.07500000,-0.163119023,0.0293212807,0.07903307569,0.1792696479,0.4278651879,-4.494362029,-2.344236516,-1.943774995,2.962525469,0.6715665425
4.08333333,-0.2003697268,0.009240803458,0.06296844524,0.2036038593,0.4325833404,-4.441720116,-2.471756952,-1.905328107,2.869233917,0.4603525278
4.09166667,-0.2370803561,-0.01181593871,0.04736037483,0.2269714168,0.4355320378,-4.364843053,-2.578089894,-1.837816716,2.733856325,0.2470892536
4.10000000,-0.2730511784,-0.03366096712,0.03234610594,0.2491188127,0.4366988267,-4.264247978,-2.660523357,-1.765732666,2.579036281,0.03286059843
4.10833333,-0.3080872154,-0.05608525958,0.01792681693,0.2699146805,0.4360804201,-4.14061767,-2.716995345,-1.695146525,2.409208599,-0.1807391095
4.11666667,-0.3419995136,-0.07887311602,0.004089838911,0.2892065161,0.433717966,-3.994702547,-2.747731326,-1.626061986,2.216597158,-0.3839031035
4.12500000,-0.3746061435,-0.1018072174,-0.009181175968,0.3067837094,0.4297274744,-3.82740152,-2.752067447,-1.559406564,1.997306132,-0.570745323
4.13333333,-0.4057330545,-0.1246716553,-0.0219041443,0.322416432,0.4242613202,-3.639747072,-2.731321891,-1.494322409,1.749555064,-0.7373147011
4.14166667,-0.4352150896,-0.1472613615,-0.03409104647,0.3358602418,0.4175053117,-3.432843038,-2.686151867,-1.43083352,1.471697668,-0.8796531437
4.15000000,-0.4628969486,-0.1693777771,-0.04575304054,0.3468571367,0.409678134,-3.207903048,-2.618187833,-1.368031092,1.162135198,-0.9938373373
4.15833333,-0.4886338246,-0.1908383691,-0.05689199076,0.3551406117,0.4010269605,-2.96627515,-2.528837716,-1.305381907,0.8205394282,-1.077049873
4.16666667,-0.5122922601,-0.2114685642,-0.06750990268,0.3604451285,0.3918190939,-2.709322078,-2.41926677,-1.242782865,0.4475995851,-1.127432904
4.17500000,-0.5337508391,-0.2311093896,-0.07760209232,0.3625216075,0.3823264926,-2.438550469,-2.291623284,-1.179176325,0.04662121876,-1.145789642
4.18333333,-0.5529004948,-0.2496153059,-0.08716027367,0.3611612136,0.3728011805,-2.155445527,-2.147067911,-1.114644148,-0.37632474,-1.135833181
4.19166667,-0.5696451644,-0.2668528487,-0.09617437837,0.3562114539,0.3634576653,-1.861621784,-1.988079787,-1.047944157,-0.8129400905,-1.103700561
4.20000000,-0.5839020649,-0.2827218311,-0.1046118134,0.3476066285,0.3544408718,-1.558640693,-1.818858434,-0.9762334822,-1.251550296,-1.059094503
4.20833333,-0.5956015686,-0.2971412667,-0.1124322004,0.3353802544,0.3458122435,-1.248120746,-1.640318296,-0.8999321135,-1.680088636,-1.012280461
4.21666667,-0.6046876967,-0.3100367969,-0.1195993616,0.3196672028,0.3375465637,-0.93170347,-1.453257157,-0.8195559388,-2.08628989,-0.9737269058
4.22500000,-0.6111181151,-0.3213407185,-0.12608185,0.3006998396,0.3295370184,-0.6110218327,-1.258458441,-0.7357018351,-2.459977769,-0.9516286138
4.23333333,-0.6148640601,-0.3309919156,-0.131852558,0.2787778748,0.3216257781,-0.2876997683,-1.056752941,-0.6487990504,-2.794351394,-0.9508342571
4.24166667,-0.6159102658,-0.338936618,-0.1368879729,0.2542469995,0.3136259581,0.03664687782,-0.8490546339,-0.5592886535,-3.085585313,-0.9730892124
4.25000000,-0.6142549153,-0.3451287997,-0.1411676045,0.2274742246,0.3053458613,0.3604036862,-0.6363077356,-0.4674745592,-3.332425825,-1.017764799
4.25833333,-0.6099096804,-0.3495304257,-0.1446739522,0.1988263804,0.2966095867,0.681953645,-0.4194897137,-0.3737484036,-3.535898559,-1.082002378
4.26666667,-0.6028994062,-0.3521119641,-0.1473922073,0.1686562419,0.287269214,0.9997579572,-0.1996674877,-0.2783977168,-3.698161535,-1.162105951
4.27500000,-0.5932618408,-0.3528527988,-0.1493106094,0.1372973075,0.2772087388,1.312236795,0.02210472326,-0.181849851,-3.821664667,-1.254148434
4.28333333,-0.5810479178,-0.3517411699,-0.1504205892,0.1050622782,0.2663440339,1.617843065,0.2447227341,-0.08443397472,-3.908936865,-1.354428056
4.29166667,-0.5663209563,-0.3487750562,-0.1507166463,0.07223521435,0.2546288051,1.91510616,0.4669942345,0.01341256678,-3.965792878,-1.456073441
4.30000000,-0.5491568805,-0.343962117,-0.1501971661,0.03902693729,0.2420981681,2.202521162,0.6877452606,0.1112160386,-4.000500407,-1.549911068
4.30833333,-0.5296435545,-0.3373203506,-0.1488648759,0.005622337554,0.2288205114,2.478671213,0.9057216002,0.2079421415,-4.012425107,-1.635272784
4.31666667,-0.5078808922,-0.3288779556,-0.1467823981,-0.02773654999,0.2148683764,2.742147571,1.119669408,0.2874241742,-3.985759801,-1.711718224
4.32500000,-0.4839859771,-0.3186679667,-0.144162917,-0.06066077881,0.2003178379,2.989121332,1.330812069,0.3348701015,-3.906269992,-1.778818025
4.33333333,-0.4581236361,-0.3066967438,-0.1413298737,-0.09265712765,0.1852485131,3.214012288,1.542253163,0.3359881208,-3.760530617,-1.836163195
4.34166667,-0.4304857603,-0.292974685,-0.1387340024,-0.1231027721,0.1697428626,3.414796289,1.750000483,0.2754101909,-3.53070532,-1.8835134
4.35000000,-0.4012854147,-0.2775491258,-0.1369658064,-0.1512082495,0.1538850192,3.588650874,1.950787298,0.1337114627,-3.195340195,-1.920642434
4.35833333,-0.3707543305,-0.260490336,-0.1367828331,-0.1760121363,0.137761008,3.733764952,2.141224838,-0.1070802177,-2.735920177,-1.947391581
4.36666667,-0.3391438537,-0.2419012092,-0.1390349329,-0.1964480967,0.121457583,3.847385811,2.317114432,-0.4487978954,-2.148451349,-1.963668765
4.37500000,-0.3067226705,-0.2219361579,-0.1444572101,-0.2115326616,0.1050627085,3.927913403,2.469808801,-0.858877367,-1.458992952,-1.969334981
4.38333333,-0.2737772013,-0.2008371097,-0.1533359894,-0.2206467589,0.08866488222,3.973056097,2.586325841,-1.263079223,-0.7277309349,-1.964359462
4.39166667,-0.2406073128,-0.1789945329,-0.1652164523,-0.2237532028,0.07235324906,3.981211518,2.643710038,-1.562714235,-0.02861181611,-1.948635243
4.40000000,-0.2075318504,-0.1570420831,-0.178835346,-0.2213637006,0.05621759909,3.95038331,2.604707406,-1.666797666,0.5852910752,-1.922124667
4.40833333,-0.1748841902,-0.1359990896,-0.1922571047,-0.2142875953,0.04034765663,3.877683107,2.415105185,-1.504970688,1.09580198,-1.884882641
4.41666667,-0.1430322799,-0.1173924073,-0.2030281603,-0.2033655975,0.02483228747,3.758223397,2.01000345,-1.023848522,1.511170269,-1.837060051
4.42500000,-0.1124051651,-0.1031782879,-0.2084016835,-0.1893124806,0.00975871478,3.581446605,1.365025771,-0.2158650083,1.850788711,-1.778899026
4.43333333,-0.08355389926,-0.09503725556,-0.2059973836,-0.1726692226,-0.004788207505,3.327757822,0.5837289042,0.8135059367,2.136183205,-1.710724528
4.44166667,-0.05724689742,-0.09313893449,-0.1948472202,-0.1538259321,-0.01871062325,2.964037227,-0.08636650099,1.84228255,2.37839729,-1.625848781
4.45000000,-0.03458903808,-0.09549077362,-0.175858617,-0.1331574217,-0.03179292718,2.443598115,-0.4071165575,2.672407441,2.574394134,-1.507594993
4.45833333,-0.01707495623,-0.0986948831,-0.1510330473,-0.1110523474,-0.04371609538,1.72527579,-0.2903662421,3.244477004,2.722265759,-1.345603894
4.46666667,-0.00635715322,-0.09928488436,-0.1223927214,-0.08794650933,-0.05405672115,0.8226146553,0.198731086,3.597783911,2.812241926,-1.124817108
4.47500000,-0.003561487897,-0.09484364346,-0.091518272,-0.06438916206,-0.06224238798,-0.1483518235,0.8800403901,3.789029925,2.82743689,-0.8244229801
4.48333333,-0.008531689913,-0.08470057886,-0.05957444366,-0.04109205502,-0.06750481151,-1.014888647,1.534839779,3.860148409,2.745776245,-0.4190001083
4.49166667,-0.01988195644,-0.06972239016,-0.02744661014,-0.01895269504,-0.06886741664,-1.671288824,2.028410995,3.83563117,2.547564286,0.1146197111
4.50000000,-0.03578666698,-0.05140851721,0.004117450274,0.001043867136,-0.06522285064,-2.113445857,2.338658811,3.725651369,2.234616731,0.7807981883
4.50833333,-0.05464064275,-0.03115706947,0.03441275563,0.0180945876,-0.0555803909,-2.387997481,2.500831557,3.530632662,1.852646099,1.543982552
4.51666667,-0.07526114706,-0.01001584926,0.06270536904,0.03198709308,-0.03944094422,-2.544797251,2.558663966,3.243613205,1.494873551,2.324230261
4.52500000,-0.09683023633,0.01128456653,0.08820020526,0.04336820108,-0.01705336949,-2.620716237,2.543301967,2.858348077,1.264755955,3.03031244
4.53333333,-0.1187832794,0.03222632647,0.1100708417,0.05359180501,0.01069907613,-2.640107844,2.475099204,2.37536078,1.221441296,3.606502302
4.54166667,-0.1407292473,0.05243231996,0.1275733878,0.06423172165,0.04266259081,-2.623741352,2.370725727,1.815848242,1.358278745,4.042198774
4.55000000,-0.1624714533,0.07168403485,0.1402500593,0.07656931779,0.07772327857,-2.59200082,2.246080634,1.22664819,1.616289854,4.353594426
4.55833333,-0.183889821,0.08979581611,0.1481144276,0.09127980828,0.1149403297,-2.546064823,2.095945939,0.6715924909,1.914534807,4.563372311
4.56666667,-0.2048672452,0.1065302121,0.1516942668,0.1083924883,0.1535534755,-2.486221566,1.914537346,0.2059751007,2.183298674,4.691586387
4.57500000,-0.2252891204,0.1215977577,0.15188873,0.127474699,0.192948407,-2.412801826,1.694899198,-0.1378731182,2.383327228,4.753175109
4.58333333,-0.2450441819,0.1346540566,0.1497599135,0.1478941061,0.2326171113,-2.32627096,1.43092202,-0.351885728,2.504415019,4.758769426
4.59166667,-0.2640253924,0.1453100834,0.1463675675,0.1690149961,0.2721252628,-2.227174736,1.118434502,-0.4429731996,2.553475023,4.715651483
4.60000000,-0.282130567,0.1531589401,0.1426759335,0.1902883827,0.3110922847,-2.116128484,0.7578046569,-0.4269788173,2.543530707,4.629593495
4.60833333,-0.2992626122,0.1578261808,0.1394892099,0.2112785456,0.3491790985,-1.993721375,0.3564712439,-0.3256687328,2.487528156,4.505128806
4.61666667,-0.3153296147,0.1590303341,0.1374089476,0.2316513047,0.3860802486,-1.860645096,-0.06989813618,-0.1663553645,2.396659526,4.345706174
4.62500000,-0.3302459058,0.1566517576,0.1367936486,0.2511480933,0.4215204063,-1.717681137,-0.4996365188,0.02095450456,2.278611287,4.154877231
4.63333333,-0.3439320903,0.150756696,0.1377558234,0.2695641352,0.4552545089,-1.565535498,-0.9100689317,0.2074886088,2.13719065,3.937790107
4.64166667,-0.3563149258,0.1415959852,0.1401815509,0.2867046871,0.4870941944,-1.405025389,-1.280805364,0.3692245839,1.973221231,3.700467787
4.65000000,-0.3673283274,0.1295550574,0.1437980677,0.3024024444,0.5168766834,-1.23699672,-1.599877853,0.4915499844,1.791575621,3.444309574
4.65833333,-0.376912905,0.1150885536,0.1482489628,0.3165238933,0.5444509131,-1.062264291,-1.862808869,0.5692175744,1.595451556,3.170734208
4.66666667,-0.3850168006,0.09865983302,0.1531554895,0.328970016,0.5696779911,-0.8817950071,-2.071330428,0.6008143351,1.390537775,2.881231309
4.67500000,-0.391596031,0.08070288682,0.1581480386,0.3396829078,0.5924315333,-0.696492538,-2.230535586,0.5910165262,1.179665605,2.577346687
4.68333333,-0.3966143326,0.06160472642,0.1629105624,0.3486179127,0.612598103,-0.507346932,-2.346240653,0.5468175797,0.9640325796,2.260633695
4.69166667,-0.4000440709,0.04170399675,0.167184854,0.3557400996,0.6300776083,-0.3154144941,-2.424061517,0.4749226075,0.7447897343,1.932709114
4.70000000,-0.4018664642,0.02129546207,0.1707652247,0.3610241208,0.6447833759,-0.1217626776,-2.468843169,0.3811618363,0.5230451048,1.59522508
4.70833333,-0.4020716556,0.00063589844,0.1734917718,0.3644536129,0.6566426875,0.07253460466,-2.485642906,0.2714773261,0.2998858242,1.24982954
4.71666667,-0.4006587589,-0.02008862608,0.1752822214,0.3660211265,0.6655966271,0.2663980036,-2.485850044,0.158040892,0.07633314536,0.8982268728
4.72500000,-0.3976359015,-0.04075489956,0.176123446,0.3657274653,0.6716006884,0.4587449721,-2.471648147,0.04376196826,-0.146628314,0.5421379906
4.73333333,-0.3930202186,-0.06124264701,0.1760108958,0.3635817164,0.6746244925,0.6484968757,-2.443008896,-0.07076585009,-0.3680095232,0.1832547255
4.74166667,-0.386837805,-0.08143178686,0.17494492,0.3596009589,0.6746520281,0.8345826845,-2.399997617,-0.1849700305,-0.5868764821,-0.1766742684
4.75000000,-0.3791236286,-0.1012031359,0.1729305015,0.3538099691,0.6716819164,1.015950675,-2.342785544,-0.2982957987,-0.8023141772,-0.535884535
4.75833333,-0.3699209293,-0.1204399348,0.1699773689,0.3462410778,0.6657275634,1.191679604,-2.271787422,-0.4101652272,-1.013424569,-0.8925946391
4.76666667,-0.3592806415,-0.1390292662,0.1661000592,0.3369340283,0.6568172541,1.360807,-2.187475024,-0.5200026818,-1.219326817,-1.245015012
4.77500000,-0.3472615834,-0.1568626256,0.1613176017,0.3259361159,0.6449942267,1.522462059,-2.090488347,-0.6275007013,-1.41889608,-1.59134628
4.78333333,-0.3339296994,-0.1738371333,0.1556414721,0.313313928,0.6303166318,1.675301753,-1.981011026,-0.7348560583,-1.608562949,-1.929823675
4.79166667,-0.3194043807,-0.1898086178,0.1490687538,0.2991595185,0.6128572186,1.805947166,-1.847056083,-0.842656526,-1.78643016,-2.258681613
4.80000000,-0.303921854,-0.2045278935,0.1415964884,0.2835761038,0.5927036417,1.903718498,-1.679425903,-0.9507097983,-1.951328526,-2.576137158
4.80833333,-0.2877891537,-0.2176878471,0.1332230954,0.2666770883,0.569957951,1.960499877,-1.471601027,-1.059046317,-2.101837705,-2.880498876
4.81666667,-0.2713887933,-0.2289193583,0.1239427096,0.2485910762,0.5447364725,1.966217327,-1.215148063,-1.168396805,-2.235979304,-3.170062442
4.82500000,-0.2551884786,-0.2377827232,0.1137479333,0.2294590034,0.5171691944,1.910844371,-0.9019374469,-1.278420337,-2.352754829,-3.443212988
4.83333333,-0.2397372374,-0.2437735696,0.1026342613,0.2094301517,0.4873994082,1.785203791,-0.5248553462,-1.389091461,-2.450824162,-3.69841157
4.84166667,-0.2256379374,-0.2463507864,0.0905927559,0.1886694233,0.4555829818,1.586741968,-0.08333431022,-1.501022996,-2.528252163,-3.934181882
4.85000000,-0.2134718599,-0.2450096854,0.07761625345,0.1673509481,0.4218875762,1.32352168,0.4130593513,-1.613296361,-2.584665384,-4.149147071
4.85833333,-0.2036979894,-0.2393772002,0.06370342345,0.1456535657,0.3864918454,1.01759662,0.9415663889,-1.725873131,-2.618871003,-4.342048146
4.86666667,-0.1965398919,-0.2293184757,0.04885233045,0.1237665352,0.3495845302,0.7017931619,1.469318823,-1.838215267,-2.630272549,-4.511738824
4.87500000,-0.1919330768,-0.2149865129,0.03307185189,0.1018771717,0.3113635045,0.4106359161,1.961747567,-1.948637993,-2.619554002,-4.657188966
4.88333333,-0.1895518962,-0.1967982334,0.01638242039,0.08016887932,0.2720347107,0.1708457763,2.391448409,-2.056285879,-2.586765057,-4.77746889
4.89166667,-0.1889103183,-0.1753397423,-0.001187083416,0.05882275003,0.2318110849,-0.006022178951,2.745483837,-2.159428586,-2.532991192,-4.871811235
4.90000000,-0.1894759834,-0.1512704289,-0.01957419942,0.03800249077,0.190913729,-0.1197972425,3.015055675,-2.248428678,-2.462002347,-4.93802393
4.90833333,-0.1907561853,-0.1253752071,-0.03854196509,0.01780160567,0.1496190039,-0.1792695696,3.181827597,-2.294950431,-2.385909437,-4.965942888
4.91666667,-0.1923424484,-0.0985629617,-0.05763566892,-0.001767917539,0.1082687009,-0.1951319302,3.231966486,-2.273503857,-2.311447306,-4.950641602
4.92500000,-0.1939172542,-0.07191070954,-0.07613744218,-0.02074341804,0.06724180586,-0.1780716492,3.136458493,-2.144522949,-2.244303451,-4.887444671
4.93333333,-0.1952439301,-0.04684554824,-0.09290745256,-0.0392082106,0.02695991591,-0.1369669532,2.83953929,-1.845583124,-2.189602498,-4.770910743
4.94166667,-0.196154994,-0.02535987152,-0.1062032434,-0.05728161242,-0.01210822264,-0.07994519635,2.264351036,-1.297417339,-2.150606802,-4.595164581
4.95000000,-0.1965702159,-0.01001683436,-0.1136953322,-0.07508958184,-0.04944543727,-0.01966486714,1.365421177,-0.4534132576,-2.125012927,-4.354561869
4.95833333,-0.1964824802,-0.003264463466,-0.1132064361,-0.09271090745,-0.0844919411,0.04070958311,0.2361872132,0.5815200454,-2.103064269,-4.044818812
4.96666667,-0.1958923795,-0.005952002944,-0.1043037534,-0.1100798279,-0.1166638208,0.1008476802,-0.848990586,1.509460892,-2.058370891,-3.664757852
4.97500000,-0.1948032576,-0.01664182783,-0.08911800177,-0.1268181826,-0.1453863248,0.1604199453,-1.663918008,2.058917727,-1.941169675,-3.217885599
4.98333333,-0.1932211932,-0.03285345306,-0.07133220773,-0.1420133522,-0.1701302188,0.2190076173,-2.182716116,2.126703514,-1.67259376,-2.71124749
4.99166667,-0.1911807663,-0.05238836477,-0.05506372683,-0.1540115214,-0.190426898,0.2682171693,-2.474250435,1.694944336,-1.159604189,-2.151593806
5.00000000,-0.1887991467,-0.07366258258,-0.0443716903,-0.1605558953,-0.2058439382,0.2999461512,-2.610673233,0.8054707063,-0.3708614366,-1.539392183
5.00833333,-0.1862460297,-0.09560808853,-0.04234925383,-0.1598580203,-0.2159099496,0.3083540089,-2.641477624,-0.3330267701,0.5315753763,-0.8647157104
5.01666667,-0.1837432512,-0.1174720187,-0.04963294205,-0.1522864728,-0.2200328788,0.2867488325,-2.594181723,-1.37377488,1.227517351,-0.1103295561
5.02500000,-0.1815722713,-0.1386587688,-0.06437742624,-0.1405265402,-0.2175082904,0.2273825913,-2.480215154,-2.109736935,1.526363039,0.7294019592
5.03333333,-0.1800797431,-0.1586373772,-0.08394950417,-0.1278459541,-0.2077195572,0.1226470659,-2.3044255,-2.543537784,1.469065067,1.624316961
5.04166667,-0.179670386,-0.1768989538,-0.1061535798,-0.1166001745,-0.1904793206,-0.03334335138,-2.068438832,-2.754985597,1.210619104,2.50344387
5.05000000,-0.1807829176,-0.1929571864,-0.1294421319,-0.107786117,-0.1662751434,-0.2419971962,-1.777446625,-2.812779331,0.9075622256,3.283242397
5.05833333,-0.183832725,-0.2064049719,-0.1527279265,-0.1013211407,-0.1361837129,-0.4964111636,-1.444578803,-2.759940011,0.6571027114,3.911659929
5.06666667,-0.1891394153,-0.2169753236,-0.1752046259,-0.09659445904,-0.1015251064,-0.78052313,-1.091197601,-2.621274827,0.4917051504,4.381052713
5.07500000,-0.1968599052,-0.224615131,-0.1962127222,-0.09290788709,-0.06355096712,-1.071295194,-0.7464778863,-2.409047539,0.4046551978,4.711918506
5.08333333,-0.2069405992,-0.2295305232,-0.2151656719,-0.08968722776,-0.02330074634,-1.342821062,-0.4423905617,-2.128755051,0.3762936695,4.93201463
5.09166667,-0.2191305166,-0.2321739213,-0.2315103544,-0.08652723519,0.01841138102,-1.575051064,-0.2044458455,-1.783473925,0.3872260385,5.066371498
5.10000000,-0.2330469543,-0.2331672779,-0.2447199527,-0.08316263255,0.06095148075,-1.755997469,-0.04769654828,-1.377287181,0.4234780401,5.133246805
5.10833333,-0.2482430029,-0.233203087,-0.2543190755,-0.07942726845,0.1038185159,-1.882039293,0.02581338958,-0.9195122489,0.4742684164,5.148302824
5.11666667,-0.264267116,-0.2329391771,-0.2599500476,-0.07526233441,0.1466743925,-1.955568677,0.02688714087,-0.4272459562,0.5248663438,5.13238519
5.12500000,-0.2807053837,-0.2329015786,-0.2613895317,-0.07068719544,0.1892800829,-1.982552867,-0.02421404672,0.08295140254,0.5726986865,5.08832365
5.13333333,-0.2971976807,-0.2334134027,-0.2585797774,-0.06572481726,0.2314025085,-1.969527228,-0.1004151274,0.5887051542,0.6178277647,5.016468201
5.14166667,-0.3134355344,-0.2345713329,-0.2516530477,-0.06039737156,0.2728123021,-1.922322688,-0.1755758951,1.067817703,0.6603525828,4.917383143
5.15000000,-0.3291579065,-0.2362788282,-0.2409045142,-0.05472555941,0.3132850619,-1.846559536,-0.2294442364,1.503405557,0.7005129654,4.791704673
5.15833333,-0.3441433917,-0.2383023845,-0.2267472603,-0.04872798134,0.3526022483,-1.746283935,-0.2498826907,1.884714324,0.7385709489,4.640181042
5.16666667,-0.3582038727,-0.240337713,-0.2096551204,-0.04242116663,0.3905519461,-1.624860376,-0.2324561802,2.207757927,0.7747825851,4.463655096
5.17500000,-0.3711742319,-0.2420751504,-0.1901126583,-0.03581584354,0.4269296376,-1.485294911,-0.1788651772,2.472414815,0.8112636149,4.263062277
5.18333333,-0.3829151503,-0.243232694,-0.1686154515,-0.028880514,0.461539036,-1.330003387,-0.09429931546,2.677158499,0.8545155171,4.039445514
5.19166667,-0.3933014396,-0.2435797269,-0.1456495121,-0.02154939663,0.4941930147,-1.160610652,0.01473829143,2.825318947,0.9067695269,3.793964228
5.20000000,-0.4022264854,-0.242934839,-0.1216749786,-0.01373592593,0.5247146355,-0.9795794185,0.1427489931,2.919886891,0.9704817715,3.527906722
5.20833333,-0.4095991619,-0.24116492,-0.0971275821,-0.005335101443,0.5529382484,-0.7882517837,0.2838452911,2.963052644,1.048176779,3.242693709
5.21666667,-0.4153412317,-0.2381800018,-0.07242720103,0.003777258824,0.5787106377,-0.5890678583,0.4341770919,2.956710139,1.141732908,2.939885182
5.22500000,-0.4194081521,-0.2339217572,-0.04796539212,0.01374150846,0.6018921221,-0.3865645936,0.58728979,2.907786521,1.252722726,2.621167029
5.23333333,-0.4217783142,-0.2284014665,-0.02407122703,0.02470706862,0.6223575439,-0.1820236187,0.7369370015,2.820567148,1.381838425,2.288335625
5.24166667,-0.4224391856,-0.2216512646,-0.001062854709,0.03682119597,0.6399971043,0.02348695207,0.8823401836,2.695219809,1.528250153,1.943279742
5.25000000,-0.4213871471,-0.2137096981,0.02075255116,0.05021500715,0.6547170128,0.2288956551,1.02273964,2.534914019,1.68821884,1.587953243
5.25833333,-0.4186275298,-0.2046215538,0.04109943576,0.06498364361,0.6664400119,0.433126651,1.15739804,2.343825565,1.857085745,1.22435793
5.26666667,-0.4141746221,-0.1944376553,0.05975335994,0.08116756861,0.6751056955,0.6351069938,1.285604689,2.130094054,2.02634299,0.8545411754
5.27500000,-0.4080516281,-0.1832146204,0.0765634761,0.09873087099,0.6806708113,0.8337702957,1.40668047,1.90285551,2.186545722,0.4805661692
5.28333333,-0.4002906018,-0.1710144498,0.09145561263,0.1175585929,0.6831093578,1.028059553,1.520033509,1.671277418,2.328259169,0.1045128801
5.29166667,-0.3909323552,-0.1579036471,0.1044304746,0.1374589075,0.6824127387,1.216930281,1.625136715,1.444128221,2.442541449,-0.271523262
5.30000000,-0.3800263405,-0.1439532962,0.1155550465,0.1581731087,0.6785898717,1.39935409,1.721436548,1.227787182,2.523026535,-0.6454340192
5.30833333,-0.367630498,-0.129238902,0.1249346671,0.1794049374,0.671667301,1.574322805,1.808427112,1.026107505,2.566054207,-1.015098698
5.31666667,-0.3538110696,-0.113839889,0.132701066,0.2008340335,0.6616891387,1.740853218,1.885690213,0.8406144864,2.570428368,-1.37843311
5.32500000,-0.3386423411,-0.09783870504,0.1389918952,0.2221374009,0.6487167013,1.898010197,1.952875984,0.6717351561,2.536226424,-1.733392923
5.33333333,-0.3222058696,-0.08132118078,0.1439412246,0.243001087,0.6328279836,2.044972764,2.009549258,0.5186294535,2.465086026,-2.078022633
5.34166667,-0.3045901448,-0.06437627742,0.1476741948,0.2631278098,0.6141168364,2.180891058,2.055403175,0.3796152468,2.359751005,-2.410480565
5.35000000,-0.2858906289,-0.04709516063,0.1503023866,0.2822439697,0.5926918002,2.304954256,2.090204958,0.2530302137,2.223256613,-2.729087047
5.35833333,-0.2662089541,-0.02957100275,0.151922967,0.3001032004,0.5686746938,2.416512032,2.113688422,0.1376025317,2.058590332,-3.032345113
5.36666667,-0.2456519582,-0.01189886855,0.152621271,0.3164867023,0.5421990236,2.514921326,2.1257089,0.03150707436,1.869630113,-3.318940438
5.37500000,-0.2243318506,0.005814972797,0.1524774005,0.3312099224,0.5134084324,2.59957071,2.121884942,-0.0640554679,1.661868173,-3.587750956
5.38333333,-0.2023651451,0.02340140799,0.151587966,0.3441312011,0.4824783081,2.670038725,2.094764289,-0.1470803905,1.433681896,-3.82839929
5.39166667,-0.1798718261,0.04065471071,0.150070463,0.3549961363,0.4497394264,2.725886098,2.041572492,-0.2143271572,1.166449889,-4.01949105
5.40000000,-0.1569753522,0.05734625348,0.1480703513,0.3634266783,0.4156696455,2.766757333,1.959347056,-0.2622177147,0.8467515147,-4.144592444
5.40833333,-0.1338012833,0.07322127175,0.1457642475,0.3689100401,0.3809091747,2.792475292,1.84498087,-0.2870170955,0.4555274607,-4.180954553
5.41666667,-0.1104767502,0.0879993588,0.1433602044,0.3707521994,0.3463153209,2.802841495,1.695558204,-0.2850781885,-0.03149965547,-4.099264134
5.42500000,-0.08713021724,0.1013776532,0.141094772,0.368048463,0.3130046699,2.797751815,1.50875502,-0.2533599283,-0.6392206945,-3.868078892
5.43333333,-0.06389026753,0.1130399202,0.1392235501,0.359725474,0.2823186258,2.777279037,1.283830405,-0.1904763799,-1.380381389,-3.468230273
5.44166667,-0.04088471307,0.1226735228,0.1380042706,0.3447130377,0.255634101,2.741516999,1.022668977,-0.0975404266,-2.237998375,-2.914747608
5.45000000,-0.01825004271,0.1300063753,0.1376707597,0.3222833179,0.2339679644,2.686739079,0.7342719619,0.02117504344,-3.145213047,-2.280758221
5.45833333,0.003824358198,0.1348813595,0.1384019313,0.2924470773,0.2175269132,2.606756653,0.4351260736,0.155181341,-3.996736421,-1.679898044
5.46666667,0.02511663072,0.1372718023,0.1402202859,0.2561297515,0.2056127881,2.498470924,0.140579479,0.2767065035,-4.68609417,-1.205047513
5.47500000,0.04537671478,0.1372828846,0.1428965215,0.214952451,0.1969997844,2.358216152,-0.1330880992,0.3557598264,-5.158590326,-0.8875089233
5.48333333,0.06431856858,0.1351539357,0.1459288127,0.1707910859,0.1904449343,2.18119171,-0.3705573463,0.3546150253,-5.401008564,-0.7050816305
5.49166667,0.08161172471,0.1312457981,0.148422945,0.1256271952,0.1849790724,1.961526886,-0.5580934421,0.2142473726,-5.393157219,-0.6197457523
5.50000000,0.09687364176,0.1260167011,0.1488642976,0.08176187627,0.1799446081,1.692650012,-0.6869571072,-0.1561997754,-5.074612324,-0.5965442948
5.50833333,0.1096680548,0.1199649589,0.144839558,0.0422167158,0.1749347399,1.368392105,-0.755680523,-0.8778729807,-4.337200732,-0.6104107417
5.51666667,0.1195158608,0.1135701385,0.1330752687,0.0108159917,0.169714884,0.9851518512,-0.7715821712,-2.005322564,-3.128255866,-0.6445731553
5.52500000,0.1259288408,0.1071858794,0.1109491699,-0.0092691024,0.1641728432,0.5448497334,-0.7591128711,-3.289811665,-1.696155569,-0.6850759436
5.53333333,0.1284634042,0.1008655585,0.07919218747,-0.01816529863,0.158307325,0.05643923124,-0.7663089174,-4.245153112,-0.5068781067,-0.7220055877
5.54166667,0.1267771515,0.09415336939,0.04181031502,-0.01891092114,0.1521504125,-0.4649994457,-0.8684368299,-4.628064942,0.2619543057,-0.7549774529
5.55000000,0.1206730261,0.08584687403,0.003638810137,-0.01470727397,0.1457358846,-1.00132921,-1.166248851,-4.44269773,0.7045033191,-0.7837377963
5.55833333,0.1100783483,0.07392719143,-0.03080284979,-0.007724795102,0.1391158647,-1.541599271,-1.743651964,-3.744570621,0.945964563,-0.8029153823
5.56666667,0.09497198401,0.05610175502,-0.05769664306,0.0007367025872,0.132391627,-2.085040542,-2.558577136,-2.666745099,1.069963654,-0.8084762784
5.57500000,0.0752933032,0.03133800211,-0.07502443122,0.009910042796,0.1256873104,-2.640807548,-3.353305961,-1.508063508,1.122158841,-0.7976770121
5.58333333,0.05089452396,0.001067638341,-0.08343553655,0.01930591373,0.1191473722,-3.219041133,-3.849242789,-0.5586649471,1.125921789,-0.7685228645
5.59166667,0.02159363365,-0.03179196738,-0.08515006391,0.02857144096,0.112935827,-3.814137901,-3.981708339,0.1019295999,1.092029031,-0.7186855678
5.60000000,-0.01263975592,-0.06453874099,-0.0823855061,0.03741593559,0.1072333466,-4.396230589,-3.842948435,0.5293677878,1.025672975,-0.6461146045
5.60833333,-0.05151804217,-0.09543584648,-0.07676273037,0.04558443431,0.1022333667,-4.921006139,-3.557506198,0.7991686133,0.9299420416,-0.5497553509
5.61666667,-0.09438115708,-0.1237012946,-0.06934920823,0.05284170987,0.09813562851,-5.347369224,-3.224116816,0.9663338918,0.8075775347,-0.4298001499
5.62500000,-0.1403102981,-0.1491975728,-0.06084559318,0.05897787014,0.09513346083,-5.655381313,-2.899051596,1.065105706,0.6616880379,-0.2873232505
5.63333333,-0.1883091902,-0.1721040453,-0.05173155831,0.06382209359,0.09339661576,-5.845485514,-2.604133653,1.115335804,0.4984190825,-0.1267729984
5.64166667,-0.2374411031,-0.1926909637,-0.0423586761,0.06725369065,0.09305777906,-5.929990305,-2.341620641,1.128588534,0.3241186553,0.04702960517
5.65000000,-0.2868951996,-0.2112060631,-0.03300562032,0.06922227804,0.09419534608,-5.925443007,-2.10697202,1.112536594,0.1490735647,0.2261921
5.65833333,-0.3359936944,-0.2278908683,-0.02385940736,0.06976360333,0.0968196502,-5.847028666,-1.901609558,1.080013731,-0.01686179367,0.4024847614
5.66666667,-0.3841750977,-0.2429578038,-0.01504974981,0.06899246477,0.1008732777,-5.707218708,-1.717196682,1.031342263,-0.1642092816,0.5679471715
5.67500000,-0.4309710018,-0.2565480858,-0.00672317211,0.06710517859,0.1062366857,-5.515983891,-1.546153673,0.9638200082,-0.2837624273,0.7161375748
5.68333333,-0.4760088649,-0.2687276174,0.0009593944113,0.06435277173,0.1127512281,-5.288442248,-1.375898929,0.8764580735,-0.3707681471,0.8435163308
5.69166667,-0.5190358489,-0.2794647905,0.00782328439,0.06103214364,0.1202283717,-5.033591861,-1.200267813,0.7672810423,-0.4199964449,0.9471354833
5.70000000,-0.5598300143,-0.2887217666,0.01368774082,0.05745788263,0.1284707929,-4.752803155,-1.020922379,0.636404111,-0.4311578483,1.02695369
5.70833333,-0.598181146,-0.2964742497,0.01836962929,0.05395028778,0.1372808895,-4.447513015,-0.8394447971,0.4839182741,-0.4048330177,1.083825633
5.71666667,-0.6338915306,-0.3027107448,0.02170182132,0.05080436625,0.1464737141,-4.119293565,-0.65732533,0.3128305027,-0.3448271995,1.119008035
5.72500000,-0.6667770181,-0.3074316245,0.02354074649,0.04828151486,0.1558784339,-3.769831516,-0.4759016419,0.1264829318,-0.256528543,1.135051018
5.73333333,-0.6966681033,-0.3106475065,0.0237857611,0.04658707661,0.1653416816,-3.400952112,-0.2962940917,-0.06852143384,-0.1474879571,1.133438959
5.74166667,-0.723411045,-0.3123774326,0.02239514987,0.04585423516,0.1747278791,-3.0146107,-0.1194068207,-0.2648027863,-0.02722299354,1.11686831
5.75000000,-0.7468688051,-0.3126471781,0.01939010141,0.0461416006,0.1839179149,-2.612858911,0.05404343973,-0.4547084071,0.09598930134,1.086555196
5.75833333,-0.7669217828,-0.3114878318,0.01485539419,0.04743690995,0.1928049806,-2.197821748,0.2234895516,-0.6306922986,0.2131268281,1.044587018
5.76666667,-0.7834682755,-0.3089347537,0.008933879026,0.04965726199,0.201300012,-1.771664559,0.3884677646,-0.787007109,0.3173854349,0.9926527445
5.77500000,-0.7964246888,-0.3050268634,0.001803021575,0.05267979119,0.2093246339,-1.336565228,0.5485844841,-0.9201385593,0.404774157,0.9318771472
5.78333333,-0.8057255484,-0.2998062123,-0.00633111202,0.05634907946,0.2168098623,-0.8946932858,0.703476788,-1.027870755,0.472608445,0.8633838158
5.79166667,-0.8113234176,-0.2933176783,-0.01525514118,0.06049858322,0.2236959768,-0.4482034744,0.8528155639,-1.109607584,0.5198487967,0.7882694658
5.80000000,-0.8131887095,-0.2856089817,-0.02475616023,0.06495800266,0.2299328984,0.0007683781695,0.9962685185,-1.166461359,0.5468930292,0.7078911696
5.80833333,-0.81130966,-0.2767301971,-0.03463069524,0.06955862201,0.2354835328,0.4500810307,1.1336009,-1.199767537,0.5542397504,0.623662765
5.81666667,-0.8056924157,-0.2667333336,-0.04469122863,0.07414518874,0.2403179551,0.8975727801,1.264562073,-1.211312068,0.5437526533,0.5360787114
5.82500000,-0.7963612331,-0.2556725829,-0.05476604848,0.07857920421,0.2444101839,1.341060143,1.388894696,-1.20350664,0.5179535555,0.4456172202
5.83333333,-0.7833587043,-0.2436040214,-0.06469988088,0.08273939677,0.2477382799,1.778322981,1.506408757,-1.177953281,0.4785246224,0.3527691404
5.84166667,-0.7667460349,-0.2305858477,-0.07435491855,0.08652308914,0.2502844852,2.207117616,1.61617927,-1.136131775,0.4276831051,0.2580978745
5.85000000,-0.7466032863,-0.21672045,-0.08356976289,0.08984442054,0.2520383574,2.625157594,1.70793346,-1.071918793,0.3688639552,0.1628115815
5.85833333,-0.7230297106,-0.2021876578,-0.09215512065,0.09266214694,0.2529986361,3.030127644,1.775680613,-0.9844742423,0.30688362,0.06774948758
5.86666667,-0.6961439403,-0.1872050864,-0.09990155236,0.0949509394,0.2531700127,3.419696018,1.815110688,-0.8698640444,0.2419489022,-0.0264144499
5.87500000,-0.6660839904,-0.1720284073,-0.1065644943,0.09668697476,0.2525626991,3.791547933,1.821448751,-0.7236903917,0.1742602011,-0.1190299458
5.88333333,-0.6330069508,-0.1569543743,-0.1118618351,0.09784832842,0.2511922002,4.143429968,1.789614112,-0.5413467344,0.1040730068,-0.2094807524
5.89166667,-0.5970882843,-0.1423209504,-0.1154747148,0.09841542828,0.2490789595,4.473192805,1.715019269,-0.3188486158,0.03169211149,-0.2971943221
5.90000000,-0.558520728,-0.1284972149,-0.1170587949,0.09837136362,0.246248079,4.778846541,1.595107465,-0.05439069657,-0.04254747027,-0.3816270065
5.90833333,-0.5175127938,-0.1158588205,-0.1162700334,0.09770217389,0.2427290232,5.058603227,1.431289241,0.249721452,-0.1182725858,-0.4622762454
5.91666667,-0.4742870519,-0.1047461876,-0.1128075582,0.09639716112,0.2385552613,5.310875302,1.230693684,0.5853568831,-0.1950739904,-0.538683988
5.92500000,-0.4290782773,-0.09540867245,-0.1064703376,0.09444917445,0.2337638848,5.534321932,1.007941774,0.936790831,-0.2725103093,-0.6104393018
5.93333333,-0.3821317322,-0.08796089504,-0.09720150923,0.09185481727,0.228395248,5.727760921,0.780362562,1.285532951,-0.3501501486,-0.6771430639
5.94166667,-0.3337017853,-0.08236621215,-0.08510559287,0.08861309213,0.2224941058,5.890176381,0.5658974881,1.612380314,-0.4278448822,-0.7381450194
5.95000000,-0.2840507104,-0.07844865974,-0.07043796331,0.08472585469,0.2161095526,6.02068943,0.3800941214,1.899706554,-0.5044064264,-0.7931294311
5.95833333,-0.2334477128,-0.07592827542,-0.05360909068,0.08023940616,0.2092924724,6.118294353,0.2317161047,2.128274224,-0.5698833285,-0.8419250845
5.96666667,-0.1822308185,-0.0744181926,-0.0351570809,0.07527817098,0.2020951243,6.162072975,0.1433754679,2.2883088,-0.6173581358,-0.8843628697
5.97500000,-0.1309753945,-0.07330181245,-0.01567217906,0.07001819473,0.1945713404,6.123046633,0.1408532125,2.375717312,-0.6404001494,-0.9202279955
5.98333333,-0.08050789934,-0.07175202743,0.004228394575,0.06469608685,0.186777074,5.965052375,0.2541337063,2.387562204,-0.6307263536,-0.9492185434
5.99166667,-0.03205796351,-0.06859659553,0.02390282712,0.05962404613,0.1787713328,5.626149468,0.537661759,2.320742045,-0.5785873644,-0.970893823
6.00000000,0.01251606878,-0.062097464,0.04268000061,0.05520058349,0.1706175773,5.018871575,1.071247567,2.17180267,-0.4732679811,-0.9846197575
6.00833333,0.05062706915,-0.0498456369,0.05986284006,0.05191201252,0.1623854779,4.069769027,1.922907248,1.938019903,-0.3049843999,-0.9894696824
6.01666667,0.0795720162,-0.02935395002,0.07475829777,0.05029993988,0.1541572483,2.851378167,3.015368018,1.624720007,-0.07127664217,-0.983279771
6.02500000,0.09819379154,0.0002577960311,0.08676893324,0.0508864581,0.1460340922,1.647174719,4.054097462,1.250177382,0.2200368197,-0.9638992625
6.03333333,0.107779914,0.03728856268,0.0955281273,0.05406500631,0.1381356596,0.7060917624,4.768290481,0.8525802405,0.5455445869,-0.928687742
6.04166667,0.1107955261,0.07864731105,0.101080238,0.05996610508,0.1306139691,0.06154573676,5.096041977,0.4921364453,0.8667170217,-0.8727828446
6.05000000,0.1094082778,0.1212595189,0.1040476765,0.06838901213,0.1236604054,-0.3658273697,5.07594863,0.2466331112,1.144380683,-0.7911610058
6.05833333,0.1050728066,0.1623332713,0.105772209,0.07883115972,0.1175161079,-0.6574704045,4.72538503,0.2103656417,1.34778777,-0.677427576
6.06666667,0.09867111928,0.1990223622,0.1084139202,0.09060715852,0.1124775322,-0.8687359082,4.016897037,0.482400065,1.463538429,-0.5246672179
6.07500000,0.09072689774,0.2282458859,0.1148110463,0.1029896596,0.1088966994,-1.031648727,2.940927289,1.107808887,1.494990452,-0.3266631053
6.08333333,0.08155913952,0.2473724187,0.127513889,0.1153341943,0.1071684021,-1.164720249,1.631617096,1.954565129,1.458391953,-0.07978063793
6.09166667,0.07135178845,0.2555783349,0.1471308546,0.1271904083,0.1076984252,-1.283878319,0.3688897003,2.712027805,1.38338407,0.2146441354
6.10000000,0.06018128319,0.254249181,0.1717578144,0.1383854861,0.110855735,-1.395795691,-0.6383616674,3.132599034,1.306512325,0.5489144577
6.10833333,0.04810997357,0.2457340896,0.1982534131,0.1490734244,0.1169213701,-1.499992603,-1.362044578,3.164783398,1.268479088,0.9097488871
6.11666667,0.03520415461,0.2321627864,0.2235844235,0.1597338408,0.1260419635,-1.59599816,-1.86478073,2.866701571,1.304125656,1.279224449
6.12500000,0.02153425413,0.2150646977,0.2453570417,0.1710454805,0.1382219074,-1.683281237,-2.218867483,2.326045256,1.423360003,1.641677406
6.13333333,0.007175016974,0.195450706,0.2619395457,0.1836168702,0.1533500406,-1.761367928,-2.475524774,1.637282465,1.599149338,1.985085742
6.14166667,-0.007795206897,0.1739877094,0.2724951775,0.197706481,0.1712289714,-1.829854634,-2.66653438,0.8942920142,1.777940292,2.300575887
6.15000000,-0.02329485552,0.1511372398,0.276918852,0.2131007768,0.1915951634,-1.888359408,-2.810851275,0.1767390257,1.904332717,2.580913909
6.15833333,-0.03923897843,0.1272395177,0.2756529568,0.2291999229,0.2141344236,-1.936474257,-2.919201486,-0.4654992798,1.943583884,2.821466443
6.16666667,-0.05554055898,0.1025660722,0.2694309398,0.2452333938,0.2384917951,-1.97451391,-2.997426838,-1.011540728,1.889834444,3.016237478
6.17500000,-0.0721311564,0.0773530286,0.2590697662,0.2604772819,0.2642678722,-2.006310105,-3.0500033,-1.459212892,1.757676029,3.161243483
6.18333333,-0.08896359255,0.051794744,0.2453567133,0.2743714911,0.2910311429,-2.032528637,-3.080253204,-1.818557131,1.56934378,3.253004242
6.19166667,-0.1059909183,0.02607802026,0.2289615522,0.2865351919,0.3183341019,-2.053176059,-3.087901307,-2.105518947,1.345359495,3.291003007
6.20000000,-0.1231709257,0.0003962363177,0.2104259275,0.2967405495,0.3457363498,-2.06929405,-3.071730305,-2.334306108,1.101506777,3.277283023
6.20833333,-0.1404665414,-0.02505145399,0.1901878461,0.30487088,0.3728190775,-2.08086808,-3.031798212,-2.515748403,0.8489511208,3.214913231
6.21666667,-0.1578389141,-0.05006890535,0.168605949,0.3108851133,0.3991949283,-2.087826507,-2.968415085,-2.657882225,0.5944577731,3.108406745
6.22500000,-0.1752530939,-0.07445842714,0.1459819854,0.3147864396,0.4245153072,-2.090892011,-2.881157976,-2.766735431,0.3424448533,2.962379994
6.23333333,-0.192674554,-0.09802501233,0.1225534255,0.3166269459,0.4484713567,-2.089429913,-2.771162914,-2.853487306,0.1021536263,2.781662812
6.24166667,-0.2100616837,-0.1205859709,0.09846856878,0.3165332443,0.470793161,-2.082522666,-2.640057702,-2.924168954,-0.1220501658,2.570845705
6.25000000,-0.2273679699,-0.1419695042,0.07386274569,0.3146317857,0.4912476241,-2.069997743,-2.488752474,-2.978473238,-0.3320031912,2.334204405
6.25833333,-0.2445431759,-0.1620146951,0.04887366054,0.3110228334,0.5096481005,-2.050821389,-2.319279637,-3.016109275,-0.5335820538,2.080018926
6.26666667,-0.2615257586,-0.1805809335,0.02364105199,0.3057498913,0.5258848907,-2.023520518,-2.134237206,-3.036914115,-0.7311325583,1.815116267
6.27500000,-0.2782418425,-0.1975494003,-0.001694926523,0.2988520531,0.5398737673,-1.98661831,-1.936273977,-3.040923342,-0.9233620563,1.540747705
6.28333333,-0.2946054307,-0.2128240812,-0.0269945003,0.2903787566,0.5515412566,-1.938691853,-1.728199742,-3.02819567,-1.10904683,1.258204494
6.29166667,-0.3105190818,-0.226332459,-0.05211877978,0.2803890672,0.5608250314,-1.878425654,-1.512826011,-2.998876044,-1.287125931,0.9688759769
6.30000000,-0.3258750028,-0.2380253228,-0.07693010017,0.2689503745,0.5676741935,-1.804658004,-1.293079163,-2.952983524,-1.456667174,0.6741516742
6.30833333,-0.3405565104,-0.2478970129,-0.1012720423,0.2561374176,0.5720500239,-1.716426377,-1.077534483,-2.884924774,-1.616798786,0.3755113896
6.31666667,-0.3544406487,-0.2560114641,-0.1249422092,0.2420319062,0.5739259604,-1.61337156,-0.8718437722,-2.791520251,-1.766797373,0.07443975066
6.32500000,-0.3674063845,-0.2624662695,-0.1477204735,0.2267204349,0.5732883299,-1.496032079,-0.67983412,-2.670635673,-1.906126682,-0.2274794481
6.33333333,-0.3793353036,-0.2673911275,-0.1693716724,0.2102942289,0.5701367064,-1.364586503,-0.5055252294,-2.520494809,-2.034277173,-0.528655476
6.34166667,-0.3901115701,-0.2709514177,-0.1896425078,0.1928478589,0.5644839183,-1.219510726,-0.3529911032,-2.339027084,-2.150892207,-0.8274855559
6.35000000,-0.3996274119,-0.2733431615,-0.2082626318,0.1744789706,0.556356377,-1.062452487,-0.2253494477,-2.12410869,-2.255657587,-1.122320797
6.35833333,-0.4077898059,-0.2747855279,-0.2249458357,0.1552870878,0.5457942469,-0.8948665551,-0.1255078579,-1.874104057,-2.348353525,-1.411516892
6.36666667,-0.4145162423,-0.2755186578,-0.239398092,0.1353739245,0.5328512073,-0.7180689765,-0.05540790798,-1.588622635,-2.428751979,-1.693470772
6.37500000,-0.4197364623,-0.275790646,-0.2513289511,0.1148424563,0.5175943496,-0.5336618391,-0.01484864168,-1.269171974,-2.496707301,-1.966563365
6.38333333,-0.4233950936,-0.2758401703,-0.2604673603,0.09379726748,0.5001042255,-0.3437013042,-0.001021474426,-0.9195006191,-2.552020946,-2.229199815
6.39166667,-0.4254556544,-0.2758685419,-0.2665849934,0.07234425074,0.4804741232,-0.1504413798,-0.008741321001,-0.5453745963,-2.594562282,-2.479910246
6.40000000,-0.4258986284,-0.2760211776,-0.2695161103,0.05059045952,0.458809675,0.04419200714,-0.0291540166,-0.1565665789,-2.624171476,-2.717215336
6.40833333,-0.4247208324,-0.2763609065,-0.2691845804,0.02864449849,0.4352281443,0.2382087472,-0.05188969614,0.2357861741,-2.640668977,-2.939776849
6.41666667,-0.4219357622,-0.2768632829,-0.2656077262,0.006616159795,0.4098577831,0.4296066318,-0.06645853553,0.62044949,-2.643916247,-3.146343273
6.42500000,-0.4175741204,-0.2774170387,-0.2588956279,-0.01538379237,0.382836842,0.616143338,-0.062473988,0.9864629446,-2.633836642,-3.33574276
6.43333333,-0.4116869947,-0.2778320656,-0.2492407091,-0.03724399163,0.3543126848,0.7953879246,-0.03250383352,1.32590645,-2.610377413,-3.506944201
6.44166667,-0.4043431406,-0.2778734585,-0.2368872836,-0.05885289395,0.3244408627,0.9654664091,0.02779281328,1.633293809,-2.573540107,-3.659029288
6.45000000,-0.3956258466,-0.277282635,-0.2221206847,-0.08009269467,0.2933841364,1.124779256,0.1193364573,1.902312415,-2.519425639,-3.791193977
6.45833333,-0.3856323376,-0.275799429,-0.2053456033,-0.1007393475,0.261311541,1.271306974,0.241789115,2.112770672,-2.428487428,-3.90274157
6.46666667,-0.3744779478,-0.2731720678,-0.1871075769,-0.1204265532,0.2283974777,1.403249567,0.3931315133,2.251382541,-2.286686003,-3.993065286
6.47500000,-0.3622872177,-0.2691781444,-0.1680683917,-0.1386591347,0.1948208183,1.519933518,0.5690473578,2.301644005,-2.075729495,-4.061677095
6.48333333,-0.3491926012,-0.26363104,-0.1490591518,-0.1547568564,0.1607641671,1.619894872,0.7654364247,2.239218852,-1.769235559,-4.108200219
6.49166667,-0.3353359508,-0.2563783516,-0.1311429607,-0.1677958411,0.1264131677,1.702937367,0.9771527254,2.034508737,-1.336435459,-4.132293256
6.50000000,-0.3208552439,-0.2473203714,-0.1156182025,-0.176604592,0.09195546324,1.769816135,1.197741595,1.662614465,-0.7512680192,-4.133764332
6.50833333,-0.3058816133,-0.2364087723,-0.1038845559,-0.1799018537,0.0575804618,1.821291942,1.420961153,1.130200677,-0.01864681787,-4.112434725
6.51666667,-0.290541209,-0.2236503565,-0.09704228081,-0.1766749951,0.02347806951,1.858116042,1.639552474,0.5056617153,0.7988742471,-4.068356658
6.52500000,-0.2749482806,-0.2091207374,-0.09538122526,-0.1666582318,-0.01016272075,1.882247497,1.844529175,-0.09236163614,1.591290428,-4.001478176
6.53333333,-0.2591997659,-0.1929754441,-0.09820366918,-0.1505594467,-0.04309301379,1.895811281,2.025233516,-0.5567944185,2.240677187,-3.892023015
6.54166667,-0.2433750433,-0.1754676602,-0.1041571249,-0.1299057594,-0.07482997351,1.900863477,2.16931933,-0.8412604707,2.678046785,-3.710049111
6.55000000,-0.2275373737,-0.1569623747,-0.1117316622,-0.1066007825,-0.1046106617,1.899178258,2.26201034,-0.9487570427,2.871719275,-3.412907113
6.55833333,-0.2117384996,-0.1379583794,-0.1195320631,-0.08285108581,-0.1311786614,1.891534079,2.286030242,-0.8986047679,2.772822927,-2.922091023
6.56666667,-0.1960285671,-0.1191058684,-0.1263157879,-0.06146859504,-0.1524307298,1.877829092,2.222247818,-0.7067921632,2.283608884,-2.113460046
6.57500000,-0.1804593932,-0.1012136858,-0.1309478057,-0.04617435774,-0.1651747232,1.857592349,2.053130541,-0.383901065,1.304105683,-0.8701623381
6.58333333,-0.1650909043,-0.08520271738,-0.1323846027,-0.0407794058,-0.1659888279,1.829321969,1.771007987,0.05690389144,-0.03512634781,0.6976096376
6.59166667,-0.1500001259,-0.07197339609,-0.1297562113,-0.04639541459,-0.153899604,1.790424422,1.390551015,0.584091433,-1.250354096,2.145374011
6.60000000,-0.1352896455,-0.06217628187,-0.1225754181,-0.06029277808,-0.1314657185,1.737420689,0.9572768773,1.137084252,-2.002672068,3.162919102
6.60833333,-0.121093475,-0.0559818568,-0.110965416,-0.07854366626,-0.1022855757,1.66611932,0.5373358414,1.632190725,-2.314214739,3.786162479
6.61666667,-0.1075883339,-0.05300946693,-0.09577988619,-0.0979582039,-0.06907313124,1.570766687,0.1919449656,1.981369706,-2.297740383,4.152055088
6.62500000,-0.09499188775,-0.05248706956,-0.07856171492,-0.1161000802,-0.03350681528,1.447111295,-0.0477225085,2.108193139,-2.013023702,4.364355015
6.63333333,-0.08356137451,-0.05349680619,-0.06144245801,-0.130764479,0.003407440572,1.290569248,-0.1772201972,1.948065932,-1.459686474,4.48270274
6.64166667,-0.07358276202,-0.05517322816,-0.04699755959,-0.139631535,0.04103505456,1.098396148,-0.2108963914,1.465642762,-0.6231708753,4.540604406
6.65000000,-0.06535249713,-0.05680898029,-0.03776003139,-0.1405455317,0.07900565721,0.8710599564,-0.171216697,0.7204778196,0.4277301933,4.568130542
6.65833333,-0.05915039828,-0.05789741552,-0.0351586712,-0.1324068805,0.1171004559,0.6129660449,-0.08458435771,-0.08441532773,1.511700999,4.570426606
6.66666667,-0.0552014178,-0.05816141617,-0.03867366313,-0.115849455,0.1551097958,0.3318553303,0.02239659241,-0.7171412967,2.421132915,4.54764074
6.67500000,-0.05364992817,-0.05754309158,-0.04633951525,-0.09279086575,0.1928253642,0.03978656977,0.1224290465,-1.076244423,3.069667908,4.499990133
6.68333333,-0.05453209406,-0.056211452,-0.05590438489,-0.06533409808,0.2300415069,-0.2500796382,0.1900641131,-1.181843648,3.486499353,4.427829895
6.69166667,-0.05777783897,-0.0545227633,-0.06549254482,-0.03515017103,0.266555816,-0.5255804893,0.2053658226,-1.091605026,3.734519225,4.33163174
6.70000000,-0.06322846451,-0.05296415506,-0.07370054625,-0.003411206813,0.3021702111,-0.7784478973,0.1581751742,-0.8583162203,3.867142913,4.211969684
6.70833333,-0.07067523189,-0.05205507474,-0.07952286291,0.02908383708,0.336692054,-1.003789609,0.05030694388,-0.5254808781,3.920675854,4.069561083
6.71666667,-0.07987782188,-0.05225601646,-0.08228688539,0.06177611091,0.3699353637,-1.200086589,-0.1043178735,-0.1308122895,3.917314961,3.905267998
6.72500000,-0.09059573804,-0.05385681914,-0.08163818401,0.09425453584,0.4017219917,-1.367442289,-0.2814042467,0.2865274517,3.872160638,3.720127465
6.73333333,-0.102594952,-0.05692924673,-0.07757524238,0.1262509625,0.4318827623,-1.508028161,-0.4528345546,0.6823915957,3.803619561,3.515280892
6.74166667,-0.1156573262,-0.06133158002,-0.07038860709,0.157592983,0.4602586828,-1.62277812,-0.5978424498,1.033579891,3.715189963,3.291979649
6.75000000,-0.1295765596,-0.06678080683,-0.06050646417,0.1881168947,0.4867018099,-1.714001924,-0.7026608697,1.328119873,3.607362692,3.051645111
6.75833333,-0.1441597261,-0.07292349269,-0.04841847588,0.2176631887,0.5110760439,-1.782101232,-0.7645309233,1.563121493,3.480644879,2.795700121
6.76666667,-0.1592184217,-0.07940941313,-0.03461166081,0.2460768627,0.5332578677,-1.828485646,-0.7857186913,1.741558973,3.335641328,2.525733871
6.77500000,-0.1745755503,-0.08592303115,-0.0195326402,0.2732081304,0.553136947,-1.853652437,-0.772563887,1.869660811,3.172984099,2.243298242
6.78333333,-0.1900541764,-0.0922101393,-0.003571940026,0.298913118,0.5706160157,-1.857939808,-0.732326049,1.954316971,2.993460221,1.950006273
6.79166667,-0.2054865265,-0.09806989564,0.01293694863,0.3230543042,0.5856114674,-1.842516542,-0.6711200899,2.002201508,2.79781678,1.647503642
6.80000000,-0.2207077061,-0.1033547506,0.0297110427,0.3455013078,0.5980533665,-1.807378964,-0.5952126055,2.018840261,2.587006216,1.337424969
6.80833333,-0.2355595733,-0.1079584444,0.04650966146,0.3661315559,0.6078853423,-1.754121422,-0.5082496562,2.00880484,2.361979964,1.021390985
6.81666667,-0.2498942574,-0.1118086568,0.06313008317,0.3848313746,0.6150644702,-1.683299413,-0.4160924996,1.977710746,2.123886056,0.7010080075
6.82500000,-0.2635692853,-0.1149065372,0.07944214509,0.401496472,0.6195611462,-1.596179192,-0.3281398351,1.935486331,1.873860299,0.3778609786
6.83333333,-0.2764557364,-0.1172907758,0.09536006094,0.4160331424,0.6213585969,-1.494132954,-0.2448958491,1.883137802,1.613304028,0.05344082146
6.84166667,-0.2884325708,-0.1190015572,0.1108002152,0.4283594091,0.6204525415,-1.378367972,-0.1661873479,1.820870243,1.343581257,-0.2707211932
6.85000000,-0.2994061553,-0.1200603449,0.125681038,0.4384020697,0.61685408,-1.254118413,-0.08782831586,1.748931611,1.064709181,-0.5917128212
6.85833333,-0.3093159662,-0.1204642992,0.1399227524,0.4460691894,0.6106176122,-1.12318168,-0.009090643904,1.667522539,0.7733621159,-0.9032573185
6.86666667,-0.3181091941,-0.1202120383,0.1534475555,0.4512592742,0.601831899,-0.9862465659,0.06957816048,1.576926323,0.4703456804,-1.20315334
6.87500000,-0.3257386932,-0.1193061639,0.1661802973,0.4538761998,0.5906054873,-0.8440149907,0.1477072775,1.477490104,0.1559007801,-1.48861368
6.88333333,-0.3321635683,-0.1177528944,0.1780489404,0.4538298782,0.5770662971,-0.6972687767,0.2248846819,1.369613582,-0.1686201296,-1.757920533
6.89166667,-0.3373495193,-0.1155618614,0.1889849935,0.4510385698,0.5613595559,-0.5468077705,0.3007031078,1.25374788,-0.5027999801,-2.00840306
6.90000000,-0.3412689713,-0.112746065,0.1989239854,0.4454284818,0.5436484339,-0.3934455656,0.3747617444,1.130422174,-0.8447876712,-2.238804928
6.90833333,-0.3439011743,-0.109321718,0.2078063661,0.4369386543,0.524108685,-0.2380059858,0.446703361,1.000253532,-1.193814195,-2.446887752
6.91666667,-0.3452322746,-0.1053078378,0.2155775057,0.4255191008,0.5029304964,-0.08131981679,0.516186782,0.8638360265,-1.547334088,-2.632105226
6.92500000,-0.3452553603,-0.1007264691,0.2221885778,0.4111429915,0.4803060762,0.07577816632,0.582839568,0.7219867801,-1.903227946,-2.793678121
6.93333333,-0.343970481,-0.09560271337,0.2275977483,0.393799148,0.4564358312,0.232452229,0.6463008594,0.5753835338,-2.258788231,-2.931293439
6.94166667,-0.3413846789,-0.08996459165,0.2317408006,0.373536081,0.4315132833,0.3878594452,0.7062325013,0.4160703923,-2.600922331,-3.046527935
6.95000000,-0.3375119879,-0.08384288381,0.2344779771,0.3505208659,0.4057179561,0.5411674976,0.7623086893,0.2372737765,-2.917755622,-3.141036872
6.95833333,-0.3323733455,-0.07727100749,0.2356275879,0.3250050459,0.3792154085,0.6915509649,0.8142237421,0.03409289199,-3.199240488,-3.21656224
6.96666667,-0.3259965268,-0.07028483917,0.2349592505,0.297331995,0.3521562604,0.8381951302,0.8616931723,-0.200349257,-3.433315556,-3.2749208
6.97500000,-0.3184160382,-0.062922534,0.2321763883,0.2679541477,0.3246763254,0.9802997796,0.9044548303,-0.4750844408,-3.605874562,-3.317812013
6.98333333,-0.3096729815,-0.05522433352,0.2268996492,0.2374477739,0.2968985995,1.117082803,0.9422703999,-0.8008982461,-3.701400311,-3.346566847
6.99166667,-0.2998148877,-0.04723236018,0.2186524241,0.2065232213,0.2689375147,1.247784062,0.9749270779,-1.189739339,-3.703909015,-3.36186009
7.00000000,-0.2888955162,-0.03899039607,0.2068730178,0.1760049027,0.2409056195,1.371669529,1.002239821,-1.649402352,-3.602790065,-3.363426869
7.00833333,-0.2769745024,-0.03054374922,0.1909699672,0.1467633758,0.2129220206,1.488081084,1.024011617,-2.177830289,-3.39906233,-3.349969403
7.01666667,-0.264116607,-0.02193942683,0.1704385183,0.1195819241,0.1851211568,1.59641427,1.040064589,-2.755116451,-3.113877373,-3.319073337
7.02500000,-0.2503917744,-0.01322535165,0.1450287016,0.09496987289,0.1576617076,1.696045353,1.050221242,-3.340251491,-2.79126935,-3.26744403
7.03333333,-0.2358749774,-0.004494670939,0.1149300149,0.07301351172,0.1307309925,1.786392583,1.039676732,-3.867637886,-2.485436058,-3.191632174
7.04166667,-0.2206457578,0.003989487124,0.08089920455,0.0533784286,0.1045429168,1.866960377,0.9879321022,-4.275786824,-2.239396415,-3.088837683
7.05000000,-0.2047872487,0.01178948933,0.04412141007,0.03546381316,0.07933299911,1.937348142,0.8700818496,-4.520178419,-2.074187999,-2.956304869
7.05833333,-0.1883860881,0.01818950402,0.006133834155,0.01858551955,0.05535757806,1.997130145,0.6427460396,-4.558372827,-1.988909092,-2.792742656
7.06666667,-0.1715322379,0.0220063448,-0.03112161071,0.00213426602,0.03286810902,2.045937329,0.2360195027,-4.333073755,-1.968737639,-2.599979357
7.07500000,-0.1543184287,0.02137056409,-0.06514761451,-0.01435583261,0.01210002318,2.083487511,-0.4404835818,-3.771913207,-1.994788657,-2.380300251
7.08333333,-0.1368409854,0.01378119817,-0.09297356164,-0.03117882775,-0.006745343454,2.108073889,-1.427732122,-2.852561845,-2.044704067,-2.13969527
7.09166667,-0.1192647046,-0.002874356569,-0.1121146786,-0.04843803275,-0.02352382352,2.104108443,-2.570063787,-1.733011274,-2.095883475,-1.885516005
7.10000000,-0.1019014097,-0.02857954576,-0.1221844893,-0.06605213129,-0.03815423525,2.053162934,-3.546521061,-0.7260176384,-2.12623503,-1.625430971
7.10833333,-0.08526224394,-0.06089323902,-0.1250929968,-0.08375991708,-0.05061845511,1.923108884,-4.137276162,-0.02799504757,-2.114833979,-1.36679545
7.11666667,-0.07023782865,-0.09632990899,-0.1235170597,-0.1011298313,-0.06095288172,1.651759557,-4.294888096,0.3598944529,-2.042435994,-1.114732399
7.12500000,-0.05842311416,-0.1312281169,-0.1197582962,-0.1175860219,-0.06922364547,1.129832656,-4.000947783,0.5079780887,-1.892770727,-0.8721043727
7.13333333,-0.05252357477,-0.1615750014,-0.1155463985,-0.1324221052,-0.07552049696,0.2083503343,-3.191382045,0.4772572506,-1.652266997,-0.6408965914
7.14166667,-0.05621651066,-0.1830051445,-0.1121785979,-0.1448615807,-0.07993355024,-1.153066066,-1.887782693,0.3116604205,-1.317687176,-0.4199303957
7.15000000,-0.07204379875,-0.1926483399,-0.1106204542,-0.1541446619,-0.08254641786,-2.617594452,-0.4485174443,0.04968974604,-0.8977205638,-0.2086109364
7.15833333,-0.09881229011,-0.1914007534,-0.1114925,-0.1596658427,-0.08342896858,-3.726963912,0.6742551699,-0.263313506,-0.4210178054,-0.004112858474
7.16666667,-0.1328552582,-0.1826392809,-0.1149998811,-0.1611217313,-0.0826274798,-4.374450708,1.362233481,-0.5730991255,0.0699975993,0.1958871521
7.17500000,-0.1707885106,-0.1696224728,-0.1208748286,-0.1585872326,-0.0801711486,-4.686086438,1.716899093,-0.8230293267,0.5300778343,0.3933693491
7.18333333,-0.2103946656,-0.1546426418,-0.1284252008,-0.152465558,-0.07607353504,-4.793542201,1.847360505,-0.9689551119,0.9268514381,0.5900329007
7.19166667,-0.2503445176,-0.139282864,-0.1366538686,-0.1433585413,-0.07033652787,-4.778556351,1.814655438,-0.9822738569,1.245489826,0.7869340207
7.20000000,-0.2898225774,-0.1247804554,-0.1443891792,-0.1319226436,-0.06295656442,-4.68564064,1.644006654,-0.8492848705,1.486723882,0.9843277023
7.20833333,-0.3283212404,-0.1122033229,-0.1503989434,-0.1187740773,-0.05392861819,-4.549880567,1.357636348,-0.5693050645,1.658324521,1.182487132
7.21666667,-0.3655859913,-0.1024223868,-0.1535116859,-0.1044442924,-0.04324898508,-4.389653391,0.975200258,-0.1586261858,1.772415893,1.380425809
7.22500000,-0.401416597,-0.0961409391,-0.1527899277,-0.08935925607,-0.03092817041,-4.205838232,0.5246525004,0.3421812619,1.841652962,1.575951231
7.23333333,-0.4356204925,-0.09372459014,-0.147726711,-0.07384420092,-0.01699748099,-3.999415073,0.05778030758,0.8719622328,1.877179271,1.766297992
7.24166667,-0.4680137879,-0.0950587644,-0.1383632531,-0.05813739377,-0.00151295286,-3.771487387,-0.3667838617,1.36438718,1.889258996,1.948329458
7.25000000,-0.4984223135,-0.09960487602,-0.125221664,-0.04239965836,0.01544238654,-3.523285328,-0.7085740129,1.773319555,1.885801317,2.118736807
7.25833333,-0.5266826799,-0.1065976039,-0.1090951599,-0.02673148476,0.03375785525,-3.256166088,-0.9538532493,2.079818647,1.873630068,2.274218194
7.26666667,-0.5526433243,-0.115252432,-0.09083698845,-0.01118013391,0.05329558264,-2.971609944,-1.109522451,2.286319133,1.858656134,2.411560959
7.27500000,-0.5761654988,-0.1248846703,-0.07123265201,0.004251334553,0.07389222045,-2.671210047,-1.191338265,2.405391574,1.845512038,2.527928831
7.28333333,-0.5971241285,-0.1349507364,-0.05094736361,0.01958986471,0.09536578875,-2.356651015,-1.216335114,2.452244659,1.836467226,2.622001174
7.29166667,-0.6154085465,-0.145038133,-0.03052642384,0.03487441644,0.1175281588,-2.029693746,-1.198535213,2.439762298,1.833004122,2.693020591
7.30000000,-0.6309230299,-0.1548379945,-0.01042089501,0.05016030459,0.1401823934,-1.692172116,-1.14878549,2.378139486,1.836809688,2.739911589
7.30833333,-0.6435871885,-0.164118758,0.008999332074,0.065504043,0.1631273979,-1.345931611,-1.075757691,2.277389096,1.846380582,2.76308341
7.31666667,-0.6533362949,-0.1727478916,0.02747792507,0.08094243542,0.1861704156,-0.9928741114,-0.9944433053,2.154587119,1.85921855,2.76345196
7.32500000,-0.660121379,-0.1806796826,0.04486469907,0.09649466453,0.2091219454,-0.6348827825,-0.9084029138,2.015805903,1.87333861,2.741172539
7.33333333,-0.6639092768,-0.1878749617,0.06103824536,0.1121596678,0.2317969646,-0.2738680737,-0.8176908827,1.863911972,1.885585718,2.697459894
7.34166667,-0.6646827518,-0.1942950865,0.07590202853,0.1279058222,0.2540247174,0.08826099817,-0.7223798157,1.701988155,1.892337661,2.633986808
7.35000000,-0.6624404735,-0.1999021183,0.08938569276,0.1436754197,0.2756446501,0.4495926264,-0.6225673349,1.53321622,1.890737007,2.55176356
7.35833333,-0.6571970975,-0.2046590623,0.1014454373,0.159387405,0.2965049035,0.808205479,-0.5183833505,1.360770549,1.878078952,2.451840709
7.36666667,-0.648983166,-0.2085301555,0.112063541,0.1749387026,0.3164629662,1.162213667,-0.4099944613,1.187720326,1.851706943,2.335501447
7.37500000,-0.6378449162,-0.2114812126,0.1212471064,0.1902031286,0.3353894272,1.509725995,-0.2976148174,1.01693952,1.808814886,2.204535839
7.38333333,-0.623844194,-0.2134800931,0.1290245281,0.205035754,0.3531684493,1.848908456,-0.1815248671,0.8503150451,1.748137777,2.060328853
7.39166667,-0.6070579769,-0.2144972638,0.1354324843,0.2192900127,0.3696948064,2.177949596,-0.06207069375,0.6885715297,1.669875227,1.904091506
7.40000000,-0.5875780248,-0.2145064715,0.1405194637,0.232815769,0.3848733615,2.495114477,0.06031025736,0.5335374509,1.573206932,1.737073026
7.40833333,-0.5655103319,-0.2134854325,0.1443432332,0.2454620623,0.3986196628,2.798732983,0.1850923612,0.3852426552,1.459145926,1.560563948
7.41666667,-0.5409744719,-0.2114167735,0.1469594742,0.2570892032,0.4108599244,3.087219598,0.3116188359,0.2438879611,1.328656615,1.375832898
7.42500000,-0.5141028481,-0.2082890951,0.1484291828,0.2675623411,0.4215308233,3.359076839,0.4391174622,0.1100097581,1.182467518,1.184121114
7.43333333,-0.4850399364,-0.2040979022,0.1488112106,0.276759628,0.4305792469,3.612905312,0.5667055077,-0.01719914931,1.022726576,0.9866377302
7.44166667,-0.4539414699,-0.1988464561,0.1481620344,0.2845731015,0.4379620268,3.84740243,0.6934078509,-0.1373938833,0.8505102949,0.7845591769
7.45000000,-0.4209736535,-0.1925464297,0.1465412272,0.2909038904,0.4436455842,4.061357052,0.818186048,-0.2505246725,0.6672702222,0.579008891
7.45833333,-0.3863124337,-0.1852182821,0.1440039204,0.295670203,0.4476056303,4.253642247,0.9399752808,-0.357380609,0.475318882,0.3711015647
7.46666667,-0.3501427924,-0.1768913422,0.1406025213,0.2988057768,0.4498271122,4.42321252,1.057721263,-0.4578902928,0.2761374375,0.1619339671
7.47500000,-0.3126692675,-0.167592273,0.136390197,0.3002566344,0.4503040014,4.563986227,1.175581839,-0.5520016961,0.07125021809,-0.04742472102
7.48333333,-0.2741933111,-0.1572656641,0.1314193327,0.299982778,0.4490390742,4.662581873,1.305272939,-0.6402476393,-0.1372218623,-0.2559292636
7.49166667,-0.2350951536,-0.1457908324,0.1257298533,0.2979699008,0.4460437441,4.71218766,1.452030076,-0.7245807333,-0.3457365346,-0.4625518641
7.50000000,-0.1958155328,-0.1329991646,0.1193543716,0.2942243741,0.4413378465,4.704751258,1.622467773,-0.8048162789,-0.5528593987,-0.6663036874
7.50833333,-0.1568649102,-0.1186636602,0.1123287954,0.2887626959,0.4349493866,4.631704611,1.823878112,-0.8805359342,-0.7574198507,-0.8662025645
7.51666667,-0.118826214,-0.1024946144,0.1046924042,0.2816110337,0.426914559,4.484547894,2.063706838,-0.9513500167,-0.9582641919,-1.061270093
7.52500000,-0.08234601645,-0.08414614004,0.09648752331,0.2728051192,0.4172776481,4.25723216,2.347287312,-1.016920563,-1.154251634,-1.250543525
7.53333333,-0.04809149444,-0.06325733256,0.08776047241,0.2623901114,0.4060908927,3.951521087,2.671288832,-1.075671292,-1.344264194,-1.433074396
7.54166667,-0.01667155116,-0.0395910591,0.07862483114,0.2504203048,0.3934144286,3.580238079,3.007578801,-1.111894654,-1.527223297,-1.607921326
7.55000000,0.01146255355,-0.01319753191,0.06932829731,0.2369589601,0.3793160109,3.167402173,3.319204121,-1.112025867,-1.702064743,-1.774198681
7.55833333,0.03608795095,0.01552882376,0.06023990272,0.2220779338,0.3638706279,2.743364808,3.558724001,-1.058447024,-1.867655064,-1.931053309
7.56666667,0.05722626333,0.04576486351,0.05190686801,0.2058688053,0.3471601799,2.334050037,3.672027527,-0.9253092842,-2.019983832,-2.077693279
7.57500000,0.07507713174,0.07621226148,0.04515465448,0.1884575609,0.3292728837,1.955819612,3.599438543,-0.6704940596,-2.155728331,-2.21336219
7.58333333,0.08992232159,0.1050687455,0.04122820377,0.1699944362,0.3103035076,1.612496227,3.280601911,-0.2374047557,-2.271672325,-2.337260264
7.59166667,0.1020370771,0.1300858278,0.04182089033,0.1506681489,0.2903534453,1.299152951,2.675759686,0.4175353266,-2.361847742,-2.448594064
7.60000000,0.1116323209,0.1489672036,0.04871835205,0.13072822,0.2695307514,1.006212571,1.824950787,1.25862763,-2.416764714,-2.546553864
7.60833333,0.1188309618,0.1602775251,0.06283809358,0.1105345182,0.247950379,0.7220540405,0.8947923334,2.111972821,-2.418828192,-2.630287678
7.61666667,0.1236641373,0.164237711,0.08329524702,0.09065026319,0.2257351478,0.4370997761,0.08893863502,2.744809217,-2.335201201,-2.698701484
7.62500000,0.1260941876,0.1623919769,0.1075382332,0.07201344336,0.2030188328,0.1444412573,-0.4933303621,3.003659506,-2.106689213,-2.750236661
7.63333333,0.1260401408,0.156605974,0.1321044796,0.05620665882,0.1799511829,-0.1595544448,-0.8641839607,2.812023756,-1.636587588,-2.782531281
7.64166667,0.1233988103,0.1484262804,0.1529956429,0.0457422126,0.1567070011,-0.4763114681,-1.077644126,2.11600656,-0.8079575225,-2.791821795
7.65000000,0.118075493,0.1389278034,0.1660803722,0.04377788015,0.1335072445,-0.8023950459,-1.189025736,0.9662783091,0.3819257114,-2.769943406
7.65833333,0.1100161217,0.1287699848,0.1687175902,0.05227969593,0.1106703264,-1.13183234,-1.24221167,-0.3173563502,1.628579709,-2.701134447
7.66666667,0.09922248936,0.1182933892,0.161556445,0.06988629953,0.0886992255,-1.457340954,-1.270043763,-1.337744258,2.514494,-2.555523719
7.67500000,0.08575963097,0.1076096318,0.147501882,0.09273352511,0.06843716671,-1.771146308,-1.295124851,-1.975727621,2.882179977,-2.279570713
7.68333333,0.06975711073,0.09667055002,0.1294661721,0.1165249188,0.05130364391,-2.065634118,-1.3335047,-2.311982066,2.745547988,-1.787489753
7.69166667,0.05140537367,0.08531203789,0.1095194762,0.1371293343,0.03954322872,-2.333895986,-1.39765934,-2.448762568,2.118543185,-0.974299267
7.70000000,0.03094236357,0.07329055439,0.08900745475,0.1506100904,0.03604632289,-2.572119154,-1.492624893,-2.457279724,1.059021224,0.1827298782
7.70833333,0.008626637573,0.06034381563,0.06879930761,0.1542958882,0.0429389756,-2.778037273,-1.619926079,-2.381295466,-0.1698160132,1.460058595
7.71666667,-0.01526789093,0.04621662424,0.04947401814,0.1483408496,0.05971244427,-2.951325047,-1.774315173,-2.249558198,-1.205973672,2.506536818
7.72500000,-0.04047208426,0.0307189148,0.03140295054,0.1351678186,0.08366583213,-3.092271327,-1.947578927,-2.083085623,-1.899749868,3.182894193
7.73333333,-0.06672083531,0.01373841887,0.01480424543,0.1174833368,0.1119133251,-3.202471452,-2.127680113,-1.899168213,-2.304857088,3.555204847
7.74166667,-0.09376453821,-0.004723596422,-0.000248884435,0.09728985326,0.1423672311,-3.28314238,-2.301064365,-1.714776956,-2.516074696,3.727839729
7.75000000,-0.1213619734,-0.02456275546,-0.0138100386,0.07589006588,0.1737027651,-3.335847827,-2.456324847,-1.542914111,-2.603436921,3.776569464
7.75833333,-0.1492900964,-0.04558189662,-0.02603276675,0.05412819086,0.2050936173,-3.362661087,-2.582744742,-1.395637362,-2.60761616,3.746587806
7.76666667,-0.1773369665,-0.0675150845,-0.03715766579,0.03258452002,0.2360126761,-3.364508279,-2.675311944,-1.279874723,-2.557361555,3.66987355
7.77500000,-0.2052985017,-0.09006795133,-0.04746432255,0.01159026584,0.2662020881,-3.342393753,-2.731384234,-1.199798101,-2.475894239,3.57229983
7.78333333,-0.232981848,-0.1129360949,-0.05725537241,-0.008591741479,0.2954973281,-3.297998958,-2.75090959,-1.156016165,-2.362489149,3.455394274
7.79166667,-0.260206266,-0.135821928,-0.06682881919,-0.02769150925,0.3237400462,-3.232406591,-2.736093525,-1.147364756,-2.215926935,3.319812452
7.80000000,-0.2867990244,-0.1584497175,-0.07646483795,-0.04543626625,0.3507780053,-3.14655059,-2.689752409,-1.16990829,-2.037724102,3.166382352
7.80833333,-0.3125947272,-0.1805729734,-0.08640210284,-0.06157027035,0.3764658378,-3.041254572,-2.615378066,-1.218948547,-1.829859934,2.995952735
7.81666667,-0.3374353138,-0.2019725951,-0.09683050133,-0.07586676553,0.4006659579,-2.917496714,-2.516733283,-1.286149053,-1.597857149,2.809480917
7.82500000,-0.3611713417,-0.222457929,-0.1078644127,-0.08815453281,0.4232489181,-2.776341049,-2.396310233,-1.36283543,-1.349056702,2.608021083
7.83333333,-0.3836622448,-0.24186046,-0.119542771,-0.0983263158,0.4440942398,-2.61882507,-2.257550429,-1.439044296,-1.091372976,2.392634954
7.84166667,-0.4047759111,-0.2600409596,-0.1318209529,-0.1063421592,0.4630908533,-2.446027891,-2.10335941,-1.505352024,-0.8329799497,2.16452151
7.85000000,-0.4243909388,-0.2768790505,-0.1445810354,-0.1122294321,0.4801375066,-2.259374366,-1.935721624,-1.553351725,-0.5818141669,1.924862758
7.85833333,-0.4423970899,-0.2922715529,-0.1576410682,-0.1160769811,0.4951434653,-2.060100117,-1.756776173,-1.576787733,-0.3439853108,1.674957764
7.86666667,-0.4586941237,-0.3061335088,-0.1707829195,-0.1180092262,0.5080285803,-1.849371949,-1.568775447,-1.572200563,-0.1229560479,1.416095107
7.87500000,-0.4731914667,-0.3183987089,-0.1837622598,-0.1181780069,0.518724087,-1.628388851,-1.373892836,-1.537877821,0.07927223108,1.149677423
7.88333333,-0.4858090632,-0.3290180321,-0.1963295728,-0.1167437875,0.5271726553,-1.398451731,-1.174075633,-1.473449157,0.2617812781,0.8770683333
7.89166667,-0.4964778022,-0.3379578778,-0.2082402817,-0.1138679275,0.5333287742,-1.160885763,-0.971099391,-1.3803426,0.4251518168,0.5997370165
7.90000000,-0.5051397074,-0.3451986977,-0.2192617226,-0.1097079921,0.5371592925,-0.9170378236,-0.7665603475,-1.260522847,0.5702574821,0.3191732685
7.90833333,-0.5117481107,-0.3507334936,-0.2291799641,-0.1044128068,0.5386434668,-0.6682746496,-0.5618748561,-1.116101508,0.6979062536,0.03686015099
7.91666667,-0.5162677829,-0.354566363,-0.2378032554,-0.09812066357,0.5377729482,-0.4159692245,-0.3582973732,-0.9499817723,0.8095102967,-0.2456969891
7.92500000,-0.5186749463,-0.3567127899,-0.2449592207,-0.09096206603,0.5345521295,-0.1615104804,-0.1574679966,-0.7643893368,0.9061912078,-0.5269535585
7.93333333,-0.5189576426,-0.357202374,-0.2504943554,-0.0830571128,0.5289982865,0.09366082433,0.03921244186,-0.5614403045,0.9887832777,-0.8053705266
7.94166667,-0.5171160274,-0.3560727331,-0.2542894575,-0.07450566184,0.5211413539,0.3480770446,0.2310435614,-0.3481686616,1.062408109,-1.079442554
7.95000000,-0.513162603,-0.35336665,-0.256278852,-0.06537053306,0.5110238645,0.6002465832,0.4174765785,-0.1283077848,1.128755266,-1.347651492
7.95833333,-0.5071222379,-0.3491311064,-0.2564136732,-0.05571504293,0.4987009779,0.8486976556,0.5980097973,0.09671180346,1.187197135,-1.608489284
7.96666667,-0.4990321266,-0.3434192598,-0.254654872,-0.04560727562,0.4842400569,1.09193387,0.7716386617,0.3259993479,1.237227884,-1.860554579
7.97500000,-0.4889420363,-0.3362902306,-0.2509730993,-0.03511915998,0.4677200338,1.328439279,0.938148374,0.5579011638,1.278413205,-2.102434781
7.98333333,-0.4769143946,-0.3278029265,-0.2453546619,-0.02432574699,0.4492313596,1.556692711,1.097651869,0.7904689436,1.310466524,-2.332827936
7.99166667,-0.4630244132,-0.3180147771,-0.2378023577,-0.01330400429,0.4288750892,1.775098323,1.250447345,1.021688193,1.333190048,-2.550449171
8.00000000,-0.4473621769,-0.3069786694,-0.2283360001,-0.002131891655,0.4067625014,1.981755567,1.39725117,1.249500392,1.34654841,-2.754149862
8.00833333,-0.4300318397,-0.2947428886,-0.2169924218,0.009112415868,0.3830143911,2.175201202,1.53843507,1.471882561,1.350542245,-2.942813181
8.01666667,-0.4111495634,-0.2813524806,-0.2038254122,0.02035154641,0.3577602605,2.353983295,1.674435854,1.68678242,1.345337648,-3.115423392
8.02500000,-0.3908433621,-0.2668488288,-0.1889057893,0.03151005319,0.3311377193,2.516722709,1.805679472,1.892178115,1.331241739,-3.271077766
8.03333333,-0.3692518575,-0.2512704494,-0.1723209216,0.04251523099,0.3032917512,2.662295416,1.932383107,2.086125648,1.308622468,-3.408930352
8.04166667,-0.3465233998,-0.2346535365,-0.1541738052,0.05329775072,0.2743738548,2.789238669,2.055137649,2.266844912,1.277854629,-3.528215883
8.05000000,-0.3228208734,-0.2170269301,-0.1345813632,0.06379142961,0.2445414251,2.895918685,2.174718313,2.432741584,1.239374341,-3.628308183
8.05833333,-0.2983164081,-0.1984174357,-0.1136733999,0.07392672771,0.2139641434,2.9816333,2.290957803,2.582339778,1.189344438,-3.704326395
8.06666667,-0.2731860333,-0.1788549798,-0.09159137388,0.08351892055,0.1829346218,3.046089584,2.403344699,2.714312542,1.105906161,-3.733593499
8.07500000,-0.2476081063,-0.1583739919,-0.06848662889,0.09222327891,0.1519120419,3.088928546,2.511371669,2.827617924,0.9735338803,-3.699759988
8.08333333,-0.2217663651,-0.137011702,-0.04453434531,0.09956961926,0.1215053581,3.109365113,2.614618952,2.916052005,0.7775988568,-3.581541836
8.09166667,-0.1958465415,-0.1148153216,-0.0199703869,0.1049454692,0.0925338295,3.10779674,2.711255376,2.973774998,0.4960564696,-3.349969736
8.10000000,-0.1700279952,-0.09184817737,0.004929306323,0.1075261801,0.06607753855,3.085253307,2.799233971,2.995700338,0.102912444,-2.972902277
8.10833333,-0.1444806386,-0.06819173986,0.0298377413,0.1063158451,0.04344844728,3.042923605,2.876286174,2.974223169,-0.4130064935,-2.430416247
8.11666667,-0.11936372,-0.04394754439,0.05434415645,0.100386594,0.02598188002,2.982197966,2.939839731,2.896409224,-1.018611258,-1.742085093
8.12500000,-0.09482404867,-0.01923969723,0.07789030775,0.08936971087,0.01460285137,2.90466131,2.987061658,2.738685476,-1.611524593,-0.9868657542
8.13333333,-0.07099464018,0.005782118288,0.09965459102,0.07398270829,0.009415044988,2.812027361,3.014568732,2.459920768,-2.04119937,-0.273202645
8.14166667,-0.04799395305,0.03093682407,0.118372916,0.05620982257,0.009718661036,2.706062596,3.018102484,1.994493644,-2.162573021,0.323786138
8.15000000,-0.02592573584,0.05599720481,0.1321451265,0.03910319048,0.01444034851,2.588536269,2.990483921,1.259767504,-1.867786753,0.788731423
8.15833333,-0.00487898977,0.08066526769,0.1385083395,0.0263202802,0.0225602002,2.461161534,2.921684828,0.2221069687,-1.133638126,1.144740783
8.16666667,0.01506988532,0.1045271412,0.1354152107,0.02096674764,0.0333110315,2.325223788,2.792957614,-0.9628204782,-0.1344759654,1.4256004
8.17500000,0.03385210308,0.12695646,0.1230074003,0.02384727399,0.04618971481,2.181073014,2.570631785,-1.955101079,0.7864819316,1.659272666
8.18333333,0.05139679416,0.146953866,0.1041005692,0.03322256912,0.06088805669,2.028138083,2.196873277,-2.496645482,1.409434251,1.864496286
8.19166667,0.06762698663,0.162899975,0.08289217958,0.04651977786,0.077208707,1.865268474,1.58094025,-2.501246058,1.740275295,2.049391421
8.20000000,0.08244879577,0.1723552273,0.06395729054,0.06167147732,0.0949944309,1.689409922,0.6271986931,-1.95255527,1.870405993,2.216109655
8.20833333,0.09572778817,0.1724551641,0.05165359254,0.07736744771,0.1140906945,1.493253767,-0.6393333631,-0.9446723795,1.882379193,2.363704005
8.21666667,0.1072471522,0.1616258332,0.0485433408,0.09287352351,0.1343302785,1.264428606,-1.928892088,0.1797634035,1.832208857,2.489953876
8.22500000,0.1166539087,0.141264433,0.05388413051,0.1078286332,0.1555209785,0.9818882007,-2.883949529,1.040496112,1.754419489,2.591388817
8.23333333,0.1233756003,0.1148376301,0.06485240327,0.1220962205,0.1774423882,0.6137297995,-3.384163318,1.535733159,1.669615947,2.665063123
8.24166667,0.126528823,0.08600863504,0.07870063606,0.1356616476,0.1998608663,0.1179638845,-3.471369569,1.750602975,1.587025984,2.71056926
8.25000000,0.1248669497,0.05796767531,0.09354004125,0.1485690809,0.2225366294,-0.5476748536,-3.203366906,1.788173896,1.51228518,2.726729717
8.25833333,0.1168965097,0.03344575834,0.1082093063,0.1608903141,0.2452284766,-1.391960832,-2.639784793,1.718795556,1.446298069,2.714659446
8.26666667,0.1013721085,0.01447187327,0.1220091981,0.1726990207,0.2677035061,-2.339788087,-1.898139097,1.584817678,1.389191807,2.674811579
8.27500000,0.07803961906,0.001807933757,0.1345106458,0.1840617052,0.289738348,-3.238526073,-1.155836662,1.410335508,1.338735305,2.609466354
8.28333333,0.04790426878,-0.005195617717,0.1454447336,0.1950228202,0.3111277438,-3.958083862,-0.5552866326,1.210757219,1.292420695,2.520050335
8.29166667,0.01267806034,-0.007962500756,0.1546497204,0.2056032251,0.3316781248,-4.461566963,-0.1380725602,0.9966519955,1.246556282,2.408621428
8.30000000,-0.02593768201,-0.00793521904,0.1620425308,0.2157896392,0.3512163188,-4.779183346,0.1218878129,0.777587335,1.197485215,2.277356744
8.30833333,-0.06659024892,-0.00624362895,0.1676131859,0.2255464879,0.3695830448,-4.957928037,0.2689331742,0.5598636945,1.143035676,2.127748103
8.31666667,-0.108293629,-0.003656896079,0.1713863053,0.2348161844,0.3866344442,-5.036855518,0.3421757743,0.3467118366,1.080017229,1.962097794
8.32500000,-0.1503349982,-0.0006719569375,0.1734130959,0.2435159041,0.402245345,-5.042589589,0.3679913416,0.1412610691,1.005882092,1.782290073
8.33333333,-0.1921923961,0.0024024091,0.1737680681,0.2515466424,0.4163043493,-4.997653032,0.3685176702,-0.05445604468,0.9195543062,1.589908256
8.34166667,-0.2335522669,0.005462042658,0.1725350613,0.2588083376,0.4287131609,-4.924216245,0.365369115,-0.2395246069,0.8211726019,1.386491811
8.35000000,-0.2741883008,0.008484138005,0.1698107258,0.2651970527,0.4393864619,-4.824015488,0.3593644533,-0.4121447085,0.7099142625,1.173793278
8.35833333,-0.3138800823,0.01143412899,0.1657079357,0.270604289,0.4482591721,-4.697712854,0.3473317509,-0.569736483,0.5857046404,0.9547517785
8.36666667,-0.3524131297,0.0142499089,0.1603640329,0.2749241277,0.4552855133,-4.546058788,0.3269792973,-0.7097384124,0.4490252172,0.7308583843
8.37500000,-0.389579687,0.016857891,0.1539288342,0.2780581474,0.4604299055,-4.369906956,0.297307079,-0.8317935612,0.3015848721,0.5032788889
8.38333333,-0.425179495,0.0191749362,0.1465525858,0.2799259094,0.4636665092,-4.170204853,0.256751953,-0.9351605143,0.1452785564,0.2731847277
8.39166667,-0.4590206064,0.02110235949,0.1383993113,0.2804578983,0.4649792619,-3.948002417,0.203710625,-1.018284914,-0.01871435151,0.0417505654
8.40000000,-0.4909202771,0.02253428642,0.1296349328,0.2795996532,0.4643618977,-3.704461029,0.1376354911,-1.081813511,-0.1879801195,-0.1898467687
8.40833333,-0.5207059252,0.02335530457,0.1204273103,0.2773149679,0.4618179825,-3.440860205,0.05696729406,-1.124547532,-0.3608153576,-0.4204241837
8.41666667,-0.5482161565,0.02344419312,0.1109491132,0.2735804027,0.4573609485,-3.158605007,-0.03798766085,-1.146848324,-0.5356843673,-0.6487983925
8.42500000,-0.5733017862,0.02268060659,0.1013711822,0.2683863299,0.4510140695,-2.8592207,-0.1477087491,-1.14864181,-0.7105804324,-0.8737911828
8.43333333,-0.5958268377,0.0209447779,0.09185328884,0.2617474003,0.4428104074,-2.544348657,-0.2709504321,-1.132909191,-0.8820611166,-1.094232047
8.44166667,-0.6156694278,0.01813259515,0.08253418608,0.2536982517,0.4327927359,-2.215728994,-0.4058910162,-1.100919559,-1.048883938,-1.30896122
8.45000000,-0.6327225334,0.01415229556,0.07354754759,0.2442813969,0.421013436,-1.875184757,-0.5507267013,-1.053528475,-1.210165156,-1.516833429
8.45833333,-0.6468945875,0.008936940045,0.0650103802,0.233546525,0.4075343567,-1.52459564,-0.7016303812,-0.9935473256,-1.36507864,-1.716722409
8.46666667,-0.6581099303,0.002453234431,0.05701459093,0.2215500317,0.3924265739,-1.165895496,-0.8544063978,-0.9241539012,-1.51280521,-1.907556099
8.47500000,-0.6663090768,-0.005296179206,0.04962209116,0.2083572642,0.3757702466,-0.8010388441,-1.004665165,-0.8498690013,-1.651709935,-2.088016357
8.48333333,-0.6714489899,-0.0142719468,0.04284595194,0.1940525816,0.3576615351,-0.4320102437,-1.148000925,-0.7770319351,-1.779422881,-2.255853493
8.49166667,-0.6735031744,-0.0243983477,0.03665504509,0.1787354884,0.338211354,-0.06079622903,-1.280123907,-0.7101277392,-1.894443291,-2.409772598
8.50000000,-0.6724617515,-0.03556511392,0.03098239017,0.1625180599,0.3175403535,0.3105997659,-1.397056501,-0.6534310433,-1.995126618,-2.548688067
8.50833333,-0.6683316384,-0.04763096224,0.02572238626,0.1455310357,0.2957776828,0.6801506313,-1.495569638,-0.611603993,-2.078778813,-2.671598135
8.51666667,-0.6611366693,-0.06043703814,0.02074363928,0.1279230439,0.2730610309,1.045826671,-1.574461399,-0.5863242823,-2.143846533,-2.777477776
8.52500000,-0.6509176117,-0.07381221173,0.01589306962,0.109860461,0.2495363357,1.405592525,-1.631855527,-0.5814236939,-2.187443462,-2.865390234
8.53333333,-0.6377321212,-0.08757399207,0.01099346124,0.09152967292,0.2253569169,1.75743983,-1.667446532,-0.5982716047,-2.207830162,-2.93436335
8.54166667,-0.6216544801,-0.1015433572,0.00585682743,0.07313289133,0.2006871708,2.099382694,-1.681587179,-0.6384215318,-2.203233732,-2.982889391
8.55000000,-0.6027752826,-0.1155403658,0.0002823138017,0.05488467582,0.1757013015,2.42949616,-1.674231458,-0.7036227027,-2.171743722,-3.010103464
8.55833333,-0.5812008732,-0.1293924983,-0.005935574254,0.03701281608,0.1505798279,2.74593315,-1.647070845,-0.7927623954,-2.112717085,-3.015353599
8.56666667,-0.5570525709,-0.1429393499,-0.01299567059,0.01974905279,0.1255090783,3.046951503,-1.60113936,-0.9052178176,-2.026503246,-2.997572192
8.57500000,-0.5304656622,-0.1560296487,-0.0210808025,0.003305342906,0.1006890014,3.330944311,-1.537766663,-1.038421701,-1.916160826,-2.955078552
8.58333333,-0.5015882258,-0.1685256617,-0.03034556983,-0.01213239794,0.07632782148,3.596448715,-1.458923202,-1.186991112,-1.786219461,-2.887354412
8.59166667,-0.4705798535,-0.1803091327,-0.04088599804,-0.02643248154,0.05264195729,3.842160675,-1.367143901,-1.343515491,-1.644434264,-2.792579489
8.60000000,-0.4376103632,-0.1912821037,-0.05273751611,-0.03952894381,0.02986262426,4.066934594,-1.264820276,-1.500031438,-1.498800811,-2.669818326
8.60833333,-0.4028586199,-0.2013674634,-0.06585933346,-0.05142981133,0.008225751997,4.269743059,-1.154604426,-1.646743985,-1.359381626,-2.517990737
8.61666667,-0.3665125456,-0.210511869,-0.08012838263,-0.06222835142,-0.01202161184,4.44854202,-1.038662228,-1.773780733,-1.235414343,-2.336559668
8.62500000,-0.3288454454,-0.2186102432,-0.09534715921,-0.07208196508,-0.03063411794,4.582064126,-0.8993835672,-1.873828781,-1.133538717,-2.125451388
8.63333333,-0.290330221,-0.2253865559,-0.1112691402,-0.08119170082,-0.04736734613,4.648738561,-0.7186028847,-1.941623757,-1.057159372,-1.886135416
8.64166667,-0.2516232191,-0.2304137442,-0.1276022273,-0.0897768568,-0.06199899307,4.622789975,-0.4753863427,-1.971694904,-1.007672629,-1.621398761
8.65000000,-0.2136469406,-0.2330479143,-0.1440195527,-0.09805055552,-0.07433161683,4.465697167,-0.1376396325,-1.961540455,-0.9814727743,-1.335444869
8.65833333,-0.1777006029,-0.2323307338,-0.1601682069,-0.1061843853,-0.08421660263,4.12638289,0.3361459336,-1.906235244,-0.972963034,-1.035184461
8.66666667,-0.1455226135,-0.2269609458,-0.1756519188,-0.1142906479,-0.09156599619,3.555350522,0.9823946595,-1.800738589,-0.9732920966,-0.7282040562
8.67500000,-0.1190917247,-0.2155208717,-0.1900081871,-0.1224073152,-0.09635659632,2.755052313,1.782035512,-1.63280983,-0.9740971821,-0.4223951933
8.68333333,-0.09995428122,-0.1971800642,-0.2026275606,-0.1305031374,-0.09863097148,1.831896968,2.607118862,-1.378647436,-0.9667223938,-0.1255924436
8.69166667,-0.08839525654,-0.172605597,-0.2126362397,-0.1384711213,-0.09849352962,0.9662384244,3.239299478,-0.9974503286,-0.9423392007,0.1557585145
8.70000000,-0.08332204237,-0.1443015905,-0.2187092468,-0.1461447797,-0.09608824535,0.2862475629,3.475539823,-0.4204564619,-0.8947967235,0.4178826917
8.70833333,-0.08307046616,-0.1160858416,-0.2188784691,-0.1532996544,-0.09159133256,-0.1962410937,3.209517026,0.4299764238,-0.8166871636,0.657711461
8.71666667,-0.08617869716,-0.09216586384,-0.2107399725,-0.1596432001,-0.08519135408,-0.529624991,2.462918887,1.562418234,-0.6980258075,0.8743292249
8.72500000,-0.09163480903,-0.07574733632,-0.1925493093,-0.1647800054,-0.07708133606,-0.7676047349,1.466392714,2.792387464,-0.5235475089,1.06830524
8.73333333,-0.09881328748,-0.06739955473,-0.1648774365,-0.1681342643,-0.06744798376,-0.9480108616,0.5807371974,3.783398743,-0.264254701,1.240337481
8.74166667,-0.107336004,-0.06519147051,-0.1307993815,-0.1688223348,-0.05646399176,-1.092827625,0.002436465864,4.311191982,0.1261188174,1.392583473
8.75000000,-0.1169585273,-0.06658706094,-0.09442790454,-0.1654820335,-0.04428694739,-1.212758265,-0.2994931436,4.334791921,0.7148485992,1.527346546
8.75833333,-0.1274902655,-0.06968899481,-0.05989380307,-0.1561716904,-0.0310469425,-1.311668056,-0.422529256,3.877487299,1.566046723,1.648233541
8.76666667,-0.1387659311,-0.07335348209,-0.03088713235,-0.138696292,-0.01684337329,-1.391190119,-0.4452217395,3.036243795,2.656703282,1.759468359
8.77500000,-0.1506203127,-0.07697236221,-0.009665616711,-0.1117773815,-0.001732938695,-1.45053305,-0.4177746145,2.061855025,3.786092575,1.866972426
8.78333333,-0.1628878375,-0.08025276766,0.003929756084,-0.07624401997,0.01428697387,-1.490392761,-0.3673769369,1.243301963,4.688437703,1.979412222
8.79166667,-0.1754040877,-0.08307450909,0.01182001783,-0.03459841432,0.03129975774,-1.510098963,-0.3094902248,0.6947700812,5.249554114,2.107232298
8.80000000,-0.1880031589,-0.08541158193,0.01615085638,0.01038175963,0.04948745115,-1.510565013,-0.2517467133,0.3763646654,5.499366611,2.263801748
8.80833333,-0.2005275497,-0.08728110764,0.01851381695,0.05637455803,0.06915100567,-1.49211332,-0.1978293083,0.2102571192,5.502469169,2.464093025
8.81666667,-0.2128222341,-0.08872299396,0.01990621808,0.1015388151,0.09072041383,-1.455833377,-0.149033984,0.1353738252,5.306876721,2.72328209
8.82500000,-0.2247455278,-0.08978010746,0.02091714247,0.1443623609,0.1147236428,-1.403033111,-0.1056514951,0.1138742771,4.945793853,3.048334212
8.83333333,-0.2361625683,-0.09049974822,0.02188949145,0.1836037421,0.1416832513,-1.334690138,-0.06785997295,0.1234125203,4.453645434,3.429357709
8.84166667,-0.2469525352,-0.09092447499,0.02300430483,0.2183771762,0.1719439169,-1.252693656,-0.03488558675,0.1439037956,3.885071127,3.833297476
8.85000000,-0.2570050534,-0.09109465193,0.02428323268,0.2483112851,0.205501739,-1.157876585,-0.006716418108,0.1627732746,3.300610042,4.212206068
8.85833333,-0.266228104,-0.09103853816,0.02571295943,0.273466106,0.2419529301,-1.054656981,0.02033719746,0.1801024562,2.744262066,4.521406997
8.86666667,-0.2745668466,-0.09075343815,0.02728053127,0.2942030808,0.2805894604,-0.9457419297,0.04820394685,0.1958533562,2.242882641,4.734293871
8.87500000,-0.2819763355,-0.09023350917,0.02897299258,0.3110217753,0.3205730829,-0.8317394047,0.07665691914,0.2100825428,1.803802793,4.845170722
8.88333333,-0.2884167879,-0.08947486757,0.0307775547,0.32442811,0.3610782531,-0.7132799592,0.1054533354,0.2227456857,1.422634736,4.861284148
8.89166667,-0.2938537575,-0.08847570965,0.03268090938,0.3348656571,0.4013680543,-0.591013227,0.1343372033,0.2337894625,1.089533953,4.795799312
8.90000000,-0.2982582796,-0.08723641086,0.03466964556,0.3426919059,0.4408192326,-0.4656045819,0.1630420219,0.2432421057,0.7942892618,4.662180811
8.90833333,-0.3016069446,-0.08575964266,0.036730487,0.3481837565,0.478915826,-0.3377150435,0.1912776552,0.2510908496,0.5279800853,4.472515699
8.91666667,-0.3038818333,-0.08405057109,0.03885000248,0.3515523967,0.5152334928,-0.2080150378,0.2187498774,0.2573237087,0.283726505,4.236728668
8.92500000,-0.30507079,-0.08211667714,0.04101475092,0.3529574547,0.5494243669,-0.07720931492,0.2451905225,0.2619499698,0.05490222367,3.964379446
8.93333333,-0.3051675539,-0.0799676645,0.04321144781,0.3524747517,0.5812485461,0.05399279203,0.2703346073,0.2649971634,-0.1702931418,3.670192269
8.94166667,-0.3041717874,-0.07761542201,0.04542709737,0.3501294097,0.6105422472,0.1848790924,0.2939232036,0.2665065159,-0.391828158,3.357288424
8.95000000,-0.3020890925,-0.07507396026,0.04764909886,0.3459592467,0.6371552678,0.3147371122,0.3157065202,0.2665315563,-0.6079784035,3.027073037
8.95833333,-0.2989309925,-0.0723593228,0.04986534753,0.3400157298,0.6609495008,0.4428588574,0.3354469428,0.2651376964,-0.8171947738,2.681040911
8.96666667,-0.2947148809,-0.06948947228,0.05206433174,0.3323623009,0.6817998277,0.5685439938,0.3529219918,0.2624031801,-1.018155403,2.320813422
8.97500000,-0.2894639131,-0.06648418228,0.05423543844,0.3230722973,0.6995950882,0.6911174396,0.3679133042,0.2584771658,-1.209821608,1.948121042
8.98333333,-0.2832066786,-0.06336509061,0.05636934902,0.3122268271,0.7142389697,0.8099389621,0.3802036881,0.2534944808,-1.391335247,1.56479504
8.99166667,-0.2759771574,-0.06015542533,0.05845772051,0.2999135726,0.7256507777,0.9243594614,0.3896253905,0.2475664826,-1.561984296,1.172749335
9.00000000,-0.267814666,-0.0568796835,0.06049314643,0.2862255039,0.7337660398,1.033748527,0.3960437416,0.2408116284,-1.721213138,0.7739583159
9.00833333,-0.2587636813,-0.0535633048,0.06246953574,0.2712593279,0.7385369573,1.137498696,0.39936346,0.2334311802,-1.868682405,0.370444079
9.01666667,-0.2488736346,-0.05023244718,0.06438230556,0.2551143929,0.7399326862,1.235029003,0.3995086407,0.2255606048,-2.004060327,-0.03574156968
9.02500000,-0.2381986753,-0.0469137689,0.06622780162,0.2378926709,0.7379396246,1.325788621,0.3964360816,0.2173048009,-2.127078603,-0.4425156291
9.03333333,-0.2267973035,-0.04363424399,0.06799972766,0.2197014453,0.7325616835,1.409299339,0.3900968847,0.2066141061,-2.235413859,-0.8477562404
9.04166667,-0.2147316838,-0.0404219491,0.06963807233,0.2007041629,0.7238205801,1.485131971,0.3802428131,0.1844001042,-2.319602811,-1.24931471
9.05000000,-0.2020676536,-0.03730714491,0.07103010831,0.1811203356,0.7117560254,1.552848211,0.3666847188,0.1469683087,-2.37562057,-1.645021497
9.05833333,-0.1888794013,-0.03431629231,0.07203488163,0.1611996998,0.6964258843,1.609898692,0.3514518924,0.09081844568,-2.399755988,-2.032688947
9.06666667,-0.1752784567,-0.03144308039,0.07248079775,0.1412248138,0.6779063368,1.651728331,0.3385052077,0.01214109605,-2.387876206,-2.410112258
9.07500000,-0.1613947533,-0.02866838272,0.07216290329,0.1215147731,0.6562918963,1.67759826,0.3278318537,-0.09314398108,-2.335452434,-2.775096399
9.08333333,-0.1473681463,-0.02597012758,0.07084393251,0.1024255652,0.6316952986,1.685737486,0.3202756422,-0.2285696779,-2.238298154,-3.125472565
9.09166667,-0.1333501641,-0.02332315201,0.06826337629,0.08434280311,0.6042471221,1.675480983,0.3153642239,-0.395980719,-2.093680878,-3.459130755
9.10000000,-0.1194995013,-0.02070635392,0.06415890888,0.06766323036,0.574095129,1.645226884,0.3129047357,-0.5934814121,-1.901907215,-3.774064087
9.10833333,-0.1059866437,-0.01810851873,0.05831080101,0.05276121404,0.541403256,1.594453236,0.3103608767,-0.8129439613,-1.66818659,-4.068405487
9.11666667,-0.09298625583,-0.01553610946,0.05058622345,0.03994534917,0.5063503061,1.521935677,0.3066227636,-1.04078319,-1.403793512,-4.340457427
9.12500000,-0.08068113888,-0.01301550212,0.04099637366,0.02940874771,0.4691284543,1.427755874,0.2969116554,-1.257092085,-1.12378754,-4.588707154
9.13333333,-0.06925268252,-0.01061366951,0.02972844792,0.02120995693,0.4299416279,1.311350191,0.2772396889,-1.439447602,-0.8456454606,-4.811842226
9.14166667,-0.0588845762,-0.008441492826,0.0171587044,0.01526893538,0.3890040133,1.173605913,0.2404927108,-1.566354076,-0.584008497,-5.00871852
9.15000000,-0.04975044583,-0.006672718885,0.003830343997,0.01139744913,0.3465387407,1.01509374,0.1794479911,-1.618844321,-0.3504095997,-5.178326624
9.15833333,-0.04202105882,-0.005538432071,-0.009584006917,0.009339141436,0.3027767974,0.8368826209,0.08688585616,-1.585482977,-0.1493014883,-5.319784023
9.16666667,-0.03585089555,-0.005328977181,-0.02234317823,0.008818793683,0.2579560878,0.6410321367,-0.0429491679,-1.461704602,0.01920726285,-5.432309267
9.17500000,-0.03138577721,-0.006353588691,-0.033704161,0.009575417788,0.2123205862,0.4278455264,-0.2085338003,-1.251567712,0.1579791796,-5.515224155
9.18333333,-0.02876307042,-0.008882909017,-0.04300028029,0.01138205128,0.1661193943,0.1991967039,-0.4017178684,-0.9693285822,0.2714899835,-5.567712579
9.19166667,-0.02810387222,-0.0130780356,-0.0497263489,0.01398273782,0.1196739185,-0.04331380067,-0.6048019591,-0.6392533286,0.3436038238,-5.567915332
9.20000000,-0.02952264885,-0.01891925726,-0.05360390974,0.01692911055,0.07354258866,-0.2992322262,-0.7923148674,-0.2910341882,0.3507178973,-5.487894029
9.20833333,-0.03312022321,-0.02617301633,-0.05461577659,0.01956867044,0.02852611698,-0.5655990661,-0.9406659495,0.04381370051,0.2634819779,-5.292878705
9.21666667,-0.03896607152,-0.03444439146,-0.05298005041,0.02091285596,-0.01419371969,-0.8379506076,-1.034478295,0.3406785605,0.02870185528,-4.92485153
9.22500000,-0.04708619655,-0.04324851943,-0.04908903866,0.01942619815,-0.05285103513,-1.110298091,-1.068582913,0.5829461272,-0.4294603897,-4.303605282
9.23333333,-0.05745041639,-0.05210171388,-0.04344896454,0.01296414058,-0.08502945264,-1.375182634,-1.047750835,0.7585419496,-1.168446006,-3.365522042
9.24166667,-0.06996141388,-0.06059087552,-0.0366620163,-0.0006514724203,-0.1082117,-1.624030722,-0.9835712631,0.8558229065,-2.116205736,-2.171758603
9.25000000,-0.08444770942,-0.06841709584,-0.02945738793,-0.02212951321,-0.1211953418,-1.847724728,-0.8913174848,0.8541313244,-2.999796266,-0.9668042646
9.25833333,-0.1006649338,-0.07541172786,-0.02280416098,-0.04965268121,-0.1249708597,-2.038702021,-0.785941151,0.7150808675,-3.531822548,0.01325191984
9.26666667,-0.1183231057,-0.08151442436,-0.01809410122,-0.07966187531,-0.1217570846,-2.192690347,-0.6796704474,0.3754077488,-3.588100022,0.715595307
9.27500000,-0.137102514,-0.08676305633,-0.0173211855,-0.1080856973,-0.1136415647,-2.30775946,-0.5822937101,-0.2410795226,-3.153577458,1.203127149
9.28333333,-0.1566773606,-0.09127139867,-0.02294303565,-0.1310041118,-0.1020888157,-2.383969504,-0.5035635266,-1.149918092,-2.286378662,1.551520866
9.29166667,-0.1767315972,-0.09523989731,-0.03685535067,-0.1455543012,-0.08801904615,-2.42322472,-0.4547778482,-2.185557828,-1.1945159,1.814280536
9.30000000,-0.1969696934,-0.09896869691,-0.05887704305,-0.1511630381,-0.07199693726,-2.428494869,-0.4486301906,-3.049243681,-0.1868321724,2.023906104
9.30833333,-0.2171221356,-0.1028827893,-0.08667330961,-0.149405388,-0.05438663774,-2.403160435,-0.5025804519,-3.558430821,0.5622531047,2.197342872
9.31666667,-0.2369473832,-0.1075717456,-0.1171765387,-0.1424996596,-0.03544968764,-2.350765764,-0.6381985742,-3.706667994,1.058754369,2.343339761
9.32500000,-0.256235649,-0.1138077494,-0.1476130605,-0.1322540794,-0.01539796634,-2.27476008,-0.8772141902,-3.552750839,1.376394305,2.465319451
9.33333333,-0.2748060351,-0.1225131147,-0.1757090311,-0.1198770619,0.005579851755,-2.179153969,-1.231072752,-3.154199287,1.579269842,2.565852297
9.34166667,-0.2925096555,-0.1346058749,-0.1996734439,-0.1061260151,0.02730792277,-2.067290263,-1.684299855,-2.57282156,1.711865104,2.645385061
9.35000000,-0.3092256669,-0.1507106187,-0.218301763,-0.09146778692,0.0496118103,-1.94276223,-2.181606938,-1.888606908,1.800112093,2.704214298
9.35833333,-0.3248646011,-0.1708588299,-0.2311242249,-0.07620740953,0.07232334771,-1.809435093,-2.640815317,-1.194402269,1.858280951,2.743263958
9.36666667,-0.3393687853,-0.1944237479,-0.2383908532,-0.06055154321,0.09527789329,-1.671000807,-2.99304485,-0.5655366607,1.8973794,2.762519555
9.37500000,-0.3527101693,-0.2203561687,-0.2408499106,-0.04460229942,0.118310413,-1.531114182,-3.206965419,-0.04306714178,1.929366572,2.762036574
9.38333333,-0.3648954379,-0.247492424,-0.2394008084,-0.02842109016,0.1412654141,-1.394025527,-3.284198437,0.3744647159,1.952326144,2.744639936
9.39166667,-0.3759621112,-0.2747601849,-0.2348546725,-0.01209356459,0.1640126134,-1.26347163,-3.241654422,0.7034588387,1.964475277,2.712198976
9.40000000,-0.3859808516,-0.3012462465,-0.2278654496,0.004290241443,0.1864274605,-1.14310191,-3.099829277,0.9639826253,1.965851959,2.664901706
9.40833333,-0.395051715,-0.3261954624,-0.2189318346,0.02064089464,0.2083871004,-1.036287878,-2.87565439,1.172674401,1.956525514,2.603012715
9.41666667,-0.4032971438,-0.3489824674,-0.2084298033,0.03686948059,0.229771644,-0.9452394553,-2.582949774,1.342137217,1.936574044,2.526956207
9.42500000,-0.410852119,-0.3690859252,-0.1966467347,0.05288805663,0.2504650132,-0.870806513,-2.233178736,1.481388631,1.906169484,2.437202458
9.43333333,-0.4178525281,-0.3860985961,-0.1837819076,0.06861078203,0.2703549227,-0.8116721628,-1.845027755,1.604629554,1.865613038,2.334222062
9.44166667,-0.4244154314,-0.3997631251,-0.1699299124,0.08395404728,0.2893337463,-0.7650575713,-1.430763025,1.718183099,1.815127507,2.218655331
9.45000000,-0.4306219545,-0.4098951859,-0.1551740693,0.09883589822,0.3072995067,-0.7250897105,-0.9986757906,1.821446295,1.754930318,2.09120237
9.45833333,-0.4365012287,-0.4163819764,-0.1396028474,0.1131771409,0.3241559242,-0.6854743608,-0.55732662,1.913789527,1.685456913,1.95253084
9.46666667,-0.4420303069,-0.4191820023,-0.1233090177,0.1269022178,0.339812733,-0.6400266679,-0.1152657163,1.994818153,1.607117612,1.803437227
9.47500000,-0.4471355019,-0.4183244379,-0.1063878621,0.1399387505,0.3541866637,-0.5827665595,0.31910749,2.064329073,1.520259982,1.644787722
9.48333333,-0.4516941847,-0.4139080687,-0.08893594808,0.1522173985,0.3672018133,-0.5078837528,0.7374267731,2.122173305,1.42531359,1.477476889
9.49166667,-0.4555418359,-0.4060954951,-0.07105106219,0.1636731224,0.3787896122,-0.4119574203,1.13357907,2.168228141,1.322854242,1.302373895
9.50000000,-0.4584961168,-0.3950900108,-0.0528317048,0.1742456287,0.3888890589,-0.2933179368,1.503096411,2.202444492,1.213432861,1.120436692
9.50833333,-0.4603691881,-0.381123913,-0.03437633226,0.1838790715,0.3974473384,-0.1524021651,1.843586257,2.2248945,1.097561265,0.9326613969
9.51666667,-0.460978999,-0.3644472641,-0.01578253257,0.1925219735,0.4044200132,0.00935860009,2.153682014,2.235675644,0.9758071056,0.7400617472
9.52500000,-0.4601617223,-0.3453143852,0.002852455227,0.2001279509,0.4097711527,0.1895333784,2.43322985,2.234779647,0.8488077007,0.5436651114
9.53333333,-0.4577762236,-0.3239781465,0.02143165001,0.2066560331,0.4134734325,0.3852189011,2.682584145,2.222306522,0.7172242625,0.3445090022
9.54166667,-0.4537079235,-0.3006853012,0.03985879169,0.2120708482,0.4155082054,0.5929854017,2.902863347,2.198292971,0.5817388714,0.1436379866
9.55000000,-0.4478691473,-0.2756746287,0.05803763137,0.2163434034,0.4158655486,0.8095933517,3.095043492,2.162284545,0.4436468509,-0.05789908817
9.55833333,-0.4402083938,-0.2491666068,0.07584358374,0.2194797755,0.4145442958,1.02825068,3.263899394,2.107745237,0.3102555371,-0.2590488745
9.56666667,-0.4307460426,-0.2213266961,0.09310910502,0.22153607,0.4115520815,1.241753966,3.41460066,2.032267437,0.1848764253,-0.4587536836
9.57500000,-0.4195300416,-0.192309213,0.1096506123,0.2225918166,0.406905346,1.448943295,3.546361968,1.933859932,0.07043153457,-0.6559585391
9.58333333,-0.406617627,-0.1622751748,0.1252715915,0.2227478459,0.4006292978,1.648701407,3.658490096,1.810851784,-0.03040961297,-0.8496145967
9.59166667,-0.3920755277,-0.1313905421,0.1397598201,0.2221293303,0.3927577792,1.839876958,3.750407109,1.661782217,-0.1150186247,-1.038714381
9.60000000,-0.3759798959,-0.09982566128,0.1528904765,0.2208796186,0.3833374326,2.021374344,3.821696824,1.485018666,-0.1824277906,-1.220433884
9.60833333,-0.3584157748,-0.06775388524,0.1644300185,0.219135204,0.3724486329,2.192137693,3.872008138,1.279731982,-0.2334504245,-1.390862634
9.61666667,-0.3394769904,-0.03535111985,0.1741425786,0.2170340424,0.360192154,2.351122066,3.901116052,1.046530959,-0.2679051704,-1.548416055
9.62500000,-0.3192658861,-0.002794171635,0.1817978756,0.2147136237,0.3466831331,2.497349671,3.909008672,0.7866770152,-0.2868907425,-1.690957147
9.63333333,-0.2978921213,0.02973980745,0.1871874398,0.2122871979,0.3320585821,2.630022959,3.895354078,0.5034432304,-0.2936689044,-1.81585681
9.64166667,-0.2754721416,0.06203250712,0.1901752126,0.2098385466,0.3164736579,2.748328062,3.848129373,0.2144383316,-0.2936669368,-1.920833845
9.65000000,-0.2521282136,0.09375089354,0.1907965646,0.207388454,0.3001096321,2.851660161,3.756079507,-0.06195503309,-0.2949940406,-2.002546059
9.65833333,-0.2279876177,0.1244818539,0.1892237806,0.204898192,0.283170935,2.93946671,3.609138109,-0.3088922742,-0.3049449119,-2.057959459
9.66666667,-0.2031814991,0.153709221,0.185793238,0.2022593313,0.2658921648,3.011314436,3.392319192,-0.5036848619,-0.3319369985,-2.083626824
9.67500000,-0.1778441544,0.1807697033,0.1810491951,0.1992973851,0.2485376323,3.066904326,3.085161991,-0.6192082844,-0.3832466751,-2.075785687
9.68333333,-0.1521122787,0.2048085446,0.1757750993,0.1957932761,0.2313980564,3.105982618,2.663007618,-0.62626937,-0.4623989911,-2.031484815
9.69166667,-0.126124314,0.2247716491,0.1709824203,0.1915143792,0.2147857182,3.128327862,2.103945659,-0.5003066823,-0.5690728849,-1.948825595
9.70000000,-0.1000202676,0.2394753657,0.1678251839,0.1862456427,0.1990240665,3.133814327,1.402606986,-0.2359827355,-0.6986084712,-1.827593614
9.70833333,-0.07394154879,0.2478443831,0.1673257842,0.1798362256,0.1844286043,3.122216909,0.5932535653,0.126024204,-0.8400408484,-1.669728404
9.71666667,-0.0480310022,0.2492668678,0.1699536337,0.1722645453,0.1712795765,3.093447066,-0.2499225627,0.4972800117,-0.9745568523,-1.4813561
9.72500000,-0.02243194351,0.2438287096,0.1753419037,0.1636781488,0.1598034143,3.047458506,-1.040129596,0.7719720427,-1.078891005,-1.269940879
9.73333333,0.002712351068,0.2322515937,0.1823254166,0.1544466665,0.1501498077,2.984332571,-1.716374272,0.8703027354,-1.12452351,-1.045559475
9.74166667,0.02726024136,0.2155958485,0.189259057,0.1451749216,0.142388412,2.904404066,-2.259264432,0.7584509457,-1.084600381,-0.817146011
9.75000000,0.05107079239,0.1949374908,0.1944014456,0.1366550054,0.1365229167,2.805609429,-2.678697992,0.4444374371,-0.9428576491,-0.591434584
9.75833333,0.07389768339,0.1713029848,0.1962045377,0.1297286934,0.1325126761,2.663689358,-2.97264807,-0.0346352092,-0.7057583255,-0.3722785358
9.76666667,0.09528343916,0.1457427349,0.1935380404,0.1250552025,0.1302982765,2.455556914,-3.140033482,-0.6159085438,-0.411226968,-0.1601631936
9.77500000,0.1145485817,0.1193647738,0.1858731208,0.1228618689,0.129828641,2.147682556,-3.164303936,-1.22089477,-0.1214333167,0.04665535979
9.78333333,0.1306566081,0.09351510031,0.1733228524,0.1228534228,0.1310633656,1.687461252,-3.004326047,-1.778513113,0.1052158587,0.2489254682
9.79166667,0.1420603735,0.0699738984,0.1564895615,0.124347237,0.1339632226,1.006960995,-2.599289729,-2.244010951,0.2362571112,0.4460174242
9.80000000,0.1466864457,0.05100148763,0.1362260225,0.1265157804,0.138475202,0.05905246073,-1.907245252,-2.600668775,0.2687237047,0.6351921802
9.80833333,0.1424628382,0.03879217206,0.1134514679,0.128597842,0.144514447,-1.092123584,-1.003626152,-2.847130047,0.2192526625,0.8116005199
9.81666667,0.1285176745,0.03420933084,0.08907261445,0.1300081631,0.1519496741,-2.231506546,-0.1235874992,-2.985737549,0.1114544851,0.9694187949
9.82500000,0.1059037642,0.03599993655,0.06399624667,0.1303561636,0.1606078127,-3.149443152,0.4988665594,-3.013186135,-0.03205474602,1.10420611
9.83333333,0.07680732911,0.04157143563,0.03920250214,0.1294306661,0.1702740081,-3.790174905,0.7820550126,-2.914585157,-0.191481525,1.210877792
9.84166667,0.04336243589,0.04814369311,0.01584151951,0.1271586613,0.1807060427,-4.204998992,0.7449186067,-2.664176807,-0.3530510478,1.287522004
9.85000000,0.007158591774,0.05319201426,-0.004695646153,0.1235661788,0.1916486616,-4.462738528,0.4217812158,-2.232914405,-0.5071800571,1.333638877
9.85833333,-0.03072588576,0.05448611656,-0.02084705575,0.118744952,0.2028496326,-4.615292319,-0.1470983287,-1.614431439,-0.6473628182,1.349926279
9.86666667,-0.06956198178,0.05028500339,-0.0312358466,0.1128300811,0.2140692481,-4.695174192,-0.8778124786,-0.8661236962,-0.7688153829,1.338375766
9.87500000,-0.1088306682,0.0397947583,-0.03527112094,0.1059919796,0.2250858987,-4.721450119,-1.630757542,-0.1137801989,-0.8683860548,1.301564204
9.88333333,-0.1481361111,0.02342296038,-0.03348000528,0.09842341054,0.2357008623,-4.706074437,-2.271582025,0.5157503148,-0.9437155277,1.242477891
9.89166667,-0.1871899538,0.002444351144,-0.027188486,0.09034083198,0.2457394606,-4.662564221,-2.732595578,0.9631750458,-0.9913702017,1.163850126
9.90000000,-0.2257746065,-0.0216468898,-0.01791188577,0.08198338117,0.2550521482,-4.593546543,-3.023846996,1.236490075,-1.009660317,1.069275453
9.90833333,-0.263679768,-0.04758454956,-0.006976203369,0.07358528056,0.2635428875,-4.49956823,-3.182302755,1.367024423,-1.00116301,0.9675806407
9.91666667,-0.3006997885,-0.07441936717,0.004561184829,0.06538466589,0.2711639455,-4.38125321,-3.244553272,1.385294727,-0.9612829402,0.8606498066
9.92500000,-0.3366351227,-0.1014696207,0.0158595991,0.05766737358,0.2778741666,-4.239371584,-3.237726366,1.312384823,-0.8842161834,0.7490812721
9.93333333,-0.3712932053,-0.1282418207,0.02621891647,0.05076472425,0.2836374662,-4.074871952,-3.180343243,1.161704591,-0.7650910406,0.6334931144
9.94166667,-0.4044896178,-0.1543799858,0.03504325511,0.04503888614,0.2884229809,-3.888771103,-3.089661952,0.9480035523,-0.6017288856,0.514519873
9.95000000,-0.4360491705,-0.1796917204,0.04189733148,0.0408523212,0.2922051483,-3.682211867,-2.982558639,0.6902906635,-0.3966392928,0.3927916082
9.95833333,-0.4658066017,-0.2040467406,0.0464492844,0.03852252296,0.2949636275,-3.456479787,-2.860164079,0.3975556881,-0.1581481181,0.2689470751
9.96666667,-0.4936075181,-0.2273209119,0.04847092554,0.03826477842,0.2966836079,-3.212888924,-2.723284885,0.08600060099,0.09769535414,0.1436657365
9.97500000,-0.5193091964,-0.2493968171,0.0478815467,0.04014816324,0.297355969,-2.952891786,-2.572720613,-0.2259625552,0.3526048855,0.01763301843
9.98333333,-0.5427809107,-0.270163638,0.04475457578,0.04408816875,0.2969773176,-2.677967257,-2.409226141,-0.520048043,0.5883303905,-0.1084621727
9.99166667,-0.5639048701,-0.289517089,0.03930984377,0.04985487587,0.295550014,-2.389678279,-2.233676999,-0.7802229262,0.789056855,-0.2339282007
10.00000000,-0.582576105,-0.3073604376,0.03186895554,0.05711858255,0.29308218,-2.089590304,-2.046920179,-0.9981566528,0.9466715407,-0.358074714
10.00833333,-0.5987032228,-0.3236036195,0.02279876226,0.06550632671,0.289587655,-1.779366187,-1.849795656,-1.171253475,1.058898098,-0.4802263956
10.01666667,-0.6122084942,-0.3381643464,0.01246804961,0.07464665916,0.2850856946,-1.460611576,-1.643288913,-1.301259566,1.1279358,-0.5997524441
10.02500000,-0.6230276121,-0.3509681519,0.001219859107,0.08419719722,0.2796008772,-1.1349673,-1.428291357,-1.392262066,1.158229427,-0.7160043185
10.03333333,-0.6311100949,-0.3619484295,-0.01064087082,0.09385703427,0.2731631614,-0.8040950931,-1.205816544,-1.44909361,1.155071112,-0.8283427813
10.04166667,-0.6364192598,-0.3710472642,-0.02284934819,0.1033693349,0.2658077663,-0.4696451476,-0.9769230207,-1.476460065,1.123555958,-0.9360651847
10.05000000,-0.638932132,-0.3782155008,-0.03517815891,0.1124969608,0.25759629,-0.1332574191,-0.7426434646,-1.478580714,1.061727369,-1.032022663
10.05833333,-0.6386393695,-0.3834127275,-0.04743297827,0.1209806018,0.2486534789,0.2034350172,-0.5040705343,-1.459538848,0.9695943273,-1.111178744
10.06666667,-0.6355452597,-0.3866079384,-0.05947519462,0.1285978794,0.2391309817,0.5387912522,-0.2623524778,-1.429241732,0.8553834839,-1.170884982
10.07500000,-0.6296676819,-0.3877798708,-0.0712312184,0.135178995,0.2292008539,0.8712091515,-0.01869302713,-1.390862576,0.7205569041,-1.20848801
10.08333333,-0.6210376728,-0.3869175222,-0.082634027,0.1405475898,0.219055975,1.199103194,0.2256736956,-1.344489594,0.5640366708,-1.221919231
10.09166667,-0.6096997275,-0.384020055,-0.09361757432,0.1445175339,0.208907245,1.520842364,0.4695309349,-1.290269193,0.3850163352,-1.209381915
10.10000000,-0.5957116554,-0.3790970486,-0.1041173087,0.1469013729,0.1989751154,1.834888347,0.7115845512,-1.228423404,0.1835923509,-1.169994103
10.10833333,-0.5791439532,-0.3721686966,-0.1140710636,0.1475203555,0.1894793978,2.139683016,0.950615775,-1.159291543,-0.03839393599,-1.104644782
10.11666667,-0.5600802093,-0.363265462,-0.1234195662,0.1462138416,0.1806295173,2.433703292,1.185320933,-1.083224923,-0.2774905095,-1.015881557
10.12500000,-0.5386163258,-0.3524290405,-0.1321066538,0.1428636336,0.1725997942,2.715451132,1.414379617,-1.000626298,-0.5280562746,-0.9084964187
10.13333333,-0.5148609932,-0.3397113524,-0.1400801179,0.1373998201,0.1655230364,2.983242827,1.636798435,-0.9120582403,-0.7833098696,-0.7884911131
10.14166667,-0.488949532,-0.3251597253,-0.1472924308,0.1298199303,0.1594707314,3.231983866,1.855018558,-0.8180259586,-1.034431407,-0.6640046685
10.15000000,-0.4610554179,-0.3088074391,-0.1536981943,0.1201955141,0.1544458423,3.458812427,2.067695124,-0.7174801046,-1.272534363,-0.5432609828
10.15833333,-0.4313683463,-0.2907473473,-0.1592022055,0.1086663865,0.1503886196,3.661929026,2.263442272,-0.6002956858,-1.490719446,-0.4324996255
10.16666667,-0.4000967453,-0.2711448732,-0.1636432286,0.09542158415,0.147195502,3.838688674,2.437149228,-0.4617343275,-1.683242808,-0.3368239178
10.17500000,-0.3674682911,-0.2502051831,-0.1668260091,0.08069318633,0.1447250985,3.987369881,2.583230912,-0.2974596707,-1.846626363,-0.2591088832
10.18333333,-0.3337249553,-0.2281855247,-0.1685133415,0.06473129368,0.1428227851,4.105669892,2.695364638,-0.1017311997,-1.979107446,-0.2005713857
10.19166667,-0.2991315849,-0.2053952549,-0.1684166928,0.04779275889,0.1413314152,4.191203204,2.766732929,0.1318558881,-2.0809664,-0.1604653645
10.20000000,-0.2639681277,-0.1822073528,-0.1661917114,0.03012964065,0.1401021557,4.241840366,2.789881209,0.4102014053,-2.153363128,-0.1372549044
10.20833333,-0.2285393935,-0.1590481189,-0.1614374858,0.01198176031,0.1390011445,4.254622171,2.758971012,0.7396056284,-2.197756009,-0.1292009106
10.21666667,-0.1931723156,-0.1363762792,-0.1537224448,-0.006422746693,0.1379123754,4.226306252,2.673555142,1.118902288,-2.213498749,-0.1340878247
10.22500000,-0.1582234557,-0.1146219171,-0.1427061338,-0.02479615272,0.1367374741,4.153558029,2.540827188,1.528313728,-2.188577865,-0.1495672085
10.23333333,-0.1240836629,-0.094110221,-0.1282335891,-0.04277394679,0.135405207,4.031480326,2.379320092,1.943040461,-2.118491328,-0.1700567562
10.24166667,-0.09118455815,-0.07496979921,-0.1104114143,-0.05995461995,0.1339057647,3.85495121,2.216496286,2.325151502,-1.994276211,-0.1896464689
10.25000000,-0.06000023077,-0.0570863076,-0.0897099309,-0.07579693422,0.1322472911,3.61916431,2.08266602,2.624666226,-1.792263501,-0.2082072047
10.25833333,-0.03103810964,-0.04011372169,-0.06706008418,-0.08950500323,0.1304387829,3.321375612,2.000620336,2.782396249,-1.474413954,-0.2256382336
10.26666667,-0.004811142161,-0.02357067306,-0.04391593732,-0.09990084585,0.1284900641,2.963379119,1.979980383,2.731794301,-0.9871806295,-0.2418416711
10.27500000,0.01820945326,-0.006973339229,-0.02227257651,-0.1053240516,0.1264117637,2.554127023,2.010064139,2.415211205,-0.2729284131,-0.2567221002
10.28333333,0.03765825922,0.009999007321,-0.004419304996,-0.1037731583,0.1242152952,2.109493768,2.06408785,1.831209566,0.6802904531,-0.2701868676
10.29166667,0.05333213569,0.02737776547,0.007861855182,-0.09361745056,0.1219128256,1.652048582,2.099848227,1.112790601,1.761910612,-0.2821484975
10.30000000,0.06521988345,0.0448134446,0.01442371387,-0.07464034157,0.1195172108,1.204246191,2.069563579,0.4990615935,2.76220438,-0.2925301038
10.30833333,0.07347194283,0.06156834116,0.01698615551,-0.04824276436,0.1170418825,0.7813874453,1.930375746,0.1705358095,3.52930225,-0.3012712426
10.31666667,0.07833813005,0.07660049922,0.01816842818,-0.01654336093,0.114522279,0.3921092592,1.653678532,0.1640988779,4.036643406,-0.2996171869
10.32500000,0.08010332576,0.08874863123,0.0204665814,0.01840497944,0.1121297793,0.03700495031,1.241461617,0.4248162597,4.317338647,-0.2685891489
10.33333333,0.07903785231,0.09703349876,0.02572160397,0.05490454304,0.1101696057,-0.2879600199,0.7369888973,0.8552640911,4.414529647,-0.1926602041
10.34166667,0.07537284166,0.1009852847,0.03487769147,0.09152917844,0.109106425,-0.5881156154,0.2156424398,1.342534178,4.348527868,-0.04873135354
10.35000000,0.069290804,0.100796671,0.04797505479,0.126919203,0.1096346519,-0.8684894368,-0.2460795581,1.787507452,4.116189376,0.1950849097
10.35833333,0.06094652658,0.09717480996,0.06438690788,0.159629156,0.1127304101,-1.131481296,-0.60423768,2.132326118,3.702652564,0.5728024709
10.36666667,0.05047523983,0.09103763207,0.08318842122,0.1881102976,0.1196117034,-1.379014956,-0.8510060467,2.360943965,3.103346464,1.103742538
10.37500000,0.03800900364,0.08325602061,0.1034382819,0.2109400203,0.1314751832,-1.609925098,-1.002535526,2.482354529,2.358091151,1.757997316
10.38333333,0.02369648874,0.07452762597,0.1243066683,0.2272797519,0.1489954935,-1.821609463,-1.08231341,2.512053029,1.566059785,2.44151397
10.39166667,0.007708095736,0.06535663309,0.145091147,0.2372379442,0.1719256712,-2.011966569,-1.111845008,2.464364286,0.8434486854,3.039637014
10.40000000,-0.009771071325,0.0560883536,0.1651909733,0.2417471769,0.1992127239,-2.178846368,-1.108324875,2.348657659,0.2662161193,3.480575226
10.40833333,-0.0285328271,0.04693899177,0.1840595981,0.2421330431,0.2294681868,-2.319618024,-1.08494655,2.169300125,-0.1467817184,3.754462397
10.41666667,-0.0483578616,0.03803906417,0.2011734071,0.2397177308,0.2613929703,-2.433795004,-1.049712121,1.927507186,-0.4095344097,3.886557513
10.42500000,-0.06901811201,0.02944198925,0.2160262908,0.2356624554,0.2939420666,-2.520166745,-1.014810745,1.628442,-0.5440325174,3.909604447
10.43333333,-0.09028546095,0.02110520008,0.2281656162,0.2309500612,0.3263296178,-2.579399679,-0.9873135243,1.275945709,-0.5703687421,3.851845651
10.44166667,-0.1119340957,0.01296790841,0.2371447256,0.2264072158,0.357973216,-2.612047592,-0.9665455747,0.8708328642,-0.50653834,3.733944934
10.45000000,-0.1337488436,0.004980614156,0.2425560242,0.2227035916,0.3884351396,-2.619267784,-0.9513251299,0.4215860849,-0.3724075559,3.570234091
10.45833333,-0.1555227707,-0.002898533822,0.2440963758,0.2203150391,0.4173895945,-2.60264944,-0.940232471,-0.0546145419,-0.1976337094,3.375651098
10.46666667,-0.1770632774,-0.01069907586,0.2416328102,0.2194303164,0.4446467102,-2.563554854,-0.93221231,-0.535259231,-0.01552490326,3.163188025
10.47500000,-0.1982050026,-0.01842630444,0.2352290871,0.2200135702,0.4700631332,-2.508143379,-0.9215123872,-0.9965865429,0.1512139961,2.934085165
10.48333333,-0.2188276307,-0.02604427144,0.2251362549,0.2218520558,0.493505184,-2.439041571,-0.9060029302,-1.417752715,0.2830799895,2.689548001
10.49166667,-0.2388189355,-0.0335132597,0.2117471483,0.2246034929,0.5148496606,-2.356706559,-0.8857832959,-1.786158304,0.3691014962,2.430878883
10.50000000,-0.2580704738,-0.04079497777,0.1955289739,0.2278661199,0.5339844892,-2.26156834,-0.8611084444,-2.096579943,0.4059361471,2.159469703
10.50833333,-0.2764776975,-0.04785329175,0.17696191,0.2312410791,0.5508093644,-2.154176596,-0.8321946416,-2.35043649,0.3968995989,1.876746396
10.51666667,-0.2939412176,-0.05465351759,0.156498285,0.234372189,0.5652363712,-2.035192417,-0.7991805985,-2.552623905,0.3485364806,1.584222261
10.52500000,-0.3103670438,-0.06116212482,0.1345460357,0.236960267,0.5771901223,-1.90523101,-0.7622561936,-2.708693457,0.267770313,1.28343744
10.53333333,-0.3256665842,-0.06734757082,0.1114656197,0.238764284,0.5866084969,-1.765017092,-0.7216540456,-2.82432043,0.1614934161,0.9759873423
10.54166667,-0.3397577942,-0.07318002158,0.08757260103,0.2395976931,0.5934424332,-1.615371066,-0.6776155427,-2.904433816,0.03574002856,0.6634458939
10.55000000,-0.352565366,-0.07865162324,0.0631631752,0.2393213128,0.5976563541,-1.457068906,-0.6370423875,-2.947876762,-0.1031712825,0.3474575097
10.55833333,-0.3640205912,-0.08382426908,0.03852455211,0.2378788228,0.5992283766,-1.290961263,-0.6063995321,-2.960135384,-0.2428129273,0.02966370152
10.56666667,-0.3740622983,-0.08879483891,0.01391825729,0.2352786656,0.5981502961,-1.117982522,-0.5890461134,-2.939629473,-0.3809284485,-0.2882923605
10.57500000,-0.3826372087,-0.09368940765,-0.0103678993,0.2315356536,0.5944276562,-0.9390903954,-0.5887489584,-2.882750957,-0.5170157429,-0.6047535984
10.58333333,-0.3896999388,-0.09866664288,-0.03401548141,0.2266686524,0.5880798383,-0.7552133088,-0.6095362577,-2.785785499,-0.6506116866,-0.9180580684
10.59166667,-0.395212987,-0.1039184491,-0.05667593098,0.2207003169,0.5791400734,-0.5673370684,-0.6552052833,-2.6453599,-0.7812587675,-1.226543995
10.60000000,-0.399147305,-0.1096650418,-0.07797641393,0.2136571503,0.5676554347,-0.3764906414,-0.728608356,-2.459174008,-0.9084934116,-1.528552297
10.60833333,-0.4014824704,-0.1161426116,-0.09753328941,0.2055696717,0.5536865738,-0.1837147186,-0.8306073612,-2.227049492,-1.031803491,-1.822501458
10.61666667,-0.4022067725,-0.1235802198,-0.1149761587,0.1964727173,0.537307215,0.009941008052,-0.958440356,-1.952520282,-1.150691126,-2.106801427
10.62500000,-0.4013172799,-0.1321682101,-0.1299796382,0.1864049721,0.5186042892,0.2034188368,-1.104842092,-1.643567255,-1.264712241,-2.379919477
10.63333333,-0.3988199158,-0.1420167449,-0.1423044777,0.1754091202,0.4976770849,0.3956520165,-1.259025112,-1.311719684,-1.373351728,-2.640372413
10.64166667,-0.3947294633,-0.1531343373,-0.1518194076,0.163532442,0.4746371032,0.585595325,-1.406879589,-0.9718631225,-1.476003673,-2.886764198
10.65000000,-0.3890690534,-0.1654062675,-0.1585232417,0.1508272792,0.4496072781,0.7722736696,-1.533965716,-0.6392973184,-1.572085779,-3.117722417
10.65833333,-0.381870155,-0.1786139114,-0.1625258043,0.1373508258,0.42272141,0.9546613251,-1.629801878,-0.3253672416,-1.661029461,-3.331995555
10.66666667,-0.3731727257,-0.1924595911,-0.1640241594,0.1231651184,0.3941235685,1.131773833,-1.68652808,-0.03907853071,-1.742193057,-3.528412993
10.67500000,-0.3630264643,-0.206604273,-0.1632655397,0.1083375526,0.3639672995,1.301034007,-1.700130631,0.2158351591,-1.814959473,-3.705855532
10.68333333,-0.3515472763,-0.2206428724,-0.1605162119,0.09294080922,0.33241482,1.449969471,-1.659813491,0.4387574963,-1.878711276,-3.863329
10.69166667,-0.3389355405,-0.2341109392,-0.1560366842,0.07705242291,0.2996363634,1.571812716,-1.562911977,0.6314250171,-1.932865005,-3.999946939
10.70000000,-0.3254444073,-0.2465299927,-0.1500686995,0.06075433498,0.2658093414,1.659810623,-1.407705615,0.7964491248,-1.976946963,-4.114874953
10.70833333,-0.3113861633,-0.2574076738,-0.1428291374,0.04413247593,0.2311173042,1.706566288,-1.192630443,0.9371862856,-2.010528793,-4.207420789
10.71666667,-0.2971385107,-0.2662345555,-0.1345074799,0.02727573119,0.1957493622,1.704139218,-0.9154808368,1.056799823,-2.033239569,-4.277021535
10.72500000,-0.283139568,-0.2724882513,-0.1252913344,0.01029400421,0.1599043576,1.645915448,-0.5749152134,1.149506045,-2.039283965,-4.320326485
10.73333333,-0.2698710538,-0.2756462,-0.1154453386,-0.006659842377,0.1238419067,1.528738339,-0.173168918,1.207423067,-2.026189291,-4.328607808
10.74166667,-0.2578119018,-0.2752288029,-0.1052767456,-0.02341373767,0.08786814375,1.357081602,0.2806271777,1.226520248,-1.990574032,-4.298530239
10.75000000,-0.2473687564,-0.2708802083,-0.09511856816,-0.03975977783,0.05231546875,1.144133745,0.7664391184,1.203746295,-1.927424811,-4.226850943
10.75833333,-0.2387988823,-0.2624287898,-0.08535715556,-0.05544371647,0.01754574412,0.9114195182,1.261281842,1.129381191,-1.830583777,-4.109908504
10.76666667,-0.2321618865,-0.2499067598,-0.07647357016,-0.07015434264,-0.01604644861,0.684335448,1.739189511,0.9910230992,-1.692745907,-3.943448418
10.77500000,-0.2273132063,-0.2335559886,-0.06904876302,-0.08352776436,-0.04802768094,0.4858066162,2.176434298,0.7776429887,-1.509170456,-3.722364733
10.78333333,-0.2239433679,-0.2138010377,-0.06373080736,-0.09518147665,-0.07791806515,0.3311246829,2.55280053,0.4864988727,-1.280967003,-3.440651762
10.79166667,-0.2216553467,-0.1912192928,-0.06112529348,-0.1047892223,-0.1051843123,0.2262683906,2.853720663,0.1292640056,-1.021378191,-3.091470311
10.80000000,-0.2200395117,-0.166466635,-0.06168865175,-0.1121936464,-0.1292358963,0.1688809042,3.073112205,-0.2682117016,-0.7579196511,-2.668125483
10.80833333,-0.218728445,-0.1402397173,-0.0655870481,-0.1175194841,-0.1494347726,0.1518958483,3.206340837,-0.6625632337,-0.5296448189,-2.166327734
10.81666667,-0.2174174584,-0.1132941341,-0.07257566645,-0.1212209716,-0.1651269668,0.1675125597,3.243103739,-1.000619016,-0.3729286962,-1.587507716
10.82500000,-0.2158676681,-0.08651296186,-0.08195026496,-0.1239855793,-0.1757129494,0.2079167645,3.16216956,-1.2255656,-0.3055306888,-0.9441110051
10.83333333,-0.2139020551,-0.06102268895,-0.09253149089,-0.1265223425,-0.1807607067,0.266245227,2.925437481,-1.280629423,-0.3132573422,-0.2643447363
10.84166667,-0.2113978155,-0.03834226536,-0.1026558693,-0.129310138,-0.1801242193,0.3355763041,2.478073931,-1.106293149,-0.357801115,0.4134200319
10.85000000,-0.2083122854,-0.02044456859,-0.1101958346,-0.1324499055,-0.1739867537,0.4046108852,1.771540098,-0.6556935178,-0.3893928313,1.049557691
10.85833333,-0.204660486,-0.009525818247,-0.1128757272,-0.1356356135,-0.1628291033,0.4714190936,0.8152710985,0.04440010057,-0.3620752869,1.614913563
10.86666667,-0.2004625022,-0.007141725479,-0.109232177,-0.1382223765,-0.1473046367,0.5356351428,-0.2400093638,0.8214364619,-0.2408378081,2.096832185
10.87500000,-0.1957414172,-0.01315936095,-0.09967125976,-0.1393287458,-0.1281105159,0.5969056179,-1.167711065,1.427535485,-0.004079823831,2.496622111
10.88333333,-0.1905231996,-0.02589216415,-0.08633075996,-0.1379373316,-0.1058992137,0.6548918671,-1.844207092,1.718207625,0.359134331,2.82281941
10.89166667,-0.1848517685,-0.04320641288,-0.07190920152,-0.1330122885,-0.08123563226,0.7032884615,-2.273423062,1.696250163,0.8407090896,3.087119624
10.90000000,-0.1788587114,-0.06323961401,-0.05869605933,-0.1236943893,-0.05458778657,0.730950939,-2.506601321,1.445595104,1.404978226,3.300706769
10.90833333,-0.1727465488,-0.0845802576,-0.04814544297,-0.109539342,-0.02634009043,0.7306104306,-2.593955129,1.076130448,1.98915198,3.47251412
10.91666667,-0.166784536,-0.1061544223,-0.04080323999,-0.09068241986,0.003189057725,0.6932991368,-2.566337407,0.6903912099,2.522910059,3.609034147
10.92500000,-0.1613234264,-0.1270740504,-0.03648959768,-0.0677756151,0.03372772969,0.6085247242,-2.438287066,0.3572216019,2.955361917,3.715536878
10.93333333,-0.1568054461,-0.1465271442,-0.03462372098,-0.04175739548,0.06503912978,0.4651355754,-2.214587956,0.10458368,3.269282055,3.794813978
10.94166667,-0.1537584683,-0.1637223694,-0.03452532998,-0.01359669422,0.09690338505,0.2546340386,-1.897071218,-0.06850379261,3.472025667,3.848439746
10.95000000,-0.1527487149,-0.1779029252,-0.03558352391,0.01585058116,0.1291118651,-0.02275072515,-1.493024004,-0.1757803625,3.581296284,3.877631987
10.95833333,-0.154289317,-0.188416091,-0.0373137707,0.04588347498,0.1614659788,-0.353797849,-1.021326566,-0.23221683,3.615553522,3.883520447
10.96666667,-0.1587147849,-0.1948261184,-0.03934807974,0.07594500682,0.1937737017,-0.7095036636,-0.5143384495,-0.2505663684,3.590486341,3.866527219
10.97500000,-0.166077171,-0.1970029959,-0.04141046988,0.1055953869,0.2258448506,-1.05214609,-0.01227367119,-0.2401520633,3.518602969,3.826775808
10.98333333,-0.1761193157,-0.1951460107,-0.04328987648,0.1344861432,0.2574908287,-1.347693318,0.4484096407,-0.208728952,3.410760792,3.764536935
10.99166667,-0.1883475061,-0.1897125334,-0.0448734272,0.1623921503,0.2885256202,-1.574728779,0.8435199331,-0.1703913715,3.28398111,3.680152169
11.00000000,-0.2021554243,-0.1812970447,-0.04611196376,0.1891758465,0.3187660324,-1.726785123,1.163522269,-0.1256448313,3.141579787,3.573951133
11.00833333,-0.2169324047,-0.1705276491,-0.04694210663,0.2147110029,0.3480325464,-1.808790823,1.409156822,-0.07186970155,2.984493364,3.446541936
11.01666667,-0.2321350988,-0.1579992367,-0.04728008413,0.2388794457,0.3761517624,-1.830836125,1.587167795,-0.007398483146,2.813747803,3.298743815
11.02500000,-0.247310753,-0.1442426357,-0.04702881546,0.2615719631,0.4029571628,-1.803996439,1.704865238,0.07008599395,2.630449711,3.131365362
11.03333333,-0.2620930774,-0.1297326468,-0.04607211088,0.2826883191,0.4282896524,-1.738002309,1.769101758,0.1621223019,2.435638661,2.945448477
11.04166667,-0.2761908893,-0.1148938468,-0.0442800489,0.302135906,0.4520008014,-1.640915782,1.784636119,0.2707238766,2.230040389,2.742514301
11.05000000,-0.2893840577,-0.1001001071,-0.04151229812,0.3198284219,0.4739544602,-1.523893105,1.76079045,0.3965942466,2.014630219,2.523841881
11.05833333,-0.3015663879,-0.08562693397,-0.03762285432,0.3356891172,0.4940246892,-1.398559813,1.70809334,0.5395587677,1.79059201,2.290719352
11.06666667,-0.3126723468,-0.07171191716,-0.03247363955,0.3496505291,0.5120968336,-1.26566456,1.62692457,0.6987501797,1.558974144,2.044535482
11.07500000,-0.3226417834,-0.05858141538,-0.02594266016,0.3616543791,0.5280676891,-1.125925192,1.520597115,0.8703111128,1.321000205,1.786625663
11.08333333,-0.3314209644,-0.04642844287,-0.01794545781,0.371653027,0.5418452331,-0.9801377147,1.392970933,1.049921299,1.077922947,1.518386237
11.09166667,-0.3389628045,-0.03540766334,-0.00843930992,0.3796086938,0.5533495424,-0.8290857286,1.250079863,1.231189258,0.8308701327,1.241296922
11.10000000,-0.3452265876,-0.02561549574,0.002557292936,0.3854931238,0.5625130689,-0.6735455997,1.099375004,1.406311194,0.5810315851,0.9568471902
11.10833333,-0.3501784937,-0.01708528999,0.01496028093,0.3892883245,0.5692806233,-0.5143803293,0.9484648751,1.5674309,0.3296725685,0.6665016086
11.11666667,-0.3537919531,-0.009789327571,0.02862277628,0.3909869651,0.5736091323,-0.3524649371,0.8039514289,1.707776763,0.07806051757,0.3717298236
11.12500000,-0.3560477206,-0.003656597126,0.04335354996,0.3905910172,0.5754690476,-0.1886817742,0.6701056455,1.822995527,-0.1729980352,0.0744645117
11.13333333,-0.3569339246,0.001421028002,0.05892398149,0.3881068578,0.574849256,-0.02391777433,0.551027429,1.909005053,-0.4228988645,-0.2231508453
11.14166667,-0.3564460958,0.005570392808,0.07508732201,0.3835495533,0.5717529525,0.1409376225,0.4476444021,1.965002838,-0.670333665,-0.5196553696
11.15000000,-0.3545871893,0.008926525739,0.09159015722,0.3769451176,0.5661954685,0.3049921407,0.3603459953,1.990843307,-0.9139984122,-0.8135912089
11.15833333,-0.3513675911,0.01161980056,0.1081865557,0.3683300177,0.5582042824,0.4673557484,0.2885050728,1.987596522,-1.152697049,-1.10350105
11.16666667,-0.3468050785,0.01377247696,0.1246427569,0.3577507187,0.5478190132,0.6271450941,0.2304075135,1.957478824,-1.385197549,-1.3879286
11.17500000,-0.3409247509,0.01549493977,0.1407414257,0.345263939,0.5350914069,0.7834867972,0.1848001387,1.902373857,-1.610317356,-1.665420157
11.18333333,-0.3337589321,0.01688265028,0.1562863676,0.3309356508,0.5200851684,0.935521002,0.1500128744,1.82476418,-1.826954057,-1.93457401
11.19166667,-0.3253470147,0.01801984677,0.171088425,0.3148521979,0.5028755328,1.082421603,0.1242801283,1.722040856,-2.028829114,-2.193998912
11.20000000,-0.3157348949,0.01897614966,0.1848803622,0.2972074578,0.4835494707,1.223442178,0.1063368347,1.581248646,-2.200020128,-2.442282102
11.20833333,-0.3049748095,0.01979663444,0.1973329948,0.2782964457,0.4622056587,1.357804519,0.09057650212,1.400413309,-2.33111688,-2.678030775
11.21666667,-0.2931254225,0.02048585842,0.2080897194,0.258498215,0.4389539392,1.484750945,0.07485185275,1.172400499,-2.410776032,-2.899977675
11.22500000,-0.2802515595,0.02104452435,0.2167094736,0.2382980491,0.4139145923,1.603570388,0.05924904496,0.8854360253,-2.425112173,-3.106843869
11.23333333,-0.2664234367,0.02147363538,0.2226471919,0.2183036419,0.387218599,1.713675132,0.04375924152,0.5264809512,-2.358763704,-3.297359402
11.24166667,-0.2517162447,0.0217742881,0.225256223,0.1992371201,0.3590144605,1.814443995,0.02842840487,0.08568605487,-2.20189026,-3.467870105
11.25000000,-0.2362102909,0.02194801951,0.2238437797,0.1818589927,0.3294876579,1.905283158,0.0133049338,-0.437653216,-1.9545793,-3.614305227
11.25833333,-0.2199905081,0.02199660224,0.2177790485,0.1668634427,0.2988515397,1.98569811,-0.001622766572,-1.026324308,-1.635087921,-3.733369987
11.26666667,-0.2031454028,0.02192136443,0.2066626764,0.1546887784,0.2673567733,2.05528502,-0.01640864572,-1.641932062,-1.286514063,-3.819502523
11.27500000,-0.1857670305,0.02172359208,0.190479806,0.1453431545,0.2353031612,2.113615932,-0.03102606399,-2.233693153,-0.9660368582,-3.866116343
11.28333333,-0.1679507568,0.02139894116,0.1696347135,0.1383578886,0.2030575124,2.16032617,-0.04851911328,-2.753167612,-0.7276095458,-3.863807938
11.29166667,-0.1497946033,0.02087664666,0.1448937808,0.1328911602,0.1710758794,2.195160203,-0.07965927031,-3.165344817,-0.6056837833,-3.800414668
11.30000000,-0.1314012114,0.02001743249,0.1172078589,0.1278927611,0.1399289767,2.216046268,-0.1294581608,-3.459482341,-0.6168410966,-3.660612949
11.30833333,-0.1129269736,0.01867060058,0.08756254962,0.1222247691,0.1103259478,2.213592061,-0.1974461607,-3.636016286,-0.7664222182,-3.427341392
11.31666667,-0.09458469985,0.0166543633,0.05692717461,0.1147461135,0.08310053189,2.183769173,-0.2918417941,-3.697261279,-1.049899602,-3.088751169
11.32500000,-0.07661782426,0.01370162513,0.02626457408,0.104400888,0.05913550292,2.122678064,-0.4242113067,-3.641897719,-1.449932645,-2.647064566
11.33333333,-0.05930803466,0.009442023886,-0.003429614541,0.09036155877,0.03919796174,2.025038731,-0.6074573974,-3.463552958,-1.927980012,-2.129029846
11.34166667,-0.04298913865,0.003410242763,-0.03110211296,0.07222369501,0.02371777996,1.883460768,-0.8502368817,-3.156218414,-2.42210148,-1.587298373
11.35000000,-0.02806906364,-0.004879338334,-0.05568208904,0.0501344729,0.01264306416,1.687141315,-1.146446368,-2.723325759,-2.866188139,-1.080671843
11.35833333,-0.01506349909,-0.01575617709,-0.07621180223,0.02472900332,0.005493344109,1.420977737,-1.462913083,-2.190711657,-3.212205239,-0.6498275509
11.36666667,-0.004640058857,-0.02913226721,-0.09206302314,-0.003071145342,0.001564457218,1.063485876,-1.732955245,-1.611028246,-3.439522677,-0.3078302775
11.37500000,0.002338510482,-0.04428087721,-0.1031160348,-0.03225943542,0.0001345498239,0.590192244,-1.875138713,-1.050042804,-3.545836727,-0.04780320772
11.38333333,0.004822116887,-0.05984688229,-0.1097761853,-0.06184530611,0.0005837299893,-0.0166486959,-1.825892695,-0.5648477376,-3.53566653,0.1460112839
11.39166667,0.001714997185,-0.07414696733,-0.1128446714,-0.09086556053,0.002428810875,-0.745987091,-1.575763941,-0.1923753269,-3.409592226,0.2896719111
11.40000000,-0.007781666541,-0.08572477615,-0.1133504851,-0.1183336763,0.00531048498,-1.535517111,-1.188693021,0.04762857598,-3.161245413,0.3967328896
11.40833333,-0.02376908101,-0.09388570258,-0.1124543814,-0.1431768942,0.008967238439,-2.286688416,-0.7750064112,0.1422326405,-2.777212711,0.4771380822
11.41666667,-0.04554143126,-0.09885363922,-0.1114043152,-0.1642105195,0.01321273531,-2.91330022,-0.4352686911,0.08405177415,-2.246781849,0.5403703306
11.42500000,-0.07187635909,-0.1014815141,-0.1114609496,-0.180243272,0.01796333824,-3.380188401,-0.2170240807,-0.1196175195,-1.579905122,0.5992179542
11.43333333,-0.1014585542,-0.1028210169,-0.1136815463,-0.1902544383,0.02319003746,-3.696502498,-0.1244391228,-0.4241777352,-0.8105989647,0.6545883993
11.44166667,-0.1331406505,-0.103866283,-0.1185743212,-0.1936681349,0.0288627948,-3.889149181,-0.1434091805,-0.744373595,-0.01084615314,0.7062340568
11.45000000,-0.166012854,-0.1054696252,-0.1258633089,-0.1905869077,0.0349496699,-3.986472868,-0.2551861964,-0.985170115,0.7354179092,0.753943836
11.45833333,-0.1993814255,-0.1083250089,-0.1345978307,-0.1817232603,0.04141707006,-4.011449904,-0.4412237987,-1.085047292,1.370925572,0.7975300835
11.46666667,-0.2327147119,-0.1129815075,-0.1435151776,-0.1680963227,0.04822989529,-3.980208975,-0.6839310973,-1.030971566,1.87866446,0.8368158127
11.47500000,-0.2655948211,-0.1198138244,-0.1514255407,-0.1507387871,0.05535136891,-3.904262634,-0.9590875225,-0.8497288896,2.269306441,0.8715609166
11.48333333,-0.2976844265,-0.1289807473,-0.1574410701,-0.1305445631,0.06274273013,-3.791634897,-1.23953839,-0.5836999136,2.56291787,0.9015617046
11.49166667,-0.3287209739,-0.1403912582,-0.1610441444,-0.1082367785,0.07036379116,-3.653819097,-1.491527383,-0.2779452488,2.779621059,0.9266649458
11.50000000,-0.3585271508,-0.1536978837,-0.1620628737,-0.08438531864,0.07817316879,-3.496492825,-1.692304443,0.03166893871,2.935692533,0.9467371351
11.50833333,-0.3869444413,-0.1684265596,-0.1605707196,-0.05945723557,0.08614177798,-3.320641457,-1.831937985,0.3218456381,3.037903916,0.9666119799
11.51666667,-0.4138224898,-0.1840549575,-0.1567862586,-0.03389660867,0.09429909722,-3.127272808,-1.908584174,0.5807351943,3.088379143,0.9922937179
11.52500000,-0.4390201378,-0.200073332,-0.1509884366,-0.008118526211,0.1027034344,-2.917521549,-1.926704555,0.8051583565,3.090557968,1.026191198
11.53333333,-0.4624057082,-0.2160244273,-0.1434597864,0.01748487673,0.1114315977,-2.692599545,-1.893746371,0.9965699559,3.046576919,1.070525467
11.54166667,-0.4838581059,-0.2315168273,-0.1344687874,0.0425420633,0.1205790737,-2.453761028,-1.817829791,1.155222432,2.960960081,1.127213867
11.55000000,-0.5032668027,-0.2462233606,-0.1242976917,0.06673285458,0.1302569712,-2.202351113,-1.706331768,1.280724212,2.838685308,1.197880042
11.55833333,-0.5205329046,-0.259875899,-0.1132001982,0.08974962385,0.1405857443,-1.939756726,-1.565898665,1.378357688,2.679378642,1.283315545
11.56666667,-0.5355688467,-0.2722573723,-0.1013899884,0.111290225,0.1516840981,-1.667359011,-1.40235176,1.452658782,2.48455208,1.382525273
11.57500000,-0.5482991137,-0.2832203562,-0.08902079445,0.1310707537,0.1636570214,-1.38664264,-1.227670365,1.514547636,2.258011141,1.492263632
11.58333333,-0.5586605599,-0.2927015256,-0.07617136765,0.1488497096,0.1765723059,-1.099082069,-1.046867002,1.567855807,2.005091035,1.607904981
11.59166667,-0.566602141,-0.3006535947,-0.06291468355,0.16443747,0.190452284,-0.8061225125,-0.8608172974,1.612223608,1.733651823,1.722403687
11.60000000,-0.5720851179,-0.3070361359,-0.04932675063,0.1777180917,0.2052526579,-0.5092686911,-0.6703266247,1.64732089,1.452910286,1.827414121
11.60833333,-0.5750833259,-0.3118158643,-0.03548540957,0.1886518809,0.2208601723,-0.2100292101,-0.4762937158,1.673025626,1.171886793,1.914799812
11.61666667,-0.575583162,-0.3149670659,-0.02146941261,0.1972712934,0.2370974178,0.09008964299,-0.2796336459,1.689220599,0.898416158,1.9777824
11.62500000,-0.5735835838,-0.3164716983,-0.007358354725,0.203660121,0.2537450908,0.3895773395,-0.08127222751,1.695834107,0.637490179,2.012571435
11.63333333,-0.5690961806,-0.3163194732,0.006767863502,0.2079438607,0.2705527823,0.6869143926,0.1178555,1.692864781,0.3934293619,2.016182604
11.64166667,-0.5621451009,-0.3145080284,0.02082962615,0.2102697542,0.2872598928,0.9806211292,0.316769337,1.680382253,0.1680482036,1.988240375
11.65000000,-0.5527666288,-0.3110433723,0.03474818982,0.2107962903,0.3036069295,1.269239641,0.5144635761,1.658525951,-0.03845422343,1.930060323
11.65833333,-0.5410093885,-0.3059397326,0.04844625434,0.2096799235,0.3193492893,1.551276933,0.7099628675,1.627428776,-0.2265036151,1.843708601
11.66666667,-0.5269343803,-0.2992195062,0.06182872014,0.2070894031,0.33426295,1.82527347,0.9022669125,1.58124039,-0.3908133944,1.731585559
11.67500000,-0.5106142544,-0.2909138357,0.07474747092,0.2032396034,0.3481462939,2.089870795,1.090304049,1.515855615,-0.5284836184,1.59678573
11.68333333,-0.4921333049,-0.281062086,0.08703257915,0.1983585924,0.3608220587,2.34363529,1.273176409,1.428919659,-0.6383216018,1.442346337
11.69166667,-0.4715873206,-0.2697115251,0.09849642376,0.1926810425,0.3721399907,2.585271921,1.449835024,1.318244149,-0.7201849041,1.272274782
11.70000000,-0.4490828485,-0.2569181827,0.1089326676,0.186419383,0.3820073597,2.81344463,1.61928772,1.181864199,-0.7783722179,1.094855527
11.70833333,-0.4247373104,-0.2427461409,0.1181177401,0.1797804686,0.3903713558,3.026940815,1.780565962,1.017733703,-0.810304703,0.9116062178
11.71666667,-0.398678022,-0.2272672373,0.1258130675,0.1729951126,0.3971872505,3.224534455,1.932787267,0.8243086908,-0.8133098157,0.723480784
11.72500000,-0.3710475704,-0.2105556165,0.1317726833,0.1663109679,0.4024186675,3.402952724,2.077155488,0.6012510344,-0.7859159947,0.5315032195
11.73333333,-0.3420284726,-0.192661893,0.13575679,0.1599786099,0.4060377981,3.557536196,2.216473529,0.3504102518,-0.7289471686,0.3366988932
11.74166667,-0.3118248027,-0.1736300413,0.1375481918,0.1542342936,0.4080252039,3.687073064,2.350188175,0.07628809424,-0.6459040998,0.1400601145
11.75000000,-0.2806531599,-0.1535060238,0.1369816823,0.1492704449,0.4083699819,3.789406221,2.478769794,-0.214291325,-0.5426880961,-0.05735307665
11.75833333,-0.2487473288,-0.1323319733,0.1339583336,0.1452204636,0.4070701544,3.863214234,2.602022701,-0.5114562188,-0.4283404976,-0.2544654618
11.76666667,-0.2163476446,-0.110155187,0.1284709878,0.1421325055,0.4041327218,3.907586286,2.719581018,-0.8037327037,-0.3136057863,-0.4501989044
11.77500000,-0.183707157,-0.08701997487,0.1206081035,0.1399650988,0.3995736515,3.920973238,2.831909606,-1.079769531,-0.2090932499,-0.6434802874
11.78333333,-0.1510828496,-0.06297503914,0.1105421579,0.1385992086,0.3934178158,3.903794522,2.93769522,-1.331427711,-0.1221452234,-0.8332484615
11.79166667,-0.1187305136,-0.03808698194,0.09851554343,0.1378631371,0.3856986761,3.855615362,3.031295398,-1.546471328,-0.05868443422,-1.018512782
11.80000000,-0.08690617515,-0.01255135544,0.08493650459,0.1375514766,0.3764578753,3.777353628,3.09002254,-1.700857985,-0.02053502266,-1.198279619
11.80833333,-0.05585336832,0.0132661957,0.07038212997,0.1374522223,0.3657453854,3.670736246,3.095305691,-1.777500964,-0.00726054488,-1.371554217
11.81666667,-0.02580367717,0.03881700075,0.05559423326,0.1373665419,0.3536193634,3.536635343,3.020645294,-1.752033311,-0.01662072533,-1.537374527
11.82500000,0.003016755131,0.06327683681,0.04156792601,0.1371226592,0.3401454633,3.375915208,2.825461468,-1.58710882,-0.04472085857,-1.694910077
11.83333333,0.03038895044,0.08542493931,0.02966894096,0.1365830541,0.3253962859,3.188988008,2.456362796,-1.232331146,-0.08675456219,-1.843294377
11.84166667,0.05608966162,0.1035972822,0.02169320267,0.1356499137,0.3094516831,2.974144517,1.866441813,-0.6403447491,-0.1383164573,-1.981684263
11.85000000,0.07986184909,0.1159509859,0.01963291294,0.1342679305,0.292399246,2.724778765,1.071619016,0.176237694,-0.1941077352,-2.10830181
11.85833333,0.1013795883,0.1212591544,0.02489317277,0.1323995858,0.2743696356,2.430620761,0.2086263513,1.08432874,-0.2546202662,-2.21524502
11.86666667,0.1202014319,0.1198289285,0.0373829166,0.1300298472,0.2555410345,2.074620128,-0.5127993892,1.879765875,-0.3134040687,-2.299508351
11.87500000,0.1357249583,0.1135071137,0.05554037415,0.1272015748,0.2361147878,1.635471282,-0.9525815435,2.433664186,-0.3628556245,-2.358403236
11.88333333,0.147173919,0.1048088885,0.0772276204,0.1240352416,0.2163142787,1.094041951,-1.086158901,2.731094622,-0.3927447856,-2.388771061
11.89166667,0.1536571933,0.09614079324,0.1004452918,0.1207483659,0.1963897239,0.4448987853,-0.9556495957,2.807743233,-0.3894317862,-2.387426717
11.90000000,0.1543558685,0.08940850446,0.1235059345,0.1176828187,0.1766211702,-0.286749574,-0.636402102,2.697587115,-0.3366844884,-2.350649136
11.90833333,0.1488166303,0.08578336229,0.1449431881,0.1153175016,0.1573237074,-1.03961702,-0.2278448038,2.42053098,-0.2190433066,-2.273497564
11.91666667,0.137184779,0.08557180303,0.1634201171,0.1142363294,0.1388594851,-1.737159898,0.1677230935,1.989442149,-0.02840823386,-2.149414715
11.92500000,0.1201732982,0.08834193842,0.177731206,0.1150160706,0.1216549717,-2.324565139,0.4797201102,1.425952026,0.2229485768,-1.969390925
11.93333333,0.09880019692,0.09325862325,0.1869374547,0.1180015112,0.1062236466,-2.783783997,0.6813922158,0.773887839,0.4908888246,-1.721664639
11.94166667,0.07410546285,0.09940151052,0.190568573,0.1230410918,0.09318834543,-3.12477709,0.7762438061,0.09978465181,0.7026541107,-1.391979444
11.95000000,0.04699113294,0.1059427903,0.1887290672,0.1293490607,0.0832857026,-3.368270018,0.7797424742,-0.5287428748,0.7847310725,-0.9683826989
11.95833333,0.01817901122,0.1121871389,0.1820152406,0.1356409654,0.07731525584,-3.535421825,0.7074244737,-1.064912268,0.6962340774,-0.4497947343
11.96666667,-0.01176773612,0.117552739,0.1712956792,0.1405070087,0.0759890377,-3.642996257,0.5699694383,-1.488428454,0.4489921151,0.1396834227
11.97500000,-0.04240535541,0.1215204212,0.1575259464,0.142843875,0.07969765673,-3.702961206,0.3723719588,-1.797352509,0.1017491591,0.7479244726
11.98333333,-0.07340081303,0.1236207595,0.1416461487,0.1421442198,0.0883223532,-3.732513851,0.1242676743,-1.995891948,-0.2671340271,1.309272855
11.99166667,-0.1045565852,0.1234590506,0.1245549011,0.1385092784,0.1012461056,-3.741431808,-0.1714230434,-2.089075431,-0.5946010015,1.773696483
12.00000000,-0.1357008107,0.1206195582,0.1071063162,0.1324399295,0.1175555672,-3.729755231,-0.5185026924,-2.08299333,-0.8488154934,2.121055552
12.00833333,-0.1666621733,0.114680589,0.09008533479,0.124580896,0.1362853339,-3.697574058,-0.9140946064,-1.988523259,-1.02511209,2.356772921
12.01666667,-0.1972709549,0.1052812074,0.07416117746,0.1155477737,0.1565711808,-3.645204916,-1.346175461,-1.823765833,-1.132304708,2.497701155
12.02500000,-0.2273604519,0.09220806259,0.05980525674,0.1058643592,0.1777052049,-3.572995134,-1.791218558,-1.617330626,-1.183473585,2.563416876
12.03333333,-0.2567670944,0.07547070622,0.04723285447,0.09594423818,0.1991331016,-3.481417226,-2.220732823,-1.401095281,-1.190892283,2.570720872
12.04166667,-0.2853315905,0.05531834975,0.03639346258,0.08611352061,0.2204233994,-3.370972059,-2.606463252,-1.206158313,-1.163266598,2.532224039
12.05000000,-0.3128994176,0.03220500632,0.02701247261,0.07663570363,0.2412360361,-3.242313354,-2.929108781,-1.05354446,-1.107165837,2.457450687
12.05833333,-0.3393215259,0.006699001857,0.01869128256,0.06770526623,0.2613197213,-3.096145722,-3.180228472,-0.9522601973,-1.03487464,2.360447944
12.06666667,-0.3644553735,-0.02060152266,0.01100145243,0.05940864204,0.2805412766,-2.933273294,-3.360537476,-0.9011257917,-0.9551145194,2.250648319
12.07500000,-0.3881657649,-0.04912887811,0.003552505673,0.05180509215,0.2987968788,-2.754672097,-3.475856189,-0.8929921751,-0.8687494246,2.128726351
12.08333333,-0.4103256939,-0.07837447844,-0.003973327656,0.04494342441,0.315988021,-2.561361222,-3.534166941,-0.9179409154,-0.7774023414,1.995289581
12.09166667,-0.4308175766,-0.1078953506,-0.01180944763,0.03885554565,0.3320218819,-2.354526188,-3.543148305,-0.9658060815,-0.6834934062,1.851118017
12.10000000,-0.4495335515,-0.1373095814,-0.02010789734,0.03355247763,0.346812309,-2.13536538,-3.509583614,-1.027601133,-0.5893419747,1.696982677
12.10833333,-0.4663765155,-0.1662866996,-0.02895282946,0.0290277737,0.3602795004,-1.90523083,-3.439102565,-1.095710955,-0.4971401244,1.533695298
12.11666667,-0.4812607186,-0.1945379491,-0.03836839962,0.02525371714,0.3723510842,-1.665490769,-3.336161548,-1.163403007,-0.4096470809,1.36219453
12.12500000,-0.4941117837,-0.2218110567,-0.04832431991,0.02218001693,0.3829623469,-1.417506785,-3.205748608,-1.223712633,-0.3294446911,1.183361939
12.13333333,-0.5048668338,-0.2479170233,-0.05871713657,0.01974082144,0.3920560844,-1.162683204,-3.05679291,-1.267702992,-0.2573316984,0.9981584969
12.14166667,-0.5134746767,-0.2727103271,-0.06940342,0.0178660213,0.3995834837,-0.9024026572,-2.890834999,-1.293950331,-0.1942554223,0.8076138595
12.15000000,-0.5198955163,-0.2960528659,-0.08023211746,0.01647558608,0.4055043828,-0.6380317855,-2.708773971,-1.302084215,-0.1409372241,0.6127738093
12.15833333,-0.5241009977,-0.3178144448,-0.09105800617,0.01549230492,0.4097873008,-0.3709456687,-2.511552334,-1.293312154,-0.09658999927,0.414666759
12.16666667,-0.5260741994,-0.3378728093,-0.1017404423,0.0148395727,0.4124093451,-0.1025029839,-2.30020724,-1.267807926,-0.06152444764,0.2143457832
12.17500000,-0.5258104743,-0.3561142264,-0.11214687,0.0144450748,0.4133566152,0.1649021464,-2.074879937,-1.227316687,-0.03445732693,0.01290339034
12.18333333,-0.5233553001,-0.3723952892,-0.1221561013,0.01424340407,0.4126243314,0.4223564756,-1.829043534,-1.172562957,-0.01525650623,-0.1885639331
12.19166667,-0.5188094427,-0.3865378755,-0.1316540122,0.0141716011,0.4102168739,0.6660152166,-1.561433617,-1.104978909,-0.002991525225,-0.3889546529
12.20000000,-0.5123014074,-0.3983580913,-0.140540698,0.01417681361,0.4061477988,0.8927915681,-1.271633545,-1.02598449,0.003254441645,-0.5871694413
12.20833333,-0.5039854,-0.4076685734,-0.1487242848,0.01420978329,0.4004397434,1.099572989,-0.9591953872,-0.9363975305,0.003747024784,-0.7821397144
12.21666667,-0.4940401623,-0.4142801027,-0.1561281348,0.01423222761,0.3931239998,1.283303367,-0.6238543014,-0.8397461586,0.001549052599,-0.9728392159
12.22500000,-0.4826656884,-0.4180058671,-0.1627076046,0.01423397676,0.3842405317,1.442054659,-0.2665538169,-0.7386134225,-0.001233142531,-1.158220228
12.23333333,-0.4700796498,-0.4186653415,-0.1684270368,0.01420983712,0.3738379668,1.574193738,0.1114555182,-0.633402963,-0.00467890957,-1.337252533
12.24166667,-0.4565051609,-0.4160965931,-0.1732541037,0.01415396389,0.3619733754,1.679282247,0.507745794,-0.5245165941,-0.008844859243,-1.508957085
12.25000000,-0.4421614943,-0.4101652382,-0.1771599977,0.01406058356,0.3487114426,1.759022839,0.9177965593,-0.4123974785,-0.01367749461,-1.672462992
12.25833333,-0.4272525381,-0.400775014,-0.180119887,0.01392414682,0.3341243399,1.815716191,1.336694523,-0.2975760853,-0.01917876017,-1.826845056
12.26666667,-0.4119487896,-0.3878840974,-0.1821136665,0.01373918773,0.3182917618,1.854704882,1.756621219,-0.180619666,-0.02529840424,-1.971255555
12.27500000,-0.3963737499,-0.3715180405,-0.1831258043,0.01350116465,0.3012998024,1.881843708,2.169326989,-0.06208568522,-0.03190443272,-2.104963859
12.28333333,-0.3806001444,-0.3517722391,-0.1831461099,0.01320621897,0.2832409642,1.903442238,2.566314634,0.05729675098,-0.03895090804,-2.227179437
12.29166667,-0.3646468179,-0.3288301183,-0.1821544938,0.01285122406,0.2642137926,1.926077087,2.932882594,0.1827632346,-0.04627935504,-2.337274371
12.30000000,-0.3484833119,-0.3030166902,-0.180062428,0.01243445828,0.244321766,1.954281821,3.253903145,0.3220529139,-0.05376524352,-2.43463677
12.30833333,-0.3320501068,-0.2747547798,-0.1767366331,0.0119549084,0.2236735655,1.991393209,3.518625369,0.4796794258,-0.06132363545,-2.518672564
12.31666667,-0.3152679882,-0.2445533177,-0.1720014435,0.01141277221,0.2023820264,2.037936861,3.717873688,0.6614457493,-0.06875851135,-2.588970241
12.32500000,-0.2980594311,-0.2129997911,-0.1656243302,0.01080954079,0.1805634479,2.093276972,3.841862687,0.8750121623,-0.07597457034,-2.645091735
12.33333333,-0.280361028,-0.1807587992,-0.157303936,0.01014165922,0.1583432167,2.155199164,3.881084126,1.129498451,-0.08593488971,-2.68365216
12.34166667,-0.2621307034,-0.1485734696,-0.1466613335,0.009342697488,0.1359139448,2.220491115,3.827101506,1.433137441,-0.107585975,-2.694388233
12.35000000,-0.2433515645,-0.1172491278,-0.133281584,0.008323970963,0.1135253658,2.286174533,3.674453506,1.786016454,-0.1383712807,-2.673335643
12.35833333,-0.224036059,-0.08759665446,-0.1167715366,0.007009248427,0.09145785754,2.348867488,3.427219047,2.182424481,-0.178486712,-2.616691347
12.36666667,-0.2042201174,-0.06034458603,-0.09684297113,0.005325938425,0.07002467072,2.405609787,3.102802814,2.601612179,-0.2265354765,-2.520430735
12.37500000,-0.183968547,-0.03601030083,-0.07344935409,0.003221729777,0.04957251193,2.453002018,2.733191681,3.006446432,-0.278427407,-2.380634934
12.38333333,-0.1633696449,-0.01480425166,-0.04691730515,0.0006993498289,0.030478348,2.488555464,2.358792266,3.345716432,-0.3246797886,-2.194083521
12.39166667,-0.1425319942,0.003383427507,-0.01801571122,-0.002123819266,0.01314060768,2.509940561,2.013343597,3.566540401,-0.3464991781,-1.958979694
12.40000000,-0.1215824304,0.0188887424,0.01205398187,-0.004920780066,-0.002035138229,2.515094217,1.71696575,3.617739516,-0.3116763773,-1.675354043
12.40833333,-0.1006637092,0.0321477712,0.04167219731,-0.007027970987,-0.01465217214,2.502215919,1.473915882,3.449766734,-0.1716777096,-1.345106958
12.41666667,-0.07993585557,0.04358855931,0.06880568324,-0.007324097833,-0.0243321485,2.468923112,1.27910339,3.014592654,0.132002607,-0.9706022943
12.42500000,-0.05957522387,0.05356873454,0.09111927303,-0.004280013666,-0.03070514934,2.413964625,1.121311738,2.295845144,0.6293625865,-0.5511404698
12.43333333,-0.03976678661,0.06234316348,0.1064814051,0.003530409929,-0.03337500324,2.335982155,0.9877030665,1.369390572,1.253703274,-0.08032860634
12.44166667,-0.02071031682,0.07006547648,0.1138764833,0.01645484595,-0.03186820691,2.233504907,0.8666557783,0.4192444159,1.820595398,0.4534154569
12.45000000,-0.002611992999,0.07678992033,0.1139280563,0.03318700914,-0.02561700632,2.105625195,0.746704038,-0.3700131959,2.145455772,1.058849107
12.45833333,0.01430999201,0.08248713138,0.1083749993,0.05137501559,-0.01404793936,1.951310639,0.6180765786,-0.9225201197,2.17296213,1.725501624
12.46666667,0.0298330773,0.08704171272,0.09917840389,0.06875556854,0.00319924928,1.769533788,0.4714522542,-1.250545869,1.969180842,2.411958339
12.47500000,0.04372578655,0.09027112096,0.08804355114,0.08387875806,0.02602219326,1.560046722,0.2988293728,-1.39441448,1.650736574,3.052313533
12.48333333,0.05575259996,0.09193964669,0.07634846279,0.09623402874,0.0537778419,1.32160142,0.09650167778,-1.390286821,1.318452912,3.588144094
12.49166667,0.06567280006,0.0917965373,0.06520225539,0.1059797364,0.08545263,1.054167084,-0.134970921,-1.267236378,1.030403773,3.991006148
12.50000000,0.07323883083,0.08963404759,0.05548367651,0.1135828961,0.1199291693,0.756845239,-0.3859832314,-1.052495348,0.8048586029,4.26267034
12.50833333,0.07820135302,0.08536140394,0.0478316251,0.1195581989,0.1561815481,0.4290645738,-0.6376621303,-0.7762073434,0.6380047181,4.420714953
12.51666667,0.0803093771,0.07907149273,0.04262392266,0.1243472734,0.1933528546,0.07201560992,-0.865598117,-0.4718909432,0.5182091527,4.486780292
12.52500000,0.07932484737,0.0710746632,0.03995290468,0.1282915975,0.2307590788,-0.3123220139,-1.043830186,-0.17224177,0.433351733,4.479893861
12.53333333,0.07504775453,0.06185133146,0.03967343407,0.1316408676,0.2678556758,-0.7170422663,-1.158076637,0.09850833965,0.3741959551,4.414584979
12.54166667,0.06734251617,0.05196481495,0.0414682212,0.134583472,0.3042033064,-1.132927011,-1.203845209,0.3240067168,0.3348357682,4.301723799
12.55000000,0.05617576949,0.04195025381,0.04493081806,0.1372370346,0.3394679648,-1.545094702,-1.191305091,0.4984443055,0.3020101913,4.158012167
12.55833333,0.04164857112,0.03222209483,0.04963456844,0.1396197405,0.3734418036,-1.936509522,-1.138513446,0.6223098338,0.2701731785,3.992082905
12.56666667,0.02399948141,0.02303484495,0.05517136883,0.1417492806,0.405943479,-2.292301789,-1.064358694,0.6990711275,0.2416759355,3.804858339
12.57500000,0.003577803992,0.01449408533,0.06116701012,0.1436625635,0.4367996863,-2.600332629,-0.9858416423,0.7333802416,0.2184989711,3.597346935
12.58333333,-0.01918846796,0.00658618627,0.06728986237,0.1454088173,0.4658458766,-2.854305849,-0.9138895946,0.7304521283,0.2017220285,3.370643135
12.59166667,-0.04383919016,-0.0007716538833,0.0732518167,0.1470438738,0.4929269998,-3.052693949,-0.8541641227,0.6953817435,0.1918528009,3.125933207
12.60000000,-0.06991755486,-0.007689901681,0.07880505773,0.1486254811,0.5178983056,-3.19751641,-0.808412854,0.6331934171,0.1888475234,2.864504267
12.60833333,-0.09699302644,-0.01427947872,0.08373839031,0.1502104796,0.5406261785,-3.292789146,-0.7750641749,0.5472604321,0.1927169321,2.587744116
12.61666667,-0.1246725316,-0.02063811407,0.08787256128,0.1518547646,0.5609889394,-3.343305558,-0.7524221593,0.4419967105,0.2028208728,2.297134017
12.62500000,-0.1526033109,-0.02684090412,0.09106150152,0.1536033503,0.5788776119,-3.353843086,-0.7373684676,0.3212386948,0.2174193384,1.994239127
12.63333333,-0.1804706862,-0.032944631,0.09319775451,0.155485063,0.594196642,-3.328705426,-0.7283252686,0.1900432418,0.2343955353,1.680695412
12.64166667,-0.2079937933,-0.03898907282,0.09421042071,0.1575099292,0.6068644394,-3.272042674,-0.7225424558,0.0522041169,0.2513653151,1.358229986
12.65000000,-0.2349481505,-0.04496929053,0.09406022859,0.1596675022,0.616813823,-3.194078301,-0.711396525,-0.08829630159,0.2658194478,1.028574106
12.65833333,-0.2611803007,-0.05082638832,0.09274424209,0.1619261809,0.6239924016,-3.098782657,-0.6932548771,-0.2269055483,0.2752110359,0.6935399465
12.66666667,-0.2865478991,-0.05650735382,0.09029285704,0.1642345843,0.628362888,-2.986704999,-0.6692866756,-0.3604472209,0.2775975419,0.3549304917
12.67500000,-0.3109140508,-0.06196785993,0.08675699372,0.1665303662,0.6299030204,-2.858534271,-0.6405438357,-0.4867064867,0.2718968437,0.01456078705
12.68333333,-0.3341473453,-0.06717298856,0.08220912077,0.1687390534,0.6286057776,-2.714964377,-0.6081626466,-0.6028820066,0.2564331338,-0.3257325049
12.69166667,-0.356123019,-0.07209669652,0.07674372578,0.1707734302,0.6244794914,-2.556827193,-0.5731961163,-0.7066796913,0.2300094322,-0.6641028917
12.70000000,-0.3767230127,-0.07672200367,0.07046670975,0.1725438127,0.6175477729,-2.384970874,-0.5366921193,-0.7975488823,0.1931202755,-0.9987355651
12.70833333,-0.3958370643,-0.08103984214,0.0634909514,0.1739619437,0.6078493294,-2.200344465,-0.4995693883,-0.8741341396,0.1453844727,-1.327813429
12.71666667,-0.4133626948,-0.08504885333,0.05593994513,0.1749368998,0.5954379795,-2.00393876,-0.4626924169,-0.935693379,0.08699667216,-1.649544935
12.72500000,-0.4292062955,-0.08875410998,0.04793669866,0.1753858737,0.5803820866,-1.796821781,-0.4267964589,-0.9825949173,0.01921140675,-1.962211028
12.73333333,-0.4432830076,-0.0921672957,0.03960617557,0.1752318744,0.5627643312,-1.580088298,-0.3928168132,-1.014035286,-0.0576421416,-2.264126081
12.74166667,-0.4555177619,-0.0953093977,0.03108014634,0.174402817,0.5426810599,-1.354943551,-0.3618328257,-1.02971035,-0.1424600649,-2.553670743
12.75000000,-0.4658452346,-0.09820744424,0.0224857841,0.1728400124,0.5202417667,-1.122546604,-0.3342945285,-1.030465233,-0.2335901932,-2.829315819
12.75833333,-0.4742102871,-0.1008911025,0.01394639533,0.1704949164,0.4955683886,-0.8841795795,-0.3103974018,-1.016589678,-0.3300285679,-3.089613104
12.76666667,-0.4805686075,-0.1033911439,0.005581852222,0.1673282148,0.4687945585,-0.6411495875,-0.2903277252,-0.9885163114,-0.4305525425,-3.333208982
12.77500000,-0.4848867405,-0.1057432236,-0.002490846521,0.1633135783,0.4400648074,-0.3947469701,-0.2749619921,-0.9470085067,-0.5328837893,-3.558837013
12.78333333,-0.4871420082,-0.1079864584,-0.01017088965,0.158449809,0.4095338257,-0.1462869466,-0.2641318798,-0.8944085522,-0.6341613255,-3.765322138
12.79166667,-0.4873228967,-0.1101565937,-0.01736876682,0.1527495975,0.3773657057,0.1028783536,-0.2573186769,-0.8314148447,-0.7334813431,-3.951578432
12.80000000,-0.4854291847,-0.1122845077,-0.02400117713,0.1462329449,0.343733216,0.3513897986,-0.2539378718,-0.7587899568,-0.8299673289,-4.116605194
12.80833333,-0.4814720046,-0.114398728,-0.02998880005,0.1389270887,0.308817113,0.5978858119,-0.2540041361,-0.6767343732,-0.9227622515,-4.259488596
12.81666667,-0.4754736471,-0.1165252222,-0.03525696306,0.1308517447,0.2728197719,0.8410570121,-0.2566958796,-0.5863610493,-1.017141801,-4.373368372
12.82500000,-0.46746728,-0.1186809555,-0.03974260001,0.1219380676,0.2360442234,1.079587334,-0.2608113717,-0.4892097088,-1.124761855,-4.445223019
12.83333333,-0.4574970815,-0.120872444,-0.04340220497,0.1120602224,0.1988676663,1.312157792,-0.265057862,-0.3890256938,-1.248874764,-4.468449807
12.84166667,-0.4456180608,-0.1230953878,-0.04622924291,0.1010650913,0.1617273815,1.537512051,-0.2681634715,-0.289881529,-1.393888427,-4.435164873
12.85000000,-0.4318951662,-0.125335421,-0.04824466288,0.08875326606,0.125128782,1.754481574,-0.2689611809,-0.1947341439,-1.566062527,-4.336906099
12.85833333,-0.4164033906,-0.1275685188,-0.04949648184,0.07487351511,0.08964924288,1.961857966,-0.2663366215,-0.1074866609,-1.770713335,-4.16536353
12.86666667,-0.3992270609,-0.129762543,-0.05007074019,0.05914332099,0.05592717151,2.158593458,-0.2594532624,-0.03272415876,-2.010236452,-3.914636471
12.87500000,-0.380459475,-0.1318789585,-0.05009314679,0.04128984262,0.02462123031,2.343596836,-0.2476348286,0.0237962136,-2.27834638,-3.586507197
12.88333333,-0.3602022716,-0.1338753136,-0.04974386487,0.02113935439,-0.003665498556,2.51593414,-0.2306075112,0.05502070079,-2.55716762,-3.193135605
12.89166667,-0.3385651138,-0.1357079887,-0.04927314467,-0.001274369217,-0.02847804971,2.674655733,-0.2084184874,0.05111209174,-2.815330048,-2.757235405
12.90000000,-0.3156647931,-0.1373362043,-0.0490269945,-0.02560576523,-0.04958565921,2.818935978,-0.1816584106,-0.001450858996,-3.009775826,-2.309085472
12.90833333,-0.291627746,-0.1387235238,-0.04947953771,-0.05113629587,-0.06700632636,2.94605846,-0.1495623868,-0.1197792157,-3.096330282,-1.875948661
12.91666667,-0.2666490578,-0.1397835726,-0.05126234184,-0.076805891,-0.08094182935,3.043177745,-0.1018681856,-0.3239045289,-3.037774453,-1.474752666
12.92500000,-0.24101017,-0.1403692713,-0.05516342112,-0.1012958599,-0.0916920935,3.103489105,-0.03540775072,-0.6299857565,-2.81095963,-1.111762031
12.93333333,-0.2150454171,-0.1403160717,-0.06204727035,-0.1231870178,-0.09957214533,3.120064882,0.05186872719,-1.037388005,-2.416884769,-0.7851056567
12.94166667,-0.1891520595,-0.1394424054,-0.0726431914,-0.1412142901,-0.1048595532,3.084945298,0.1617231194,-1.511937109,-1.892920419,-0.4884020557
12.95000000,-0.1637994298,-0.1375607012,-0.08722879632,-0.1545766413,-0.1077734021,2.988726784,0.2933686615,-1.980280859,-1.311461791,-0.2140837061
12.95833333,-0.1395360881,-0.1345043952,-0.1053840709,-0.1631372416,-0.1084746495,2.821983541,0.4423242062,-2.354508699,-0.7527584737,0.04347081323
12.96666667,-0.1169826391,-0.1301771712,-0.1260087082,-0.1673479049,-0.1070800246,2.577577539,0.5950740556,-2.56359525,-0.2737043313,0.2895775248
12.97500000,-0.09679961758,-0.1246475154,-0.1475358822,-0.1679713865,-0.103674067,2.253284271,0.7251683832,-2.566168747,0.1079164032,0.5263896307
12.98333333,-0.079634907,-0.1182731098,-0.1681376034,-0.1657970158,-0.09833083827,1.854762395,0.7892853189,-2.338198942,0.4005583548,0.7545357825
12.99166667,-0.06605704029,-0.1118281083,-0.1858163129,-0.1614904469,-0.09112356389,1.395355841,0.7327058351,-1.862457598,0.6230735622,0.9736297272
13.00000000,-0.05650098651,-0.1065149939,-0.1984898826,-0.1555510947,-0.08213016604,0.8923078576,0.5147258067,-1.14074898,0.7956168744,1.183121349
13.00833333,-0.05125855635,-0.1036419884,-0.2043032635,-0.1483185233,-0.07143490691,0.362660672,0.1584172424,-0.2322208171,0.9361490949,1.381795551
13.01666667,-0.0504937503,-0.1039653397,-0.2021999597,-0.1399937645,-0.05913511182,-0.1803788667,-0.2293271894,0.7332784218,1.060089744,1.567916841
13.02500000,-0.05426793592,-0.1071720175,-0.1923474787,-0.1306635704,-0.04534261338,-0.7243231903,-0.5144796304,1.605387215,1.17923522,1.739768948
13.03333333,-0.06251955301,-0.112047132,-0.1759777903,-0.1203257483,-0.03018289341,-1.251325672,-0.6257306101,2.28828109,1.30335836,1.895819906
13.04166667,-0.07500538305,-0.1171615554,-0.154789138,-0.1089083866,-0.0137908376,-1.735784271,-0.5802485753,2.763655869,1.439363031,2.035583683
13.05000000,-0.09126286425,-0.121444065,-0.1304314681,-0.09628421962,0.003697703944,-2.152981295,-0.4365852093,3.054404858,1.593796791,2.158874337
13.05833333,-0.1106552257,-0.1243252912,-0.104302886,-0.08228177811,0.02214348793,-2.486503456,-0.2517116726,3.193475164,1.770972503,2.265291591
13.06666667,-0.1324578747,-0.1256310936,-0.07754828126,-0.06670052179,0.04140579089,-2.731588572,-0.06317778707,3.209028602,1.972721842,2.354886519
13.07500000,-0.1559496484,-0.1254224942,-0.05109688456,-0.04933941809,0.06134626263,-2.893245689,0.1097610243,3.124648775,2.197095598,2.428171728
13.08333333,-0.1804740989,-0.1238663291,-0.02568905764,-0.03003731208,0.08183233988,-2.981377546,0.2598998028,2.961845254,2.437147696,2.486007651
13.09166667,-0.2054685274,-0.1211534099,-0.00188884864,-0.008713156959,0.1027404058,-3.007937138,0.3876822444,2.742656195,2.679707597,2.529687929
13.10000000,-0.2304638888,-0.1174624115,0.0199286148,0.01458462823,0.1239587393,-2.983208872,0.4951228256,2.489587506,2.907900363,2.560743826
13.10833333,-0.2550709817,-0.112950076,0.03956867325,0.03966333388,0.1453888776,-2.91606049,0.5850964696,2.223554708,3.10426459,2.580782147
13.11666667,-0.2789679047,-0.1077504217,0.05700180657,0.06618972321,0.1669452774,-2.814014794,0.6606763193,1.962235423,3.253353262,2.591271144
13.12500000,-0.3019173419,-0.1019573236,0.07232791299,0.09372927739,0.1885535153,-2.691386817,0.7289498298,1.720257418,3.346102706,2.593389353
13.13333333,-0.3237841576,-0.09561408538,0.0857429577,0.1217914914,0.2101474308,-2.554285512,0.7926006516,1.503847965,3.378524596,2.588007447
13.14166667,-0.3444506203,-0.08876163411,0.0974618048,0.1498700592,0.2316710769,-2.403452747,0.8511000417,1.312825568,3.350363742,2.576754031
13.15000000,-0.363805734,-0.08144468972,0.107686315,0.1774735496,0.2530776665,-2.239684458,0.9039898369,1.144593687,3.26545745,2.55984331
13.15833333,-0.381745275,-0.07371184262,0.1165919096,0.2041531127,0.2743176269,-2.063880976,0.9508620058,0.9955657768,3.129764796,2.536649586
13.16666667,-0.3981727667,-0.06561488196,0.1243239224,0.2295088583,0.2953379816,-1.876941375,0.9913096148,0.8623367155,2.948688261,2.507127981
13.17500000,-0.4129995858,-0.05720859324,0.1309994578,0.2531899808,0.3160819046,-1.679902199,1.025067653,0.7416141482,2.728958747,2.469968447
13.18333333,-0.4261458577,-0.04854973352,0.136709672,0.2749055977,0.3364769718,-1.473777454,1.051886956,0.6303089605,2.478080065,2.42303053
13.19166667,-0.437540441,-0.03969673921,0.1415255552,0.2944229596,0.356432283,-1.259696675,1.071654106,0.5264917163,2.20264996,2.364046194
13.20000000,-0.4471219698,-0.03070850378,0.1455002258,0.3115665742,0.3758380136,-1.038828553,1.084335277,0.4283252783,1.909268508,2.290764469
13.20833333,-0.4548385907,-0.02164416602,0.1486694343,0.3262179071,0.394566089,-0.8123256896,1.089934859,0.3319901945,1.60646565,2.201074956
13.21666667,-0.4606485767,-0.01256222184,0.1510292476,0.3383367622,0.4124718447,-0.5814475201,1.088588739,0.2341602598,1.302130841,2.093125538
13.22500000,-0.4645207627,-0.003523414659,0.1525729967,0.3479249185,0.4293981256,-0.3474663678,1.078871029,0.1369618824,0.9994484751,1.966044105
13.23333333,-0.4664346146,0.005387153488,0.1533242616,0.3550054252,0.4451861718,-0.1116607449,1.05774955,0.04415171877,0.7007921432,1.819859664
13.24166667,-0.4663802669,0.01407382645,0.153323449,0.3596239612,0.4596749265,0.1246876914,1.02514303,-0.04340990722,0.4089823373,1.654222043
13.25000000,-0.464358554,0.02244058677,0.1526180039,0.3618434732,0.4727067332,0.3602917701,0.980797196,-0.1246468385,0.1251382212,1.470495036
13.25833333,-0.4603810535,0.03038508489,0.1512686949,0.361736437,0.4841352041,0.5938622494,0.9237873582,-0.1977792866,-0.149054535,1.269508568
13.26666667,-0.4544700633,0.03780282441,0.1493456901,0.3593883317,0.4938219766,0.8241162209,0.8544568871,-0.2622663362,-0.4127850871,1.052972081
13.27500000,-0.4466585321,0.04459013616,0.146925773,0.3548877101,0.5016465708,1.049781079,0.7722758548,-0.3166790554,-0.665374938,0.8227227201
13.28333333,-0.4369899459,0.05063842593,0.1440981744,0.3483324461,0.507500146,1.269608102,0.6772611833,-0.3601318999,-0.9059655344,0.5804078633
13.29166667,-0.4255177463,0.05584446966,0.1409540431,0.3398215493,0.511293468,1.482461214,0.5700960563,-0.392467397,-1.134543057,0.3284897051
13.30000000,-0.4123048879,0.06010546513,0.1375911569,0.3294590827,0.5129527863,1.687168917,0.4506069857,-0.4126432445,-1.350683283,0.06898930268
13.30833333,-0.3974240016,0.06332495668,0.134108161,0.3173327872,0.512440784,1.882624859,0.3204511166,-0.421487177,-1.558246923,-0.1918399845
13.31666667,-0.3809562955,0.06542097177,0.1305957673,0.3035127469,0.5097577835,2.067824063,0.1810679413,-0.4196379769,-1.757017414,-0.4518316538
13.32500000,-0.3629916693,0.06632088187,0.1271419661,0.2880770899,0.5049160881,2.241736104,0.0338265571,-0.4081517438,-1.945414328,-0.7097174859
13.33333333,-0.3436278023,0.06597081863,0.1237967637,0.2711378916,0.4979386487,2.403483211,-0.1184199734,-0.394909897,-2.11676308,-0.9641869902
13.34166667,-0.3229700077,0.06434182533,0.1205517339,0.2528543479,0.4888595124,2.552147983,-0.2726223772,-0.3847977936,-2.267618161,-1.21390191
13.35000000,-0.3011304092,0.06142980715,0.1173601135,0.2334116299,0.4777238668,2.68697959,-0.4258518028,-0.3829100579,-2.39439889,-1.457527034
13.35833333,-0.2782277003,0.05725505915,0.1141340933,0.2130234332,0.4645880057,2.807182305,-0.5752292859,-0.394118121,-2.493706111,-1.693732686
13.36666667,-0.2543863425,0.05186033658,0.1107400802,0.1919375111,0.4495192676,2.912146681,-0.7182429335,-0.4240726387,-2.561208517,-1.92119846
13.37500000,-0.2297361191,0.04530834312,0.1069985798,0.170437709,0.4325958107,3.001210173,-0.8526403392,-0.4783371445,-2.592344386,-2.138666402
13.38333333,-0.204411591,0.03767819077,0.102684445,0.1488469029,0.4139059751,3.073911731,-0.9767746226,-0.5623410057,-2.582281738,-2.344922065
13.39166667,-0.1785510032,0.02906050996,0.09752951877,0.1275277293,0.393548338,3.129788356,-1.089504805,-0.6807680607,-2.52649398,-2.538736798
13.40000000,-0.152296283,0.01955238835,0.09123408181,0.10687593,0.3716314182,3.168459242,-1.190604765,-0.8361161009,-2.421787533,-2.718985277
13.40833333,-0.1258046982,0.009259684828,0.08349333909,0.08730366801,0.3482724028,3.183409484,-1.274714638,-1.027236721,-2.267596145,-2.884659131
13.41666667,-0.09936285759,-0.001590599953,0.07402984063,0.06920809946,0.3235971103,3.154222537,-1.322324091,-1.248377682,-2.068296925,-3.034748568
13.42500000,-0.07339404415,-0.01264478756,0.06263657049,0.05292999193,0.2977388024,3.067247603,-1.321334934,-1.487599304,-1.833816458,-3.168436676
13.43333333,-0.04845533249,-0.02343134052,0.04923459368,0.03870092614,0.2708377371,2.903267173,-1.254797839,-1.727427594,-1.579066074,-3.284900022
13.44166667,-0.02529121553,-0.03331325258,0.03390009655,0.02662218296,0.2430400481,2.636472398,-1.099991923,-1.947912325,-1.320545168,-3.383510319
13.45000000,-0.00488162507,-0.0414527865,0.01688223693,0.01665930273,0.2144973053,2.237525382,-0.833009698,-2.127876584,-1.073705606,-3.463634474
13.45833333,0.01157194859,-0.04683970117,-0.00139742928,0.008657889487,0.1853653304,1.685429065,-0.4390084515,-2.247979385,-0.8512366983,-3.524846368
13.46666667,0.02281329273,-0.04847681543,-0.02036978905,0.002386731824,0.1558048949,0.9929055675,0.05849874174,-2.291156173,-0.6600003342,-3.565586082
13.47500000,0.02790683819,-0.04579883042,-0.03932076028,-0.002464915729,0.1260303189,0.2250698329,0.577996491,-2.239410605,-0.5123326314,-3.574283829
13.48333333,0.02663876073,-0.03913518261,-0.05736875444,-0.006284729433,0.09634341196,-0.5169520781,0.9929883557,-2.070078381,-0.4126062014,-3.543524492
13.49166667,0.01959221975,-0.02986387955,-0.0734155137,-0.009479212624,0.06709980874,-1.152451548,1.188186185,-1.754063264,-0.362363655,-3.466598026
13.50000000,0.007808896614,-0.02012605581,-0.08611223724,-0.01246812331,0.03871744099,-1.65328602,1.099586246,-1.262347083,-0.3637570253,-3.3353545
13.50833333,-0.007621305461,-0.01232970822,-0.09395395806,-0.01568890194,0.01168679428,-2.031682264,0.7285480509,-0.5925795918,-0.4182445231,-3.140664546
13.51666667,-0.02578809121,-0.008551165648,-0.09565570219,-0.01958990122,-0.01342654144,-2.314707285,0.1555571822,0.1944415976,-0.5269032134,-2.873965258
13.52500000,-0.04600526772,-0.0098869811,-0.0907487469,-0.02461008317,-0.03599952717,-2.527403769,-0.4716902163,0.9685457551,-0.6855096526,-2.530698745
13.53333333,-0.0677687052,-0.0161589356,-0.07993326506,-0.03111204743,-0.05539922722,-2.688183043,-1.01079434,1.594278066,-0.8786333294,-2.11401331
13.54166667,-0.09069618818,-0.02629693979,-0.06479614325,-0.03926595094,-0.07106852801,-2.808375296,-1.395309076,1.99953919,-1.075222291,-1.63885735
13.55000000,-0.1144788378,-0.03899686043,-0.04726105396,-0.04890191637,-0.08262663096,-2.894152811,-1.630332902,2.170204497,-1.224628176,-1.132365469
13.55833333,-0.1388489653,-0.05314767902,-0.02926964173,-0.05937029262,-0.08993649888,-2.949782192,-1.749729768,2.108937451,-1.263932714,-0.6239247707
13.56666667,-0.1635615082,-0.06794053383,-0.01276809129,-0.06948014498,-0.09308887184,-2.976643879,-1.789773045,1.811018594,-1.12812174,-0.1380692989
13.57500000,-0.188386283,-0.08283263081,0.0002369211144,-0.07754811975,-0.09234171174,-2.97692161,-1.777484251,1.270654636,-0.7700908457,0.311085541
13.58333333,-0.2131037048,-0.09747606732,0.007823987744,-0.08172864528,-0.08801139365,-2.950933553,-1.732918143,0.5226316052,-0.2047106584,0.7221786674
13.59166667,-0.2375005938,-0.1116586849,0.008685619548,-0.08068148187,-0.08039249173,-2.900352532,-1.668449149,-0.3177969549,0.4594244974,1.101667983
13.60000000,-0.2613774989,-0.1252546841,0.002722151856,-0.07423902853,-0.06971951036,-2.826229545,-1.593401605,-1.090011663,1.064916528,1.456282381
13.60833333,-0.2845417608,-0.1382026034,-0.00897713937,-0.0634129899,-0.05617158217,-2.729659432,-1.513608058,-1.68401589,1.501078589,1.792405289
13.61666667,-0.3068147821,-0.150478799,-0.0247877591,-0.04974763929,-0.03989395649,-2.612528985,-1.432830439,-2.079202519,1.749467806,2.111152979
13.62500000,-0.3280298503,-0.1620897334,-0.0431635306,-0.03467741177,-0.02104334931,-2.475943124,-1.354393333,-2.306520153,1.846178961,2.409038667
13.63333333,-0.3480343484,-0.1730600013,-0.06288037761,-0.01926229935,0.0001805905094,-2.322969798,-1.278620721,-2.407549505,1.840038349,2.679545929
13.64166667,-0.3667117926,-0.1834076312,-0.08302852071,-0.00418600569,0.02352438173,-2.157644216,-1.205438339,-2.414557412,1.770505908,2.916949365
13.65000000,-0.3839635916,-0.1931621965,-0.1029277561,0.01015492437,0.04868597951,-1.980981853,-1.136399926,-2.35101732,1.667574127,3.114888511
13.65833333,-0.3996992698,-0.202364542,-0.1220577162,0.0235650289,0.07532174425,-1.793925467,-1.073374975,-2.231728354,1.549617725,3.270276946
13.66666667,-0.4138362603,-0.2110711435,-0.1399992949,0.03597378295,0.1030688849,-1.597478028,-1.017300799,-2.068521642,1.429505307,3.38177175
13.67500000,-0.4263008743,-0.2193392718,-0.1564633914,0.04743301945,0.1315635598,-1.392740835,-0.9683703604,-1.878892303,1.323181636,3.450056385
13.68333333,-0.437028699,-0.2272301931,-0.1712523417,0.05806813194,0.1604553055,-1.180833989,-0.9264544521,-1.667032568,1.231388858,3.477463866
13.69166667,-0.4459645254,-0.2347939222,-0.1841952384,0.06798980631,0.1894158002,-0.96284511,-0.8895140628,-1.436404705,1.151634192,3.466967495
13.70000000,-0.4530624397,-0.2420658616,-0.1951475179,0.07728801282,0.2181419601,-0.7399326307,-0.85616967,-1.189776855,1.081436687,3.42166463
13.70833333,-0.4582863647,-0.2490655941,-0.2039922761,0.08603285945,0.2463565293,-0.5132867975,-0.8236040185,-0.9314277356,1.018336253,3.344823793
13.71666667,-0.4616101771,-0.255784956,-0.2106527318,0.094269612,0.2738143902,-0.2841058235,-0.7882882616,-0.6663904644,0.9578327994,3.24187728
13.72500000,-0.4630177617,-0.2621862799,-0.2150942974,0.1019831141,0.3003390681,-0.05359290094,-0.7466947039,-0.3997346959,0.8926140002,3.121196746
13.73333333,-0.4625030426,-0.2682030012,-0.2173243085,0.1091340732,0.3257878298,0.1770455159,-0.6954384916,-0.1364307292,0.8229302446,2.983764441
13.74166667,-0.4600700226,-0.2737424181,-0.2173896439,0.1156878224,0.3500240615,0.4065989867,-0.6319237227,0.119293051,0.7493587553,2.830347597
13.75000000,-0.4557325702,-0.2786979594,-0.2153650449,0.1216141634,0.3729182938,0.6339231456,-0.555017748,0.36456304,0.6724674359,2.661814569
13.75833333,-0.4495163412,-0.2829483185,-0.2113524465,0.1268879868,0.3943482493,0.856606251,-0.4617130902,0.5958613082,0.592833019,2.479101236
13.76666667,-0.4414848272,-0.2863348641,-0.2054774355,0.1314887771,0.4141998976,1.06905581,-0.3476590811,0.8115608702,0.5110421276,2.28317547
13.77500000,-0.431732539,-0.288684941,-0.1978723585,0.1354006623,0.4323675077,1.26934074,-0.2128504967,1.010738969,0.4275699291,2.075125056
13.78333333,-0.4203704416,-0.2898222984,-0.1886805599,0.1386118328,0.4487545704,1.454885025,-0.05671920082,1.192539214,0.3429640765,1.856023289
13.79166667,-0.4075307812,-0.2895746653,-0.178043839,0.1411148335,0.4632738851,1.623750393,0.1194394003,1.357361199,0.2576765234,1.62707652
13.80000000,-0.3933607481,-0.2877757799,-0.1661065406,0.1429058893,0.4758484183,1.773689596,0.3154507878,1.504836576,0.1721797935,1.389468355
13.80833333,-0.378026148,-0.2842682152,-0.1530084878,0.1439850233,0.4864111586,1.903156592,0.5291455887,1.635957729,0.08687189923,1.144469084
13.81666667,-0.3617038075,-0.2789090571,-0.138886398,0.1443551989,0.4949060923,2.010316371,0.7598335485,1.75060913,0.00208447647,0.893412566
13.82500000,-0.3445842142,-0.2715657822,-0.1238743036,0.1440220668,0.5012880977,2.094664314,1.004488864,1.84982746,-0.08187481587,0.6375864124
13.83333333,-0.3268566271,-0.2621370482,-0.1080967333,0.1429936882,0.5055230885,2.156022203,1.260120901,1.934367898,-0.1647296458,0.3783606208
13.84166667,-0.3087133819,-0.2505416522,-0.09167458282,0.1412803694,0.5075885306,2.194768884,1.523690667,2.004607538,-0.2462182061,0.1171270669
13.85000000,-0.2903334311,-0.2367341313,-0.07472480762,0.1388945313,0.5074735048,2.213269524,1.79015132,2.061100003,-0.3260944661,-0.1447187383
13.85833333,-0.2718740664,-0.2207129016,-0.0573591083,0.1358505869,0.5051787496,2.214286245,2.054076039,2.104568633,-0.404126012,-0.4057731866
13.86666667,-0.2534685231,-0.202522671,-0.03968233122,0.1321648372,0.5007167294,2.200998882,2.309625856,2.13592098,-0.4800916945,-0.6646277986
13.87500000,-0.2352189133,-0.1822611855,-0.02179472678,0.1278588672,0.494111633,2.177530278,2.550085563,2.153967382,-0.5515683231,-0.9198778486
13.88333333,-0.2171954416,-0.1600792629,-0.003848781812,0.1230170244,0.4853993291,2.147236201,2.769616801,2.148854679,-0.607413051,-1.170125231
13.89166667,-0.1994412797,-0.1361746979,0.01394420013,0.1177933655,0.4746271562,2.113465657,2.962586079,2.116735787,-0.6424558996,-1.414034899
13.90000000,-0.1819715272,-0.1107918439,0.03134486748,0.1123814773,0.4618533119,2.079478683,3.123547553,2.054027699,-0.6516699373,-1.650301827
13.90833333,-0.1647811083,-0.08421307458,0.04808122512,0.1070200395,0.4471470692,2.046375913,3.249247507,1.956582194,-0.6292827289,-1.877595316
13.91666667,-0.1478601219,-0.05674789238,0.06384942412,0.1019989393,0.4305882505,2.015093166,3.335451953,1.821111202,-0.5688766589,-2.094727913
13.92500000,-0.1311921053,-0.02873730038,0.07831823658,0.09766007038,0.4122665704,1.985367854,3.380029324,1.644285817,-0.4646556973,-2.300479429
13.93333333,-0.11476741,-0.0005403828055,0.09114141613,0.09438731901,0.3922814936,1.956762274,3.379416056,1.426648265,-0.312706039,-2.493773046
13.94166667,-0.09858052842,0.02745394046,0.1019961848,0.09257989823,0.3707413681,1.927914187,3.330784345,1.173654041,-0.113628581,-2.673518783
13.95000000,-0.08263857215,0.05482635992,0.1106427162,0.09260382837,0.3477630189,1.897933876,3.229119542,0.8996047234,0.1251343504,-2.83878781
13.95833333,-0.06695622416,0.08111004229,0.1169950221,0.09473463279,0.3234711062,1.865215805,3.068489317,0.627891937,0.3887632591,-2.988645427
13.96666667,-0.05156253976,0.1057820139,0.1211973386,0.09909785853,0.2979972926,1.828553559,2.840786695,0.3887474799,0.6576091576,-3.122293041
13.97500000,-0.03649395877,0.1282422639,0.1236528202,0.1056560868,0.2714798666,1.786779024,2.536320997,0.2136472761,0.9126493437,-3.239013874
13.98333333,-0.02180859486,0.147828094,0.1250100926,0.1141979839,0.2440904066,1.736095838,2.150311945,0.1289696297,1.127603007,-3.327744617
13.99166667,-0.007585516361,0.1638466817,0.1260951532,0.124262285,0.2161464434,1.675878692,1.680504658,0.1487974619,1.275492697,-3.369930192
14.00000000,0.006097199851,0.1756277274,0.1277663944,0.1352222618,0.1880986662,1.606477861,1.136288406,0.2668941718,1.339373166,-3.349322341
14.00833333,0.01916469036,0.1826495374,0.1307356027,0.1462996015,0.1605660683,1.528285719,0.5442004525,0.4535390562,1.299765664,-3.241231461
14.01666667,0.03153864191,0.1846863814,0.13538541,0.1565157706,0.1344232015,1.439032625,-0.05168047161,0.6614466814,1.127445313,-3.00879588
14.02500000,0.04310482682,0.1819130411,0.1416705621,0.164630273,0.1108897786,1.334068763,-0.6031788558,0.8378649714,0.7896063884,-2.607191159
14.03333333,0.05372166173,0.1748526265,0.1491502803,0.1691433967,0.09154741998,1.210427954,-1.076124559,0.9429195423,0.2618034197,-1.999425788
14.04166667,0.06321621604,0.1642464701,0.1571184666,0.1685372446,0.0781052199,1.06407261,-1.452655526,0.9519451201,-0.4266267149,-1.201006376
14.05000000,0.07137987469,0.1509194284,0.164710656,0.1619232115,0.07176409033,0.890146821,-1.729215336,0.850906115,-1.152581528,-0.3203700283
14.05833333,0.07795928657,0.1356976405,0.1709626574,0.1497128695,0.07255209454,0.6827976593,-1.908225677,0.6284766706,-1.741646419,0.4854075244
14.06666667,0.08264981737,0.1193704217,0.1748162001,0.1336395462,0.07935123826,0.4357231303,-1.995287414,0.273091154,-2.066191951,1.113464096
14.07500000,0.08509553618,0.1026818359,0.1751216771,0.1161157046,0.09058031973,0.1432374225,-1.995822615,-0.2235460582,-2.09056557,1.55246673
14.08333333,0.08490139484,0.08632868792,0.1707274164,0.0995400047,0.1048030281,-0.1978618296,-1.916423941,-0.8497359143,-1.849107631,1.839538237
14.09166667,0.08166867889,0.07093601215,0.1607367697,0.08580343597,0.1209394176,-0.5848268297,-1.767677338,-1.554492593,-1.426600788,2.018225573
14.10000000,0.07505708211,0.05700816405,0.1448529594,0.07594046083,0.1382330977,-1.006372748,-1.568690709,-2.246953066,-0.939987235,2.121941627
14.10833333,0.06485611937,0.04485061896,0.1235833452,0.07001447813,0.1561588076,-1.442153318,-1.348324859,-2.834094786,-0.4960870981,2.1728151
14.11666667,0.05105141546,0.03450360382,0.09806611054,0.06738767644,0.1743374005,-1.867073481,-1.139785616,-3.261247167,-0.1532501127,2.184434876
14.12500000,0.03383663979,0.02572315058,0.06971366067,0.06715525284,0.1924795128,-2.256743912,-0.9780856965,-3.514819614,0.08023590751,2.165078848
14.13333333,0.01358271622,0.01799092918,0.03994745683,0.06847034364,0.2103505415,-2.59452879,-0.8925647478,-3.602462356,0.2223402802,2.119931031
14.14166667,-0.00923973738,0.01057310712,0.01010226074,0.07067377014,0.2277512811,-2.872687008,-0.905724275,-3.535403636,0.2973377804,2.052813591
14.15000000,-0.03413115072,0.002579597168,-0.01856626967,0.07329962976,0.2445101918,-3.091581398,-1.03237853,-3.32109049,0.3261279874,1.966841325
14.15833333,-0.06061628365,-0.006956441577,-0.04486485299,0.07600887533,0.260501169,-3.256231265,-1.275147839,-2.968724153,0.3190667644,1.869254984
14.16666667,-0.08827144849,-0.01895202312,-0.06771875618,0.07854908584,0.2756363121,-3.373652338,-1.617876337,-2.499581649,0.2871965102,1.76154375
14.17500000,-0.1167317181,-0.03408693457,-0.08631717505,0.08075031208,0.2898338804,-3.450755148,-2.019379258,-1.95667584,0.23906659,1.644347663
14.18333333,-0.145688239,-0.05260675066,-0.1003080859,0.08252326503,0.3030176425,-3.493476647,-2.420216773,-1.404890283,0.186289082,1.518338298
14.19166667,-0.174876538,-0.07425836707,-0.109864652,0.08385315063,0.3151167571,-3.507256639,-2.762773295,-0.8997858091,0.1327906206,1.384144802
14.20000000,-0.204072102,-0.09839218557,-0.1155237848,0.08473530136,0.32606606,-3.495654438,-3.012555865,-0.4725719145,0.07888148202,1.242513874
14.20833333,-0.2330735933,-0.1241849562,-0.1179784489,0.08516751108,0.3358068735,-3.461053947,-3.161084612,-0.1304182651,0.02485304297,1.094242509
14.21666667,-0.2616980825,-0.1508164179,-0.1179120793,0.08514999282,0.3442872652,-3.405464902,-3.215951354,0.1345519446,-0.02900059403,0.9401460264
14.22500000,-0.2897772504,-0.1775648071,-0.1159110097,0.08468561966,0.3514619363,-3.330389013,-3.191870596,0.3364852515,-0.08233840752,0.7810035915
14.23333333,-0.317153392,-0.2038380511,-0.1124391607,0.08377988326,0.357292357,-3.23686518,-3.104317974,0.4896945083,-0.1348856063,0.6176731758
14.24166667,-0.3436755626,-0.2291636391,-0.1078527443,0.08244041003,0.3617473284,-3.125543643,-2.966346501,0.6056204813,-0.1863950355,0.4510452503
14.25000000,-0.3691980521,-0.2531668817,-0.1024240178,0.0806768367,0.3648031227,-2.997034512,-2.788521071,0.6931147062,-0.2366314233,0.2820217274
14.25833333,-0.3935798409,-0.2755535136,-0.09635976811,0.07850071022,0.3664435631,-2.851857428,-2.580696969,0.7601657033,-0.285371619,0.1115124658
14.26666667,-0.416684259,-0.2961417446,-0.08977004043,0.07592538624,0.366660077,-2.690583847,-2.358547303,0.8205637635,-0.3324046775,-0.05956793314
14.27500000,-0.4383800571,-0.3148326966,-0.08269995456,0.0729681007,0.3654517288,-2.513896453,-2.125598973,0.8746423076,-0.3762906512,-0.2303009771
14.28333333,-0.458541781,-0.3315425995,-0.07522574523,0.06967740948,0.3628252496,-2.322541182,-1.883366224,0.9170957155,-0.4119839651,-0.3997661786
14.29166667,-0.4770506929,-0.3462008159,-0.06745044067,0.06612727154,0.358795027,-2.117370301,-1.63344578,0.9467654597,-0.4384482589,-0.5670471989
14.30000000,-0.4937954432,-0.3587494839,-0.05948768718,0.06240091644,0.3533830552,-1.899285571,-1.377350619,0.9616988777,-0.4539057169,-0.7312353889
14.30833333,-0.5086719264,-0.3691443552,-0.05146559239,0.05859524081,0.3466188562,-1.669145421,-1.116813238,0.9609724749,-0.4574466158,-0.8914332607
14.31666667,-0.5215839697,-0.3773550754,-0.04351989845,0.05481490902,0.3385393718,-1.428004263,-0.8534005763,0.9429714241,-0.4474319568,-1.046758252
14.32500000,-0.5324445816,-0.383363762,-0.03579913103,0.0511775092,0.3291888026,-1.17699513,-0.5885749881,0.9070192268,-0.4231480024,-1.196360489
14.33333333,-0.5411764942,-0.3871648633,-0.02845668258,0.04780659251,0.318618026,-0.9173558519,-0.3237909735,0.8519419756,-0.3832066146,-1.339479362
14.34166667,-0.5477145047,-0.3887632648,-0.02165172157,0.044833293,0.3068843585,-0.650720535,-0.06011593739,0.7781953625,-0.3278573766,-1.475323
14.35000000,-0.5520062168,-0.3881735844,-0.01553957828,0.04238669434,0.2940516649,-0.3784631515,0.2011158982,0.6856902666,-0.2567823095,-1.603119873
14.35833333,-0.5540102936,-0.3854219672,-0.01026975262,0.04059211755,0.280190053,-0.1019118739,0.4585208157,0.576569731,-0.1718440304,-1.72215843
14.36666667,-0.5536965893,-0.3805459489,-0.005969685749,0.03955564977,0.265374982,0.1775751367,0.7107511569,0.4532166477,-0.07504812275,-1.831847044
14.37500000,-0.5510464314,-0.3735941108,-0.002746824341,0.03936625724,0.2496870051,0.4586005197,0.9565046241,0.3188338397,0.03071106764,-1.931552342
14.38333333,-0.5460529973,-0.3646256217,-0.0006727547799,0.04007955938,0.2332118313,0.7396729677,1.194599409,0.1783437521,0.1408062131,-2.020681303
14.39166667,-0.538727152,-0.3537037481,0.0002226290568,0.04171194321,0.2160395837,1.01780663,1.425462235,0.03680008555,0.2505017347,-2.098786791
14.40000000,-0.5291035403,-0.3408894205,-4.815432582e-05,0.04423863464,0.1982654188,1.290905159,1.648585064,-0.1006947513,0.3537480692,-2.164172631
14.40833333,-0.5172299086,-0.3262521747,-0.001430760502,0.0475473929,0.1800359977,1.557580578,1.862768806,-0.2292646036,0.4360783404,-2.20660348
14.41666667,-0.503165545,-0.3098709962,-0.003833821053,0.0514231062,0.1615685631,1.816451173,2.066962681,-0.3452863149,0.4888129061,-2.220538174
14.42500000,-0.4869812159,-0.2918335171,-0.007146596758,0.05559562844,0.1431198618,2.066144572,2.26009889,-0.4472449383,0.506154301,-2.201219884
14.43333333,-0.4687590701,-0.2722362822,-0.01124303519,0.05973954517,0.1249904645,2.305302198,2.4411551,-0.5331305274,0.4807554132,-2.142900781
14.44166667,-0.4485925001,-0.2511835507,-0.01598969484,0.06347415831,0.1075314415,2.532585259,2.60926375,-0.6035938307,0.4071880339,-2.039250662
14.45000000,-0.4265857846,-0.2287872626,-0.02126157485,0.0663777672,0.09114564521,2.746743158,2.763440526,-0.6592002214,0.2804413068,-1.884394435
14.45833333,-0.4028532321,-0.2051671425,-0.0269379095,0.06799271827,0.07627791357,2.946579857,2.902870918,-0.7011142593,0.09798235029,-1.674535238
14.46666667,-0.3775192802,-0.1804520538,-0.0329130971,0.06786637784,0.06338659768,3.130880906,3.024516005,-0.7296140049,-0.1364908995,-1.410740467
14.47500000,-0.3507180458,-0.1548568399,-0.03901872972,0.065601632,0.05289181887,3.298569564,3.111601546,-0.7303792013,-0.4126081595,-1.101681287
14.48333333,-0.3225920142,-0.1287165664,-0.04498871662,0.06092316001,0.04510754448,3.448658834,3.153660897,-0.6959159571,-0.7121245127,-0.7634889723
14.49166667,-0.2932920405,-0.1024550375,-0.0504947059,0.05373903682,0.04018384195,3.580173703,3.138359536,-0.6172894121,-1.009407601,-0.4192426156
14.50000000,-0.2629761043,-0.07661443772,-0.05512041197,0.04418108778,0.03806983517,3.692364346,3.04952667,-0.4821860897,-1.277756551,-0.09274524901
14.50833333,-0.2318084714,-0.05188762207,-0.05833132951,0.03258010063,0.03854085586,3.784463215,2.8675985,-0.2749547729,-1.496674081,0.1986463047
14.51666667,-0.1999589793,-0.02913278346,-0.05946406293,0.01941387357,0.04125530314,3.855936849,2.573521468,0.01809201415,-1.651427827,0.4447869195
14.52500000,-0.16760194,-0.009333439313,-0.05778309875,0.005257238165,0.0458226229,3.905850648,2.158673346,0.3991810709,-1.733534257,0.6435539249
14.53333333,-0.1349425441,0.006567800567,-0.052631054,-0.009258969107,0.05185812634,3.92710067,1.64453786,0.8440579833,-1.736702681,0.7980105607
14.54166667,-0.1022450739,0.01794503445,-0.04370764301,-0.02344568137,0.05901548089,3.913938211,1.084380344,1.290940526,-1.652626884,0.9138854901
14.55000000,-0.0698253569,0.0247151032,-0.03135009953,-0.03652059004,0.06699933549,3.859025269,0.5510442129,1.653169087,-1.466751119,0.9974369277
14.55833333,-0.03807226388,0.02739247139,-0.01662965715,-0.04754765674,0.07556587859,3.751842035,0.1113961082,1.845547545,-1.156845619,1.054639753
14.56666667,-0.007483566017,0.02694872786,-0.001223710345,-0.05538584196,0.08451852967,3.576517481,-0.193464163,1.811497799,-0.6975107974,1.090804904
14.57500000,0.02128705155,0.02459559331,0.0128906751,-0.05872273223,0.09370148286,3.311236847,-0.3447122039,1.537952094,-0.07758191299,1.110769202
14.58333333,0.04737637841,0.0216606315,0.02386772642,-0.05631799874,0.1029970763,2.928174807,-0.3317222429,1.072358581,0.6697795709,1.118422689
14.59166667,0.06968686715,0.01954232091,0.03053908975,-0.04746378822,0.1123182538,2.400745111,-0.1486296274,0.5275798968,1.450440901,1.117586867
14.60000000,0.08696562897,0.01962381451,0.03282266889,-0.03238546541,0.1216112956,1.722314426,0.1915810093,0.03942861735,2.145882062,1.112334964
14.60833333,0.09807198766,0.0230218199,0.03161482551,-0.01215487445,0.1308552347,0.9302678049,0.6332892035,-0.3006304827,2.679831067,1.106357259
14.61666667,0.1023952825,0.0301677189,0.02830616715,0.01178886634,0.140057097,0.1116045944,1.070511252,-0.463836585,3.038620833,1.102875239
14.62500000,0.1001344424,0.04051606532,0.02436057585,0.03806101746,0.1492556414,-0.6359536922,1.384586084,-0.4558955405,3.243756223,1.106097554
14.63333333,0.09215635585,0.05268903487,0.02114165143,0.06550653285,0.1585217576,-1.255424738,1.500767939,-0.2920703635,3.32482588,1.119890579
14.64166667,0.07959096143,0.06492944786,0.0198764357,0.09319988576,0.1679600735,-1.738806146,1.40245427,0.009583265197,3.306518813,1.148182375
14.65000000,0.06350051218,0.07554439769,0.02160836172,0.1203891502,0.1777082493,-2.105804141,1.11884719,0.4209413093,3.206179893,1.194823854
14.65833333,0.0447452358,0.08323046827,0.02706601895,0.1464424342,0.1879319723,-2.382410516,0.7113024,0.8943444573,3.03557673,1.262636083
14.66666667,0.02398169978,0.08727146391,0.03650783925,0.1708146806,0.198813413,-2.590991653,0.2571435731,1.366016266,2.804345347,1.35252632
14.67500000,0.001707115189,0.08757794786,0.0496653562,0.193036603,0.210531416,-2.747271886,-0.1753663453,1.777766923,2.521482213,1.462620514
14.68333333,-0.02168948678,0.08452903878,0.06586629204,0.2127288382,0.2232312915,-2.861711136,-0.5436382204,2.092864429,2.199025217,1.587183446
14.69166667,-0.0458901195,0.07873218618,0.08425294359,0.2296156959,0.2369985807,-2.941106043,-0.8346184163,2.302609725,1.850888269,1.716809532
14.70000000,-0.07062294146,0.07082033262,0.1039710184,0.2435501656,0.2518254213,-2.989891476,-1.053147589,2.414522419,1.49307229,1.839475637
14.70833333,-0.09564618032,0.06134654217,0.1242624797,0.2545168899,0.2676045326,-3.011281051,-1.211837445,2.442609176,1.141327887,1.943463771
14.71666667,-0.1207421864,0.05075344626,0.1444850121,0.2626315137,0.284134813,-3.00857306,-1.322912988,2.400110992,0.8106577129,2.018256001
14.72500000,-0.1457425319,0.03941403689,0.1641006897,0.2681118636,0.3011460189,-2.988762258,-1.392378789,2.298307569,0.510670151,2.058222407
14.73333333,-0.1705094091,0.0276378343,0.1826444682,0.2712522402,0.3183317986,-2.952580424,-1.429111614,2.144027824,0.2496726328,2.060177173
14.74166667,-0.1949072375,0.01565951088,0.1997072966,0.2723974548,0.3353761587,-2.900221936,-1.443816823,1.945288618,0.03271888624,2.024345774
14.75000000,-0.2188024143,0.003596935888,0.2149750497,0.2719270948,0.3519722859,-2.832017035,-1.449866828,1.713228957,-0.1375238717,1.953062019
14.75833333,-0.2420648261,-0.008482661252,0.2281667296,0.2702357266,0.367839922,-2.748435576,-1.447908618,1.446882381,-0.2602292425,1.850056459
14.76666667,-0.264568118,-0.02051302381,0.2389939831,0.2677190485,0.3827301566,-2.649910135,-1.438067745,1.145953247,-0.3361204703,1.719311229
14.77500000,-0.286190197,-0.0324286582,0.2471725251,0.2647589162,0.3964283991,-2.537060024,-1.420385904,0.8118151147,-0.3675811507,1.564768715
14.78333333,-0.3068144493,-0.04416491312,0.2524436456,0.2617019251,0.4087542219,-2.410527123,-1.395074735,0.4489249066,-0.3600307046,1.390324681
14.79166667,-0.3263295523,-0.0556595247,0.2545975524,0.2588409015,0.4195561004,-2.27100211,-1.362428177,0.06552938781,-0.3226546946,1.199739991
14.80000000,-0.3446307513,-0.0668523632,0.2535103238,0.2563751345,0.4287130986,-2.119323278,-1.322706861,-0.3270463123,-0.2669994105,0.9959207377
14.80833333,-0.3616199711,-0.07768614882,0.2491557634,0.2543998712,0.4361325438,-1.956269139,-1.276319061,-0.7164583657,-0.207923699,0.7839746141
14.81666667,-0.3772062599,-0.08810671231,0.2416118178,0.2528815489,0.4417680689,-1.782784612,-1.223576403,-1.090559301,-0.1590236943,0.5679702591
14.82500000,-0.3913067746,-0.09806221698,0.231054509,0.2516932649,0.4455906185,-1.599833228,-1.16477279,-1.437872411,-0.1302351392,0.3490512975
14.83333333,-0.4038464796,-0.1075038855,0.2177405729,0.2506409428,0.4475806756,-1.40836529,-1.100312822,-1.751345259,-0.1269038542,0.1283629637
14.84166667,-0.4147588634,-0.116385983,0.2019726711,0.2494992198,0.4477282598,-1.209458328,-1.030532042,-2.026563839,-0.1516512992,-0.09295273407
14.85000000,-0.4239865174,-0.1246653832,0.1840748366,0.2480361083,0.4460329168,-1.004215565,-0.9556973185,-2.262513093,-0.2037889883,-0.3137453542
14.85833333,-0.4314812156,-0.1323010541,0.1643720274,0.2460323656,0.4425038194,-0.7937258964,-0.8761055145,-2.459899976,-0.2809819287,-0.5328639652
14.86666667,-0.4372037823,-0.1392549915,0.1431784932,0.2432930768,0.4371596703,-0.5790967613,-0.7921397738,-2.620621863,-0.379728049,-0.7491677923
14.87500000,-0.4411245569,-0.1454920958,0.1207890016,0.2396555173,0.430028663,-0.3614901368,-0.7041036589,-2.74731783,-0.4959655533,-0.9615215583
14.88333333,-0.4432235927,-0.1509795428,0.09747611987,0.2349901758,0.4211484078,-0.1420745597,-0.6122856738,-2.842683577,-0.6257333167,-1.168800994
14.89166667,-0.4434906962,-0.1556874477,0.07349169823,0.2291987461,0.4105658259,0.07797813724,-0.517080835,-2.90900332,-0.7655169174,-1.369896465
14.90000000,-0.4419254536,-0.1595892892,0.04906637905,0.2222138422,0.3983370095,0.2974919403,-0.4189001907,-2.949555894,-0.9109399846,-1.563717789
14.90833333,-0.4385372699,-0.162662033,0.02437940818,0.2140282034,0.384526841,0.5152877525,-0.318169603,-2.972568071,-1.052752392,-1.749265067
14.91666667,-0.4333453072,-0.1648863007,-0.0004304818537,0.2046810639,0.3692105736,0.7302156999,-0.2153508199,-2.979046435,-1.190058518,-1.924534766
14.92500000,-0.426378034,-0.1662627431,-0.0252094765,0.1942023975,0.35248857,0.9411733974,-0.117162064,-2.962766077,-1.32426778,-2.086411098
14.93333333,-0.4176732665,-0.1668803824,-0.04971972815,0.1826199413,0.3344774717,1.147025834,-0.03407993266,-2.913812455,-1.454864873,-2.233749715
14.94166667,-0.4072782414,-0.1668862459,-0.07367065225,0.1699666309,0.3153022401,1.346649199,0.02874313599,-2.827725666,-1.581166396,-2.365661944
14.95000000,-0.395249344,-0.1664739309,-0.09673118181,0.1562805676,0.2950950149,1.538996911,0.0652288249,-2.6992267,-1.702639458,-2.481286019
14.95833333,-0.3816512455,-0.1658914786,-0.1185236859,0.1416026642,0.273996593,1.723081621,0.06849684318,-2.522504086,-1.819264948,-2.579269097
14.96666667,-0.3665571757,-0.1654446042,-0.138622208,0.1259738775,0.2521588489,1.897861318,0.0315987362,-2.291786507,-1.930706411,-2.65867108
14.97500000,-0.3500485008,-0.1654915856,-0.1565587062,0.1094407011,0.229737842,2.062449992,-0.05075097535,-2.00314087,-2.036202538,-2.719202456
14.98333333,-0.3322138512,-0.1664206359,-0.1718471613,0.09205592102,0.206891818,2.215891291,-0.1798016522,-1.656750123,-2.134945728,-2.760656896
14.99166667,-0.3131698446,-0.1685813548,-0.1840318638,0.07387917693,0.1837802828,2.350560337,-0.3426298599,-1.260172127,-2.226235126,-2.782826707
15.00000000,-0.2931124766,-0.172168296,-0.1927500084,0.05497320265,0.1605663325,2.45808661,-0.5181492595,-0.827993621,-2.309821002,-2.785278608
15.00833333,-0.2722949429,-0.1771788612,-0.1977931719,0.03540682174,0.1374121168,2.531779954,-0.6796046073,-0.3819106294,-2.384530871,-2.76860241
15.01666667,-0.2510341264,-0.1833751088,-0.1991376927,0.01525902872,0.1144740054,2.562751358,-0.7977012696,0.05612918397,-2.449157833,-2.733556235
15.02500000,-0.2297358835,-0.1902674006,-0.1969360479,-0.005381102378,0.09190125062,2.538479046,-0.8418384648,0.4663106098,-2.502491328,-2.681090335
15.03333333,-0.2089214204,-0.1971324131,-0.1914754374,-0.02641449111,0.06983445078,2.44365077,-0.7870983202,0.8368031921,-2.543345958,-2.612326917
15.04166667,-0.1892565653,-0.2030527203,-0.1831335231,-0.04771206148,0.04840424464,2.259699487,-0.6125283668,1.154599387,-2.562678092,-2.528525692
15.05000000,-0.1715506782,-0.2069777447,-0.1724148637,-0.06902215545,0.02773030322,1.971599482,-0.3075033512,1.406401733,-2.544682752,-2.431060273
15.05833333,-0.1566969094,-0.2078259551,-0.1598920174,-0.08998826313,0.007921006499,1.57632107,0.123236582,1.586669281,-2.477931078,-2.321190623
15.06666667,-0.1455173048,-0.2046542605,-0.1461955838,-0.1101419224,-0.01092437357,1.096000579,0.6498226732,1.686012159,-2.346505141,-2.199847632
15.07500000,-0.1385249409,-0.1968913036,-0.1320570377,-0.1288570165,-0.0287127921,0.5820438776,1.213590451,1.689478759,-2.128521331,-2.06756661
15.08333333,-0.1357259085,-0.1845233842,-0.118365918,-0.1453021875,-0.04535336917,0.1000366895,1.743532376,1.574904231,-1.797262527,-1.924297042
15.09166667,-0.1366269523,-0.16808924,-0.1061959154,-0.1584255505,-0.06075161879,-0.2999654459,2.181993517,1.321642458,-1.327847519,-1.769188949
15.10000000,-0.1404402258,-0.1484955247,-0.09673440767,-0.1670274942,-0.07480199021,-0.5980139432,2.499175698,0.9273157108,-0.7138766227,-1.600415962
15.10833333,-0.1463234034,-0.1267972269,-0.09101703915,-0.1700189276,-0.08737796713,-0.7988781816,2.68644035,0.4357349725,0.007551258706,-1.414415319
15.11666667,-0.1535310722,-0.1040860303,-0.08946491195,-0.1668484248,-0.09831150377,-0.9191980757,2.742084523,-0.05198081629,0.7473654442,-1.205373201
15.12500000,-0.1614734127,-0.08147855114,-0.09152573748,-0.1578079261,-0.107381738,-0.9782506878,2.659772685,-0.4120286201,1.400216591,-0.9656180225
15.13333333,-0.1697108004,-0.06018298031,-0.09571186099,-0.1439619259,-0.1142911635,-0.9923992908,2.423732578,-0.5507030053,1.892850274,-0.6848775636
15.14166667,-0.1779230355,-0.04157161476,-0.09996599056,-0.1267782903,-0.1186472494,-0.9739896522,2.012461933,-0.4255750673,2.200404802,-0.3505938201
15.15000000,-0.1858793224,-0.02714624788,-0.1020914264,-0.1077854456,-0.1199517318,-0.9323118004,1.421412375,-0.04573769501,2.329591037,0.0493039067
15.15833333,-0.1934204683,-0.01825550575,-0.100207795,-0.08839192561,-0.1176209674,-0.8765014078,0.6986120572,0.5194796172,2.300582698,0.5223887775
15.16666667,-0.2004741988,-0.01555920807,-0.09327376175,-0.06980167208,-0.1110526083,-0.8156246441,-0.04418490416,1.141739445,2.142659681,1.06431059
15.17500000,-0.207001877,-0.0187179852,-0.08140715694,-0.05291677843,-0.0997544289,-0.7503078805,-0.6904352978,1.684186778,1.899792845,1.652004233
15.18333333,-0.2129680083,-0.02661642994,-0.06565129092,-0.03822027115,-0.08350358701,-0.6809159348,-1.176938709,2.067923731,1.627748359,2.244955143
15.19166667,-0.2183402224,-0.03788522818,-0.04742507187,-0.02570070925,-0.06245792514,-0.6078333317,-1.502961724,2.27875998,1.386134747,2.795620007
15.20000000,-0.2230894267,-0.05130379429,-0.02809574204,-0.01490875811,-0.03712984466,-0.5314618483,-1.698680724,2.336921964,1.218961766,3.268138366
15.20833333,-0.2271900573,-0.06593147883,-0.008826792366,-0.005112222354,-0.008253137835,-0.4523877182,-1.798340865,2.268903571,1.148762574,3.64620823
15.21666667,-0.2306375432,-0.08107299858,0.00944084644,0.004508185547,0.02337919963,-0.3758579252,-1.824853608,2.100293616,1.175668148,3.930593897
15.22500000,-0.2334696321,-0.09619014507,0.02596370649,0.01471151683,0.05702442052,-0.3048196596,-1.795117525,1.854350541,1.284992822,4.131363256
15.23333333,-0.2357381166,-0.1108686487,0.04019567719,0.02609092948,0.09203779561,-0.2410302855,-1.720992815,1.554339284,1.453701779,4.261047575
15.24166667,-0.2375105531,-0.1247755933,0.05179300634,0.03902693837,0.1278758194,-0.1857902825,-1.612456306,1.2276891,1.653571679,4.33106898
15.25000000,-0.2388624512,-0.1376857391,0.0606785786,0.05365650246,0.1640826972,-0.1404776969,-1.482586543,0.9076566485,1.855805341,4.350909856
15.25833333,-0.2398812272,-0.1494310718,0.06698602039,0.0699031805,0.200270685,-0.1057452939,-1.333168,0.6113496799,2.03834923,4.32757655
15.26666667,-0.2406566066,-0.1598514502,0.07096652549,0.08753007573,0.2361028335,-0.08231483939,-1.164521979,0.3503348459,2.18534928,4.266248192
15.27500000,-0.2412838,-0.1687901303,0.07293675917,0.106203857,0.2712818736,-0.06990942669,-0.9780184055,0.129191751,2.289039697,4.171310945
15.28333333,-0.2418488713,-0.1761088072,0.073229494,0.1255472977,0.3055494868,-0.06738945619,-0.7759257218,-0.05260705612,2.344942174,4.049236004
15.29166667,-0.2424317989,-0.1816847127,0.07215917367,0.145153069,0.3387090178,-0.07375339281,-0.5603863521,-0.1986179452,2.352851727,3.90550176
15.30000000,-0.2430945456,-0.1854226127,0.07000422406,0.1646454337,0.3705834312,-0.08603367449,-0.3355078925,-0.3137478642,2.318708565,3.740986743
15.30833333,-0.2438733786,-0.1872625614,0.0670013798,0.1836988051,0.4010038678,-0.1010771572,-0.1056111084,-0.4028854458,2.248464852,3.55670591
15.31666667,-0.2447778049,-0.1871811654,0.06334897086,0.2020352264,0.429810102,-0.1156312495,0.1248732267,-0.4703334779,2.147502855,3.353781088
15.32500000,-0.2457901789,-0.1851920354,0.05921215354,0.2194189851,0.4568515659,-0.126449774,0.3515110484,-0.5197935055,2.020662805,3.133362183
15.33333333,-0.2468661869,-0.1813453996,0.05472037275,0.2356592762,0.4819878677,-0.1303882303,0.5699590772,-0.5575827532,1.875312682,2.896749997
15.34166667,-0.2479357772,-0.1757272391,0.04992843587,0.2506489978,0.50508931,-0.1244544697,0.7760213505,-0.5918891247,1.720759877,2.645234627
15.35000000,-0.2489104912,-0.1684519287,0.04486575786,0.2643155229,0.526037649,-0.1076265931,0.9674888667,-0.6225267617,1.557907357,2.380225158
15.35833333,-0.2496964134,-0.1596490355,0.03956360599,0.2765936354,0.5447261604,-0.07888040535,1.142186899,-0.6493410906,1.387679795,2.103132721
15.36666667,-0.2501904635,-0.1494668272,0.03405440144,0.2874254497,0.5610605009,-0.03782361913,1.298584314,-0.6721982359,1.210956084,1.815460976
15.37500000,-0.2502951126,-0.1380573735,0.0283717431,0.2967606374,0.5749585313,0.01465542271,1.43646338,-0.6909380478,1.028615385,1.51867936
15.38333333,-0.2499155339,-0.125586256,0.02255768686,0.3045556826,0.5863509047,0.07801949512,1.551933127,-0.7020718116,0.8414666173,1.214366934
15.39166667,-0.2489689416,-0.1122757766,0.01671511641,0.3107742162,0.5951813708,0.1506979444,1.637265368,-0.6972560078,0.6504088122,0.9040725078
15.40000000,-0.2473810053,-0.09839167837,0.01099087188,0.3153874957,0.6014064504,0.2315148087,1.689394334,-0.6731934364,0.4563506392,0.5893398687
15.40833333,-0.2450929942,-0.08421892835,0.005558874668,0.3183741434,0.6049958041,0.3185888854,1.705856127,-0.6264549738,0.2601625776,0.2717638934
15.41666667,-0.2420596333,-0.0700668285,0.0006233225483,0.3197200504,0.6059323732,0.4093248416,1.684659066,-0.5533344589,0.06271886133,-0.04706330218
15.42500000,-0.2382768921,-0.05624218524,-0.003579964968,0.3194184072,0.6042123686,0.4981182618,1.626814592,-0.4500779451,-0.1351027713,-0.3655467323
15.43333333,-0.2337652357,-0.0430633126,-0.006786115103,0.3174697445,0.5998453474,0.5841856823,1.529157819,-0.3135589489,-0.3324178504,-0.6820790655
15.44166667,-0.2285493327,-0.03087084186,-0.008710351632,0.3138819845,0.592854274,0.6670608964,1.389933667,-0.1423191291,-0.5283379955,-0.9950510556
15.45000000,-0.2226576772,-0.0200088445,-0.009066696895,0.3086705199,0.583275441,0.7462923567,1.210448786,0.06209550159,-0.7219470254,-1.302888043
15.45833333,-0.2161224574,-0.01079409359,-0.007598220416,0.3018585705,0.5711580158,0.8214454218,0.9962107022,0.2939957589,-0.9123036014,-1.604049184
15.46666667,-0.2089794047,-0.003473139853,-0.004119524785,0.2934769933,0.5565642385,0.8921048145,0.7577306647,0.5427361584,-1.098508388,-1.896948319
15.47500000,-0.2012676211,0.001805696777,0.001455608863,0.2835642746,0.5395693622,0.9578772495,0.5088058876,0.7944254919,-1.279607645,-2.180076892
15.48333333,-0.1930293852,0.005023129238,0.009083927339,0.272166855,0.5202608594,1.018394131,0.2656581338,1.032844376,-1.454705298,-2.451960665
15.49166667,-0.1843099351,0.006285470362,0.01859676346,0.2593383355,0.4987387026,1.073314187,0.0413085196,1.244985901,-1.62289811,-2.711131904
15.50000000,-0.1751572304,0.005793580806,0.02973102718,0.2451404603,0.4751144636,1.122325923,-0.1539951183,1.420635932,-1.78320668,-2.956213625
15.50833333,-0.1656216946,0.003812316182,0.04216020893,0.2296427728,0.4495113612,1.165149838,-0.3155795669,1.555235892,-1.934685933,-3.185857673
15.51666667,-0.1557569419,0.0006305388388,0.0555362795,0.2129226472,0.4220633354,1.200703075,-0.441640418,1.647765109,-2.076172046,-3.398771454
15.52500000,-0.145650154,-0.003436374688,0.0694733756,0.1951096754,0.3929148728,1.222340098,-0.5276338991,1.68714306,-2.193556094,-3.593776019
15.53333333,-0.1354293262,-0.008057448428,0.08348512441,0.1764667295,0.3622201445,1.227702132,-0.5750090662,1.664875031,-2.273655002,-3.769694931
15.54166667,-0.1252405784,-0.01291832277,0.09703384401,0.1573508182,0.3301424024,1.214447279,-0.5858259873,1.574756711,-2.304807288,-3.925523279
15.55000000,-0.1152451466,-0.01772601532,0.1095136415,0.1382306884,0.2968550914,1.180809599,-0.5625561213,1.406454219,-2.272513406,-4.05911136
15.55833333,-0.1056206239,-0.02220664153,0.1202161623,0.1196882851,0.2625737679,1.125298733,-0.5076989372,1.145427516,-2.163422934,-4.163172828
15.56666667,-0.09655586406,-0.0261065504,0.1283053693,0.1024363655,0.227560384,1.046418834,-0.4237546011,0.7771950859,-1.960481911,-4.234071192
15.57500000,-0.08824495092,-0.02919660846,0.1328471929,0.08729933178,0.1921111552,0.9441967238,-0.3136244585,0.2939754035,-1.655820692,-4.266945028
15.58333333,-0.08088117436,-0.03127532537,0.1329220653,0.07508143833,0.1565697653,0.819698499,-0.1824331031,-0.2899078309,-1.265261976,-4.254827981
15.59166667,-0.07463953479,-0.03219092807,0.1278558979,0.06630905846,0.1213508861,0.6751975986,-0.03497431865,-0.9299761049,-0.8408946674,-4.187304319
15.60000000,-0.06967133729,-0.03183661853,0.1174596524,0.06093284335,0.08697965767,0.5150692444,0.1203896738,-1.556893251,-0.4649651756,-4.047975049
15.60833333,-0.06608133806,-0.03019237029,0.1021314052,0.05818201315,0.05415206447,0.3454821233,0.2728634135,-2.104592672,-0.2239185985,-3.812045303
15.61666667,-0.06392195873,-0.02733209921,0.08271449023,0.05664491241,0.02380319176,0.1727722111,0.4099895972,-2.534341846,-0.1820487507,-3.447178921
15.62500000,-0.06319334068,-0.0234416349,0.06025259167,0.05449363795,-0.002849032919,0.003088848542,0.5174919591,-2.835206372,-0.3742349336,-2.920358889
15.63333333,-0.06384648132,-0.01883763729,0.03580937532,0.0497670078,-0.02438577902,-0.1579889266,0.5780053908,-3.010659793,-0.7947962201,-2.221645352
15.64166667,-0.0657896945,-0.01399706745,0.01041440816,0.04079620727,-0.03952938501,-0.3058915385,0.5702796196,-3.063726443,-1.375132261,-1.400360882
15.65000000,-0.0689045305,-0.009589008879,-0.01490073925,0.02676930044,-0.04769998274,-0.4392594247,0.4699649695,-2.990025482,-1.983361411,-0.5702031776
15.65833333,-0.07306961741,-0.006498330905,-0.03903421904,0.008036784822,-0.04933877639,-0.5579085371,0.2492831473,-2.777389696,-2.487186762,0.1520537425
15.66666667,-0.07816446626,-0.005835306391,-0.06076878924,-0.0142033,-0.04562335067,-0.6628763723,-0.114940064,-2.413551407,-2.820403757,0.7119171268
15.67500000,-0.08409062839,-0.008809596827,-0.07886531862,-0.03848430788,-0.03790642793,-0.7580926531,-0.6198332366,-1.9093699,-2.97967482,1.116766535
15.68333333,-0.09078357142,-0.01642400133,-0.09235391277,-0.06344534576,-0.0273502522,-0.8476684725,-1.215908692,-1.32148203,-2.987886148,1.399378256
15.69166667,-0.09821650062,-0.02906488684,-0.1009451476,-0.08792236331,-0.01482670023,-0.9365528919,-1.808506056,-0.7531348461,-2.866265734,1.593997822
15.70000000,-0.1064087096,-0.0462793631,-0.105262044,-0.1108862418,-0.0009548368028,-1.031126712,-2.299994784,-0.3108498002,-2.625532651,1.726600294
15.70833333,-0.1154336277,-0.06696549252,-0.106658147,-0.131356214,0.01382731199,-1.137093882,-2.637332993,-0.05853009662,-2.267670051,1.8148484
15.71666667,-0.1254087601,-0.08978430934,-0.1068099668,-0.1483573305,0.02920449853,-1.260119919,-2.813477746,-0.01109730151,-1.794740826,1.872155137
15.72500000,-0.1364923566,-0.1134628606,-0.1073482353,-0.161010545,0.04499719969,-1.403773075,-2.847566415,-0.1448206212,-1.228271595,1.916328606
15.73333333,-0.1488651103,-0.1369221026,-0.10958297,-0.1686494134,0.06111359898,-1.569300808,-2.765394045,-0.4074287872,-0.5979921971,1.949809375
15.74166667,-0.1627020529,-0.159300239,-0.1142936448,-0.1709404339,0.07746387208,-1.754102745,-2.592636467,-0.7257568167,0.04535529285,1.972438734
15.75000000,-0.1781323121,-0.1799503594,-0.1216239428,-0.1680194102,0.09395721319,-1.950327569,-2.354413072,-1.025191979,0.6442630336,1.984139403
15.75833333,-0.195206812,-0.1984268438,-0.131177942,-0.1604425776,0.1105024961,-2.146292854,-2.074996729,-1.253349413,1.158003152,1.984910647
15.76666667,-0.2138625464,-0.2144813547,-0.1422551409,-0.1490000512,0.1270088817,-2.327399623,-1.776783165,-1.389259071,1.571327526,1.974820752
15.77500000,-0.2339159649,-0.2280466965,-0.1540765435,-0.1345203923,0.1433863555,-2.479572528,-1.480694266,-1.433280931,1.888687315,1.953993156
15.78333333,-0.2550823145,-0.2392039813,-0.1659213947,-0.1177505213,0.1595457744,-2.593249473,-1.200745413,-1.397504529,2.123762,1.922500749
15.79166667,-0.277010661,-0.2481330133,-0.1771894663,-0.09930838854,0.1753989357,-2.66202987,-0.9468626204,-1.297356099,2.292565123,1.880534605
15.80000000,-0.2993202554,-0.2550712606,-0.1874027729,-0.07968651293,0.190859706,-2.684712143,-0.7235794304,-1.146257293,2.40889541,1.828371902
15.80833333,-0.3216318589,-0.2602811806,-0.1961808892,-0.05927755544,0.2058440521,-2.662833949,-0.5320490406,-0.9546140972,2.482999762,1.766233726
15.81666667,-0.3435864421,-0.2640215661,-0.2032265398,-0.03839842729,0.2202702114,-2.599686194,-0.3704027339,-0.7318700159,2.522819781,1.694476747
15.82500000,-0.3648587644,-0.2665260254,-0.2083346889,-0.01728958466,0.234059832,-2.499789184,-0.2347876346,-0.4928587699,2.540955734,1.61354123
15.83333333,-0.3851605283,-0.2679943489,-0.2114242838,0.003911733598,0.2471382207,-2.367573094,-0.1208939702,-0.2478960665,2.545016189,1.523845734
15.84166667,-0.4042404021,-0.2685887178,-0.2124582046,0.02508823692,0.2594342531,-2.207354993,-0.02415209116,-2.85664342e-05,2.534998855,1.425868687
15.85000000,-0.421881941,-0.2684332753,-0.2114257875,0.04612272504,0.2708812897,-2.022920443,0.05970140138,0.2474623019,2.510948877,1.320185494
15.85833333,-0.4378998246,-0.2676163416,-0.2083445155,0.0668988132,0.2814176257,-1.818171799,0.1352181144,0.4911068945,2.473016572,1.207404439
15.86666667,-0.4521412008,-0.2661879661,-0.2032611774,0.08730179878,0.2909867491,-1.598212572,0.2082239532,0.7273721868,2.421454684,1.088162977
15.87500000,-0.46451379,-0.2641318545,-0.1962517317,0.1072194955,0.2995375699,-1.369918443,0.286206576,0.9528144986,2.356613323,0.9631243436
15.88333333,-0.4749532761,-0.2614000606,-0.1874195497,0.1265428261,0.3070246217,-1.134469292,0.3704865648,1.164475207,2.278864332,0.8329744646
15.89166667,-0.483405232,-0.2579407323,-0.176885176,0.1451659418,0.3134082386,-0.8931227008,0.4607701924,1.361124922,2.188652656,0.6984191382
15.90000000,-0.4898255686,-0.2537028834,-0.1647813479,0.1629807396,0.3186612838,-0.6470734947,0.5574151058,1.540788418,2.083733147,0.5629867038
15.90833333,-0.4941801929,-0.2486325021,-0.1512568799,0.1798416541,0.3228047174,-0.397569326,0.6603543189,1.702093813,1.959737057,0.4322993948
15.91666667,-0.4964457557,-0.2426837568,-0.1364634399,0.1955901424,0.3258830389,-0.1459165776,0.7681258051,1.845211759,1.816561977,0.3077911163
15.92500000,-0.4966097982,-0.2358176617,-0.1205568848,0.210062936,0.3279573458,0.1065776482,0.8804539857,1.969095452,1.653718285,0.1914388845
15.93333333,-0.4946707673,-0.2280018641,-0.1036967071,0.2230984637,0.3290993201,0.3586016454,0.9956658416,2.074293758,1.47142833,0.08445971927
15.94166667,-0.4906380672,-0.2192185714,-0.08603698791,0.2345325591,0.3293955512,0.6088390576,1.112550089,2.16090069,1.269671378,-0.0115606272
15.95000000,-0.4845320605,-0.2094569247,-0.06773412606,0.2442093018,0.3289379887,0.8559767352,1.23020375,2.228745548,1.049648802,-0.09615883524
15.95833333,-0.4763840319,-0.1987187932,-0.04894008802,0.2519784328,0.3278266458,1.098706949,1.346648335,2.278904738,0.8122876534,-0.1686421697
15.96666667,-0.4662361333,-0.187018999,-0.02980099321,0.2577070156,0.3261578965,1.335729663,1.460853493,2.311569917,0.5602381241,-0.2299679457
15.97500000,-0.4541413075,-0.1743800662,-0.01046206452,0.2612799155,0.324024666,1.565755729,1.571826649,2.3269611,0.2954341287,-0.2803383053
15.98333333,-0.4401631805,-0.16084166,0.008942701027,0.2626064466,0.3215098956,1.787511115,1.675977191,2.328023598,0.02182845728,-0.3219677819
15.99166667,-0.4243758627,-0.1464712196,0.02830216218,0.2616315223,0.3186753532,1.999771097,1.771436102,2.316074896,-0.2561640088,-0.3575487424
16.00000000,-0.4068631341,-0.1313432892,0.04750783601,0.2583375439,0.3155596258,2.201416895,1.8576981,2.291128688,-0.5339756384,-0.3899367325
16.00833333,-0.3877183175,-0.1155362804,0.06645189513,0.2527452735,0.3121771536,2.391278948,1.934351114,2.253317427,-0.8069844553,-0.4220551389
16.01666667,-0.3670441351,-0.09913202564,0.0850280142,0.2449138721,0.3085180773,2.568310779,2.000952025,2.202722004,-1.070467316,-0.4567956272
16.02500000,-0.3449515106,-0.08221610834,0.1030961722,0.2349757784,0.3045489559,2.731530134,2.057112902,2.128644655,-1.309091625,-0.4969004075
16.03333333,-0.3215597118,-0.06487643431,0.1204120167,0.2232037423,0.300215811,2.879978617,2.102591068,2.021029954,-1.50909273,-0.5442213712
16.04166667,-0.2969951138,-0.04720359426,0.1366655057,0.2099580529,0.2954589543,3.012855777,2.137034454,1.8721401,-1.660795257,-0.5986779185
16.05000000,-0.271391019,-0.02929043062,0.1514724905,0.1956930105,0.2902161746,3.129347518,2.160218266,1.671991612,-1.751468799,-0.6608640403
16.05833333,-0.2448865427,-0.01123201384,0.1643541925,0.1809734922,0.2844278375,3.22883424,2.171871853,1.407821932,-1.767626127,-0.7292056226
16.06666667,-0.2176261896,0.006875260732,0.1747194225,0.1664814024,0.2780495999,3.310672695,2.171930745,1.065799937,-1.694412605,-0.8022524588
16.07500000,-0.1897588375,0.02493314056,0.1818753137,0.1530111411,0.2710485385,3.374440065,2.159402879,0.6372682942,-1.521520037,-0.8782065954
16.08333333,-0.1614369993,0.04281155193,0.1851211644,0.1413949123,0.2634139415,3.41968452,2.127933558,0.129975192,-1.25125145,-0.9538138201
16.09166667,-0.1328161567,0.06033559953,0.1838893889,0.1323677368,0.2551602889,3.446176908,2.073500896,-0.4312253227,-0.9057679233,-1.026291274
16.10000000,-0.1040533583,0.077290551,0.1779175662,0.1263829338,0.2463264373,3.453723028,1.990284115,-0.9980457214,-0.53011071,-1.092517364
16.10833333,-0.07530706487,0.09340424519,0.1674057656,0.123464692,0.2369781327,3.442215374,1.869895158,-1.510634757,-0.1787407712,-1.149222676
16.11666667,-0.04673706778,0.1083198156,0.1530439678,0.1232084624,0.2272103403,3.410704576,1.700923947,-1.914227952,0.102951898,-1.192390478
16.12500000,-0.01853797172,0.1215876185,0.1359145655,0.1249238388,0.2171530915,3.3523893,1.471742008,-2.16972038,0.2928594347,-1.218264256
16.13333333,0.00905532458,0.1326196398,0.1173672274,0.1278286239,0.2069633029,3.264780424,1.160416489,-2.251010849,0.3891261939,-1.223387603
16.14166667,0.03578490347,0.140632403,0.09893306689,0.1311756444,0.1968295127,3.144595135,0.7431825381,-2.140097896,0.4013513088,-1.204557572
16.15000000,0.06136052275,0.1446712483,0.08225232692,0.1343210282,0.186962833,2.986798166,0.2062754187,-1.830931323,0.343104533,-1.1589133
16.15833333,0.08543718406,0.1437883765,0.06890456038,0.1367393779,0.1775917015,2.782978867,-0.4302802495,-1.348175193,0.2289254442,-1.085284738
16.16666667,0.1075770125,0.1374325415,0.06006167049,0.1380171389,0.1689512918,2.518914005,-1.08937347,-0.7666776132,0.07194095751,-0.9840240827
16.17500000,0.1271856891,0.1259076476,0.05609745788,0.1378552951,0.1612633612,2.170591111,-1.649289756,-0.1953466559,-0.1146087267,-0.8571977414
16.18333333,0.1434207909,0.1105559683,0.05652086612,0.1360648988,0.1547192955,1.702330196,-1.990765781,0.2753921864,-0.3163180196,-0.7107323464
16.19166667,0.1551003599,0.0935577855,0.06030020581,0.1325830457,0.149451562,1.069685317,-2.035398759,0.6083467128,-0.5182110275,-0.5520926703
16.20000000,0.1606954873,0.07753363006,0.06629359719,0.1274692407,0.1455286336,0.2398403574,-1.758310893,0.8097176324,-0.7050497063,-0.3895525349
16.20833333,0.1586179366,0.06500331001,0.07349214049,0.1209182961,0.1429462508,-0.7590606178,-1.214771176,0.9018508101,-0.8609968086,-0.2315386277
16.21666667,0.1479188541,0.05759510026,0.08108152743,0.113245787,0.1416380137,-1.801332874,-0.5620586684,0.9066057457,-0.9718397313,-0.0848753666
16.22500000,0.12894206,0.05539710851,0.08840311462,0.1048845138,0.1414834136,-2.721697616,0.008316428405,0.8394163955,-1.024305048,0.0446054036
16.23333333,0.1031626867,0.05719862494,0.09489500897,0.09635957066,0.142329975,-3.427570999,0.3897003932,0.7088721327,-1.010115484,0.1553542319
16.24166667,0.07241012584,0.06135032795,0.100059789,0.08825057659,0.1440171469,-3.920845828,0.5774437582,0.5219534135,-0.92428761,0.2464057572
16.25000000,0.03828158103,0.06640226395,0.1034576258,0.08114557327,0.1463885719,-4.246140957,0.6137431551,0.2864541234,-0.7702313002,0.3199148556
16.25833333,0.001978427116,0.0712826027,0.104736132,0.07557538227,0.1493038391,-4.449682325,0.5428892649,0.01590366227,-0.5582889233,0.377343362
16.26666667,-0.03563896782,0.07524247688,0.1036857338,0.07194306993,0.1526433303,-4.566177326,0.39687146,-0.2679361321,-0.3094242665,0.422259557
16.27500000,-0.0739459192,0.07774545596,0.1003072435,0.07044999176,0.1563131446,-4.618121055,0.1960415865,-0.5386078245,-0.04916441608,0.4569783665
16.28333333,-0.1124783166,0.0784068789,0.09481329105,0.07108445446,0.1602375162,-4.624688205,-0.04068834281,-0.7717669042,0.1970538451,0.4837331487
16.29166667,-0.150952445,0.07701883668,0.08760771432,0.07363540736,0.1643594459,-4.604867262,-0.2952018429,-0.9470642858,0.4083256103,0.5047611291
16.30000000,-0.1891560103,0.07344624296,0.07921477254,0.07775834817,0.1686400914,-4.559814877,-0.5642665907,-1.056222616,0.5730043327,0.5221025241
16.30833333,-0.2268801046,0.06758800907,0.07018400118,0.08304476932,0.1730544502,-4.489853758,-0.8427951287,-1.101049833,0.6874781449,0.537028974
16.31666667,-0.2639192481,0.05939054356,0.06102114081,0.08908093618,0.1775868593,-4.395517594,-1.124416289,-1.089861187,0.7536107688,0.5505853018
16.32500000,-0.3000725945,0.04886514399,0.05213626995,0.09548435058,0.1822286306,-4.277383387,-1.399727677,-1.037000072,0.7766165474,0.5633193145
16.33333333,-0.3351447122,0.03610663287,0.04381086821,0.1019220273,0.1869733953,-4.136145612,-1.658930515,-0.9578764188,0.762841354,0.5752773409
16.34166667,-0.3689463274,0.02128577092,0.0362038952,0.108115174,0.1918135276,-3.972595767,-1.893124617,-0.8668369231,0.7188257315,0.5861239819
16.35000000,-0.4012951407,0.004647317181,0.02935958843,0.1138361469,0.1967372834,-3.787624591,-2.094351002,-0.7765292886,0.6506622168,0.5952188337
16.35833333,-0.4320167165,-0.01351796843,0.02324090708,0.1189053493,0.2017265776,-3.582232207,-2.258832804,-0.6939252316,0.5631983599,0.6016931897
16.36666667,-0.4609454467,-0.03289446583,0.01775897425,0.1231847349,0.2067553757,-3.357538758,-2.385041691,-0.6241418171,0.4618589321,0.6045160615
16.37500000,-0.4879255881,-0.05316321447,0.01279953628,0.1265742773,0.2117884917,-3.114792871,-2.473371595,-0.5683637248,0.350211361,0.6025338765
16.38333333,-0.5128123328,-0.07401630383,0.008244714832,0.1290053741,0.2167810451,-2.855369162,-2.525723698,-0.5270166766,0.2325939176,0.5945907275
16.39166667,-0.5354728232,-0.09516559093,0.00397865157,0.1304438605,0.221678682,-2.580753017,-2.544823489,-0.4988436635,0.1124569554,0.5795768716
16.40000000,-0.5557870954,-0.1163462715,-9.97525789e-05,0.1308787609,0.226419789,-2.292539746,-2.533620076,-0.4817653937,-0.008002104315,0.5570482158
16.40833333,-0.573648747,-0.1373171327,-0.004075207799,0.1303150971,0.2309412317,-1.992416115,-2.495001882,-0.4737365968,-0.1268087109,0.5267523498
16.41666667,-0.5889656771,-0.157859297,-0.008017058819,0.1287761663,0.2351758372,-1.682094533,-2.431262433,-0.4733282176,-0.2416890192,0.4881247462
16.42500000,-0.6016603015,-0.1777751947,-0.01198138385,0.1263043155,0.2390523259,-1.363365201,-2.344958349,-0.479031743,-0.3503587936,0.4407483671
16.43333333,-0.6116701063,-0.1969001623,-0.01599901454,0.122957714,0.2424979109,-1.038038725,-2.242958815,-0.484709715,-0.4516076603,0.3849157127
16.44166667,-0.6189475975,-0.2151236158,-0.0200523692,0.1187994577,0.2454465698,-0.7079080827,-2.128639832,-0.4876835997,-0.544953949,0.3215101596
16.45000000,-0.6234602373,-0.2323440979,-0.02412084024,0.1139003924,0.2478358052,-0.3747748085,-2.002301649,-0.488412241,-0.6292188606,0.2506904706
16.45833333,-0.6251904362,-0.2484628481,-0.02818767284,0.1083403428,0.2496050956,-0.04041524427,-1.864274044,-0.4873808192,-0.7035303934,0.1728731868
16.46666667,-0.6241353137,-0.2633839249,-0.03224045252,0.1022019809,0.2507017093,0.2934078048,-1.714943456,-0.4851514272,-0.7679755583,0.0894569046
16.47500000,-0.6203067147,-0.2770153491,-0.03627209932,0.09557023293,0.251082546,0.6249243113,-1.554855322,-0.4823927083,-0.8218257804,0.001184815756
16.48333333,-0.6137310252,-0.2892701516,-0.04027998029,0.08853582941,0.250709724,0.9524389393,-1.384679022,-0.4795055897,-0.8645418111,-0.09130879076
16.49166667,-0.6044484963,-0.300067225,-0.04426453153,0.08119145603,0.2495525803,1.274283877,-1.205114352,-0.476853645,-0.8966562389,-0.186453095
16.50000000,-0.5925130668,-0.3093317319,-0.04822892554,0.07361355498,0.2476048145,1.588877959,-1.017025617,-0.4746978759,-0.9207050714,-0.2807960087
16.50833333,-0.5779916947,-0.316996729,-0.05217795465,0.06586900384,0.2448769408,1.894669728,-0.8214202777,-0.4731848355,-0.936609884,-0.3735933793
16.51666667,-0.5609637913,-0.3230043283,-0.05611734769,0.05802657912,0.2413839675,2.190201566,-0.6194462177,-0.4723923715,-0.944170436,-0.4643357244
16.52500000,-0.5415207033,-0.3273066381,-0.06005323757,0.0501563188,0.2371451072,2.474080677,-0.4123635509,-0.4723847638,-0.943238175,-0.5525252173
16.53333333,-0.5197651331,-0.3298666711,-0.06399432858,0.04233143031,0.2321836024,2.744976283,-0.2015287654,-0.4737163938,-0.9331985849,-0.6376939685
16.54166667,-0.4958125264,-0.330657153,-0.06795222891,0.03462833652,0.2265265465,3.000130359,0.01313021315,-0.476383198,-0.9140459692,-0.7193813525
16.55000000,-0.4698396481,-0.3296112504,-0.07193703472,0.02712181995,0.2202048295,3.22835693,0.2402714654,-0.4801218329,-0.8860818955,-0.7971395048
16.55833333,-0.4420984682,-0.3266079279,-0.07595625424,0.01988357778,0.2132529955,3.42371875,0.4832868021,-0.4845757158,-0.8497438883,-0.8705396993
16.56666667,-0.412884673,-0.3215038019,-0.08001406615,0.01298112767,0.2057090733,3.580860932,0.7449570854,-0.4893041584,-0.8055956437,-0.9391747534
16.57500000,-0.3825406333,-0.3141303223,-0.08411066761,0.006476806481,0.1976143864,3.693943136,1.028533535,-0.4937944941,-0.7543145736,-1.002661449
16.58333333,-0.3514580027,-0.3042912651,-0.08824189372,0.0004270438689,0.189013344,3.757152812,1.337235718,-0.497569554,-0.6965837996,-1.060642947
16.59166667,-0.320075784,-0.2917644746,-0.09240079586,-0.005116439854,0.1799532105,3.765130613,1.673901658,-0.500354942,-0.6329488156,-1.112791163
16.60000000,-0.2888679551,-0.2763128831,-0.09657664797,-0.01010858209,0.1704838564,3.714986734,2.03913163,-0.5015148308,-0.5644483321,-1.158809068
16.60833333,-0.2583209286,-0.2577059906,-0.1007519942,-0.0145135648,0.1606574841,3.60714068,2.429657786,-0.4995031388,-0.4922206936,-1.198438464
16.61666667,-0.2288933833,-0.2358018479,-0.1048575677,-0.01830499659,0.1505281312,3.447876543,2.82653243,-0.4825015758,-0.4173778153,-1.231495184
16.62500000,-0.2009609835,-0.2106458202,-0.1087254758,-0.02146548178,0.1401513356,3.250985013,3.205856401,-0.4409801244,-0.3409733631,-1.257772147
16.63333333,-0.1747685881,-0.1824965399,-0.1121102253,-0.02399406854,0.1295927969,3.033121507,3.539832199,-0.3644423549,-0.2666371737,-1.274281485
16.64166667,-0.1504199944,-0.1518668018,-0.1146602755,-0.02592288579,0.1189473291,2.811237764,3.794976072,-0.237474992,-0.1971191173,-1.278549583
16.65000000,-0.1278828922,-0.1195771314,-0.1158651379,-0.02729325301,0.1083188604,2.600317648,3.931226273,-0.03697965671,-0.1325630477,-1.27013965
16.65833333,-0.1070314978,-0.08679281004,-0.1149840915,-0.02814645707,0.09781693529,2.407462425,3.906477229,0.2689444125,-0.07304887817,-1.247859882
16.66666667,-0.08770713211,-0.05503066262,-0.1109886308,-0.0285212205,0.08756236009,2.233336097,3.679668527,0.7164102503,-0.01725061641,-1.210768098
16.67500000,-0.06976754589,-0.0260972812,-0.1025834073,-0.02843440565,0.07767906479,2.073908621,3.227398305,1.327817281,0.03830174791,-1.158553999
16.68333333,-0.05312040261,-0.001779948099,-0.08848573644,-0.02787135797,0.06829938893,1.922143494,2.584158658,2.069989982,0.09849848208,-1.089810186
16.69166667,-0.03773369132,0.0167605162,-0.06804203737,-0.02674784802,0.05956101801,1.769825367,1.86625081,2.825206613,0.1750305042,-1.00460139
16.70000000,-0.02364668587,0.02953811467,-0.04180764702,-0.02486523284,0.05160622304,1.60913599,1.222936363,3.435297191,0.2840556902,-0.9015193468
16.70833333,-0.01095378552,0.03760825159,-0.0115078993,-0.02185184251,0.04458572203,1.434377382,0.7442960534,3.78853233,0.451477859,-0.7803178863
16.71666667,0.000206446174,0.0424320456,0.02050409963,-0.01708921051,0.03865807187,1.240710772,0.4402949342,3.844037391,0.7095982727,-0.6387473171
16.72500000,0.009668772796,0.04533732866,0.05172930438,-0.009677451701,0.03400223903,1.026996599,0.2768518805,3.601700049,1.091649771,-0.4743766623
16.73333333,0.01727165192,0.04732098655,0.07978164518,0.001471906591,0.03083233315,0.7946696408,0.212855789,3.090697505,1.603764508,-0.2810116179
16.74166667,0.02286841608,0.04906753179,0.1027060427,0.01726572606,0.02942788543,0.5463603335,0.2148099393,2.389389099,2.190241605,-0.04845291242
16.75000000,0.02635068418,0.05100515276,0.1194438293,0.03783233853,0.03017844212,0.2883752623,0.2546602564,1.62988765,2.72464556,0.2394829564
16.75833333,0.02766859202,0.05335869677,0.1300721913,0.06214309694,0.03363192509,0.02821550253,0.3113137885,0.9407536548,3.069097602,0.604115847
16.76666667,0.02683686516,0.05619182922,0.135510159,0.08823092635,0.04051895737,-0.2262171385,0.367366938,0.3889655198,3.144928834,1.066196114
16.77500000,0.02393571503,0.05944281906,0.1369499218,0.1138015077,0.05169093437,-0.4672868921,0.4096648797,-0.02169266074,2.95061712,1.630972477
16.78333333,0.01909858672,0.06295788653,0.13547161,0.13682444,0.06790790107,-0.6902608585,0.4296519346,-0.3162453536,2.547835083,2.268433871
16.79166667,0.01249426547,0.06652195287,0.131925329,0.1559680245,0.08950610799,-0.8907573407,0.4202598709,-0.5219124965,2.037993244,2.908541527
16.80000000,0.004317950087,0.06986928718,0.1269634225,0.1707882317,0.1161608464,-1.067494263,0.377329039,-0.6589253595,1.525646119,3.46969781
16.80833333,-0.00522785679,0.07271322051,0.1210918104,0.1815837766,0.1469629878,-1.219560382,0.2995497907,-0.7422563428,1.079453544,3.898710459
16.81666667,-0.01594290581,0.07476447335,0.1147185541,0.1890294423,0.1807372593,-1.348076133,0.1869296077,-0.7802737217,0.72221375,4.183961144
16.82500000,-0.02763419392,0.07574043893,0.1081907745,0.1938507121,0.2163392093,-1.45433359,0.04245133903,-0.7806805217,0.4474309637,4.340907634
16.83333333,-0.04012348941,0.07539148742,0.1017997809,0.1966653993,0.2527961742,-1.539708383,-0.1306298125,-0.7481663145,0.2373804602,4.393368482
16.84166667,-0.05324448102,0.07350263984,0.09579195682,0.1979391166,0.2893366336,-1.606348276,-0.3256942278,-0.6900965795,0.07505905493,4.364331846
16.85000000,-0.06684714701,0.06992357734,0.09034785952,0.1980100026,0.3253586026,-1.655435693,-0.5349985009,-0.614160829,-0.05335357993,4.271565161
16.85833333,-0.08079147217,0.06457157403,0.08558340658,0.1971163271,0.3603895506,-1.688750918,-0.7495611463,-0.5283470697,-0.15775577,4.128360207
16.86666667,-0.09495330925,0.0574411685,0.08154651705,0.1954175666,0.3940634371,-1.707784398,-0.960422758,-0.4409599293,-0.2497857156,3.949646706
16.87500000,-0.1092174716,0.04859786577,0.07821504707,0.1929569688,0.4261588889,-1.713474182,-1.159296998,-0.3603685759,-0.3403594459,3.74986899
16.88333333,-0.1234769864,0.03817435538,0.07550130347,0.1897546035,0.4565059765,-1.706843714,-1.338674344,-0.2936084902,-0.4274676629,3.530214443
16.89166667,-0.1376347107,0.02635266189,0.07327406731,0.1858476175,0.484943568,-1.689434538,-1.494008633,-0.2441423789,-0.5091594149,3.291779228
16.90000000,-0.1516084826,0.01335399405,0.07137346775,0.1812892956,0.5113200342,-1.662739471,-1.620990198,-0.2154837263,-0.5834357982,3.035749828
16.90833333,-0.1653217758,-0.0005853519998,0.06962381414,0.176149151,0.5354940434,-1.626952408,-1.719586236,-0.2081323219,-0.6485764954,2.763412618
16.91666667,-0.1786995847,-0.01522883084,0.06784698198,0.1705081384,0.5573354205,-1.582251495,-1.790415555,-0.2215815732,-0.7034985549,2.476159273
16.92500000,-0.1916691437,-0.03035050586,0.0658758621,0.1644544851,0.5767260198,-1.529212092,-1.834342489,-0.2545446746,-0.7475323844,2.175479461
16.93333333,-0.2041679613,-0.04572979763,0.06355836527,0.1580801896,0.59356054,-1.469463897,-1.852400416,-0.3043507121,-0.7804455519,1.862966499
16.94166667,-0.2161438943,-0.06115438231,0.06076170003,0.151477493,0.6077472767,-1.40383996,-1.845657692,-0.3689425829,-0.8024105814,1.540297673
16.95000000,-0.2275508813,-0.07642784542,0.0573761498,0.1447364094,0.6192087469,-1.333025057,-1.816242768,-0.445547552,-0.8136360365,1.209203006
16.95833333,-0.2383482701,-0.09136558379,0.05330744897,0.1379457067,0.6278822523,-1.257632719,-1.765544784,-0.5322462795,-0.8145070092,0.8714818519
16.96666667,-0.2485002307,-0.1058009144,0.04848715176,0.1311864231,0.6337200943,-1.178207749,-1.695870553,-0.6255182499,-0.8063394634,0.5289548162
16.97500000,-0.2579752085,-0.11958088,0.04287084241,0.1245274586,0.6366900031,-1.095232089,-1.608500862,-0.7228385586,-0.7907108145,0.1834892075
16.98333333,-0.2667464539,-0.1325700373,0.03644297783,0.1180237493,0.6367752722,-1.009508995,-1.506886185,-0.8191508157,-0.7693831253,-0.1630476347
16.99166667,-0.2747948664,-0.1446631586,0.02923248114,0.1117150788,0.6339747872,-0.9218052443,-1.393580658,-0.9103694905,-0.7442138217,-0.5087761891
17.00000000,-0.2821051341,-0.1557662605,0.02128924542,0.1056256578,0.6283031634,-0.8323948937,-1.269433747,-0.9947178826,-0.7170727378,-0.8518065456
17.00833333,-0.288664024,-0.1657929164,0.01267763706,0.09976427539,0.619790748,-0.7415102958,-1.135400438,-1.070507828,-0.6897808193,-1.190251919
17.01666667,-0.2944600791,-0.1746649534,0.003475429128,0.09412497192,0.6084835976,-0.6493426477,-0.9924994025,-1.136247731,-0.664026326,-1.522229953
17.02500000,-0.2994832526,-0.1823130584,-0.006230403681,0.08869082277,0.5944432958,-0.5560401487,-0.8418557736,-1.191338332,-0.6406147846,-1.845910925
17.03333333,-0.3037245752,-0.188677789,-0.01634866769,0.08343905415,0.5777464955,-0.4617168129,-0.6846980661,-1.235080334,-0.6204375735,-2.159488532
17.04166667,-0.3071766288,-0.1937094853,-0.02678129615,0.07833846793,0.5584846666,-0.3666845968,-0.5220902476,-1.266668889,-0.6044775707,-2.461232846
17.05000000,-0.3098343496,-0.1973682071,-0.03742390601,0.07335060246,0.5367634918,-0.2710627759,-0.3557328932,-1.28509693,-0.5934851859,-2.749466656
17.05833333,-0.3116924553,-0.1996433454,-0.04815176242,0.06843285974,0.5127022029,-0.174762671,-0.1908698262,-1.286704481,-0.5874970682,-3.022605549
17.06666667,-0.3127449819,-0.2005620366,-0.05882002962,0.06354700154,0.4864328229,-0.07771581299,-0.03056016313,-1.270687947,-0.58581987,-3.279167927
17.07500000,-0.3129855811,-0.2001717838,-0.0692789342,0.05865757683,0.4580993014,0.02009834542,0.1227452186,-1.23619931,-0.5883147138,-3.517777446
17.08333333,-0.3124080053,-0.1985456795,-0.07936685755,0.05373120919,0.4278565763,0.1186306552,0.2655870707,-1.18149876,-0.5945953827,-3.737173737
17.09166667,-0.3110067998,-0.1957802189,-0.08891394677,0.04873915271,0.3958696289,0.2177365355,0.395712153,-1.106295549,-0.603893114,-3.93620573
17.10000000,-0.3087784567,-0.1919956334,-0.09774523065,0.04366226959,0.3623125785,0.3170347344,0.509797842,-1.009671277,-0.6147168571,-4.113830239
17.10833333,-0.3057240846,-0.1873326582,-0.105682766,0.03849283707,0.3273678082,0.4159010851,0.6059994244,-0.8915778951,-0.6259306708,-4.269107458
17.11666667,-0.3018494571,-0.1819527525,-0.1125430012,0.03323218263,0.2912251349,0.5137965642,0.6817493935,-0.7513228941,-0.6364075351,-4.401202755
17.12500000,-0.297165324,-0.1760322931,-0.11814316,0.02789136783,0.254080983,0.6100620706,0.7352617127,-0.588999129,-0.6449513118,-4.509358091
17.13333333,-0.2916884592,-0.1697613471,-0.122302312,0.02249179063,0.2161375323,0.7039101655,0.7659671883,-0.405886869,-0.6503095378,-4.592924428
17.14166667,-0.2854427296,-0.1633313867,-0.1248532895,0.01706540782,0.1776018884,0.7944270951,0.7735152977,-0.2034175676,-0.6512525422,-4.651326408
17.15000000,-0.2784600802,-0.1569260512,-0.1256513035,0.01161918618,0.138720518,0.8805986828,0.7605599748,0.01403699391,-0.6584306126,-4.672286043
17.15833333,-0.2707811465,-0.150705948,-0.124589583,0.006038842966,0.09987483876,0.961345001,0.7296635486,0.241856345,-0.6845578331,-4.641212392
17.16666667,-0.2624559837,-0.1447996419,-0.1216142369,0.0001353301305,0.06154038954,1.035495587,0.6863079194,0.4718818433,-0.7377378726,-4.547518174
17.17500000,-0.2535445048,-0.1392840351,-0.1167427863,-0.006365554225,0.02429553377,1.101865115,0.6369950033,0.6954361436,-0.8301165658,-4.377205249
17.18333333,-0.2441173136,-0.1341804418,-0.1100715922,-0.01384450174,-0.01115434691,1.158936194,0.588643133,0.9018446511,-0.9744887131,-4.113933662
17.19166667,-0.2342593449,-0.1294517908,-0.1017897878,-0.02278420827,-0.04396892356,1.205058093,0.5480065263,1.079940994,-1.181993274,-3.742582846
17.20000000,-0.2240663121,-0.1250103549,-0.09218821421,-0.03372109441,-0.07321141727,1.239201081,0.5205152491,1.216198459,-1.452236243,-3.256916651
17.20833333,-0.2136414072,-0.120730775,-0.08167905765,-0.04709785763,-0.09796944162,1.260605747,0.509256033,1.295082355,-1.760928523,-2.6706937
17.21666667,-0.2030936218,-0.1164759354,-0.07081741013,-0.06301945123,-0.117552562,1.268435204,0.5149311069,1.296578732,-2.050699611,-2.023441946
17.22500000,-0.1925421906,-0.1120982288,-0.06036519144,-0.08099652006,-0.1316746289,1.261452827,0.5385653185,1.191084101,-2.239483181,-1.369116267
17.23333333,-0.1821097015,-0.1074606881,-0.05136474753,-0.0998236251,-0.1404850121,1.239976303,0.5763520588,0.9417508277,-2.241307157,-0.7551540438
17.24166667,-0.1719142738,-0.1024682472,-0.04517711441,-0.1176464161,-0.1444450499,1.204692423,0.622731704,0.5106729003,-1.990887391,-0.2069850696
17.25000000,-0.1620697576,-0.0970760399,-0.04338699186,-0.132260715,-0.1441252712,1.155727135,0.6710127655,-0.1096112564,-1.475714918,0.2731194042
17.25833333,-0.152687685,-0.09130813572,-0.04733726486,-0.1417075416,-0.1400534276,1.093975827,0.7105053801,-0.8465127271,-0.7714838969,0.6958423842
17.26666667,-0.1438677666,-0.08530359025,-0.05738093651,-0.1450248752,-0.1326504871,1.021082513,0.7249521204,-1.542392647,-0.03345365648,1.074800755
17.27500000,-0.1356963161,-0.0793527454,-0.07248703115,-0.1425851563,-0.1222311719,0.9385725811,0.6935878299,-2.041136774,0.5925572936,1.420984305
17.28333333,-0.1282484843,-0.07394234893,-0.0906336272,-0.1356349627,-0.1090373278,0.8475416318,0.5905338339,-2.266393089,1.046505743,1.741587445
17.29166667,-0.1215933659,-0.06978724407,-0.1094794971,-0.1255823004,-0.09327056765,0.7482825606,0.3879520977,-2.211320724,1.343207171,2.038395038
17.30000000,-0.1158030577,-0.06780924672,-0.1267775381,-0.1135686877,-0.07513306972,0.6395223806,0.06645003026,-1.900637747,1.524206802,2.310501708
17.30833333,-0.1109712165,-0.06898961628,-0.14057168,-0.1003931523,-0.05483426367,0.5175799939,-0.3650302751,-1.380711322,1.628059074,2.556582677
17.31666667,-0.1072257304,-0.07405266837,-0.1494256663,-0.08655989966,-0.03260576954,0.3779628833,-0.8523459808,-0.7310268127,1.686277152,2.773129139
17.32500000,-0.1047422507,-0.08308639476,-0.1526870862,-0.07236179992,-0.008700533918,0.2130863595,-1.30065181,-0.05648189032,1.718245294,2.958822333
17.33333333,-0.1037663201,-0.09537093709,-0.1505570461,-0.05795646362,0.0166157599,0.01470481256,-1.620634616,0.5511922709,1.737538588,3.111561795
17.34166667,-0.1046110165,-0.1096058299,-0.1438233699,-0.04341791908,0.04306839763,-0.2248050052,-1.765206993,1.044411144,1.751344876,3.231529669
17.35000000,-0.1076348806,-0.124299233,-0.1334833271,-0.02876867312,0.07038177282,-0.5081305812,-1.733477255,1.418440019,1.764397226,3.318346817
17.35833333,-0.1131867949,-0.1380833747,-0.1204666436,-0.01400953146,0.09828556454,-0.8295453759,-1.55316229,1.69025111,1.778122703,3.373203653
17.36666667,-0.1215238347,-0.1498842842,-0.1055377791,0.0008706929932,0.1265164071,-1.173067198,-1.265017253,1.880882562,1.7932859,3.397287203
17.37500000,-0.1327270826,-0.1589983133,-0.08929218961,0.01588275109,0.1548253633,-1.512626346,-0.9160963511,2.008942412,1.809893086,3.392024548
17.38333333,-0.1466427279,-0.1651071266,-0.07219030306,0.03103678427,0.1829743856,-1.819617537,-0.5502634632,2.088283384,1.827087703,3.359325118
17.39166667,-0.1629034769,-0.1682132438,-0.05459477306,0.04633449627,0.2107414474,-2.072500317,-0.1998674759,2.128732806,1.844322276,3.300520755
17.40000000,-0.1810003684,-0.1685366187,-0.03680016226,0.06176234156,0.2379253543,-2.259257057,0.1153476088,2.137137045,1.8570849,3.220668555
17.40833333,-0.2003674812,-0.1664102964,-0.01905206813,0.07726458769,0.2643707949,-2.377794734,0.3876135391,2.118298783,1.862179452,3.123363398
17.41666667,-0.220455333,-0.1621951227,-0.001559419184,0.09277709919,0.289934475,-2.433459277,0.617335774,2.076250515,1.859505261,3.009165979
17.42500000,-0.240773719,-0.1562300133,0.01549927244,0.1082339304,0.3144787481,-2.434547934,0.8074717694,2.015596813,1.848772929,2.878826399
17.43333333,-0.2609024734,-0.148842386,0.03199876978,0.1235670347,0.3378719906,-2.389392883,0.9599045311,1.942247628,1.829766767,2.733050105
17.44166667,-0.2804906253,-0.1403178886,0.0478374149,0.1387061129,0.3599892152,-2.305995746,1.081305787,1.857147253,1.802147226,2.572742465
17.45000000,-0.2992479505,-0.1308917915,0.06292128183,0.1535782249,0.3807131109,-2.191010205,1.17710156,1.761270313,1.765666458,2.398792939
17.45833333,-0.316957135,-0.1207364843,0.07716490078,0.1681085548,0.3999339352,-2.057298512,1.258977076,1.655668338,1.720067435,2.212186591
17.46666667,-0.3335054432,-0.1099298212,0.09049181513,0.1822198955,0.4175507899,-1.912511953,1.333317768,1.541449551,1.665074591,2.014018421
17.47500000,-0.3488038394,-0.09853687564,0.1028349715,0.1958333466,0.4334716564,-1.757464472,1.399609808,1.419761195,1.600549125,1.805330889
17.48333333,-0.3627701246,-0.08662670818,0.1141370522,0.2088685531,0.4476136623,-1.592931653,1.457374126,1.291788581,1.526256546,1.587292866
17.49166667,-0.3753288472,-0.07427201525,0.1243505635,0.2212434626,0.4599039419,-1.419812777,1.506245603,1.158696958,1.442069685,1.361120989
17.50000000,-0.3864124152,-0.06154821664,0.1334376249,0.2328755581,0.4702798401,-1.239036156,1.545897031,1.021628581,1.347992269,1.128045194
17.50833333,-0.3959607601,-0.04853345286,0.141369743,0.2436829066,0.478688866,-1.051533022,1.576052167,0.8816917315,1.24416028,0.889276175
17.51666667,-0.4039222178,-0.03530736762,0.1481274731,0.2535850239,0.4850888064,-0.8583612643,1.596602494,0.7399478723,1.130778153,0.6460781711
17.52500000,-0.4102539853,-0.02195021779,0.1536999824,0.2625035188,0.4894480977,-0.6605770965,1.607499938,0.597400691,1.008151437,0.3997346376
17.53333333,-0.4149218893,-0.00854252689,0.1580845292,0.2703630287,0.4917458863,-0.4592160664,1.608745925,0.4549870655,0.8767017729,0.1515320992
17.54166667,-0.4179007514,0.004833956647,0.1612876287,0.2770922501,0.491972044,-0.2553946726,1.599365855,0.3146227393,0.7370223495,-0.09724354212
17.55000000,-0.4191747665,0.01806958007,0.1633494573,0.2826274638,0.4901270156,-0.05024110829,1.574478674,0.1816189383,0.5903543647,-0.3453477427
17.55833333,-0.4187375448,0.03102987917,0.1643395992,0.286914752,0.4862216119,0.155113268,1.533205467,0.05765875844,0.4376618699,-0.5915211222
17.56666667,-0.4165921423,0.04357270638,0.1643429629,0.2899075625,0.480277231,0.359532884,1.473986561,-0.05475978958,0.2798426941,-0.8344904087
17.57500000,-0.4127510758,0.05554508764,0.1634627171,0.2915675234,0.4723258623,0.561884345,1.39621958,-0.1541961468,0.1179696859,-1.072987675
17.58333333,-0.4072362619,0.06678647131,0.1618162158,0.2918656225,0.4624102133,0.7610523377,1.298310925,-0.2383111334,-0.04705594881,-1.305447471
17.59166667,-0.4000785709,0.07712699962,0.1595357686,0.2907659448,0.4506007784,0.9560027717,1.179799592,-0.3060362092,-0.2179231661,-1.526635339
17.60000000,-0.3913175465,0.0863889618,0.1567661852,0.2882177669,0.4370046797,1.145674786,1.039555276,-0.3557272707,-0.3944660867,-1.734011512
17.60833333,-0.3810015846,0.09439270982,0.1536579991,0.2841795771,0.4217430448,1.329014335,0.8776072919,-0.3870296719,-0.5754387221,-1.92596535
17.61666667,-0.3691875153,0.1009573121,0.1503653851,0.2786161942,0.404954987,1.505078386,0.6946082286,-0.4004328924,-0.7602733246,-2.100083819
17.62500000,-0.3559397034,0.1059135423,0.1470314092,0.2715029236,0.3867944624,1.672950523,0.4917375192,-0.3970874037,-0.9470937604,-2.255162451
17.63333333,-0.3413303979,0.1091071241,0.1437843581,0.2628281156,0.3674280973,1.831692358,0.2723844486,-0.3804116301,-1.13490967,-2.389092494
17.64166667,-0.3254389888,0.1104197926,0.1407150368,0.2525907133,0.34703818,1.980526045,0.04089486997,-0.3551177298,-1.321610552,-2.50073829
17.65000000,-0.3083514794,0.1097681602,0.1378718918,0.2408135031,0.3258143909,2.118615864,-0.197963201,-0.3275303332,-1.504029163,-2.588874722
17.65833333,-0.29016068,0.1071182987,0.1352410841,0.2275434183,0.303958224,2.245212809,-0.4375915775,-0.3053772462,-1.679294293,-2.652559438
17.66666667,-0.2709650016,0.102490867,0.1327440475,0.2128583057,0.2816719229,2.359665721,-0.6715091023,-0.2970954674,-1.842638747,-2.692083493
17.67500000,-0.2508686031,0.09595951813,0.1302271533,0.1968768347,0.2591598164,2.461274921,-0.8935704601,-0.3112860212,-1.989886368,-2.706704722
17.68333333,-0.2299809402,0.08764189097,0.127472691,0.1797570828,0.2366266422,2.549495049,-1.099814733,-0.3551503305,-2.114550984,-2.697427166
17.69166667,-0.2084155903,0.07768165479,0.1242078833,0.1617170158,0.2142642123,2.623832298,-1.287235621,-0.435126737,-2.209343868,-2.666000362
17.70000000,-0.1862903146,0.06624796773,0.1201031437,0.1430364723,0.1922509749,2.68380398,-1.453227369,-0.5575812722,-2.267208332,-2.613732477
17.70833333,-0.1637265158,0.05351901058,0.1147905497,0.1240482491,0.1707573818,2.729029017,-1.598250297,-0.7252443604,-2.282269767,-2.54155413
17.71666667,-0.1408480639,0.03966846111,0.1078870749,0.1051295125,0.1499424111,2.759285879,-1.722421731,-0.9392610597,-2.250169646,-2.451122807
17.72500000,-0.117784726,0.02487128934,0.09901654512,0.086677344,0.1299521678,2.77131064,-1.823833848,-1.195843641,-2.170953302,-2.343818631
17.73333333,-0.09477065774,0.009387437086,0.08786446098,0.06906405031,0.1109227919,2.744252485,-1.884322777,-1.484947331,-2.050166942,-2.220654334
17.74166667,-0.07219779875,-0.006384098157,0.07422232843,0.05258737083,0.09298334594,2.662850485,-1.890719796,-1.790195718,-1.900841932,-2.082335512
17.75000000,-0.05059366141,-0.02192932314,0.05804018618,0.03741593805,0.07625768647,2.507951013,-1.826745567,-2.090966838,-1.739800982,-1.929446266
17.75833333,-0.0306778822,-0.036569396,0.03944599976,0.02357518522,0.0608644088,2.252451564,-1.668969229,-2.365425048,-1.584294402,-1.762710779
17.76666667,-0.01342081539,-0.04940858707,0.01874925634,0.01095138628,0.04691454738,1.864463722,-1.389954698,-2.592239796,-1.45002542,-1.583262876
17.77500000,-4.661923676e-05,-0.05934430359,-0.003577727034,-0.0006733674029,0.03450715773,1.318108295,-0.9712673459,-2.753989286,-1.345297865,-1.392873388
17.78333333,0.008124898628,-0.065251718,-0.02693013254,-0.01155921475,0.02372347932,0.6215236352,-0.4309809879,-2.836110628,-1.27232424,-1.194052811
17.79166667,0.01007381839,-0.06641169692,-0.05058106695,-0.02195862171,0.01462079096,-0.1590333861,0.1486106679,-2.822811871,-1.227521912,-0.9900304644
17.80000000,0.005545519854,-0.06303909097,-0.07365122213,-0.0320769033,0.007226755845,-0.9143954123,0.633150367,-2.692322274,-1.203520885,-0.7846543785
17.80833333,-0.00483962705,-0.05648101438,-0.09504260628,-0.04204883229,0.001535368454,-1.554255017,0.8956423296,-2.413775434,-1.190970528,-0.5821082663
17.81666667,-0.01994640351,-0.04894615465,-0.11336666,-0.05192836015,-0.002494851773,-2.047083522,0.8595910213,-1.950395019,-1.179345103,-0.3866860989
17.82500000,-0.03858896854,-0.04303303623,-0.1269721849,-0.06167990928,-0.004938783975,-2.407451857,0.5097271433,-1.281527838,-1.158953452,-0.2016353146
17.83333333,-0.05978803291,-0.04115170722,-0.1342654943,-0.07119435839,-0.005888793398,-2.665856197,-0.08917296137,-0.4505707475,-1.120515919,-0.02861163671
17.84166667,-0.08281636495,-0.04478267532,-0.1344011269,-0.08027218597,-0.005455907748,-2.850579209,-0.7818679417,0.4080147434,-1.052443049,0.1301533569
17.85000000,-0.1071515612,-0.0539448514,-0.127848602,-0.088624941,-0.003757896871,-2.982115559,-1.392129553,1.130798473,-0.9442435706,0.2749747189
17.85833333,-0.1324077595,-0.06748021502,-0.1162060655,-0.09585966604,-0.0009137477759,-3.073404672,-1.82443557,1.621808682,-0.7819356054,0.4053322149
17.86666667,-0.1582812944,-0.0838514527,-0.1014983232,-0.1014722119,0.002962442468,-3.131097594,-2.077593406,1.8691527,-0.5527696242,0.5228728396
17.87500000,-0.1845130512,-0.1017179471,-0.08565656521,-0.1048500078,0.007766913373,-3.159877611,-2.190784023,1.899558451,-0.2439061159,0.6282524053
17.88333333,-0.2108695654,-0.1200945118,-0.07034499835,-0.1053043617,0.01340538303,-3.161134097,-2.206558505,1.747980749,0.1484815003,0.7235215743
17.89166667,-0.2371255406,-0.1383157893,-0.05691906303,-0.1021701812,0.01980363014,-3.136109961,-2.157842556,1.454709803,0.6136957986,0.8108997004
17.90000000,-0.263068593,-0.155940173,-0.04635312529,-0.09496032927,0.02690415792,-3.086074149,-2.066336278,1.071000944,1.119665358,0.8924508701
17.90833333,-0.2884913604,-0.1726771277,-0.03914923403,-0.08353559336,0.03466831297,-3.011304411,-1.946855381,0.6584486696,1.616038795,0.9705822958
17.91666667,-0.3131922949,-0.1883333975,-0.03530044053,-0.06819564561,0.04307771769,-2.913153558,-1.808055763,0.2737264591,2.052063474,1.047694598
17.92500000,-0.3369820184,-0.2027744285,-0.03440692149,-0.04960024278,0.05213592317,-2.792725789,-1.656290059,-0.04660764539,2.393304538,1.126932313
17.93333333,-0.3596780005,-0.2159295206,-0.0358466789,-0.02860669047,0.0618728809,-2.650834478,-1.500644935,-0.2851912725,2.627315842,1.210803842
17.94166667,-0.3811083489,-0.2277791787,-0.0389476374,-0.006097696778,0.07233492787,-2.489324967,-1.34293443,-0.4472868319,2.758305944,1.301547387
17.95000000,-0.4011163326,-0.2383070695,-0.04312648457,0.01711009412,0.0835893819,-2.309669688,-1.183532083,-0.5463990197,2.797478322,1.400986724
17.95833333,-0.4195559569,-0.2475016759,-0.04791920569,0.04030633862,0.09571347536,-2.113146936,-1.023031358,-0.5968295407,2.757511923,1.510464591
17.96666667,-0.4362995864,-0.2553489144,-0.05297158834,0.06288527656,0.1087882076,-1.903589555,-0.8595348935,-0.6104297078,2.65125319,1.628932527
17.97500000,-0.4512551991,-0.2618156198,-0.05801727002,0.08433987989,0.1228840509,-1.684222925,-0.6918493466,-0.5965078187,2.489562611,1.75495742
17.98333333,-0.4643460147,-0.2668706166,-0.0628566313,0.1042586984,0.1380441466,-1.456222947,-0.5208910714,-0.5620840601,2.28488464,1.883351822
17.99166667,-0.4755047259,-0.2704908045,-0.06736623459,0.1223563641,0.1542640645,-1.220720437,-0.3476482962,-0.5197160421,2.055839415,2.008370369
18.00000000,-0.4846739848,-0.2726608932,-0.071510443,0.138489291,0.171488383,-0.9789648916,-0.1730153694,-0.4744247009,1.81476992,2.12309672
18.00833333,-0.4918069574,-0.2733730022,-0.07526580985,0.1525919259,0.1895996288,-0.7322227552,0.002117887777,-0.4264329299,1.569727283,2.220205504
18.01666667,-0.4968672098,-0.272626835,-0.07861083049,0.1646575854,0.2084280026,-0.4817117836,0.1768107675,-0.3759837054,1.326939523,2.29431689
18.02500000,-0.4998285214,-0.2704298888,-0.08152610364,0.1747312605,0.2277596973,-0.2286932519,0.3501601894,-0.3233385769,1.092625359,2.340206351
18.03333333,-0.5006754066,-0.2667969608,-0.08399447841,0.182900028,0.2473476803,0.02553390453,0.5213036286,-0.2687757298,0.8699666025,2.355818893
18.04166667,-0.4994032178,-0.2617499846,-0.08600116679,0.1892710662,0.2669347379,0.2796664237,0.6893913462,-0.2125791679,0.6615394602,2.339830708
18.05000000,-0.4960182063,-0.2553179106,-0.08753371107,0.193965337,0.2862606598,0.532392553,0.853589695,-0.1550329335,0.4676331037,2.293291039
18.05833333,-0.4905375585,-0.2475382388,-0.08858050289,0.1971050665,0.3050756395,0.7824008112,1.012097047,-0.09546604069,0.2881382708,2.217761564
18.06666667,-0.482989376,-0.2384797427,-0.08910793014,0.1988067972,0.3231479067,1.028383286,1.160010324,-0.03007006743,0.1224969256,2.11531349
18.07500000,-0.4734126388,-0.2282384704,-0.08906419208,0.1991812887,0.3402642747,1.269037458,1.29578326,0.04161406867,-0.03049637271,1.988706094
18.08333333,-0.4618571486,-0.2169213929,-0.08839553322,0.1983309789,0.3562329935,1.503069173,1.41775317,0.120187687,-0.1717879537,1.84047622
18.09166667,-0.4483833539,-0.2046534739,-0.08703898304,0.1963483567,0.3708855961,1.729234983,1.523821192,0.2066877468,-0.3026172204,1.67347197
18.10000000,-0.4330617191,-0.1915713283,-0.08492889447,0.1932967576,0.3840961185,1.946345506,1.612829937,0.3012096005,-0.4293606302,1.49566612
18.10833333,-0.4159728169,-0.1778268578,-0.08199271954,0.189200342,0.3957913659,2.153177315,1.682589162,0.4049813961,-0.5532303665,1.30994586
18.11666667,-0.3972072621,-0.163582596,-0.07815516409,0.1840863154,0.4059092088,2.348562604,1.732577152,0.5175795884,-0.6734779353,1.117263698
18.12500000,-0.3768647413,-0.1490111654,-0.07333893948,0.1779875629,0.4143960178,2.531472455,1.76095815,0.6398653133,-0.7894562691,0.9186694047
18.13333333,-0.3550537287,-0.1342922424,-0.0674671483,0.170942499,0.4212066183,2.700822557,1.768024826,0.770737674,-0.9004807467,0.7151377019
18.14166667,-0.3318912581,-0.1196058966,-0.06046923164,0.1629949546,0.4263042321,2.855686064,1.753076131,0.9100508148,-1.005961043,0.5077372989
18.15000000,-0.3075016934,-0.1051314887,-0.05228224896,0.1541933402,0.4296612508,2.9951684,1.717558751,1.055608864,-1.105373656,0.2975810312
18.15833333,-0.2820168463,-0.09103056317,-0.04286671413,0.1445902575,0.4312593706,3.118444157,1.663691907,1.204527888,-1.198236484,0.08578818453
18.16666667,-0.2555745395,-0.07744915053,-0.03220433667,0.1342422243,0.4310895382,3.224831754,1.593418098,1.354229763,-1.284086889,-0.126546561
18.17500000,-0.2283185263,-0.06450833979,-0.02031638436,0.1232196388,0.4291518912,3.313641225,1.510628334,1.495699504,-1.357873043,-0.3382944437
18.18333333,-0.2004099507,-0.05228280946,-0.007341948154,0.1116757653,0.4254561424,3.379796292,1.424005052,1.61331254,-1.408215787,-0.548298214
18.19166667,-0.1720676367,-0.0407598328,0.006478745018,0.09983068139,0.420021641,3.417404628,1.34288537,1.697077152,-1.429045788,-0.7554029886
18.20000000,-0.1435420972,-0.02986837222,0.02081882359,0.08796106489,0.4128773332,3.423254455,1.273379599,1.736063147,-1.412662974,-0.9584641481
18.20833333,-0.1151097082,-0.01949269075,0.035256162,0.07641813992,0.4040614801,3.394318497,1.219838156,1.718560923,-1.348790793,-1.156395137
18.21666667,-0.08707602482,-0.00948344971,0.04927113647,0.06564615077,0.3936213616,3.326946664,1.186111522,1.632546147,-1.225514769,-1.348105713
18.22500000,-0.05977734229,0.0003402863572,0.06224053171,0.05619377712,0.381613339,3.217373604,1.175716891,1.465831817,-1.030072388,-1.532513647
18.23333333,-0.03357982079,0.01018197094,0.07345908523,0.04870287402,0.368102684,3.062236304,1.1904813,1.212048932,-0.7539778947,-1.708570697
18.24166667,-0.008873384704,0.02025034626,0.08221059928,0.04385068736,0.3531628577,2.859381839,1.229659832,0.8760324458,-0.3983306213,-1.87536723
18.25000000,0.01394277195,0.03073392378,0.08789653504,0.04223324117,0.3368749071,2.60888398,1.289038199,0.4821828809,0.01737672356,-2.031961508
18.25833333,0.03448387177,0.04176834331,0.090203513,0.04420562372,0.3193276472,2.314016159,1.360259117,0.07339270993,0.455986491,-2.177477834
18.26666667,0.05240890449,0.05339214724,0.08923315846,0.04976676522,0.3006164479,1.982715766,1.427271236,-0.2953971012,0.8713404273,-2.311169935
18.27500000,0.06745504547,0.06549289899,0.08552273798,0.05855880003,0.2808432395,1.625030959,1.470849548,-0.5771944827,1.226494718,-2.432244719
18.28333333,0.07945637099,0.07777163368,0.07994601132,0.0699867882,0.2601157149,1.254208395,1.465668064,-0.7394813784,1.502491596,-2.540103085
18.29166667,0.08835750265,0.08971257638,0.07357658562,0.08337552604,0.2385473156,0.8829459263,1.38574518,-0.7659275001,1.697391829,-2.633378058
18.30000000,0.09419961585,0.100600168,0.06756979243,0.09802855878,0.2163156375,0.5212476109,1.210259873,-0.6527091256,1.804171506,-2.695446113
18.30833333,0.09708474542,0.1095964564,0.06306495557,0.1131935273,0.1937535177,0.1739158095,0.9319905142,-0.4082507982,1.820337155,-2.710341107
18.31666667,0.09714740166,0.1158761644,0.06106119332,0.1281088415,0.1713196024,-0.1558249738,0.562400359,-0.05865417534,1.743215225,-2.661485904
18.32500000,0.09453344991,0.118818632,0.06225390352,0.1419554136,0.1496372988,-0.4689629435,0.1391093861,0.3497230621,1.561183843,-2.525335692
18.33333333,0.08937296085,0.1181950576,0.06688339833,0.153785422,0.1295555197,-0.7671343005,-0.2842501398,0.7559947036,1.255567783,-2.272183095
18.34166667,0.08178709142,0.1142156267,0.07469661764,0.1624841148,0.112173034,-1.051167414,-0.6595528417,1.10600177,0.8075284022,-1.873693449
18.35000000,0.07189161523,0.1074191493,0.08505851953,0.1668511312,0.09875642796,-1.32153386,-0.9574232106,1.363654623,0.2194040144,-1.322194043
18.35833333,0.05979902493,0.09849526644,0.09712675833,0.1658823093,0.09045498199,-1.578291914,-1.170687723,1.514718825,-0.4601358687,-0.6577643847
18.36666667,0.04563012667,0.08811939939,0.1099976676,0.1592119867,0.08784963504,-1.819402479,-1.308058678,1.555935277,-1.128736234,0.02650663406
18.37500000,0.02952762092,0.07685984169,0.1227499253,0.1474265868,0.09066412592,-2.041783363,-1.385709444,1.485615201,-1.670650259,0.6289182985
18.38333333,0.01166236892,0.06514362201,0.1344269005,0.131942487,0.0979434373,-2.241975276,-1.420283763,1.295915629,-2.007545523,1.093758058
18.39166667,-0.007772205369,0.05327122074,0.1439746732,0.1146305674,0.108502089,-2.418096764,-1.425177615,0.9716325214,-2.106706137,1.418661244
18.40000000,-0.02856428967,0.04143942226,0.1502004488,0.0975039283,0.1212696728,-2.567256365,-1.41245418,0.4963553867,-1.963773236,1.628907815
18.40833333,-0.05048168716,0.02975723104,0.1518206362,0.08252406718,0.135416297,-2.688234684,-1.390341025,-0.1308828282,-1.597618628,1.75444031
18.41666667,-0.07328716909,0.01827264658,0.1477113843,0.07133251027,0.1503455446,-2.780092677,-1.366135599,-0.8671294598,-1.06899721,1.820300243
18.42500000,-0.09673720398,0.006982271222,0.1373231771,0.06486116311,0.1656383545,-2.843212082,-1.34428042,-1.619356565,-0.4851453096,1.844086382
18.43333333,-0.1205946868,-0.004152017581,0.1209780781,0.06307616556,0.1809964388,-2.877895227,-1.329474742,-2.281361331,0.03955152573,1.837415145
18.44166667,-0.1446281418,-0.01520289985,0.09973564479,0.06516353529,0.1961990246,-2.885753435,-1.324640078,-2.788818078,0.4382166069,1.807797776
18.45000000,-0.1686181025,-0.02626689505,0.07496110658,0.07000146865,0.2110739042,-2.867669238,-1.333353558,-3.13028968,0.701617372,1.759343938
18.45833333,-0.1923566568,-0.03747081923,0.04797298116,0.07654228558,0.2254794216,-2.825699957,-1.358532285,-3.324540046,0.8517399167,1.695626812
18.46666667,-0.2156498742,-0.04896619207,0.01989200938,0.0839641013,0.2392971188,-2.761188923,-1.403691893,-3.396764415,0.9179483835,1.618495657
18.47500000,-0.2383312594,-0.06091637455,-0.008361061165,0.09167935193,0.2524205521,-2.679886172,-1.46749868,-3.368740231,0.9257684667,1.529189692
18.48333333,-0.2602743301,-0.07347987397,-0.03601930498,0.09928307924,0.2647525475,-2.584065296,-1.551435468,-3.255996081,0.8936095421,1.428730892
18.49166667,-0.2813601384,-0.08683289491,-0.06242534686,0.1064916834,0.2762092897,-2.474252734,-1.657006956,-3.070223423,0.8325171628,1.319651536
18.50000000,-0.3014749436,-0.1011519497,-0.08704852719,0.1131316532,0.2867270211,-2.35114684,-1.782498349,-2.832170782,0.7603618643,1.203474569
18.50833333,-0.3205109652,-0.1165839181,-0.1095160361,0.1191530198,0.2962492949,-2.215453537,-1.922931954,-2.554186531,0.6841172769,1.080853046
18.51666667,-0.3383662543,-0.1332138945,-0.1295382263,0.1245233555,0.3047252279,-2.067913576,-2.06804753,-2.247398712,0.6041799516,0.9524685292
18.52500000,-0.3549457358,-0.1510308426,-0.1469283394,0.1292134566,0.3121097214,-1.909411033,-2.205771309,-1.924653546,0.5209255673,0.8190270965
18.53333333,-0.3701618938,-0.1699226639,-0.1616073841,0.1331974511,0.3183636277,-1.740873693,-2.324050144,-1.598862003,0.4347964989,0.6812440365
18.54166667,-0.3839350715,-0.1896795082,-0.1736018229,0.1364534668,0.3234537013,-1.563252441,-2.41159877,-1.282311648,0.346290932,0.5398318318
18.55000000,-0.3961935456,-0.2100065657,-0.1830322951,0.1389636978,0.3273528657,-1.377514288,-2.460201938,-0.984421176,0.2558890421,0.395554705
18.55833333,-0.4068739833,-0.2305646701,-0.190074487,0.1407143806,0.3300404822,-1.184699285,-2.466554068,-0.709866345,0.1640821681,0.2491907618
18.56666667,-0.4159231289,-0.2509973958,-0.1949322614,0.1416958884,0.3315024313,-0.9868037781,-2.429611516,-0.4603074576,0.07137107153,0.10152601
18.57500000,-0.4233259637,-0.2709282056,-0.1978135758,0.1419027922,0.3317311655,-0.7903737992,-2.345946675,-0.2353365454,-0.02173820185,-0.04664874904
18.58333333,-0.4291064867,-0.2899731855,-0.1989178559,0.1413338904,0.3307257411,-0.5978195263,-2.217616015,-0.03332378834,-0.1147375667,-0.1945393946
18.59166667,-0.4333088989,-0.3077703465,-0.1984263387,0.1399922143,0.3284918413,-0.4120402315,-2.047088531,0.1481994772,-0.2071197708,-0.3413505451
18.60000000,-0.4359972351,-0.3239834076,-0.1964991139,0.1378850047,0.3250417623,-0.2348715316,-1.837818439,0.311567868,-0.2983824691,-0.4862910694
18.60833333,-0.4372548909,-0.3383003985,-0.1932773232,0.1350236573,0.3203943635,-0.06886047199,-1.592564004,0.4591088217,-0.3880312338,-0.6285775352
18.61666667,-0.4371787351,-0.3504381893,-0.1888848054,0.1314236458,0.3145749894,0.08479669037,-1.31525644,0.5929353554,-0.4755822064,-0.7674375318
18.62500000,-0.4358801965,-0.3601409803,-0.1834285989,0.1271044971,0.3076152878,0.2246053218,-1.009676846,0.715309831,-0.5605379024,-0.9021404206
18.63333333,-0.4334747702,-0.3672139704,-0.1769757656,0.1220899096,0.2995528323,0.3502046143,-0.684844463,0.8326091129,-0.6424118567,-1.031978051
18.64166667,-0.4300818441,-0.3715116794,-0.1695652916,0.1164074299,0.2904311472,0.4619722281,-0.3443848329,0.945045528,-0.7207595824,-1.156238821
18.65000000,-0.4258078177,-0.3729228003,-0.1612401922,0.1100882241,0.2802995881,0.5619259577,0.007290821023,1.052017034,-0.7951573541,-1.274235539
18.65833333,-0.4207459752,-0.3713688034,-0.1520483739,0.1031668949,0.2692131216,0.6513857552,0.3665062841,1.152978283,-0.8652044631,-1.385309371
18.66666667,-0.4149721365,-0.366808479,-0.1420418557,0.09567998897,0.2572333568,0.7333828534,0.7278344188,1.247472408,-0.9311772967,-1.48818562
18.67500000,-0.4085338174,-0.3592487779,-0.1312762861,0.0876540725,0.2444398985,0.8114626969,1.085362913,1.335085083,-0.9946215423,-1.580391247
18.68333333,-0.4014485428,-0.3487462566,-0.1198105981,0.079110359,0.2309251866,0.8892590909,1.433118881,1.415437959,-1.055408651,-1.6611878
18.69166667,-0.3937043568,-0.3354061399,-0.1077069483,0.07007189918,0.2167867512,0.969946719,1.765668407,1.488130931,-1.113325351,-1.729994166
18.70000000,-0.3852703693,-0.3193713302,-0.09503114846,0.06056405167,0.2021266286,1.055162102,2.079114933,1.552230296,-1.167548105,-1.786320184
18.70833333,-0.3760990732,-0.300820271,-0.08189182558,0.05065445733,0.1870504942,1.147268294,2.368825196,1.597355924,-1.207729339,-1.829775674
18.71666667,-0.3661302315,-0.2799627043,-0.06848123561,0.04049256581,0.171668513,1.246381632,2.632534618,1.616511446,-1.227452043,-1.859526629
18.72500000,-0.3553052479,-0.2570238323,-0.05503738527,0.03026757091,0.1560982615,1.352837507,2.867900884,1.604385014,-1.221920394,-1.874929844
18.73333333,-0.3435669549,-0.232244222,-0.04184667216,0.02021556243,0.1404601324,1.465265674,3.074301769,1.554587204,-1.184790453,-1.875768586
18.74166667,-0.3308696677,-0.2058686798,-0.02925262268,0.01062828207,0.1248767965,1.582680959,3.250969036,1.4598563,-1.109129385,-1.861720716
18.75000000,-0.3171815924,-0.1781421173,-0.01766090975,0.001855807278,0.1094744576,1.702860915,3.398384716,1.312923434,-0.9883001622,-1.832078819
18.75833333,-0.3024853954,-0.1493305755,-0.007510506226,-0.005707246168,0.09439022675,1.824132531,3.509795015,1.115160793,-0.818459804,-1.785179782
18.76666667,-0.2867820868,-0.1197602848,0.000795462053,-0.01164671143,0.07977199742,1.944379845,3.579665247,0.8714835993,-0.5992433079,-1.720082146
18.77500000,-0.2700996853,-0.08978522311,0.00691624881,-0.01557732207,0.06577753337,2.057588989,3.607205596,0.5935729566,-0.3387367693,-1.634874442
18.78333333,-0.2525199644,-0.05977121392,0.01065664902,-0.01722802983,0.05258851925,2.159629842,3.587313172,0.3047887774,-0.05531921647,-1.526505705
18.79166667,-0.2341385934,-0.03016284403,0.01206131012,-0.01650694377,0.04040905648,2.249886753,3.507339298,0.03972471071,0.2253270281,-1.391699947
18.80000000,-0.2150559581,-0.00153262848,0.01150253722,-0.01355956209,0.0294773436,2.327866402,3.349037097,-0.1591132563,0.4744743713,-1.226396018
18.80833333,-0.1953761232,0.02536666031,0.009719934075,-0.008756714358,0.02006707076,2.393138978,3.087189593,-0.2467977786,0.6675658743,-1.02595244
18.81666667,-0.1752067856,0.0495506734,0.007806683454,-0.002627325446,0.01248791056,2.445282124,2.692452656,-0.1844472403,0.7913177594,-0.7864406661
18.82500000,-0.1546587264,0.06980733297,0.007133065117,0.0042273404,0.007075585153,2.484006198,2.142560373,0.05201287593,0.8423741363,-0.5057902022
18.83333333,-0.1338444552,0.0848464294,0.009123724871,0.01123208346,0.004168319963,2.509133441,1.445736604,0.4483267739,0.8290645732,-0.1857244321
18.84166667,-0.1128781759,0.09366599755,0.0148495077,0.01791616221,0.004068080299,2.520461272,0.6649900114,0.9310326825,0.7692743686,0.1661955729
18.85000000,-0.09187542587,0.09598598017,0.02454810063,0.02399643831,0.006994014175,2.517876422,-0.09621114162,1.381080149,0.6892682857,0.5379158812
18.85833333,-0.07095214465,0.09237299657,0.03747747521,0.02943530119,0.01303960663,2.501401585,-0.7478880891,1.693195006,0.6203734176,0.9119006752
18.86666667,-0.05024535993,0.08395414633,0.05224610181,0.03444682468,0.02214956327,2.462901349,-1.245011599,1.819006101,0.5915174316,1.270548622
18.87500000,-0.03000506927,0.07206805403,0.06728115582,0.03946955749,0.03413088436,2.387900394,-1.582224937,1.76044908,0.6255059073,1.599235793
18.88333333,-0.01057867975,0.05798136558,0.08115419088,0.0450700913,0.04869795144,2.265406779,-1.775909286,1.546317129,0.7303952124,1.889869801
18.89166667,0.007577199656,0.04283224287,0.09273193926,0.05182181944,0.06551214409,2.079927809,-1.838455903,1.216954419,0.8988402218,2.138612952
18.90000000,0.02385530237,0.02770002933,0.1012483459,0.06016063879,0.0842241751,1.810957457,-1.77112433,0.8196552237,1.106221384,2.345572497
18.90833333,0.03746364323,0.01369385245,0.1063367037,0.07027317561,0.104497259,1.435528871,-1.566597669,0.4017337317,1.318940112,2.513533461
18.91666667,0.04743682764,0.001988525886,0.1080041614,0.08206537527,0.1260163247,0.9372055709,-1.219247248,0.004473534946,1.50453887,2.64538282
18.92500000,0.05275946758,-0.006267489392,0.106545574,0.09521320835,0.1484932541,0.3236573635,-0.7440628285,-0.3451126637,1.641980809,2.743566615
18.93333333,0.05264158194,-0.01020728928,0.1024271478,0.1092701728,0.1716569725,-0.3569699252,-0.19603453,-0.6322724947,1.721929251,2.810735481
18.94166667,0.04684460385,-0.009570473327,0.09619344842,0.1237579238,0.1952556771,-1.025408638,0.3393117907,-0.8525224436,1.746448905,2.847980533
18.95000000,0.0357968876,-0.004816603543,0.08840376832,0.1382414756,0.2190453055,-1.607133282,0.7811538854,-1.006214678,1.722208467,2.856981644
18.95833333,0.02040499622,0.003068822839,0.07960029746,0.1523526288,0.2427955524,-2.065415259,1.087062234,-1.095916786,1.658809842,2.838473348
18.96666667,0.001715768504,0.01290517495,0.07031262771,0.1658059746,0.2662789537,-2.400840605,1.25057614,-1.122413209,1.565436659,2.793349589
18.97500000,-0.01932108936,0.02354925957,0.06107062006,0.1783802713,0.2892820175,-2.63276136,1.283538558,-1.084614237,1.449103259,2.723246252
18.98333333,-0.04194002992,0.03397880851,0.05241923348,0.1899135839,0.3115984758,-2.784079747,1.201488256,-0.9802988956,1.31646091,2.628835453
18.99166667,-0.06555301679,0.04329373555,0.04492103492,0.2002876399,0.333034079,-2.874125386,1.01836935,-0.8081358412,1.171750392,2.512066676
19.00000000,-0.08971091317,0.05070848431,0.03913104929,0.209421675,0.3534066999,-2.916814108,0.7481889433,-0.572087544,1.019989599,2.373903716
19.00833333,-0.1140641464,0.05557377534,0.035517886,0.2172902771,0.3725457846,-2.922741515,0.4104677523,-0.2886897396,0.8687466634,2.216405843
19.01666667,-0.1383684192,0.05746527804,0.03439237291,0.2239061844,0.3902972137,-2.907606959,0.04104877431,0.02093755541,0.7194425278,2.041064172
19.02500000,-0.1624799036,0.05625509158,0.03586863148,0.229285602,0.4065197224,-2.876507001,-0.3293520681,0.3311713009,0.571375617,1.850377654
19.03333333,-0.1862665369,0.0520453876,0.03984192142,0.2334222134,0.4211096047,-2.829680043,-0.6747924137,0.6161980905,0.4210469429,1.649668283
19.04166667,-0.2095981791,0.0451376973,0.0460090438,0.2362980749,0.4339903362,-2.767364139,-0.97446213,0.8553195083,0.2689269984,1.440371035
19.05000000,-0.2323474325,0.03596135471,0.05394073376,0.237901562,0.4450951054,-2.689988941,-1.218288409,1.038776483,0.11581782,1.223620844
19.05833333,-0.2543908024,0.02499196672,0.06316435513,0.2382281122,0.454366243,-2.598016542,-1.405077343,1.16570714,-0.03739455936,1.000482582
19.06666667,-0.2756085144,0.0126891502,0.07322569768,0.2372802495,0.4617553175,-2.491938529,-1.539330438,1.240917978,-0.1899121873,0.7721255591
19.07500000,-0.2958858006,-0.0005360057737,0.08371169979,0.235077404,0.4672238484,-2.372417585,-1.627708289,1.267632878,-0.3371569458,0.539753412
19.08333333,-0.31511311,-0.01433149247,0.09422610101,0.2316900233,0.4707434059,-2.240060329,-1.677403654,1.248854724,-0.4739496389,0.3045681514
19.09166667,-0.3331867029,-0.0284026449,0.1044126578,0.2272147065,0.4722954049,-2.095666509,-1.694853154,1.189496847,-0.5976404764,0.06773945549
19.10000000,-0.3500095567,-0.04250411426,0.1139491293,0.2217722477,0.4718712535,-1.940005102,-1.685511283,1.093511463,-0.7057609545,-0.1695004132
19.10833333,-0.3654912165,-0.05643808716,0.1225478327,0.2155042347,0.469472731,-1.773939327,-1.656811404,0.9663241829,-0.7953392079,-0.4059003516
19.11666667,-0.3795490099,-0.07009301381,0.1299942233,0.2085736813,0.4651120691,-1.598437275,-1.618928925,0.8169217844,-0.8641864973,-0.6402046522
19.12500000,-0.3921081405,-0.08339659811,0.1361005244,0.20116403,0.4588119586,-1.414415602,-1.572529313,0.6447944822,-0.910226303,-0.871159282
19.13333333,-0.4031017684,-0.09627872534,0.1406751328,0.1934722438,0.4506055238,-1.222894185,-1.517811659,0.4493602686,-0.9317567714,-1.097514774
19.14166667,-0.4124718643,-0.1086709585,0.1435284897,0.1857026472,0.4405361824,-1.024948838,-1.45499549,0.2316861021,-0.9286968742,-1.318065442
19.15000000,-0.4201694409,-0.1205068979,0.1444804921,0.1780597593,0.4286571242,-0.8216730045,-1.384350183,-0.006130941634,-0.9019965608,-1.531647429
19.15833333,-0.4261546803,-0.1317225942,0.1433809312,0.1707274419,0.4150313887,-0.6141732304,-1.306194236,-0.2601391605,-0.8545358201,-1.737071325
19.16666667,-0.4303970197,-0.1422569575,0.1401158039,0.1638621025,0.3997318293,-0.4035622891,-1.220895571,-0.5245807214,-0.7910311494,-1.93318222
19.17500000,-0.4328752042,-0.1520519941,0.1346308765,0.1575691821,0.3828403346,-0.1909659623,-1.128812955,-0.7915441567,-0.7183344214,-2.11896914
19.18333333,-0.4335774004,-0.1610528147,0.1269391959,0.1518952802,0.3644472945,0.02248839863,-1.03036196,-1.052822895,-0.6436861435,-2.293375205
19.19166667,-0.4325011412,-0.1692083439,0.117122404,0.1468266149,0.3446516723,0.2356747169,-0.9260263408,-1.300227247,-0.5742289424,-2.455453515
19.20000000,-0.4296533811,-0.1764716739,0.1053287433,0.142291886,0.3235597518,0.4474598356,-0.816323032,-1.526218312,-0.5164336835,-2.604327695
19.20833333,-0.4250505091,-0.1828003374,0.09175615258,0.1381785493,0.3012853159,0.6567137407,-0.7018001152,-1.726560336,-0.4736120407,-2.739044952
19.21666667,-0.4187183028,-0.1881565304,0.07663590859,0.1343258674,0.2779720794,0.8623137809,-0.5830202342,-1.897307885,-0.4559083748,-2.851691708
19.22500000,-0.4106917972,-0.1925070613,0.0602179812,0.1304963779,0.253835204,1.063178042,-0.4605544686,-2.037769668,-0.4687254102,-2.936020131
19.23333333,-0.4010145706,-0.1958242148,0.0427568958,0.1264228473,0.2291276331,1.258313329,-0.3351243112,-2.148029029,-0.5145231978,-2.98801759
19.24166667,-0.3897387648,-0.1980860945,0.02449932923,0.1218223564,0.204137486,1.446661065,-0.2074007255,-2.229108843,-0.5955497409,-3.003094405
19.25000000,-0.3769252268,-0.1992764868,0.005679353058,0.1163961888,0.17919157,1.627219738,-0.07810326442,-2.283258424,-0.7129462319,-2.97671378
19.25833333,-0.3626431928,-0.1993850468,-0.01348476807,0.1098341407,0.1546527838,1.798493882,0.05256694846,-2.31225787,-0.8680948031,-2.904752347
19.26666667,-0.3469973133,-0.198379844,-0.03279519934,0.1018227956,0.1309148072,1.953436039,0.1900410904,-2.31855242,-1.060772605,-2.784238728
19.27500000,-0.3301386972,-0.1962085113,-0.05205670436,0.0920548067,0.1083858233,2.08923453,0.3303430126,-2.298893971,-1.288739328,-2.614947869
19.28333333,-0.3122377297,-0.1928880331,-0.07102001245,0.08026343651,0.08745823631,2.203243133,0.4652684411,-2.246602638,-1.545185301,-2.400796312
19.29166667,-0.2934830631,-0.1884799986,-0.08940317382,0.06625599526,0.06846885873,2.29363353,0.5908396051,-2.159230384,-1.818113197,-2.151955052
19.30000000,-0.2740827871,-0.1830779263,-0.1069018791,0.04995768809,0.05165204574,2.358055365,0.7027915786,-2.033792963,-2.092147076,-1.881889006
19.30833333,-0.2542609539,-0.1768183739,-0.1231845521,0.0314364457,0.03711618216,2.394223678,0.7958487307,-1.866688995,-2.348512511,-1.607274022
19.31666667,-0.2342622122,-0.1698849157,-0.1378858097,0.01091049958,0.02483719671,2.400206671,0.8634076167,-1.653526661,-2.570707671,-1.342444601
19.32500000,-0.2143487629,-0.1625171615,-0.1506016506,-0.01127306434,0.0146801651,2.373580654,0.8988550391,-1.389502045,-2.744626955,-1.099372515
19.33333333,-0.1947981732,-0.1550096525,-0.160894535,-0.03467599659,0.006437606167,2.312508971,0.8964913419,-1.071986973,-2.862008542,-0.8836638903
19.34166667,-0.1759072681,-0.1476848983,-0.1683276808,-0.05880185943,-0.0001273505448,2.215006164,0.855131769,-0.703911481,-2.917736132,-0.6966750173
19.35000000,-0.1579904889,-0.1408486349,-0.1725157561,-0.08312460254,-0.005248264519,2.07854055,0.7805854951,-0.295718693,-2.908710193,-0.5366129932
19.35833333,-0.1413789776,-0.1347274114,-0.1732040603,-0.1070909977,-0.009135795365,1.901225878,0.6868081534,0.1315319088,-2.831428493,-0.4000309875
19.36666667,-0.1264179498,-0.1293998362,-0.1703599457,-0.1301070221,-0.01196913068,1.682323914,0.5942523191,0.5455318945,-2.679048893,-0.2829797572
19.37500000,-0.1134542547,-0.1247531712,-0.1642637085,-0.1515028583,-0.01389486253,1.422592364,0.5265808138,0.9047226192,-2.440115251,-0.1816016129
19.38333333,-0.102812113,-0.120504044,-0.1555599828,-0.1704843103,-0.01502971543,1.12586842,0.501233882,1.163851832,-2.096331146,-0.09250848806
19.39166667,-0.09476747511,-0.1162674086,-0.1452621005,-0.1860888649,-0.01546234002,0.8012707136,0.5226314013,1.281276584,-1.62638725,-0.01201492027
19.40000000,-0.08949707358,-0.1116923158,-0.1346795785,-0.1972019978,-0.01523141156,0.462527234,0.5801929737,1.228714681,-1.01643455,0.067391445
19.40833333,-0.0870547633,-0.1065499467,-0.1252596194,-0.2026379857,-0.01434046693,0.1252165114,0.6545049847,1.006634928,-0.2669860835,0.1463241535
19.41666667,-0.08736126723,-0.1008116557,-0.118226928,-0.2013822038,-0.01279504581,-0.1945369701,0.7187481911,0.6694402302,0.577992486,0.2244041574
19.42500000,-0.09020775198,-0.09467250903,-0.1141341349,-0.1929862968,-0.01060377703,-0.4826635603,0.7469224032,0.3209253117,1.429448927,0.3012677475
19.43333333,-0.09529761648,-0.08851511149,-0.1126014758,-0.1778085733,-0.007778292086,-0.7319032603,0.7203698416,0.0702423667,2.192324108,0.3765559529
19.44166667,-0.1022917544,-0.08285110338,-0.1125088224,-0.1568537841,-0.004330749013,-0.9396673001,0.6275627693,-0.01935299522,2.810122239,0.4515625102
19.45000000,-0.1108489729,-0.07823250078,-0.1124649944,-0.1314254043,-0.000226427264,-1.107706036,0.471204417,0.05509215068,3.266574887,0.53533093
19.45833333,-0.1206531065,-0.0751391857,-0.1112254204,-0.1028195046,0.004631671669,-1.239844269,0.2647075036,0.26054328,3.576098358,0.6333589447
19.46666667,-0.1314252654,-0.07389352814,-0.1078938702,-0.072176067,0.01038657854,-1.340698274,0.03248904491,0.5484848221,3.758690179,0.7517249703
19.47500000,-0.1429254036,-0.07458725406,-0.1019924979,-0.04048309232,0.0172376517,-1.415146667,-0.1964330044,0.8699011181,3.830005471,0.8978405762
19.48333333,-0.1549464022,-0.07708796165,-0.0934156809,-0.008627288132,0.02545094493,-1.466491098,-0.3971815249,1.18473654,3.798748446,1.080107366
19.49166667,-0.1673125698,-0.08108113306,-0.08233925988,0.02255490742,0.03536247406,-1.498237015,-0.5529865543,1.466522712,3.668883042,1.306582684
19.50000000,-0.1798663566,-0.08616311367,-0.06910401964,0.05225517496,0.04736484333,-1.511844471,-0.6581815327,1.701571364,3.443877068,1.58225663
19.50833333,-0.1924665695,-0.09191159512,-0.05412195582,0.07971451661,0.06186259035,-1.509674604,-0.7135759115,1.885776113,3.133154772,1.904166931
19.51666667,-0.2049859292,-0.09793704604,-0.03780780321,0.1042887913,0.07918861486,-1.492508299,-0.725995189,2.021731902,2.755924043,2.257411669
19.52500000,-0.2173012014,-0.1039145398,-0.02055093167,0.1255436364,0.09950322458,-1.460758261,-0.7034883379,2.112878371,2.342042378,2.616367532
19.53333333,-0.2292943149,-0.1095843847,-0.002705189594,0.1433195304,0.1227195073,-1.415462826,-0.6532225991,2.163819208,1.926786044,2.948418989
19.54166667,-0.2408572029,-0.114741353,0.01541126347,0.1577341121,0.148494393,-1.357551114,-0.5814722561,2.178447407,1.539439557,3.226721503
19.55000000,-0.2518859252,-0.1192313582,0.03350949683,0.1691080384,0.1763019954,-1.287313669,-0.4940067646,2.159895865,1.199134915,3.434585183
19.55833333,-0.2622790966,-0.1229464573,0.0513240761,0.1778735292,0.2055282399,-1.205087436,-0.3971594482,2.111478778,0.9139827098,3.56730259
19.56666667,-0.271940627,-0.1258555301,0.0686441981,0.1844927561,0.2355589324,-1.111963722,-0.301396302,2.04197376,0.6832580779,3.628864377
19.57500000,-0.2807840034,-0.1279767183,0.08529858875,0.1893976101,0.2658346375,-1.008828641,-0.2081459342,1.951282522,0.5018415455,3.627528793
19.58333333,-0.2887284126,-0.1293328141,0.1011010382,0.1929795421,0.2958682765,-0.8963279658,-0.11783972,1.83745286,0.364650564,3.57226337
19.59166667,-0.2956988542,-0.1299498918,0.1158563203,0.1955822247,0.3252461901,-0.7752089628,-0.03083522599,1.69959045,0.2662293645,3.471466664
19.60000000,-0.3016319418,-0.1298516852,0.1293589929,0.197512308,0.3536194075,-0.6481004142,0.05437979621,1.537044614,0.2022404054,3.332271817
19.60833333,-0.3064909682,-0.1290445412,0.1414036984,0.1990379263,0.3806955842,-0.5175508521,0.1392431505,1.349566867,0.1678344278,3.161973658
19.61666667,-0.3102501897,-0.1275331315,0.1517877165,0.2003548123,0.4062705739,-0.3842657826,0.2233268085,1.138922663,0.1507781474,2.973315035
19.62500000,-0.3128897863,-0.1253258752,0.1603253004,0.2015946687,0.4302073105,-0.2489599528,0.3061686328,0.9068019027,0.1492053582,2.768982401
19.63333333,-0.3143958494,-0.1224351121,0.166853517,0.202876758,0.4523796328,-0.1123348775,0.3872885814,0.6575751349,0.1602610473,2.550040998
19.64166667,-0.3147603885,-0.11887711,0.1712527958,0.2042892741,0.4726707,0.02488261532,0.4662328508,0.3967402643,0.179870949,2.317665488
19.65000000,-0.3139815509,-0.1146718125,0.1734485457,0.2058872143,0.490973491,0.1619517799,0.5425683739,0.1297810939,0.2039176933,2.073079974
19.65833333,-0.3120636666,-0.1098427158,0.1734181656,0.2076845622,0.5071915872,0.2981302824,0.615876191,-0.1363347428,0.2267492753,1.817552601
19.66666667,-0.3090172397,-0.1044167355,0.1711961606,0.2096487898,0.521239553,0.4326793496,0.6857553176,-0.395340575,0.2433004807,1.552481859
19.67500000,-0.304858904,-0.09842404087,0.1668639287,0.2117105516,0.5330435335,0.5648672044,0.7518263474,-0.6418415774,0.2494088035,1.279232802
19.68333333,-0.2996113511,-0.09189786215,0.1605487421,0.21376455,0.5425415319,0.6939724504,0.8137343716,-0.8704188333,0.2407928014,0.99929948
19.69166667,-0.2933031559,-0.08487434728,0.1524132887,0.2156794272,0.5496841082,0.8193115271,0.8711281647,-1.078537076,0.2160424725,0.7141722853
19.70000000,-0.2859684805,-0.07739249028,0.1426369473,0.2173165631,0.5544340982,0.940215503,0.9236879144,-1.263850357,0.1739309293,0.4253358967
19.70833333,-0.2776470608,-0.06949374462,0.1314125789,0.2185328106,0.5567670284,1.056021456,0.9711382435,-1.426070283,0.1152055468,0.1343352831
19.71666667,-0.2683840652,-0.06122172321,0.1189355275,0.2191910282,0.5566712926,1.16608908,1.013236382,-1.564656578,0.04032792925,-0.1572869394
19.72500000,-0.2582298914,-0.05262197583,0.1053974694,0.2191659107,0.5541481492,1.269804219,1.049594342,-1.680492773,-0.04869280952,-0.4479840451
19.73333333,-0.2472399337,-0.04377369343,0.09101676718,0.2183451844,0.5492117652,1.366582515,1.070576189,-1.764996826,-0.1500885991,-0.7362069802
19.74166667,-0.2354743189,-0.03484332915,0.07608634759,0.2166351219,0.541889183,1.455873106,1.068490712,-1.811668224,-0.2619670071,-1.020420411
19.75000000,-0.2229974871,-0.02604417129,0.06093668708,0.2139571672,0.5322199399,1.537207608,1.038146284,-1.817060747,-0.3818896333,-1.29916319
19.75833333,-0.2098774752,-0.01763722296,0.045931497,0.2102527611,0.520255791,1.610161596,0.9732726621,-1.776030627,-0.5080796917,-1.570948368
19.76666667,-0.1961859288,-0.009938321923,0.03147156946,0.2054866197,0.5060608867,1.674308595,0.867008598,-1.6861273,-0.6354501348,-1.834314473
19.77500000,-0.1819978555,-0.003320409142,0.01797565543,0.199668575,0.4897109866,1.729268849,0.7127735829,-1.543592378,-0.7604330329,-2.087916067
19.78333333,-0.16739122,0.001795898125,0.005903470654,0.1928210338,0.4712933172,1.774713005,0.5061517187,-1.343956013,-0.8824164127,-2.330361426
19.79166667,-0.1524471776,0.004971110357,-0.004265492358,0.1849719888,0.4509060455,1.809753754,0.2480875277,-1.08754701,-1.000682828,-2.560406003
19.80000000,-0.1372765291,0.005829962254,-0.01208848443,0.1761551204,0.4286579107,1.828049227,-0.04666507581,-0.7830218931,-1.114565892,-2.776779694
19.80833333,-0.1220354966,0.004150331034,-0.01723238514,0.1664101189,0.4046675257,1.826043076,-0.3566065012,-0.4485334037,-1.223331588,-2.978339338
19.81666667,-0.1069110031,-7.600139959e-05,-0.01954866337,0.1557824166,0.3790631162,1.799433246,-0.6531291054,-0.108496477,-1.326289973,-3.163985143
19.82500000,-0.09212864883,-0.00661535042,-0.01909250479,0.1443231783,0.3519816026,1.742926512,-0.9068370123,0.2129532169,-1.422795742,-3.332667453
19.83333333,-0.07796514993,-0.01499438806,-0.01611796371,0.132099109,0.3235682658,1.649577584,-1.09105177,0.4920860621,-1.50818974,-3.483474684
19.84166667,-0.0647618622,-0.02455454577,-0.01105500962,0.1192372245,0.2939759556,1.510880319,-1.187794308,0.7127976669,-1.575315092,-3.615489062
19.85000000,-0.05293594956,-0.03451680936,-0.004417293103,0.1059070112,0.2633655186,1.317402974,-1.186304931,0.8696704654,-1.620508782,-3.726996018
19.85833333,-0.04298134641,-0.04404000871,0.003259053227,0.09228089656,0.231941818,1.060641887,-1.082323264,0.962146461,-1.646366709,-3.809519054
19.86666667,-0.03544557129,-0.05227755658,0.01144075358,0.07853065123,0.199964135,0.7369922843,-0.8790928273,0.9911032197,-1.649729784,-3.859280326
19.87500000,-0.03086620552,-0.05845288429,0.0195998912,0.06486192705,0.1677203319,0.3532727182,-0.5906683676,0.9565882485,-1.625921997,-3.872867758
19.88333333,-0.02966953076,-0.06195998542,0.02720497245,0.05152121051,0.1355276925,-0.07007537345,-0.2443694527,0.8576229802,-1.570061077,-3.846418849
19.89166667,-0.03205251,-0.06247185923,0.03370899063,0.03879293403,0.1037381933,-0.5000023986,0.1212390168,0.692242308,-1.47843536,-3.775273215
19.90000000,-0.0379237769,-0.05999846237,0.03855861555,0.02698004693,0.07274735084,-0.901526548,0.4656346449,0.46081522,-1.350856886,-3.653667121
19.90833333,-0.04692099426,-0.05486078317,0.04121640811,0.01636164913,0.04300398553,-1.246896328,0.7565522368,0.1676711665,-1.193726761,-3.474556582
19.91666667,-0.05851287451,-0.04758751216,0.04121522292,0.007123449691,0.01502081806,-1.523231256,0.9763563147,-0.1743423873,-1.023360757,-3.229691884
19.92500000,-0.07211321518,-0.03880674611,0.03824005736,-0.0007300105023,-0.01061746032,-1.729639446,1.117798078,-0.5414937727,-0.8662361005,-2.91035355
19.93333333,-0.08716534642,-0.02917384156,0.03220573818,-0.007440180066,-0.03325774101,-1.873187922,1.181163399,-0.9028784724,-0.7543295997,-2.509374809
19.94166667,-0.1031858036,-0.01933604871,0.02330347454,-0.0135042407,-0.05220898903,-1.963706534,1.166968504,-1.224347438,-0.7144477285,-2.025635833
19.95000000,-0.119772511,-0.009945578245,0.01199749456,-0.01957533253,-0.06681804624,-2.010628958,1.073146794,-1.475064156,-0.7554910316,-1.470408969
19.95833333,-0.1365978065,-0.00168686503,-0.001022062874,-0.02627465153,-0.076589256,-2.022177364,0.8940603,-1.632363749,-0.8602251867,-0.8703825548
19.96666667,-0.1533953644,0.004693575377,-0.01489722538,-0.03398692612,-0.08131227809,-2.004964283,0.620953238,-1.678252548,-0.9912342266,-0.2660307631
19.97500000,-0.1699544677,0.008389945297,-0.02866564498,-0.04273785948,-0.08112879974,-1.967185001,0.2508788771,-1.606439561,-1.102471876,0.3009784895
19.98333333,-0.1861516351,0.008630431902,-0.04135757339,-0.05221057476,-0.07648275833,-1.91835716,-0.2066371693,-1.422552018,-1.159999064,0.80141102
19.99166667,-0.2018979087,0.004762253914,-0.0521416353,-0.06186731525,-0.06799500389,-1.859027168,-0.7296378726,-1.155407008,-1.144713351,1.222154971
