t_s,theory_z
0.0,-1.0957851561534033
0.008333330000000139,-1.0956199899270764
0.016666660000000277,-1.0954543831968453
0.024999990000000416,-1.0952883803077058
0.033333320000000555,-1.0951222665529474
0.04166665000000069,-1.0949572688405655
0.04999998000000083,-1.0947972105352304
0.05833331000000097,-1.0946516060827285
0.06666664000000111,-1.0945405367901604
0.07499997000000125,-1.09450147216579
0.08333330000000139,-1.0945978861591867
0.09166663000000153,-1.0949289825133262
0.09999996000000166,-1.0956387092784774
0.1083332900000018,-1.096923252344733
0.11666662000000194,-1.0990369639463178
0.12499995000000208,-1.102295207121563
0.13333328000000222,-1.1070568315540512
0.14166661000000236,-1.113680251366044
0.1499999400000025,-1.1225518402994858
0.15833327000000263,-1.1340868366501908
0.16666660000000277,-1.1487162135319264
0.1749999300000029,-1.1668331995452064
0.18333326000000305,-1.1887652025809827
0.1916665900000032,-1.2148085705505793
0.19999992000000333,-1.2452165925520222
0.20833325000000347,-1.2801720492396809
0.2166665800000036,-1.3197204961194302
0.22499991000000374,-1.36373113877441
0.23333324000000388,-1.4117311493472746
0.24166657000000402,-1.462268135059799
0.24999990000000416,-1.5115141961415577
0.2583332300000043,-1.5501196598573699
0.26666656000000444,-1.55342259418239
0.2749998900000046,-1.4624782115752724
0.2833332200000047,-1.2440887469324482
0.29166655000000485,-0.9034630056069965
0.299999880000005,-0.4481862813051088
0.30833321000000513,0.06116432258887806
0.31666654000000527,0.5790635036041623
0.3249998700000054,1.0859263191145114
0.33333320000000555,1.5726004178364046
0.3416665300000057,2.034263043704641
0.3499998600000058,2.4681925511835923
0.35833319000000596,2.872158102488036
0.3666665200000061,3.244307986175004
0.37499985000000624,3.583344048261929
0.3833331800000064,3.8882189055177885
0.3916665100000065,4.158053225622393
0.39999984000000666,4.392120651072603
0.4083331700000068,4.589830042124102
0.41666650000000693,4.750712147374137
0.4249998300000071,4.874406935101567
0.4333331600000072,4.960651230794974
0.44166649000000735,5.009270694283618
0.4499998200000075,5.020173585509066
0.4583331500000076,4.993347138654582
0.46666648000000777,4.928859996024334
0.4749998100000079,4.826865453611512
0.48333314000000804,4.6876065140997145
0.4916664700000082,4.511423055934984
0.4999998000000083,4.2987605456530416
0.5083331300000085,4.050182749833718
0.5166664600000086,3.766384547482449
0.5249997900000087,3.448205199128023
0.5333331200000089,3.096645253069037
0.541666450000009,2.7128806353942174
0.5499997800000092,2.2983276766936527
0.5583331100000093,1.8549291957818703
0.5666664400000094,1.3850072390391865
0.5749997700000096,0.8911294245893254
0.5833331000000097,0.37608642570817336
0.5916664300000098,-0.15603114547690844
0.59999976000001,-0.6978094018528656
0.6083330900000101,-1.2351437319752459
0.6166664200000103,-1.737355814428953
0.6249997500000104,-2.1413408767950908
0.6333330800000105,-2.4070870833800155
0.6416664100000107,-2.5320205580436337
0.6499997400000108,-2.5535697673138107
0.658333070000011,-2.5301910503638667
0.6666664000000111,-2.4869011729058683
0.6749997300000112,-2.433524535072816
0.6833330600000114,-2.37404732937802
0.6916663900000115,-2.309940770608092
0.6999997200000116,-2.241805386459167
0.7083330500000118,-2.1699679950106248
0.7166663800000119,-2.094694252914556
0.7249997100000121,-2.0162720227559645
0.7333330400000122,-1.9350406727118115
0.7416663700000123,-1.8514065538559286
0.7499997000000125,-1.7658336982670213
0.7583330300000126,-1.6788229899610636
0.7666663600000128,-1.5908960038577138
0.7749996900000129,-1.5025781914537961
0.783333020000013,-1.4143868999530937
0.7916663500000132,-1.3268275475171714
0.7999996800000133,-1.2403675157987888
0.8083330100000135,-1.1554219351210966
0.8166663400000136,-1.0723467271380742
0.8249996700000137,-0.9914348892132573
0.8333330000000139,-0.9129196352163029
0.841666330000014,-0.8369766090914662
0.8499996600000141,-0.7636808903005494
0.8583329900000143,-0.693039156617665
0.8666663200000144,-0.6250130203245545
0.8749996500000146,-0.5595291658018878
0.8833329800000147,-0.4964808226388258
0.8916663100000148,-0.43568361659703
0.899999640000015,-0.37692488473040336
0.9083329700000151,-0.3200072552153902
0.9166663000000153,-0.2647685619818551
0.9249996300000154,-0.21109512140282877
0.9333329600000155,-0.15892093115071837
0.9416662900000157,-0.10830475013039778
0.9499996200000158,-0.05948718580091098
0.958332950000016,-0.012910843373672818
0.9666662800000161,0.03077291055649348
0.9749996100000162,0.07075229547062642
0.9833329400000164,0.10608556987969939
0.9916662700000165,0.13569108784288514
0.9999996000000166,0.15842758485269376
1.0083329300000168,0.1731678884565304
1.016666260000017,0.17880346777196887
1.024999590000017,0.1743579120196026
1.0333329200000172,0.15894681873961988
1.0416662500000173,0.13185901875456485
1.0499995800000175,0.09250984702205631
1.0583329100000176,0.04048353567297421
1.0666662400000178,-0.02446363487571436
1.074999570000018,-0.10244362691749855
1.083332900000018,-0.19339033643661818
1.0916662300000182,-0.2970769845203952
1.0999995600000183,-0.4131354659344751
1.1083328900000184,-0.5410425742918586
1.1166662200000186,-0.6801014144275057
1.1249995500000187,-0.8293841090081844
1.1333328800000189,-0.9875598959244533
1.141666210000019,-1.1522834826380144
1.1499995400000191,-1.3187014844008018
1.1583328700000193,-1.4754984401197018
1.1666662000000194,-1.59138813853403
1.1749995300000196,-1.599113345845294
1.1833328600000197,-1.4813666103713161
1.1916661900000198,-1.2442501952794267
1.19999952000002,-0.8850506667388401
1.20833285000002,-0.45227227737955117
1.2166661800000202,-0.003827250839371254
1.2249995100000204,0.4373407101656698
1.2333328400000205,0.8615627866214753
1.2416661700000207,1.264354073004526
1.2499995000000208,1.6433237038205546
1.258332830000021,1.9963701169031485
1.266666160000021,2.3216033623526005
1.2749994900000212,2.6173689586821465
1.2833328200000214,2.882337433255343
1.2916661500000215,3.1155584453908807
1.2999994800000216,3.3162536146704538
1.3083328100000218,3.483779577081031
1.316666140000022,3.6176196843759905
1.324999470000022,3.7173759423227564
1.3333328000000222,3.7827607839606046
1.3416661300000223,3.813592263944261
1.3499994600000225,3.8097903205741366
1.3583327900000226,3.7713757043319274
1.3666661200000227,3.6984730422247445
1.3749994500000229,3.591313188307637
1.383332780000023,3.4502375401988625
1.3916661100000232,3.275703639098945
1.3999994400000233,3.0682914509563965
1.4083327700000234,2.828712676402189
1.4166661000000236,2.55781925399681
1.4249994300000237,2.2566591851691378
1.4333327600000239,1.9266734013507592
1.441666090000024,1.5695835693808216
1.4499994200000241,1.1873278018443008
1.4583327500000243,0.7820420013725967
1.4666660800000244,0.3560253420184854
1.4749994100000245,-0.08819953173012769
1.4833327400000247,-0.5463648920096915
1.4916660700000248,-1.0105022687336984
1.499999400000025,-1.464948962614915
1.508332730000025,-1.875373624654047
1.5166660600000252,-2.1765901990994907
1.5249993900000254,-2.337934082396599
1.5333327200000255,-2.3627794497594903
1.5416660500000257,-2.3031036228149717
1.5499993800000258,-2.207556079453242
1.558332710000026,-2.096213631240692
1.566666040000026,-1.9773800583227812
1.5749993700000262,-1.854617181419716
1.5833327000000263,-1.729599832287445
1.5916660300000265,-1.6034300178096745
1.5999993600000266,-1.4770224270597248
1.6083326900000268,-1.35123710288084
1.616666020000027,-1.2269291854170994
1.624999350000027,-1.1049296606539885
1.6333326800000272,-0.9860318338986311
1.6416660100000273,-0.8709901090775224
1.6499993400000275,-0.7605082707280292
1.6583326700000276,-0.6552138000197217
1.6666660000000277,-0.5556485299738886
1.6749993300000279,-0.46226977042739065
1.683332660000028,-0.37545689952310546
1.6916659900000282,-0.29549835725700746
1.6999993200000283,-0.22259110717423694
1.7083326500000284,-0.15684320633220983
1.7166659800000286,-0.09827057055097857
1.7249993100000287,-0.04675040338423435
1.7333326400000288,-0.0020253898883587436
1.741665970000029,0.0362747780151274
1.7499993000000291,0.0686655271644902
1.7583326300000293,0.09589909526678826
1.7666659600000294,0.11891316370571967
1.7749992900000295,0.13888975319460914
1.7833326200000297,0.15720621663165968
1.7916659500000298,0.1753721876613303
1.79999928000003,0.19483110778440144
1.80833261000003,0.21675041556018562
1.8166659400000302,0.24176795629455183
1.8249992700000304,0.2697679260042961
1.8333326000000305,0.2997899932377364
1.8416659300000306,0.3301168849722473
1.8499992600000308,0.3585257398292847
1.858332590000031,0.382562716235472
1.866665920000031,0.39975790233129166
1.8749992500000312,0.4078377820415438
1.8833325800000313,0.404838653054257
1.8916659100000315,0.38913109814506847
1.8999992400000316,0.3594402774857729
1.9083325700000318,0.31482146400460276
1.916665900000032,0.254622015969164
1.924999230000032,0.17844439078458757
1.9333325600000322,0.08614166045662583
1.9416658900000323,-0.022241488704076752
1.9499992200000325,-0.14644846143838158
1.9583325500000326,-0.28605639535498867
1.9666658800000327,-0.440484464315816
1.9749992100000329,-0.6089849842311974
1.983332540000033,-0.7906328093712327
1.9916658700000331,-0.9843741502559369
1.9999992000000333,-1.188948197157216
2.0083325300000334,-1.4028619192454708
2.0166658600000336,-1.6242340294079498
2.0249991900000337,-1.8501741612578988
2.033332520000034,-2.0751654508365154
2.041665850000034,-2.2858819433783437
2.049999180000034,-2.4416806373976745
2.0583325100000343,-2.4696920104791866
2.0666658400000344,-2.3621206812004054
2.0749991700000345,-2.122298817923959
2.0833325000000347,-1.7497609736199944
2.091665830000035,-1.3024266598621732
2.099999160000035,-0.8393191549326283
2.108332490000035,-0.3812748906933028
2.1166658200000352,0.06316896007848494
2.1249991500000354,0.49038623953019467
2.1333324800000355,0.8979639000383172
2.1416658100000356,1.283619934396812
2.149999140000036,1.6452283917345087
2.158332470000036,1.9808439133559532
2.166665800000036,2.288722276057602
2.174999130000036,2.5673307889601853
2.1833324600000363,2.8154088266013857
2.1916657900000365,3.032048743595654
2.1999991200000366,3.2165161370836217
2.2083324500000368,3.368208106684412
2.216665780000037,3.486645909706876
2.224999110000037,3.5714678872832923
2.233332440000037,3.6224224159423075
2.2416657700000373,3.6393640407601615
2.2499991000000374,3.6222507931754517
2.2583324300000376,3.57114489692143
2.2666657600000377,3.486215819550646
2.274999090000038,3.3677426386196294
2.283332420000038,3.2161188115492525
2.291665750000038,3.0318578468678368
2.2999990800000383,2.8155994693219424
2.3083324100000384,2.56812505315298
2.3166657400000386,2.290516932482745
2.3249990700000387,1.9841977141340623
2.333332400000039,1.6508110110823486
2.341665730000039,1.2922026776890632
2.349999060000039,0.9104425359730633
2.3583323900000392,0.508803073159464
2.3666657200000394,0.09309089909425236
2.3749990500000395,-0.32624478543577334
2.3833323800000397,-0.7285328586692701
2.39166571000004,-1.0727144221208893
2.39999904000004,-1.3028617542343497
2.40833237000004,-1.4032364672381663
2.41666570000004,-1.3999965962598169
2.4249990300000404,-1.3465247989395877
2.4333323600000405,-1.2723661074544388
2.4416656900000406,-1.1902904542653938
2.4499990200000408,-1.1057718263298693
2.458332350000041,-1.0211457606618544
2.466665680000041,-0.9376776679732652
2.474999010000041,-0.8563068609474347
2.4833323400000413,-0.777848275583279
2.4916656700000415,-0.7030623071890796
2.4999990000000416,-0.6326813532458372
2.5083323300000417,-0.5674024517295991
2.516665660000042,-0.507875172706905
2.524998990000042,-0.4546978584764285
2.533332320000042,-0.40840133774139126
2.5416656500000423,-0.3694316044456728
2.5499989800000424,-0.3381408058189008
2.5583323100000426,-0.31477599796416966
2.5666656400000427,-0.29948322540033995
2.574998970000043,-0.29230218700232524
2.583332300000043,-0.2931386650709202
2.591665630000043,-0.30174417767191714
2.5999989600000433,-0.317688970253572
2.6083322900000434,-0.3403219219957538
2.6166656200000435,-0.3686911262345765
2.6249989500000437,-0.40138436656397497
2.633332280000044,-0.4364801620811308
2.641665610000044,-0.4713841291545442
2.649998940000044,-0.502767298253965
2.6583322700000442,-0.5267396213888791
2.6666656000000444,-0.5392846085801958
2.6749989300000445,-0.5370240044936337
2.6833322600000447,-0.5182293929818609
2.691665590000045,-0.4834988005277496
2.699998920000045,-0.4357207805384234
2.708332250000045,-0.37927279538379666
2.716665580000045,-0.3190785100001242
2.7249989100000453,-0.25983195045689644
2.7333322400000455,-0.2055485155292157
2.7416655700000456,-0.15946697166696638
2.7499989000000458,-0.12408860953050198
2.758332230000046,-0.10129580651439755
2.766665560000046,-0.09246972191722284
2.774998890000046,-0.09859812828995751
2.7833322200000463,-0.12033773565854824
2.7916655500000465,-0.15788736854115215
2.7999988800000466,-0.21106049873329835
2.8083322100000467,-0.2795668885470911
2.816665540000047,-0.36302573474522376
2.824998870000047,-0.46096775578661875
2.833332200000047,-0.5728413471134779
2.8416655300000473,-0.6980135000969347
2.8499988600000474,-0.8357750092189096
2.8583321900000476,-0.9853456018917145
2.8666655200000477,-1.145877991340584
2.874998850000048,-1.3164639616590428
2.883332180000048,-1.4961391286066776
2.891665510000048,-1.6838192515016963
2.8999988400000483,-1.8776144265936876
2.9083321700000484,-2.0740653664934796
2.9166655000000485,-2.2657900722399105
2.9249988300000487,-2.432473532714891
2.933332160000049,-2.513434869655745
2.941665490000049,-2.4565475395531626
2.949998820000049,-2.2664363977546627
2.9583321500000492,-1.9443051317040378
2.9666654800000494,-1.4991849410693396
2.9749988100000495,-1.0043589330900111
2.9833321400000496,-0.5033395095047086
2.99166547000005,-0.011712754281820285
2.99999880000005,0.4637060132259762
3.00833213000005,0.919741222590489
3.01666546000005,1.3538417395511524
3.0249987900000503,1.7636153683122293
3.0333321200000505,2.1468663771680263
3.0416654500000506,2.5016275751574972
3.0499987800000508,2.826198215843952
3.058332110000051,3.1193014912116315
3.066665440000051,3.379944167331985
3.074998770000051,3.6072891573738137
3.0833321000000513,3.800640484015691
3.0916654300000515,3.959433102657438
3.0999987600000516,4.083222924518341
3.1083320900000517,4.171676432902692
3.116665420000052,4.224564080135666
3.124998750000052,4.2417548894653185
3.133332080000052,4.223212783399247
3.1416654100000523,4.168998086500937
3.1499987400000524,4.0792702902546445
3.1583320700000526,3.95429181225864
3.1666654000000527,3.794433310378382
3.174998730000053,3.6001801599939363
3.183332060000053,3.372142191458362
3.191665390000053,3.1110632875177506
3.1999987200000533,2.8178453950485
3.2083320500000534,2.4937524279239884
3.2166653800000535,2.140407813927048
3.2249987100000537,1.7596631437213777
3.233332040000054,1.3537419760446343
3.241665370000054,0.9261713584414332
3.249998700000054,0.4825081727133902
3.2583320300000542,0.032097427241869876
3.2666653600000544,-0.4080240562662941
3.2749986900000545,-0.8065647893395894
3.2833320200000546,-1.1144634790797732
3.291665350000055,-1.2982917162704803
3.299998680000055,-1.3786831627368576
3.308332010000055,-1.402483893850304
3.316665340000055,-1.399829081410488
3.3249986700000553,-1.384879511266072
3.3333320000000555,-1.3637220317444039
3.3416653300000556,-1.339152748686597
3.3499986600000558,-1.312817770410496
3.358331990000056,-1.2859937094271767
3.366665320000056,-1.2597543687075596
3.374998650000056,-1.2350596978589004
3.3833319800000563,-1.2127892538735439
3.3916653100000564,-1.193661835486665
3.3999986400000566,-1.1782914953713648
3.4083319700000567,-1.167195729883387
3.416665300000057,-1.1607758453151307
3.424998630000057,-1.159285411477792
3.433331960000057,-1.1628595946399163
3.4416652900000573,-1.1715231955205736
3.4499986200000574,-1.1851846205134715
3.4583319500000576,-1.2036256958391767
3.4666652800000577,-1.2264636395681965
3.474998610000058,-1.253080883452988
3.483331940000058,-1.2826097583184028
3.491665270000058,-1.3137952622232256
3.4999986000000582,-1.3448030935655566
3.5083319300000584,-1.3729933985201075
3.5166652600000585,-1.394671368046839
3.5249985900000587,-1.4048645547939884
3.533331920000059,-1.3974478996906512
3.541665250000059,-1.36602743067226
3.549998580000059,-1.3057889890724055
3.558331910000059,-1.2155457823509368
3.5666652400000594,-1.0985957728348454
3.5749985700000595,-0.9615969486283561
3.5833319000000596,-0.8123675127519063
3.5916652300000598,-0.6582840427131842
3.59999856000006,-0.505459752972487
3.60833189000006,-0.35865708457418966
3.61666522000006,-0.2214913627757744
3.6249985500000603,-0.09668808704109355
3.6333318800000605,0.01368745888718302
3.6416652100000606,0.10806821188033422
3.6499985400000607,0.185467691094253
3.658331870000061,0.24541773552196866
3.666665200000061,0.28757609222874275
3.674998530000061,0.3117008338565096
3.6833318600000613,0.31765258239222033
3.6916651900000614,0.3053948251914754
3.6999985200000616,0.2749942687658356
3.7083318500000617,0.22662100983301936
3.716665180000062,0.16054821879812892
3.724998510000062,0.077151211940765
3.733331840000062,-0.023095435817927234
3.7416651700000623,-0.13962280700624072
3.7499985000000624,-0.271768315467567
3.7583318300000625,-0.41878225117267265
3.7666651600000627,-0.5798304555117056
3.774998490000063,-0.7539791505298677
3.783331820000063,-0.9396105330282084
3.791665150000063,-1.1336756257444056
3.7999984800000632,-1.3300833002796926
3.8083318100000634,-1.5133158798347857
3.8166651400000635,-1.6375137830780204
3.8249984700000637,-1.6388950091751397
3.833331800000064,-1.519730094713207
3.841665130000064,-1.2848115812290701
3.849998460000064,-0.9284600296415447
3.858331790000064,-0.49038788028549696
3.8666651200000643,-0.0338004998791308
3.8749984500000645,0.41652268429087114
3.8833317800000646,0.8505496727512973
3.8916651100000648,1.263553662399904
3.899998440000065,1.6530558750009188
3.908331770000065,2.016926395170743
3.916665100000065,2.3532412750900797
3.9249984300000653,2.6603031028135344
3.9333317600000655,2.936664829022732
3.9416650900000656,3.1812655238142207
3.9499984200000657,3.393288896694595
3.958331750000066,3.5720572504085326
3.966665080000066,3.717022046325472
3.974998410000066,3.8277552719289347
3.9833317400000663,3.903940476485257
3.9916650700000664,3.9453673231657853
3.9999984000000666,3.9519271893703833
4.008331730000067,3.9236108147082467
4.016665060000067,3.860510783718971
4.024998390000067,3.7628240105829245
4.033331720000067,3.6308556179350533
4.041665050000067,3.465024215961854
4.049998380000067,3.2658680694737092
4.0583317100000675,3.0340542966944573
4.066665040000068,2.7703879540301797
4.074998370000068,2.475908937476048
4.083331700000068,2.1520373972193028
4.091665030000068,1.8004360891615754
4.099998360000068,1.4229782942794507
4.108331690000068,1.0217303105097169
4.1166650200000685,0.5989948855336156
4.124998350000069,0.15826820251734755
4.133331680000069,-0.29487363974912284
4.141665010000069,-0.7513419485173397
4.149998340000069,-1.194838099088932
4.158331670000069,-1.595160347586617
4.166665000000069,-1.9035094472212668
4.1749983300000695,-2.081028908588854
4.18333166000007,-2.151690432452902
4.19166499000007,-2.1633654920989933
4.19999832000007,-2.146149606829567
4.20833165000007,-2.11439678311078
4.21666498000007,-2.0743890636516817
4.22499831000007,-2.0291570518320188
4.2333316400000705,-1.9805003083561699
4.241664970000071,-1.9297583668483769
4.249998300000071,-1.8779925588970385
4.258331630000071,-1.8261440264106203
4.266664960000071,-1.7750443003175114
4.274998290000071,-1.725363866282232
4.283331620000071,-1.6776615547084788
4.291664950000071,-1.6323936543300566
4.299998280000072,-1.5899087994228116
4.308331610000072,-1.550446007240829
4.316664940000072,-1.5141344220608135
4.324998270000072,-1.4809944511073017
4.333331600000072,-1.4509411068390512
4.341664930000072,-1.4237547819085152
4.349998260000072,-1.3990117282632124
4.3583315900000725,-1.3761014450339717
4.366664920000073,-1.3540968390123185
4.374998250000073,-1.3316054307616978
4.383331580000073,-1.3065337587369243
4.391664910000073,-1.275776748267914
4.399998240000073,-1.234859417371127
4.408331570000073,-1.1777606050731289
4.4166649000000735,-1.0973816299719983
4.424998230000074,-0.987222247128747
4.433331560000074,-0.8441265501859698
4.441664890000074,-0.670235164238714
4.449998220000074,-0.4724421982267519
4.458331550000074,-0.25993239627701203
4.466664880000074,-0.0417625239923308
4.4749982100000745,0.17442404685271407
4.483331540000075,0.38266424027528606
4.491664870000075,0.5784608642512532
4.499998200000075,0.7584500826619666
4.508331530000075,0.9200954963278349
4.516664860000075,1.0614661298633192
4.524998190000075,1.1811031801303762
4.533331520000075,1.278116211063443
4.541664850000076,1.3519560456948252
4.549998180000076,1.4022023853900434
4.558331510000076,1.428562913101914
4.566664840000076,1.4308744457664546
4.574998170000076,1.4091052324713875
4.583331500000076,1.3633562840590956
4.591664830000076,1.293862244234356
4.5999981600000766,1.200991271511109
4.608331490000077,1.0852440075798493
4.616664820000077,0.9472524171081582
4.624998150000077,0.787776700300288
4.633331480000077,0.6077027855897286
4.641664810000077,0.4080369847498853
4.649998140000077,0.18989920705017696
4.6583314700000775,-0.04548210048674961
4.666664800000078,-0.29651778248440747
4.674998130000078,-0.5601500621453225
4.683331460000078,-0.8302963552729108
4.691664790000078,-1.0920534996169484
4.699998120000078,-1.3024329596290851
4.708331450000078,-1.3957402927015075
4.7166647800000785,-1.3724324919623194
4.724998110000079,-1.2370167511144028
4.733331440000079,-0.9823351702221181
4.741664770000079,-0.6341394606705059
4.749998100000079,-0.26104897383528247
4.758331430000079,0.10861022256125549
4.766664760000079,0.464070196865642
4.7749980900000795,0.8007294508813055
4.78333142000008,1.1164809433088745
4.79166475000008,1.4095423905933078
4.79999808000008,1.678288409416772
4.80833141000008,1.9212616093735704
4.81666474000008,2.137180030166529
4.82499807000008,2.3249389813847325
4.83333140000008,2.4836065861394254
4.841664730000081,2.6124193791121844
4.849998060000081,2.7107995119873016
4.858331390000081,2.7783827452947745
4.866664720000081,2.8149360901924254
4.874998050000081,2.8203384688467423
4.883331380000081,2.7945792489533012
4.891664710000081,2.7377603466764366
4.8999980400000815,2.650097839094368
4.908331370000082,2.5319329357202145
4.916664700000082,2.383812147261318
4.924998030000082,2.2064790768301945
4.933331360000082,2.0008465883555697
4.941664690000082,1.7680004786366867
4.949998020000082,1.5091998261978503
4.9583313500000825,1.2258750998533208
4.966664680000083,0.9196180800874091
4.974998010000083,0.5921650811630214
4.983331340000083,0.24537927038872231
4.991664670000083,-0.1183466484449354
4.999998000000083,-0.4947302754499172
5.008331330000083,-0.8768664905963135
5.0166646600000835,-1.2528281319264774
5.024997990000084,-1.6007935294845883
5.033331320000084,-1.8831497675734232
5.041664650000084,-2.0545146909108354
5.049997980000084,-2.108609698450858
5.058331310000084,-2.0860054996289206
5.066664640000084,-2.0236095741119557
5.0749979700000845,-1.9420797706152177
5.083331300000085,-1.851147496673952
5.091664630000085,-1.7553625011007223
5.099997960000085,-1.6571995245227436
5.108331290000085,-1.5583201281998835
5.116664620000085,-1.4600361226441367
5.124997950000085,-1.3634477649376733
5.133331280000085,-1.2695645421645698
5.141664610000086,-1.1792954850897726
5.149997940000086,-1.093432305796607
5.158331270000086,-1.0126267398427253
5.166664600000086,-0.937415643654101
5.174997930000086,-0.8682305992992345
5.183331260000086,-0.8053919404055456
5.191664590000086,-0.7490934348431891
5.1999979200000865,-0.6994006661360139
5.208331250000087,-0.6562745853846917
5.216664580000087,-0.6195790456655639
5.224997910000087,-0.5890807281473273
5.233331240000087,-0.5643911294279941
5.241664570000087,-0.5449042142191791
5.249997900000087,-0.5297534392839612
5.2583312300000875,-0.517540036131734
5.266664560000088,-0.5060087437663777
5.274997890000088,-0.491472895629665
5.283331220000088,-0.4681733389040838
5.291664550000088,-0.42778267385243335
5.299997880000088,-0.3602129663335052
5.308331210000088,-0.2565478107281717
5.3166645400000885,-0.11367970275960505
5.324997870000089,0.06317062155790962
5.333331200000089,0.2629234357338228
5.341664530000089,0.473143480073392
5.349997860000089,0.6831645861714036
5.358331190000089,0.8849368446588327
5.366664520000089,1.0727368386198446
5.3749978500000894,1.2425627782379667
5.38333118000009,1.3915979501034816
5.39166451000009,1.5178298993506043
5.39999784000009,1.6199201452790628
5.40833117000009,1.6971908979302484
5.41666450000009,1.7491739484295565
5.42499783000009,1.7755384324314676
5.43333116000009,1.7760925026167627
5.441664490000091,1.750785767420371
5.449997820000091,1.6997113673810222
5.458331150000091,1.6231070421289138
5.466664480000091,1.5213558002080751
5.474997810000091,1.3949857939267565
5.483331140000091,1.2446701315313262
5.491664470000091,1.071225533736575
5.4999978000000915,0.8756084497436599
5.508331130000092,0.6589112016996441
5.516664460000092,0.4223543937857947
5.524997790000092,0.16727693495373236
5.533331120000092,-0.10487270090619588
5.541664450000092,-0.3925479245988546
5.549997780000092,-0.694035969511398
5.5583311100000925,-1.0056774653075493
5.566664440000093,-1.318323515259768
5.574997770000093,-1.6076208945510972
5.583331100000093,-1.8078245744197896
5.591664430000093,-1.8785770557950479
5.599997760000093,-1.82600270073777
5.608331090000093,-1.6472452842562129
5.6166644200000935,-1.3521176932627288
5.624997750000094,-1.0133240742424465
5.633331080000094,-0.6696793816017187
5.641664410000094,-0.3347774219639298
5.649997740000094,-0.014071806103164074
5.658331070000094,0.2903121102959074
5.666664400000094,0.5766647522103504
5.674997730000094,0.8433857668994973
5.683331060000095,1.0889905422220498
5.691664390000095,1.3121204468155894
5.699997720000095,1.5115531187582454
5.708331050000095,1.6862085468092562
5.716664380000095,1.8351550159050036
5.724997710000095,1.9576118580034454
5.733331040000095,2.0529484447301742
5.7416643700000956,2.1206835821718037
5.749997700000096,2.1604841376930968
5.758331030000096,2.172162285711865
5.766664360000096,2.1556756555472236
5.774997690000096,2.1111286450891797
5.783331020000096,2.0387740557241205
5.791664350000096,1.9390152972021903
5.7999976800000965,1.8124079612723192
5.808331010000097,1.6596620148134675
5.816664340000097,1.4816418693238533
5.824997670000097,1.279363451110472
5.833331000000097,1.0539897580770201
5.841664330000097,0.8068203891510191
5.849997660000097,0.5393920967242528
5.8583309900000975,0.2544490494240767
5.866664320000098,-0.04358634682359765
5.874997650000098,-0.3476859094364062
5.883330980000098,-0.6460262342869869
5.891664310000098,-0.9186614552368636
5.899997640000098,-1.1356888777465706
5.908330970000098,-1.2668228613978896
5.9166643000000985,-1.3073484724927493
5.924997630000099,-1.2820682987887606
5.933330960000099,-1.2195978680513746
5.941664290000099,-1.1387377362717785
5.949997620000099,-1.0495777176317302
5.958330950000099,-0.9572537177782616
5.966664280000099,-0.8645812982755443
5.974997610000099,-0.7733719105979827
5.9833309400001,-0.685055859063267
5.9916642700001,-0.60081252099159
5.9999976000001,-0.5217076189563001
6.0083309300001,-0.44872086987620063
6.0166642600001,-0.38272039127262136
6.0249975900001,-0.3244447669953647
6.0333309200001,-0.2745334228991556
6.0416642500001005,-0.23352559402226075
6.049997580000101,-0.2018590244631149
6.058330910000101,-0.17987053581175308
6.066664240000101,-0.167799279028352
6.074997570000101,-0.16578720616155934
6.083330900000101,-0.17387646731221695
6.091664230000101,-0.1920061338480813
6.0999975600001015,-0.22000304800580472
6.108330890000102,-0.25756146192753926
6.116664220000102,-0.30418931548096817
6.124997550000102,-0.3591070176472493
6.133330880000102,-0.42100245541728526
6.141664210000102,-0.4875420559348809
6.149997540000102,-0.5545457588353534
6.1583308700001025,-0.6146025779863677
6.166664200000103,-0.6554495820745799
6.174997530000103,-0.6595861009264903
6.183330860000103,-0.6090748369456506
6.191664190000103,-0.4968240268729118
6.199997520000103,-0.3331699882233036
6.208330850000103,-0.13803274464859988
6.2166641800001035,0.06993342564987337
6.224997510000104,0.2773635350331133
6.233330840000104,0.4756308377336997
6.241664170000104,0.659287281911855
6.249997500000104,0.8248148168181622
6.258330830000104,0.9699785267881894
6.266664160000104,1.093711964821183
6.274997490000104,1.1952854619506839
6.283330820000105,1.2740957463153348
6.291664150000105,1.3296719613287604
6.299997480000105,1.3616793527772244
6.308330810000105,1.3699194921578162
6.316664140000105,1.3543317141639324
6.324997470000105,1.3149935120498817
6.333330800000105,1.252120408045998
6.3416641300001055,1.1660647695469035
6.349997460000106,1.057312828652437
6.358330790000106,0.9264833035556571
6.366664120000106,0.7743229580236844
6.374997450000106,0.6017011140669686
6.383330780000106,0.4096045059530213
6.391664110000106,0.19912932053450252
6.3999974400001065,-0.028527950588290465
6.408330770000107,-0.2720770557168397
6.416664100000107,-0.5301406349056943
6.424997430000107,-0.8012478246431011
6.433330760000107,-1.0826746416845008
6.441664090000107,-1.3669163290708402
6.449997420000107,-1.6347437733271195
6.4583307500001075,-1.8309982601189387
6.466664080000108,-1.8976803370268032
6.474997410000108,-1.837566399036272
6.483330740000108,-1.649582691885546
6.491664070000108,-1.343173356631301
6.499997400000108,-0.990268262392094
6.508330730000108,-0.6310443182517588
6.5166640600001084,-0.27992504973338755
6.524997390000109,0.05703118054158633
6.533330720000109,0.37736479805385237
6.541664050000109,0.6792763394533216
6.549997380000109,0.9610783658060693
6.558330710000109,1.2212058401143413
6.566664040000109,1.4582295941508125
6.574997370000109,1.67086775040855
6.58333070000011,1.8579912064123987
6.59166403000011,2.0186284144187967
6.59999736000011,2.151966566103155
6.60833069000011,2.2573488302188345
6.61666402000011,2.334272274892419
6.62499735000011,2.38238525702229
6.63333068000011,2.4014842467551536
6.6416640100001105,2.3915122936494146
6.649997340000111,2.3525596610959707
6.658330670000111,2.2848668191116865
6.666664000000111,2.1888257191754557
6.674997330000111,2.0649816244451156
6.683330660000111,1.914034934367518
6.691663990000111,1.7368408111350269
6.6999973200001115,1.5344054107875331
6.708330650000112,1.3078969161832243
6.716663980000112,1.0591096269240496
6.724997310000112,0.7908923040895992
6.733330640000112,0.5073535414835452
6.741663970000112,0.2146905640424641
6.749997300000112,-0.07741449237820511
6.7583306300001125,-0.3539568137276059
6.766663960000113,-0.5936693223186633
6.774997290000113,-0.7732786910182388
6.783330620000113,-0.8802876769409318
6.791663950000113,-0.9229683143661883
6.799997280000113,-0.9211612051068947
6.808330610000113,-0.8929218837944699
6.816663940000113,-0.8501696098760725
6.824997270000114,-0.7999225730176832
6.833330600000114,-0.7464057065359716
6.841663930000114,-0.6924420716552873
6.849997260000114,-0.6401985363081937
6.858330590000114,-0.5914876533126998
6.866663920000114,-0.5478453056114607
6.874997250000114,-0.5106111475969322
6.8833305800001146,-0.48092142392278553
6.891663910000115,-0.45974663229735074
6.899997240000115,-0.44784494083128484
6.908330570000115,-0.4458349943634019
6.916663900000115,-0.4541533920305843
6.924997230000115,-0.47306737919184777
6.933330560000115,-0.5027126779663061
6.9416638900001155,-0.543091657275671
6.949997220000116,-0.5940707463290607
6.958330550000116,-0.6553767247761902
6.966663880000116,-0.7265903962147829
6.974997210000116,-0.8071354486073232
6.983330540000116,-0.8962575116412815
6.991663870000116,-0.9929476359615356
6.9999972000001165,-1.0957087196478146
7.008330530000117,-1.2021932360701733
7.016663860000117,-1.308303290717277
7.024997190000117,-1.406476486817702
7.033330520000117,-1.4827274288930756
7.041663850000117,-1.5134509802273635
7.049997180000117,-1.4685929529314599
7.0583305100001175,-1.3326888919638427
7.066663840000118,-1.1227580778199397
7.074997170000118,-0.8704309870867973
7.083330500000118,-0.6009810333161052
7.091663830000118,-0.3300614751505525
7.099997160000118,-0.06681050673189265
7.108330490000118,0.18326632980330404
7.116663820000118,0.416708834862674
7.124997150000119,0.6317296089861888
7.133330480000119,0.8271092919741598
7.141663810000119,1.0017420236150996
7.149997140000119,1.15464347070902
7.158330470000119,1.2849564990439923
7.166663800000119,1.3919566638693954
7.174997130000119,1.475055089306426
7.1833304600001195,1.533798915311364
7.19166379000012,1.5678716912990045
7.19999712000012,1.577093377142274
7.20833045000012,1.561419485188075
7.21666378000012,1.5209420300584273
7.22499711000012,1.4558898258181259
7.23333044000012,1.3666284740124799
7.2416637700001205,1.2536593938848057
7.249997100000121,1.1176185847382267
7.258330430000121,0.9592752272545031
7.266663760000121,0.7795285909920041
7.274997090000121,0.5794036451545512
7.283330420000121,0.36004797869586813
7.291663750000121,0.12272664654094963
7.2999970800001215,-0.1311518752710951
7.308330410000122,-0.3986804702947322
7.316663740000122,-0.6725553658450443
7.324997070000122,-0.9350163191192042
7.333330400000122,-1.1381654238071723
7.341663730000122,-1.2218882626013268
7.349997060000122,-1.1876973007952392
7.3583303900001225,-1.0349591072842859
7.366663720000123,-0.7676597659622879
7.374997050000123,-0.4517343684799838
7.383330380000123,-0.1290095036312181
7.391663710000123,0.18481288388149056
7.399997040000123,0.4829744092776305
7.408330370000123,0.7624124932167908
7.416663700000123,1.021504326054718
7.424997030000124,1.2588124133121976
7.433330360000124,1.473036709796818
7.441663690000124,1.6630215331164193
7.449997020000124,1.8277601426972307
7.458330350000124,1.9663952145070664
7.466663680000124,2.0782199564702863
7.474997010000124,2.162677205976977
7.4833303400001245,2.2193569881948143
7.491663670000125,2.2479947905387982
7.499997000000125,2.248470233418343
7.508330330000125,2.2208066519239003
7.516663660000125,2.16517290477021
7.524996990000125,2.0818841800327412
7.533330320000125,1.9714037288664121
7.5416636500001255,1.834343583858691
7.549996980000126,1.6714642059888976
7.558330310000126,1.4836739345129135
7.566663640000126,1.272024873100404
7.574996970000126,1.0377113742896105
7.583330300000126,0.7824124266733479
7.591663630000126,0.5087597463577055
7.5999969600001265,0.22041104338771367
7.608330290000127,-0.07735038468475829
7.616663620000127,-0.37652932339110984
7.624996950000127,-0.6648067411117682
7.633330280000127,-0.9239898530584189
7.641663610000127,-1.1313637950501778
7.649996940000127,-1.2687083490732034
7.6583302700001274,-1.3358367049554558
7.666663600000128,-1.3496942993364582
7.674996930000128,-1.330259576318825
7.683330260000128,-1.292523297574014
7.691663590000128,-1.2459476527237654
7.699996920000128,-1.1962362400674846
7.708330250000128,-1.1469744677368705
7.716663580000128,-1.100558975005594
7.724996910000129,-1.0587098607520267
7.733330240000129,-1.0227110612821797
7.741663570000129,-0.9935717106830947
7.749996900000129,-0.9720510645581486
7.758330230000129,-0.9587498123927433
7.766663560000129,-0.9540795906501744
7.774996890000129,-0.9582895097299932
7.7833302200001295,-0.9714980338336187
7.79166355000013,-0.9936925205407989
7.79999688000013,-1.024729567301128
7.80833021000013,-1.064336162418947
7.81666354000013,-1.112111967427284
7.82499687000013,-1.1675315382993465
7.83333020000013,-1.2299012397149245
7.8416635300001305,-1.2983526576111755
7.849996860000131,-1.3718303602426845
7.858330190000131,-1.4489391514997625
7.866663520000131,-1.527772383295998
7.874996850000131,-1.6053974404103777
7.883330180000131,-1.6767074740606907
7.891663510000131,-1.7320644422531108
7.8999968400001315,-1.753367965698056
7.908330170000132,-1.7107940605976462
7.916663500000132,-1.5728448328375493
7.924996830000132,-1.3372823219688323
7.933330160000132,-1.0355219943757323
7.941663490000132,-0.7015231362854336
7.949996820000132,-0.35786484007179975
7.958330150000132,-0.017723358874814354
7.966663480000133,0.311161775784825
7.974996810000133,0.6239215428121185
7.983330140000133,0.9174200281328064
7.991663470000133,1.1898417353756912
7.999996800000133,1.4396763275720965
8.008330130000132,1.6655473799325995
8.016663460000133,1.8662255067247153
8.024996790000134,2.0406365934579376
8.033330120000134,2.1878637595945407
8.041663450000133,2.3071483645126527
8.049996780000134,2.397888129375128
8.058330110000135,2.4596330147901457
8.066663440000134,2.4920818351304126
8.074996770000133,2.4950802968509476
8.083330100000135,2.4686189756850765
8.091663430000136,2.412834878264442
8.099996760000135,2.32801386064445
8.108330090000134,2.21459228045421
8.116663420000135,2.073160544733371
8.124996750000136,1.904465606143429
8.133330080000135,1.7094146684739329
8.141663410000135,1.4890762327319287
8.149996740000136,1.2446783180047827
8.158330070000137,0.9776060652832901
8.166663400000136,0.6893926326191083
8.174996730000135,0.3819248402903675
8.183330060000136,0.05919479818582122
8.191663390000137,-0.2704961528694361
8.199996720000136,-0.587947941996875
8.208330050000136,-0.8449470928319617
8.216663380000137,-0.9847458878241798
8.224996710000138,-1.0077568235886758
8.233330040000137,-0.910687947860448
8.241663370000136,-0.7101681434067708
8.249996700000137,-0.47169747350696384
8.258330030000138,-0.22881321328631823
8.266663360000138,0.005351321009960552
8.274996690000137,0.2249895572928188
8.283330020000138,0.4274754176016442
8.291663350000139,0.611590302112038
8.299996680000138,0.7762983690964844
8.308330010000137,0.9206772042081739
8.316663340000138,1.0439226368905863
8.32499667000014,1.1453526566468135
8.333330000000139,1.224409357432813
8.341663330000138,1.2806611042864415
8.349996660000139,1.3138045153294786
8.35832999000014,1.3236649548980224
8.36666332000014,1.3101968929533634
8.374996650000138,1.2734847415703554
8.38332998000014,1.2137437612594253
8.39166331000014,1.1313202455147011
8.39999664000014,1.026689124843584
8.408329970000139,0.9004532376662805
8.41666330000014,0.7533398116325192
8.424996630000141,0.5861958455778946
8.43332996000014,0.39998324532745094
8.44166329000014,0.19577304272857365
8.44999662000014,-0.024900684176612863
8.458329950000142,-0.2592910331859591
8.466663280000141,-0.503400379624928
8.47499661000014,-0.7512452617580189
8.483329940000141,-0.993539696529634
8.491663270000142,-1.2159866523564054
8.499996600000141,-1.3986662498140616
8.50832993000014,-1.5206285753419329
8.516663260000142,-1.5725306465174018
8.524996590000143,-1.5642967023589003
8.533329920000142,-1.5158179983223092
8.541663250000141,-1.4448348594196627
8.549996580000142,-1.3633963225436854
8.558329910000143,-1.2788422041991332
8.566663240000143,-1.1955602916735224
8.574996570000142,-1.1162644005247904
8.583329900000143,-1.0427267411916734
8.591663230000144,-0.9761724750117755
8.599996560000143,-0.9175132472642813
8.608329890000142,-0.8674469271554013
8.616663220000143,-0.826467127055451
8.624996550000144,-0.7949227805996447
8.633329880000144,-0.7730360780745574
8.641663210000143,-0.7609059559874408
8.649996540000144,-0.7585104667531788
8.658329870000145,-0.7657080542350164
8.666663200000144,-0.7822122960022391
8.674996530000143,-0.807580471194751
8.683329860000145,-0.8412423042826302
8.691663190000146,-0.8824820170682856
8.699996520000145,-0.9303682555900891
8.708329850000144,-0.9837883681785501
8.716663180000145,-1.0413422754699597
8.724996510000146,-1.1012642256202496
8.733329840000145,-1.161111729116958
8.741663170000145,-1.2171122657300857
8.749996500000146,-1.262772246563341
8.758329830000147,-1.2860248489837567
8.766663160000146,-1.265576783036273
8.774996490000145,-1.1714636943978933
8.783329820000146,-0.9829670902020635
8.791663150000147,-0.7120756139153172
8.799996480000146,-0.39143036517817437
8.808329810000146,-0.049624087424676826
8.816663140000147,0.29485146378199767
8.824996470000148,0.6309686040107768
8.833329800000147,0.9520143847048943
8.841663130000146,1.2536515510943764
8.849996460000147,1.5329409436008394
8.858329790000148,1.7880953348699404
8.866663120000148,2.0177320568696464
8.874996450000147,2.2206245167996985
8.883329780000148,2.3957077862721596
8.891663110000149,2.542081964101532
8.899996440000148,2.6590110187512135
8.908329770000147,2.745917592146484
8.916663100000148,2.8023787357635
8.92499643000015,2.8281214519792814
8.933329760000149,2.823018422154682
8.941663090000148,2.7870870829920005
8.949996420000149,2.7204914305502546
8.95832975000015,2.6235437363539025
8.96666308000015,2.4967086889918293
8.974996410000148,2.3406065572717067
8.98332974000015,2.156019100686297
8.99166307000015,1.9438936476565878
8.99999640000015,1.7053450371547227
9.008329730000149,1.441657101773652
9.01666306000015,1.1542782924154174
9.024996390000151,0.8448123273273457
9.03332972000015,0.5150075479396137
9.04166305000015,0.166756566547388
9.04999638000015,-0.19700945064214856
9.058329710000152,-0.5703590185585865
9.06666304000015,-0.9411656064543674
9.07499637000015,-1.2805586165472276
9.083329700000151,-1.52452273247896
9.091663030000152,-1.6379013665943076
9.099996360000151,-1.620708468502619
9.10832969000015,-1.4805940459054465
9.116663020000152,-1.2836811273433455
9.124996350000153,-1.0724639984507325
9.133329680000152,-0.8632674191692807
9.141663010000151,-0.6630684118810322
9.149996340000152,-0.4749362774921524
9.158329670000153,-0.30006458750061976
9.166663000000153,-0.13942722214307654
9.174996330000152,0.006082310905081485
9.183329660000153,0.13565479572259842
9.191662990000154,0.24856935769409044
9.199996320000153,0.3441978917342079
9.208329650000152,0.4220087790571176
9.216662980000153,0.4815699932631125
9.224996310000154,0.5225513340875793
9.233329640000154,0.5447283123443517
9.241662970000153,0.5479834129986952
9.249996300000154,0.532306911820425
9.258329630000155,0.49779818083808086
9.266662960000154,0.44466676530937244
9.274996290000153,0.3732319917408072
9.283329620000154,0.2839186033264607
9.291662950000156,0.17725619633232567
9.299996280000155,0.053907218989969634
9.308329610000154,-0.08470403217631685
9.316662940000155,-0.23603545571795922
9.324996270000156,-0.39636301177061417
9.333329600000155,-0.5601071448069734
9.341662930000155,-0.7188260676141228
9.349996260000156,-0.8602803741692205
9.358329590000157,-0.9687945733642822
9.366662920000156,-1.0295372145210835
9.374996250000155,-1.036371355148257
9.383329580000156,-0.996016341463332
9.391662910000157,-0.9228308238998444
9.399996240000156,-0.8311976734508045
9.408329570000156,-0.7318853702336421
9.416662900000157,-0.6320166841851924
9.424996230000158,-0.5361083955761451
9.433329560000157,-0.4470256590711001
9.441662890000156,-0.3666514646409102
9.449996220000157,-0.29628190012445965
9.458329550000158,-0.23683170114337265
9.466662880000158,-0.18894892039555544
9.474996210000157,-0.15310431128473675
9.483329540000158,-0.12961219942418656
9.491662870000159,-0.11864269299400552
9.499996200000158,-0.1202272938678518
9.508329530000157,-0.13426056500608724
9.516662860000158,-0.16049925626889391
9.52499619000016,-0.19856087613911724
9.533329520000159,-0.24791433772313712
9.541662850000158,-0.3078302554948915
9.549996180000159,-0.3774057653498825
9.55832951000016,-0.4555513434983864
9.56666284000016,-0.5409009358501174
9.574996170000158,-0.6318367510131282
9.58332950000016,-0.7263521730702036
9.59166283000016,-0.8218799844475868
9.59999616000016,-0.9149110320502146
9.608329490000159,-1.0000215044041387
9.61666282000016,-1.0680045594811372
9.624996150000161,-1.1028325775424315
9.63332948000016,-1.0798778025249214
9.64166281000016,-0.9738306421807192
9.64999614000016,-0.7808266255978507
9.658329470000162,-0.5243762447535408
9.66666280000016,-0.23422823246991523
9.67499613000016,0.06742716740223927
9.683329460000161,0.36667052881254103
9.691662790000162,0.6550454182323369
9.699996120000161,0.9272401619042402
9.70832945000016,1.1797114854759452
9.716662780000162,1.4101322419718898
9.724996110000163,1.6171309833716403
9.733329440000162,1.7995621985318198
9.741662770000161,1.956422811461199
9.749996100000162,2.086858359705068
9.758329430000163,2.1901643225967034
9.766662760000163,2.2657869140971787
9.774996090000162,2.3133217457258684
9.783329420000163,2.3325116433480617
9.791662750000164,2.3232450254460173
9.799996080000163,2.2855560429477695
9.808329410000162,2.219626272673601
9.816662740000163,2.1257856897621235
9.824996070000164,2.0045142150868083
9.833329400000164,1.8564442249334852
9.841662730000163,1.682362014821217
9.849996060000164,1.483207570637796
9.858329390000165,1.260074297118901
9.866662720000164,1.0142043416470845
9.874996050000163,0.7469803663187218
9.883329380000164,0.4599168159553273
9.891662710000166,0.15464665546722123
9.899996040000165,-0.16709328544717789
9.908329370000164,-0.503446293340949
9.916662700000165,-0.8512740289559309
9.924996030000166,-1.2038203358126511
9.933329360000165,-1.5466938679263935
9.941662690000165,-1.8445747715314909
9.949996020000166,-2.0284510111397056
9.958329350000167,-2.074791476268984
9.966662680000166,-1.9829667338273758
9.974996010000165,-1.7862352515910496
9.983329340000166,-1.5511572439724857
9.991662670000167,-1.3075240094517926
9.999996000000166,-1.0672659700200775
10.008329330000166,-0.8358431437402559
10.016662660000167,-0.6155683046513492
10.024995990000168,-0.4076865251724362
10.033329320000167,-0.21335570067978663
10.041662650000166,-0.033659034513804406
10.049995980000167,0.13040169936556623
10.058329310000168,0.27791109994235347
10.066662640000168,0.4080474418137211
10.074995970000167,0.5200895410206532
10.083329300000168,0.6134194383662173
10.091662630000169,0.6875300459972215
10.099995960000168,0.7420259192220413
10.108329290000167,0.7766267774513816
10.116662620000168,0.7911699373848318
10.12499595000017,0.785610860609076
10.133329280000169,0.7600233946538503
10.141662610000168,0.7145970932520755
10.149995940000169,0.6497072053682271
10.15832927000017,0.5664559878726235
10.16666260000017,0.4666977102225023
10.174995930000168,0.353107368943394
10.18332926000017,0.22957519944111676
10.19166259000017,0.10173741420097987
10.19999592000017,-0.022453139037903913
10.208329250000169,-0.13262508998321415
10.21666258000017,-0.2172462827315159
10.224995910000171,-0.26710946362369975
10.23332924000017,-0.2795292883565173
10.24166257000017,-0.2596596951250202
10.24999590000017,-0.21733057985050036
10.258329230000172,-0.1628606066206422
10.26666256000017,-0.10460809496234173
10.27499589000017,-0.04852823727669566
10.283329220000171,0.0013880139901670783
10.291662550000172,0.042542616931711956
10.299995880000171,0.07324086751607402
10.30832921000017,0.09238307850094622
10.316662540000172,0.09927959016598338
10.324995870000173,0.09349797133093994
10.333329200000172,0.0748338738227351
10.341662530000171,0.04328270307400349
10.349995860000172,-0.0010004421635449402
10.358329190000173,-0.05770747487756173
10.366662520000173,-0.12637386836203918
10.374995850000172,-0.20634811457954821
10.383329180000173,-0.2968026259023725
10.391662510000174,-0.39675650237411464
10.399995840000173,-0.5050472764293844
10.408329170000172,-0.6202713011252462
10.416662500000173,-0.7408619178064526
10.424995830000174,-0.8649996839920142
10.433329160000174,-0.9906757732386446
10.441662490000173,-1.1156363334625055
10.449995820000174,-1.2373133577878637
10.458329150000175,-1.3526144682098806
10.466662480000174,-1.4572766756840367
10.474995810000173,-1.5443891594684418
10.483329140000174,-1.6018796625766405
10.491662470000175,-1.6098902872180971
10.499995800000175,-1.544106703835701
10.508329130000174,-1.3923358325466744
10.516662460000175,-1.168438800399763
10.524995790000176,-0.9001495760491587
10.533329120000175,-0.6114786023046738
10.541662450000175,-0.31840023887848573
10.549995780000176,-0.030780554163050953
10.558329110000177,0.24519661767739737
10.566662440000176,0.5054390790466712
10.574995770000175,0.7473005326363352
10.583329100000176,0.9693008821747908
10.591662430000177,1.1701933945488001
10.599995760000176,1.3488520687974517
10.608329090000176,1.504279097887746
10.616662420000177,1.6356123104265463
10.624995750000178,1.7421296909148793
10.633329080000177,1.8232504150375382
10.641662410000176,1.878535931818789
10.649995740000177,1.907689863850249
10.658329070000178,1.9105567381634017
10.666662400000178,1.8871220593836548
10.674995730000177,1.8375133178761227
10.683329060000178,1.7620006189417294
10.691662390000179,1.6609971442426763
10.699995720000178,1.5350586245475435
10.708329050000177,1.3848834584083096
10.716662380000178,1.2113109847952093
10.72499571000018,1.0153177766552623
10.733329040000179,0.798014088360875
10.741662370000178,0.5606368855284585
10.749995700000179,0.3045411782118431
10.75832903000018,0.03119270349518241
10.76666236000018,-0.2578332893059755
10.774995690000178,-0.5599552362143813
10.78332902000018,-0.869295395316607
10.79166235000018,-1.1736047759898283
10.79999568000018,-1.4441750653077976
10.808329010000179,-1.61891120409712
10.81666234000018,-1.6599692685767324
10.824995670000181,-1.5664996693123332
10.83332900000018,-1.3667526157787808
10.84166233000018,-1.126163469655049
10.84999566000018,-0.8765775529123808
10.858328990000182,-0.6311614751657794
10.86666232000018,-0.3959806661798789
10.87499565000018,-0.17411207902453613
10.883328980000181,0.03299460382264817
10.891662310000182,0.22418784453466614
10.899995640000181,0.3984092634088405
10.90832897000018,0.5546982326283206
10.916662300000182,0.6921990561233353
10.924995630000183,0.8101670378439428
10.933328960000182,0.9079706885671198
10.941662290000181,0.9850975716947776
10.949995620000182,1.0411564363599186
10.958328950000183,1.0758767517810708
10.966662280000183,1.0891112675452308
10.974995610000182,1.0808349018382641
10.983328940000183,1.0511436237810836
10.991662270000184,1.0004125132752661
10.999995600000183,0.929605633619239
11.008328930000182,0.8401389026985414
11.016662260000183,0.7339725278482893
11.024995590000184,0.6138027714758331
11.033328920000184,0.4833092028658384
11.041662250000183,0.3474271927963252
11.049995580000184,0.21250183395318678
11.058328910000185,0.08606682857191188
11.066662240000184,-0.024167410314849994
11.074995570000183,-0.11213131733437774
11.083328900000184,-0.17544800871173824
11.091662230000185,-0.21616789046367135
11.099995560000185,-0.23962441969512838
11.108328890000184,-0.2522514923552397
11.116662220000185,-0.25992980753153255
11.124995550000186,-0.2672985022039562
11.133328880000185,-0.27764625879529375
11.141662210000185,-0.2931646710256221
11.149995540000186,-0.31524392455548
11.158328870000187,-0.34469811420742263
11.166662200000186,-0.3819247495572267
11.174995530000185,-0.42706135069145135
11.183328860000186,-0.48003957456351815
11.191662190000187,-0.5406235589311407
11.199995520000186,-0.6084435279606284
11.208328850000186,-0.6830143600463434
11.216662180000187,-0.7637445859792372
11.224995510000188,-0.8499476340802373
11.233328840000187,-0.9408518699543303
11.241662170000186,-1.0356231967556186
11.249995500000187,-1.1333773463911014
11.258328830000188,-1.2331620192864667
11.266662160000187,-1.333931900811031
11.274995490000187,-1.434618051711683
11.283328820000188,-1.5341559890179133
11.291662150000189,-1.6314665283329584
11.299995480000188,-1.7253644812079727
11.308328810000187,-1.8144472870998352
11.316662140000188,-1.8968430563867806
11.32499547000019,-1.9693403764293536
11.333328800000189,-2.0256579795756373
11.341662130000188,-2.0533733921926913
11.349995460000189,-2.03075886961248
11.35832879000019,-1.929815610529126
11.36666212000019,-1.7357704186867595
11.374995450000188,-1.4649227897096673
11.38332878000019,-1.1484039337632608
11.39166211000019,-0.8117893148108235
11.39999544000019,-0.4713045504278887
11.408328770000189,-0.13671329545683553
11.41666210000019,0.1858951520654883
11.424995430000191,0.4924897726765864
11.43332876000019,0.7806880656696381
11.44166209000019,1.0488666071652932
11.44999542000019,1.2955301988051016
11.458328750000192,1.5193094421415891
11.46666208000019,1.718973312227905
11.47499541000019,1.8934382163351666
11.483328740000191,2.041771213290594
11.491662070000192,2.163192589070032
11.499995400000191,2.2570755154611204
11.50832873000019,2.3229431678420673
11.516662060000192,2.360466340751154
11.524995390000193,2.3694620055421556
11.533328720000192,2.349891163134923
11.541662050000191,2.3018600975279035
11.549995380000192,2.2256223436059246
11.558328710000193,2.1215806830983097
11.566662040000192,1.9902892671759425
11.574995370000192,1.8324559690754054
11.583328700000193,1.648945501933654
11.591662030000194,1.4407802304312796
11.599995360000193,1.2091381916909978
11.608328690000192,0.955349545523752
11.616662020000193,0.6808855404055351
11.624995350000194,0.38753900646075423
11.633328680000194,0.07906330940709352
11.641662010000193,-0.2372390060218047
11.649995340000194,-0.5463546058238604
11.658328670000195,-0.815364758100245
11.666662000000194,-0.9845427393930143
11.674995330000193,-1.0251898174366847
11.683328660000194,-0.9422029845345545
11.691661990000195,-0.7866797606437058
11.699995320000195,-0.6069752895146805
11.708328650000194,-0.4251336028144062
11.716661980000195,-0.25086631654229746
11.724995310000196,-0.08878860528082703
11.733328640000195,0.058646941625310735
11.741661970000195,0.1901975516824495
11.749995300000196,0.30512811370784015
11.758328630000197,0.40281015881231463
11.766661960000196,0.48271473370536544
11.774995290000195,0.5444146373908444
11.783328620000196,0.5875878049498414
11.791661950000197,0.6120179712875949
11.799995280000196,0.6175947267379334
11.808328610000196,0.6043207361313037
11.816661940000197,0.5725114704159345
11.824995270000198,0.5228530179468424
11.833328600000197,0.45630457261524443
11.841661930000196,0.37414132753221413
11.849995260000197,0.2780183582991893
11.858328590000198,0.1700564037623991
11.866661920000197,0.052923387526557335
11.874995250000197,-0.07009762941136916
11.883328580000198,-0.19509667186034169
11.891661910000199,-0.3176694237245719
11.899995240000198,-0.43325457327938
11.908328570000197,-0.537735625352895
11.916661900000198,-0.6281222805629691
11.9249952300002,-0.7031496564549399
11.933328560000199,-0.7633177519102158
11.941661890000198,-0.810537529176674
11.949995220000199,-0.8474284296752346
11.9583285500002,-0.8766813051113471
11.9666618800002,-0.9006322261034213
11.974995210000198,-0.9211178168320426
11.9833285400002,-0.939472942128962
11.9916618700002,-0.9566703851848061
11.9999952000002,-0.9733691286184157
12.008328530000199,-0.9900912588497343
12.0166618600002,-1.0072936971797655
12.024995190000201,-1.0253672278351906
12.0333285200002,-1.0446627333064087
12.0416618500002,-1.065543154275992
12.0499951800002,-1.0883820053970714
12.058328510000202,-1.1135303607719729
12.0666618400002,-1.1412577808413542
12.0749951700002,-1.171785080529477
12.083328500000201,-1.2052777235371435
12.091661830000202,-1.2418273742112644
12.099995160000201,-1.2814353246006074
12.1083284900002,-1.3239986822925205
12.116661820000202,-1.369301204750228
12.124995150000203,-1.4170126511555732
12.133328480000202,-1.466682832419864
12.141661810000201,-1.5177330695122833
12.149995140000202,-1.5694394990757916
12.158328470000203,-1.6208756214776168
12.166661800000202,-1.6706646380423462
12.174995130000202,-1.7165214088754537
12.183328460000203,-1.75410016595828
12.191661790000204,-1.774620735456306
12.199995120000203,-1.760876234837926
12.208328450000202,-1.6841786335320077
12.216661780000203,-1.513962999921544
12.224995110000204,-1.2475712038370406
12.233328440000204,-0.9154167827671773
12.241661770000203,-0.5511797081077081
12.249995100000204,-0.17759737656364075
12.258328430000205,0.19192215175013122
12.266661760000204,0.5494391596728765
12.274995090000203,0.8899300778462492
12.283328420000204,1.2101524125096725
12.291661750000205,1.5081745739292594
12.299995080000205,1.7823567041311557
12.308328410000204,2.031206184563875
12.316661740000205,2.253392713140332
12.324995070000206,2.447756851634544
12.333328400000205,2.6133103604045806
12.341661730000204,2.7492348147656562
12.349995060000206,2.854876793922602
12.358328390000207,2.929754932259596
12.366661720000206,2.9735902430893173
12.374995050000205,2.986236080700327
12.383328380000206,2.967656158135998
12.391661710000207,2.9179261092550175
12.399995040000206,2.837235294033419
12.408328370000206,2.7259084194224985
12.416661700000207,2.5844782975335314
12.424995030000208,2.4136571811633996
12.433328360000207,2.2143300882912387
12.441661690000206,1.9875610262884869
12.449995020000207,1.7345948700530627
12.458328350000208,1.4568551418770963
12.466661680000207,1.1559302311956685
12.474995010000207,0.8337913973118384
12.483328340000208,0.4941560976683382
12.491661670000209,0.1435527860614519
12.499995000000208,-0.20591557373801928
12.508328330000207,-0.5306558603522449
12.516661660000208,-0.7879862023407247
12.52499499000021,-0.9297771895946264
12.533328320000209,-0.9541393123802163
12.541661650000208,-0.9073927101330544
12.549994980000209,-0.8314679994676357
12.55832831000021,-0.7485068213926419
12.56666164000021,-0.668876930262347
12.574994970000208,-0.5973634398102082
12.58332830000021,-0.5361888786116106
12.59166163000021,-0.48643435086236875
12.59999496000021,-0.4486191680779915
12.608328290000209,-0.4229662444657123
12.61666162000021,-0.40950210729348174
12.624994950000211,-0.4080646616560164
12.63332828000021,-0.41831568183691015
12.64166161000021,-0.4397730434544891
12.64999494000021,-0.4717626608960309
12.658328270000212,-0.513417914538749
12.66666160000021,-0.5636657820199086
12.67499493000021,-0.6212274308335419
12.683328260000211,-0.6845931096182817
12.691661590000212,-0.7520350862517422
12.699994920000211,-0.8216242981004861
12.70832825000021,-0.8912916401402193
12.716661580000212,-0.9588945474223355
12.724994910000213,-1.0223285755079299
12.733328240000212,-1.0796263441522078
12.741661570000211,-1.1291823926453728
12.749994900000212,-1.1697367619121801
12.758328230000213,-1.2004429588286016
12.766661560000212,-1.2208623943308747
12.774994890000212,-1.230883229151121
12.783328220000213,-1.2306408414712198
12.791661550000214,-1.220464957970886
12.799994880000213,-1.2008654320528789
12.808328210000212,-1.1725385576172036
12.816661540000213,-1.1363376196405
12.824994870000214,-1.0933398507921137
12.833328200000214,-1.0448748232486278
12.841661530000213,-0.99241586649639
12.849994860000214,-0.937557416283361
12.858328190000215,-0.8819101875672382
12.866661520000214,-0.8270378124953743
12.874994850000213,-0.7743965732526997
12.883328180000214,-0.725318414923979
12.891661510000215,-0.6809831974829667
12.899994840000215,-0.6423819420757119
12.908328170000214,-0.6103671675204259
12.916661500000215,-0.5855850408976734
12.924994830000216,-0.5685179183698448
12.933328160000215,-0.5595089269154011
12.941661490000214,-0.5587602997279316
12.949994820000216,-0.5663356534844614
12.958328150000217,-0.5821655224343883
12.966661480000216,-0.6060550308444626
12.974994810000215,-0.637693059924636
12.983328140000216,-0.6766613824574272
12.991661470000217,-0.722441451181292
12.999994800000216,-0.7743976376521942
13.008328130000216,-0.8316990276004604
13.016661460000217,-0.8932742941918873
13.024994790000218,-0.957530257480186
13.033328120000217,-1.021602533735167
13.041661450000216,-1.0796014572832247
13.049994780000217,-1.1190681137786593
13.058328110000218,-1.115586368011788
13.066661440000217,-1.0313526738642231
13.074994770000217,-0.8385142883554417
13.083328100000218,-0.5553468856002943
13.091661430000219,-0.22321266966773726
13.099994760000218,0.12617275821619472
13.108328090000217,0.47430357922719435
13.116661420000218,0.8109108274721166
13.12499475000022,1.1300256521698666
13.133328080000219,1.4279658907636936
13.141661410000218,1.7026966026203796
13.149994740000219,1.9526908316522098
13.15832807000022,2.1765754650758224
13.16666140000022,2.3731452678383427
13.174994730000218,2.5413692519560542
13.18332806000022,2.680388818514129
13.19166139000022,2.789514182763691
13.19999472000022,2.8682195224387694
13.208328050000219,2.91616699361738
13.21666138000022,2.9331898143153334
13.224994710000221,2.9192356265158854
13.23332804000022,2.8743637117337535
13.24166137000022,2.7987478252589137
13.24999470000022,2.6927128344838414
13.258328030000222,2.556783077043844
13.26666136000022,2.391651074907873
13.27499469000022,2.1981776204046435
13.283328020000221,1.9773973120558044
13.291661350000222,1.7305192618689247
13.299994680000221,1.458921748493162
13.30832801000022,1.1641429105876608
13.316661340000222,0.8478684165433227
13.324994670000223,0.5124543878705673
13.333328000000222,0.16202342865027236
13.341661330000221,-0.19690004237844852
13.349994660000222,-0.5533590657946601
13.358327990000223,-0.8884254050964551
13.366661320000222,-1.1720045953769813
13.374994650000222,-1.3698983141922476
13.383327980000223,-1.472267842102465
13.391661310000224,-1.5043256759106078
13.399994640000223,-1.4979749294801266
13.408327970000222,-1.4743272395434186
13.416661300000223,-1.4445844370300196
13.424994630000224,-1.4140724258447808
13.433327960000224,-1.38510369220045
13.441661290000223,-1.35860417973224
13.449994620000224,-1.3348653641596655
13.458327950000225,-1.3139106622330874
13.466661280000224,-1.2956247655785798
13.474994610000223,-1.279786592249766
13.483327940000224,-1.2661307584840973
13.491661270000225,-1.2543759597019484
13.499994600000225,-1.2442338064531284
13.508327930000224,-1.2354080599093917
13.516661260000225,-1.2275513934240356
13.524994590000226,-1.2202722994425315
13.533327920000225,-1.21315750855068
13.541661250000224,-1.2057611659630691
13.549994580000225,-1.1975684372981128
13.558327910000227,-1.1879224681864886
13.566661240000226,-1.1760792134185654
13.574994570000225,-1.1611953240924493
13.583327900000226,-1.1422510096464868
13.591661230000227,-1.1181691343365114
13.599994560000226,-1.0877897580656464
13.608327890000226,-1.0500168614913106
13.616661220000227,-1.003917450890479
13.624994550000228,-0.9488243372616727
13.633327880000227,-0.8845255101064565
13.641661210000226,-0.8113256105002591
13.649994540000227,-0.730069081701434
13.658327870000228,-0.6420832848820155
13.666661200000227,-0.5490383891764528
13.674994530000227,-0.4527581000396888
13.683327860000228,-0.3552036349087022
13.691661190000229,-0.25830170650427636
13.699994520000228,-0.1639168596248106
13.708327850000227,-0.07374194492409873
13.716661180000228,0.010626700650470394
13.72499451000023,0.08778066966188419
13.733327840000229,0.15646535282882798
13.741661170000228,0.2155467298517986
13.749994500000229,0.2640724823769483
13.75832783000023,0.3012087749009209
13.766661160000229,0.32624353816170243
13.774994490000228,0.33862503713476144
13.78332782000023,0.33791761647183083
13.79166115000023,0.32379409366586764
13.79999448000023,0.2960399096422242
13.808327810000229,0.2545783366556958
13.81666114000023,0.19946579733279501
13.824994470000231,0.13087261200946354
13.83332780000023,0.04908493768630284
13.84166113000023,-0.045490382970305415
13.84999446000023,-0.1523047162151009
13.858327790000232,-0.2706298785690814
13.86666112000023,-0.3994852087430199
13.87499445000023,-0.5373710042956323
13.883327780000231,-0.681647760382801
13.891661110000232,-0.8269047540801288
13.899994440000231,-0.9613580750600961
13.90832777000023,-1.0599198102655605
13.916661100000232,-1.076216591659238
13.924994430000233,-0.9682715578490628
13.933327760000232,-0.7465810583282388
13.941661090000231,-0.46318065676359643
13.949994420000232,-0.15831023611494266
13.958327750000233,0.14682080993962868
13.966661080000232,0.4415215332865699
13.974994410000232,0.7200353562211957
13.983327740000233,0.9793169282184706
13.991661070000234,1.2177937887358146
13.999994400000233,1.434111791164934
14.008327730000232,1.6270532129517394
14.016661060000233,1.7955476556117198
14.024994390000234,1.9386773800443677
14.033327720000234,2.0556769622145006
14.041661050000233,2.145932728496288
14.049994380000234,2.2089808120973067
14.058327710000235,2.2445035462156393
14.066661040000234,2.252328674993144
14.074994370000233,2.2324278439378515
14.083327700000234,2.1849175644307097
14.091661030000235,2.1100615150011994
14.099994360000235,2.008270883324816
14.108327690000234,1.880106349461446
14.116661020000235,1.7262789259989082
14.124994350000236,1.547649063742078
14.133327680000235,1.3452253775893983
14.141661010000234,1.1201591486480929
14.149994340000235,0.873735140536102
14.158327670000237,0.6073619750009353
14.166661000000236,0.3226358490390411
14.174994330000235,0.022207195935842507
14.183327660000236,-0.2897789935513426
14.191660990000237,-0.6071874401036513
14.199994320000236,-0.9204500151217286
14.208327650000236,-1.2144786514183903
14.216660980000237,-1.4673238695293414
14.224994310000238,-1.6544263140436566
14.233327640000237,-1.7636295132848998
14.241660970000236,-1.8053665401183037
14.249994300000237,-1.801475423072699
14.258327630000238,-1.7707560957017556
14.266660960000237,-1.724974457968703
14.274994290000237,-1.6705713691444457
14.283327620000238,-1.6109487631078334
14.291660950000239,-1.5480479344547118
14.299994280000238,-1.4830941395837363
14.308327610000237,-1.417031579824607
14.316660940000238,-1.3506812604249117
14.32499427000024,-1.284771895194619
14.333327600000239,-1.2199129489553024
14.341660930000238,-1.1566160409475077
14.349994260000239,-1.0952823279992356
14.35832759000024,-1.036178245687975
14.366660920000239,-0.9794143792788964
14.374994250000238,-0.9248992626234492
14.38332758000024,-0.8723756538636502
14.39166091000024,-0.8214613339013622
14.39999424000024,-0.7716177690543908
14.408327570000239,-0.7221810782482507
14.41666090000024,-0.6724683418591113
14.424994230000241,-0.6217436519453002
14.43332756000024,-0.5693561659293329
14.44166089000024,-0.5147613821161715
14.44999422000024,-0.45748593015981676
14.458327550000242,-0.3971911028707944
14.46666088000024,-0.33363769700889523
14.47499421000024,-0.2666202719330611
14.483327540000241,-0.19588892509250963
14.491660870000242,-0.12120016377898647
14.499994200000241,-0.04239947873388126
14.50832753000024,0.04046422593543993
14.516660860000242,0.12700503278317593
14.524994190000243,0.21638403130354741
14.533327520000242,0.3072390733195552
14.541660850000241,0.3976797238718408
14.549994180000242,0.48546812895977937
14.558327510000243,0.5681882459670092
14.566660840000242,0.643415260837876
14.574994170000242,0.7088695117490205
14.583327500000243,0.7625031976193284
14.591660830000244,0.8025521782327872
14.599994160000243,0.8275487535227837
14.608327490000242,0.8363163791223095
14.616660820000243,0.8279567388788882
14.624994150000244,0.8018083445171876
14.633327480000244,0.7574504308039003
14.641660810000243,0.6946555751082626
14.649994140000244,0.6134079189215256
14.658327470000245,0.513855503868977
14.666660800000244,0.3963663507343913
14.674994130000243,0.2615587824292093
14.683327460000244,0.11017127068410969
14.691660790000245,-0.0569595344394939
14.699994120000245,-0.23890330954648623
14.708327450000244,-0.43457592883801893
14.716660780000245,-0.642421875971421
14.724994110000246,-0.8602251299691853
14.733327440000245,-1.0844133334046344
14.741660770000244,-1.3082803153944766
14.749994100000245,-1.5176387648797842
14.758327430000246,-1.6807629686971624
14.766660760000246,-1.7381565282332472
14.774994090000245,-1.6576716548311028
14.783327420000246,-1.451388710433921
14.791660750000247,-1.178926997478071
14.799994080000246,-0.8842825309888552
14.808327410000246,-0.587783564285959
14.816660740000247,-0.2990554014974478
14.824994070000248,-0.023151939629425897
14.833327400000247,0.23755767121684057
14.841660730000246,0.4816008150513716
14.849994060000247,0.7076105658548757
14.858327390000248,0.9143227807099686
14.866660720000247,1.1005852567030716
14.874994050000247,1.2653656736791565
14.883327380000248,1.4077563061164504
14.891660710000249,1.526979634366675
14.899994040000248,1.622391787734462
14.908327370000247,1.6934837641829674
14.916660700000248,1.7398825799355786
14.92499403000025,1.7613520418489108
14.933327360000249,1.7577922438363762
14.941660690000248,1.7292404172342186
14.949994020000249,1.6758720972205694
14.95832735000025,1.5980015582625018
14.966660680000249,1.496081074382469
14.974994010000248,1.3706997176984195
14.98332734000025,1.2225815562679958
14.99166067000025,1.0525817655361198
14.99999400000025,0.8616803191494422
15.008327330000249,0.6509755161403551
15.01666066000025,0.421814491485239
15.024993990000251,0.17658280374923901
15.03332732000025,-0.0811847689301869
15.04166065000025,-0.34638791239115135
15.04999398000025,-0.611375650293677
15.058327310000251,-0.864534866950317
15.06666064000025,-1.0891768184365465
15.07499397000025,-1.2652818966814565
15.083327300000251,-1.3775238500847193
15.091660630000252,-1.4260157279774268
15.099993960000251,-1.4252253705865696
15.10832729000025,-1.3926110411924366
15.116660620000252,-1.3415242717304332
15.124993950000253,-1.2804142283251083
15.133327280000252,-1.21415007570893
15.141660610000251,-1.1454921801102191
15.149993940000252,-1.076103428346204
15.158327270000253,-1.0070195275756584
15.166660600000252,-0.9389249331799449
15.174993930000252,-0.872293220547994
15.183327260000253,-0.8074463655482972
15.191660590000254,-0.7445959357529321
15.199993920000253,-0.6838780421820587
15.208327250000252,-0.6253822646681613
15.216660580000253,-0.5691602497620817
15.224993910000254,-0.5152779475352911
15.233327240000254,-0.4638519332885346
15.241660570000253,-0.4150632331688336
15.249993900000254,-0.36915604418857284
15.258327230000255,-0.326417860973652
15.266660560000254,-0.28713603056375525
15.274993890000253,-0.2515291343262655
15.283327220000254,-0.21965381321390157
15.291660550000255,-0.1912940036453333
15.299993880000255,-0.16582960409412623
15.308327210000254,-0.14203292084165048
15.316660540000255,-0.11801030363489862
15.324993870000256,-0.09115602653627575
15.333327200000255,-0.058340463040737214
15.341660530000254,-0.016436426655121832
15.349993860000255,0.036929170871756054
15.358327190000256,0.10261796213612394
15.366660520000256,0.1794632060773546
15.374993850000255,0.2644303254905202
15.383327180000256,0.3532441002866681
15.391660510000257,0.4412733885761069
15.399993840000256,0.5241419119942958
15.408327170000256,0.5980830523715694
15.416660500000257,0.6600508910329471
15.424993830000258,0.7076721706660765
15.433327160000257,0.7391509550395211
15.441660490000256,0.7531669061061456
15.449993820000257,0.7487796958021464
15.458327150000258,0.7254016009531562
15.466660480000257,0.6829708631922197
15.474993810000257,0.621693768431771
15.483327140000258,0.5418873411231863
15.491660470000259,0.44397857869754415
15.499993800000258,0.3285034124431732
15.508327130000257,0.19610334547404443
15.516660460000258,0.047519274544473786
15.52499379000026,-0.11641234423449806
15.533327120000259,-0.2947655315839905
15.541660450000258,-0.486532187428216
15.549993780000259,-0.6906287731592247
15.55832711000026,-0.9059017495135986
15.566660440000259,-1.1308519346829013
15.574993770000258,-1.3628334388382322
15.58332710000026,-1.5976639127626546
15.59166043000026,-1.827833937374003
15.59999376000026,-2.037777108400871
15.608327090000259,-2.1928149385556868
15.61666042000026,-2.230206758437632
15.624993750000261,-2.1239745815076665
15.63332708000026,-1.8897393804675775
15.64166041000026,-1.589497961206267
15.64999374000026,-1.2656187780759318
15.658327070000261,-0.9375402575963155
15.66666040000026,-0.6147087404937008
15.67499373000026,-0.3023826076856177
15.683327060000261,-0.0035566069533623074
15.691660390000262,0.2800255689960662
15.699993720000261,0.5467835911795895
15.70832705000026,0.795230941363763
15.716660380000262,1.02398667667304
15.724993710000263,1.2317862947737945
15.733327040000262,1.4174889761135647
15.741660370000261,1.5800857385335942
15.749993700000262,1.7187051645946552
15.758327030000263,1.832615369786765
15.766660360000262,1.9212262702859546
15.774993690000262,1.984090214488034
15.783327020000263,2.020900884957499
15.791660350000264,2.0314933387725156
15.799993680000263,2.015843640839824
15.808327010000262,1.9740696985413364
15.816660340000263,1.9064323479290715
15.824993670000264,1.8133347705933385
15.833327000000263,1.695322185766311
15.841660330000263,1.5530798601067886
15.849993660000264,1.3874289260968231
15.858326990000265,1.1993241099185432
15.866660320000264,0.9901262227950158
15.874993650000263,0.7620850672766801
15.883326980000264,0.518302291232964
15.891660310000265,0.26310644493596913
15.899993640000265,0.002689870872239667
15.908326970000264,-0.25405531248046986
15.916660300000265,-0.49482284865752824
15.924993630000266,-0.7044924324740321
15.933326960000265,-0.8689301518580455
15.941660290000264,-0.9815584961190265
15.949993620000265,-1.0467150085600132
15.958326950000266,-1.0755593932292573
15.966660280000266,-1.0795757565118342
15.974993610000265,-1.0672211059900214
15.983326940000266,-1.0436496457552131
15.991660270000267,-1.0117893878266582
15.999993600000266,-0.9733726992277001
16.008326930000266,-0.9297139644612539
16.016660260000265,-0.8820251858717885
16.024993590000268,-0.8315516868459695
16.033326920000267,-0.7796790169638085
16.041660250000266,-0.7278103719299689
16.04999358000027,-0.6773794467340823
16.058326910000268,-0.6297562194510495
16.066660240000267,-0.5862330025283202
16.074993570000267,-0.5479521998278155
16.083326900000266,-0.5158762217247291
16.09166023000027,-0.4908056214904372
16.099993560000268,-0.47328594731925167
16.108326890000267,-0.46361291315120084
16.11666022000027,-0.4617892898854933
16.12499355000027,-0.46744176293552336
16.13332688000027,-0.47964935457268476
16.141660210000268,-0.4968096414326771
16.149993540000267,-0.5163836411550732
16.15832687000027,-0.5346711652771942
16.16666020000027,-0.5466944288813359
16.17499353000027,-0.5463850283965931
16.18332686000027,-0.5275830490909458
16.19166019000027,-0.4857795919484146
16.19999352000027,-0.41989690096167265
16.20832685000027,-0.33296187033125507
16.216660180000268,-0.23104123568977303
16.22499351000027,-0.12130490886184712
16.23332684000027,-0.010458590375320733
16.24166017000027,0.09596697618493054
16.249993500000272,0.19372067559792774
16.25832683000027,0.27964285677192496
16.26666016000027,0.3514198863833108
16.27499349000027,0.40737050288226023
16.28332682000027,0.44632500158077243
16.291660150000272,0.4678006995591595
16.29999348000027,0.4716584844920635
16.30832681000027,0.45786159482185784
16.316660140000273,0.42647679928854926
16.324993470000273,0.37767405183301384
16.333326800000272,0.31172573443536006
16.34166013000027,0.2290028681247916
16.34999346000027,0.1299721852439707
16.358326790000273,0.01519649137914463
16.366660120000272,-0.11467353343602256
16.37499345000027,-0.25890072955727644
16.383326780000274,-0.4166682040709343
16.391660110000274,-0.5870820649568811
16.399993440000273,-0.7691790509186952
16.408326770000272,-0.9616742300086303
16.41666010000027,-1.1623603645198115
16.424993430000274,-1.3681036706547565
16.433326760000273,-1.5740905168538326
16.441660090000273,-1.7718577599696728
16.449993420000276,-1.9446677163559158
16.458326750000275,-2.0580415403774572
16.466660080000274,-2.0548834588570526
16.474993410000273,-1.9109560544121302
16.483326740000273,-1.6533890133960216
16.491660070000275,-1.3397677589028074
16.499993400000275,-1.0049739897340357
16.508326730000274,-0.666403046811207
16.516660060000277,-0.33318000358395694
16.524993390000276,-0.010713561172678902
16.533326720000275,0.29736003608044764
16.541660050000274,0.5886750216760281
16.549993380000274,0.861597967070732
16.558326710000276,1.114628738904854
16.566660040000276,1.346385818772282
16.574993370000275,1.5556166957913298
16.583326700000278,1.7412041729969048
16.591660030000277,1.902172763398828
16.599993360000276,2.0376923809246756
16.608326690000276,2.147078263418838
16.616660020000275,2.229791316649387
16.624993350000278,2.2854372518464725
16.633326680000277,2.3137643994004304
16.641660010000276,2.314662768326586
16.64999334000028,2.2881634869812078
16.658326670000278,2.2344398204560174
16.666660000000277,2.1538077930927844
16.674993330000277,2.046725393073826
16.683326660000276,1.913792553609734
16.69165999000028,1.7557494113637315
16.699993320000278,1.5734730897096914
16.708326650000277,1.3681321211400463
16.71665998000028,1.1414887381545902
16.72499331000028,0.8958114685201295
16.73332664000028,0.6340079849306817
16.741659970000278,0.3598741728573974
16.749993300000277,0.07845086028646442
16.75832663000028,-0.20350569949621738
16.76665996000028,-0.4770604031550124
16.77499329000028,-0.7309796448242516
16.78332662000028,-0.952734116536643
16.79165995000028,-1.131431678485858
16.79999328000028,-1.2616229207232965
16.80832661000028,-1.3451134996115586
16.816659940000278,-1.3888781831435164
16.82499327000028,-1.4014478714863978
16.83332660000028,-1.390635119524723
16.84165993000028,-1.362919556856015
16.849993260000282,-1.3235858687869662
16.85832659000028,-1.2769275073994215
16.86665992000028,-1.2264361700956115
16.87499325000028,-1.1749487829503056
16.88332658000028,-1.1247628924635602
16.891659910000282,-1.0777283188077265
16.89999324000028,-1.0352956393982538
16.90832657000028,-0.998599034404425
16.916659900000283,-0.9684688766704432
16.924993230000283,-0.9455162317107145
16.933326560000282,-0.9301031751955626
16.94165989000028,-0.9223398630292189
16.94999322000028,-0.9220641492052414
16.958326550000283,-0.9287630217065874
16.966659880000282,-0.9415101368949561
16.97499321000028,-0.9587528282600234
16.983326540000284,-0.9780673032680558
16.991659870000284,-0.9958005129251525
16.999993200000283,-1.0066933640956823
17.008326530000282,-1.003732683514497
17.01665986000028,-0.9786556264692227
17.024993190000284,-0.923897545221768
17.033326520000283,-0.8356996727772888
17.041659850000283,-0.7161892728272065
17.049993180000286,-0.5725996133655044
17.058326510000285,-0.41421787151284306
17.066659840000284,-0.2498842860761506
17.074993170000283,-0.08678192103330322
17.083326500000283,0.06967628788999607
17.091659830000285,0.2155239740391105
17.099993160000285,0.34786728096223507
17.108326490000284,0.4645723975730798
17.116659820000287,0.5640821054514649
17.124993150000286,0.6455470203848055
17.133326480000285,0.7084994583458054
17.141659810000284,0.7525807027627844
17.149993140000284,0.7775373721427759
17.158326470000286,0.7832251011286765
17.166659800000286,0.769608963118679
17.174993130000285,0.7367637214227917
17.183326460000288,0.6848739183588509
17.191659790000287,0.6142335168751512
17.199993120000286,0.5252440546393436
17.208326450000285,0.4184099587302561
17.216659780000285,0.2943387749807904
17.224993110000288,0.1537340789298443
17.233326440000287,-0.002605926890098638
17.241659770000286,-0.17379531426585318
17.24999310000029,-0.35863747880590885
17.258326430000288,-0.5551167508078394
17.266659760000287,-0.7604529275509521
17.274993090000287,-0.9706383659850262
17.283326420000286,-1.179306464485253
17.29165975000029,-1.3752106080815978
17.299993080000288,-1.5372147083086365
17.308326410000287,-1.6273879326243195
17.31665974000029,-1.5974532429581791
17.32499307000029,-1.440761993143125
17.33332640000029,-1.2021342361447735
17.341659730000288,-0.923765360345201
17.349993060000287,-0.6303031968512129
17.35832639000029,-0.3350926715658305
17.36665972000029,-0.04576754206459276
17.37499305000029,0.2328071974483924
17.38332638000029,0.49720327258756936
17.39165971000029,0.7448171418386489
17.39999304000029,0.973602652271298
17.40832637000029,1.1821187630740009
17.416659700000288,1.369240353395146
17.42499303000029,1.5339676002633005
17.43332636000029,1.6754272079200727
17.44165969000029,1.7928766802821952
17.449993020000292,1.8857066597477883
17.45832635000029,1.953440881453812
17.46665968000029,1.995737196437283
17.47499301000029,2.012387770883698
17.48332634000029,2.0033180176208027
17.491659670000292,1.9685874480482566
17.49999300000029,1.9083906763079057
17.50832633000029,1.8230580201173041
17.516659660000293,1.713054795462482
17.524992990000293,1.578980060878735
17.533326320000292,1.4215658069320412
17.54165965000029,1.2416742869429132
17.54999298000029,1.040294897727959
17.558326310000293,0.8187057796082574
17.566659640000292,0.5787113742676647
17.57499297000029,0.3225581777754536
17.583326300000294,0.053058816128903855
17.591659630000294,-0.22615825555941443
17.599992960000293,-0.5102453993139887
17.608326290000292,-0.7924981064247599
17.61665962000029,-1.0634740381868133
17.624992950000294,-1.3101921105048897
17.633326280000293,-1.5166930080190304
17.641659610000293,-1.6679264663811562
17.649992940000296,-1.757505355215487
17.658326270000295,-1.7915765483453543
17.666659600000294,-1.783875149420249
17.674992930000293,-1.7484063852405678
17.683326260000293,-1.6959303383373214
17.691659590000295,-1.6338573020726381
17.699992920000295,-1.5671518006493665
17.708326250000294,-1.4992021621658862
17.716659580000297,-1.4323806719323682
17.724992910000296,-1.3683989250443136
17.733326240000295,-1.3085091903365975
17.741659570000294,-1.253654193662269
17.749992900000294,-1.2045249138384464
17.758326230000296,-1.1615830783017564
17.766659560000296,-1.1251094707122216
17.774992890000295,-1.0952039548150603
17.783326220000298,-1.0717553645924045
17.791659550000297,-1.0543679660810108
17.799992880000296,-1.0423351936118523
17.808326210000295,-1.0344531241456014
17.816659540000295,-1.0288145638051982
17.824992870000298,-1.0224542189335706
17.833326200000297,-1.0109101439052042
17.841659530000296,-0.9878186505067356
17.8499928600003,-0.94487484304825
17.858326190000298,-0.8730505752468387
17.866659520000297,-0.7656932462303971
17.874992850000297,-0.6219372687138146
17.883326180000296,-0.4476688530131507
17.8916595100003,-0.2527960334237116
17.899992840000298,-0.04773226860891718
17.908326170000297,0.15865060669111353
17.9166595000003,0.3595497855112822
17.9249928300003,0.5499694563748854
17.9333261600003,0.7262672522569696
17.941659490000298,0.885760912006414
17.949992820000297,1.026444145343445
17.9583261500003,1.1468581742992634
17.9666594800003,1.2461876593186687
17.9749928100003,1.3238742502909693
17.9833261400003,1.3794783628678673
17.9916594700003,1.4126837925638407
17.9999928000003,1.4232974403222654
18.0083261300003,1.4112514023461211
18.016659460000298,1.3766045830897469
18.0249927900003,1.3195431959344204
18.0333261200003,1.2403806857355197
18.0416594500003,1.1395552563591715
18.049992780000302,1.0176292888685212
18.0583261100003,0.8752862291522845
18.0666594400003,0.7133273553747503
18.0749927700003,0.532665799613434
18.0833261000003,0.33432178305559296
18.091659430000302,0.11955749935894458
18.0999927600003,-0.10955190591916372
18.1083260900003,-0.3501195009451993
18.116659420000303,-0.5981148314937125
18.124992750000303,-0.8474886103198469
18.1333260800003,-1.0884708501034421
18.1416594100003,-1.3044740228073053
18.1499927400003,-1.467964344777039
18.158326070000303,-1.5419258187272407
18.166659400000302,-1.5032263672668598
18.1749927300003,-1.3700044552339266
18.183326060000304,-1.1781346551439462
18.191659390000304,-0.9555035696856087
18.199992720000303,-0.719251061088728
18.208326050000302,-0.4797449429820266
18.2166593800003,-0.24366278446743111
18.224992710000304,-0.015640405584328155
18.233326040000303,0.20089526400655303
18.241659370000303,0.4032921266215662
18.249992700000305,0.58943612000582
18.258326030000305,0.757658600422062
18.266659360000304,0.9068786397899928
18.274992690000303,1.036276094797999
18.283326020000302,1.1451395025250442
18.291659350000305,1.2328707760826596
18.299992680000305,1.2989877548577236
18.308326010000304,1.3431274436565674
18.316659340000307,1.365047174452659
18.324992670000306,1.364625373836654
18.333326000000305,1.3418634529057423
18.341659330000304,1.2968873185394345
18.349992660000304,1.2299472424781532
18.358325990000306,1.14141610240245
18.366659320000306,1.0317899291860917
18.374992650000305,0.9016842204883752
18.383325980000308,0.7518322019167697
18.391659310000307,0.583079900222581
18.399992640000306,0.3963807009776454
18.408325970000305,0.19279922984142245
18.416659300000305,-0.026116602699081788
18.424992630000308,-0.25794740016438733
18.433325960000307,-0.49941628449988534
18.441659290000306,-0.7459161845967313
18.44999262000031,-0.9906809395745897
18.458325950000308,-1.223560233140843
18.466659280000307,-1.4298310273701031
18.474992610000307,-1.5909603058140822
18.483325940000306,-1.6907322662113715
18.49165927000031,-1.7256971815892916
18.499992600000308,-1.7073265099850796
18.508325930000307,-1.6530149414142514
18.51665926000031,-1.5776422063977809
18.52499259000031,-1.4913633582818475
18.53332592000031,-1.4006039731307305
18.541659250000308,-1.3093796141077463
18.549992580000307,-1.22025587614629
18.55832591000031,-1.1349565971631717
18.56665924000031,-1.0547123210566285
18.57499257000031,-0.9804053740657551
18.58332590000031,-0.9127051060438145
18.59165923000031,-0.8521026347027543
18.59999256000031,-0.798932579131092
18.60832589000031,-0.7533838461205598
18.616659220000308,-0.7154953098142938
18.62499255000031,-0.6851469077528449
18.63332588000031,-0.6619967388842247
18.64165921000031,-0.6453906230547076
18.649992540000312,-0.6342663898519791
18.65832587000031,-0.6269070817981427
18.66665920000031,-0.6206051124925365
18.67499253000031,-0.6111986098414649
18.68332586000031,-0.5924906420401362
18.691659190000312,-0.5561014640749248
18.69999252000031,-0.49242170611444236
18.70832585000031,-0.39351644862694485
18.716659180000313,-0.25721538396340116
18.724992510000313,-0.0888427544492897
18.73332584000031,0.10138456290251306
18.74165917000031,0.3022404286547157
18.74999250000031,0.5040711786868097
18.758325830000313,0.6995062229865759
18.766659160000312,0.8832074046960622
18.77499249000031,1.051359401326845
18.783325820000314,1.2012108893222675
18.791659150000314,1.330752428709031
18.799992480000313,1.4385513698054142
18.808325810000312,1.5238372479784439
18.81665914000031,1.5861189637148634
18.824992470000314,1.6250324012557407
18.833325800000313,1.6403432365511312
18.841659130000313,1.631947403114545
18.849992460000315,1.5998735761182783
18.858325790000315,1.5442843213568773
18.866659120000314,1.4654761534159761
18.874992450000313,1.3638772800491408
18.883325780000312,1.2400475680205836
18.891659110000315,1.0946752704349905
18.899992440000315,0.9285731003369359
18.908325770000314,0.7426739127727937
18.916659100000317,0.5380241858849547
18.924992430000316,0.31577833539907507
18.933325760000315,0.07746766248860146
18.941659090000314,-0.17456966616054082
18.949992420000314,-0.437303570891168
18.958325750000316,-0.7067491886600383
18.966659080000316,-0.9774491001212732
18.974992410000315,-1.2416210338711373
18.983325740000318,-1.4878387948074987
18.991659070000317,-1.699401770560904
18.999992400000316,-1.853590220206486
19.008325730000315,-1.9264067663223734
19.016659060000315,-1.9058403247956912
19.024992390000317,-1.8020164299856274
19.033325720000317,-1.6380039549189402
19.041659050000316,-1.436300189213643
19.04999238000032,-1.21376916877787
19.058325710000318,-0.9820562665077776
19.066659040000317,-0.7491418720581058
19.074992370000317,-0.5206191024982469
19.083325700000316,-0.30055032637296
19.09165903000032,-0.09199273716436801
19.099992360000318,0.10270560880967156
19.108325690000317,0.28204874637220495
19.11665902000032,0.4450286927186448
19.12499235000032,0.590737957537604
19.13332568000032,0.7183643637503456
19.141659010000318,0.8271969374482128
19.149992340000317,0.9166314545493851
19.15832567000032,0.9861714758469041
19.16665900000032,1.0354341163656526
19.174992330000318,1.0641505521288275
19.18332566000032,1.0721667339144947
19.19165899000032,1.0594458522200119
19.19999232000032,1.0260692515041685
19.20832565000032,0.972236579957282
19.216658980000318,0.8982635956744027
19.22499231000032,0.8045826605445187
19.23332564000032,0.6917391079995464
19.24165897000032,0.5603885124679433
19.249992300000322,0.4112907058016753
19.25832563000032,0.2454297400240231
19.26665896000032,0.06472262325084392
19.27499229000032,-0.1279428757519005
19.28332562000032,-0.32843000045133797
19.291658950000322,-0.5306125955374472
19.29999228000032,-0.7253222022382644
19.30832561000032,-0.8993295636548966
19.316658940000323,-1.0359829635210815
19.324992270000322,-1.1201070757981917
19.33332560000032,-1.1465432518454146
19.34165893000032,-1.1237229213812956
19.34999226000032,-1.0669045265652082
19.358325590000323,-0.9903597588167015
19.366658920000322,-0.9044235191328975
19.37499225000032,-0.8157770420186538
19.383325580000324,-0.7286258220181006
19.391658910000324,-0.6456484865990019
19.399992240000323,-0.5686597264097526
19.408325570000322,-0.498926009891857
19.41665890000032,-0.437413152534033
19.424992230000324,-0.3848383665315435
19.433325560000323,-0.3417368809594725
19.441658890000323,-0.30850188602882295
19.449992220000325,-0.2853849785307046
19.458325550000325,-0.2724880324646763
19.466658880000324,-0.26974476265598546
19.474992210000323,-0.27688879559608287
19.483325540000322,-0.2933480985367402
19.491658870000325,-0.31813723914197634
19.499992200000325,-0.34965255066728596
19.508325530000324,-0.385334146024907
19.516658860000327,-0.4211238894498622
19.524992190000326,-0.4508431923411938
19.533325520000325,-0.4656600677776483
19.541658850000324,-0.4546713409609673
19.549992180000324,-0.4075177152084306
19.558325510000326,-0.31933732012010424
19.566658840000326,-0.19404330982358564
19.574992170000325,-0.042182878561032706
19.583325500000328,0.12394263478774627
19.591658830000327,0.29368540567749685
19.599992160000326,0.4590571545377
19.608325490000325,0.6144268287760225
19.616658820000325,0.7558927024378985
19.624992150000327,0.8807273453911945
19.633325480000327,0.9869943043891373
19.641658810000326,1.0733789328937249
19.64999214000033,1.1392526925678332
19.658325470000328,1.1842328790705188
19.666658800000327,1.2080565827352314
19.674992130000327,1.2105804745469768
19.683325460000326,1.1917812807811297
19.69165879000033,1.1517579702155174
19.699992120000328,1.0907309263392326
19.708325450000327,1.0090391463489858
19.71665878000033,0.907140004443957
19.72499211000033,0.7856059174452685
19.73332544000033,0.6451205548252863
19.741658770000328,0.4864749420941315
19.749992100000327,0.31056196737410646
19.75832543000033,0.11838172032858572
19.76665876000033,-0.08866355115503105
19.774992090000328,-0.3086296169389146
19.78332542000033,-0.5391669233340631
19.79165875000033,-0.7774310498277901
19.79999208000033,-1.0199330095045218
19.80832541000033,-1.2623380382331506
19.816658740000328,-1.4991833633454759
19.82499207000033,-1.7234803486491526
19.83332540000033,-1.9261472002565156
19.84165873000033,-2.0949512872619263
19.849992060000332,-2.2133357227968244
19.85832539000033,-2.2604840786025613
19.86665872000033,-2.218585571074265
19.87499205000033,-2.0877247283742877
19.88332538000033,-1.8881266479869392
19.891658710000332,-1.6452649066845813
19.89999204000033,-1.3794431125919453
19.90832537000033,-1.104300133788638
19.916658700000333,-0.8286687194646637
19.924992030000332,-0.5584320636750993
19.93332536000033,-0.2977138623244476
19.94165869000033,-0.049537014071657566
19.94999202000033,0.18418693657516585
19.958325350000333,0.40214387801258683
19.966658680000332,0.6031206453954062
19.97499201000033,0.7860002834682058
19.983325340000334,0.9497678841685265
19.991658670000334,1.093518187193059
19.999992000000333,1.2164618470145483
20.008325330000332,1.317929068149609
20.01665866000033,1.3973731092568287
20.024991990000334,1.4543739994944964
20.033325320000333,1.4886390205319437
20.041658650000333,1.5000034121384664
20.049991980000335,1.4884316874097137
20.058325310000335,1.454017729385259
20.066658640000334,1.3969849916275472
20.074991970000333,1.3176863567236208
20.083325300000332,1.2166007565897274
20.091658630000335,1.0943306012636385
20.099991960000335,0.9516839369541295
20.108325290000334,0.7902358719916598
20.116658620000337,0.6123585003309231
20.124991950000336,0.4213993321593007
20.133325280000335,0.222222442208799
20.141658610000334,0.02200756099877421
20.149991940000334,-0.16883122189336106
20.158325270000336,-0.336383663695288
20.166658600000336,-0.4653158297496873
20.174991930000335,-0.5449832571142832
20.183325260000338,-0.5756885122192759
20.191658590000337,-0.5679630077834923
20.199991920000336,-0.535893015073836
20.208325250000335,-0.4915092005467994
20.216658580000335,-0.44334387650833124
20.224991910000337,-0.396936310523547
20.233325240000337,-0.3558209466386062
20.241658570000336,-0.3222577397504803
20.24999190000034,-0.2977393083334982
20.258325230000338,-0.2832483635018713
20.266658560000337,-0.2794434095305054
20.274991890000337,-0.28671348414815495
20.283325220000336,-0.3052156019609343
20.29165855000034,-0.334911672126831
20.299991880000338,-0.3755555568557427
20.308325210000337,-0.42666577269666267
20.31665854000034,-0.4874286779597517
20.32499187000034,-0.5566315442757981
20.33332520000034,-0.6324679599256524
20.341658530000338,-0.7122468050974615
20.349991860000337,-0.7919709284574372
20.35832519000034,-0.8657317041827298
20.36665852000034,-0.9251733553947407
20.374991850000338,-0.9595633710923945
20.38332518000034,-0.9578111970451263
20.39165851000034,-0.9128451410204905
20.39999184000034,-0.8256439307455216
20.40832517000034,-0.7048088235234353
20.416658500000338,-0.5622156255292985
20.42499183000034,-0.4088497663454242
20.43332516000034,-0.25324050269558707
20.44165849000034,-0.10151689340661854
20.449991820000342,0.04202051592038556
20.45832515000034,0.17432537339036383
20.46665848000034,0.2931977465748541
20.47499181000034,0.3970146269754233
20.48332514000034,0.48456741869190234
20.491658470000342,0.5549731656141432
20.49999180000034,0.6077605921123181
20.50832513000034,0.6426398415547764
20.516658460000343,0.659419873579458
20.524991790000342,0.6580111329449339
20.53332512000034,0.6384254877157571
20.54165845000034,0.6007768234822345
20.54999178000034,0.5452806067292859
20.558325110000343,0.472251298627812
20.566658440000342,0.3820998715060618
20.57499177000034,0.2753486065652852
20.583325100000344,0.15279653557067482
20.591658430000344,0.015502605911733556
20.599991760000343,-0.1352910833974718
20.608325090000342,-0.2981114232205345
20.61665842000034,-0.47125314091536846
20.624991750000344,-0.6527338131439404
20.633325080000343,-0.8402494002113083
20.641658410000343,-1.0311272386158907
20.649991740000345,-1.2222485540699968
20.658325070000345,-1.409948080886419
20.666658400000344,-1.5897919196412038
20.674991730000343,-1.7561587746182359
20.683325060000342,-1.9012707393068295
20.691658390000345,-2.013246883684858
20.699991720000344,-2.073807221919028
20.708325050000344,-2.0592134159543476
20.716658380000347,-1.952789032103753
20.724991710000346,-1.762176811598645
20.733325040000345,-1.5132549097921837
20.741658370000344,-1.2317551238370235
20.749991700000344,-0.935785244505806
20.758325030000346,-0.6368694707661682
20.766658360000346,-0.3423738173617714
20.774991690000345,-0.05724578093175617
20.783325020000348,0.21496792110826984
20.791658350000347,0.47163072198583184
20.799991680000346,0.7110491962393789
20.808325010000345,0.9319021285517647
20.816658340000345,1.1329760642148612
20.824991670000347,1.3131729863658794
20.833325000000347,1.4715156296667278
20.841658330000346,1.6071537286550708
20.84999166000035,1.7193683126448283
20.858324990000348,1.80757315812432
20.866658320000347,1.8713165088769232
20.874991650000347,1.9102820206524183
20.883324980000346,1.9242886316921555
20.89165831000035,1.913290810710079
20.899991640000348,1.8773794806615105
20.908324970000347,1.8167832506245836
20.91665830000035,1.7318674509861711
20.92499163000035,1.6231333885065855
20.93332496000035,1.4912159790525676
20.941658290000348,1.3370045933078325
20.949991620000347,1.1620863788994475
20.95832495000035,0.9687208128103159
20.96665828000035,0.7600485678343267
20.974991610000348,0.540544218220449
20.98332494000035,0.31666433775517544
20.99165827000035,0.09758581329220169
20.99999160000035,-0.10451929303051465
21.00832493000035,-0.2759975110768938
21.016658260000348,-0.4060997623091479
21.02499159000035,-0.49268296087845714
21.03332492000035,-0.5431564886453211
21.04165825000035,-0.5696222301301338
21.049991580000352,-0.5834600722823545
21.05832491000035,-0.5931965655393685
21.06665824000035,-0.6044639713599127
21.07499157000035,-0.6207880653490732
21.08332490000035,-0.6442878587023448
21.091658230000352,-0.6761656203159481
21.09999156000035,-0.7170127013116232
21.10832489000035,-0.7670034164920344
21.116658220000353,-0.8259903163093433
21.124991550000352,-0.8935199200670575
21.13332488000035,-0.9688464345339846
21.14165821000035,-1.0508951603818075
21.14999154000035,-1.1381307773755887
21.158324870000353,-1.228416481336971
21.166658200000352,-1.3187691912780075
21.17499153000035,-1.4050028571740112
21.183324860000354,-1.4812753166610506
21.191658190000354,-1.539819787327282
21.199991520000353,-1.5712624977649092
21.208324850000352,-1.5663260219656963
21.21665818000035,-1.5191503507849056
21.224991510000354,-1.4302779648741402
21.233324840000353,-1.3063668497959033
21.241658170000353,-1.1569764545299444
21.249991500000355,-0.9915266122442608
21.258324830000355,-0.8178015474325081
21.266658160000354,-0.641738704372101
21.274991490000353,-0.46777195423867796
21.283324820000352,-0.2992490956580513
21.291658150000355,-0.13875845381429178
21.299991480000354,0.01163700533505176
21.308324810000354,0.15027399291013266
21.316658140000357,0.27575983217313366
21.324991470000356,0.3869579728400167
21.333324800000355,0.48292584910887076
21.341658130000354,0.5628808090976494
21.349991460000354,0.626193584949548
21.358324790000356,0.6724007077162045
21.366658120000356,0.7011808628677668
21.374991450000355,0.7123453448696595
21.383324780000358,0.7058359760769168
21.391658110000357,0.6817248777488442
21.399991440000356,0.6402148542421837
21.408324770000355,0.5816429140361816
21.416658100000355,0.5065022990811613
21.424991430000357,0.4154381929076693
21.433324760000357,0.30923500329623604
21.441658090000356,0.18882608472493997
21.44999142000036,0.055341284595956525
21.458324750000358,-0.08989785369187846
21.466658080000357,-0.24536125908668308
21.474991410000356,-0.4092513615624923
21.483324740000356,-0.5794693551251453
21.49165807000036,-0.7535273253401616
21.499991400000358,-0.9284242867371436
21.508324730000357,-1.1004103871438224
21.51665806000036,-1.2646034138004574
21.52499139000036,-1.414189534829302
21.53332472000036,-1.5391313810034326
21.541658050000358,-1.6243325858958646
21.549991380000357,-1.6494082432319483
21.55832471000036,-1.5954773689896578
21.56665804000036,-1.4593427138818278
21.574991370000358,-1.257833470517797
21.58332470000036,-1.014990456414954
21.59165803000036,-0.7507423260216025
21.59999136000036,-0.4788036712039454
21.60832469000036,-0.20818118039826436
21.616658020000358,0.05510497550034309
21.62499135000036,0.3068337866433027
21.63332468000036,0.5438940926397962
21.64165801000036,0.7639007320656547
21.649991340000362,0.96522367096126
21.65832467000036,1.1467415384690287
21.66665800000036,1.3074590583147758
21.67499133000036,1.4464990913431688
21.68332466000036,1.5631066077874232
21.691657990000362,1.6566532647395469
21.69999132000036,1.7266403443386469
21.70832465000036,1.7727002115395052
21.716657980000363,1.7945983465144317
21.724991310000362,1.792233415612691
21.73332464000036,1.765638357644554
21.74165797000036,1.714981795854456
21.74999130000036,1.6405686608880121
21.758324630000363,1.5428386518568928
21.766657960000362,1.4223639937935437
21.77499129000036,1.2798464233036937
21.783324620000364,1.1163417989547046
21.791657950000364,0.9336531956858468
21.799991280000363,0.7342438949665374
21.808324610000362,0.5214559396194571
21.81665794000036,0.2998815604829688
21.824991270000364,0.07580601120329138
21.833324600000363,-0.14245565931015045
21.841657930000363,-0.3448448167710489
21.849991260000365,-0.5212497834197315
21.858324590000365,-0.6647073128922218
21.866657920000364,-0.77449102088021
21.874991250000363,-0.8561490765194955
21.883324580000362,-0.9183021682905432
21.891657910000365,-0.9693043796644615
21.899991240000364,-1.0156731677350486
21.908324570000364,-1.0619104157169306
21.916657900000367,-1.1108617502428004
21.924991230000366,-1.164151767739527
21.933324560000365,-1.2225166832201886
21.941657890000364,-1.2860686160578911
21.949991220000364,-1.3543784169439521
21.958324550000366,-1.4265505957332658
21.966657880000366,-1.5012638270861973
21.974991210000365,-1.576670266030274
21.983324540000368,-1.6502959991425503
21.991657870000367,-1.7188869767953894
21.999991200000366,-1.7782167178115724
22.008324530000365,-1.8229771491948015
22.016657860000365,-1.8469342717767816
22.024991190000367,-1.843610759768323
22.033324520000367,-1.807622185807782
22.041657850000366,-1.7362960737015751
22.04999118000037,-1.6305999215833833
22.058324510000368,-1.4946604593503707
22.066657840000367,-1.334284293462646
22.074991170000366,-1.1555829380073208
22.083324500000366,-0.9642249320805605
22.09165783000037,-0.7651152513220884
22.099991160000368,-0.5624382054190995
22.108324490000367,-0.3597857498132426
22.11665782000037,-0.16027505608355277
22.12499115000037,0.03337276110412825
22.13332448000037,0.21874752136824263
22.141657810000368,0.39372561324662597
22.149991140000367,0.556443485976877
22.15832447000037,0.7052577625797797
22.16665780000037,0.8387479631734353
22.174991130000368,0.9556989484543917
22.18332446000037,1.0550631187221668
22.19165779000037,1.135988556429385
22.19999112000037,1.1977983154634464
22.20832445000037,1.239964224370778
22.216657780000368,1.2621089641842143
22.22499111000037,1.264008114584728
22.23332444000037,1.2455902538972146
22.24165777000037,1.2069396636406589
22.249991100000372,1.1482973923517228
22.25832443000037,1.0700679400770656
22.26665776000037,0.9728206761309549
22.27499109000037,0.85729478435132
22.28332442000037,0.7244075511691874
22.291657750000372,0.5752728969147272
22.29999108000037,0.41125788138742536
22.30832441000037,0.23396498904422977
22.316657740000373,0.045314111425531434
22.324991070000372,-0.15243207310818177
22.33332440000037,-0.3565844336453109
22.34165773000037,-0.5639437011876959
22.34999106000037,-0.7706695067141401
22.358324390000373,-0.972070012865031
22.366657720000372,-1.1622253945133147
22.37499105000037,-1.3331733652018578
22.383324380000374,-1.4735823426882824
22.391657710000374,-1.5671127428836962
22.399991040000373,-1.5938452486992003
22.408324370000372,-1.5398644877500691
22.41665770000037,-1.409791908129669
22.424991030000374,-1.2242565785175876
22.433324360000373,-1.0061264454132508
22.441657690000373,-0.7727445035158955
22.449991020000375,-0.5356589658986397
22.458324350000375,-0.30235605583755387
22.466657680000374,-0.07782211183312543
22.474991010000373,0.13446216119057344
22.483324340000372,0.3319861490763506
22.491657670000375,0.5132541687694138
22.499991000000374,0.6772509188486706
22.508324330000374,0.8230628645769955
22.516657660000376,0.9498795732226746
22.524990990000376,1.0570000047287775
22.533324320000375,1.1438352482586092
22.541657650000374,1.209913847172878
22.549990980000373,1.2548828736000681
22.558324310000376,1.2785109090553832
22.566657640000376,1.2806888456122496
22.574990970000375,1.2614300683418473
22.583324300000378,1.2208712077407182
22.591657630000377,1.159270807267226
22.599990960000376,1.0770054842832257
22.608324290000375,0.9745683188690261
22.616657620000375,0.8526967464589593
22.624990950000377,0.7128071476368315
22.633324280000377,0.5568558735199941
22.641657610000376,0.38739106924083905
22.64999094000038,0.20773079737337954
22.658324270000378,0.022164785684817827
22.666657600000377,-0.16391148492200958
22.674990930000376,-0.34409726823653985
22.683324260000376,-0.5115624803222807
22.69165759000038,-0.6603279536437919
22.699990920000378,-0.7868406441725875
22.708324250000377,-0.8910326241966248
22.71665758000038,-0.9760091631063315
22.72499091000038,-1.0466051947877006
22.73332424000038,-1.1078205633802145
22.741657570000378,-1.1638527195867125
22.749990900000377,-1.217750025669775
22.75832423000038,-1.271412940365091
22.76665756000038,-1.3257187546994296
22.774990890000378,-1.3807008098531164
22.78332422000038,-1.4356998497311708
22.79165755000038,-1.4894719186861032
22.79999088000038,-1.540228230486511
22.80832421000038,-1.5857286277755709
22.816657540000378,-1.6233476198647225
22.82499087000038,-1.6501665092615403
22.83332420000038,-1.6631426703357024
22.84165753000038,-1.6593499263991425
22.849990860000382,-1.6362643848879834
22.85832419000038,-1.591980696219297
22.86665752000038,-1.5254282401783974
22.87499085000038,-1.4363353579711282
22.88332418000038,-1.325135398600802
22.891657510000382,-1.1929202315007832
22.89999084000038,-1.0413939801695928
22.90832417000038,-0.8729801360622305
22.916657500000383,-0.6906883974006031
22.924990830000382,-0.49794678629130773
22.93332416000038,-0.29849021526913816
22.94165749000038,-0.09609163825733714
22.94999082000038,0.10559744960428825
22.958324150000383,0.30319380619562636
22.966657480000382,0.493644455096633
22.97499081000038,0.6742590887010014
22.983324140000384,0.8427002486190861
22.991657470000384,0.9969526858302262
22.999990800000383,1.1353200679412503
23.008324130000382,1.2563587977505266
23.01665746000038,1.3588924525801414
23.024990790000384,1.4419546917192512
23.033324120000383,1.5047725429397254
23.041657450000383,1.5467839368286105
23.049990780000385,1.5675961952567985
23.058324110000385,1.5669772954992878
23.066657440000384,1.5448549623600005
23.074990770000383,1.501315395170476
23.083324100000382,1.436603110981056
23.091657430000385,1.3511199973830428
23.099990760000384,1.2454244444399356
23.108324090000384,1.1202374056535034
23.116657420000386,0.976438860295015
23.124990750000386,0.8150838181419642
23.133324080000385,0.6374317245648659
23.141657410000384,0.4449208085072376
23.149990740000383,0.2391788494714183
23.158324070000386,0.022076292315656783
23.166657400000386,-0.20431266261834727
23.174990730000385,-0.4376361887894436
23.183324060000388,-0.675266812489575
23.191657390000387,-0.9141937926125226
23.199990720000386,-1.1508352679263318
23.208324050000385,-1.3805990138627178
23.216657380000385,-1.5968314325908306
23.224990710000387,-1.7887553243389598
23.233324040000387,-1.9382211467444748
23.241657370000386,-2.01867016766932
23.24999070000039,-2.005738615286614
23.258324030000388,-1.900527932884142
23.266657360000387,-1.729585427244821
23.274990690000386,-1.5215844956368352
23.283324020000386,-1.2964481734451123
23.29165735000039,-1.0662210963096352
23.299990680000388,-0.8381652218046983
23.308324010000387,-0.616891968536688
23.31665734000039,-0.4055491170191118
23.32499067000039,-0.20620663658188695
23.33332400000039,-0.020060424850810887
23.341657330000388,0.1518539526252635
23.349990660000387,0.30858216710919545
23.35832399000039,0.4492564337782345
23.36665732000039,0.5731013211184178
23.374990650000388,0.679439182653328
23.38332398000039,0.7676941489002174
23.39165731000039,0.8373966077410523
23.39999064000039,0.8881832035360724
23.40832397000039,0.9197999540796666
23.416657300000388,0.9321029924737227
23.42499063000039,0.9250582660126115
23.43332396000039,0.8987468155856616
23.44165729000039,0.8535882782129287
23.449990620000392,0.79045501657203
23.45832395000039,0.7105234370227013
23.46665728000039,0.6153122028824622
23.47499061000039,0.5067403382333724
23.48332394000039,0.3871918072675765
23.491657270000392,0.2595598913947905
23.49999060000039,0.12723595667343865
23.50832393000039,-0.006000353516010984
23.516657260000393,-0.13624520695541337
23.524990590000392,-0.25992134476990986
23.53332392000039,-0.37429075479378193
23.54165725000039,-0.4778972817495265
23.54999058000039,-0.5706681646178983
23.558323910000393,-0.6537310026527161
23.566657240000392,-0.7288581573736023
23.57499057000039,-0.7979498630126391
23.583323900000394,-0.862618957016802
23.591657230000393,-0.9239367436741954
23.599990560000393,-0.9824287346455207
23.608323890000392,-1.0380445427341431
23.61665722000039,-1.0902960005160505
23.624990550000394,-1.1383489791614454
23.633323880000393,-1.181186165737088
23.641657210000393,-1.2177582597101897
23.649990540000395,-1.247032307840493
23.658323870000395,-1.267968644031731
23.666657200000394,-1.279583694195862
23.674990530000393,-1.280887755509375
23.683323860000392,-1.2707063730392931
23.691657190000395,-1.2476802234903686
23.699990520000394,-1.210232397429067
23.708323850000394,-1.1566752411602206
23.716657180000396,-1.0854568824940445
23.724990510000396,-0.9955372552441603
23.733323840000395,-0.8867800900209936
23.741657170000394,-0.7601101668166935
23.749990500000393,-0.6175259923351359
23.758323830000396,-0.46192726752473795
23.766657160000396,-0.29675520574812636
23.774990490000395,-0.12565642800294796
23.783323820000398,0.04780496858757383
23.791657150000397,0.2202707330240715
23.799990480000396,0.3886964621477931
23.808323810000395,0.5503601490348593
23.816657140000395,0.702848526772444
23.824990470000397,0.8440475338478712
23.833323800000397,0.9721213804063179
23.841657130000396,1.0854729007152353
23.8499904600004,1.1827511478883617
23.858323790000398,1.2628054550337817
23.866657120000397,1.3246818982395918
23.874990450000396,1.367627381523964
23.883323780000396,1.3910369822528417
23.8916571100004,1.3944774046296136
23.899990440000398,1.3776865107103544
23.908323770000397,1.3405436344971857
23.9166571000004,1.283068127401171
23.9249904300004,1.205420126939011
23.9333237600004,1.1079117856179688
23.941657090000398,0.991005259447357
23.949990420000397,0.8552994979423193
23.9583237500004,0.7015369446808762
23.9666570800004,0.5306029015157738
23.974990410000398,0.3435306161597519
23.9833237400004,0.14152385074200438
23.9916570700004,-0.07403288340300544
23.9999904000004,-0.30158005296925133
24.0083237300004,-0.5393496478361995
24.016657060000398,-0.785263554529532
24.0249903900004,-1.0368559602604197
24.0333237200004,-1.2909979932227735
24.0416570500004,-1.5433709264365971
24.049990380000402,-1.7873401435700582
24.0583237100004,-2.0116639927359947
24.0666570400004,-2.1966895561806234
24.0749903700004,-2.3114836074158487
24.0833237000004,-2.3238390525904316
24.091657030000402,-2.2316360751375575
24.0999903600004,-2.065876810416994
24.1083236900004,-1.8590169402069143
24.116657020000403,-1.6322664038152794
24.124990350000402,-1.397813549182423
24.1333236800004,-1.1627439375554416
24.1416570100004,-0.9314960419060699
24.1499903400004,-0.7071213353219159
24.158323670000403,-0.4919040885950115
24.166657000000402,-0.2876519270716627
24.1749903300004,-0.0958746295118867
24.183323660000404,0.08220997079936619
24.191656990000403,0.24561564481624562
24.199990320000403,0.3934515020090082
24.208323650000402,0.5249201690987694
24.2166569800004,0.6393454964848222
24.224990310000404,0.7362819792216774
24.233323640000403,0.8154593921568998
24.241656970000403,0.8767512378304366
24.249990300000405,0.9202103990768655
24.258323630000405,0.9460724372458864
24.266656960000404,0.9547520986373214
24.274990290000403,0.9468753373306174
24.283323620000402,0.9232831929509281
24.291656950000405,0.8850456960385561
24.299990280000404,0.8334688926434699
24.308323610000404,0.7700842039275537
24.316656940000406,0.6966202128252067
24.324990270000406,0.6149637373600956
24.333323600000405,0.5270684179219481
24.341656930000404,0.4348411690945819
24.349990260000403,0.3400276482719152
24.358323590000406,0.24413303813451648
24.366656920000406,0.14825279788080695
24.374990250000405,0.05309813974272513
24.383323580000408,-0.04095314608696386
24.391656910000407,-0.13378055192218866
24.399990240000406,-0.22542247818067127
24.408323570000405,-0.3159495550542897
24.416656900000405,-0.4053407610567629
24.424990230000407,-0.49349930551043303
24.433323560000407,-0.5802296371837646
24.441656890000406,-0.6652356100110487
24.44999022000041,-0.7481338402927583
24.458323550000408,-0.828464332137598
24.466656880000407,-0.9056864624043411
24.474990210000406,-0.9791579389169371
24.483323540000406,-1.0481017066315048
24.49165687000041,-1.1115354771034083
24.499990200000408,-1.168180361826806
24.508323530000407,-1.2163593095197431
24.51665686000041,-1.254088377657336
24.52499019000041,-1.279104391247409
24.53332352000041,-1.2890996931703584
24.541656850000408,-1.2820347803482586
24.549990180000407,-1.2563790790747562
24.55832351000041,-1.2113252395622194
24.56665684000041,-1.1468185413057206
24.574990170000408,-1.0634156966034165
24.58332350000041,-0.9621118251384982
24.59165683000041,-0.8442240614526693
24.59999016000041,-0.7114115096640888
24.60832349000041,-0.5656987317917125
24.616656820000408,-0.4096302818976669
24.62499015000041,-0.24627541289334307
24.63332348000041,-0.07900886466382075
24.64165681000041,0.08865603577773161
24.649990140000412,0.253286009894264
24.65832347000041,0.4116780421621339
24.66665680000041,0.5609613323295756
24.67499013000041,0.6986288326677861
24.68332346000041,0.8225386769367763
24.691656790000412,0.9308915981393572
24.69999012000041,1.0222016976791075
24.70832345000041,1.0952628177991484
24.716656780000413,1.149107973323153
24.724990110000412,1.183001484924076
24.73332344000041,1.1964473042557722
24.74165677000041,1.1893075486112443
24.74999010000041,1.1616023579764343
24.758323430000413,1.1134652195342416
24.766656760000412,1.0451443811917558
24.77499009000041,0.9570011366663407
24.783323420000414,0.8495107698151513
24.791656750000413,0.723261901320735
24.799990080000413,0.578950309387283
24.808323410000412,0.4173788391891588
24.81665674000041,0.23945046915651816
24.824990070000414,0.046163223681498756
24.833323400000413,-0.16139533605393414
24.841656730000413,-0.38204685097431756
24.849990060000415,-0.6141738632340774
24.858323390000415,-0.8553445420745848
24.866656720000414,-1.1022097727248947
24.874990050000413,-1.3498025095271842
24.883323380000412,-1.5900960006333298
24.891656710000415,-1.809285747426714
24.899990040000414,-1.9839602901181768
24.908323370000414,-2.0811799211939364
24.916656700000416,-2.075935970420188
24.924990030000416,-1.9781652718052787
24.933323360000415,-1.8199788725554562
24.941656690000414,-1.6288810053112337
24.949990020000413,-1.4217789152214124
24.958323350000416,-1.2081847705544777
24.966656680000415,-0.9936630614140735
24.974990010000415,-0.781777326770814
24.983323340000418,-0.5750780878772028
24.991656670000417,-0.3755800541488281
24.999990000000416,-0.184932502346183
25.008323330000415,-0.004542314057666501
25.016656660000415,0.1643675592125615
25.024989990000417,0.3207368043767623
25.033323320000417,0.4636661352744106
25.041656650000416,0.5924022453250282
25.04998998000042,0.706338754465167
25.058323310000418,0.8050112851332327
25.066656640000417,0.8880862929532153
25.074989970000416,0.955365153425102
25.083323300000416,1.0068167172795346
25.09165663000042,1.042558056005841
25.099989960000418,1.0628292035846223
25.108323290000417,1.068016447344617
25.11665662000042,1.0586744890742934
25.12498995000042,1.035463530583685
25.13332328000042,0.9991722232389667
25.141656610000418,0.9507240437315649
25.149989940000417,0.8911060541777254
25.15832327000042,0.8213889386087114
25.16665660000042,0.7426793058187969
25.174989930000418,0.656059538964247
25.18332326000042,0.5625710166680863
25.19165659000042,0.4632060348118791
25.19998992000042,0.3588599683000169
25.20832325000042,0.25031974814000607
25.216656580000418,0.13826625842856638
25.22498991000042,0.023274289799578126
25.23332324000042,-0.09417168578745724
25.24165657000042,-0.21362490868966275
25.249989900000422,-0.3346165283502602
25.25832323000042,-0.4566060666454253
25.26665656000042,-0.5789790914490973
25.27498989000042,-0.7010062171899383
25.28332322000042,-0.8217754436018888
25.291656550000422,-0.9401194648733385
25.29998988000042,-1.0545500116003563
25.30832321000042,-1.1633099403375589
25.316656540000423,-1.2643018625894358
25.324989870000422,-1.355153871088137
25.33332320000042,-1.4333867302308443
25.34165653000042,-1.4967588493287187
25.34998986000042,-1.5435174563447007
25.358323190000423,-1.5727827966069403
25.366656520000422,-1.5847124941068533
25.37498985000042,-1.5804249961098709
25.383323180000424,-1.561585955281258
25.391656510000423,-1.5300045557182076
25.399989840000423,-1.4870510234793548
25.408323170000422,-1.4332505355732021
25.41665650000042,-1.3679916140582162
25.424989830000424,-1.289381409718713
25.433323160000423,-1.194577571303788
25.441656490000423,-1.0805105000321615
25.449989820000425,-0.9450141527571668
25.458323150000425,-0.788021840571186
25.466656480000424,-0.6121036181403657
25.474989810000423,-0.4219704672290087
25.483323140000422,-0.22347911144954521
25.491656470000425,-0.022563744795037664
25.499989800000424,0.17543084668522177
25.508323130000424,0.36602023248984994
25.516656460000426,0.5455725695129701
25.524989790000426,0.7111990307775066
25.533323120000425,0.8606144504049659
25.541656450000424,0.9920111941901246
25.549989780000423,1.1040640479420099
25.558323110000426,1.1960486160569017
25.566656440000425,1.2674423271849957
25.574989770000425,1.317835616182202
25.583323100000428,1.3469341309443452
25.591656430000427,1.3545614073276566
25.599989760000426,1.3406617049465779
25.608323090000425,1.3053010732641277
25.616656420000425,1.2486683462702286
25.624989750000427,1.1710749642724052
25.633323080000427,1.0729543267445627
25.641656410000426,0.9548579068431374
25.64998974000043,0.8174539036614472
25.658323070000428,0.6615223780046079
25.666656400000427,0.48795056371555984
25.674989730000426,0.29772599972643143
25.683323060000426,0.09193217639329271
25.69165639000043,-0.12790174491743614
25.699989720000428,-0.35903533742380067
25.708323050000427,-0.5974520826971279
25.71665638000043,-0.8370449031399341
25.72498971000043,-1.068036618382434
25.73332304000043,-1.2746145213445883
25.741656370000428,-1.4333180956061833
25.749989700000427,-1.5182345258099876
25.75832303000043,-1.5183223797632621
25.76665636000043,-1.4474838991976602
25.774989690000428,-1.3301877064853413
25.78332302000043,-1.1864187496447072
25.79165635000043,-1.0287429136948185
25.79998968000043,-0.8645919551786718
25.80832301000043,-0.6985161682969717
25.816656340000428,-0.5336233052335184
25.82498967000043,-0.3722456435036647
25.83332300000043,-0.21628830390502454
25.84165633000043,-0.06734376462746607
25.849989660000432,0.07318065604868566
25.85832299000043,0.20409870324095003
25.86665632000043,0.3244168780365483
25.87498965000043,0.4332932882149289
25.88332298000043,0.5300455141602619
25.89165631000043,0.6141420649061287
25.89998964000043,0.6851890867118606
25.90832297000043,0.7429295391945442
25.916656300000433,0.7872361660876857
25.924989630000432,0.8181239916670476
25.93332296000043,0.8357444503884993
25.94165629000043,0.8403485946015505
25.94998962000043,0.8322712366923504
25.958322950000433,0.8119172829145854
25.966656280000432,0.7797736028235863
25.97498961000043,0.7363949292814737
25.983322940000434,0.6823466614663147
25.991656270000433,0.6181959193060267
25.999989600000433,0.5445036729810163
26.008322930000432,0.46181928921017545
26.01665626000043,0.37067908491728624
26.024989590000434,0.271599789464139
26.033322920000433,0.1650902794567728
26.041656250000432,0.05168117282788926
26.049989580000435,-0.06804802006372539
26.058322910000435,-0.19343886029525595
26.066656240000434,-0.32372608917096235
26.074989570000433,-0.45797155350734164
26.083322900000432,-0.59500803792887
26.091656230000435,-0.7333911345803702
26.099989560000434,-0.8712592871856976
26.108322890000434,-1.0063286924575965
26.116656220000436,-1.1358313735615035
26.124989550000436,-1.2565424360689499
26.133322880000435,-1.3649146198567395
26.141656210000434,-1.4574693599215516
26.149989540000433,-1.5313468970296484
26.158322870000436,-1.5848150504481175
26.166656200000435,-1.6177518637112032
26.174989530000435,-1.631634695948963
26.183322860000438,-1.6291223030851458
26.191656190000437,-1.613483328779504
26.199989520000436,-1.5880383938846876
26.208322850000435,-1.5557831975158956
26.216656180000435,-1.5191877545319967
26.224989510000437,-1.480093183184348
26.233322840000437,-1.439633512228816
26.241656170000436,-1.3980965587922203
26.24998950000044,-1.354711236092264
26.258322830000438,-1.30735016823966
26.266656160000437,-1.252202405770051
26.274989490000436,-1.1835261020096794
26.283322820000436,-1.093945448596021
26.29165615000044,-0.9759123961820295
26.299989480000438,-0.8245233394678636
26.308322810000437,-0.6402924519707774
26.31665614000044,-0.42947812968878585
26.32498947000044,-0.20147725938066788
26.33332280000044,0.03411942060145389
26.341656130000437,0.26916416834466333
26.349989460000437,0.49734114656542494
26.35832279000044,0.7139320402817634
26.36665612000044,0.9154329670264736
26.374989450000438,1.0992132393841594
26.38332278000044,1.263314586490401
26.39165611000044,1.4065739247271292
26.39998944000044,1.5281875415498614
26.40832277000044,1.6274727720186661
26.416656100000438,1.7038717814445208
26.42498943000044,1.7569557386266548
26.43332276000044,1.7864257013406852
26.44165609000044,1.792115359480521
26.449989420000442,1.773991144335509
26.45832275000044,1.7321530452602336
26.46665608000044,1.6668353026994884
26.47498941000044,1.5784058992779317
26.48332274000044,1.467364629348808
26.49165607000044,1.3343412858980745
26.49998940000044,1.1800913735025855
26.50832273000044,1.0054925839049418
26.516656060000443,0.8115383616757842
26.524989390000442,0.5993904776097845
26.53332272000044,0.3709650310593802
26.54165605000044,0.1290905979199624
26.54998938000044,-0.1223280305608831
26.558322710000443,-0.37764754276015255
26.566656040000442,-0.6284088515973
26.57498937000044,-0.861869933691513
26.583322700000444,-1.060136115586481
26.591656030000443,-1.2028292806532677
26.599989360000443,-1.2766870744509415
26.608322690000442,-1.2852489058015308
26.61665602000044,-1.2447634553178673
26.624989350000444,-1.1726888630576098
26.633322680000443,-1.0818873699312215
26.641656010000442,-0.9806274128597592
26.649989340000445,-0.8740096339995238
26.658322670000445,-0.7652921607025682
26.666656000000444,-0.6567309776318581
26.674989330000443,-0.5499409284455709
26.683322660000442,-0.44616358104427034
26.691655990000445,-0.3464153574362306
26.699989320000444,-0.2515276018028364
26.708322650000444,-0.16218116154878723
26.716655980000446,-0.0789418821014556
26.724989310000446,-0.0023031834376178273
26.733322640000445,0.06728241141470484
26.741655970000444,0.12939666538342473
26.749989300000443,0.18364346758529396
26.758322630000446,0.22963900016917146
26.766655960000445,0.26700665756953273
26.774989290000445,0.29537520819598745
26.783322620000448,0.31437773312222766
26.791655950000447,0.32365466554862415
26.799989280000446,0.3228676608929924
26.808322610000445,0.31171112594136585
26.816655940000445,0.28993243821823667
26.824989270000447,0.25737923011795555
26.833322600000447,0.2139892185949543
26.841655930000446,0.1597923591596737
26.84998926000045,0.0949295899487553
26.858322590000448,0.019670989467283576
26.866655920000447,-0.06555933747703752
26.874989250000446,-0.1601482215588578
26.883322580000446,-0.2632585172709436
26.89165591000045,-0.3737973218751965
26.899989240000448,-0.4903005226370914
26.908322570000447,-0.6108659491381006
26.91665590000045,-0.7330354609118459
26.92498923000045,-0.8536779628580669
26.933322560000448,-0.9689018022366575
26.941655890000447,-1.0741476424619163
26.949989220000447,-1.1644747287355184
26.95832255000045,-1.235311116303885
26.96665588000045,-1.283511200814376
26.974989210000448,-1.3082266746954914
26.98332254000045,-1.3111674762221892
26.99165587000045,-1.2959536233498359
26.99998920000045,-1.2671201249019042
27.00832253000045,-1.229209590000642
27.016655860000448,-1.1862116855521514
27.02498919000045,-1.141357137439737
27.03332252000045,-1.0971357688440386
27.04165585000045,-1.0554053415016882
27.049989180000452,-1.017489058225532
27.05832251000045,-0.9842658934634002
27.06665584000045,-0.9561654507343957
27.07498917000045,-0.9331828823936007
27.08332250000045,-0.914731891774086
27.09165583000045,-0.8994295784972448
27.09998916000045,-0.8847180366102135
27.10832249000045,-0.8663007022532871
27.116655820000453,-0.8374653264309748
27.124989150000452,-0.788593373414248
27.13332248000045,-0.7081723656917311
27.14165581000045,-0.5866754824615839
27.14998914000045,-0.4218357337697996
27.158322470000453,-0.22062060920892235
27.166655800000452,0.004435494807458415
27.17498913000045,0.2405374511143996
27.183322460000454,0.4773164349321969
27.191655790000453,0.7072050958262508
27.199989120000453,0.9248756444771613
27.208322450000452,1.12656385836654
27.21665578000045,1.3095577294332592
27.224989110000454,1.4718872889726256
27.233322440000453,1.6123772612403833
27.241655770000452,1.7302405844695965
27.249989100000455,1.8248205726028874
27.258322430000455,1.8955908192422757
27.266655760000454,1.9421581709387312
27.274989090000453,1.9642637659057627
27.283322420000452,1.9617828177502865
27.291655750000455,1.9347259115262083
27.299989080000454,1.8832397693481704
27.308322410000454,1.8076073022441548
27.316655740000456,1.708246213410383
27.324989070000456,1.5857084178704466
27.333322400000455,1.4406778529286242
27.341655730000454,1.2739675867020699
27.349989060000453,1.086514497337408
27.358322390000456,0.8793744327589166
27.366655720000455,0.6537628046646549
27.374989050000455,0.41156159591119307
27.383322380000457,0.15545290639513265
27.391655710000457,-0.11100330588190155
27.399989040000456,-0.3829059548566891
27.408322370000455,-0.6532812236226619
27.416655700000454,-0.9121185420166651
27.424989030000457,-1.1456937103810216
27.433322360000457,-1.3376970540340376
27.441655690000456,-1.4742667374919516
27.44998902000046,-1.5516780967636097
27.458322350000458,-1.5779210493140696
27.466655680000457,-1.566263176495485
27.474989010000456,-1.5285181828153749
27.483322340000456,-1.4727220892062423
27.49165567000046,-1.4036485939647525
27.499989000000458,-1.3239892021824349
27.508322330000457,-1.2354201768665416
27.51665566000046,-1.1392356313561864
27.52498899000046,-1.036621513805005
27.533322320000458,-0.9288944250616414
27.541655650000457,-0.8175843988902656
27.549988980000457,-0.7043743436049089
27.55832231000046,-0.5910660557258268
27.56665564000046,-0.47949922424505265
27.574988970000458,-0.3714695779198683
27.58332230000046,-0.2686999884657251
27.59165563000046,-0.17277454415201313
27.59998896000046,-0.08511428924876425
27.60832229000046,-0.00698681419863008
27.616655620000458,0.0605262758453307
27.62498895000046,0.11652512335642119
27.63332228000046,0.16024818097113952
27.64165561000046,0.1911308271637841
27.649988940000462,0.20877543747063285
27.65832227000046,0.21293972568688016
27.66665560000046,0.20354770100605063
27.67498893000046,0.18070166147982497
27.68332226000046,0.1446950290150096
27.69165559000046,0.09602740891052243
27.69998892000046,0.03547389534317984
27.70832225000046,-0.03588084298603303
27.716655580000463,-0.11656578933063139
27.724988910000462,-0.20460445322669338
27.73332224000046,-0.2973928628436025
27.74165557000046,-0.39153589825259133
27.74998890000046,-0.48276662394290865
27.758322230000463,-0.5659862609272517
27.766655560000462,-0.6357044268160205
27.77498889000046,-0.6869495779436076
27.783322220000464,-0.7164940056076187
27.791655550000463,-0.7238605124162174
27.799988880000463,-0.7114441019592112
27.808322210000462,-0.6836469224946897
27.81665554000046,-0.645584538606781
27.824988870000464,-0.6021292590545858
27.833322200000463,-0.5574023329406993
27.841655530000462,-0.5146201915354311
27.849988860000465,-0.4762016155914652
27.858322190000465,-0.44391989187868697
27.866655520000464,-0.4190245955432933
27.874988850000463,-0.40235084936934473
27.883322180000462,-0.3943969002596158
27.891655510000465,-0.39539685508044214
27.899988840000464,-0.4053231379638637
27.908322170000464,-0.4238790596079013
27.916655500000466,-0.45046780296845995
27.924988830000466,-0.48403874969569277
27.933322160000465,-0.5228932282079121
27.941655490000464,-0.5642980373710103
27.949988820000463,-0.6038829177369996
27.958322150000466,-0.6347421814095738
27.966655480000465,-0.6466434983266519
27.974988810000465,-0.6263227457770915
27.983322140000467,-0.5611381970989537
27.991655470000467,-0.44578190354335223
27.999988800000466,-0.28637978235274264
28.008322130000465,-0.09679000566394018
28.016655460000464,0.10827449542064518
28.024988790000467,0.31699306995259574
28.033322120000467,0.5209638445332987
28.041655450000466,0.7144526251093849
28.04998878000047,0.893530481233728
28.058322110000468,1.0554336140923302
28.066655440000467,1.1981867754863436
28.074988770000466,1.3206431769504146
28.083322100000466,1.4221047243643559
28.09165543000047,1.501998112622185
28.099988760000468,1.5598720078632113
28.108322090000467,1.5953987217743906
28.11665542000047,1.6083757742986011
28.12498875000047,1.5987274399936748
28.133322080000468,1.5665049575609753
28.141655410000467,1.511887297359288
28.149988740000467,1.435180626854103
28.15832207000047,1.3368162694254881
28.16665540000047,1.2173489488995815
28.174988730000468,1.077453366456956
28.18332206000047,0.9179211112997105
28.19165539000047,0.7396549906365344
28.19998872000047,0.5436625449324891
28.20832205000047,0.3311162897576109
28.216655380000468,0.10386137083191642
28.22498871000047,-0.13558455259668994
28.23332204000047,-0.3840125042558958
28.24165537000047,-0.6372372798373428
28.249988700000472,-0.8896944891571281
28.25832203000047,-1.1339603714754363
28.26665536000047,-1.360397303108731
28.27498869000047,-1.5575778522895252
28.28332202000047,-1.7140900553160692
28.29165535000047,-1.8220907676333056
28.29998868000047,-1.8800813538931698
28.30832201000047,-1.892085180482998
28.316655340000473,-1.8643344580815677
28.324988670000472,-1.802659110634159
28.33332200000047,-1.711920526008284
28.34165533000047,-1.5965359566485415
28.34998866000047,-1.4609870912456155
28.358321990000473,-1.3099449818076898
28.366655320000472,-1.1481022888381154
28.37498865000047,-0.9799461839763877
28.383321980000474,-0.8095130917540321
28.391655310000473,-0.6403279656013459
28.399988640000473,-0.4753914329893491
28.408321970000472,-0.3172321186789173
28.41665530000047,-0.1679629076812969
28.424988630000474,-0.02935399134961276
28.433321960000473,0.097137293682031
28.441655290000472,0.21028750181112596
28.449988620000475,0.30912568450341055
28.458321950000474,0.3928668582697283
28.466655280000474,0.46090638729024197
28.474988610000473,0.5128242631990162
28.483321940000472,0.5483840958831828
28.491655270000475,0.5675335826671238
28.499988600000474,0.5704081815568178
28.508321930000474,0.5573417155252169
28.516655260000476,0.5289329132241731
28.524988590000476,0.4860604643397979
28.533321920000475,0.4299750084044587
28.541655250000474,0.36237678047333816
28.549988580000473,0.28554955760738693
28.558321910000476,0.20250070848630583
28.566655240000475,0.117103088233033
28.574988570000475,0.03411200862763922
28.583321900000477,-0.04104614783704613
28.591655230000477,-0.10293722502577508
28.599988560000476,-0.14718681598546757
28.608321890000475,-0.17173860696712606
28.616655220000474,-0.17747376174788598
28.624988550000477,-0.16777134583877984
28.633321880000477,-0.14742010208853704
28.641655210000476,-0.12137772105822064
28.64998854000048,-0.09405572514091319
28.658321870000478,-0.06904410351224514
28.666655200000477,-0.049069927524337274
28.674988530000476,-0.03614481366566483
28.683321860000476,-0.031716736819962094
28.69165519000048,-0.03677253762552581
28.699988520000478,-0.051962942136349645
28.708321850000477,-0.07763159814339811
28.71665518000048,-0.11390556409631318
28.72498851000048,-0.16070853753063188
28.733321840000478,-0.21776103234746116
28.741655170000477,-0.28457320558556454
28.749988500000477,-0.36043042204831016
28.75832183000048,-0.4443447040590312
28.76665516000048,-0.5348888793269984
28.774988490000478,-0.6300193213376921
28.78332182000048,-0.7267004583805172
28.79165515000048,-0.8202713736561345
28.79998848000048,-0.9035740651869031
28.80832181000048,-0.9659845573577867
28.816655140000478,-0.9936166461262305
28.82498847000048,-0.9726761177956624
28.83332180000048,-0.8967198543857454
28.84165513000048,-0.7716101777338862
28.849988460000482,-0.6115854724479892
28.85832179000048,-0.431893101850372
28.86665512000048,-0.2446603712309838
28.87498845000048,-0.05840775530774617
28.88332178000048,0.12108081799195466
28.89165511000048,0.2898494860514628
28.89998844000048,0.44511126667787027
28.90832177000048,0.5848375164191855
28.916655100000483,0.7077031383964031
28.924988430000482,0.8129814588079549
28.93332176000048,0.9000854808848022
28.94165509000048,0.9685323513699075
28.94998842000048,1.017942901276891
28.958321750000483,1.0480456926772759
28.966655080000482,1.0586784135711447
28.97498841000048,1.0497876814743143
28.983321740000484,1.0214292652814503
28.991655070000483,0.973768653053033
28.999988400000483,0.9070805416333164
29.008321730000482,0.8217479419309573
29.01665506000048,0.7182568351848625
29.024988390000484,0.5971959790790777
29.033321720000483,0.4592514665655668
29.041655050000482,0.3052286854591502
29.049988380000485,0.13637354280162473
29.058321710000484,-0.04559608274010057
29.066655040000484,-0.23858367884146073
29.074988370000483,-0.44001593923310833
29.083321700000482,-0.6466916972350196
29.091655030000485,-0.8545721355699895
29.099988360000484,-1.0584857221524666
29.108321690000484,-1.2517988118834178
29.116655020000486,-1.4260923863809798
29.124988350000486,-1.5711503118796313
29.133321680000485,-1.6755868120428163
29.141655010000484,-1.7291278148019977
29.149988340000483,-1.726016653724284
29.158321670000486,-1.6675493238170538
29.166655000000485,-1.561519089760189
29.174988330000485,-1.4190746327770618
29.183321660000487,-1.251430339107709
29.191654990000487,-1.068125521251628
29.199988320000486,-0.876750849916907
29.208321650000485,-0.68312938515069
29.216654980000484,-0.49173523081533693
29.224988310000487,-0.3060246172143419
29.233321640000486,-0.12871861776633317
29.241654970000486,0.0380065648946153
29.24998830000049,0.19239848179318023
29.258321630000488,0.3330140004267017
29.266654960000487,0.45869864444450364
29.274988290000486,0.5685106424970371
29.283321620000486,0.661702131657221
29.29165495000049,0.7377127784264913
29.299988280000488,0.796168997642919
29.308321610000487,0.8368785015798724
29.31665494000049,0.8598273107189658
29.32498827000049,0.8651795349638108
29.333321600000488,0.8533184087494249
29.341654930000487,0.824875060263072
29.349988260000487,0.780770663907383
29.35832159000049,0.7222746253047699
29.36665492000049,0.6511000553245971
29.374988250000488,0.5695029198692472
29.38332158000049,0.4804104600775425
29.39165491000049,0.38751819935867293
29.39998824000049,0.29529430526656786
29.40832157000049,0.20877723329700035
29.416654900000488,0.1329891361440144
29.42498823000049,0.07202467177900287
29.43332156000049,0.02803115489630593
29.44165489000049,0.0006553543920049923
29.449988220000492,-0.012774649844176804
29.45832155000049,-0.016346949221404013
29.46665488000049,-0.014515295502414536
29.47498821000049,-0.01141849627204029
29.48332154000049,-0.010506306393904697
29.49165487000049,-0.014459724013252562
29.49998820000049,-0.025287093984213613
29.50832153000049,-0.04444421449382606
29.516654860000493,-0.07293078361170069
29.524988190000492,-0.11139381498277127
29.53332152000049,-0.1601822578297449
29.54165485000049,-0.21942925844086325
29.54998818000049,-0.2890282470890719
29.558321510000493,-0.36867118539842003
29.566654840000492,-0.45786749682758204
29.57498817000049,-0.5559292797247164
29.583321500000494,-0.6618994878073728
29.591654830000493,-0.7745318921252652
29.599988160000493,-0.892194389911524
29.608321490000492,-1.0126697791001527
29.61665482000049,-1.132870144766718
29.624988150000494,-1.248373075541651
29.633321480000493,-1.3526882223012657
29.641654810000492,-1.4365279385382
29.649988140000495,-1.487521786554187
29.658321470000494,-1.492164632760331
29.666654800000494,-1.44143783209875
29.674988130000493,-1.3365691926932188
29.683321460000492,-1.1884753922773525
29.691654790000495,-1.0114457764558609
29.699988120000494,-0.8181431851908254
29.708321450000494,-0.6181238795987893
29.716654780000496,-0.4181583148472827
29.724988110000496,-0.223034286495246
29.733321440000495,-0.03623443813222659
29.741654770000494,0.13961764902083246
29.749988100000493,0.3024815775308429
29.758321430000496,0.4507288190070558
29.766654760000495,0.5830553396856131
29.774988090000495,0.6985846276787967
29.783321420000497,0.7966825656265791
29.791654750000497,0.8768139037060275
29.799988080000496,0.9385434299677773
29.808321410000495,0.9815396153145397
29.816654740000494,1.0055740925620815
29.824988070000497,1.010522467344676
29.833321400000496,0.9963661412641637
29.841654730000496,0.963193198685599
29.8499880600005,0.9111965586484038
29.858321390000498,0.8406730251053135
29.866654720000497,0.7520240976329227
29.874988050000496,0.6457643307792379
29.883321380000496,0.5227167186992104
29.8916547100005,0.38402478616803776
29.899988040000498,0.23109003645769388
29.908321370000497,0.06561940442826508
29.9166547000005,-0.11027644815522226
29.9249880300005,-0.293947489996423
29.933321360000498,-0.4819733490735875
29.941654690000497,-0.6697858892477231
29.949988020000497,-0.8510724564896449
29.9583213500005,-1.0169658128072172
29.9666546800005,-1.1552867012944779
29.974988010000498,-1.2510450911093312
29.9833213400005,-1.2901187715711564
29.9916546700005,-1.2667119123570452
29.9999880000005,-1.187373244734473
30.0083213300005,-1.0665504853931638
30.016654660000498,-0.9191851626657552
30.0249879900005,-0.75719509764642
30.0333213200005,-0.5891216260557975
30.0416546500005,-0.4209417225280414
30.049987980000502,-0.25688977198734275
30.0583213100005,-0.10006811685866396
30.0666546400005,0.04717817795738893
30.0749879700005,0.18302686679621025
30.0833213000005,0.30603596882926404
30.0916546300005,0.41505506471706266
30.0999879600005,0.5091587386193789
30.1083212900005,0.5876514042197455
30.116654620000503,0.650019926429833
30.124987950000502,0.6959188859139742
30.1333212800005,0.7251704687222215
30.1416546100005,0.7377664450362573
30.1499879400005,0.7338993923511801
30.158321270000503,0.7139723529598743
30.166654600000502,0.6785965892759478
30.1749879300005,0.6286706831137323
30.183321260000504,0.5654126119211158
30.191654590000503,0.49044346613436246
30.199987920000503,0.40588051529300917
30.208321250000502,0.3144359843663466
30.2166545800005,0.21951400874627444
30.224987910000504,0.12520561324655294
30.233321240000503,0.036134179394646616
30.241654570000502,-0.04305071556875956
30.249987900000505,-0.10842075212975785
30.258321230000504,-0.15765234484748858
30.266654560000504,-0.19072398258898743
30.274987890000503,-0.2098265815500346
30.283321220000502,-0.21859976416749177
30.291654550000505,-0.22120670547015245
30.299987880000504,-0.22160899501674067
30.308321210000503,-0.22320709383387247
30.316654540000506,-0.2287124635369938
30.324987870000506,-0.24017524994650274
30.333321200000505,-0.25908661744453354
30.341654530000504,-0.28648995444194414
30.349987860000503,-0.3230532610033794
30.358321190000506,-0.3691683550717024
30.366654520000505,-0.42494549372685736
30.374987850000505,-0.4902860605608755
30.383321180000507,-0.5648893774610799
30.391654510000507,-0.6482478843223937
30.399987840000506,-0.7396449373884814
30.408321170000505,-0.8381406064300004
30.416654500000504,-0.9424801441856538
30.424987830000507,-1.0510646649303268
30.433321160000506,-1.1618153003204894
30.441654490000506,-1.2720095480514457
30.44998782000051,-1.37800351377158
30.458321150000508,-1.4748951200045766
30.466654480000507,-1.5561309617641295
30.474987810000506,-1.613224337969969
30.483321140000506,-1.636189952437595
30.49165447000051,-1.6155076450888686
30.499987800000508,-1.5456557340628878
30.508321130000507,-1.4278633445682019
30.51665446000051,-1.2696673536839747
30.52498779000051,-1.0815082975896273
30.533321120000508,-0.873608533881632
30.541654450000507,-0.6546314188463856
30.549987780000507,-0.43140209254499956
30.55832111000051,-0.2092361070022039
30.56665444000051,0.007703135830051804
30.574987770000508,0.2161025569353216
30.58332110000051,0.41327540101910853
30.59165443000051,0.5970125584425794
30.59998776000051,0.7654825535335369
30.60832109000051,0.9171481923134587
30.616654420000508,1.0507426883192499
30.62498775000051,1.1652192598932962
30.63332108000051,1.2598690452034955
30.64165441000051,1.3341820289639876
30.649987740000512,1.3877604062134143
30.65832107000051,1.4203175106268178
30.66665440000051,1.4316815241574696
30.67498773000051,1.4217957301278503
30.68332106000051,1.3907191080306098
30.69165439000051,1.338627379605458
30.69998772000051,1.2658128601015832
30.70832105000051,1.1726820562792122
30.716654380000513,1.0597543355216086
30.724987710000512,0.9277045751126283
30.73332104000051,0.7775831367343664
30.74165437000051,0.6107488929958296
30.74998770000051,0.42891119766782587
30.758321030000513,0.2342397347377794
30.766654360000512,0.02956842654410836
30.77498769000051,-0.18125985342153283
30.783321020000514,-0.3928268064940913
30.791654350000513,-0.5972669318775626
30.799987680000513,-0.783222101964725
30.808321010000512,-0.9354329515620042
30.81665434000051,-1.0371681608199557
30.824987670000514,-1.0773430003183626
30.833321000000513,-1.0580715323027055
30.841654330000512,-0.9926912729778326
30.849987660000515,-0.8971212622904002
30.858320990000514,-0.7844439208763258
30.866654320000514,-0.6638945940066182
30.874987650000513,-0.5416834712785795
30.883320980000512,-0.422032739114946
30.891654310000515,-0.3079182313857125
30.899987640000514,-0.20152148020690086
30.908320970000513,-0.10449116425767005
30.916654300000516,-0.018122039655904063
30.924987630000516,0.056601860341959506
30.933320960000515,0.11891338157778789
30.941654290000514,0.16822804414575643
30.949987620000513,0.20414960464228685
30.958320950000516,0.2264678611183084
30.966654280000515,0.23515758981583415
30.974987610000515,0.23038660637170297
30.983320940000517,0.21251687515275536
30.991654270000517,0.18212474508112628
30.999987600000516,0.14008612781120539
31.008320930000515,0.08759051308180499
31.016654260000514,0.02623553675020857
31.024987590000517,-0.041877499990131586
31.033320920000516,-0.11406802692926678
31.041654250000516,-0.18699599280919488
31.04998758000052,-0.25670449199767315
31.058320910000518,-0.31887782991298624
31.066654240000517,-0.3693201798621837
31.074987570000516,-0.4048138727205039
31.083320900000516,-0.42394285614756994
31.09165423000052,-0.42736839135540317
31.099987560000518,-0.4176508666814781
31.108320890000517,-0.3985405613801755
31.11665422000052,-0.37412690820430583
31.12498755000052,-0.3481916312333252
31.133320880000518,-0.32393559188446885
31.141654210000517,-0.30392244725913325
31.149987540000517,-0.29010671648448516
31.15832087000052,-0.28392218124712276
31.16665420000052,-0.2863816941083132
31.174987530000518,-0.29815766840168656
31.18332086000052,-0.3196402959573433
31.19165419000052,-0.3509532096528139
31.19998752000052,-0.3920111778252247
31.20832085000052,-0.4425260129124298
31.216654180000518,-0.50201208003935
31.22498751000052,-0.5697638428923134
31.23332084000052,-0.6448118216653085
31.24165417000052,-0.7259528928220396
31.249987500000522,-0.8116586185824043
31.25832083000052,-0.90003410053764
31.26665416000052,-0.9887418626821752
31.27498749000052,-1.0749494032365412
31.28332082000052,-1.155246598459932
31.29165415000052,-1.225604240620074
31.29998748000052,-1.2814211518499916
31.30832081000052,-1.3176799392041438
31.316654140000523,-1.3291503294878573
31.324987470000522,-1.3107700128543698
31.33332080000052,-1.258252577365535
31.34165413000052,-1.168949645119804
31.34998746000052,-1.0428672228639224
31.358320790000523,-0.8831869015076143
31.366654120000522,-0.6958215789988594
31.37498745000052,-0.4883104909872436
31.383320780000524,-0.26840490837949316
31.391654110000523,-0.04318048731329255
31.399987440000523,0.18136672121219458
31.408320770000522,0.4003371314039622
31.41665410000052,0.6097987041124113
31.424987430000524,0.8066061923745257
31.433320760000523,0.9882364352547959
31.441654090000522,1.1526566860669012
31.449987420000525,1.2982208572068679
31.458320750000524,1.4236081877494233
31.466654080000524,1.527900507372656
31.474987410000523,1.610518850727124
31.483320740000522,1.671010915110917
31.491654070000525,1.7090443135080151
31.499987400000524,1.7244093545247428
31.508320730000523,1.7170180827951997
31.516654060000526,1.6869069292395504
31.524987390000526,1.634238100067765
31.533320720000525,1.5592984318761742
31.541654050000524,1.4624997977000365
31.549987380000523,1.3443777643833288
31.558320710000526,1.2055883949417778
31.566654040000525,1.0469058889159732
31.574987370000525,0.8692210215574073
31.583320700000527,0.6737686784771126
31.591654030000527,0.4623849541567517
31.599987360000526,0.23745036319264515
31.608320690000525,0.00212377991700905
31.616654020000524,-0.23922742016183607
31.624987350000527,-0.48030180410407486
31.633320680000526,-0.7117846028827179
31.641654010000526,-0.9202067638768031
31.64998734000053,-1.088156564290999
31.658320670000528,-1.1986848070242995
31.666654000000527,-1.2448558871350004
31.674987330000526,-1.2347467607275473
31.683320660000525,-1.184723748105386
31.69165399000053,-1.1103668372337006
31.699987320000528,-1.0230652478444437
31.708320650000527,-0.9303670587571604
31.71665398000053,-0.8371492154404329
31.72498731000053,-0.7466659137502328
31.733320640000528,-0.6611780431937385
31.741653970000527,-0.5823111693088684
31.749987300000527,-0.5112894044769746
31.75832063000053,-0.44901267745312173
31.76665396000053,-0.39614975188912127
31.774987290000528,-0.353168301426905
31.78332062000053,-0.32033548746858337
31.79165395000053,-0.29771734982813414
31.79998728000053,-0.28517962407184044
31.80832061000053,-0.2823855733447311
31.816653940000528,-0.2887247762663077
31.82498727000053,-0.30329923940745873
31.83332060000053,-0.3248451847577309
31.84165393000053,-0.35167391210351717
31.849987260000532,-0.3815933092153283
31.85832059000053,-0.411882388020921
31.86665392000053,-0.4393243877518402
31.87498725000053,-0.46036283550582885
31.88332058000053,-0.47150027777286896
31.89165391000053,-0.469949689052551
31.89998724000053,-0.4542168489108946
31.90832057000053,-0.42452347116345907
31.916653900000533,-0.3827370461407111
31.924987230000532,-0.33191454243768753
31.93332056000053,-0.2756419529931051
31.94165389000053,-0.21744532015766696
31.94998722000053,-0.1604704822688786
31.958320550000533,-0.10735567279753949
31.966653880000532,-0.06019194374997394
31.97498721000053,-0.020583726063116366
31.983320540000534,0.010281355719752196
31.991653870000533,0.031551693867803265
31.999987200000533,0.04267548347179971
32.00832053000053,0.043374901190141486
32.01665386000053,0.033583425114226316
32.02498719000053,0.013429542372716732
32.03332052000053,-0.016777289700773957
32.041653850000536,-0.056528299073465356
32.049987180000535,-0.10510851718810783
32.058320510000534,-0.1616468987845106
32.066653840000534,-0.22508412295435543
32.07498717000053,-0.294169690218148
32.08332050000053,-0.3674798854792932
32.09165383000053,-0.4434136632387086
32.09998716000054,-0.5202498524215688
32.10832049000054,-0.596181715593272
32.116653820000536,-0.6693308124100132
32.124987150000536,-0.7378434943675943
32.133320480000535,-0.7998679098355258
32.141653810000534,-0.8535650254562794
32.14998714000053,-0.8968515815384374
32.15832047000053,-0.9271258268493386
32.16665380000053,-0.9407689390356363
32.17498713000054,-0.9327776861919045
32.18332046000054,-0.8969872604733066
32.19165379000054,-0.8273504437283118
32.199987120000536,-0.7204118240965544
32.208320450000535,-0.5776232749028862
32.216653780000534,-0.40545422955018545
32.224987110000534,-0.21320694849957897
32.23332044000054,-0.010324327672724721
32.24165377000054,0.19506909723388932
32.24998710000054,0.39657836928087464
32.25832043000054,0.5893566536847367
32.26665376000054,0.7697613862214091
32.274987090000536,0.9350348231851564
32.283320420000535,1.0830632457130478
32.291653750000535,1.2122220893638591
32.299987080000534,1.3214753795471488
32.30832041000054,1.4102021198981878
32.31665374000054,1.477903978454965
32.32498707000054,1.5241996906066817
32.33332040000054,1.5488250713246627
32.34165373000054,1.551636894399891
32.34998706000054,1.5326133349914888
32.358320390000536,1.4918548439394768
32.36665372000054,1.4295847425914496
32.37498705000054,1.346148908503761
32.38332038000054,1.2420141326569425
32.39165371000054,1.1177651843420964
32.39998704000054,0.9741023238671043
32.40832037000054,0.8118375781324346
32.41665370000054,0.6318891327445699
32.42498703000054,0.43528641986042693
32.433320360000536,0.2235685991059718
32.44165369000054,-0.0008542023308880212
32.44998702000054,-0.2347039832000912
32.45832035000054,-0.47334623816188987
32.46665368000054,-0.7099405723336139
32.47498701000054,-0.9342242079283822
32.48332034000054,-1.1314058210871283
32.49165367000054,-1.2831594760737808
32.499987000000544,-1.3740518345067878
32.508320330000544,-1.4017035090060075
32.51665366000054,-1.378146073903788
32.52498699000054,-1.3206929822632423
32.53332032000054,-1.243916973893198
32.54165365000054,-1.15779095029884
32.54998698000054,-1.0686610234441773
32.55832031000054,-0.9804904336922371
32.56665364000054,-0.8958125241363782
32.574986970000545,-0.8163006319106311
32.583320300000544,-0.7431082581249133
32.59165363000054,-0.6770005602994058
32.59998696000054,-0.6184581823953272
32.60832029000054,-0.5677382303417755
32.61665362000054,-0.5248832287682614
32.62498695000054,-0.489676206586754
32.63332028000055,-0.4616754279128707
32.641653610000546,-0.44015132878885715
32.649986940000545,-0.42406601819316
32.658320270000544,-0.4120252580793441
32.666653600000544,-0.402265827127065
32.67498693000054,-0.3926711651244828
32.68332026000054,-0.3808395201538781
32.69165359000054,-0.36426141060968875
32.69998692000054,-0.34061024301723003
32.70832025000055,-0.30814723539106287
32.716653580000546,-0.2660282301380554
32.724986910000545,-0.21455221203276892
32.733320240000545,-0.15510209971196415
32.741653570000544,-0.08981004498613288
32.74998690000054,-0.021233282207357925
32.75832023000054,0.047988836912398476
32.76665356000055,0.11539745065618402
32.77498689000055,0.1788812148533018
32.78332022000055,0.23668363219386132
32.79165355000055,0.2874184490172845
32.799986880000546,0.3300155232651206
32.808320210000545,0.3637367560823265
32.816653540000544,0.3880785165718973
32.824986870000544,0.4027363627873842
32.83332020000054,0.4075837828550468
32.84165353000055,0.40265154640141576
32.84998686000055,0.3881046372152559
32.85832019000055,0.3642193013240094
32.86665352000055,0.33136073189062104
32.874986850000546,0.28997034420545004
32.883320180000545,0.2405634550433414
32.891653510000545,0.18374489390892737
32.89998684000055,0.1201697376794828
32.90832017000055,0.050525001688717985
32.91665350000055,-0.024487648579828068
32.92498683000055,-0.10415968880962304
32.93332016000055,-0.18776408911150086
32.94165349000055,-0.27455035290783225
32.94998682000055,-0.36371254223041605
32.958320150000546,-0.4543833840863995
32.966653480000545,-0.5456328377200194
32.97498681000055,-0.6364056864637727
32.98332014000055,-0.7254312274688955
32.99165347000055,-0.8109844823864719
32.99998680000055,-0.8906506229549074
33.00832013000055,-0.9607973945674971
33.01665346000055,-1.015913484490763
33.02498679000055,-1.0481382233058787
33.03332012000055,-1.0477018928669712
33.04165345000055,-1.0053069186310393
33.04998678000055,-0.916621493604832
33.05832011000055,-0.7854165346202545
33.06665344000055,-0.6219228560986553
33.07498677000055,-0.4383908666214419
33.08332010000055,-0.24562588674227112
33.09165343000055,-0.05194541214876743
33.09998676000055,0.13661993930232524
33.108320090000554,0.31574373730262956
33.11665342000055,0.48227830217659934
33.12498675000055,0.633883209851205
33.13332008000055,0.7689025693142841
33.14165341000055,0.8864510832321204
33.14998674000055,0.9858684383367416
33.15832007000055,1.0665959649828385
33.166653400000556,1.1281789533438804
33.174986730000555,1.170272332269465
33.183320060000554,1.1926391554618574
33.19165339000055,1.1951540585872042
33.19998672000055,1.177804438394185
33.20832005000055,1.1406911425825035
33.21665338000055,1.084028824794051
33.22498671000055,1.008143479624047
33.23332004000055,0.9134706679666414
33.241653370000556,0.8005553131428104
33.249986700000555,0.6700452359371272
33.258320030000554,0.5226894218231617
33.266653360000554,0.3593371291604602
33.27498669000055,0.1813199658840487
33.28332002000055,-0.00899604542739285
33.29165335000055,-0.20827065610261813
33.29998668000056,-0.41170810104879413
33.30832001000056,-0.6122618313938049
33.316653340000556,-0.799673368519849
33.324986670000555,-0.9600526459922847
33.333320000000555,-1.07805944756343
33.341653330000554,-1.1430343413195931
33.34998666000055,-1.1557848472692578
33.35831999000055,-1.1275876400270723
33.36665332000055,-1.0727245774998813
33.37498665000056,-1.0031465250287197
33.38331998000056,-0.9271956754014474
33.39165331000056,-0.8501675060812569
33.399986640000556,-0.7753071911180253
33.408319970000555,-0.704553632599525
33.416653300000554,-0.6390251517523347
33.424986630000554,-0.5793100145671269
33.43331996000056,-0.5255959659243166
33.44165329000056,-0.477773601767441
33.44998662000056,-0.435508890633245
33.45831995000056,-0.3982045273803837
33.46665328000056,-0.3650364327182093
33.474986610000556,-0.3349428220125
33.483319940000555,-0.3066826330289542
33.491653270000555,-0.27886629932730556
33.499986600000554,-0.25005018579356125
33.50831993000056,-0.2188874563192224
33.51665326000056,-0.18422677230329354
33.52498659000056,-0.1453369336400429
33.53331992000056,-0.1019960583298983
33.54165325000056,-0.05448793703877959
33.54998658000056,-0.003555774897596521
33.558319910000556,0.04966880475835559
33.56665324000056,0.10377817830898994
33.57498657000056,0.15734186954250307
33.58331990000056,0.20898787562152338
33.59165323000056,0.2574655465994646
33.59998656000056,0.30175136172158
33.60831989000056,0.34098266172745806
33.61665322000056,0.3744689180102881
33.62498655000056,0.4016866881363383
33.633319880000556,0.42227096415081844
33.64165321000056,0.43598685357070943
33.64998654000056,0.44268516749273873
33.65831987000056,0.44227908481645406
33.66665320000056,0.4347256694373638
33.67498653000056,0.4200115900998509
33.68331986000056,0.3981432834281696
33.69165319000056,0.36914100834068875
33.699986520000564,0.3330368506839269
33.708319850000564,0.28987710827150914
33.71665318000056,0.23972765862263892
33.72498651000056,0.18268165301880598
33.73331984000056,0.11886993077277343
33.74165317000056,0.048472324420431416
33.74998650000056,-0.02827258953569294
33.75831983000056,-0.11105698402343592
33.76665316000056,-0.19948460807355586
33.774986490000565,-0.29307729371279173
33.783319820000564,-0.39127103427170373
33.79165315000056,-0.49341317202593765
33.79998648000056,-0.5987639016286004
33.80831981000056,-0.7064527601278138
33.81665314000056,-0.8154579938505949
33.82498647000056,-0.9245677571809143
33.83331980000057,-1.03229265339966
33.841653130000566,-1.136551160567493
33.849986460000565,-1.2342714971023017
33.858319790000564,-1.3206629306895479
33.866653120000564,-1.3882885029940129
33.87498645000056,-1.4262900075367484
33.88331978000056,-1.4212503406403458
33.89165311000056,-1.3619480079222694
33.89998644000056,-1.2464872103893183
33.90831977000057,-1.0844356348422866
33.916653100000566,-0.8909771512176016
33.924986430000565,-0.6804060474055337
33.933319760000565,-0.4636646211132859
33.941653090000564,-0.24841782387994987
33.94998642000056,-0.039955002784712985
33.95831975000056,0.1579919022005326
33.96665308000057,0.3427031777907323
33.97498641000057,0.5124128502194297
33.98331974000057,0.6661199764024349
33.99165307000057,0.8029656409360445
33.999986400000566,0.9221860616364518
34.008319730000565,1.0231170407532713
34.016653060000564,1.1051970843212187
34.024986390000564,1.1679736828659706
34.03331972000056,1.2111023466756399
34.04165305000057,1.2343507411399126
34.04998638000057,1.2376003496987162
34.05831971000057,1.220846780476862
34.06665304000057,1.1842011393007565
34.074986370000566,1.1278901144358233
34.083319700000565,1.0522526173986808
34.091653030000565,0.9577394044645214
34.09998636000057,0.8449077573404558
34.10831969000057,0.7145526592467605
34.11665302000057,0.568290801580965
34.12498635000057,0.40848157037917726
34.13331968000057,0.23835445938189245
34.14165301000057,0.06238900691231165
34.14998634000057,-0.11321517142606918
34.158319670000566,-0.2801581961513262
34.166653000000565,-0.4282863119534924
34.17498633000057,-0.5472584952147524
34.18331966000057,-0.6299688219575842
34.19165299000057,-0.6757969633970327
34.19998632000057,-0.6904485022419092
34.20831965000057,-0.6827514681520337
34.21665298000057,-0.6612262431775078
34.22498631000057,-0.6323981879951859
34.23331964000057,-0.6006633588081122
34.24165297000057,-0.5686816554437428
34.24998630000057,-0.5378546462996122
34.25831963000057,-0.5087510844091924
34.26665296000057,-0.4814363688246397
34.27498629000057,-0.4556695110420289
34.28331962000057,-0.43100757555286395
34.29165295000057,-0.4068722358893722
34.29998628000057,-0.38269334925553816
34.308319610000574,-0.3579618478216474
34.31665294000057,-0.33221384757927463
34.32498627000057,-0.30511784945004117
34.33331960000057,-0.27651977303149544
34.34165293000057,-0.2464427363674969
34.34998626000057,-0.21507238832032813
34.35831959000057,-0.18273197530102986
34.366652920000575,-0.14985001555173677
34.374986250000575,-0.11692937407091963
34.383319580000574,-0.08451021686713726
34.39165291000057,-0.053123894263668515
34.39998624000057,-0.023239998494341312
34.40831957000057,0.004746849249197011
34.41665290000057,0.03050487730282723
34.42498623000057,0.05376820186556467
34.43331956000057,0.07433421469756926
34.441652890000576,0.09205589901995109
34.449986220000575,0.10682978167092472
34.458319550000574,0.11858121516101079
34.466652880000574,0.12724939380111244
34.47498621000057,0.13277200328118718
34.48331954000057,0.13507020968404593
34.49165287000057,0.1340361927650556
34.49998620000058,0.12952396013508963
34.50831953000058,0.12134313984270875
34.516652860000576,0.1092563311131091
34.524986190000575,0.0929810920283148
34.533319520000575,0.07220360647448835
34.541652850000574,0.046634753497582164
34.54998618000057,0.01599495623326954
34.55831951000057,-0.01999546570202693
34.56665284000057,-0.06160348676457979
34.57498617000058,-0.109041612456822
34.58331950000058,-0.16242864738393373
34.59165283000058,-0.22182655913677427
34.599986160000576,-0.28723637471234575
34.608319490000575,-0.35858698084635454
34.616652820000574,-0.4357183865614486
34.624986150000574,-0.5183517724904325
34.63331948000058,-0.6061125412641645
34.64165281000058,-0.698529411296279
34.64998614000058,-0.7950098489229185
34.65831947000058,-0.8948077965016312
34.66665280000058,-0.9969312099522366
34.674986130000576,-1.1000541828124017
34.683319460000575,-1.2023011423907424
34.691652790000575,-1.300754144227865
34.699986120000574,-1.3907092638606522
34.70831945000058,-1.464495023007124
34.71665278000058,-1.5100984385022882
34.72498611000058,-1.511171363504154
34.73331944000058,-1.4519523928356748
34.74165277000058,-1.3272745597372373
34.74998610000058,-1.1474719691832103
34.758319430000576,-0.9310421003552112
34.76665276000058,-0.6951209581454548
34.77498609000058,-0.45224732533380746
34.78331942000058,-0.21081019662793998
34.79165275000058,0.023580087316022135
34.79998608000058,0.24705106179031944
34.80831941000058,0.45680674060882576
34.81665274000058,0.6510031208263917
34.82498607000058,0.8285158670484762
34.833319400000576,0.9883604480663374
34.84165273000058,1.1296537404647518
34.84998606000058,1.251619827821199
34.85831939000058,1.3535942040078308
34.86665272000058,1.4350280469665444
34.87498605000058,1.4954917368149783
34.88331938000058,1.534674375352334
34.89165271000058,1.5523867687397634
34.899986040000584,1.5485614039367757
34.908319370000584,1.5232523669256985
34.91665270000058,1.476634181899216
34.92498603000058,1.4089997651301849
34.93331936000058,1.3207836287184003
34.94165269000058,1.2128764847285567
34.94998602000058,1.08666799678008
34.95831935000058,0.9439689605957331
34.96665268000058,0.7871235750557434
34.974986010000585,0.6191582811688876
34.983319340000584,0.44395951652829774
34.99165267000058,0.2664152676987457
34.99998600000058,0.09242492276013455
35.00831933000058,-0.07144813884884296
35.01665266000058,-0.21879860857901054
35.02498599000058,-0.3447712060306583
35.03331932000059,-0.4472376424524754
35.041652650000586,-0.5271221163258931
35.049985980000585,-0.5876015661855832
35.058319310000584,-0.632698996409902
35.066652640000584,-0.6661382518247384
35.07498597000058,-0.690778746144148
35.08331930000058,-0.7085213696955228
35.09165263000058,-0.7205392818955548
35.09998596000058,-0.7274656433204295
35.10831929000059,-0.7296409427561159
35.116652620000586,-0.7273105668730189
35.124985950000585,-0.7207239878001246
35.133319280000585,-0.7101867340659932
35.141652610000584,-0.6960753437843944
35.14998594000058,-0.6788320798879798
35.15831927000058,-0.6589384165441369
35.16665260000059,-0.6368501478692786
35.17498593000059,-0.6129963178552439
35.18331926000059,-0.5877842024649743
35.19165259000059,-0.5615901014091143
35.199985920000586,-0.5347546047234659
35.208319250000585,-0.5075811186480522
35.216652580000584,-0.48033488851413053
35.22498591000058,-0.45324069317475957
35.23331924000058,-0.4264782319365079
35.24165257000059,-0.4001745747833158
35.24998590000059,-0.37439530589081027
35.25831923000059,-0.34913711108258255
35.26665256000059,-0.3243242301119321
35.274985890000586,-0.2998119448620256
35.283319220000585,-0.27539966360338797
35.291652550000585,-0.2508377103643542
35.29998588000059,-0.22582829637282234
35.30831921000059,-0.2001158750771787
35.31665254000059,-0.17355082180662815
35.32498587000059,-0.14613987125227024
35.33331920000059,-0.1180876366300478
35.34165253000059,-0.08983122654106965
35.34998586000059,-0.06205218246033047
35.358319190000586,-0.03562086260336437
35.366652520000585,-0.011507649738923174
35.37498585000059,0.009194097391385502
35.38331918000059,0.02538891212454645
35.39165251000059,0.03601714901786853
35.39998584000059,0.040088925428778226
35.40831917000059,0.036733016164817056
35.41665250000059,0.025187118735273697
35.42498583000059,0.004866553008851157
35.43331916000059,-0.024697363923741094
35.44165249000059,-0.06380018464711963
35.44998582000059,-0.1125748646150857
35.45831915000059,-0.1710198091558063
35.46665248000059,-0.23898601072733489
35.47498581000059,-0.31616548954069756
35.48331914000059,-0.4020673388829387
35.49165247000059,-0.4959895374165177
35.49998580000059,-0.5969849364301948
35.508319130000594,-0.7037801548946552
35.51665246000059,-0.8145583848115034
35.52498579000059,-0.9266548265447206
35.53331912000059,-1.0359791755083152
35.54165245000059,-1.136013144671507
35.54998578000059,-1.216419774555337
35.55831911000059,-1.2619365141319112
35.566652440000595,-1.2540753278016412
35.574985770000595,-1.1797204333711193
35.583319100000594,-1.0412795308516873
35.59165243000059,-0.8551664394542088
35.59998576000059,-0.6406394329305929
35.60831909000059,-0.4129805309526313
35.61665242000059,-0.18260845553884797
35.62498575000059,0.04363098282962934
35.63331908000059,0.261147030772097
35.641652410000596,0.46671879899497776
35.649985740000595,0.6579768462282612
35.658319070000594,0.8331066983962998
35.666652400000594,0.9907475045959341
35.67498573000059,1.129995583995132
35.68331906000059,1.2500992972351603
35.69165239000059,1.350415814604568
35.6999857200006,1.430416929248884
35.7083190500006,1.4896875902969502
35.716652380000596,1.5279283537784163
35.724985710000595,1.5449568142830916
35.733319040000595,1.5407068061496565
35.741652370000594,1.5152315600262263
35.74998570000059,1.4688186600635813
35.75831903000059,1.402057385055838
35.76665236000059,1.3157421472694577
35.7749856900006,1.2109114773673686
35.7833190200006,1.0888639797306587
35.7916523500006,0.951204532786404
35.799985680000596,0.7998940330116354
35.808319010000595,0.6372984661543407
35.816652340000594,0.46623550184378365
35.82498567000059,0.2899949839982046
35.8333190000006,0.1123121102720202
35.8416523300006,-0.06274842551377709
35.8499856600006,-0.23106311999407905
35.8583189900006,-0.38877576294740773
35.8666523200006,-0.5327783395258898
35.874985650000596,-0.6610090222219014
35.883318980000595,-0.7725756773434435
35.891652310000595,-0.8675990684144776
35.899985640000594,-0.9468448057127892
35.9083189700006,-1.0113415156529564
35.9166523000006,-1.0622117305672503
35.9249856300006,-1.100451380760166
35.9333189600006,-1.1270158708028581
35.9416522900006,-1.1428117314405926
35.9499856200006,-1.1486953170814045
35.958318950000596,-1.1455830142141814
35.9666522800006,-1.134415253753526
35.9749856100006,-1.1160816222922512
35.9833189400006,-1.0914865947643542
35.9916522700006,-1.0615335664766976
35.9999856000006,-1.0270422608293381
36.0083189300006,-0.9887728763854351
36.0166522600006,-0.9474602791370664
36.0249855900006,-0.9038061271765749
36.033318920000596,-0.858464197433373
36.0416522500006,-0.811994548498928
36.0499855800006,-0.764866330723895
36.0583189100006,-0.7174613137971992
36.0666522400006,-0.6700461585142443
36.0749855700006,-0.6227361691268258
36.0833189000006,-0.5754505273362635
36.0916522300006,-0.5278467033683693
36.099985560000604,-0.47937106172015886
36.108318890000604,-0.42926758689660266
36.1166522200006,-0.37656753226204037
36.1249855500006,-0.3202719435233446
36.1333188800006,-0.259428170969342
36.1416522100006,-0.19341866955739884
36.1499855400006,-0.12211016077749266
36.1583188700006,-0.04596418386200037
36.1666522000006,0.033936829760063736
36.174985530000605,0.1159235640648288
36.183318860000604,0.19787798396622527
36.1916521900006,0.2775171540601979
36.1999855200006,0.3525634635190867
36.2083188500006,0.4208579520877068
36.2166521800006,0.4804761019377094
36.2249855100006,0.5297560678327147
36.23331884000061,0.5673127457432796
36.241652170000606,0.5920244898274831
36.249985500000605,0.6030207971379684
36.258318830000604,0.5996531529321805
36.2666521600006,0.5814933645820402
36.2749854900006,0.548287168938491
36.2833188200006,0.49998831264909643
36.2916521500006,0.43673159579458654
36.2999854800006,0.35882590212846155
36.30831881000061,0.26676272559146497
36.316652140000606,0.1612304984259742
36.324985470000605,0.04317536063532307
36.333318800000605,-0.08614609999709627
36.341652130000604,-0.22506212451353444
36.3499854600006,-0.371281767231005
36.3583187900006,-0.5215396551982551
36.36665212000061,-0.6709948044338583
36.37498545000061,-0.8122617389920564
36.38331878000061,-0.9341368904284169
36.39165211000061,-1.0209412958645487
36.399985440000606,-1.0548779320784876
36.408318770000605,-1.0244164214926763
36.416652100000604,-0.932970892489535
36.4249854300006,-0.7960858336810303
36.4333187600006,-0.6312864883412701
36.44165209000061,-0.452460205550594
36.44998542000061,-0.2691297558673346
36.45831875000061,-0.08760140137452052
36.46665208000061,0.08786892078347545
36.474985410000606,0.25427921168331985
36.483318740000605,0.4094094437554597
36.491652070000605,0.5515379319171839
36.49998540000061,0.6793193668231104
36.50831873000061,0.7916569227157577
36.51665206000061,0.887673879815926
36.52498539000061,0.9666986521969798
36.53331872000061,1.0282263376597152
36.54165205000061,1.0719072208383196
36.54998538000061,1.0975400261748531
36.558318710000606,1.1050705569603332
36.566652040000605,1.094591260274346
36.57498537000061,1.066362283738572
36.58331870000061,1.0208090583658513
36.59165203000061,0.9585075204609125
36.59998536000061,0.8802043605282531
36.60831869000061,0.7868579194028847
36.61665202000061,0.679600076251061
36.62498535000061,0.5598033359951404
36.63331868000061,0.4290482199967473
36.64165201000061,0.2891801842749624
36.64998534000061,0.14227886170912912
36.65831867000061,-0.009323921882298455
36.66665200000061,-0.1630727766239685
36.67498533000061,-0.31623015366604895
36.68331866000061,-0.46598369164412656
36.69165199000061,-0.6095014723803366
36.69998532000061,-0.7441190126084819
36.708318650000614,-0.8674639452958304
36.71665198000061,-0.9775451249519221
36.72498531000061,-1.0727840852737358
36.73331864000061,-1.1521323259836795
36.74165197000061,-1.2150540307288746
36.74998530000061,-1.2614592128070627
36.75831863000061,-1.2916729811539358
36.766651960000615,-1.3063924612277673
36.774985290000615,-1.3065686070236253
36.783318620000614,-1.2934334357253288
36.79165195000061,-1.2684227362399607
36.79998528000061,-1.2330445166746093
36.80831861000061,-1.188898217392199
36.81665194000061,-1.1375369496710188
36.82498527000061,-1.0805186612149689
36.83331860000061,-1.0192714700777479
36.841651930000616,-0.955149052127503
36.849985260000615,-0.8893740817587785
36.858318590000614,-0.8230031625285044
36.86665192000061,-0.756973257590943
36.87498525000061,-0.6920729778539588
36.88331858000061,-0.6288880730156448
36.89165191000061,-0.5677414623502619
36.89998524000062,-0.5086446504513381
36.90831857000062,-0.45126775662187735
36.916651900000616,-0.3949004752130581
36.924985230000615,-0.3383373377210737
36.933318560000615,-0.27989883097612145
36.941651890000614,-0.21748341267726315
36.94998522000061,-0.14877297602550887
36.95831855000061,-0.07161349902695137
36.96665188000061,0.015491217263777196
36.97498521000062,0.11283552094931816
36.98331854000062,0.2193342991208386
36.99165187000062,0.3325792405269046
36.999985200000616,0.4492163859133816
37.008318530000615,0.5655059339901468
37.016651860000614,0.6777738826200337
37.02498519000061,0.7826949924284438
37.03331852000062,0.8774224238533668
37.04165185000062,0.959614447407991
37.04998518000062,1.0273930222702454
37.05831851000062,1.079288209902457
37.06665184000062,1.1141758223891025
37.074985170000616,1.131225804867142
37.083318500000615,1.1298711300599946
37.091651830000615,1.1097630288829041
37.099985160000614,1.0708568647438483
37.10831849000062,1.0133519482074902
37.11665182000062,0.9375592917510674
37.12498515000062,0.8438960544945263
37.13331848000062,0.7328810464028396
37.14165181000062,0.6051382262989082
37.14998514000062,0.46155469393043635
37.158318470000616,0.303414971380213
37.16665180000062,0.13236335125729293
37.17498513000062,-0.04946755770075823
37.18331846000062,-0.23923395323054336
37.19165179000062,-0.43301478727278964
37.19998512000062,-0.6252096836472901
37.20831845000062,-0.8076647469737152
37.21665178000062,-0.9687202134687609
37.22498511000062,-1.0932818340074348
37.233318440000616,-1.165864025285908
37.24165177000062,-1.1779950401717736
37.24998510000062,-1.1338436126822868
37.25831843000062,-1.0467505289909382
37.26665176000062,-0.9313899485971145
37.27498509000062,-0.7994800777954011
37.28331842000062,-0.6593099986877831
37.29165175000062,-0.516508853163763
37.299985080000624,-0.3750159204655985
37.30831841000062,-0.23769453660232256
37.31665174000062,-0.10674970642255253
37.32498507000062,0.016080910271272182
37.33331840000062,0.12936422729845712
37.34165173000062,0.23193796376140427
37.34998506000062,0.3228192929918143
37.35831839000062,0.40120182335250204
37.36665172000062,0.4664637813697399
37.374985050000625,0.5181287641499632
37.383318380000624,0.5558566748307839
37.39165171000062,0.5794400343495443
37.39998504000062,0.588805628152255
37.40831837000062,0.5840127212675209
37.41665170000062,0.5652528744636695
37.42498503000062,0.5328739503631438
37.43331836000063,0.48737851457504905
37.441651690000626,0.4294023062074021
37.449985020000625,0.35972321415511427
37.458318350000624,0.27931973825493706
37.46665168000062,0.1893145756891443
37.47498501000062,0.09101541382969917
37.48331834000062,-0.014072497744637133
37.49165167000062,-0.12426803251283215
37.49998500000062,-0.23769571601025175
37.50831833000063,-0.35228216513645894
37.516651660000626,-0.4658220437024938
37.524984990000625,-0.5759458560236109
37.533318320000625,-0.6801943435220417
37.541651650000624,-0.7761247231533736
37.54998498000062,-0.8613347074492357
37.55831831000062,-0.9336314078781869
37.56665164000063,-0.991090802340037
37.57498497000063,-1.0323033288629313
37.58331830000063,-1.0565156964745288
37.59165163000063,-1.0636743679125078
37.599984960000626,-1.054443186467699
37.608318290000625,-1.030190548200635
37.616651620000624,-0.9928133223801546
37.62498495000062,-0.9445444554004766
37.63331828000062,-0.88774211970884
37.64165161000063,-0.8247490828781906
37.64998494000063,-0.7577720630979616
37.65831827000063,-0.6888053837687643
37.66665160000063,-0.6196445325537309
37.674984930000626,-0.5518344020952175
37.683318260000625,-0.4866959827863777
37.691651590000625,-0.42527087481526393
37.69998492000063,-0.36838227343033086
37.70831825000063,-0.31660596512283823
37.71665158000063,-0.2702168447483645
37.72498491000063,-0.22913079406545214
37.73331824000063,-0.19286067061868623
37.74165157000063,-0.1603742931291556
37.74998490000063,-0.129974770053192
37.758318230000626,-0.09918631176421151
37.766651560000625,-0.06473125558687017
37.77498489000063,-0.02267251983672503
37.78331822000063,0.03108541317346394
37.79165155000063,0.0998800082955013
37.79998488000063,0.18518952175056827
37.80831821000063,0.2859287452029101
37.81665154000063,0.3986380480552495
37.82498487000063,0.5184185458019239
37.83331820000063,0.6399100202967687
37.84165153000063,0.7581342268374268
37.84998486000063,0.8688650345375853
37.85831819000063,0.9687045569733558
37.86665152000063,1.0550105841158808
37.87498485000063,1.1257712298032525
37.88331818000063,1.1794747502551508
37.89165151000063,1.2150090419163706
37.89998484000063,1.2315907944104867
37.90831817000063,1.2288180974676008
37.91665150000063,1.2066657279083344
37.92498483000063,1.1652404253827358
37.93331816000063,1.1047608695002364
37.94165149000063,1.0255554740407395
37.94998482000063,0.9280597415815172
37.95831815000063,0.8128171044395469
37.966651480000635,0.6804725715682464
37.974984810000635,0.531769380929838
37.983318140000634,0.36759352573000426
37.99165147000063,0.18932404602569405
37.99998480000063,-0.0011986829014568358
38.00831813000063,-0.20164175323014732
38.01665146000063,-0.40897436570442713
38.02498479000063,-0.6191407323828532
38.03331812000063,-0.8265499023299092
38.041651450000636,-1.0233995116257826
38.049984780000635,-1.1990436763155916
38.058318110000634,-1.3402588786717977
38.06665144000063,-1.4337499904475755
38.07498477000063,-1.471709691203309
38.08331810000063,-1.4559909079244397
38.09165143000063,-1.3963206226436893
38.09998476000064,-1.3048108406567869
38.10831809000064,-1.19194154167727
38.116651420000636,-1.0655156809221187
38.124984750000635,-0.9311447738624283
38.133318080000635,-0.7929227709478307
38.141651410000634,-0.6539413755727053
38.14998474000063,-0.5166713875079605
38.15831807000063,-0.38313629438787433
38.16665140000063,-0.2550586385622545
38.17498473000064,-0.13389435592381835
38.18331806000064,-0.02092377967121138
38.19165139000064,0.08277287562854813
38.199984720000636,0.17628342398078353
38.208318050000635,0.2588345596868884
38.216651380000634,0.3297879310881881
38.22498471000063,0.38863548789154145
38.23331804000064,0.43500476164222807
38.24165137000064,0.4686581509793047
38.24998470000064,0.48949073459925074
38.25831803000064,0.4975276418885648
38.26665136000064,0.49292190322837054
38.274984690000636,0.475952259995998
38.283318020000635,0.44702528577249667
38.291651350000635,0.4067192573688402
38.299984680000634,0.3557725013380403
38.30831801000064,0.29504882687964196
38.31665134000064,0.22560685414302106
38.32498467000064,0.14868714531372157
38.33331800000064,0.06573622993137994
38.34165133000064,-0.02158960985300342
38.349984660000636,-0.11138004237021006
38.358317990000636,-0.20146367899245296
38.36665132000064,-0.289407129251728
38.37498465000064,-0.3725130722456851
38.38331798000064,-0.4478695724222349
38.39165131000064,-0.5125367756970853
38.39998464000064,-0.5637878797932592
38.40831797000064,-0.5994269879129072
38.41665130000064,-0.6181618072670748
38.42498463000064,-0.6199102712260244
38.433317960000636,-0.6058541516832316
38.44165129000064,-0.5781887294709724
38.44998462000064,-0.5397609145219224
38.45831795000064,-0.4936597444133125
38.46665128000064,-0.44292962393238255
38.47498461000064,-0.3903552178392435
38.48331794000064,-0.33834120552418817
38.49165127000064,-0.28889465692997196
38.499984600000644,-0.24366624919170676
38.50831793000064,-0.20396744113438645
38.51665126000064,-0.17080779134720672
38.52498459000064,-0.14488423358105224
38.53331792000064,-0.12663618181335948
38.54165125000064,-0.11621404093747775
38.54998458000064,-0.11343863646773024
38.55831791000064,-0.11775519998390155
38.56665124000064,-0.12808526565216552
38.574984570000645,-0.14268732165198048
38.583317900000644,-0.15894050965158457
38.59165123000064,-0.17316354374536339
38.59998456000064,-0.1804912715104232
38.60831789000064,-0.17510291915794965
38.61665122000064,-0.15118866110413445
38.62498455000064,-0.10451998071383121
38.63331788000065,-0.034097614733449945
38.641651210000646,0.0572805736966999
38.649984540000645,0.16391709081358885
38.658317870000644,0.2789659198216998
38.66665120000064,0.3959278269589244
38.67498453000064,0.5093541495545856
38.68331786000064,0.6149841517981006
38.69165119000064,0.7096001291066075
38.69998452000064,0.7908150272297267
38.70831785000065,0.8568680503479444
38.716651180000646,0.9064712249357977
38.724984510000645,0.9387267421296458
38.733317840000645,0.9532524681559013
38.741651170000644,0.9499537306076357
38.74998450000064,0.9288398480433719
38.75831783000064,0.8900232660174616
38.76665116000065,0.8337191483805426
38.77498449000065,0.7602421825387056
38.78331782000065,0.6700045011866584
38.79165115000065,0.5635161988433345
38.799984480000646,0.441378570634275
38.808317810000645,0.30428204864478253
38.816651140000644,0.15308978278187022
38.82498447000064,-0.010806264694069404
38.83331780000064,-0.18558942325652283
38.84165113000065,-0.36897838607186056
38.84998446000065,-0.5580515693548929
38.85831779000065,-0.7489827069992802
38.86665112000065,-0.9366553760764645
38.874984450000646,-1.1142042164292514
38.883317780000645,-1.2726534300953216
38.891651110000645,-1.4012063384701936
38.89998444000065,-1.4889506254451996
38.90831777000065,-1.5284898534600961
38.91665110000065,-1.5191660197545105
38.92498443000065,-1.4668052529707398
38.93331776000065,-1.3804495398314889
38.94165109000065,-1.2690549274686937
38.949984420000646,-1.1399679539460408
38.958317750000646,-0.9988429633013457
38.966651080000645,-0.8500671109374286
38.97498441000065,-0.6971283101744469
38.98331774000065,-0.542893906850608
38.99165107000065,-0.38981827608048225
38.99998440000065,-0.24003852915437937
39.00831773000065,-0.09541149603168844
39.01665106000065,0.042392129064978475
39.02498439000065,0.17193731723223135
39.03331772000065,0.2919452212205213
39.04165105000065,0.4012892730757772
39.04998438000065,0.4990256213523178
39.05831771000065,0.5843619306028486
39.06665104000065,0.6566443852391854
39.07498437000065,0.7153532688876391
39.08331770000065,0.7601010705895531
39.09165103000065,0.7906383230975674
39.09998436000065,0.8068536721074026
39.10831769000065,0.8087737520235571
39.11665102000065,0.7965643919595402
39.12498435000065,0.7705326846627945
39.13331768000065,0.731151095660864
39.14165101000065,0.6790922601750627
39.14998434000065,0.615192914519895
39.15831767000065,0.5405064680480128
39.166651000000655,0.45636725190270727
39.174984330000655,0.3643844682591128
39.183317660000654,0.2665407747406251
39.19165099000065,0.16524832097531242
39.19998432000065,0.06339583678344186
39.20831765000065,-0.03560840703413294
39.21665098000065,-0.1279550908258861
39.22498431000065,-0.20963330620429446
39.23331764000065,-0.27694197719336716
39.241650970000656,-0.32718790712896223
39.249984300000655,-0.35922009569587715
39.258317630000654,-0.3737914102220296
39.26665096000065,-0.373268246483022
39.27498429000065,-0.36106614866437137
39.28331762000065,-0.3409783986590231
39.29165095000065,-0.31665817593704493
39.29998428000066,-0.2912826000407924
39.30831761000066,-0.2674645452108507
39.316650940000656,-0.24728139693391402
39.324984270000655,-0.23233435842838998
39.333317600000655,-0.22381397708088258
39.341650930000654,-0.22255998891190193
39.34998426000065,-0.22911913623175645
39.35831759000065,-0.2437332242865107
39.36665092000065,-0.26638598780065487
39.37498425000066,-0.29678453000783434
39.38331758000066,-0.33429736831371637
39.391650910000656,-0.3778414238667371
39.399984240000656,-0.4257862859597446
39.408317570000655,-0.47573432450767844
39.416650900000654,-0.5242437034897539
39.42498423000065,-0.5665414957499378
39.43331756000066,-0.5964617055192276
39.44165089000066,-0.6068161286694894
39.44998422000066,-0.5907984003234598
39.45831755000066,-0.5443691266889465
39.46665088000066,-0.46806848993422223
39.474984210000656,-0.3669890346155262
39.483317540000655,-0.2487456527415575
39.491650870000655,-0.12119910460664535
39.499984200000654,0.00883242972031629
39.50831753000066,0.13598725783930518
39.51665086000066,0.25622869127229464
39.52498419000066,0.36656167670097256
39.53331752000066,0.4647654927905657
39.54165085000066,0.5491866550662933
39.549984180000656,0.6185941407914057
39.558317510000656,0.672157248011282
39.56665084000066,0.709518248847388
39.57498417000066,0.7304676354657006
39.58331750000066,0.7348885369651312
39.59165083000066,0.7227580327560813
39.59998416000066,0.6941473617427942
39.60831749000066,0.6492219266922792
39.61665082000066,0.5882401465581718
39.62498415000066,0.5115488320196746
39.633317480000656,0.4195843898908654
39.64165081000066,0.31295502779721784
39.64998414000066,0.19271158439177685
39.65831747000066,0.06022441685915917
39.66665080000066,-0.08279915487207107
39.67498413000066,-0.23421728665278255
39.68331746000066,-0.39132290908881995
39.69165079000066,-0.5506554869880578
39.699984120000664,-0.7077700037231877
39.70831745000066,-0.8570126416085743
39.71665078000066,-0.9913952145541325
39.72498411000066,-1.1029396314749305
39.73331744000066,-1.1837250122421143
39.74165077000066,-1.2276437473046238
39.74998410000066,-1.2322644380639811
39.75831743000066,-1.1993005075281202
39.76665076000066,-1.133505096127382
39.774984090000665,-1.0408234209494212
39.783317420000664,-0.927067064857897
39.79165075000066,-0.7974077368865476
39.79998408000066,-0.6563579721634735
39.80831741000066,-0.5078154357069342
39.81665074000066,-0.3552086837791523
39.82498407000066,-0.20160206105809633
39.83331740000067,-0.04970423152923085
39.841650730000666,0.09806851418756181
39.849984060000665,0.23957678179587752
39.858317390000664,0.3729506821920162
39.86665072000066,0.49654664662011105
39.87498405000066,0.6089613476706794
39.88331738000066,0.7089660321679572
39.89165071000066,0.7955564891044931
39.89998404000066,0.8678957410397237
39.90831737000067,0.9253038276042205
39.916650700000666,0.9672601146468237
39.924984030000665,0.9934096765170362
39.933317360000665,1.0035592070179138
39.941650690000664,0.9976669078275975
39.94998402000066,0.975848743321029
39.95831735000066,0.9384042296313149
39.96665068000067,0.8858158539441239
39.97498401000067,0.8187522906203895
39.98331734000067,0.7381022538982027
39.991650670000666,0.6450535171291767
39.999984000000666,0.5410967014535631
40.008317330000665,0.42814531200677847
40.016650660000664,0.30860355865431194
40.02498399000066,0.18548491685767446
40.03331732000066,0.062481505767531
40.04165065000067,-0.056030668422783605
40.04998398000067,-0.1652143307971346
40.05831731000067,-0.2602723593388065
40.06665064000067,-0.3373604619758718
40.074983970000666,-0.39447014122725826
40.083317300000665,-0.4319564994071005
40.091650630000665,-0.4523667374746333
40.09998396000067,-0.45958958355688223
40.10831729000067,-0.4579249634012094
40.11665062000067,-0.45141877537845554
40.12498395000067,-0.44350105761057546
40.13331728000067,-0.4368799311360189
40.14165061000067,-0.433610619454575
40.149983940000666,-0.4352019415910374
40.158317270000666,-0.4427112265510553
40.166650600000665,-0.45683324536180986
40.17498393000067,-0.47794117676168635
40.18331726000067,-0.5061544811930144
40.19165059000067,-0.5413279098402392
40.19998392000067,-0.5830383123403269
40.20831725000067,-0.6305696370040997
40.21665058000067,-0.6828086356125797
40.22498391000067,-0.7381312599644135
40.23331724000067,-0.7942146984327055
40.24165057000067,-0.8477964946016905
40.24998390000067,-0.8943631513485168
40.25831723000067,-0.9279056982648822
40.26665056000067,-0.9411476661413055
40.27498389000067,-0.9266841395682334
40.28331722000067,-0.8791304593831581
40.29165055000067,-0.7974718370778073
40.29998388000067,-0.6857393538094174
40.30831721000067,-0.5513653093712003
40.31665054000067,-0.4027344400976003
40.32498387000067,-0.24736067639256737
40.33331720000067,-0.09131219593436363
40.34165053000067,0.06078038674047515
40.34998386000067,0.20543033596793986
40.35831719000067,0.34000505751092697
40.366650520000675,0.462497732999718
40.374983850000675,0.5713630444539469
40.383317180000674,0.6654001391775174
40.39165051000067,0.7436888918961987
40.39998384000067,0.8055394336897953
40.40831717000067,0.8505577758917352
40.41665050000067,0.8785007304062988
40.42498383000067,0.889221438173543
40.43331716000067,0.8826690357564835
40.441650490000676,0.8588898019769644
40.449983820000675,0.8180960944321989
40.458317150000674,0.7607657505474569
40.46665048000067,0.6875531540321622
40.47498381000067,0.599312426681798
40.48331714000067,0.49713790682867626
40.49165047000067,0.3823809571817841
40.49998380000068,0.25670814055063157
40.50831713000068,0.12215882168943024
40.516650460000676,-0.01877311217917728
40.524983790000675,-0.16306337176818866
40.533317120000675,-0.3070674311818826
40.541650450000674,-0.44648738225247164
40.54998378000067,-0.5764041477020188
40.55831711000067,-0.6915203362125338
40.56665044000067,-0.7865148153059129
40.57498377000068,-0.8567019360055816
40.58331710000068,-0.8987148912992005
40.591650430000676,-0.9108381262530533
40.599983760000676,-0.8931396889331134
40.608317090000675,-0.8472574595636426
40.616650420000674,-0.7760538764670176
40.62498375000067,-0.6833032293746818
40.63331708000068,-0.5733637691666564
40.64165041000068,-0.4507597068986174
40.64998374000068,-0.3198780940740676
40.65831707000068,-0.18481823020731758
40.66665040000068,-0.04922928732184244
40.674983730000676,0.08371094368432044
40.683317060000675,0.21128627436273567
40.691650390000675,0.3312047234384806
40.699983720000674,0.4415415614842192
40.70831705000068,0.5406955164896261
40.71665038000068,0.6273542393142597
40.72498371000068,0.7004403147137465
40.73331704000068,0.7591011419174112
40.74165037000068,0.8026918311436945
40.749983700000676,0.8307371264181677
40.758317030000676,0.8429312933427001
40.76665036000068,0.8391406285677422
40.77498369000068,0.8194072156337237
40.78331702000068,0.7839546474358724
40.79165035000068,0.7331950040104038
40.79998368000068,0.6677367099111916
40.80831701000068,0.5884226747737533
40.81665034000068,0.49639521604413056
40.82498367000068,0.39313225904875815
40.833317000000676,0.28054944634052786
40.84165033000068,0.1611080934444538
40.84998366000068,0.037935556167783505
40.85831699000068,-0.08505308048425649
40.86665032000068,-0.20317781853008351
40.87498365000068,-0.31118448334499527
40.88331698000068,-0.40390594703351435
40.89165031000068,-0.4772451670310818
40.899983640000684,-0.5292524240297859
40.90831697000068,-0.5606486627775951
40.91665030000068,-0.5745144924542169
40.92498363000068,-0.5752286349655416
40.93331696000068,-0.5674079618937603
40.94165029000068,-0.5552074959529657
40.94998362000068,-0.542050998866735
40.95831695000068,-0.530583334113514
40.96665028000068,-0.5227595565070539
40.974983610000685,-0.5199745544848355
40.983316940000684,-0.5231874422908825
40.99165027000068,-0.5329830722572402
40.99998360000068,-0.549674639181095
41.00831693000068,-0.5733040994823091
41.01665026000068,-0.6036365309067647
41.02498359000068,-0.6401579104263836
41.033316920000686,-0.6820705079017766
41.041650250000686,-0.728186757421227
41.049983580000685,-0.7768236234617233
41.058316910000684,-0.8256351574898437
41.06665024000068,-0.8713862590413095
41.07498357000068,-0.9096879173109104
41.08331690000068,-0.9348124849650989
41.09165023000068,-0.9399412490827999
41.09998356000068,-0.9181616480257033
41.10831689000069,-0.8643509561915744
41.116650220000686,-0.7772467341170202
41.124983550000685,-0.6601126314902841
41.133316880000685,-0.5195449684610774
41.141650210000684,-0.3633391727838351
41.14998354000068,-0.19872988217576143
41.15831687000068,-0.031749471682878366
41.16665020000069,0.1328787706563152
41.17498353000069,0.29151459946569735
41.18331686000069,0.4413479661365518
41.191650190000686,0.580193101585498
41.199983520000686,0.7063305192934108
41.208316850000685,0.8183824574890541
41.216650180000684,0.9152709296008016
41.22498351000068,0.9961472839458129
41.23331684000068,1.0603462597838944
41.24165017000069,1.1073829716409433
41.24998350000069,1.1369460337245618
41.25831683000069,1.1488862188779714
41.26665016000069,1.1432128256907164
41.274983490000686,1.120092671912799
41.283316820000685,1.0798476439129292
41.291650150000685,1.0229541228535979
41.29998348000069,0.9500464113541419
41.30831681000069,0.8619583413248372
41.31665014000069,0.7597128926156138
41.32498347000069,0.6445335356827786
41.33331680000069,0.5178873354026428
41.34165013000069,0.38148775712330796
41.349983460000686,0.23732391545959874
41.358316790000686,0.08770464487661296
41.366650120000685,-0.0647399163870767
41.37498345000069,-0.21700781131009814
41.38331678000069,-0.3657266306808749
41.39165011000069,-0.5070954825731809
41.39998344000069,-0.6369286588911808
41.40831677000069,-0.7506315210706981
41.41665010000069,-0.8432832929854912
41.42498343000069,-0.9100415298514195
41.43331676000069,-0.9467475017410835
41.44165009000069,-0.9508638242092304
41.44998342000069,-0.9223869562573955
41.45831675000069,-0.8641301965258861
41.46665008000069,-0.7811090869936334
41.47498341000069,-0.6794420591521623
41.48331674000069,-0.5653117833064517
41.49165007000069,-0.4442311310396389
41.49998340000069,-0.32085585248790416
41.50831673000069,-0.19897512299576273
41.51665006000069,-0.0816223278822495
41.52498339000069,0.028774505757730634
41.53331672000069,0.1302783743831883
41.54165005000069,0.2213382794722338
41.54998338000069,0.3007204700286854
41.55831671000069,0.36745144726876733
41.566650040000695,0.42076857933158
41.574983370000695,0.4601338636297585
41.583316700000694,0.4851831245890455
41.59165003000069,0.49572240021749714
41.59998336000069,0.4917305673894105
41.60831669000069,0.47336314591927614
41.61665002000069,0.44095863822977993
41.62498335000069,0.39509013354323613
41.63331668000069,0.33658372599303354
41.641650010000696,0.2665732774393719
41.649983340000695,0.18656642521796055
41.658316670000694,0.09855825289221765
41.66665000000069,0.00513813497861767
41.67498333000069,-0.0903761480319652
41.68331666000069,-0.18387804503547922
41.69164999000069,-0.27054930663806154
41.6999833200007,-0.34523791607248655
41.7083166500007,-0.40333044881008434
41.716649980000696,-0.4417616781721085
41.724983310000695,-0.45994544495748585
41.733316640000695,-0.4599107382989581
41.741649970000694,-0.44552664560356625
41.74998330000069,-0.4214128958932618
41.75831663000069,-0.3920641173153663
41.76664996000069,-0.3613458111903972
41.7749832900007,-0.33232331926004915
41.7833166200007,-0.3073179451087452
41.791649950000696,-0.2880337058142149
41.799983280000696,-0.2756835342477336
41.808316610000695,-0.27105601435007876
41.816649940000694,-0.27462989811720223
41.82498327000069,-0.286609897724607
41.8333166000007,-0.30692770528132735
41.8416499300007,-0.33524701808018237
41.8499832600007,-0.3709715292695389
41.8583165900007,-0.4132281578725943
41.8666499200007,-0.4607655285070107
41.874983250000696,-0.5118913402496836
41.883316580000695,-0.5643257999298235
41.891649910000694,-0.6150396656791914
41.899983240000694,-0.6601193902767455
41.9083165700007,-0.6946848691404938
41.9166499000007,-0.7130428870399158
41.9249832300007,-0.7093466304884954
41.9333165600007,-0.6789117283500186
41.9416498900007,-0.6196068955279693
41.949983220000696,-0.5326666604566882
41.958316550000696,-0.422290275490723
41.9666498800007,-0.2943004228038865
41.9749832100007,-0.1547343898012173
41.9833165400007,-0.00909475471788932
41.9916498700007,0.13800927561372386
41.9999832000007,0.28282871358933714
42.0083165300007,0.42235327687478186
42.0166498600007,0.5541414909036064
42.0249831900007,0.6762221392770881
42.033316520000696,0.7869611050656794
42.0416498500007,0.8850331389580905
42.0499831800007,0.9693212226680427
42.0583165100007,1.0389475913630175
42.0666498400007,1.0932117704650883
42.0749831700007,1.1315631198096638
42.0833165000007,1.1536024160567826
42.0916498300007,1.1590833347941998
42.099983160000704,1.147914713903941
42.1083164900007,1.120145265429756
42.1166498200007,1.075960228139728
42.1249831500007,1.0156872699754258
42.1333164800007,0.9398108775204298
42.1416498100007,0.8489609887684313
42.1499831400007,0.7439155627257299
42.1583164700007,0.6256043229617086
42.1666498000007,0.49511932702938105
42.174983130000705,0.35377695443918794
42.183316460000704,0.20307151334452503
42.1916497900007,0.04475849739486218
42.1999831200007,-0.11913589529349874
42.2083164500007,-0.28621149618858843
42.2166497800007,-0.4536231628940879
42.2249831100007,-0.61790378478915
42.233316440000706,-0.7747695764085746
42.241649770000706,-0.9188591184139014
42.249983100000705,-1.043552192702154
42.258316430000704,-1.1412337385249092
42.2666497600007,-1.204251820012391
42.2749830900007,-1.2270333111369591
42.2833164200007,-1.2084180129088784
42.2916497500007,-1.1524164106356436
42.2999830800007,-1.0665706837797433
42.30831641000071,-0.9594409270156233
42.316649740000706,-0.8388441983199845
42.324983070000705,-0.7112011109812804
42.333316400000705,-0.5814704258729143
42.341649730000704,-0.4534435954824386
42.3499830600007,-0.33002071715019377
42.3583163900007,-0.2134421162631414
42.36664972000071,-0.1054707258754892
42.37498305000071,-0.00748559918323431
42.38331638000071,0.07940199585297836
42.391649710000706,0.15434375067525025
42.399983040000706,0.2166969775548096
42.408316370000705,0.26599838182345636
42.416649700000704,0.30196552379889974
42.4249830300007,0.3245008419750314
42.4333163600007,0.3336915799297019
42.44164969000071,0.3298233768246017
42.44998302000071,0.31344541023095285
42.45831635000071,0.2853720965220233
42.46664968000071,0.24676649330850953
42.474983010000706,0.19921477648052005
42.483316340000705,0.14483630315514026
42.491649670000704,0.08637073956550052
42.49998300000071,0.02727206211598859
42.50831633000071,-0.02834300538796256
42.51664966000071,-0.07596976486254958
42.52498299000071,-0.11126883098029142
42.53331632000071,-0.1310248318898739
42.54164965000071,-0.1339590496732783
42.549982980000706,-0.12109286052837168
42.558316310000706,-0.09537488690185704
42.566649640000705,-0.06089408786322303
42.57498297000071,-0.021930205259829045
42.58331630000071,0.0176494627709857
42.59164963000071,0.054613395975377343
42.59998296000071,0.08643774171514643
42.60831629000071,0.11123901771997173
42.61664962000071,0.12765954460818968
42.62498295000071,0.13475253054856243
42.63331628000071,0.13195411849198543
42.64164961000071,0.11898636288294462
42.64998294000071,0.09582788726407769
42.65831627000071,0.06270492699856678
42.66664960000071,0.020080869173503844
42.67498293000071,-0.031345950598889026
42.68331626000071,-0.09057563921627264
42.69164959000071,-0.15631003271746874
42.69998292000071,-0.2268553175809855
42.70831625000071,-0.3000728688909084
42.71664958000071,-0.3733035760397332
42.72498291000071,-0.4432740284234895
42.73331624000071,-0.5060991357655565
42.74164957000071,-0.557430574866964
42.74998290000071,-0.5927578610030708
42.75831623000071,-0.6079949339062227
42.766649560000715,-0.6002717677992382
42.774982890000715,-0.5685414347961039
42.783316220000714,-0.5138305969579907
42.79164955000071,-0.438821596510033
42.79998288000071,-0.3472240644122126
42.80831621000071,-0.2430870592306557
42.81664954000071,-0.13038905115160687
42.82498287000071,-0.012823962972674933
42.83331620000071,0.10633129722734301
42.841649530000716,0.22417644036360942
42.849982860000715,0.33817951342608477
42.858316190000714,0.4461424576910762
42.86664952000071,0.5461402952297394
42.87498285000071,0.6365380718308189
42.88331618000071,0.7159178797355258
42.89164951000071,0.7830967494750432
42.89998284000072,0.8370757861982561
42.90831617000072,0.8770637368088421
42.916649500000716,0.9024208963064272
42.924982830000715,0.9126694657582535
42.933316160000714,0.9075123516685919
42.941649490000714,0.8867948425100477
42.94998282000071,0.850500843620497
42.95831615000071,0.7987555097616005
42.96664948000071,0.7318283509920145
42.97498281000072,0.6501365807274286
42.98331614000072,0.5542494477308999
42.991649470000716,0.44488632274880113
42.999982800000716,0.3229226631085721
43.008316130000715,0.18943932250655984
43.016649460000714,0.04573834257740771
43.02498279000071,-0.10664191021498726
43.03331612000072,-0.2658265450853141
43.04164945000072,-0.4295169990853287
43.04998278000072,-0.594833291644629
43.05831611000072,-0.75804676303952
43.06664944000072,-0.9142546400342186
43.074982770000716,-1.056909150395257
43.083316100000715,-1.1775959674133512
43.091649430000714,-1.266393923716356
43.099982760000714,-1.313782806883149
43.10831609000072,-1.3142308666737015
43.11664942000072,-1.269151776764647
43.12498275000072,-1.1861954569775746
43.13331608000072,-1.0756624549156297
43.14164941000072,-0.9473118479248365
43.149982740000716,-0.8090479635795284
43.158316070000716,-0.6668410415805186
43.16664940000072,-0.5250803441469649
43.17498273000072,-0.387036097879334
43.18331606000072,-0.2551773827441073
43.19164939000072,-0.13141451166238466
43.19998272000072,-0.017239513323564173
43.20831605000072,0.08616317777514937
43.21664938000072,0.17786214616014642
43.22498271000072,0.2571684241307661
43.233316040000716,0.32358253015128646
43.24164937000072,0.37679003736720873
43.24998270000072,0.41666424439202726
43.25831603000072,0.4433002707788222
43.26664936000072,0.45702979847223124
43.27498269000072,0.4584321306396689
43.28331602000072,0.4484110525415852
43.29164935000072,0.4282412380385062
43.299982680000724,0.3996392395794317
43.30831601000072,0.36485725030648075
43.31664934000072,0.3267199719307693
43.32498267000072,0.288596673658056
43.33331600000072,0.25424640450949737
43.34164933000072,0.2273651268190614
43.34998266000072,0.21098287387459164
43.35831599000072,0.2068291353004681
43.36664932000072,0.21483708541517654
43.374982650000725,0.23319649205485823
43.383315980000724,0.25891670149431695
43.39164931000072,0.28847937154745745
43.39998264000072,0.31839343435904055
43.40831597000072,0.3455969916547961
43.41664930000072,0.36759292790837655
43.42498263000072,0.3824333517213885
43.433315960000726,0.3886867064151862
43.441649290000726,0.38535684255177854
43.449982620000725,0.3718164315140421
43.458315950000724,0.3477154901008565
43.46664928000072,0.31298901763617143
43.47498261000072,0.26780885647825997
43.48331594000072,0.21255661323629915
43.49164927000072,0.1478508261844118
43.49998260000072,0.07453344067791923
43.50831593000073,-0.0063579401055125035
43.516649260000726,-0.09352494351483706
43.524982590000725,-0.18540443563211603
43.533315920000724,-0.2801204657953202
43.541649250000724,-0.37550004530400144
43.54998258000072,-0.4690256753006233
43.55831591000072,-0.5578440270354807
43.56664924000073,-0.6388533925107679
43.57498257000073,-0.7087895725017165
43.58331590000073,-0.7643861292198767
43.591649230000726,-0.802619850074244
43.599982560000726,-0.8210103144710488
43.608315890000725,-0.8178854559449267
43.616649220000724,-0.7925478404821542
43.62498255000072,-0.7454207925177112
43.63331588000072,-0.6780447634433774
43.64164921000073,-0.5928911071840713
43.64998254000073,-0.49315420372865015
43.65831587000073,-0.3824047179830434
43.66664920000073,-0.2643183013779873
43.674982530000726,-0.14248850179783684
43.683315860000725,-0.020222367910570988
43.691649190000724,0.099520515452238
43.69998252000073,0.21415243571099293
43.70831585000073,0.32145991559932036
43.71664918000073,0.4195573413627914
43.72498251000073,0.5068670252519702
43.73331584000073,0.5820870114342186
43.74164917000073,0.6441380172751151
43.749982500000726,0.692179799847302
43.758315830000726,0.7255389955139242
43.766649160000725,0.7437219258014716
43.77498249000073,0.7464188567314087
43.78331582000073,0.7334666954198626
43.79164915000073,0.7048481471435715
43.79998248000073,0.6606938408788723
43.80831581000073,0.6012853049430958
43.81664914000073,0.5270585292270309
43.82498247000073,0.4386046755343782
43.83331580000073,0.3366815371121689
43.84164913000073,0.22227659984059597
43.84998246000073,0.09659263119742534
43.85831579000073,-0.03886342371389029
43.86664912000073,-0.18220647916235577
43.87498245000073,-0.33101610864250713
43.88331578000073,-0.4821192339194317
43.89164911000073,-0.6312409684138668
43.89998244000073,-0.7725510278182532
43.90831577000073,-0.898174438504012
43.91664910000073,-0.9981655763672138
43.92498243000073,-1.0617331900154807
43.93331576000073,-1.0804447200077432
43.94164909000073,-1.0523285501779522
43.94998242000073,-0.9830496945236473
43.95831575000073,-0.8827735851478185
43.966649080000735,-0.7621124429543948
43.974982410000734,-0.6299823870028939
43.983315740000734,-0.4931018714293012
43.99164907000073,-0.3563549488409386
43.99998240000073,-0.22328678496999163
44.00831573000073,-0.09651084460723913
44.01664906000073,0.022005000875706504
44.02498239000073,0.13075472984954087
44.03331572000073,0.22858731687711029
44.041649050000736,0.3146384461300714
44.049982380000735,0.3882702379537821
44.058315710000734,0.4490610715347433
44.06664904000073,0.4968034317205035
44.07498237000073,0.5314958345988141
44.08331570000073,0.5533519910937583
44.09164903000073,0.5628605720711845
44.09998236000074,0.5607705546002819
44.10831569000074,0.5481688392754451
44.116649020000736,0.5265036853978351
44.124982350000735,0.4976331342880143
44.133315680000734,0.46386478547640897
44.141649010000734,0.4279029314849705
44.14998234000073,0.39272470579014007
44.15831567000073,0.3613480987464125
44.16664900000073,0.3363909158798755
44.17498233000074,0.31963705693403066
44.18331566000074,0.31167129458276566
44.191648990000736,0.31182064311274427
44.199982320000736,0.318313863787743
44.208315650000735,0.3287275993975292
44.216648980000734,0.3403778475088575
44.22498231000073,0.35071109218853685
44.23331564000074,0.35751180421612455
44.24164897000074,0.3589683448146897
44.24998230000074,0.35366873626026113
44.25831563000074,0.3405953055950048
44.26664896000074,0.31904541489948096
44.274982290000736,0.2886094007787638
44.283315620000735,0.2491461387251165
44.291648950000734,0.20071643224192062
44.299982280000734,0.1435690872752888
44.30831561000074,0.07812871383958739
44.31664894000074,0.004976904206794274
44.32498227000074,-0.07516135383617183
44.33331560000074,-0.16137519327918565
44.34164893000074,-0.25256893084671944
44.349982260000736,-0.34752085484937323
44.358315590000736,-0.4448268856631354
44.36664892000074,-0.5428989679189113
44.37498225000074,-0.6399633499532191
44.38331558000074,-0.7340653971093969
44.39164891000074,-0.8230584919965298
44.39998224000074,-0.9045987734681598
44.40831557000074,-0.9761098755561625
44.41664890000074,-1.0348076920487719
44.42498223000074,-1.0777428318952806
44.433315560000736,-1.1018427235951713
44.44164889000074,-1.1041032053892
44.44998222000074,-1.0819585828822358
44.45831555000074,-1.033887293440043
44.46664888000074,-0.9598999527870509
44.47498221000074,-0.8617755348022166
44.48331554000074,-0.7429716065809872
44.49164887000074,-0.6080570964664773
44.499982200000744,-0.46201917593230424
44.50831553000074,-0.3096595740285523
44.51664886000074,-0.15533385073166248
44.52498219000074,-0.0027855909704621704
44.53331552000074,0.14482403557774504
44.54164885000074,0.28487131866512466
44.54998218000074,0.41518213075046156
44.55831551000074,0.5339701188634014
44.56664884000074,0.6397566305540792
44.574982170000744,0.7313442753006626
44.583315500000744,0.8077537383113681
44.59164883000074,0.8682294176820065
44.59998216000074,0.9121791043602612
44.60831549000074,0.9392019978735495
44.61664882000074,0.9491298825808413
44.62498215000074,0.9419115345374576
44.633315480000746,0.9175914204320517
44.641648810000746,0.8763102891802728
44.649982140000745,0.8183362405069571
44.658315470000744,0.7441886621612553
44.66664880000074,0.6545904349747567
44.67498213000074,0.5504731722342792
44.68331546000074,0.43305321534668734
44.69164879000074,0.3038813820513282
44.69998212000074,0.16496809110465588
44.70831545000075,0.018972946629773325
44.716648780000746,-0.13052634601397414
44.724982110000745,-0.2786373630452703
44.733315440000744,-0.4186709950449588
44.741648770000744,-0.5418706373467096
44.74998210000074,-0.6378278963793572
44.75831543000074,-0.6967388156766986
44.76664876000075,-0.7130320048883666
44.77498209000075,-0.6882127608122703
44.78331542000075,-0.6298859693884367
44.791648750000746,-0.5480810929538336
44.799982080000746,-0.45218327805216474
44.808315410000745,-0.3495504522057037
44.816648740000744,-0.24558434469540436
44.82498207000074,-0.14412306387551313
44.83331540000074,-0.04790801910487998
44.84164873000075,0.04108594077358351
44.84998206000075,0.1214189821413251
44.85831539000075,0.19206726128229218
44.86664872000075,0.2522979193712828
44.874982050000746,0.3016362600774527
44.883315380000745,0.3398475625882132
44.891648710000744,0.366920411256489
44.89998204000075,0.38305038053269186
44.90831537000075,0.3886456565452266
44.91664870000075,0.3843862221060594
44.92498203000075,0.37118616784726743
44.93331536000075,0.3502595126491938
44.94164869000075,0.3231108363234006
44.949982020000746,0.2915228142248984
44.958315350000746,0.2575213042204877
44.966648680000745,0.2233030783866672
44.97498201000075,0.19108048849582293
44.98331534000075,0.1628178791789331
44.99164867000075,0.14004619147528985
44.99998200000075,0.12360778647925955
45.00831533000075,0.11356813322729434
45.01664866000075,0.10924612859001884
45.02498199000075,0.10935947470391497
45.03331532000075,0.11231775868410308
45.04164865000075,0.11637933203569656
45.04998198000075,0.11985270230862222
45.05831531000075,0.12122952655127286
45.06664864000075,0.1192167729922297
45.07498197000075,0.11280078952901142
45.08331530000075,0.1011718660584039
45.09164863000075,0.08375349333839871
45.09998196000075,0.06017809342334909
45.10831529000075,0.03022547222923357
45.11664862000075,-0.0061846332894877456
45.12498195000075,-0.04899922706146143
45.13331528000075,-0.09803831875753936
45.14164861000075,-0.15300032950642933
45.14998194000075,-0.2134668009744549
45.15831527000075,-0.27890633023169886
45.166648600000755,-0.3486866202085234
45.174981930000754,-0.42207749465140315
45.183315260000754,-0.49824588924339774
45.19164859000075,-0.5762336532068402
45.19998192000075,-0.6548965578501825
45.20831525000075,-0.7329720693377022
45.21664858000075,-0.8090353766063861
45.22498191000075,-0.881421438548252
45.23331524000075,-0.9482188288821078
45.241648570000756,-1.0071756348743162
45.249981900000755,-1.0556248088428881
45.258315230000754,-1.0904297647322676
45.26664856000075,-1.107921289866795
45.27498189000075,-1.104016014603801
45.28331522000075,-1.074655226079005
45.29164855000075,-1.0166389103510685
45.29998188000076,-0.9287257697421467
45.30831521000076,-0.8122700098368636
45.316648540000756,-0.6711978021077121
45.324981870000755,-0.5111615218696919
45.333315200000754,-0.3384151201567541
45.341648530000754,-0.15888230858360355
45.34998186000075,0.022235764113565995
45.35831519000075,0.2005973113459501
45.36664852000075,0.372651144537472
45.37498185000076,0.5355158708371452
45.38331518000076,0.6868544607800008
45.391648510000756,0.8247642497645329
45.399981840000756,0.9477009826952546
45.408315170000755,1.0544012661429978
45.416648500000754,1.1438617896215342
45.42498183000075,1.2152894810546004
45.43331516000076,1.2682048114031508
45.44164849000076,1.3023196596471809
45.44998182000076,1.3174515355768306
45.45831515000076,1.3135225788453422
45.46664848000076,1.2905602875102176
45.474981810000756,1.2486981977053313
45.483315140000755,1.1881762081824672
45.491648470000754,1.1093692810359554
45.499981800000754,1.0129831070302366
45.50831513000076,0.900008062341514
45.51664846000076,0.77174159599503
45.52498179000076,0.6298637315829649
45.53331512000076,0.476576508765455
45.54164845000076,0.31480670282219286
45.549981780000756,0.1484932115960505
45.558315110000756,-0.017036738505162373
45.56664844000076,-0.17470470519417036
45.57498177000076,-0.31566251594708555
45.58331510000076,-0.43019823475863844
45.59164843000076,-0.5101894040162728
45.59998176000076,-0.5522810234208537
45.60831509000076,-0.5593097740795776
45.61664842000076,-0.5385790376544488
45.62498175000076,-0.49878665654805826
45.633315080000756,-0.44765522312337475
45.64164841000076,-0.39111433394723866
45.64998174000076,-0.3334408970471828
45.65831507000076,-0.277608848629653
45.66664840000076,-0.22564905848639744
45.67498173000076,-0.17896124315874784
45.68331506000076,-0.13846189104092962
45.69164839000076,-0.10473473038845273
45.699981720000764,-0.07809832197186514
45.70831505000076,-0.05863858325588613
45.71664838000076,-0.04623721709282712
45.72498171000076,-0.0405975292415257
45.73331504000076,-0.041234636558074585
45.74164837000076,-0.047443096473227794
45.74998170000076,-0.05837403018692049
45.75831503000076,-0.07297496850571483
45.76664836000076,-0.09006107189074425
45.774981690000764,-0.10831311556710789
45.783315020000764,-0.12638118882705301
45.79164835000076,-0.14288856933276406
45.79998168000076,-0.15659321952739488
45.80831501000076,-0.1664326753082198
45.81664834000076,-0.171619708243516
45.82498167000076,-0.1717522500517259
45.833315000000766,-0.16681845026727452
45.841648330000766,-0.15717335617596406
45.849981660000765,-0.14349313316648446
45.858314990000764,-0.12667593290501147
45.86664832000076,-0.10769868021443557
45.87498165000076,-0.08762615847161498
45.88331498000076,-0.06752243320554899
45.89164831000076,-0.048360103278128196
45.89998164000076,-0.031084356141063533
45.90831497000077,-0.016548967725274477
45.916648300000766,-0.005479517321989929
45.924981630000765,0.0014673061320411892
45.933314960000764,0.0037168309552827274
45.941648290000764,0.0008317121357989037
45.94998162000076,-0.007523608762029411
45.95831495000076,-0.0216000935797833
45.96664828000077,-0.041557171378557835
45.97498161000077,-0.06745553823437533
45.98331494000077,-0.09924967071995872
45.991648270000766,-0.1367808620449508
45.999981600000766,-0.17977126043068914
46.008314930000765,-0.22781849598993636
46.016648260000764,-0.28039549072371633
46.02498159000076,-0.3368554422785533
46.03331492000076,-0.39642450328209744
46.04164825000077,-0.45815519674126987
46.04998158000077,-0.5208829070977303
46.05831491000077,-0.5832699836010155
46.06664824000077,-0.6436917767028735
46.074981570000766,-0.7002313925707915
46.083314900000765,-0.750518066402177
46.091648230000764,-0.791590375575307
46.09998156000077,-0.8197240875876868
46.10831489000077,-0.8303362835606842
46.11664822000077,-0.8182138695339184
46.12498155000077,-0.7782252367824091
46.13331488000077,-0.7066983551500069
46.14164821000077,-0.6029987579720418
46.149981540000766,-0.4701461579734346
46.158314870000765,-0.3141888176308483
46.166648200000765,-0.14252194225906428
46.17498153000077,0.03763266811011376
46.18331486000077,0.2199834419120861
46.19164819000077,0.39940301986506715
46.19998152000077,0.5718298842539041
46.20831485000077,0.734076548981062
46.21664818000077,0.8836373155135729
46.22498151000077,1.0185321018324132
46.23331484000077,1.1371894782114005
46.24164817000077,1.2383662791803094
46.24998150000077,1.3211021831253087
46.25831483000077,1.3848367775846269
46.26664816000077,1.4292202420068068
46.27498149000077,1.4540090502830307
46.28331482000077,1.4590690930242192
46.29164815000077,1.4443764920553406
46.29998148000077,1.4100183233002144
46.30831481000077,1.3561931588268872
46.31664814000077,1.2832100708107619
46.32498147000077,1.1914859869999226
46.33331480000077,1.08169551547044
46.34164813000077,0.9549395953125137
46.34998146000077,0.812656396790588
46.35831479000077,0.6566945145352956
46.366648120000775,0.48944567038909775
46.374981450000774,0.314031751028134
46.383314780000774,0.13455037340093978
46.39164811000077,-0.04365268103418199
46.39998144000077,-0.21382440913505113
46.40831477000077,-0.3680370085421606
46.41664810000077,-0.4982044762305105
46.42498143000077,-0.5981178986253866
46.43331476000077,-0.6656066188237153
46.441648090000776,-0.7030743318656875
46.449981420000775,-0.7161408409148824
46.458314750000774,-0.7114368594849972
46.46664808000077,-0.6949595581356601
46.47498141000077,-0.6713893755351539
46.48331474000077,-0.6440966814614996
46.49164807000077,-0.6154056564997955
46.49998140000078,-0.586861775651246
46.50831473000078,-0.5595124720187724
46.516648060000776,-0.5339886506900253
46.524981390000775,-0.5106550767547109
46.533314720000774,-0.4896811950993827
46.541648050000774,-0.47107962478621007
46.54998138000077,-0.45473639097156016
46.55831471000077,-0.440426306249151
46.56664804000077,-0.4277840429997289
46.57498137000078,-0.41635300193212876
46.58331470000078,-0.40562684295550294
46.591648030000776,-0.39505146094438914
46.599981360000776,-0.38398031318952053
46.608314690000775,-0.3717613442630529
46.616648020000774,-0.35778216031811944
46.62498135000077,-0.34143375767609907
46.63331468000078,-0.32214874507018976
46.64164801000078,-0.2994832688734923
46.64998134000078,-0.2731385991390988
46.65831467000078,-0.24297498522358751
46.66664800000078,-0.20902013051703633
46.674981330000776,-0.1714731097933592
46.683314660000775,-0.1307040734760439
46.691647990000774,-0.08724885865690149
46.699981320000774,-0.04179811864149172
46.70831465000078,0.004819085493955261
46.71664798000078,0.05165831387794983
46.72498131000078,0.09772877087783455
46.73331464000078,0.14203841334266884
46.74164797000078,0.1835733570749196
46.749981300000776,0.22135223033344983
46.758314630000775,0.2545051393021559
46.76664796000078,0.28222228202128496
46.77498129000078,0.30376255430668925
46.78331462000078,0.31851533432494694
46.79164795000078,0.32598934456819945
46.79998128000078,0.32579318618301895
46.80831461000078,0.3176440737106563
46.81664794000078,0.30137591618803095
46.82498127000078,0.27694571982453253
46.833314600000776,0.2444386695391747
46.84164793000078,0.20407164026258695
46.84998126000078,0.15619365781938727
46.85831459000078,0.10127998905381722
46.86664792000078,0.03993587296387797
46.87498125000078,-0.02710004791195301
46.88331458000078,-0.098950587097988
46.89164791000078,-0.17453640594456696
46.899981240000784,-0.2525403837103341
46.90831457000078,-0.3313833335651205
46.91664790000078,-0.4090237757427027
46.92498123000078,-0.48278988446071447
46.93331456000078,-0.5491097722875266
46.94164789000078,-0.6031611544545421
46.94998122000078,-0.6386356523557054
46.95831455000078,-0.6481349950674313
46.96664788000078,-0.6246698753890316
46.974981210000784,-0.5641404149672815
46.983314540000784,-0.467533843684365
46.99164787000078,-0.34085480332845036
46.99998120000078,-0.19293934417592537
47.00831453000078,-0.03278110869530518
47.01664786000078,0.13190773335420752
47.02498119000078,0.29507973672112225
47.033314520000786,0.4521650848493056
47.041647850000786,0.5997369072526315
47.049981180000785,0.7352145146188154
47.058314510000784,0.8566289872747953
47.06664784000078,0.9624621976147915
47.07498117000078,1.0515581484724743
47.08331450000078,1.1231979356315636
47.09164783000078,1.1769792688752758
47.09998116000078,1.2126051549544545
47.10831449000079,1.229881353170292
47.116647820000786,1.228717163583473
47.124981150000785,1.2091255931374496
47.133314480000784,1.171223904828261
47.141647810000784,1.1152337455744112
47.14998114000078,1.0414793995035703
47.15831447000078,0.9504281840651476
47.16664780000079,0.8429640902524123
47.17498113000079,0.7203025435730523
47.18331446000079,0.5839909483053464
47.191647790000786,0.43598038728924043
47.199981120000785,0.27873134046986264
47.208314450000785,0.11535701768810849
47.216647780000784,-0.05023017180829297
47.22498111000078,-0.21321341005946468
47.23331444000078,-0.36788744512605565
47.24164777000079,-0.5080685952132498
47.24998110000079,-0.6278806372829976
47.25831443000079,-0.7230307029673045
47.26664776000079,-0.7919356155972376
47.274981090000786,-0.835946473268902
47.283314420000785,-0.8584950020687496
47.291647750000784,-0.8638829929869165
47.29998108000079,-0.856269508323312
47.30831441000079,-0.839147697355487
47.31664774000079,-0.815200257560096
47.32498107000079,-0.7864118643937218
47.33331440000079,-0.7541955059345934
47.34164773000079,-0.719620071186668
47.349981060000786,-0.6834652934828188
47.358314390000785,-0.6462991818780931
47.366647720000785,-0.6085683170608218
47.37498105000079,-0.570621175115188
47.38331438000079,-0.5327228655665489
47.39164771000079,-0.4950650941727915
47.39998104000079,-0.45776314738281837
47.40831437000079,-0.42085753348133353
47.41664770000079,-0.3843175754275382
47.42498103000079,-0.3480413885188471
47.43331436000079,-0.31181976661682115
47.44164769000079,-0.2753673987413434
47.44998102000079,-0.2383644961906146
47.45831435000079,-0.20047788636478792
47.46664768000079,-0.16135172070313272
47.47498101000079,-0.12059450808851256
47.48331434000079,-0.07787021262713405
47.49164767000079,-0.03293544570911591
47.49998100000079,0.014336514975310109
47.50831433000079,0.0639360187785828
47.51664766000079,0.11570776751148827
47.52498099000079,0.16933110908793028
47.53331432000079,0.22431478051953826
47.54164765000079,0.27999564067817956
47.54998098000079,0.3355574792787275
47.55831431000079,0.39005458722586295
47.566647640000795,0.4424382367751227
47.574980970000794,0.49164780407449077
47.583314300000794,0.5366410607130302
47.59164763000079,0.5763487116708196
47.59998096000079,0.6097724930578226
47.60831429000079,0.6360200300162094
47.61664762000079,0.6542599205804378
47.62498095000079,0.6637841111462522
47.63331428000079,0.6640236782048824
47.641647610000796,0.6545014386715076
47.649980940000795,0.6348456005909757
47.658314270000794,0.6048389501629524
47.66664760000079,0.5644028235638381
47.67498093000079,0.5135781530111009
47.68331426000079,0.4525283964671227
47.69164759000079,0.38154933791376083
47.6999809200008,0.3010803694298964
47.7083142500008,0.21171746003330094
47.716647580000796,0.11422780415691695
47.724980910000795,0.009565159853808609
47.733314240000794,-0.10102116421272353
47.741647570000794,-0.2159302551867229
47.74998090000079,-0.33305674208691366
47.75831423000079,-0.4495329149932964
47.76664756000079,-0.5613422177591495
47.7749808900008,-0.6628642119780471
47.7833142200008,-0.7463911358718498
47.791647550000796,-0.8023695207780672
47.799980880000795,-0.8210612408470921
47.808314210000795,-0.7960811619801208
47.816647540000794,-0.7279497590774018
47.82498087000079,-0.6240353872904355
47.8333142000008,-0.49497702399432914
47.8416475300008,-0.3511893326003563
47.8499808600008,-0.20108195499090833
47.8583141900008,-0.050927033300269965
47.8666475200008,0.09473944206482726
47.874980850000796,0.23262652153211147
47.883314180000795,0.36030293643996636
47.891647510000794,0.47594262606820903
47.899980840000794,0.5781462011668796
47.9083141700008,0.6658456623098822
47.9166475000008,0.738301193561079
47.9249808300008,0.7950951115188954
47.9333141600008,0.835919016483018
47.9416474900008,0.8605546501730609
47.949980820000796,0.8688735746749526
47.958314150000795,0.8608392132050104
47.9666474800008,0.8365087920323765
47.9749808100008,0.7961412728159585
47.9833141400008,0.7403075773580086
47.9916474700008,0.6697765290960921
47.9999808000008,0.5855660317740833
48.0083141300008,0.48895058148248094
48.0166474600008,0.38152947324138653
48.0249807900008,0.2652728927223084
48.033314120000796,0.142598128734441
48.0416474500008,0.016417208394940354
48.0499807800008,-0.10981859115233304
48.0583141100008,-0.23218836385086467
48.0666474400008,-0.34644987124909815
48.0749807700008,-0.4484722264565948
48.0833141000008,-0.5347342719535452
48.0916474300008,-0.6028702786056368
48.099980760000804,-0.6520723251912647
48.1083140900008,-0.683032475173362
48.1166474200008,-0.6975941270499568
48.1249807500008,-0.6981449749053872
48.1333140800008,-0.6871677296041835
48.1416474100008,-0.6669498640130818
48.1499807400008,-0.639463732287557
48.1583140700008,-0.6063487220849776
48.1666474000008,-0.568992269260986
48.174980730000804,-0.5285594977819319
48.183314060000804,-0.48601415534346526
48.1916473900008,-0.44222031480160373
48.1999807200008,-0.3979442157341812
48.2083140500008,-0.35381169014099534
48.2166473800008,-0.31031178435250273
48.2249807100008,-0.2678284974237311
48.233314040000806,-0.22664162134909233
48.241647370000805,-0.18692955958567412
48.249980700000805,-0.14877628722045907
48.258314030000804,-0.11217728381090712
48.2666473600008,-0.07701593993993099
48.2749806900008,-0.043090590699295266
48.2833140200008,-0.0101475453143556
48.2916473500008,0.022104752158848887
48.2999806800008,0.053988113305320676
48.30831401000081,0.08589698246977549
48.316647340000806,0.11828196391800921
48.324980670000805,0.15159046304007703
48.333314000000804,0.18624772293779132
48.341647330000804,0.22267308009192896
48.3499806600008,0.26124928157995997
48.3583139900008,0.30221065953213716
48.36664732000081,0.3455781264342807
48.37498065000081,0.3911121142777498
48.38331398000081,0.43827557954618085
48.391647310000806,0.48621673423926665
48.399980640000805,0.533801090019836
48.408313970000805,0.579736858881687
48.416647300000804,0.6225674911093544
48.4249806300008,0.6607952725750504
48.4333139600008,0.692935079878844
48.44164729000081,0.7176240461275818
48.44998062000081,0.7336212372587868
48.45831395000081,0.7398702158822718
48.46664728000081,0.7354619834385784
48.474980610000806,0.7197036438241199
48.483313940000805,0.6920565137798124
48.491647270000804,0.6521801782184974
48.49998060000081,0.5999126396991891
48.50831393000081,0.5352411621529793
48.51664726000081,0.45831415692985256
48.52498059000081,0.36946100611252286
48.53331392000081,0.2691893200992113
48.54164725000081,0.1582016912948667
48.549980580000806,0.03743793425864015
48.558313910000805,-0.09191470009274681
48.566647240000805,-0.2283314800761827
48.57498057000081,-0.369790754702727
48.58331390000081,-0.5135791423921008
48.59164723000081,-0.6559303470472055
48.59998056000081,-0.7915474370335286
48.60831389000081,-0.9129735201896146
48.61664722000081,-1.0103348705309556
48.62498055000081,-1.0721099897807986
48.63331388000081,-1.08828789649311
48.64164721000081,-1.0552300627426636
48.64998054000081,-0.9779404829441524
48.65831387000081,-0.8671273131441939
48.66664720000081,-0.7343720898581876
48.67498053000081,-0.5894036991145692
48.68331386000081,-0.4394838396436382
48.69164719000081,-0.2898027013124606
48.69998052000081,-0.14407327847637003
48.70831385000081,-0.005008468638875449
48.71664718000081,0.1253524298973842
48.72498051000081,0.2454363455856845
48.73331384000081,0.3540131956590847
48.74164717000081,0.45009811073846434
48.74998050000081,0.5329415309762803
48.75831383000081,0.6019744497280326
48.766647160000815,0.6567910556024945
48.774980490000814,0.697140030203091
48.783313820000814,0.7229168609514285
48.79164715000081,0.734169967612799
48.79998048000081,0.7311324399587371
48.80831381000081,0.7141988148908044
48.81664714000081,0.6839235464513361
48.82498047000081,0.6410844994046919
48.83331380000081,0.5866561178813073
48.841647130000815,0.521871671191327
48.849980460000815,0.4482056200720325
48.858313790000814,0.3674193447463769
48.86664712000081,0.28156658246429545
48.87498045000081,0.1929640841137869
48.88331378000081,0.10417260482002401
48.89164711000081,0.017867716115650786
48.89998044000082,-0.06330247093296068
48.90831377000082,-0.13688141973047757
48.916647100000816,-0.20088258801293501
48.924980430000815,-0.25392876960921307
48.933313760000814,-0.29536737674581864
48.941647090000814,-0.32525502020286323
48.94998042000081,-0.3442230172842789
48.95831375000081,-0.35323927519755804
48.96664708000081,-0.353530166607023
48.97498041000082,-0.3464071075712969
48.98331374000082,-0.3331486419184665
48.991647070000816,-0.31502994552742647
48.999980400000815,-0.2931910265397314
49.008313730000815,-0.26869557495534707
49.016647060000814,-0.24251341516054237
49.02498039000081,-0.21544728212658004
49.03331372000082,-0.18819808697937168
49.04164705000082,-0.16137547918549566
49.04998038000082,-0.13549319684234307
49.05831371000082,-0.11096882235504911
49.06664704000082,-0.08811754352406757
49.074980370000816,-0.06716213050872363
49.083313700000815,-0.04825601595280568
49.091647030000814,-0.03148655911008973
49.099980360000814,-0.016872766321388656
49.10831369000082,-0.004343017574526331
49.11664702000082,0.006290313244878592
49.12498035000082,0.015340248058810136
49.13331368000082,0.023265586319728068
49.14164701000082,0.030690149642689544
49.149980340000816,0.03847983875928189
49.158313670000815,0.04775489220476995
49.16664700000082,0.059816592892303275
49.17498033000082,0.07612100831359087
49.18331366000082,0.09806407265362896
49.19164699000082,0.1268104746864741
49.19998032000082,0.1629620936489299
49.20831365000082,0.20639973964925742
49.21664698000082,0.25621223644398894
49.22498031000082,0.3107194831056025
49.233313640000816,0.3677168155972783
49.24164697000082,0.4246936129993565
49.24998030000082,0.4791296010265599
49.25831363000082,0.5286683185972754
49.26664696000082,0.5712023572351544
49.27498029000082,0.6049428661000071
49.28331362000082,0.6284213316233187
49.29164695000082,0.6404567650956043
49.299980280000824,0.6401553872427533
49.30831361000082,0.6268580730972858
49.31664694000082,0.6001481926250825
49.32498027000082,0.5597859709186825
49.33331360000082,0.5057387235552204
49.34164693000082,0.43816208320024763
49.34998026000082,0.35738328780589046
49.35831359000082,0.26390990001677295
49.36664692000082,0.15843472056458183
49.374980250000824,0.041887416396429865
49.383313580000824,-0.08452086251980233
49.39164691000082,-0.21925106350520848
49.39998024000082,-0.36028790493753776
49.40831357000082,-0.5049645721894115
49.41664690000082,-0.6496499487083339
49.42498023000082,-0.7893544921705671
49.433313560000826,-0.9171792131235583
49.441646890000825,-1.024025913211187
49.449980220000825,-1.0990849396147975
49.458313550000824,-1.1321473779947724
49.46664688000082,-1.117752536947275
49.47498021000082,-1.0581821993570817
49.48331354000082,-0.9619830554840254
49.49164687000082,-0.839778033061678
49.49998020000082,-0.7011323432691788
49.50831353000083,-0.553537141115118
49.516646860000826,-0.40249142831337115
49.524980190000825,-0.25200571657398035
49.533313520000824,-0.10506308335539194
49.541646850000824,0.036050696837916764
49.54998018000082,0.16953341461856253
49.55831351000082,0.29393092452982333
49.56664684000083,0.4080666653522045
49.57498017000083,0.510962801953884
49.58331350000083,0.6018177583831769
49.591646830000826,0.6800040577975577
49.599980160000825,0.7450606240317328
49.608313490000825,0.7966736775881206
49.616646820000824,0.8346872304982877
49.62498015000082,0.8590950680614026
49.63331348000082,0.8700352511621601
49.64164681000083,0.8677859102071525
49.64998014000083,0.8527777848013169
49.65831347000083,0.8256411770170435
49.66664680000083,0.787157314966083
49.674980130000826,0.7383077237163342
49.683313460000825,0.6802666171165307
49.691646790000824,0.6143894220513159
49.69998012000083,0.5422212307636997
49.70831345000083,0.465494724893117
49.71664678000083,0.38604298633923423
49.72498011000083,0.30580630277760407
49.73331344000083,0.22671576288472825
49.74164677000083,0.15063674841557634
49.749980100000826,0.0791782215970141
49.758313430000825,0.013719256487397847
49.766646760000825,-0.044702725228356915
49.77498009000083,-0.09544763510944836
49.78331342000083,-0.13825295751420044
49.79164675000083,-0.1731937129501669
49.79998008000083,-0.20063140828740514
49.80831341000083,-0.22112705113271025
49.81664674000083,-0.235331657517681
49.82498007000083,-0.24401076992210857
49.83331340000083,-0.24802131773575972
49.84164673000083,-0.24820629419753026
49.84998006000083,-0.24540490447022398
49.85831339000083,-0.2404890648035695
49.86664672000083,-0.2342800241570304
49.87498005000083,-0.22753161292368837
49.88331338000083,-0.2209813314705186
49.89164671000083,-0.21531081145589598
49.89998004000083,-0.21107565462399758
49.90831337000083,-0.20874649841146548
49.91664670000083,-0.20869979849065579
49.92498003000083,-0.21118643593923717
49.93331336000083,-0.21629331692595513
49.94164669000083,-0.22389961842316644
49.94998002000083,-0.2336315237328979
49.95831335000083,-0.24482320558039725
49.966646680000835,-0.25643197164898995
49.974980010000834,-0.2669336636336607
49.983313340000834,-0.2743046065722691
49.99164667000083,-0.2760253707423112
49.99998000000083,-0.2692516822554309
50.00831333000083,-0.2511545360365623
50.01664666000083,-0.21944987501610547
50.02497999000083,-0.17297018469158054
50.03331332000083,-0.11212996059493838
50.041646650000835,-0.038930183840652256
50.049979980000835,0.043404852847842165
50.058313310000834,0.13102683329502332
50.06664664000083,0.22006896731415074
50.07497997000083,0.3069752145447842
50.08331330000083,0.3886941187666644
50.09164663000083,0.4627098888084069
50.09997996000084,0.5269991554259263
50.10831329000084,0.5799754228574564
50.116646620000836,0.6204056875607921
50.124979950000835,0.647372358743695
50.133313280000834,0.6602120055155334
50.141646610000834,0.6584977929413048
50.14997994000083,0.6419823975569238
50.15831327000083,0.6106268351306853
50.16664660000083,0.5645944399502943
50.17497993000084,0.5041569981194883
50.18331326000084,0.42979280419254945
50.191646590000836,0.3422034143402805
50.199979920000835,0.24229362143882968
50.208313250000835,0.13124931950155258
50.216646580000834,0.010584835927924863
50.22497991000083,-0.11775233728759617
50.23331324000084,-0.2512279047038264
50.24164657000084,-0.3865204218081235
50.24997990000084,-0.5192240083820601
50.25831323000084,-0.6435674747358501
50.26664656000084,-0.7521980505622308
50.274979890000836,-0.8365652973283737
50.283313220000835,-0.8882788100512378
50.291646550000834,-0.9014806502047592
50.29997988000083,-0.8751482213816125
50.30831321000084,-0.8133644415027276
50.31664654000084,-0.7233112125023121
50.32497987000084,-0.6127785159012622
50.33331320000084,-0.4887209236505301
50.34164653000084,-0.356733700497509
50.349979860000836,-0.22115258520692835
50.358313190000835,-0.08537076457553265
50.36664652000084,0.047941426987214555
50.37497985000084,0.17660669929825298
50.38331318000084,0.2988501635986929
50.39164651000084,0.41316811906325646
50.39997984000084,0.5183291928826068
50.40831317000084,0.6132972170620261
50.41664650000084,0.6972020285111973
50.42497983000084,0.7693407535035109
50.433313160000836,0.8291899765530286
50.44164649000084,0.8763765236407578
50.44997982000084,0.9106680842305973
50.45831315000084,0.9319717165808492
50.46664648000084,0.9403518614807475
50.47497981000084,0.9360210971677109
50.48331314000084,0.9193270041636544
50.49164647000084,0.8907465107034739
50.499979800000844,0.8508989294796613
50.50831313000084,0.8005904823747912
50.51664646000084,0.7407571188084107
50.52497979000084,0.6724625702665739
50.53331312000084,0.5969415031932193
50.54164645000084,0.5155281990906478
50.54997978000084,0.4297086451389846
50.55831311000084,0.3410262088653157
50.56664644000084,0.2511098522995824
50.574979770000844,0.16165071274660417
50.583313100000844,0.07429511687155436
50.59164643000084,-0.009312880786836477
50.59997976000084,-0.08765065267327159
50.60831309000084,-0.1593360584288343
50.61664642000084,-0.22314929879646592
50.62497975000084,-0.27819320205180226
50.633313080000846,-0.32395292892266536
50.641646410000845,-0.3603240665910325
50.649979740000845,-0.38764077124861246
50.658313070000844,-0.40665039123090896
50.66664640000084,-0.4183797043157689
50.67497973000084,-0.42413632614497454
50.68331306000084,-0.42533005136356616
50.69164639000084,-0.4234215867005376
50.69997972000084,-0.4197934653289689
50.70831305000085,-0.41574187687563335
50.716646380000846,-0.4123653609096829
50.724979710000845,-0.4106152178726586
50.733313040000844,-0.41120172985225373
50.74164637000084,-0.4146307361881154
50.74997970000084,-0.42119858327584087
50.75831303000084,-0.4309463050495326
50.76664636000085,-0.4436152190638857
50.77497969000085,-0.45861049844696267
50.78331302000085,-0.4749316234372796
50.791646350000846,-0.4910264319828364
50.799979680000845,-0.5047235198874137
50.808313010000845,-0.5131336952444814
50.816646340000844,-0.51265399129859
50.82497967000084,-0.4991987252843216
50.83331300000084,-0.4687802813566177
50.84164633000085,-0.4184562138150854
50.84997966000085,-0.3472815093949564
50.85831299000085,-0.25683634759191226
50.86664632000085,-0.15080240275908743
50.874979650000846,-0.034048274903470566
50.883312980000845,0.08828405738496453
50.891646310000844,0.2114855029462519
50.89997964000085,0.3315455152196098
50.90831297000085,0.4452110292233003
50.91664630000085,0.5498971790764663
50.92497963000085,0.6435825592933192
50.93331296000085,0.7246907749217276
50.94164629000085,0.792018979985802
50.949979620000846,0.8446432935383551
50.958312950000845,0.8819087064748401
50.966646280000845,0.9033627059490735
50.97497961000085,0.9087390032557912
50.98331294000085,0.8979543340042994
50.99164627000085,0.8711065695796851
50.99997960000085,0.8284729486111673
51.00831293000085,0.7705088817047959
51.01664626000085,0.6978490250210284
51.02497959000085,0.6113536755114387
51.03331292000085,0.5121277214422281
51.04164625000085,0.40157544913883003
51.04997958000085,0.28145281984645987
51.05831291000085,0.15397538059649007
51.06664624000085,0.021924603418440762
51.07497957000085,-0.11118881534794546
51.08331290000085,-0.24100293632424757
51.09164623000085,-0.3621933064439737
51.09997956000085,-0.4686454869113091
51.10831289000085,-0.5539074206442574
51.11664622000085,-0.6123110841534597
51.12497955000085,-0.6402958388560511
51.13331288000085,-0.6373410739135397
51.14164621000085,-0.6059292928722204
51.14997954000085,-0.550505497013447
51.15831287000085,-0.47629950593045695
51.166646200000855,-0.3883861526374902
51.174979530000854,-0.2912026329147936
51.183312860000854,-0.18847629792837597
51.19164619000085,-0.08332485210091838
51.19997952000085,0.021677436948270443
51.20831285000085,0.12437901557643047
51.21664618000085,0.2229759799586131
51.22497951000085,0.31592908283948834
51.23331284000085,0.4019792481924569
51.241646170000855,0.48002833268277867
51.249979500000855,0.5491597879881227
51.258312830000854,0.6086562790483167
51.26664616000085,0.6579425878584274
51.27497949000085,0.6965695801531934
51.28331282000085,0.724212859889083
51.29164615000085,0.7406739783791991
51.29997948000086,0.7458766391877484
51.30831281000086,0.7398632673768766
51.316646140000856,0.722792781653336
51.324979470000855,0.6949386761520293
51.333312800000854,0.656687886114293
51.34164613000085,0.6085409636888214
51.34997946000085,0.5511495927252726
51.35831279000085,0.48530903762676925
51.36664612000085,0.41194071957932404
51.37497945000086,0.3321241479642413
51.38331278000086,0.24714816804228645
51.391646110000856,0.1584649867957474
51.399979440000855,0.06779296709940374
51.408312770000855,-0.02293851866380563
51.416646100000854,-0.11155817085690196
51.42497943000085,-0.19570351497099772
51.43331276000086,-0.2729165795293372
51.44164609000086,-0.3408467518283977
51.44997942000086,-0.39755230287529253
51.45831275000086,-0.44168500203939204
51.46664608000086,-0.4727803423667455
51.474979410000856,-0.4913644872862081
51.483312740000855,-0.4987798451422094
51.491646070000854,-0.49700188432595244
51.49997940000085,-0.48830554816361976
51.50831273000086,-0.47500903706270886
51.51664606000086,-0.45927712275227084
51.52497939000086,-0.4430203372617989
51.53331272000086,-0.4278450567452516
51.54164605000086,-0.41503007366223654
51.549979380000856,-0.4055705348790526
51.558312710000855,-0.4001433903922987
51.56664604000086,-0.3991492681797464
51.57497937000086,-0.40272588359823086
51.58331270000086,-0.4107217661530349
51.59164603000086,-0.42267694081896556
51.59997936000086,-0.4377416766047931
51.60831269000086,-0.4545888004384595
51.61664602000086,-0.47130705244467314
51.62497935000086,-0.48527892489097013
51.633312680000856,-0.49307059138087334
51.64164601000086,-0.49043336048022823
51.64997934000086,-0.472609466477716
51.65831267000086,-0.4350750519139009
51.66664600000086,-0.3747318167221517
51.67497933000086,-0.29100491395777467
51.68331266000086,-0.18621004573023658
51.69164599000086,-0.06488587037795021
51.699979320000864,0.0673988564765345
51.70831265000086,0.20504943977475068
51.71664598000086,0.3431325776635374
51.72497931000086,0.4775506234442263
51.73331264000086,0.605035994875256
51.74164597000086,0.7230147084011742
51.74997930000086,0.8294719332626056
51.75831263000086,0.9228428922423292
51.76664596000086,1.001901511174857
51.774979290000864,1.0657276680425645
51.78331262000086,1.113619882880333
51.79164595000086,1.145088444759571
51.79997928000086,1.1598456572031934
51.80831261000086,1.1577727660426922
51.81664594000086,1.1389145202193058
51.82497927000086,1.1034772684365266
51.833312600000866,1.0518454265105057
51.841645930000865,0.9845971165730522
51.849979260000865,0.9024842339218726
51.858312590000864,0.8064688718072126
51.86664592000086,0.6977683030410708
51.87497925000086,0.5778663248690649
51.88331258000086,0.44857767596222164
51.89164591000086,0.3121121831337458
51.89997924000086,0.17113805047343225
51.90831257000087,0.02887075297345139
51.916645900000866,-0.1108920159886066
51.924979230000865,-0.24374722579578395
51.933312560000864,-0.364868695226808
51.94164589000086,-0.46935010624268647
51.94997922000086,-0.5527624757584062
51.95831255000086,-0.6119524394552323
51.96664588000087,-0.6455796251049563
51.97497921000087,-0.6542803924273227
51.98331254000087,-0.640231575519384
51.991645870000866,-0.6065796774918504
51.999979200000865,-0.5568436672210295
52.008312530000865,-0.49446544041033663
52.016645860000864,-0.42259784989872334
52.02497919000086,-0.34403830222482074
52.03331252000086,-0.26125571066601544
52.04164585000087,-0.176463779924762
52.04997918000087,-0.09160193700584773
52.05831251000087,-0.008404310356402605
52.06664584000087,0.07161371715489216
52.074979170000866,0.1470657371755808
52.083312500000865,0.2167700804054704
52.091645830000864,0.27966711513159775
52.09997916000087,0.3348455165289843
52.10831249000087,0.3815524655100353
52.11664582000087,0.4191497210100627
52.12497915000087,0.44711808860228097
52.13331248000087,0.46506427234578895
52.14164581000087,0.47274010949668654
52.149979140000866,0.47003858212064054
52.158312470000865,0.4569832977008959
52.166645800000865,0.433737373445308
52.17497913000087,0.4006369120609622
52.18331246000087,0.35820454006373914
52.19164579000087,0.30714804270463764
52.19997912000087,0.248385661497155
52.20831245000087,0.1831316800187253
52.21664578000087,0.11289216258481428
52.22497911000087,0.03956476131422961
52.23331244000087,-0.03455461670400712
52.24164577000087,-0.1067726329238517
52.24997910000087,-0.17404314952622812
52.25831243000087,-0.23317472301799788
52.26664576000087,-0.281226573455006
52.27497909000087,-0.31593003728177194
52.28331242000087,-0.33619053972022794
52.29164575000087,-0.34225280387064266
52.29997908000087,-0.33567545382742864
52.30831241000087,-0.31897086851005685
52.31664574000087,-0.2950907573946339
52.32497907000087,-0.26701738861529084
52.33331240000087,-0.23748716678937148
52.34164573000087,-0.20882726296659834
52.34997906000087,-0.1829234446712279
52.35831239000087,-0.16123717206330354
52.366645720000875,-0.14485690195204254
52.374979050000874,-0.13453014450814338
52.38331238000087,-0.13073761955747537
52.39164571000087,-0.13367053560676437
52.39997904000087,-0.1432265270060667
52.40831237000087,-0.1590002422740316
52.41664570000087,-0.18029190936860293
52.42497903000087,-0.2060497227551
52.43331236000087,-0.2347635440202803
52.441645690000875,-0.26436606426621084
52.449979020000875,-0.29210796270035927
52.458312350000874,-0.31445947396268653
52.46664568000087,-0.3271521238234901
52.47497901000087,-0.3254225876510867
52.48331234000087,-0.30466635373151596
52.49164567000087,-0.26151309082307667
52.49997900000088,-0.1948827326495275
52.50831233000088,-0.10650894552768148
52.516645660000876,-0.0003873721580383286
52.524978990000875,0.11827605510635075
52.533312320000874,0.24405397664550424
52.54164565000087,0.3720286229993618
52.54997898000087,0.49803763888471864
52.55831231000087,0.618709478831849
52.56664564000087,0.7313492106691084
52.57497897000088,0.8338279851163417
52.58331230000088,0.9244620517348827
52.591645630000876,1.001930729110095
52.599978960000875,1.0652029714400697
52.608312290000875,1.1134826559233495
52.616645620000874,1.1462129135969938
52.62497895000087,1.1630139084446443
52.63331228000088,1.1636727107454554
52.64164561000088,1.1481432945513506
52.64997894000088,1.116544724624901
52.65831227000088,1.0691591114456993
52.66664560000088,1.0064279001969885
52.674978930000876,0.9289547109827904
52.683312260000875,0.8375398403470284
52.691645590000874,0.7331997139058123
52.69997892000087,0.6171432290966534
52.70831225000088,0.490857434378906
52.71664558000088,0.3560898546368145
52.72497891000088,0.2149271847812633
52.73331224000088,0.06980937189503426
52.74164557000088,-0.07641703674746242
52.749978900000876,-0.22050752115598005
52.758312230000875,-0.3588204788056945
52.76664556000088,-0.48747359702742027
52.77497889000088,-0.6025219487995902
52.78331222000088,-0.7002586210861641
52.79164555000088,-0.7776498876905584
52.79997888000088,-0.8326391810201587
52.80831221000088,-0.8642873790330993
52.81664554000088,-0.872803725187395
52.824978870000876,-0.8593585678285686
52.833312200000876,-0.8257944772190465
52.84164553000088,-0.7744979240531248
52.84997886000088,-0.708154823015398
52.85831219000088,-0.6296549951613574
52.86664552000088,-0.5419383516159695
52.87497885000088,-0.4478589790357348
52.88331218000088,-0.35010109812974455
52.89164551000088,-0.2511417563868912
52.899978840000884,-0.15322653849178722
52.90831217000088,-0.05834069572362332
52.91664550000088,0.03179708967564469
52.92497883000088,0.11567973865388105
52.93331216000088,0.1920471579110412
52.94164549000088,0.259824472521378
52.94997882000088,0.3181601336204696
52.95831215000088,0.3663671157348055
52.96664548000088,0.40392403407222605
52.974978810000884,0.4304844196063987
52.98331214000088,0.445884901966059
52.99164547000088,0.45015338910738034
52.99997880000088,0.44351560005775004
53.00831213000088,0.42639991205411926
53.01664546000088,0.39946858973702803
53.02497879000088,0.36370011021702975
53.033312120000886,0.3203982533733818
53.041645450000885,0.27126300009424315
53.049978780000885,0.21844689940973602
53.058312110000884,0.16460160085836856
53.06664544000088,0.11281611266766334
53.07497877000088,0.06645701459930667
53.08331210000088,0.028858112309055668
53.09164543000088,0.002799452273422408
53.09997876000088,-0.010109633862668445
53.10831209000089,-0.00974277732181551
53.116645420000886,0.0025379460299592535
53.124978750000885,0.024184149655714957
53.133312080000884,0.05204335191295266
53.14164541000088,0.08290028163861816
53.14997874000088,0.11382929968599094
53.15831207000088,0.14234082985409174
53.16664540000089,0.166424423449962
53.17497873000089,0.18454670403136428
53.18331206000089,0.1955767384666161
53.191645390000886,0.19875851179178766
53.199978720000885,0.19361151449095562
53.208312050000885,0.17993608554594193
53.216645380000884,0.157800508093205
53.22497871000088,0.12753214711833077
53.23331204000088,0.08972919852027898
53.24164537000089,0.04524477617548367
53.24997870000089,-0.004730420744951308
53.25831203000089,-0.058613755881596515
53.26664536000089,-0.11435710973141062
53.274978690000886,-0.1693497648656576
53.283312020000885,-0.2203158095190782
53.291645350000884,-0.2633144254108596
53.29997868000089,-0.2939242581816432
53.30831201000089,-0.3076464205693912
53.31664534000089,-0.30068108686776396
53.32497867000089,-0.2709068126746088
53.33331200000089,-0.21853178949274407
53.34164533000089,-0.14607645373983827
53.349978660000886,-0.0577002045513845
53.358311990000885,0.041765168734191775
53.366645320000885,0.1475254494629165
53.37497865000089,0.2553182186177778
53.38331198000089,0.36154914906333935
53.39164531000089,0.4632704337762954
53.39997864000089,0.5581084053594665
53.40831197000089,0.6441527072574375
53.41664530000089,0.7198952146912303
53.424978630000886,0.7841159276412202
53.43331196000089,0.8358855916210974
53.44164529000089,0.8744843037355412
53.44997862000089,0.8993778809607387
53.45831195000089,0.9102314725418321
53.46664528000089,0.9068775229023149
53.47497861000089,0.8893018540861941
53.48331194000089,0.8576416042990697
53.49164527000089,0.8121826932536961
53.49997860000089,0.7533606853317952
53.50831193000089,0.6817943505142926
53.51664526000089,0.5982695717262919
53.52497859000089,0.5037248220821485
53.53331192000089,0.39929704649980086
53.54164525000089,0.2863302292498363
53.54997858000089,0.16637572226581898
53.55831191000089,0.04121421628553422
53.566645240000895,-0.08711681373167499
53.574978570000894,-0.21635323261604
53.58331190000089,-0.3439656422881408
53.59164523000089,-0.4671830008088763
53.59997856000089,-0.5830523487132258
53.60831189000089,-0.6884441455899625
53.61664522000089,-0.7801118575370023
53.62497855000089,-0.8548308366112677
53.63331188000089,-0.9095445041523154
53.641645210000895,-0.9415977414575077
53.649978540000895,-0.9490334643962245
53.658311870000894,-0.9310679863761603
53.66664520000089,-0.8883620364819707
53.67497853000089,-0.8230913362813702
53.68331186000089,-0.7386010322451757
53.69164519000089,-0.6389508481033854
53.6999785200009,-0.5284361808563707
53.7083118500009,-0.41114518655254706
53.716645180000896,-0.29073245506890194
53.724978510000895,-0.17037288612844642
53.733311840000894,-0.052748745474633645
53.74164517000089,0.059911185666505884
53.74997850000089,0.1657594015310263
53.75831183000089,0.2632738060110704
53.76664516000089,0.3512394129670191
53.7749784900009,0.4286579747728931
53.7833118200009,0.4947696460346544
53.791645150000896,0.5490388478045193
53.799978480000895,0.5911145409406592
53.808311810000895,0.6208346040160311
53.816645140000894,0.6382343249309934
53.82497847000089,0.6435940751057848
53.8333118000009,0.6374329719314543
53.8416451300009,0.6205386738883394
53.8499784600009,0.5940264460824316
53.8583117900009,0.5593880621548575
53.866645120000896,0.5185534115478818
53.874978450000896,0.4739137078259223
53.883311780000895,0.42830679972259994
53.891645110000894,0.3849296051397201
53.89997844000089,0.34703185561494776
53.9083117700009,0.31750599719415895
53.9166451000009,0.29836098754343615
53.9249784300009,0.29029956951969127
53.9333117600009,0.29261453940552956
53.9416450900009,0.3033435669667316
53.949978420000896,0.31975011883339965
53.958311750000895,0.33884749869634045
53.9666450800009,0.35776382061099543
53.9749784100009,0.37398930706770933
53.9833117400009,0.3854808068115811
53.9916450700009,0.39064883975526876
53.9999784000009,0.3883145004670242
54.0083117300009,0.3776544355260008
54.0166450600009,0.35816980159732387
54.024978390000896,0.3296094120160357
54.033311720000896,0.2919681361133233
54.0416450500009,0.2454844120274958
54.0499783800009,0.19063178102992076
54.0583117100009,0.12810862798639375
54.0666450400009,0.058839437839094205
54.0749783700009,-0.01594578182943587
54.0833117000009,-0.09468017390037438
54.0916450300009,-0.17540413651222433
54.099978360000904,-0.255679745178532
54.1083116900009,-0.33249972023479746
54.1166450200009,-0.40228855736881375
54.1249783500009,-0.4609730413543302
54.1333116800009,-0.5042348663017534
54.1416450100009,-0.528067286390608
54.1499783400009,-0.5295623332415492
54.1583116700009,-0.5076890988807936
54.1666450000009,-0.46351262154790257
54.174978330000904,-0.3999839212190255
54.1833116600009,-0.3211489781122331
54.1916449900009,-0.23137234154352737
54.1999783200009,-0.13478574245705519
54.2083116500009,-0.0350669248354183
54.2166449800009,0.06467710030954897
54.2249783100009,0.16188233205353197
54.233311640000906,0.25442467456982876
54.241644970000905,0.3405828787269437
54.249978300000905,0.41893450722599657
54.258311630000904,0.48833820782186044
54.2666449600009,0.5478437315062745
54.2749782900009,0.5967132096022649
54.2833116200009,0.6343956071058601
54.2916449500009,0.6604782352765253
54.2999782800009,0.674687247266945
54.30831161000091,0.6768852911353844
54.316644940000906,0.6670683912466921
54.324978270000905,0.6453629525567119
54.333311600000904,0.6120228874577399
54.3416449300009,0.5674261889231815
54.3499782600009,0.5120662643183906
54.3583115900009,0.4465703183660757
54.36664492000091,0.37173462817335406
54.37497825000091,0.28848432281680786
54.38331158000091,0.19786817229655151
54.391644910000906,0.10112898710303755
54.399978240000905,-0.0003301622180792715
54.408311570000905,-0.10488568271786108
54.416644900000904,-0.2106938918439389
54.4249782300009,-0.31559219329245053
54.4333115600009,-0.41704309711734117
54.44164489000091,-0.512057518318992
54.44997822000091,-0.5970756472618644
54.45831155000091,-0.6679258363839466
54.466644880000906,-0.7200095050793673
54.474978210000906,-0.748824527155921
54.483311540000905,-0.7507865948927592
54.491644870000904,-0.7242782606869987
54.49997820000091,-0.6703169168317772
54.50831153000091,-0.5923963678156677
54.51664486000091,-0.4955746225222945
54.52497819000091,-0.3854555017388769
54.53331152000091,-0.2673053016596772
54.54164485000091,-0.1456660120641767
54.549978180000906,-0.02430800124087967
54.558311510000905,0.09375059120213268
54.566644840000905,0.2060964871832151
54.57497817000091,0.31082268050627937
54.58331150000091,0.40640939904571727
54.59164483000091,0.4916832444252777
54.59997816000091,0.5657217075872227
54.60831149000091,0.6278449247331308
54.61664482000091,0.6776047562414079
54.624978150000906,0.7147522596285684
54.63331148000091,0.7392450057647536
54.64164481000091,0.7512769858588854
54.64997814000091,0.7512565874351885
54.65831147000091,0.7398371998865191
54.66664480000091,0.7179810754605388
54.67497813000091,0.6869655639018729
54.68331146000091,0.6484369320253269
54.69164479000091,0.6044576696738551
54.69997812000091,0.557481239057045
54.70831145000091,0.5102851290026076
54.71664478000091,0.4658208537832063
54.72497811000091,0.42687778025621
54.73331144000091,0.3956812142767451
54.74164477000091,0.3735292234287499
54.74997810000091,0.36051033373932767
54.75831143000091,0.35551964798656477
54.766644760000915,0.35657812096245917
54.774978090000914,0.3612221174430017
54.78331142000091,0.36687780681190735
54.79164475000091,0.3711359603907189
54.79997808000091,0.3719302441652668
54.80831141000091,0.3675928616525097
54.81664474000091,0.3568389051688112
54.82497807000091,0.3387260439931535
54.83331140000091,0.312628960104237
54.841644730000915,0.27819807889495846
54.849978060000915,0.2353044052913328
54.858311390000914,0.1840375818474105
54.86664472000091,0.12470720586421057
54.87497805000091,0.057841902049506976
54.88331138000091,-0.015813364821295518
54.89164471000091,-0.09530066078460778
54.89997804000092,-0.1793927010522856
54.908311370000916,-0.26656210462437896
54.916644700000916,-0.35492518776750553
54.924978030000915,-0.44218598438144857
54.933311360000914,-0.5256072607058243
54.94164469000091,-0.6019901164888293
54.94997802000091,-0.667728853280883
54.95831135000091,-0.7190219259876197
54.96664468000091,-0.7523066120007169
54.97497801000092,-0.7648001447080738
54.98331134000092,-0.7550089115566095
54.991644670000916,-0.7230318362789692
54.999978000000915,-0.6704801220927984
55.008311330000915,-0.6000834127555051
55.016644660000914,-0.5151830617229564
55.02497799000091,-0.4192518496904591
55.03331132000092,-0.31556376906330125
55.04164465000092,-0.20706546439876475
55.04997798000092,-0.09638356561106269
55.05831131000092,0.014188847047842923
55.066644640000916,0.12264746476973862
55.074977970000916,0.22723283857617158
55.083311300000915,0.32638817037319257
55.091644630000914,0.41877170283354115
55.09997796000091,0.5031725307880951
55.10831129000092,0.5785679223067474
55.11664462000092,0.6440758870574013
55.12497795000092,0.6989326325320313
55.13331128000092,0.7425065418665219
55.14164461000092,0.7743185973973574
55.149977940000916,0.7940115363628226
55.158311270000915,0.8013470512171845
55.16664460000092,0.7962083376381404
55.17497793000092,0.7786029525872916
55.18331126000092,0.7486664706589622
55.19164459000092,0.7066667339164246
55.19997792000092,0.6530084939894737
55.20831125000092,0.5882392074466911
55.21664458000092,0.513079568110579
55.224977910000916,0.4284629705709755
55.233311240000916,0.3355228504620133
55.24164457000092,0.23568513592785775
55.24997790000092,0.13071195910707886
55.25831123000092,0.022842988782085544
55.26664456000092,-0.08509976149815106
55.27497789000092,-0.1895282406641049
55.28331122000092,-0.28593755074351734
55.29164455000092,-0.3689417961762044
55.299977880000924,-0.4325663836552564
55.30831121000092,-0.47118591373609175
55.31664454000092,-0.4810181503817287
55.32497787000092,-0.4613595954024772
55.33331120000092,-0.4149148253325768
55.34164453000092,-0.3468548535387691
55.34997786000092,-0.26335305400553377
55.35831119000092,-0.1702901617947526
55.36664452000092,-0.0726965125446972
55.374977850000924,0.025371578827836302
55.38331118000092,0.12076696653289777
55.39164451000092,0.21105641358552119
55.39997784000092,0.2943715842422274
55.40831117000092,0.3692946472936521
55.41664450000092,0.43473690355216776
55.42497783000092,0.48992100085419615
55.433311160000926,0.5342999927503592
55.441644490000925,0.567545551407688
55.449977820000925,0.5895416146625656
55.458311150000924,0.6003773412601686
55.46664448000092,0.6003411714900787
55.47497781000092,0.5899636782755452
55.48331114000092,0.5700394664461952
55.49164447000092,0.5416324134620893
55.49997780000092,0.5061288721531345
55.508311130000926,0.4652524456634527
55.516644460000926,0.42105026583420324
55.524977790000925,0.37587721636833826
55.533311120000924,0.3322839604474911
55.54164445000092,0.29277645460852925
55.54997778000092,0.25956105515775024
55.55831111000092,0.23417052831083873
55.56664444000093,0.2172605305030991
55.57497777000093,0.20847821448572176
55.58331110000093,0.2065923029176071
55.591644430000926,0.20969176789836655
55.599977760000925,0.21557655412680227
55.608311090000925,0.22202661985116473
55.616644420000924,0.22698768240101963
55.62497775000092,0.22868593358049766
55.63331108000092,0.2256780121098919
55.64164441000093,0.21686163433773026
55.64997774000093,0.20140932953557567
55.65831107000093,0.17879487574935288
55.666644400000926,0.14872770624374407
55.674977730000926,0.11112268895000252
55.683311060000925,0.06610330754767174
55.691644390000924,0.014000982019805349
55.69997772000093,-0.044649211492087254
55.70831105000093,-0.1091161997011578
55.71664438000093,-0.17847861482850627
55.72497771000093,-0.2515458705380181
55.73331104000093,-0.3268954242804514
55.74164437000093,-0.40279813308697243
55.749977700000926,-0.4772455814177079
55.758311030000925,-0.547944872416498
55.766644360000925,-0.6123356592746121
55.77497769000093,-0.6676751749325365
55.78331102000093,-0.7111899630644548
55.79164435000093,-0.7403203777532305
55.79997768000093,-0.7529641861762527
55.80831101000093,-0.7477481891720582
55.81664434000093,-0.7240574880697258
55.824977670000926,-0.6820936955918296
55.83331100000093,-0.6227537041193953
55.84164433000093,-0.5474290840238433
55.84997766000093,-0.45795575861009385
55.85831099000093,-0.3564315560009371
55.86664432000093,-0.24510357807175223
55.87497765000093,-0.1263487890586743
55.88331098000093,-0.0026179415355344704
55.89164431000093,0.12362083054589994
55.89997764000093,0.24996288082989546
55.90831097000093,0.37412267537601374
55.91664430000093,0.4939545422301828
55.92497763000093,0.6075071186216143
55.93331096000093,0.7130311563206421
55.94164429000093,0.8089710435523643
55.94997762000093,0.8939978501164976
55.95831095000093,0.966951853979156
55.966644280000935,1.026888308164564
55.974977610000934,1.0730403143557163
55.98331094000093,1.104788773327476
55.99164427000093,1.121693443833234
55.99997760000093,1.1234920392681007
56.00831093000093,1.110073633333909
56.01664426000093,1.081481854986947
56.02497759000093,1.0379202751377792
56.03331092000093,0.9797588552921116
56.041644250000935,0.9075481011151465
56.049977580000935,0.8220685146038981
56.058310910000934,0.7243254591722748
56.06664424000093,0.6156040511309335
56.07497757000093,0.49754924580659565
56.08331090000093,0.3722609727844652
56.09164423000093,0.24242111232881552
56.09997756000094,0.11147628026467989
56.108310890000936,-0.016205804560728922
56.116644220000936,-0.1352095953904904
56.124977550000935,-0.23929099778073595
56.133310880000934,-0.3219883770935328
56.14164421000093,-0.3779461787442755
56.14997754000093,-0.40455258450776865
56.15831087000093,-0.4028144712198374
56.16664420000093,-0.37683529562313955
56.17497753000094,-0.33241414501320216
56.18331086000094,-0.2755051411008549
56.191644190000936,-0.21132841722717416
56.199977520000935,-0.14411936767433756
56.208310850000935,-0.07717007376157799
56.216644180000934,-0.012970746459416501
56.22497751000093,0.04661416201389206
56.23331084000094,0.10017610866928617
56.24164417000094,0.1466898984383795
56.24997750000094,0.1854002738937358
56.25831083000094,0.21583175390692377
56.266644160000936,0.2377383239988261
56.274977490000936,0.25107304200109287
56.283310820000935,0.25600171812177436
56.291644150000934,0.2529336522795115
56.29997748000093,0.24248401108778272
56.30831081000094,0.22551511070191202
56.31664414000094,0.20317245168541906
56.32497747000094,0.17688656720192744
56.33331080000094,0.14837245826179138
56.34164413000094,0.11959003636589316
56.349977460000936,0.09265524595647016
56.358310790000935,0.06969742391258343
56.36664412000094,0.052624468268985806
56.37497745000094,0.04290626646927975
56.38331078000094,0.04129675087692934
56.39164411000094,0.047702912857522047
56.39997744000094,0.061206605041046525
56.40831077000094,0.08027383084998065
56.41664410000094,0.10300425203741001
56.424977430000936,0.1273791691341008
56.433310760000936,0.15144895146943133
56.44164409000094,0.17345727940052313
56.44997742000094,0.19191023922139577
56.45831075000094,0.2055755751456869
56.46664408000094,0.21352997919164912
56.47497741000094,0.2150679926548167
56.48331074000094,0.20973779918155291
56.49164407000094,0.19731665090666747
56.499977400000944,0.17776569078480328
56.50831073000094,0.15122349663231255
56.51664406000094,0.11799703186096325
56.52497739000094,0.07855260545772236
56.53331072000094,0.0335500517562752
56.54164405000094,-0.016167403528000692
56.54997738000094,-0.06963431892548935
56.55831071000094,-0.1257105093412006
56.56664404000094,-0.18309698376992523
56.574977370000944,-0.24036827510591308
56.58331070000094,-0.29596410173557175
56.59164403000094,-0.3482700537645499
56.59997736000094,-0.3956437146202754
56.60831069000094,-0.4364869966465264
56.61664402000094,-0.46923440005728706
56.62497735000094,-0.49245702528422564
56.633310680000946,-0.5047641811421583
56.641644010000945,-0.5048797141805875
56.649977340000945,-0.4915846038575864
56.658310670000944,-0.4636881819814672
56.66664400000094,-0.42021528032961725
56.67497733000094,-0.3605319461343423
56.68331066000094,-0.28456580929895847
56.69164399000094,-0.193100780249412
56.69997732000094,-0.08781869151758415
56.708310650000946,0.028768235728676803
56.716643980000946,0.15351572407438902
56.724977310000945,0.2829716050527626
56.733310640000944,0.4137150508233176
56.74164397000094,0.5425197096583292
56.74997730000094,0.6665037472485735
56.75831063000094,0.7831539705148723
56.76664396000095,0.890338939959253
56.77497729000095,0.9862722084619534
56.78331062000095,1.069474809179351
56.791643950000946,1.1387593299331893
56.799977280000945,1.1931624976564197
56.808310610000945,1.2319702199926956
56.816643940000944,1.254650633377126
56.82497727000094,1.2608442932838473
56.83331060000094,1.2503793384066602
56.84164393000095,1.2232635917003323
56.84997726000095,1.1796696078088915
56.85831059000095,1.119943851812186
56.866643920000946,1.0446326865601394
56.874977250000946,0.9544813297896124
56.883310580000945,0.8504473424195215
56.891643910000944,0.7337754822688839
56.89997724000095,0.6060302094012148
56.90831057000095,0.4691933653934734
56.91664390000095,0.32577869069593535
56.92497723000095,0.17897021160471027
56.93331056000095,0.032797010674939814
56.94164389000095,-0.10774809479435868
56.949977220000946,-0.23676418314324407
56.958310550000945,-0.3478833841429915
56.966643880000944,-0.43523131716802615
56.97497721000095,-0.4949875282473505
56.98331054000095,-0.5264839901931085
56.99164387000095,-0.5322485472943942
56.99997720000095,-0.5170171276055736
57.00831053000095,-0.4863023494805319
57.01664386000095,-0.44528224536747146
57.024977190000946,-0.3982729474753489
57.03331052000095,-0.3486507697886083
57.04164385000095,-0.29898762564733833
57.04997718000095,-0.25121889670152975
57.05831051000095,-0.2067615851194364
57.06664384000095,-0.16664603146915247
57.07497717000095,-0.13155517167912498
57.08331050000095,-0.10192186584283115
57.09164383000095,-0.07794470310314806
57.09997716000095,-0.05960068613928648
57.10831049000095,-0.04666172018710854
57.11664382000095,-0.03868563504020888
57.12497715000095,-0.03496814589857598
57.13331048000095,-0.03461265902699085
57.14164381000095,-0.03646491263507263
57.14997714000095,-0.03918125142775365
57.15831047000095,-0.04123363305783203
57.166643800000955,-0.041007466876456684
57.174977130000954,-0.036941546930117704
57.18331046000095,-0.027645635470019587
57.19164379000095,-0.012145624557188156
57.19997712000095,0.00998254315879619
57.20831045000095,0.03858649797281362
57.21664378000095,0.07295942188683809
57.22497711000095,0.11190691026921272
57.23331044000095,0.15389283184323013
57.241643770000955,0.19729486064080695
57.249977100000955,0.24047258842225291
57.258310430000954,0.2819231153268777
57.26664376000095,0.320281889069771
57.27497709000095,0.35443923986987974
57.28331042000095,0.3834656957453142
57.29164375000095,0.40664113916579925
57.29997708000096,0.42346844830860864
57.308310410000956,0.43361071361923714
57.316643740000956,0.4368779912854826
57.324977070000955,0.433216378726823
57.333310400000954,0.4226954602884796
57.34164373000095,0.40549483684139265
57.34997706000095,0.38189098454689324
57.35831039000095,0.35224496825138185
57.36664372000095,0.31699403240904855
57.37497705000096,0.2766751680985788
57.38331038000096,0.23190524372539228
57.391643710000956,0.1833492131790407
57.399977040000955,0.13171200290885637
57.408310370000954,0.07773267098216387
57.416643700000954,0.022210550482864546
57.42497703000095,-0.03395899887976898
57.43331036000096,-0.08981256715557019
57.44164369000096,-0.14429311433473574
57.44997702000096,-0.19612874096074243
57.45831035000096,-0.24380138932753415
57.466643680000956,-0.2854864892004297
57.474977010000956,-0.31894342646616325
57.483310340000955,-0.34145673160347556
57.491643670000954,-0.3499188720879184
57.49997700000095,-0.3411101921606458
57.50831033000096,-0.31226395640522336
57.51664366000096,-0.2617987750366719
57.52497699000096,-0.18998110687505307
57.53331032000096,-0.09907744025779319
57.54164365000096,0.007094487635093781
57.549976980000956,0.12389822893724851
57.558310310000955,0.24654539314533605
57.56664364000096,0.3706323922429251
57.57497697000096,0.4923424076051976
57.58331030000096,0.6085008564781665
57.59164363000096,0.7165170105623985
57.59997696000096,0.8143097431691407
57.60831029000096,0.9002099047695142
57.61664362000096,0.972896507227089
57.624976950000956,1.031344894178616
57.633310280000956,1.0747631353211002
57.64164361000096,1.1025758163079675
57.64997694000096,1.1144186402058365
57.65831027000096,1.1100958714461948
57.66664360000096,1.089578087912741
57.67497693000096,1.0530035467568204
57.68331026000096,1.0006803197646086
57.69164359000096,0.9330892665370384
57.699976920000964,0.8509112566704551
57.70831025000096,0.7550662957924865
57.71664358000096,0.646705709155359
57.72497691000096,0.5273082396450657
57.73331024000096,0.39872448028566476
57.74164357000096,0.2632915628143372
57.74997690000096,0.12394601480212776
57.75831023000096,-0.01563543920713563
57.76664356000096,-0.15094197293386624
57.774976890000964,-0.27667156715943214
57.78331022000096,-0.3870982277026128
57.79164355000096,-0.4768014543290779
57.79997688000096,-0.5419156545640447
57.80831021000096,-0.5811389517008734
57.81664354000096,-0.5960203533951219
57.82497687000096,-0.5902248234204052
57.833310200000966,-0.5684147410884679
57.841643530000965,-0.5352438358235327
57.849976860000965,-0.4947415065765732
57.858310190000964,-0.450134927677094
57.86664352000096,-0.40389746162631496
57.87497685000096,-0.3578648477296211
57.88331018000096,-0.3133872931347748
57.89164351000096,-0.27139493541862214
57.89997684000096,-0.23251885661312066
57.908310170000966,-0.19711817398950748
57.916643500000966,-0.16530465835874047
57.924976830000965,-0.13697176538963843
57.933310160000964,-0.1118271255612732
57.94164349000096,-0.0894068638746035
57.94997682000096,-0.06902756671720167
57.95831015000096,-0.049885035185244855
57.96664348000097,-0.03103814783797272
57.97497681000097,-0.011479890048753352
57.98331014000097,0.009793911964206153
57.991643470000966,0.03372513601873744
57.999976800000965,0.0610304487858136
58.008310130000964,0.09219799861257857
58.016643460000964,0.12740444211543853
58.02497679000096,0.1664631903311611
58.03331012000096,0.2088524061111386
58.04164345000097,0.2537878759704974
58.04997678000097,0.30035866490484364
58.05831011000097,0.3475578567603257
58.066643440000966,0.3943176235099469
58.074976770000966,0.4396242798346766
58.083310100000965,0.4825914546523605
58.091643430000964,0.5224179577202184
58.09997676000097,0.5583930722130206
58.10831009000097,0.5899003279395452
58.11664342000097,0.616441452718701
58.12497675000097,0.6376052068079152
58.13331008000097,0.6530307844049246
58.14164341000097,0.6624049574947415
58.149976740000966,0.6654561423703937
58.158310070000965,0.6619501479788399
58.166643400000964,0.6516888225192199
58.17497673000097,0.6345119501887422
58.18331006000097,0.610304523819364
58.19164339000097,0.579024143731955
58.19997672000097,0.540700552669817
58.20831005000097,0.49543150020346294
58.21664338000097,0.44339325689045034
58.224976710000966,0.38484693283971244
58.23331004000097,0.32015646971115164
58.24164337000097,0.2498080296135395
58.24997670000097,0.17442819279130561
58.25831003000097,0.0948313093783313
58.26664336000097,0.012084120767101837
58.27497669000097,-0.07251655778602303
58.28331002000097,-0.1573169193266784
58.29164335000097,-0.24018118832659832
58.29997668000097,-0.31836916024494505
58.30831001000097,-0.3884271448984426
58.31664334000097,-0.4460827243015153
58.32497667000097,-0.4863801074192035
58.33331000000097,-0.5042711299883766
58.34164333000097,-0.4957050786146796
58.34997666000097,-0.4588953954116599
58.35830999000097,-0.39502462245715836
58.366643320000975,-0.30808465906541066
58.374976650000974,-0.20378432320592904
58.38330998000097,-0.08818931569066125
58.39164331000097,0.033148359347061965
58.39997664000097,0.15551340540305392
58.40830997000097,0.2751139531152182
58.41664330000097,0.38893635274287924
58.42497663000097,0.4946183911212146
58.43330996000097,0.5902956011064222
58.441643290000975,0.6745026417896481
58.449976620000974,0.7461013006609483
58.458309950000974,0.8041936190852357
58.46664328000097,0.8481277983528547
58.47497661000097,0.877446931278497
58.48330994000097,0.8918622711406656
58.49164327000097,0.8912558659691553
58.49997660000098,0.8756803419938216
58.508309930000976,0.8453593087037012
58.516643260000976,0.8006867352514456
58.524976590000975,0.7422491012109935
58.533309920000974,0.670872961499451
58.54164325000097,0.5876210196886027
58.54997658000097,0.4938659425293563
58.55830991000097,0.3913426246648619
58.56664324000097,0.2822309137299475
58.57497657000098,0.169242383412628
58.58330990000098,0.05570644029810191
58.591643230000976,-0.0544247252480969
58.599976560000975,-0.15666303819850605
58.608309890000974,-0.24638385391002596
58.616643220000974,-0.3194207894036177
58.62497655000097,-0.3728821210668086
58.63330988000098,-0.40578190055369223
58.64164321000098,-0.4192292296451365
58.64997654000098,-0.4159131902287785
58.65830987000098,-0.3993335062564575
58.666643200000976,-0.3730576865600843
58.674976530000976,-0.3402679792180838
58.683309860000975,-0.3035735426745228
58.691643190000974,-0.26498978362309966
58.69997652000097,-0.22604469534093163
58.70830985000098,-0.18779534085909663
58.71664318000098,-0.15097103440884613
58.72497651000098,-0.11602434827387964
58.73330984000098,-0.08316862849548991
58.74164317000098,-0.052418986919619916
58.749976500000976,-0.023633759877374646
58.758309830000975,0.0034446127408313534
58.76664316000098,0.02915568840053765
58.77497649000098,0.05394177386831292
58.78330982000098,0.07829629850236504
58.79164315000098,0.10268134671908913
58.79997648000098,0.12749825461736836
58.80830981000098,0.15310569756247194
58.81664314000098,0.179778304625991
58.824976470000976,0.20765885706828438
58.833309800000976,0.2367624255806363
58.84164313000098,0.2669928839108517
58.84997646000098,0.2981690263473223
58.85830979000098,0.33005540607940603
58.86664312000098,0.36239071092328334
58.87497645000098,0.39490649851537246
58.88330978000098,0.4273485148769137
58.89164311000098,0.4594817813061789
58.899976440000984,0.4910794568654022
58.90830977000098,0.5219015434714163
58.91664310000098,0.551667885934659
58.92497643000098,0.5800301171934107
58.93330976000098,0.6065477672393267
58.94164309000098,0.6306813472333507
58.94997642000098,0.6518361046337475
58.95830975000098,0.6693443935619022
58.96664308000098,0.6824602937595221
58.974976410000984,0.6903922116013566
58.98330974000098,0.6923994589783536
58.99164307000098,0.6877683994238012
58.99997640000098,0.6758353362854934
59.00830973000098,0.6560746351161038
59.01664306000098,0.6280579107447095
59.02497639000098,0.5914554316330999
59.033309720000986,0.5460943464758836
59.041643050000985,0.4919597968088761
59.049976380000984,0.4291737377382251
59.058309710000984,0.3580086977596328
59.06664304000098,0.2788967431560589
59.07497637000098,0.1924401278748092
59.08330970000098,0.09943312464580263
59.09164303000098,0.0009112279352252597
59.09997636000098,-0.1017741570721325
59.108309690000986,-0.20695056196671374
59.116643020000986,-0.31243843213662337
59.124976350000985,-0.4154271765240816
59.133309680000984,-0.5122907667098758
59.14164301000098,-0.5983547879490015
59.14997634000098,-0.667862829702588
59.15830967000098,-0.714385596343302
59.16664300000099,-0.7318514279136987
59.17497633000099,-0.7162656374938551
59.18330966000099,-0.6673299817734918
59.191642990000986,-0.588694529572852
59.199976320000985,-0.4866525412203098
59.208309650000984,-0.36834077951985206
59.216642980000984,-0.2404082677461017
59.22497631000098,-0.1083756170170668
59.23330964000098,0.023359190222639444
59.24164297000099,0.15138860719498157
59.24997630000099,0.27306736111705954
59.25830963000099,0.38633170568997766
59.266642960000986,0.4895608664942064
59.274976290000986,0.5814824099640822
59.283309620000985,0.6610964053111491
59.291642950000984,0.7276232300593292
59.29997628000099,0.7805095323136697
59.30830961000099,0.8193800350885547
59.31664294000099,0.844029321511506
59.32497627000099,0.854418394883337
59.33330960000099,0.8506758776064983
59.34164293000099,0.8331359202873984
59.349976260000986,0.8023270717521831
59.358309590000985,0.7589854641533591
59.366642920000984,0.7041187499303273
59.37497625000099,0.6390110882645953
59.38330958000099,0.5652747321821364
59.39164291000099,0.4849073210804319
59.39997624000099,0.4002999573599902
59.40830957000099,0.3142592346038728
59.41664290000099,0.22993129073567595
59.424976230000986,0.1506147146956392
59.43330956000099,0.0795007436369757
59.44164289000099,0.019256286244534036
59.44997622000099,-0.02842258053793905
59.45830955000099,-0.0630178258440248
59.46664288000099,-0.08513888898701434
59.47497621000099,-0.09630970974111282
59.48330954000099,-0.0984993606361829
59.49164287000099,-0.09379121133345565
59.49997620000099,-0.08411843172636826
59.50830953000099,-0.07108482762204783
59.51664286000099,-0.05597399611130279
59.52497619000099,-0.03970306497589389
59.53330952000099,-0.02289731827092623
59.54164285000099,-0.005974507121732943
59.54997618000099,0.010814265908259629
59.55830951000099,0.027340855295472123
59.566642840000995,0.04355935272114125
59.574976170000994,0.05947080506482796
59.58330950000099,0.07509498057530077
59.59164283000099,0.09044930552627506
59.59997616000099,0.10553426069072269
59.60830949000099,0.12032538735535249
59.61664282000099,0.13477232981907752
59.62497615000099,0.14880444952750538
59.63330948000099,0.1623421554055195
59.641642810000995,0.1753131800501296
59.649976140000994,0.1876731517230147
59.658309470000994,0.19942861206413823
59.66664280000099,0.2106587936789988
59.67497613000099,0.22153354679989062
59.68330946000099,0.23232774488166985
59.69164279000099,0.24346613559729968
59.699976120001,0.25548864555941236
59.708309450000996,0.26897970918284997
59.716642780000996,0.28450782992039253
59.724976110000995,0.3025962346738507
59.733309440000994,0.32363671847179837
59.74164277000099,0.34775368453509886
59.74997610000099,0.3747407128208211
59.75830943000099,0.40402743087178156
59.76664276000099,0.4347160859526177
59.774976090001,0.46566831222755745
59.783309420001,0.495518088611104
59.791642750000996,0.5228536459195526
59.799976080000995,0.5462574994246583
59.808309410000994,0.5644226896004819
59.816642740000994,0.5761462678930998
59.82497607000099,0.5804079900832075
59.833309400001,0.5763363363105977
59.841642730001,0.5632770002927179
59.849976060001,0.5407364146492796
59.858309390001,0.5083890579167895
59.866642720000996,0.46611440975723545
59.874976050000996,0.41395226973656246
59.883309380000995,0.3521048090619089
59.891642710000994,0.2809459562866519
59.89997604000099,0.20102411839163484
59.908309370001,0.11307351153178834
59.916642700001,0.018071156953991738
59.924976030001,-0.08270544936066819
59.933309360001,-0.1876604182122582
59.941642690001,-0.2947200406274023
59.949976020000996,-0.40118231622918243
59.958309350000995,-0.5035246201978023
59.966642680001,-0.5971388756048193
59.974976010001,-0.6761675338217855
59.983309340001,-0.7337354159388622
59.991642670001,-0.762805036090453
