time_s,experiment_bob3_z,model_theta3_z
0.0,-1.0815705311327395,0.10135096462788004
0.0249900000000025,-1.1244540760642254,0.10054355681661899
0.049980000000005,-1.1764218003833162,0.08983404594338154
0.0749700000000075,-1.2092690863641016,0.050431251458833475
0.09996000000001,-1.2172975093139815,-0.036881606524022184
0.1249500000000125,-1.2104917032524491,-0.1824843031338652
0.149940000000015,-1.1622614583253263,-0.3824668500938268
0.1749300000000175,-1.017295612040278,-0.618467424015344
0.19992000000002,-0.6571623412128056,-0.8574677593393694
0.2249100000000226,0.08914724759588678,-0.963594760825436
0.2499000000000251,1.2772436701256897,0.17766895289224244
0.2748900000000276,2.6508894993538497,3.247622537908645
0.2998800000000301,3.7710055181085185,4.950334131917611
0.3248700000000326,4.342066320814236,4.897730810462648
0.3498600000000351,4.3504112845570635,4.334082315804697
0.3748500000000376,3.9211315281947416,3.5402015366232744
0.3998400000000401,3.1821322553795404,2.5847752284265537
0.4248300000000427,2.376531244330599,1.5207489633105828
0.4498200000000452,1.5912007980290837,0.4122864409368336
0.4748100000000477,0.7535211764420312,-0.6663395780692205
0.4998000000000502,-0.20812134255789574,-1.6347247136851353
0.5247900000000527,-1.1114377181884643,-2.415859236216914
0.5497800000000552,-1.9063898170366624,-2.9657462043651543
0.5747700000000577,-2.536764357886849,-3.2833607550001904
0.5997600000000602,-2.978959941845106,-3.4110729777953126
0.6247500000000628,-3.212694251100033,-3.410665942209363
0.6497400000000653,-3.23131793300141,-3.310015877892357
0.6747300000000678,-3.026700441277843,-3.0657213023049437
0.6997200000000703,-2.613123553886579,-2.605758540471543
0.7247100000000728,-2.027179958733969,-1.9000568483784241
0.7497000000000753,-1.3629819403956875,-1.0314123635786439
0.7746900000000778,-0.7512617985462564,-0.6186515117785856
0.7996800000000803,-0.3738313489055603,-2.1244626687440236
0.8246700000000828,-0.39291371783526285,-3.7895881921438015
0.8496600000000853,-0.77839437544461,-3.8052340423676814
0.8746500000000879,-1.2231322331639576,-2.898363777848571
0.8996400000000904,-1.3816680011739444,-1.7085973543439132
0.9246300000000928,-1.1213633142093367,-0.4181512989610929
0.9496200000000954,-0.5149188058148579,0.8970137559135708
0.974610000000098,0.275090333129837,2.1701626430702343
0.9996000000001004,1.1094925761684555,3.3368818730035907
1.024590000000103,1.8974301262691147,4.331828535332493
1.0495800000001054,2.5740526446356946,5.075486524664356
1.074570000000108,3.087190897660568,5.484359184844552
1.0995600000001104,3.4238984343873127,5.488692835382146
1.124550000000113,3.5760771446982265,5.080298858309418
1.1495400000001157,3.5226043459944885,4.340574730461617
1.174530000000118,3.2289476752976745,3.447391585028103
1.1995200000001205,2.6950979764602976,2.56195591929184
1.224510000000123,1.9014480608808362,1.6176797263176323
1.2495000000001255,0.8766979924580451,0.4042212619003227
1.274490000000128,-0.3037930833969531,-1.087466251193358
1.2994800000001303,-1.516573820804738,-2.50750887771019
1.324470000000133,-2.613050420533554,-2.6441394722392695
1.3494600000001356,-3.3804775630382737,-1.1249064334522962
1.374450000000138,-3.6584804436391725,0.2547515645504243
1.3994400000001406,-3.377047750476823,0.6683718459027241
1.424430000000143,-2.6670141866279304,0.4973654688237138
1.4494200000001456,-1.8215049666176721,0.16322465707935205
1.474410000000148,-1.1145912752703457,-0.19190442884602346
1.4994000000001506,-0.6501862816734746,-0.5380133658097913
1.5243900000001531,-0.3888463535886194,-0.8573547623464938
1.5493800000001556,-0.2406496550382768,-1.1325462975310925
1.574370000000158,-0.13186050415491726,-1.3477243629590903
1.5993600000001609,-0.036856362556453984,-1.4900466187148846
1.6243500000001632,0.07742804758802821,-1.5400127566542594
1.6493400000001657,0.22646753016639223,-1.4215956471449862
1.6743300000001682,0.41398109419026746,-1.012294379157611
1.6993200000001707,0.6153128140905956,-0.22541841310307537
1.7243100000001732,0.8195430552453872,0.7414543520846714
1.7493000000001755,1.0220202132782352,1.380816914841964
1.7742900000001782,1.2429056597977945,1.740996237074552
1.7992800000001807,1.5298085746518502,2.3350439311941074
1.8242700000001832,1.9117068664194152,3.18828172758075
1.8492600000001855,2.332621292234591,3.9045307909481726
1.8742500000001885,2.6871827689982735,3.685429255694576
1.8992400000001908,2.8902257597203187,2.04562228273962
1.9242300000001933,2.8327908271806694,-0.10559615604314158
1.949220000000196,2.3908500772267645,-2.0358959551573226
1.9742100000001983,1.5158748468967822,-3.4246118381216384
1.9992000000002008,0.28800526994344344,-4.249798846987885
2.0241900000002038,-1.1044080617323355,-4.645145235200537
2.049180000000206,-2.3889857165858297,-4.725517113874969
2.0741700000002083,-3.3688130959305145,-4.552012118304712
2.099160000000211,-3.9594268344824974,-4.146410756022656
2.1241500000002134,-4.173918028675378,-3.5306043591849026
2.149140000000216,-4.05756675216722,-2.734884040617164
2.1741300000002184,-3.6795996677322984,-1.7976793099244768
2.199120000000221,-3.0990865656926716,-0.7849761930392635
2.2241100000002234,-2.387086193942096,0.1438852841804784
2.249100000000226,-1.578780893412634,0.6611793752199687
2.2740900000002284,-0.7298954763680011,0.5629875692245543
2.299080000000231,0.10201698516075865,0.6088949329825237
2.324070000000233,0.8433609900849638,1.0449833236434074
2.349060000000236,1.4317806700440547,1.1450193948702265
2.3740500000002385,1.8092567056256934,0.83923147676872
2.399040000000241,1.9179696146736813,0.3908122525117228
2.4240300000002435,1.7721334054242737,0.11203237764387923
2.449020000000246,1.4981461257136324,0.3608664342831894
2.4740100000002485,1.2294747061095577,1.2275885518307597
2.499000000000251,1.0458082532068966,2.3866039962816936
2.523990000000253,1.0040679257963263,3.517962603245087
2.548980000000256,1.159909461213202,4.41640926964721
2.5739700000002586,1.5023469249206887,4.933436794272176
2.598960000000261,1.9449021471699717,4.939511416550068
2.623950000000264,2.3259845978643017,4.396430686899491
2.648940000000266,2.515010527042762,3.3973805444950655
2.6739300000002686,2.409744397445416,2.0996759400819625
2.698920000000271,1.9791218090496285,0.6505363066013972
2.7239100000002736,1.2797761016827274,-0.8342833293988023
2.748900000000276,0.39756642714973317,-2.230684200078045
2.773890000000278,-0.5705279514425301,-3.331042808641512
2.798880000000281,-1.536270736216769,-3.785122008801243
2.823870000000284,-2.3831767315805963,-3.3688997228300606
2.848860000000286,-3.062759408039794,-2.9202123713620214
2.8738500000002887,-3.5089203928649666,-2.949461648616413
2.898840000000291,-3.6860052423456935,-2.685074549664838
2.9238300000002937,-3.5469776250065737,-1.9748477810817433
2.948820000000296,-3.1204095394148204,-1.0123544739231083
2.9738100000002987,-2.453883964291251,0.03371866042834245
2.998800000000301,-1.6345839457604003,1.074390110854978
3.023790000000304,-0.7310889788172217,2.0083570337616337
3.0487800000003062,0.19710154249460757,2.700569373412912
3.0737700000003088,1.0848235997939757,3.013323407280093
3.0987600000003117,1.859716739227997,2.8843509409169656
3.1237500000003138,2.428381584862906,2.3789214356635235
3.1487400000003163,2.733010649431521,1.629632239782636
3.173730000000319,2.719889308001314,0.785051096973272
3.1987200000003213,2.4299637702575887,0.07031570909570119
3.223710000000324,1.9458119758315393,-0.17659985568880587
3.2487000000003263,1.3905818631394735,0.2439288732437053
3.273690000000329,0.8868054846133486,1.083853344017283
3.298680000000332,0.5303428564827456,1.9833086361910268
3.323670000000334,0.36117563112752477,2.614562156145627
3.3486600000003364,0.35532183487355373,2.5333517986263345
3.373650000000339,0.4566511725838215,1.4084496509352336
3.3986400000003414,0.5895254066283597,0.15055917518848375
3.423630000000344,0.6882635500921102,-0.1901950114578323
3.4486200000003464,0.6845007612126048,-0.3873585820896312
3.473610000000349,0.5134234379952124,-0.8407612140018612
3.4986000000003514,0.11001059480685141,-1.4329003555029822
3.523590000000354,-0.5123514634436676,-2.004629947851001
3.5485800000003564,-1.2594812522310812,-2.483080119327301
3.573570000000359,-2.0116034936168052,-2.843933064705663
3.598560000000361,-2.6870613164682426,-3.0667618492558724
3.623550000000364,-3.20413070326109,-3.1349351980477933
3.6485400000003674,-3.5254626433566956,-3.038406735925392
3.673530000000369,-3.6265985548123343,-2.7373594284068794
3.698520000000372,-3.4946647840026612,-2.1085422286868756
3.723510000000374,-3.0917498203131095,-0.9649948635136448
3.748500000000377,-2.386946074442789,0.7299430279085571
3.773490000000379,-1.3867463923406662,2.6058041376051846
3.7984800000003816,-0.18322421656999127,3.822357563579254
3.823470000000384,1.0895144172110311,3.5873406395177945
3.8484600000003866,2.2496998776939074,2.5288209427854724
3.873450000000389,3.135574179651486,1.3965064223729717
3.898440000000392,3.6405645506609883,0.665052734485861
3.923430000000394,3.721818592612109,0.6605183995065346
3.9484200000003966,3.4123200558329514,1.1959988778833703
3.973410000000399,2.8404570694244855,1.5120999561344164
3.9984000000004016,2.164226038122167,1.201942105090953
4.023390000000404,1.5017809228306267,0.5949534410858005
4.048380000000407,0.9678334091688909,-0.010210254532737925
4.073370000000409,0.5988153714729991,-0.5276955234568902
4.098360000000412,0.36124045452402304,-0.9652328714168146
4.123350000000414,0.15933902211176895,-1.3305722107941547
4.148340000000417,-0.06738598879725936,-1.6167925683787432
4.173330000000419,-0.31687806213124425,-1.8098743683813416
4.198320000000422,-0.539486212400655,-1.9015436139954511
4.223310000000424,-0.7185320373238997,-1.8896294651004761
4.248300000000427,-0.8569346892260027,-1.7764814465984449
4.273290000000429,-0.9614129997134434,-1.6012022706486253
4.298280000000432,-1.03919439142858,-1.5879785028606974
4.323270000000434,-1.1354964259888003,-2.1905019256908407
4.348260000000437,-1.319268628629118,-3.196421051857475
4.373250000000439,-1.6159270728663324,-3.2206809503971385
4.398240000000442,-1.9993464817168913,-1.9202687979367468
4.423230000000444,-2.3993803665922537,-0.19268659817170594
4.448220000000447,-2.663706480588498,1.4805082721955767
4.473210000000449,-2.6024702427362976,2.810802940175721
4.498200000000452,-2.07748466384392,3.564546608812445
4.523190000000454,-1.133073553338461,3.7016077680410056
4.548180000000457,0.04805209824259235,3.445287779341725
4.573170000000459,1.2519247540139942,3.078093685615455
4.598160000000462,2.3055755344884514,2.7754441670478953
4.623150000000464,3.066195703300418,2.56430335259292
4.648140000000467,3.5023065864282694,2.3731125945176386
4.673130000000469,3.6274401081010543,2.1266303155546846
4.698120000000472,3.4819139002083994,1.787473731538341
4.723110000000474,3.1186958635711277,1.363022414083444
4.748100000000477,2.6157810449435015,0.8699066976029536
4.77309000000048,1.9962422957308508,0.3111658432506567
4.798080000000482,1.2805841486609577,-0.32059036599499857
4.8230700000004845,0.5024944504837313,-1.0326541670641602
4.848060000000487,-0.2986239289108025,-1.708397621740336
4.8730500000004895,-1.0648601006923855,-1.7637059039652188
4.898040000000492,-1.71811340543535,-0.6858596787381295
4.923030000000495,-2.173299085089791,0.09824646297130617
4.948020000000497,-2.3542415545496143,-0.41084702468850604
4.9730100000005,-2.205871908041909,-1.5527457425952385
4.998000000000502,-1.7543821195602962,-2.772404311502065
5.0229900000005046,-1.2023718089767859,-3.7695151139877683
5.047980000000507,-0.818931778639087,-4.339103094208487
5.07297000000051,-0.799270558685479,-4.365545626005151
5.097960000000512,-1.1194783849535435,-3.848412458083386
5.122950000000515,-1.6059496314512922,-2.89423264639152
5.147940000000517,-2.0242910973679606,-1.6647564057788342
5.17293000000052,-2.2369874936145266,-0.34363935053264394
5.197920000000522,-2.1814769364515256,0.892133891194601
5.222910000000525,-1.8470497747077335,1.902235263000776
5.247900000000527,-1.2841016163010548,2.6054468967378974
5.27289000000053,-0.6005152137864531,2.9977277204970996
5.297880000000532,0.13124047949840195,3.130020963791509
5.322870000000535,0.8511993792440496,3.0935577623709274
5.347860000000537,1.5153576866845229,2.9995492902282272
5.37285000000054,2.1062713216549174,2.9403104656753962
5.397840000000542,2.615324969891011,2.829304793245148
5.422830000000545,3.015064022899867,1.9600401656554567
5.447820000000547,3.277751554612033,-0.07801979011761294
5.47281000000055,3.37813683318241,-1.7019490598510447
5.497800000000552,3.2627950214477974,-2.16052582060234
5.522790000000555,2.8770649833052517,-1.8955208830810353
5.547780000000557,2.1488526888210457,-1.290168093053461
5.57277000000056,1.0619258885451917,-0.5589675387487038
5.597760000000562,-0.22227451386390884,0.1662971055353884
5.622750000000565,-1.3916854789971407,0.8022152394439709
5.647740000000567,-2.139310965550231,1.264987915319001
5.67273000000057,-2.3772413908039716,1.474281972265361
5.697720000000572,-2.2465128771442076,1.3848719146806563
5.722710000000575,-1.9695741510348397,1.014454974328089
5.747700000000577,-1.6887586936417436,0.4358339338827185
5.77269000000058,-1.4378702413673983,-0.2531573312433968
5.797680000000582,-1.2180373469467203,-0.911091491949434
5.822670000000585,-1.0321465439381277,-1.3398353114002806
5.847660000000587,-0.8713397588029062,-1.334651494610623
5.87265000000059,-0.729399374684288,-0.861921818413102
5.897640000000592,-0.6126736955027199,-0.1376925440433275
5.922630000000595,-0.5110627329287499,0.5664730315382043
5.947620000000597,-0.4073843727166782,1.2000446114182421
5.9726100000006,-0.2955470139297415,2.2168478347985285
5.997600000000602,-0.17952079871452717,3.6513349036134612
6.022590000000605,-0.05882148843753308,4.684835064458834
6.047580000000608,0.09375427799838579,5.011968593846667
6.07257000000061,0.3373829436972307,4.695559352943658
6.0975600000006125,0.7551842835086573,3.8699933326901053
6.122550000000615,1.4052274655000385,2.701790573743045
6.1475400000006175,2.284410799916997,1.3439959420479541
6.17253000000062,3.185143705602761,-0.08365504040177962
6.197520000000623,3.739595003575015,-1.4977937051644878
6.222510000000625,3.679623644969028,-2.8064505253127225
6.247500000000628,3.0532467904824965,-3.900708621646205
6.27249000000063,2.079293229001297,-4.659984465407295
6.297480000000633,0.9949790991758591,-4.962132578021882
6.322470000000635,-0.05192137261507968,-4.717609171557721
6.347460000000638,-0.9882242239746193,-3.9291212809052936
6.37245000000064,-1.7868099388650365,-2.7758048893651894
6.397440000000643,-2.421693941132609,-1.6509138164596795
6.422430000000645,-2.8909066478639853,-1.0273776456416592
6.447420000000648,-3.1894022775909723,-0.860524747843998
6.47241000000065,-3.302041953468674,-0.7129233387494661
6.497400000000653,-3.211099515617018,-0.4722652127059175
6.522390000000655,-2.9111104827169774,-0.5747397556098186
6.547380000000658,-2.427717386555524,-1.1943865212965035
6.57237000000066,-1.808674190436029,-1.7533963775455286
6.597360000000663,-1.0991211541382546,-1.9164973325756636
6.622350000000665,-0.3697617571462311,-1.684853167765665
6.647340000000668,0.29214742316146936,-1.1569415724435586
6.67233000000067,0.7678595070874497,-0.4292346867131859
6.697320000000673,0.9316663648367942,0.4111953910864068
6.722310000000675,0.7214948271198445,1.2830445424579473
6.747300000000678,0.3190374381777197,2.114061008158816
6.77229000000068,0.06520189373328379,2.8462759635386186
6.797280000000683,0.1930725247268923,3.4388483294240704
6.822270000000685,0.6927988953645502,3.841741467751169
6.847260000000688,1.366012187534371,3.9711290221579176
6.87225000000069,1.998901655923659,3.7133176990594277
6.897240000000693,2.470515297144217,2.9371562595948024
6.922230000000695,2.7516011407485648,1.596423960530873
6.947220000000698,2.8329017595299493,-0.00042061369398109754
6.9722100000007,2.7369105116502355,-1.233293517897182
6.997200000000703,2.48278365989773,-1.9952450306156193
7.022190000000705,2.0942890114867305,-2.613959262992194
7.047180000000708,1.5784321306617177,-3.095723158826783
7.07217000000071,0.9346799031294086,-3.068822800903456
7.097160000000713,0.1676492761340851,-2.2544580542795707
7.122150000000715,-0.7139543707395388,-0.9882305423998465
7.147140000000718,-1.6605000107108032,0.25640056669159117
7.17213000000072,-2.5839549361860605,1.236987908714582
7.197120000000723,-3.347427791034806,1.923283394832439
7.222110000000725,-3.802521366174535,2.3640949290716238
7.247100000000728,-3.800609957953606,2.6046483007360854
7.27209000000073,-3.2591345853208415,2.672545921695287
7.297080000000733,-2.232943863182786,2.583535359372114
7.322070000000735,-1.0131904171199722,2.347683844447333
7.347060000000738,0.04115097269756264,1.9739488305729087
7.37205000000074,0.6818673766791621,1.4718781481118237
7.397040000000743,0.9268860973355445,0.874714712722053
7.4220300000007455,0.9344414495712376,0.29269584320846104
7.447020000000748,0.8656521729183916,-0.021242078655792876
7.4720100000007506,0.8050175255712069,0.3677791154124558
7.497000000000753,0.7880126928241842,1.3826521581671987
7.521990000000756,0.8199289104292545,2.01067423150932
7.546980000000758,0.8915848081064122,1.9697789428344037
7.571970000000761,0.9790102235192807,1.747061436688579
7.596960000000763,1.037710988347899,1.5180441935687354
7.621950000000766,1.0658867225706634,1.1899692571062594
7.646940000000768,1.0774719613578525,0.5879659566206937
7.671930000000771,1.1063840611673468,-0.3826286407768652
7.696920000000773,1.1814662861759138,-1.6091396933429605
7.721910000000776,1.3127918796976925,-2.8565176843101696
7.746900000000778,1.442773333368461,-3.906992211932572
7.771890000000781,1.4884510547808933,-4.61017569106662
7.796880000000783,1.3397462217990899,-4.901229243272923
7.821870000000786,0.8904888030529942,-4.778469330921114
7.846860000000788,0.0667718218919296,-4.2843658062264565
7.871850000000791,-1.0722273915941032,-3.4819363191624206
7.896840000000793,-2.308509389471183,-2.4369966776122665
7.921830000000796,-3.3426292578805588,-1.218746944493164
7.946820000000798,-3.945213292834332,0.07533106778117872
7.971810000000801,-4.0505921801981115,1.313222315452089
7.996800000000803,-3.736786657567381,2.290444455816171
8.021790000000806,-3.1314724680728183,2.6195065594327103
8.046780000000808,-2.3663996826996727,2.092154687238263
8.07177000000081,-1.5416849701914206,1.5772574213772703
8.096760000000813,-0.7120924636118434,1.5078440741200594
8.121750000000816,0.0850699876811495,1.5102748194590117
8.146740000000818,0.820945714043544,1.411260903956173
8.17173000000082,1.4795566912160174,1.2205168908809827
8.196720000000823,2.051637434320054,0.9939582543643392
8.221710000000826,2.4894781971972963,0.7844560072383027
8.246700000000828,2.733517199045992,0.6465486474939839
8.27169000000083,2.7114173799638364,0.6278852335978921
8.296680000000833,2.4042358186705375,0.7456601732833654
8.321670000000836,1.8737922027840146,0.9696494076763642
8.346660000000838,1.274311615428766,1.204487182527367
8.371650000000841,0.7745371657030915,1.3063140397173405
8.396640000000843,0.5001247471347432,1.1156028136572782
8.421630000000846,0.5230296703632286,0.547897840932559
8.446620000000848,0.8064761229761694,-0.3140328688349399
8.471610000000851,1.206713618603497,-1.2796679865502243
8.496600000000853,1.5102652400270131,-2.1593082178589498
8.521590000000856,1.5418972054577793,-2.8121306643869346
8.546580000000858,1.2369125754321866,-3.147801976901351
8.571570000000861,0.6254250160062356,-3.0009400912358357
8.596560000000864,-0.17632168211220794,-2.0950496463193553
8.621550000000866,-1.0372298060073646,-0.902552760341061
8.646540000000869,-1.8458914263473958,-0.057231711004099434
8.671530000000871,-2.5178252157478322,0.5690281481304349
8.696520000000874,-2.9879098104257453,1.136482658771428
8.721510000000876,-3.235608894138413,1.655253615231455
8.746500000000879,-3.250410789468828,2.0969541847759783
8.771490000000881,-3.105954066178892,2.4406937597123006
8.796480000000884,-2.801588651500497,2.668888096419312
8.821470000000886,-2.286713677070027,2.768512553672784
8.846460000000889,-1.510788327700649,2.730603171311845
8.871450000000891,-0.5557845131418652,2.524531178506891
8.896440000000894,0.5019160890447079,2.0857131025911384
8.921430000000896,1.5380117675684535,1.3408362640220646
8.946420000000899,2.400596947222268,0.3174521303611764
8.971410000000901,2.998969080977048,-0.7223617468984692
8.996400000000904,3.267259502587796,-1.2953800835814504
9.021390000000906,3.1625964762431935,-1.2028086583171336
9.046380000000909,2.7134403313343367,-0.7886066347756518
9.071370000000911,2.0243884713932228,-0.3743637823161949
9.096360000000914,1.242638520921138,-0.07088388186435536
9.121350000000916,0.5161552002471741,0.05042748570159337
9.14634000000092,-0.031105235450227166,-0.26212420822247096
9.17133000000092,-0.36823398043295996,-1.1166772692891078
9.196320000000924,-0.5186566036666834,-1.9775043008414326
9.221310000000926,-0.5364777677977175,-2.4012824062484954
9.246300000000929,-0.4903463837858173,-2.421701198024592
9.271290000000931,-0.44051610910551714,-2.1972406175765347
9.296280000000934,-0.42790105760034847,-1.8345328924591404
9.321270000000936,-0.4722572186701526,-1.37556765876593
9.34626000000094,-0.5720033892387891,-0.8467630844171755
9.37125000000094,-0.7175663039839871,-0.2766184931243533
9.396240000000944,-0.9374725137996492,0.30685624066294304
9.421230000000946,-1.2593521771577505,0.8765336731733887
9.446220000000949,-1.6899955158060385,1.4043058837014304
9.471210000000951,-2.16412331313812,1.8596591950864754
9.496200000000954,-2.5628005889604246,2.2749095507332644
9.521190000000956,-2.773254696472212,2.7839092042455933
9.54618000000096,-2.711878500493743,3.4345328191791453
9.57117000000096,-2.3333396039803627,3.7696144396586377
9.596160000000964,-1.6458387139908348,3.3373653183900505
9.621150000000966,-0.7078600799741185,2.353172813486058
9.646140000000967,0.41024436913846685,1.1335458933837699
9.671130000000971,1.575161627840262,-0.1188123880506573
9.696120000000974,2.6292924759244594,-1.1909627589857552
9.721110000000976,3.4268340518995823,-1.8136998703653342
9.74610000000098,3.8847656265513884,-1.856241439855166
9.77109000000098,3.9464563128497594,-1.505681094821123
9.796080000000984,3.63886284876464,-1.0615909683445515
9.821070000000988,3.0365400447897684,-0.7509301946081092
9.846060000000987,2.2596235924113595,-0.6637129924687828
9.871050000000992,1.4048706058259899,-0.7560095038849288
9.896040000000994,0.5941471574412903,-0.9314573102751748
9.921030000000997,-0.09327589852989907,-1.1045078459028617
9.946020000001,-0.5940317849244471,-1.2238121788369394
9.971010000001002,-0.9194695579986779,-1.2739518015589808
9.996000000001004,-1.0850639239353468,-1.2298206133033143
10.020990000001008,-1.1404628291534513,-1.0431614186835894
10.045980000001007,-1.1288113051726616,-0.6743141649828739
10.070970000001012,-1.1008775786204117,-0.2129459800117985
10.095960000001014,-1.0581270951924415,-0.03154121323253593
10.120950000001017,-1.008695647138577,-0.3713116169175065
10.14594000000102,-0.9771492197299848,-0.38381777027883335
10.170930000001022,-0.9859001884295219,0.5027014878027426
10.195920000001024,-1.049309193392876,1.7642226322640666
10.220910000001028,-1.1924979344581765,2.962112059951986
10.24590000000103,-1.4059576215056016,3.9027651671370136
10.270890000001032,-1.6298755843283268,4.4891564076066555
10.295880000001034,-1.7881870203826158,4.65940630853924
10.320870000001037,-1.791317317724943,4.3801029227151025
10.34586000000104,-1.5155755504985486,3.6773086017066916
10.370850000001042,-0.9067091474969156,2.63975821595883
10.395840000001044,-0.03172781279230838,1.3913225823991326
10.420830000001049,0.9729150522547321,0.0949007398455275
10.44582000000105,1.9507633797988029,-1.0543027048754088
10.470810000001052,2.754222518792308,-1.8684005751223167
10.495800000001054,3.2786242691455003,-2.2507572385891694
10.520790000001057,3.4802606159496294,-2.27217380520708
10.54578000000106,3.365461778861723,-2.1134596384387176
10.570770000001062,2.963888799767595,-1.9778542264391599
10.595760000001064,2.3253097437370056,-2.019875415353322
10.620750000001069,1.5313703894966388,-2.190313013000598
10.64574000000107,0.6760935182862122,-2.059497588241109
10.670730000001072,-0.18507186842727189,-1.0176282211843617
10.695720000001074,-0.9985712406725951,0.41217374602523343
10.720710000001077,-1.7219467166739475,0.9473321665203174
10.74570000000108,-2.284295695971485,0.5326755973063863
10.770690000001082,-2.654166225584106,-0.1337255980409364
10.795680000001084,-2.796119015776568,-0.7434091498401093
10.820670000001089,-2.6734241572644013,-1.2174228733391246
10.84566000000109,-2.2868744284245546,-1.5257894478042264
10.870650000001092,-1.7054228917997858,-1.6430516845917462
10.895640000001094,-1.0432433282057483,-1.5487272398709984
10.920630000001095,-0.47135899057702346,-1.2317039786948494
10.9456200000011,-0.1504801191860251,-0.6991630570766658
10.970610000001102,-0.14770507833661742,0.013643533325595295
10.995600000001104,-0.38554386238140165,0.8455362644412077
11.020590000001109,-0.6843149051553405,1.7083071572106359
11.04558000000111,-0.858629587767096,2.4088473762320657
11.070570000001112,-0.8165791565512345,2.5802778171327327
11.095560000001116,-0.5317521613943161,1.931691194891115
11.120550000001115,-0.02981450661703814,0.7928792193113502
11.14554000000112,0.6061043816531928,-0.22246259041191915
11.170530000001122,1.261619749555161,-0.7358256007873226
11.195520000001125,1.8407127721808536,-0.9319787251572975
11.220510000001129,2.30301383741409,-1.4424827633470187
11.24550000000113,2.628815285378266,-2.5788298400060556
11.270490000001132,2.8085560928772204,-3.707133170302868
11.295480000001136,2.8515927511716948,-4.108370032462683
11.320470000001135,2.735726950661507,-3.687367939497431
11.34546000000114,2.447662954541157,-2.7831250296507735
11.370450000001142,1.990955702669565,-1.6628472659351532
11.395440000001145,1.3497923709990063,-0.4552190656121403
11.420430000001147,0.5221365970270722,0.7614386912715462
11.44542000000115,-0.46902974537138387,1.904481610848924
11.470410000001152,-1.5248601753922097,2.8879139246978465
11.495400000001156,-2.4727869798482023,3.625646391576442
11.520390000001155,-3.083786700251853,4.034983457805887
11.54538000000116,-3.2121881675411776,4.04480035528365
11.570370000001162,-2.8980433247659554,3.6127350335792996
11.595360000001165,-2.3319889423958684,2.7530759649204612
11.620350000001167,-1.7183061086394469,1.6177076817219929
11.64534000000117,-1.1763092988894588,0.7246831348219982
11.670330000001172,-0.7441591288753642,0.8657278554412946
11.695320000001177,-0.4019142298731061,1.6029696427448794
11.720310000001176,-0.1257508272438837,1.9254621796879887
11.74530000000118,0.0848346017027797,1.6059422564423251
11.770290000001182,0.2240753302962253,1.1288233520408866
11.795280000001185,0.31235044753390306,0.9562835961911164
11.820270000001187,0.37530521842416126,1.1477565162168588
11.84526000000119,0.4241439084920834,1.4571978990091297
11.870250000001192,0.464874554683888,1.6175191263860305
11.895240000001197,0.5153020346727798,1.434842060240323
11.920230000001196,0.5880171607001939,0.8572063972921736
11.9452200000012,0.7087058845870383,-0.014924166965997054
11.970210000001202,0.910845242774676,-1.0167429343045244
11.995200000001203,1.2335457364097717,-2.0061469947808463
12.020190000001207,1.672002563767558,-2.8877293302174634
12.04518000000121,2.166967940909953,-3.581628051415678
12.070170000001212,2.554380556946619,-3.9921141581715704
12.095160000001217,2.591477680076858,-4.014729787927105
12.120150000001216,2.0931129608444636,-3.553409765226431
12.14514000000122,1.1176466678031594,-2.5453633846710306
12.170130000001222,-0.06727633969514928,-1.0125871669786897
12.195120000001223,-1.1816393725522365,0.7745093018698158
12.220110000001227,-2.0687110616543323,2.073428038304787
12.24510000000123,-2.6806454002262297,2.2758538348038098
12.270090000001233,-3.0405737876394974,2.0703546425177732
12.295080000001237,-3.1749648438977727,2.0633401757581793
12.320070000001238,-3.1004416882395005,2.204135399486457
12.34506000000124,-2.8447389986774905,2.231320478651397
12.370050000001244,-2.4278117534530175,2.0044432728282913
12.395040000001243,-1.8851778584871135,1.525654305968143
12.420030000001248,-1.2514491718481924,0.8765856104924116
12.44502000000125,-0.5587175204276732,0.14721882268831282
12.470010000001253,0.1469936035284007,-0.5800119027838948
12.495000000001257,0.819389312316693,-1.2193146764510348
12.519990000001258,1.3920160092550837,-1.668743283046609
12.54498000000126,1.8051976355778951,-1.8249493428405774
12.569970000001264,1.9919692680141583,-1.6339363950150647
12.594960000001263,1.9031745607739365,-1.1396620852298518
12.619950000001268,1.5617970026068124,-0.49514256818002
12.64494000000127,1.109834612502582,0.074369505392208
12.669930000001273,0.7916556375558692,0.3179449450422895
12.694920000001275,0.8139555027981963,0.07867086341997873
12.719910000001278,1.1559825900467668,-0.6309100729577377
12.74490000000128,1.5897857336459496,-1.6787142401169939
12.769890000001284,1.8911639402278408,-2.670389231154067
12.794880000001283,1.9734263742477647,-2.9560459101759147
12.819870000001288,1.84942208964754,-2.454464803709867
12.84486000000129,1.5541595492433633,-1.6735318940983173
12.869850000001293,1.1352626754854815,-0.9122815182109381
12.894840000001295,0.6422849718808306,-0.21595416473923293
12.919830000001298,0.1027773555901685,0.44840739668649404
12.9448200000013,-0.4869286671903055,1.1005674755845891
12.969810000001305,-1.1118073412563467,1.730949394905414
12.994800000001304,-1.7450182863185912,2.302562588714785
13.019790000001308,-2.3463946300361096,2.7797447918068454
13.04478000000131,-2.869539556121195,3.136191991248691
13.069770000001313,-3.232637983648213,3.3554052016967684
13.094760000001315,-3.3716205134764468,3.4254870896262504
13.119750000001318,-3.221824344784261,3.304859316758874
13.14474000000132,-2.706368808187677,2.9015624820776806
13.169730000001325,-1.7950644465812442,2.0889456615000097
13.194720000001324,-0.594280122995567,0.8700856752457435
13.219710000001328,0.6695635616996172,-0.44014936835174695
13.24470000000133,1.6879326973526796,-1.4304489748021867
13.269690000001331,2.2163511083986753,-1.910424959851672
13.294680000001335,2.238330258477999,-1.8108591000110426
13.319670000001338,1.9774997488207489,-1.1411398646726312
13.34466000000134,1.6616878754516187,-0.2820324329192142
13.369650000001345,1.4051497919007407,0.1787441213793786
13.394640000001344,1.2100726831766444,0.05990466742885892
13.419630000001348,1.0566076032349967,-0.34248584125298004
13.44462000000135,0.9253960066733543,-0.7614034689574839
13.469610000001351,0.7897130727671087,-1.0713916132278563
13.494600000001356,0.6314649756938299,-1.2385784526188697
13.519590000001358,0.4606890677604016,-1.269394488096111
13.54458000000136,0.30662488347211037,-1.1808022596597525
13.569570000001365,0.18710457660567822,-0.9935793662963512
13.594560000001366,0.11341653645747107,-0.7292326458002404
13.619550000001368,0.09091574296063268,-0.40740685410340755
13.64454000000137,0.07911999046436537,-0.05467489751423985
13.669530000001371,0.00151658616610515,0.2790789212018899
13.694520000001376,-0.21482511773273633,0.5447018245748324
13.719510000001378,-0.6286867479490903,0.7534817802704277
13.74450000000138,-1.2523398942433386,1.0917249939242848
13.769490000001383,-2.02275417434983,1.7903493952480485
13.794480000001386,-2.7570047820151293,2.603178565349757
13.819470000001388,-3.2145179704555864,3.0949159430520674
13.84446000000139,-3.209622123583749,3.053644024147733
13.869450000001391,-2.7350814834462644,2.3580836037699684
13.894440000001396,-1.9401578499872223,1.0818674176638636
13.919430000001398,-1.0228485026591216,-0.42402373887620226
13.9444200000014,-0.14656770839182598,-1.7689384188387374
13.969410000001403,0.6279236903466119,-2.6883118965422454
13.994400000001406,1.2857543740419526,-3.1366531024999844
14.019390000001408,1.826806697670125,-3.2162204014021603
14.04438000000141,2.2558654924693924,-3.0379907220759748
14.069370000001411,2.5764470965348827,-2.679851173973664
14.094360000001416,2.776118280985314,-2.1961967694256535
14.119350000001418,2.835049051275654,-1.6477379015581275
14.14434000000142,2.706983048842354,-1.110193979474997
14.169330000001423,2.3453135351399643,-0.6611409122811351
14.194320000001426,1.7460483454677902,-0.3525591238623856
14.219310000001428,0.9829178717959759,-0.16166577702075505
14.24430000000143,0.19627286450444373,0.03166848546947865
14.269290000001432,-0.4270894409009802,0.4022628287659628
14.294280000001436,-0.7592871263007899,0.9874380709125401
14.319270000001438,-0.7452938345391502,1.3163104749487193
14.34426000000144,-0.45474243150329025,0.8565698254713608
14.369250000001443,-0.07340483195753844,0.10584334220777808
14.394240000001446,0.17983898841313406,-0.3266664430746153
14.419230000001448,0.1419752443845098,-0.21700437264442168
14.444220000001453,-0.22574099723089344,0.37529948316802925
14.469210000001452,-0.8246417684145773,1.2290257074728197
14.494200000001456,-1.4797053066151817,2.1338697092735663
14.519190000001458,-2.03874651312343,2.9319355145768076
14.54418000000146,-2.400370477442205,3.511294549794059
14.569170000001463,-2.5513871974271134,3.7726352686931404
14.594160000001466,-2.4978509595170766,3.636032829159387
14.619150000001468,-2.2413988568230354,3.085988039319102
14.644140000001473,-1.8185763917878957,2.190376946615693
14.669130000001472,-1.3137718073743259,1.064591088310263
14.694120000001476,-0.7382666655695882,-0.1540782397199652
14.71911000000148,-0.07319410061277558,-1.2756955741646197
14.74410000000148,0.692220985456247,-2.0656465987351167
14.769090000001484,1.5238951252147135,-2.3538816922432977
14.794080000001486,2.340052766425861,-2.2424721009445183
14.819070000001489,3.0002523478864807,-2.0794866901886766
14.844060000001493,3.379558506875673,-2.1659917901529493
14.869050000001494,3.3858970670260264,-2.2881369460589087
14.894040000001496,2.9812492556452472,-1.7115887115078636
14.9190300000015,2.2259290152341684,-0.3538192212922649
14.9440200000015,1.2675068675835626,1.1035643143698517
14.969010000001504,0.28584573930104895,2.226754467075543
14.994000000001506,-0.5412413497189735,2.8777645014152156
15.018990000001509,-1.0950259456090534,3.087073184419214
15.043980000001511,-1.3642576224800556,2.9515282723311396
15.068970000001514,-1.4189154317238855,2.5739248408970314
15.093960000001516,-1.3511416800668137,2.0384640563669687
15.11895000000152,-1.2514209788213915,1.402237358161673
15.14394000000152,-1.1623250082541108,0.7012870281628857
15.168930000001524,-1.1077414947408297,-0.01254157618610954
15.193920000001526,-1.0923148552301905,-0.6224133989611742
15.218910000001529,-1.09205521706689,-0.9396026065531311
15.243900000001531,-1.0591191913998335,-0.7724102053017391
15.268890000001534,-0.9880101090624738,-0.14132490372634757
15.293880000001536,-0.9002462961256207,0.6203820299837961
15.31887000000154,-0.8673501749667444,0.9696513949519109
15.34386000000154,-0.9571993643100389,0.5551432492917637
15.368850000001544,-1.1267008670100944,-0.21453887149064363
15.393840000001546,-1.2442816257533553,-0.763069148590052
15.418830000001549,-1.1721151272646804,-0.8747824392912524
15.443820000001551,-0.8188530410102951,-0.8654962469141793
15.468810000001554,-0.15240949136505577,-1.276400426138877
15.493800000001556,0.7206477997933155,-2.1649936835240084
15.51879000000156,1.6744915578449933,-3.1214957364843086
15.54378000000156,2.571979122394069,-3.83594895549174
15.568770000001564,3.2677933478438272,-4.1787538538816476
15.593760000001566,3.6446141164448824,-4.125078715500853
15.618750000001569,3.649481932867585,-3.69567046065724
15.643740000001571,3.2819547332748544,-2.944942487635458
15.668730000001574,2.6079630407240995,-1.9480830793872828
15.693720000001576,1.74444368647473,-0.7890038770509278
15.71871000000158,0.8097534829152447,0.4474802355965217
15.74370000000158,-0.09186068161857677,1.6798610523420343
15.768690000001584,-0.8791495053996599,2.8039941096925083
15.793680000001586,-1.5047253501806221,3.6294343392254826
15.818670000001587,-1.953859077404148,3.844678470690922
15.843660000001591,-2.2151200346780193,3.2063082019784517
15.868650000001594,-2.2819957031821803,2.0582940320595187
15.893640000001596,-2.132225377788227,1.233082243603893
15.9186300000016,-1.7941812630308216,1.0640797185192388
15.943620000001602,-1.357471412140403,1.048237410772361
15.968610000001604,-0.938316774814847,0.825219633859987
15.993600000001608,-0.6015444119041548,0.3866904257503911
16.01859000000161,-0.3825275057373663,-0.07664876663223887
16.04358000000161,-0.2851284656628054,-0.35579609451760746
16.068570000001614,-0.3101445575199878,-0.365768310357201
16.093560000001617,-0.4365138655310533,-0.16792749064989085
16.11855000000162,-0.620592289972703,0.12156124948915517
16.14354000000162,-0.7762361214777797,0.40120940523952076
16.168530000001624,-0.8310560318559232,0.6051233545731292
16.193520000001627,-0.705642805026966,0.697018812918195
16.21851000000163,-0.3614731603753215,0.6460242834897624
16.24350000000163,0.19080132213751214,0.4313119537211048
16.268490000001634,0.8643161822822835,0.05044497280917458
16.293480000001637,1.5686844052790758,-0.4735382499298771
16.31847000000164,2.1685535839821903,-1.0836242301220524
16.34346000000164,2.572592568295734,-1.6529815266075305
16.368450000001644,2.7434640027403088,-1.9507143188188447
16.393440000001647,2.679003009072216,-1.5819838990336994
16.41843000000165,2.3733277488434434,-0.3119925963547601
16.44342000000165,1.8527138357159183,1.2473098295874752
16.468410000001654,1.1418218064335754,2.1903313839141885
16.493400000001657,0.27580221185076803,2.4582209150347594
16.51839000000166,-0.6831993221769566,2.4793205027021497
16.54338000000166,-1.5957262771306846,2.452540021943687
16.568370000001664,-2.341760763869743,2.4007467126794673
16.593360000001667,-2.8531348262795464,2.2830521867778732
16.61835000000167,-3.107121767398927,2.04697597583279
16.643340000001672,-3.0795017176811204,1.6514710351852366
16.668330000001674,-2.783342597654031,1.079428099423186
16.693320000001677,-2.246462270979744,0.3478661820348241
16.71831000000168,-1.540895528502466,-0.48849884621861905
16.743300000001682,-0.7618976825055594,-1.341160501649579
16.768290000001684,-0.010824445821993522,-2.102239100027468
16.793280000001687,0.6090539056971123,-2.660696851935151
16.81827000000169,0.998506517388943,-2.922258344957201
16.843260000001692,1.111477964003742,-2.8332521922715475
16.868250000001694,0.9986771982812798,-2.402313859753285
16.893240000001697,0.7623221710095772,-1.7086653640035379
16.9182300000017,0.5408959077889718,-0.9016151488281848
16.943220000001702,0.43784854185810795,-0.20849857679567713
16.968210000001704,0.4906823118393804,0.035817162223908676
16.993200000001707,0.6952662122459579,-0.382872333501422
17.01819000000171,1.028151501626549,-1.0285257996328507
17.043180000001712,1.4305496404435887,-1.3207205098026502
17.068170000001714,1.8237935379313472,-1.1944916067983893
17.093160000001717,2.1207947185161253,-0.8443029493923482
17.11815000000172,2.264735144140561,-0.40464467935966075
17.143140000001722,2.2698231627866945,0.0633438122538605
17.168130000001725,2.139959459848633,0.5325994620878222
17.193120000001727,1.8293220035201156,0.9794811158288788
17.21811000000173,1.3412399423862194,1.3820519266984093
17.243100000001732,0.7148188640283719,1.7301333895171667
17.268090000001735,-0.035606659245304505,2.0218662373582466
17.293080000001737,-0.8734310136052192,2.2594574390834503
17.31807000000174,-1.7209189439668506,2.4408112709109786
17.343060000001742,-2.511938577707138,2.540155088682547
17.368050000001745,-3.1534911061894584,2.4955190281812856
17.393040000001747,-3.5145551980934857,2.232547543419899
17.41803000000175,-3.479003857032501,1.7095336031299668
17.443020000001752,-3.0330104012088754,0.9219728953067934
17.468010000001755,-2.262659252090155,-0.11867523447341055
17.493000000001757,-1.3520267932700263,-1.3326174130113149
17.51799000000176,-0.48752181730755745,-2.484891464840093
17.542980000001762,0.21640883182329998,-3.13653273440078
17.567970000001765,0.7273564515717772,-2.9064747907619433
17.592960000001767,1.0758886177360059,-2.0757775288634916
17.61795000000177,1.2814607620587306,-1.1798656435039065
17.642940000001772,1.3543771581833537,-0.501587247155746
17.667930000001775,1.3001494277298673,-0.057023995524703684
17.692920000001777,1.1638599618362946,0.25284900325854504
17.71791000000178,0.9934276099921691,0.5055605370515032
17.742900000001782,0.816359967977421,0.7314079459647725
17.767890000001785,0.6555767728864555,0.9243495120297474
17.792880000001787,0.5306412340424729,1.075383563543596
17.81787000000179,0.4765421671920907,1.1769977437977268
17.842860000001792,0.4880743336754784,1.221320431245713
17.867850000001795,0.5699011839847768,1.2001658209573616
17.892840000001797,0.7279601529902671,1.1102765822481622
17.9178300000018,0.9410158673182093,0.9579425831704469
17.942820000001802,1.1321648556499955,0.7775998082631114
17.967810000001805,1.1850954162773504,0.636335269319145
17.992800000001807,0.9579776572600304,0.6042922338463591
18.01779000000181,0.37651322519031605,0.7521951452630902
18.04278000000181,-0.5061877839997111,1.1224343524961922
18.06777000000181,-1.494106062288047,1.6420226192191474
18.092760000001817,-2.34045295052291,2.1198636760061715
18.11775000000182,-2.8738804295852436,2.2944323717109056
18.142740000001822,-3.0616549350478675,1.9216321045126377
18.167730000001825,-2.9407398563272515,1.0081997982125686
18.192720000001827,-2.572675862027781,-0.17104936724896508
18.21771000000183,-2.020580611153342,-1.326156851583676
18.242700000001832,-1.3453088290760098,-2.2548702554820608
18.267690000001835,-0.6111751157716978,-2.860882906190476
18.29268000000184,0.13520501185230743,-3.1289492257947202
18.31767000000184,0.8458233733785605,-3.0987482805751503
18.34266000000184,1.4824363816794899,-2.830594966247264
18.367650000001845,1.983844884026168,-2.3823535839113545
18.392640000001848,2.3291190088068303,-1.8020396470427218
18.41763000000185,2.504939901920037,-1.1470209645006517
18.442620000001853,2.489011878674212,-0.49289990918592264
18.46761000000185,2.2447132964878156,0.10171771177178869
18.492600000001858,1.7996869645265003,0.6739865304904961
18.51759000000186,1.224098532507991,1.3697379417390998
18.542580000001863,0.6478205035052832,2.0994483482055277
18.567570000001865,0.2267057475045293,2.497488118237856
18.592560000001868,0.10070965246830511,2.409354105973254
18.61755000000187,0.2662698496115517,1.944892534556309
18.642540000001876,0.5337224740883917,1.277276391662312
18.667530000001875,0.6785256077482954,0.554928528440482
18.69252000000188,0.6181842672809476,-0.09615212364262068
18.71751000000188,0.3615167025290401,-0.5722775716212484
18.742500000001883,-0.015999988697185767,-0.7915637056347153
18.767490000001885,-0.4402512449714811,-0.732902568747566
18.792480000001888,-0.8661975208056506,-0.45169003218726295
18.81747000000189,-1.291401205424065,-0.04846636496829769
18.842460000001893,-1.694063679799363,0.3405226827541428
18.86745000000189,-2.0612085662052917,0.5628997609778672
18.892440000001898,-2.3554643582843777,0.4892608386258849
18.9174300000019,-2.5371034798735215,0.08671090418804715
18.942420000001903,-2.5717911497448824,-0.5320430643639542
18.967410000001905,-2.4118800997196392,-1.1733456466419254
18.992400000001908,-2.0421257336034695,-1.642193426726024
19.01739000000191,-1.4606560732581328,-1.795538748924267
19.042380000001916,-0.6767647069218848,-1.6584528701956736
19.067370000001915,0.28209162689218276,-1.5484498037924315
19.09236000000192,1.3126373988395816,-1.8209132011635607
19.11735000000192,2.2652245879698154,-2.1477205971592053
19.142340000001923,2.927470703871474,-1.922866378734375
19.167330000001925,3.1200103435442905,-1.11522003026018
19.192320000001928,2.820391091533525,-0.036422818034723595
19.21731000000193,2.2133493813450875,1.0862688177036504
19.242300000001933,1.5482719478364786,2.1373813374058788
19.267290000001932,0.9913704920357037,3.0562459534470054
19.292280000001934,0.5724266073357108,3.7800136478620474
19.31727000000194,0.24300239051302439,4.239274307933765
19.342260000001943,-0.043586994583177587,4.361954933968204
19.367250000001945,-0.28833651505937763,4.089897463713402
19.392240000001948,-0.501110075328393,3.410825212509744
19.41723000000195,-0.6705209505837344,2.3808352093964964
19.442220000001956,-0.7756652181918904,1.145483193109679
19.467210000001955,-0.806585849049391,-0.002621708276663809
19.49220000000196,-0.7731567237933573,-0.6377783676804972
19.51719000000196,-0.7099989795899267,-0.5999263403080466
19.542180000001963,-0.6654028321299014,-0.2597206297206709
19.567170000001965,-0.6860916641259172,-0.0521056059704514
19.592160000001968,-0.7940379235922426,-0.2392448637342777
19.61715000000197,-1.0105851435473,-0.7261169206093495
19.642140000001973,-1.3298064556442786,-1.0674402363134747
19.667130000001976,-1.6857672531515777,-0.8738517706900707
19.692120000001974,-1.9568601026787442,-0.34240307557461136
19.71711000000198,-1.9714781937765136,0.06480310526604985
19.742100000001983,-1.5822240152538674,0.12926772659470473
19.767090000001986,-0.8063725427013358,-0.08312490212184234
19.792080000001988,0.143793433383445,-0.41414939371135917
19.81707000000199,1.0333336629606604,-0.7490230905336932
19.842060000001997,1.7110481751494058,-1.0414365163665966
19.867050000002,2.1684309514424633,-1.2751727866025058
19.892040000002,2.4474892454919246,-1.43596650767487
19.917030000002,2.5811352490807975,-1.4920778435884563
19.942020000002003,2.5746364097623236,-1.3781504192791798
19.96701000000201,2.4352907315728554,-0.9872459197107147
19.992000000002008,2.1889687103069995,-0.19624377170962834
20.01699000000201,1.8238480558766186,0.9979074684723078
20.041980000002013,1.3281668084018232,2.301206386192429
20.066970000002016,0.6863351958882715,3.050628691703113
20.091960000002015,-0.05373491614802752,2.6636720663513143
20.11695000000202,-0.8147618959363394,1.674164485064145
20.141940000002023,-1.470824726268409,0.8013085037074574
20.166930000002026,-1.909411929354432,0.3563376174562505
20.19192000000203,-2.0348331056320488,0.2052107136917741
20.21691000000203,-1.8480058938277042,0.0340656729186559
20.241900000002037,-1.4171510067073523,-0.3866023486437768
20.26689000000204,-0.9051333462770201,-1.0770316264404691
20.29188000000204,-0.4979665591378702,-1.8704554510352112
20.31687000000204,-0.35494111923066757,-2.560938087938701
20.341860000002043,-0.5128114184291584,-2.9871833669034196
20.36685000000205,-0.8849757566266084,-3.068366745142102
20.39184000000205,-1.2605363149691096,-2.810434284125388
20.41683000000205,-1.4876768753092382,-2.2725889546195073
20.441820000002053,-1.5013257893147731,-1.5368937321698173
20.466810000002056,-1.3171813620084132,-0.6885682273430926
20.49180000000206,-0.9776638837674174,0.17326463769979808
20.51679000000206,-0.536588267550016,0.9382761729178778
20.541780000002063,-0.05855519418501131,1.4594789976683173
20.566770000002062,0.41746689326958514,1.5398795624943216
20.59176000000207,0.8882773834364406,1.0565616889873637
20.61675000000207,1.3688978632126074,0.2395991913409466
20.641740000002077,1.8498667211278672,-0.19344722610553108
20.66673000000208,2.303258243417373,0.275227623410936
20.69172000000208,2.671580480309738,1.0764686093912994
20.71671000000208,2.8564561929094143,1.6630594229870073
20.741700000002083,2.7498186610977045,1.9147023359693063
20.76669000000209,2.300955037201935,1.9324948660352763
20.79168000000209,1.5294794386062458,1.845369833099056
20.81667000000209,0.5359797941844056,1.74162050090902
20.841660000002094,-0.5129045263112099,1.6623500159556839
20.866650000002096,-1.418088065864697,1.6076395775144612
20.8916400000021,-2.026264289961065,1.5574304941697659
20.9166300000021,-2.273944977706398,1.4687814503791305
20.941620000002104,-2.2080904514241917,1.280090270985075
20.966610000002103,-1.9570634948930112,0.9206120350751485
20.99160000000211,-1.656922003679786,0.33626201671494094
21.01659000000211,-1.381724819659892,-0.46026020594039196
21.041580000002117,-1.166110293123725,-1.3581667125145622
21.06657000000212,-0.9897370634644865,-2.1802456095054428
21.09156000000212,-0.8110715304466094,-2.7443530659620734
21.11655000000212,-0.6025490740463708,-2.9112062216399317
21.141540000002124,-0.37190103610068664,-2.587178510980014
21.16653000000213,-0.11708518314343795,-1.7243008462308214
21.19152000000213,0.1311411882538869,-0.514448518921594
21.21651000000213,0.31225891817890317,0.4449991457819963
21.241500000002134,0.366506434973888,0.768276059246978
21.266490000002136,0.31437030421093254,0.7831557401557884
21.29148000000214,0.23977798099407846,0.8029097376746056
21.31647000000214,0.2829507078014266,0.9040636015988809
21.341460000002144,0.5471191216309969,1.0586829487186482
21.366450000002143,1.0418174892436864,1.2120530072423414
21.39144000000215,1.6575104678524506,1.3195180162605957
21.41643000000215,2.255844245123971,1.363294179277601
21.441420000002157,2.68494834062708,1.3288214181125138
21.46641000000216,2.852567792148782,1.195891530282796
21.49140000000216,2.683130055905768,0.9416597296685685
21.51639000000216,2.1714991757334987,0.5555860669676689
21.541380000002164,1.3896603274773385,0.08580792899770584
21.566370000002166,0.47900062790787035,-0.3326133833312288
21.59136000000217,-0.4425014233893124,-0.48249254103445394
21.61635000000217,-1.2635900133706166,-0.2571498922330386
21.64134000000217,-1.9074667960583618,0.1445480249219515
21.666330000002176,-2.3526750977496067,0.4318982335820636
21.69132000000218,-2.60384632557591,0.44373172298333813
21.71631000000218,-2.6932961638854493,0.10323290957558667
21.741300000002184,-2.6297531825385128,-0.6492062409292222
21.766290000002183,-2.391309478304936,-1.6696834404144218
21.79128000000219,-1.9640538713927194,-2.520122644812266
21.81627000000219,-1.3525454193431183,-2.8143055837467426
21.841260000002197,-0.6227441994455044,-2.5896452008705877
21.8662500000022,0.09995388991627967,-2.093111297964741
21.8912400000022,0.6518674576818194,-1.4992478394561883
21.9162300000022,0.9477504593611462,-0.8886617508227156
21.941220000002204,0.9947246986825461,-0.28785368116884213
21.966210000002206,0.8548665735369627,0.28263068502107874
21.99120000000221,0.6177842688045675,0.8025071328657198
22.01619000000221,0.36724298522025595,1.2518061389375896
22.04118000000221,0.19926152741792258,1.6109662194338163
22.066170000002217,0.15873601610746782,1.8792306750655532
22.09116000000222,0.29618579356172103,2.0968663955550864
22.11615000000222,0.589043235476505,2.3264884670039545
22.141140000002224,0.9657188988767434,2.5871022909615347
22.166130000002227,1.319133702588324,2.70235565444721
22.19112000000223,1.5731529376784879,2.311955123810199
22.21611000000223,1.67732108593603,1.3955455872547415
22.241100000002238,1.5899543866551284,0.35038814527681206
22.26609000000224,1.3295168191359317,-0.5114628517529585
22.29108000000224,0.9372156698186278,-1.0149601579992316
22.31607000000224,0.47210026083601203,-1.0625358281437571
22.341060000002244,-0.04437551507878757,-0.7168267315771837
22.366050000002247,-0.6016713065388327,-0.19313471592852383
22.39104000000225,-1.2326093676986516,0.26285008959133177
22.41603000000225,-1.9143200620875052,0.46166400610239394
22.44102000000225,-2.5345284179091836,0.34900752334138263
22.466010000002257,-2.9406785115915364,0.01010177395465756
22.49100000000226,-3.0267385450490587,-0.4309520143552746
22.51599000000226,-2.7744605051791873,-0.8605553550183167
22.540980000002264,-2.2306595165225223,-1.1926099657609093
22.565970000002267,-1.4998977449923832,-1.3648933676011652
22.59096000000227,-0.6639840644184174,-1.3245447451654007
22.61595000000227,0.17735942281192876,-1.0480842855038377
22.640940000002274,0.9377892916274566,-0.5839002929195057
22.66593000000228,1.5287521566030366,-0.08550262016390078
22.69092000000228,1.8970727216047267,0.21011550127381187
22.71591000000228,2.0216175204906706,0.1473876690865267
22.740900000002284,1.9148220415577082,0.00661663613432774
22.765890000002287,1.652835530433356,0.4584247654428461
22.79088000000229,1.3283375059034774,1.5731870666271401
22.81587000000229,1.017277537822316,2.7279574270408737
22.84086000000229,0.7825555452157282,3.4939692344974036
22.865850000002297,0.6493682960999501,3.7064824161651746
22.8908400000023,0.5879246687678755,3.39199788111121
22.915830000002305,0.5887374081894298,2.6756637955128935
22.940820000002304,0.6634088918728377,1.704198663012926
22.965810000002307,0.7957050953168775,0.607687865305558
22.99080000000231,0.9307769159604725,-0.48852604309832337
23.015790000002312,0.9928815353740721,-1.4563684515242707
23.040780000002314,0.8905896208636689,-2.155527117322354
23.06577000000232,0.5865330282654325,-2.4768544097598038
23.09076000000232,0.08928286191651831,-2.4078329946927406
23.11575000000232,-0.5267745902533536,-2.043029258733803
23.140740000002324,-1.1950875663803324,-1.5609329944235284
23.165730000002327,-1.849274774305814,-1.1875796607548708
23.19072000000233,-2.4209783366523787,-1.120282689715077
23.21571000000233,-2.8346587170974145,-1.3271780105142916
23.24070000000233,-3.038819799367031,-1.5040058117472503
23.265690000002337,-2.9914516641441935,-1.2548018128195646
23.29068000000234,-2.6497516186394483,-0.4517477940380858
23.315670000002346,-2.0192488440166074,0.45707675233851314
23.340660000002345,-1.1650777810564918,0.7439263997292648
23.365650000002347,-0.2174309520370708,0.268012332316172
23.39064000000235,0.6705595507385751,-0.4464488994852839
23.415630000002352,1.3870607696452728,-1.0200899230798977
23.440620000002355,1.8841077550515692,-1.2914396961245207
23.46561000000236,2.170104207044611,-1.2237661292248034
23.49060000000236,2.2651369827611827,-0.8617409724672924
23.51559000000236,2.1943639746493875,-0.29759760922525214
23.540580000002365,1.949919545511858,0.37149365942682505
23.565570000002367,1.5513816346855203,1.062459892633548
23.59056000000237,1.0581368949601535,1.7111225202699931
23.61555000000237,0.568717442264766,2.2663606451245664
23.64054000000237,0.15954836187149968,2.61871271937018
23.665530000002377,-0.13338092220939338,2.576189115363522
23.69052000000238,-0.30893308727420576,1.9495234740786558
23.715510000002386,-0.3756475411430488,0.8339541457201151
23.740500000002385,-0.35192019815726255,-0.33487668955424404
23.765490000002387,-0.2640240029016713,-1.017152919395036
23.79048000000239,-0.14254664251933208,-1.088994605539501
23.815470000002392,-0.03574896116733424,-0.9679788847799576
23.840460000002395,-0.00408505175982732,-1.0797524070555156
23.8654500000024,-0.10172700379600548,-1.5430562286188123
23.8904400000024,-0.3673701397021608,-2.0820551140730044
23.9154300000024,-0.8104747694349226,-2.274119596539429
23.940420000002405,-1.3571918186801064,-1.877441228399308
23.965410000002407,-1.8619936859849338,-1.0256119864559368
23.99040000000241,-2.1657452360094296,0.008089926440263746
24.01539000000241,-2.1959872437915493,1.019932359897139
24.04038000000241,-1.948061577138041,1.892401142899075
24.065370000002417,-1.4728249753146863,2.5448955084850873
24.09036000000242,-0.8384779351462157,2.916860274470924
24.115350000002422,-0.09259445256126639,2.9825338581633267
24.140340000002425,0.7071833199647013,2.754344964952049
24.165330000002427,1.477489958969037,2.274519243737231
24.19032000000243,2.126354693315208,1.600564029529586
24.215310000002432,2.594784608031823,0.8224165988727352
24.240300000002435,2.84459462035959,0.14096093925338482
24.26529000000244,2.853592660559579,-0.07655497018500786
24.29028000000244,2.628148081219174,0.41895964359288873
24.31527000000244,2.204939128034255,1.1972432978038734
24.340260000002445,1.62830049930451,1.514153876673289
24.365250000002447,0.9390638778227389,1.143030963651262
24.39024000000245,0.22063200216571455,0.5158589388522836
24.41523000000245,-0.45282073612500634,0.011722831577972258
24.44022000000245,-0.9755759117240185,-0.2385153486749226
24.465210000002457,-1.2604199840671464,-0.29698261164191053
24.49020000000246,-1.2526457671379552,-0.30940913848208224
24.515190000002463,-1.0267648082592506,-0.42115137414773013
24.540180000002465,-0.7438394131414936,-0.7254509858670473
24.565170000002468,-0.5795373323054696,-1.217669390305006
24.59016000000247,-0.5797590566408483,-1.8070239258777423
24.615150000002476,-0.6937739343159298,-2.3691280313264045
24.640140000002475,-0.8637548715465322,-2.7831294862953855
24.66513000000248,-1.0469130489040979,-2.946306625572029
24.69012000000248,-1.2032134710111737,-2.782956406764748
24.715110000002483,-1.3357624080483828,-2.2475722755904184
24.740100000002485,-1.4574960350741206,-1.3526062642039356
24.765090000002488,-1.5452695154736342,-0.19794920567251384
24.79008000000249,-1.5443109214182542,1.0304441129716517
24.815070000002493,-1.4257655021566216,2.0638851565654166
24.84006000000249,-1.1427207766893184,2.570082283191104
24.865050000002498,-0.6910116057224445,2.3879355810269405
24.8900400000025,-0.09257523263072985,1.8067270947816554
24.915030000002503,0.598391769557716,1.3234541634468173
24.940020000002505,1.329655950232287,1.1312034173736065
24.965010000002508,2.0317406206088338,1.053531141836455
24.99000000000251,2.6191537069559883,0.9153257219104229
25.014990000002516,2.991736871951564,0.6639575759634609
25.039980000002515,3.037698565708531,0.3197758809097753
25.06497000000252,2.692992779826196,-0.06676316911190386
25.08996000000252,1.9879468792608341,-0.4346441826260799
25.114950000002523,1.0902383435371676,-0.7209433729176898
25.139940000002525,0.2194393409399528,-0.868834858144393
25.164930000002528,-0.4595791542807615,-0.8357169669614207
25.18992000000253,-0.9358993824990358,-0.6222252631617198
25.214910000002533,-1.260559034889427,-0.2897468053631628
25.23990000000253,-1.4715545230120464,0.04214782104782092
25.264890000002534,-1.5760209188088132,0.22753887070026668
25.28988000000254,-1.578038064476969,0.16111314062746923
25.314870000002543,-1.4651426669675334,-0.15839521690036312
25.339860000002545,-1.2379493628087785,-0.643998529046647
25.364850000002548,-0.9394557539887542,-1.1721072062848055
25.38984000000255,-0.6258184967909223,-1.5986024254729339
25.414830000002556,-0.3456806557548741,-1.7500896683008251
25.439820000002555,-0.15025242457435686,-1.4552903637345516
25.46481000000256,-0.0603817614111746,-0.7084329111540485
25.48980000000256,-0.06945959873428718,0.2318034254143126
25.514790000002563,-0.1698196938115574,1.0769333283124722
25.539780000002565,-0.34586463921658783,1.7057811593960013
25.564770000002568,-0.526874884292505,2.1261284584006765
25.58976000000257,-0.6193210242251118,2.376308717153041
25.614750000002573,-0.49540518276275847,2.489216823111311
25.639740000002572,-0.07502025250360876,2.479777223550864
25.664730000002574,0.6196824319977827,2.350067334823871
25.68972000000258,1.407699917375378,2.106348004715944
25.714710000002583,2.0783029484452125,1.7547505498930962
25.739700000002586,2.4604690466892247,1.2937931247471677
25.764690000002588,2.551091238493832,0.7155210598996559
25.78968000000259,2.4124008460924657,0.01913690619813529
25.814670000002597,2.128367854549926,-0.74482434151968
25.8396600000026,1.737814070941214,-1.4393409004633497
25.8646500000026,1.27124253413546,-1.9070584534315576
25.8896400000026,0.7375408402815101,-2.065758044660902
25.914630000002603,0.13963985126546244,-1.8927879424464784
25.93962000000261,-0.5182883809871025,-1.4027202706317068
25.964610000002608,-1.2062893819292473,-0.6970553507464078
25.98960000000261,-1.8564767865550906,0.014655130706787225
26.014590000002613,-2.3706143389659693,0.46268023480946213
26.039580000002616,-2.6667906838183777,0.475202942122755
26.064570000002615,-2.6897755095314904,0.1494118300673417
26.08956000000262,-2.4223198355193047,-0.27404922723218333
26.114550000002623,-1.894275860368803,-0.6002555104780795
26.139540000002626,-1.2192116128529524,-0.729076067543296
26.164530000002628,-0.5198868010735405,-0.657136939011544
26.18952000000263,0.05599433912279374,-0.4315362319031451
26.214510000002637,0.3910330602773877,-0.1114104231553383
26.23950000000264,0.4235807136624414,0.24966620603333978
26.26449000000264,0.22849908518748524,0.6111534791026284
26.28948000000264,-0.013215012968498157,0.9378180209247545
26.314470000002643,-0.1341281661108847,1.1907211439597574
26.33946000000265,-0.07502619967109925,1.3488946736132101
26.36445000000265,0.1326341575248817,1.4434365673078382
26.38944000000265,0.411051726478803,1.5762591450214136
26.414430000002653,0.69570508311544,1.7871169507478537
26.439420000002656,0.9506131994421386,1.8923636394103824
26.46441000000266,1.1668642315205189,1.665734517864667
26.48940000000266,1.3445954473480892,1.0449028032445717
26.514390000002663,1.5085358068854322,0.12452886345742681
26.539380000002662,1.6593255194360754,-0.9211053793941538
26.56437000000267,1.7815773135178468,-1.9021257404764542
26.58936000000267,1.8131967794629007,-2.641650263125922
26.614350000002677,1.6789378493916163,-3.003711406143224
26.63934000000268,1.2953181592264746,-2.9431184161587063
26.66433000000268,0.6443472237360397,-2.5257218326434696
26.68932000000268,-0.21575104270774056,-1.8848935958968562
26.714310000002683,-1.1564876186151976,-1.1725472090822873
26.73930000000269,-2.009606757197785,-0.5332855420659373
26.76429000000269,-2.5888438651953245,-0.06855328883387998
26.78928000000269,-2.799902249743857,0.19144001239499178
26.814270000002693,-2.6219252513341496,0.2852701899978457
26.839260000002696,-2.1378310942531344,0.3016775394945607
26.8642500000027,-1.5247813198298183,0.34501280957339636
26.8892400000027,-0.9585656449749247,0.5127390908040955
26.914230000002703,-0.5034748913573712,0.8508060018746864
26.939220000002702,-0.15878945950784884,1.2567917245976852
26.96421000000271,0.12447115682078304,1.395796955391824
26.98920000000271,0.3757302616010784,0.9939104309570136
27.014190000002717,0.6180796273820933,0.4109048539670405
27.03918000000272,0.8523829188532817,0.18091878734020578
27.06417000000272,1.0593874767769733,0.3882926207061479
27.08916000000272,1.199843822051132,0.8198092057131929
27.114150000002724,1.23203773573123,1.2874586550735931
27.13914000000273,1.1262374600308152,1.6795211792359217
27.16413000000273,0.8999068490192078,1.93806958366856
27.18912000000273,0.653189550204287,2.0148339791248606
27.214110000002734,0.5105354151773102,1.859876252349337
27.239100000002736,0.5625627636434573,1.4405981097984684
27.26409000000274,0.7967719402799849,0.768334941535808
27.28908000000274,1.1380708646219562,-0.09085541426762767
27.314070000002744,1.4205010738377986,-1.0070286329761582
27.339060000002743,1.5268856718171813,-1.7770802796659588
27.36405000000275,1.373349841037982,-2.1561856753382016
27.38904000000275,0.9330901356543183,-2.0033455251338195
27.414030000002757,0.24524487327174138,-1.4514074575127638
27.43902000000276,-0.5634432298611919,-0.798161830403493
27.46401000000276,-1.3446832749853967,-0.3353521656086542
27.48900000000276,-1.9660619518572713,-0.21460326565673024
27.513990000002764,-2.3648534835960313,-0.29571563028719744
27.538980000002766,-2.55117388524832,-0.16015581935621523
27.56397000000277,-2.556862472224611,0.5482373453232922
27.58896000000277,-2.408976371492322,1.5665290903536742
27.61395000000277,-2.1295156107579305,2.3752908183798014
27.638940000002776,-1.7450546153792539,2.7085097315145097
27.66393000000278,-1.259384234477101,2.601544151404832
27.68892000000278,-0.6618125432350715,2.211959009193637
27.713910000002784,0.04263037382519121,1.6667646256834223
27.738900000002783,0.8129265433274065,1.0385969898762035
27.76389000000279,1.524714154435344,0.36468241749361513
27.78888000000279,2.0263840923725183,-0.30754629876927114
27.813870000002797,2.1926968641009723,-0.8936860612538775
27.8388600000028,2.0149097710617165,-1.2749387363466815
27.8638500000028,1.5856494124916631,-1.320708124454257
27.8888400000028,1.0814705852029562,-0.9721159327389135
27.913830000002804,0.6371507823268221,-0.3499809276622491
27.938820000002806,0.3296070893609849,0.2124192895995973
27.96381000000281,0.19667315628791027,0.24217681523887177
27.98880000000281,0.23824020673746754,-0.38016023666722754
28.01379000000281,0.4091327740164849,-1.2008326217256908
28.038780000002816,0.5888482142423681,-1.7503666587456097
28.06377000000282,0.6896620769310053,-1.795743780828114
28.08876000000282,0.6593311428501979,-1.45669916580556
28.113750000002824,0.4885551202873616,-1.0807283406586252
28.138740000002823,0.187614103549597,-0.9759072444548138
28.16373000000283,-0.1765048192335914,-1.168185921531995
28.18872000000283,-0.540904530828442,-1.4452001516201518
28.213710000002838,-0.8759368145273743,-1.5932296185500132
28.23870000000284,-1.1643372128735838,-1.4870769018252006
28.26369000000284,-1.4129172854667196,-1.1093478614028405
28.28868000000284,-1.6587174955076827,-0.5152114183010196
28.313670000002844,-1.9063842362529955,0.20974149624766858
28.338660000002847,-2.088001329995734,0.9783986692750001
28.36365000000285,-2.094200541841357,1.7165268467258603
28.38864000000285,-1.8226365271506313,2.363439368256662
28.41363000000285,-1.2510334546718953,2.833068264484021
28.438620000002857,-0.46817584384149563,2.987875779962873
28.46361000000286,0.3869469681172266,2.6457566045580894
28.48860000000286,1.1938157376302525,1.7455570221757317
28.513590000002864,1.8509977865620335,0.5934971993180326
28.538580000002867,2.2923900183112833,-0.16325980119480718
28.56357000000287,2.4977425580844534,-0.22320911423269352
28.58856000000287,2.4504868538603355,-0.028899934027472023
28.613550000002878,2.184195264053558,0.012616131162138701
28.63854000000288,1.768678346434509,-0.2082466748465179
28.66353000000288,1.292681661082759,-0.5959706454455904
28.68852000000288,0.8230084211553641,-0.9856620232944856
28.713510000002884,0.409301757874389,-1.2300448882465036
28.738500000002887,0.07048419546206204,-1.2382245981052318
28.76349000000289,-0.1969593394004738,-1.0003584857014494
28.78848000000289,-0.39596144001078043,-0.5813162258282208
28.81347000000289,-0.543354868700744,-0.08655817210047038
28.838460000002897,-0.6168279711624406,0.36925788197126674
28.8634500000029,-0.5819246463613305,0.6837359788536758
28.888440000002905,-0.43128369992137705,0.792626127533246
28.913430000002904,-0.2554161882428834,0.6928302209382664
28.938420000002907,-0.1752082860440423,0.4424766090609533
28.96341000000291,-0.2926914514937902,0.1377644994558258
28.988400000002912,-0.6223398714557997,-0.10657858507273159
29.013390000002914,-1.0835023482861925,-0.16322791339602247
29.03838000000292,-1.5434603209559004,0.09583092446378857
29.06337000000292,-1.9078600255762934,0.7211579067055492
29.08836000000292,-2.110162705396197,1.5077593552304487
29.113350000002924,-2.108051963983063,1.983856662068178
29.138340000002927,-1.8778110931803893,1.9302288624414423
29.16333000000293,-1.426335335563184,1.6148672741629837
29.18832000000293,-0.7849939305108512,1.2864775678571065
29.21331000000293,-0.031035860923467818,1.0092026986901814
29.238300000002937,0.7555061495238696,0.7610523040426744
29.26329000000294,1.4636825054067346,0.5037594335245134
29.288280000002946,2.0061190129467694,0.2082124885242543
29.313270000002944,2.3328128395802508,-0.1359602723452343
29.338260000002947,2.451930056508253,-0.5340647689765438
29.36325000000295,2.3884054397920393,-0.9898000533123162
29.388240000002952,2.1716994138120724,-1.4944558715881837
29.413230000002955,1.81419194632686,-1.9960968904107128
29.43822000000296,1.3227777765495836,-2.391039708113599
29.46321000000296,0.7094104822678959,-2.531993380596658
29.48820000000296,0.030505737923124325,-2.2883288127112587
29.513190000002965,-0.6062193937322641,-1.6708762361631573
29.538180000002967,-1.072067599834672,-0.8571998164739385
29.56317000000297,-1.3279224437178805,-0.06358112307743796
29.58816000000297,-1.3737302836699044,0.5578163705195711
29.61315000000297,-1.2619812824159793,0.9243752091066109
29.638140000002977,-1.050606396143606,0.9879606693891431
29.66313000000298,-0.8215888714853322,0.7840990416973679
29.688120000002986,-0.6166481001271972,0.5287975735440658
29.713110000002985,-0.458752353844253,0.46614484128830314
29.738100000002987,-0.3614091860340315,0.6041694934607409
29.76309000000299,-0.3575157269265365,0.801691341017133
29.788080000002992,-0.4483516567876048,0.9554053747131597
29.813070000002995,-0.6096503120911653,1.0270642646201409
29.838060000003,-0.7784457956952678,1.0244837641089701
29.863050000003,-0.8886176668133074,0.9664938441619916
29.888040000003,-0.8742744603245507,0.8639095238113186
29.913030000003005,-0.6952001976498228,0.7240073666502914
29.938020000003007,-0.3551794129134784,0.5727478190540878
29.96301000000301,0.09021256392501097,0.4520489535109308
29.98800000000301,0.5950830133158823,0.40095663720204355
30.01299000000301,1.1390130455964649,0.42845770120052973
30.037980000003017,1.7013119427613606,0.45592346744659384
30.06297000000302,2.212404492129804,0.2917951268799834
30.087960000003022,2.579596023346472,-0.20655551391979357
30.112950000003025,2.724918053832324,-0.914177410205734
30.137940000003027,2.587639198768668,-1.5830767831184023
30.16293000000303,2.1678921587040842,-2.053418781440722
30.187920000003032,1.5223009411521387,-2.24781480277997
30.212910000003035,0.7428009931053033,-2.1085895392413776
30.23790000000304,-0.08513283363701775,-1.616070357400267
30.26289000000304,-0.8619900586770799,-0.859614913725142
30.28788000000304,-1.5160317486166186,-0.03161390659631518
30.312870000003045,-1.9927846945183632,0.6793835510498968
30.337860000003047,-2.251558812469876,1.1818844839367253
30.36285000000305,-2.2760152232023843,1.4845467104127907
30.38784000000305,-2.0566155912028625,1.6381489640336078
30.41283000000305,-1.6601889795635691,1.6935652281872888
30.437820000003057,-1.2081453523743864,1.6879292592162696
30.46281000000306,-0.8124048081519571,1.6403647421915015
30.487800000003062,-0.5442909713151234,1.567045696407429
30.512790000003065,-0.3937562587140352,1.480796017721974
30.537780000003067,-0.2996901924027703,1.3616524545965332
30.56277000000307,-0.23222741478812745,1.1459931448314085
30.587760000003072,-0.19662336322896012,0.7340868764352741
30.612750000003075,-0.1858401134990973,0.09201143115747179
30.63774000000308,-0.1977441553856892,-0.5706898010705983
30.66273000000308,-0.2302569606066119,-0.8506574226182395
30.687720000003083,-0.23120912415447403,-0.604626354222807
30.712710000003085,-0.1295627000188155,-0.10807747261008474
30.737700000003088,0.11766406915018836,0.3384140634788204
30.76269000000309,0.49060019608771904,0.5654016500900984
30.787680000003093,0.9433759211133027,0.5040207577987112
30.81267000000309,1.4035150575714908,0.16913541541737093
30.837660000003098,1.7993676432895145,-0.35214130232261037
30.8626500000031,2.0656384036483293,-0.9349001172073442
30.887640000003103,2.1662413681553643,-1.4465303377392678
30.912630000003105,2.0655548535970785,-1.7643742099478683
30.937620000003108,1.737562870935726,-1.800729059497467
30.96261000000311,1.179089083136964,-1.5364779584043704
30.987600000003116,0.4379819072653052,-1.0326956812314703
31.012590000003115,-0.38689305892283943,-0.40817828066202105
31.03758000000312,-1.1437806439254772,0.1958594709727473
31.06257000000312,-1.7142355350173775,0.6454823874117488
31.087560000003123,-2.051019987594241,0.8618693983695277
31.112550000003125,-2.188831277235358,0.879443941510683
31.137540000003128,-2.1627633060188596,0.8654166064355376
31.16253000000313,-1.990411996308423,1.0815612379235497
31.187520000003133,-1.6733509485777547,1.6650711511082237
31.21251000000313,-1.2245680125079492,2.332434413786414
31.237500000003138,-0.6781509547816342,2.5126862671975503
31.26249000000314,-0.10589263431486458,1.9102495339210972
31.287480000003143,0.4094522906304321,0.8526771371455086
31.312470000003145,0.8021472683727385,-0.24904738191241368
31.337460000003148,1.0272012769624128,-1.1570413345051676
31.36245000000315,1.0620634591644258,-1.7758846863692581
31.387440000003156,0.9347645820540934,-2.0917314889512304
31.412430000003155,0.7088889653546748,-2.1371622173038656
31.43742000000316,0.4615332372744247,-1.9640295958034821
31.46241000000316,0.26361056426296714,-1.6255125882010688
31.487400000003163,0.17628133764874346,-1.171331030141391
31.512390000003165,0.26450347897538945,-0.674159045238378
31.537380000003168,0.542770114383954,-0.2510897654915612
31.56237000000317,0.9627490060989918,-0.040974236196328034
31.587360000003173,1.3965614664061805,-0.12350950327433623
31.612350000003172,1.6832209076507547,-0.40686356047711275
31.637340000003174,1.716682226954228,-0.6429287580867724
31.66233000000318,1.4947417483189755,-0.5719623305829381
31.687320000003183,1.086507307850857,-0.14577196750832153
31.712310000003185,0.5962980641356054,0.3940054694959342
31.737300000003188,0.08981926411614913,0.6980271062050345
31.76229000000319,-0.4278723458322191,0.5725663908036768
31.787280000003197,-0.9661076037451893,0.19681415061685723
31.812270000003195,-1.5071922804427738,-0.023049350172730382
31.8372600000032,-2.006272551180801,0.22048985840072094
31.8622500000032,-2.412887872374287,0.8611848902476741
31.887240000003203,-2.661400405092377,1.6261219522031587
31.91223000000321,-2.6880607747302805,2.3034820608275837
31.937220000003208,-2.4527755674538247,2.7825185967283192
31.96221000000321,-1.95788593906073,3.0102183267011764
31.987200000003213,-1.260077456478787,2.955863043294654
32.012190000003216,-0.458095482729221,2.6155061747185795
32.03718000000322,0.3269791918995741,2.015182868313203
32.06217000000322,0.9866794829473119,1.2041494143369569
32.08716000000322,1.4434428903262713,0.24664361139992463
32.112150000003226,1.6427927529709276,-0.7643242019197909
32.13714000000323,1.560723157150581,-1.6410501243667281
32.16213000000323,1.2919758437814572,-2.084112796396922
32.18712000000323,0.9819905636948449,-1.887431806568829
32.21211000000324,0.7664644662559449,-1.3129147744701442
32.23710000000324,0.6724752640488476,-0.8797055674785237
32.26209000000324,0.659729950851183,-0.8459512399072849
32.28708000000324,0.6668331237577502,-1.0164453669816105
32.312070000003246,0.6555317071643781,-1.0740102821960025
32.33706000000325,0.6218290907335874,-0.8191757721972659
32.36205000000325,0.5842370673226736,-0.25138632585468795
32.38704000000325,0.5603128354993845,0.4539986922073362
32.412030000003256,0.5537892337427097,1.065872263322669
32.43702000000326,0.564623358787808,1.3987946639751452
32.46201000000326,0.558000297462735,1.3925561976889036
32.48700000000326,0.4738561411450928,1.1183737409471253
32.511990000003266,0.24714534560934615,0.7002208434422458
32.53698000000327,-0.16683589751314848,0.25584440912291817
32.56197000000327,-0.7605602975988885,-0.12248503542586818
32.58696000000327,-1.4338922361265158,-0.36591628914957275
32.61195000000328,-2.044861762117178,-0.41646958626827685
32.63694000000328,-2.4464155169704735,-0.24235248139202545
32.66193000000328,-2.535249582515981,0.1487435326580258
32.68692000000328,-2.257047363992263,0.6898687833904531
32.711910000003286,-1.6500168777937343,1.2192869658732275
32.73690000000329,-0.8397445679282671,1.4462896198060253
32.76189000000329,-0.015539511868023484,1.065788400234234
32.78688000000329,0.6567587670532196,0.223042924754565
32.811870000003296,1.109859477063044,-0.5544035859871815
32.8368600000033,1.3793442205528454,-0.952604369778292
32.8618500000033,1.5413010698065446,-1.0619388917394463
32.8868400000033,1.6318129278157876,-1.0882016182030732
32.911830000003306,1.6573297494544366,-1.1530782671376223
32.93682000000331,1.6199830799777133,-1.2860410787970213
32.96181000000331,1.4934901112504562,-1.4538257865120037
32.98680000000331,1.2638011623986982,-1.5914618592812764
33.01179000000332,0.9257283484871395,-1.6210207235669656
33.03678000000332,0.5109439604192577,-1.4638864458736764
33.06177000000332,0.06782758204198489,-1.0608309589521032
33.08676000000332,-0.2983144435096914,-0.4077303840670859
33.111750000003326,-0.5077219446681536,0.4167207988516618
33.13674000000333,-0.4866416760022606,1.2653336696458286
33.16173000000333,-0.27439612379774586,1.9649151998667231
33.186720000003334,-0.005307236356693902,2.3684391481907494
33.211710000003336,0.16784829150629277,2.4104812497099117
33.23670000000334,0.1730715522010329,2.119633689889732
33.26169000000334,-0.030315772611236858,1.5845398780735185
33.286680000003344,-0.4404589314420082,0.9332895898152431
33.311670000003346,-0.9737491664788362,0.3526008633510304
33.33666000000335,-1.4949661027176946,0.05775619974361486
33.36165000000335,-1.8765962962147087,0.09585201639099317
33.386640000003354,-2.0591518536856146,0.2504185699498718
33.41163000000336,-2.034259803374593,0.2993757434379883
33.43662000000336,-1.8224412127072351,0.19995697501741805
33.46161000000336,-1.4787673595824833,0.019777191077578027
33.486600000003364,-1.0676604064235287,-0.16838428856897442
33.511590000003366,-0.6158777613595312,-0.32066901526572195
33.53658000000337,-0.11899931551356345,-0.4271143678805959
33.56157000000337,0.408583087227015,-0.49007427359159167
33.586560000003374,0.9653273297013203,-0.5093130933919965
33.611550000003376,1.538283069136562,-0.4905814327002569
33.63654000000338,2.07613431223776,-0.4686679755513573
33.66153000000338,2.4646733110307886,-0.5030349535723149
33.686520000003384,2.587404857485142,-0.6573892794515014
33.711510000003386,2.3488721159677475,-0.9343796498189201
33.73650000000339,1.7782263553141675,-1.209615312243036
33.76149000000339,1.0106704227421612,-1.2877502814544297
33.786480000003394,0.2553845122005091,-1.0576930942847715
33.8114700000034,-0.29211138061128766,-0.548799665570582
33.8364600000034,-0.6271674126264888,0.15098909955235434
33.8614500000034,-0.8053456672087205,0.9491719761155507
33.886440000003404,-0.7928374110231721,1.7183948808787313
33.911430000003406,-0.6364729507261755,2.2757016972675936
33.93642000000341,-0.45917166187775355,2.4598723171880525
33.96141000000341,-0.3502980274122164,2.2797186785831873
33.986400000003414,-0.3421333085459849,1.8985413377033067
34.011390000003416,-0.43495431553011704,1.475284088937228
34.03638000000342,-0.584266850712745,1.0886243511493767
34.06137000000342,-0.7377013763019666,0.7532168517214616
34.086360000003424,-0.8595037850734949,0.4539697276621073
34.111350000003426,-0.9289063340059931,0.1686773207127665
34.13634000000343,-0.9420682033605893,-0.11342628600089903
34.16133000000343,-0.934778643443348,-0.389546963969088
34.186320000003434,-0.9388479618177682,-0.6626008345684965
34.21131000000344,-0.9577663809125242,-0.9367209116445201
34.23630000000344,-0.939453379063558,-1.1894172634962152
34.26129000000344,-0.7915335664489529,-1.3482250436687104
34.286280000003444,-0.4208473503009863,-1.2757006464967275
34.31127000000345,0.18778826998361886,-0.8872276378879178
34.33626000000345,0.9447873506493859,-0.36202061833839366
34.36125000000345,1.6734723969377556,-0.010888037518846698
34.386240000003454,2.218768952248092,0.03454930452960244
34.41123000000346,2.504536436211023,-0.1642751752065765
34.43622000000346,2.512671874494755,-0.4855473275156519
34.46121000000346,2.2645885814350852,-0.8005857754096147
34.486200000003464,1.8085613762305788,-0.9823181645208187
34.51119000000347,1.2243861583309033,-0.929309195067693
34.53618000000347,0.5874106485825455,-0.6131883829148431
34.56117000000347,-0.014891870835311648,-0.10062680265584921
34.586160000003474,-0.5270004944298418,0.4844594055517487
34.61115000000348,-0.9281569855854845,1.0138799044595996
34.63614000000348,-1.228884814149402,1.387613140597093
34.66113000000348,-1.4368601644454386,1.553279307732466
34.686120000003484,-1.5609064932424404,1.51307596427912
34.71111000000349,-1.6003890959540052,1.3126819707561455
34.73610000000349,-1.5407490738824319,1.0232481330953906
34.76109000000349,-1.3454888817033712,0.7284170853255721
34.786080000003494,-1.005474581548648,0.5108595927701457
34.8110700000035,-0.5796993823899658,0.42207376670744395
34.8360600000035,-0.20374211072837187,0.4249588066949306
34.8610500000035,-0.002820469684786649,0.318449787852595
34.886040000003504,-0.05284311357034859,-0.2005273257004672
34.91103000000351,-0.3104896589703371,-1.0714633978006411
34.93602000000351,-0.640750975871941,-1.8020534635586358
34.96101000000351,-0.8697950704528448,-2.0627289677226526
34.986000000003514,-0.9100677992012186,-1.887268893981144
35.01099000000352,-0.739124435106701,-1.4469013690809778
35.03598000000352,-0.37554233059206654,-0.8850408603776462
35.06097000000352,0.12884732934478682,-0.30690241027873033
35.085960000003524,0.6906051858162251,0.21027886205863994
35.11095000000353,1.243907692304801,0.6082320868230877
35.13594000000353,1.711198111904299,0.8436057724425184
35.16093000000353,2.0343458907556564,0.9015887664820517
35.185920000003534,2.169304390225503,0.8128778125247565
35.21091000000354,2.1007758527879226,0.6617415793833038
35.23590000000354,1.8479323701667916,0.5674167078022885
35.26089000000354,1.4784639294995074,0.6504061136791043
35.285880000003544,1.0343203122970615,0.9525739522846559
35.31087000000355,0.5337595196740255,1.3741779504184706
35.33586000000355,-0.02158748812557456,1.7204318414592035
35.36085000000355,-0.6250104212605503,1.7945111434321999
35.385840000003554,-1.2322879513992333,1.4991614919422918
35.41083000000356,-1.7340488786133745,0.925129767812317
35.43582000000356,-2.0209796953931987,0.36605934492032327
35.46081000000356,-2.0175412847050964,0.23372375750441912
35.485800000003564,-1.7424389524038157,0.6187280600633027
35.51079000000357,-1.3024347026948067,1.1024127396928287
35.53578000000357,-0.8306217184400906,1.280570183027801
35.56077000000357,-0.40840768565503993,1.0379952721448666
35.585760000003575,-0.07913854650283488,0.49825993809700875
35.61075000000358,0.15268079102801332,-0.17011268933182405
35.63574000000358,0.2790393712336651,-0.8505040146406638
35.66073000000358,0.3088244085812577,-1.4803263269866276
35.685720000003585,0.28188764880734807,-2.00631237364463
35.71071000000359,0.23900083198395827,-2.360510258807412
35.73570000000359,0.20743467892282155,-2.4668551089587694
35.76069000000359,0.21100154365731447,-2.2588430751852067
35.785680000003595,0.26761328917080524,-1.7201278822307378
35.8106700000036,0.3889092767034421,-0.9503821115191706
35.8356600000036,0.5633473974488469,-0.18290985339304597
35.8606500000036,0.7626386611985105,0.2730052676029998
35.885640000003605,0.9658561785634432,0.29406123278918844
35.91063000000361,1.1727998997719367,0.13121358435796482
35.93562000000361,1.3913953906244938,0.14108186269057793
35.96061000000361,1.59496737868706,0.5138712654546947
35.985600000003615,1.7048476260161856,1.1510299487867302
36.01059000000362,1.6285722669097094,1.7573432390344719
36.03558000000362,1.2856045491500965,1.9921849418537878
36.06057000000362,0.6748606142656263,1.6826281012897386
36.085560000003625,-0.1058165906528563,0.9958814666453674
36.11055000000363,-0.9080161967486396,0.2282571265144168
36.13554000000363,-1.6188426734858379,-0.3918734077681869
36.16053000000363,-2.147450376208145,-0.7557463599766493
36.18552000000364,-2.4665970490543803,-0.8699421237499662
36.21051000000364,-2.550671302972248,-0.797390310853453
36.23550000000364,-2.405408298693773,-0.6086731247698076
36.26049000000364,-2.0471058140888996,-0.3595330567849057
36.285480000003645,-1.548150731384247,-0.08819050525438817
36.31047000000365,-0.9602981707288386,0.15266002901553297
36.33546000000365,-0.35970194047693094,0.26560956017074716
36.36045000000365,0.17354272925939845,0.12208307335855258
36.385440000003655,0.5772254888087432,-0.3365006054266525
36.41043000000366,0.8500116035352854,-0.944015590824856
36.43542000000366,1.0117668130694035,-1.291716529449707
36.46041000000366,1.0851203058490155,-1.0955640977524883
36.48540000000367,1.0779963718977965,-0.5881801580707009
36.51039000000367,0.9847532852266437,-0.1465600585358647
36.53538000000367,0.8076389376831536,0.05003458445035136
36.56037000000367,0.5956409478460528,0.030294432291840836
36.58536000000368,0.4253320477268855,-0.06636572114459816
36.61035000000368,0.35177513827575485,-0.07652886539307734
36.63534000000368,0.4213720856927952,0.13472085700328115
36.66033000000368,0.6274061842991767,0.604525880927241
36.685320000003685,0.8790138300000078,1.2429413050853189
36.71031000000369,1.066355086430363,1.8942107784342839
36.73530000000369,1.1487786602669419,2.4045124680926553
36.76029000000369,1.0982428741819212,2.653324182445612
36.785280000003695,0.9015053566795322,2.5832572464224843
36.8102700000037,0.5595040253670842,2.206380434159323
36.8352600000037,0.09993721508912717,1.5856432476936817
36.8602500000037,-0.42990365090942323,0.8209396797459225
36.885240000003705,-0.9739836712451695,0.03488025892057308
36.91023000000371,-1.4700583015771576,-0.6355534813365977
36.93522000000371,-1.8424107347053307,-1.0478463834911298
36.96021000000371,-2.0531341838008186,-1.1146114993707792
36.98520000000372,-2.0799019717582623,-0.9193657049587975
37.01019000000372,-1.9307268602873022,-0.746616976338686
37.03518000000372,-1.6226531462340608,-0.818079846523261
37.06017000000372,-1.1943394259071478,-1.010516912283521
37.085160000003725,-0.6705990884181978,-1.0959801960372908
37.11015000000373,-0.07180042322309585,-0.9902839130742448
37.13514000000373,0.565389839483839,-0.7272591356104035
37.16013000000373,1.1617028389231765,-0.382045188710418
37.185120000003735,1.6263717763952235,-0.03474116110928455
37.21011000000374,1.887153372784277,0.24383703995035294
37.23510000000374,1.9012987143624165,0.401541773286549
37.26009000000374,1.6747875235715408,0.4040286857065298
37.28508000000375,1.2898102877523376,0.2501377658110135
37.31007000000375,0.8493510508176992,-0.00528178910347707
37.33506000000375,0.43270626551234725,-0.25702432631565353
37.36005000000375,0.09785557137289884,-0.368293306030071
37.38504000000376,-0.10216468144608952,-0.21630741662752653
37.41003000000376,-0.161184960121379,0.2178338950861357
37.43502000000376,-0.0946051973000181,0.8151752381890781
37.46001000000376,0.07344919987436678,1.3935166100334304
37.485000000003765,0.27800225926930217,1.7873942132846847
37.50999000000377,0.4166308416912445,1.8949184500264944
37.53498000000377,0.40891761955475847,1.7013606515775714
37.55997000000377,0.23625583725103147,1.2735955532158623
37.584960000003775,-0.07158569258231326,0.7416450572419488
37.60995000000378,-0.44405247688523763,0.23668088438860363
37.63494000000378,-0.8109640015103236,-0.19663949789447963
37.65993000000378,-1.144809802955647,-0.5861706448808548
37.684920000003785,-1.4427449325419976,-0.95373045070063
37.70991000000379,-1.701422543052412,-1.2903684671225257
37.73490000000379,-1.8839604023654557,-1.570470205671501
37.75989000000379,-1.9538734851099056,-1.7642128566189865
37.7848800000038,-1.8655559124866377,-1.8491361695772612
37.8098700000038,-1.5675391500700413,-1.8027768769847121
37.8348600000038,-1.0486265956173146,-1.594603139982308
37.8598500000038,-0.3626647954939461,-1.1920884375102423
37.884840000003805,0.39375506519690917,-0.5894630168687942
37.90983000000381,1.1119392818678802,0.15139905841618737
37.93482000000381,1.6889495045363319,0.8801388124425286
37.95981000000381,2.0654849178968946,1.3685439430175617
37.984800000003816,2.2181430907885096,1.4432885147260368
38.00979000000382,2.13834962510388,1.1687477836123048
38.03478000000382,1.8452223762233035,0.7699658742003844
38.05977000000382,1.407446046587874,0.4382688867695039
38.08476000000383,0.9301208128442346,0.26176400410551626
38.10975000000383,0.5043008360507361,0.24722867392870668
38.13474000000383,0.1651733243087393,0.36681250251586206
38.15973000000383,-0.08390989787660043,0.5741681981577228
38.18472000000384,-0.27360583001387034,0.7988109505562078
38.20971000000384,-0.42307781187903876,0.9642992664380259
38.23470000000384,-0.5413171483893323,1.0241999931025547
38.25969000000384,-0.6102084045898436,0.9760914783797976
38.284680000003846,-0.6080759544505985,0.8447368134861425
38.30967000000385,-0.5286844307922922,0.6614128634776316
38.33466000000385,-0.41171168307817957,0.45312336256980956
38.35965000000385,-0.30136763937461486,0.23859450910914007
38.384640000003856,-0.2420241870826397,0.027768484530807696
38.40963000000386,-0.2975507700876306,-0.18174031971823973
38.43462000000386,-0.5028251261483468,-0.40982617736301535
38.45961000000386,-0.824197220031699,-0.6975701664410978
38.484600000003866,-1.1752087202417003,-1.085414693546989
38.50959000000387,-1.446104607300969,-1.5427865680131638
38.53458000000387,-1.536780645820869,-1.8942995253099961
38.55957000000387,-1.3726291870638854,-1.8823557917995457
38.58456000000388,-0.9549056372875885,-1.3987303780917577
38.60955000000388,-0.32997110674343905,-0.5977118531535754
38.63454000000388,0.40653682946745534,0.27762149293840793
38.65953000000388,1.1274187102799025,1.0384113314945378
38.684520000003886,1.6980216461614943,1.5751141283303103
38.70951000000389,2.0392567014804515,1.8472757258583883
38.73450000000389,2.1487363715957204,1.8718630446571392
38.75949000000389,2.0818373019570484,1.7081365314970522
38.784480000003896,1.8928800086598192,1.4374082084011903
38.8094700000039,1.6065531801541073,1.143209212209288
38.8344600000039,1.242280032338964,0.891587334566074
38.8594500000039,0.8088875239911414,0.713384620539672
38.88444000000391,0.3052633606570247,0.5994974078666285
38.90943000000391,-0.2408265294826553,0.5127816691962033
38.93442000000391,-0.7813005997818036,0.4043381112289008
38.95941000000391,-1.247012635807725,0.23048882767513068
38.98440000000392,-1.5562062452170307,-0.029972237625194246
39.00939000000392,-1.646603220865788,-0.3567231314942999
39.03438000000392,-1.5010303861421388,-0.6649785223214829
39.05937000000392,-1.164007677752995,-0.7997521572817653
39.084360000003926,-0.7587527353147989,-0.6151360846884077
39.10935000000393,-0.41849733748252876,-0.17774094392600887
39.13434000000393,-0.2326428210065449,0.17366491197225548
39.15933000000393,-0.21544342263988256,0.09757291165096496
39.184320000003936,-0.3556704407446949,-0.3957954339527727
39.20931000000394,-0.5919849292625139,-1.0330865717272963
39.23430000000394,-0.8142299139994259,-1.5776571083149435
39.25929000000394,-0.9412733987494555,-1.8949425998055702
39.284280000003946,-0.9296604264693095,-1.9355054116843955
39.30927000000395,-0.7658721029020943,-1.7134524320470446
39.33426000000395,-0.4788621621424986,-1.2719958481332385
39.359250000003954,-0.15010024752019868,-0.6683511526090494
39.38424000000396,0.1827010564554564,0.022848371037146754
39.40923000000396,0.5200846385272729,0.7025746582455893
39.43422000000396,0.8455371597712049,1.2587566210624834
39.45921000000397,1.1637550733777375,1.5881472287128355
39.484200000003966,1.4657660525617442,1.646632694497361
39.50919000000397,1.7388589018281877,1.4943301394048834
39.53418000000397,1.9292016442328372,1.2733377394912528
39.55917000000397,1.989557220271556,1.130220955032224
39.584160000003976,1.8341775008501187,1.123913358787931
39.60915000000398,1.404616003066155,1.1765934810615606
39.63414000000398,0.7107228772055244,1.0997464275792166
39.659130000003984,-0.12282289541040235,0.6814805041669802
39.68412000000399,-0.9212599945772469,-0.09502554945501848
39.70911000000399,-1.5171759449603022,-0.9230227399919575
39.73410000000399,-1.8204566647415392,-1.4063144813171846
39.759090000004,-1.8240898238184393,-1.3999226157924691
39.784080000004,-1.6012278042358508,-1.0629896221963357
39.809070000004,-1.2553733987500775,-0.5996071508861694
39.834060000004,-0.8974906478222004,-0.14281996719543127
39.859050000004,-0.5965900791984269,0.24436592068214247
39.884040000004006,-0.3820958364204315,0.5280923193395021
39.90903000000401,-0.2441194356928805,0.6819843972577253
39.93402000000401,-0.15490440358562263,0.69138755469162
39.959010000004014,-0.0843499510168224,0.5553376066920594
39.984000000004016,-0.015077332097817477,0.28733426156951
40.00899000000402,0.05243296182333689,-0.06347721598696532
40.03398000000402,0.11420719515841295,-0.3772483737128359
40.05897000000402,0.15429832783913813,-0.4716830346892493
40.083960000004026,0.15847047861190136,-0.19865954237571512
40.10895000000403,0.12576664583731484,0.35229708223583456
40.13394000000403,0.11072816335911075,0.8865495005476136
40.158930000004034,0.19225807244473073,1.1597278938636535
40.18392000000404,0.4410773940766694,1.1521335293585868
40.20891000000404,0.8729404634964015,1.0370043092843297
40.23390000000404,1.3846199888984256,1.029417582669678
40.25889000000405,1.8036135529843331,1.2348753093960827
40.28388000000405,1.9867594068186902,1.5575678227972094
40.30887000000405,1.883358167690666,1.7863502138612317
40.33386000000405,1.5102551644024358,1.7397616858715041
40.35885000000405,0.9451145797637293,1.3600031698909747
40.38384000000406,0.2891556054530373,0.721883549626197
40.40883000000406,-0.3758132370013127,-0.044734483149020544
40.43382000000406,-0.9673224183634604,-0.8170266667937256
40.458810000004064,-1.4323023316795767,-1.4998531246858227
40.48380000000407,-1.7481765864769538,-2.026297960915994
40.50879000000407,-1.9216054456965426,-2.334540193924695
40.53378000000407,-1.9750206716154732,-2.3716330432717196
40.55877000000408,-1.922844443592141,-2.1050390993297157
40.58376000000408,-1.7639645445455365,-1.5468691532861714
40.60875000000408,-1.5014568190785207,-0.8096912712160123
40.63374000000408,-1.1409794319645072,-0.1313984452479531
40.65873000000408,-0.6756132993964269,0.1787123028625432
40.68372000000409,-0.13673823662631804,0.08043531725323719
40.70871000000409,0.41397807264225556,-0.08550918237397419
40.73370000000409,0.8744358857536059,-0.022095944019817973
40.758690000004094,1.1315475508012467,0.28457057552339143
40.7836800000041,1.1076055196572845,0.6687486591299073
40.8086700000041,0.841454588794469,0.959550317660896
40.8336600000041,0.48256456892588234,1.053642828948487
40.8586500000041,0.20597123461658967,0.937753861486724
40.88364000000411,0.10963900480569072,0.6761238391308346
40.90863000000411,0.19913778496970677,0.3738356300572548
40.93362000000411,0.4307491397169883,0.14413340003453884
40.958610000004114,0.7230105031083727,0.07658808339305377
40.98360000000412,1.0104492414073223,0.19945762072434617
41.00859000000412,1.227156315242673,0.46584186808980405
41.03358000000412,1.3333175542611704,0.7790392461754609
41.05857000000413,1.3077322111633964,1.0281662695365914
41.08356000000413,1.1471126839339376,1.1125126837030415
41.10855000000413,0.8603994359417979,0.9646155514565697
41.13354000000413,0.4834722792644113,0.5720827103273652
41.15853000000413,0.0637730733806688,-0.017349262196129013
41.18352000000414,-0.37118850513692875,-0.697392654303037
41.20851000000414,-0.8167360875608126,-1.2885551680345246
41.23350000000414,-1.2519241517042499,-1.5703211944122417
41.258490000004144,-1.6455755332525503,-1.4876020658872737
41.28348000000415,-1.9528420553428785,-1.2519275253269693
41.30847000000415,-2.113709386616789,-1.0615124184011744
41.33346000000415,-2.0276148811056527,-0.9338121320476962
41.35845000000416,-1.6374910476952533,-0.7967962328100213
41.38344000000416,-0.9927887930089958,-0.5881961916973759
41.40843000000416,-0.26403643821212675,-0.2796013808176916
41.43342000000416,0.3829283834411515,0.12094713263475192
41.45841000000416,0.8390301401963945,0.583241457963477
41.48340000000417,1.1017882812500093,1.0668551477276738
41.50839000000417,1.2167475755283883,1.5092908804895253
41.53338000000417,1.2080649275047914,1.8290626299639983
41.558370000004174,1.0970906255298412,1.9364889653011514
41.58336000000418,0.938512686653489,1.7709366133399738
41.60835000000418,0.7736765640154702,1.3615914246455132
41.63334000000418,0.6176877877222731,0.8444060977963668
41.658330000004185,0.4826436461374223,0.39549183728928944
41.68332000000419,0.38001783721723614,0.12967467483414014
41.70831000000419,0.3005924037454749,0.051910758465711984
41.73330000000419,0.253178052219973,0.1014664066317038
41.7582900000042,0.2248750579469823,0.20552715622042597
41.7832800000042,0.21318505306626614,0.2848444837696705
41.8082700000042,0.22627198818696548,0.25573064363585996
41.8332600000042,0.2817311936855214,0.08850605811114187
41.858250000004205,0.35085194616805265,-0.14400984199061578
41.88324000000421,0.3813532078571546,-0.34468681079973595
41.90823000000421,0.27935896032988045,-0.47365585307374936
41.93322000000421,-0.043832765078313865,-0.539397940003931
41.958210000004215,-0.5747213132797437,-0.5641579620944175
41.98320000000422,-1.1891038116635426,-0.5678674965159034
42.00819000000422,-1.7461448421410513,-0.5588466281122845
42.03318000000422,-2.1143608929811495,-0.538508481972109
42.05817000000423,-2.2314271569822997,-0.5144998763347813
42.08316000000423,-2.096420530296841,-0.49930806836200353
42.10815000000423,-1.7280666253322543,-0.48898386276271527
42.13314000000423,-1.2601448905624064,-0.4416346301365845
42.15813000000424,-0.7808567268014093,-0.26800473683313947
42.18312000000424,-0.25438109432981304,0.1394957167073169
42.20811000000424,0.3512921883602838,0.7668047387746297
42.23310000000424,0.8947264771337302,1.3969377519471404
42.258090000004245,1.3294460928462146,1.790374071491205
42.28308000000425,1.6434338461312055,1.866151895966527
42.30807000000425,1.8106951312033734,1.6760314816701236
42.33306000000425,1.8326987778136814,1.3063145883748748
42.358050000004255,1.7148622080179514,0.849893471454484
42.38304000000426,1.4734656868551836,0.4081318818260377
42.40803000000426,1.1145602982760974,0.06311084095893502
42.43302000000426,0.686843426713513,-0.16478894325866625
42.458010000004265,0.2504498585781912,-0.3187794465360042
42.48300000000427,-0.10756320986698453,-0.4576164753040397
42.50799000000427,-0.3247722363075332,-0.614936136724583
42.53298000000427,-0.3526688581456568,-0.7931574510171053
42.55797000000428,-0.21644579099245248,-0.9730606433859005
42.58296000000428,-0.011437847761181135,-1.1247717249375295
42.60795000000428,0.1345212163854133,-1.2151718061992876
42.63294000000428,0.17833431720784812,-1.2109535239116727
42.657930000004285,0.09202291074360452,-1.0820271981253093
42.68292000000429,-0.11425786805630547,-0.8099472777257622
42.70791000000429,-0.4063238518311907,-0.4095028555190625
42.73290000000429,-0.7292414009123559,0.03259119535781629
42.757890000004295,-1.0365730843468455,0.3236336798444663
42.7828800000043,-1.2817852035603035,0.262334157724558
42.8078700000043,-1.4191574199467065,-0.07180033879373718
42.8328600000043,-1.4428959335735791,-0.35763152967113976
42.85785000000431,-1.3545337244215665,-0.3756347157321897
42.88284000000431,-1.1435263760182142,-0.11970478349627398
42.90783000000431,-0.8173098845353675,0.307852758141568
42.93282000000431,-0.4104045651707982,0.7951401048704191
42.95781000000432,0.05043710345802418,1.2454092671904218
42.98280000000432,0.5594488682050732,1.58025690318222
43.00779000000432,1.0882161538200579,1.7479922719883194
43.03278000000432,1.57412786378438,1.7345192869374826
43.057770000004325,1.9480889629739515,1.5647695494424076
43.08276000000433,2.1451257795996264,1.2923260782086217
43.10775000000433,2.113682386945318,0.9825126438472845
43.13274000000433,1.8254025022538782,0.6947691427198881
43.157730000004335,1.31228091184549,0.464773414406725
43.18272000000434,0.6837069071919408,0.291622617239098
43.20771000000434,0.05771747026940951,0.13632799069236018
43.23270000000434,-0.4577706740346891,-0.06861610960916631
43.257690000004345,-0.820046156855912,-0.39515119117153424
43.28268000000435,-1.0351224406708506,-0.8689060766956439
43.30767000000435,-1.1023375737104029,-1.4088056262594697
43.33266000000435,-1.0399382529823438,-1.7967665183179902
43.35765000000436,-0.8950198743060824,-1.7376954348803213
43.38264000000436,-0.720820300569981,-1.151096251864663
43.40763000000436,-0.5469919607583172,-0.3336919364687867
43.43262000000436,-0.41089110130832573,0.3615088493506284
43.457610000004365,-0.3405696505319063,0.7655883936382247
43.48260000000437,-0.34149788760202404,0.8966940441588614
43.50759000000437,-0.4051503998270289,0.846331073981727
43.53258000000437,-0.516232866778286,0.6995125093453878
43.557570000004375,-0.6574608658360015,0.5217717226549119
43.58256000000438,-0.7921783771191541,0.3656054716577325
43.60755000000438,-0.8773347739646824,0.27156349969344734
43.63254000000438,-0.8948697605678536,0.2727714026826525
43.65753000000439,-0.8193067136150335,0.37550084266237965
43.68252000000439,-0.5952411869925402,0.5451845429707345
43.70751000000439,-0.20674944437589718,0.7036188764485595
43.73250000000439,0.3158923597111297,0.7471825345013543
43.7574900000044,0.8918486767163799,0.6007412506902037
43.7824800000044,1.4429933347318487,0.29618972887879635
43.8074700000044,1.8737666950023923,-0.014417472157645573
43.8324600000044,2.113253351445094,-0.146647883212387
43.857450000004405,2.1182511687996053,-0.015049887525666463
43.88244000000441,1.8935365527709869,0.2932043008084844
43.90743000000441,1.487710913580627,0.5601115038608858
43.93242000000441,0.9804742832827275,0.5158715309420553
43.957410000004415,0.42613901766405554,0.019906599710326333
43.98240000000442,-0.11560730419939928,-0.7619470345244136
44.00739000000442,-0.5754794939752933,-1.5314051972322782
44.03238000000442,-0.9217768151384722,-2.0579788004332253
44.057370000004425,-1.1625771149022288,-2.2372958038137445
44.08236000000443,-1.3110704246671656,-2.0944307491654177
44.10735000000443,-1.3691637853661698,-1.7096045169820562
44.13234000000443,-1.3241639730471995,-1.1655612322592654
44.15733000000444,-1.1745270827516183,-0.5313918471477265
44.18232000000444,-0.9455058492189247,0.12269121176012761
44.20731000000444,-0.6689314523947653,0.7146320443957267
44.23230000000444,-0.36937302826745566,1.1591509504049944
44.257290000004446,-0.09579596749464525,1.3887573798238908
44.28228000000445,0.10403380474408744,1.3998262550245493
44.30727000000445,0.18367699832701004,1.2961984503331907
44.33226000000445,0.12176849976010523,1.2543270286894805
44.357250000004456,-0.051752330711463325,1.3578287527593973
44.38224000000446,-0.24647907606666247,1.477868557330654
44.40723000000446,-0.37328343607014397,1.4123669085552755
44.43222000000446,-0.36866898084722294,1.0722694601692313
44.45721000000447,-0.20116002712080125,0.5251320723825152
44.48220000000447,0.125387613389829,-0.06774016873173207
44.50719000000447,0.5669897336531062,-0.5170178242610991
44.53218000000447,1.02055467168338,-0.6717793032264403
44.55717000000448,1.4093224481380988,-0.5122544953171563
44.58216000000448,1.6744333002038363,-0.1563291532532046
44.60715000000448,1.7838149738825064,0.23535725144675823
44.63214000000448,1.7094593403170737,0.5247378359923638
44.657130000004486,1.4624581714446678,0.6259548227403502
44.68212000000449,1.0839189237047795,0.5224919176896518
44.70711000000449,0.6183479807758429,0.24690445613313838
44.73210000000449,0.0988129040557037,-0.1435052748182421
44.757090000004496,-0.44055165595457146,-0.5767229879899791
44.7820800000045,-0.9657049279347857,-0.9644623506313882
44.8070700000045,-1.4465644019864259,-1.209414833840825
44.8320600000045,-1.817741605673053,-1.2178928655138404
44.857050000004506,-2.038644509252691,-0.9547696687249279
44.88204000000451,-2.079105770643038,-0.516225697759097
44.90703000000451,-1.8962756243197212,-0.10230679758291689
44.93202000000451,-1.493178024460737,0.164172759351066
44.95701000000452,-0.9434915718616338,0.35841957753414494
44.98200000000452,-0.3695218427841086,0.6172109219927819
45.00699000000452,0.11976388477159813,0.9863339368999905
45.03198000000452,0.44374601756035853,1.413299932690343
45.056970000004526,0.5851413750468255,1.8020233619699624
45.08196000000453,0.5651825999326546,2.0510869476389533
45.10695000000453,0.45731032617513734,2.0717399061104884
45.13194000000453,0.33618221509556384,1.8113680277597592
45.156930000004536,0.25759066719522244,1.2823370233410605
45.18192000000454,0.24034505148970525,0.5667122850371396
45.20691000000454,0.29649950290830723,-0.20900498659467853
45.23190000000454,0.4113920133471846,-0.901238383871905
45.25689000000455,0.5519344495712574,-1.3764792440184848
45.28188000000455,0.6733310758206541,-1.5540847602080492
45.30687000000455,0.7714742324314131,-1.4427607100120876
45.33186000000455,0.8552154227044632,-1.1286838592031492
45.35685000000456,0.9264945725135579,-0.7348511314212001
45.38184000000456,0.966355048364471,-0.38922603688932284
45.40683000000456,0.9792757499386482,-0.18873665051237404
45.43182000000456,0.9400866476118726,-0.14761442169685324
45.456810000004566,0.8017176009375583,-0.18833442785125734
45.48180000000457,0.514185385790369,-0.20764548632683658
45.50679000000457,0.07681964017539744,-0.1678903000384129
45.531780000004574,-0.4905429941280385,-0.115185888216144
45.556770000004576,-1.1158916384713637,-0.10688244473558452
45.58176000000458,-1.6746541508029296,-0.1545774113858976
45.60675000000458,-2.020975333152845,-0.23177617781593837
45.63174000000458,-2.085922532548979,-0.2994183703822038
45.656730000004586,-1.875815831174406,-0.3180889844816901
45.68172000000459,-1.4656434660887852,-0.25384312931115005
45.70671000000459,-0.944937827342869,-0.08032245762804374
45.731700000004594,-0.41083914105531005,0.22586536562284037
45.7566900000046,0.07108424877634777,0.6667525194020532
45.7816800000046,0.4604508998342189,1.189400303828113
45.8066700000046,0.7485259595628014,1.6840229881115478
45.83166000000461,0.9437159973142752,1.9990180811845055
45.856650000004606,1.059677205522967,1.9866038980814507
45.88164000000461,1.100036946783549,1.5976072446861285
45.90663000000461,1.065498996654746,0.933532698649642
45.93162000000461,0.9564245065473622,0.17633931505151396
45.956610000004616,0.7755312911143231,-0.5012144440821903
45.98160000000462,0.5549052784063587,-0.9912662283897256
46.00659000000462,0.3251698961273873,-1.2733613166850117
46.031580000004624,0.12914429095253294,-1.3906257722253592
46.05657000000463,0.023038497645322408,-1.3967294524758522
46.08156000000463,0.06642275823342392,-1.323047345214083
46.10655000000463,0.25463743737550504,-1.1752455742067243
46.13154000000464,0.537760287941787,-0.9507807020065917
46.15653000000464,0.7854115483844646,-0.6551935727502274
46.18152000000464,0.8676524261345137,-0.30551356242559097
46.20651000000464,0.6941875480364237,0.0731447755279559
46.23150000000464,0.30166097537851877,0.45044340467236715
46.256490000004646,-0.21794390890383245,0.7921238514366864
46.28148000000465,-0.7479107417133642,1.059064503001964
46.30647000000465,-1.2138305990885674,1.2072890515998738
46.331460000004654,-1.558326445164005,1.1924670900321799
46.356450000004656,-1.7664958857561548,0.9900104792508497
46.38144000000466,-1.8255511033573069,0.6338924479171022
46.40643000000466,-1.746507793693496,0.24617706733757502
46.43142000000466,-1.555235965791657,0.009194302891335807
46.45641000000467,-1.2752647005425157,0.050081888463193516
46.48140000000467,-0.9149318363127338,0.338591160869014
46.50639000000467,-0.4836137616104658,0.737236460010355
46.531380000004674,-0.004320302190978518,1.1027845047674163
46.55637000000468,0.4973232702622937,1.332076685261813
46.58136000000468,0.9859658089159209,1.3740755201668815
46.60635000000468,1.411396328348405,1.2259233648657242
46.63134000000469,1.7139464225674843,0.9224744494232384
46.65633000000469,1.8250838887335805,0.5196358829129608
46.68132000000469,1.6997292741385197,0.07966280993003133
46.70631000000469,1.3377293122753804,-0.34224230961698643
46.73130000000469,0.8366648681452997,-0.7063360265309133
46.7562900000047,0.3561524789521223,-0.9911114414761746
46.7812800000047,0.03190889127494613,-1.1898371063533475
46.8062700000047,-0.09745295129841268,-1.3061045032954037
46.831260000004704,-0.07222466164996302,-1.347904318861553
46.85625000000471,0.03143894919135445,-1.321297339425979
46.88124000000471,0.1333351207270191,-1.2248375612742275
46.90623000000471,0.18772630409304045,-1.0392000832606858
46.93122000000472,0.190122789998906,-0.7212895007815209
46.95621000000472,0.13218992108532654,-0.22147886099440134
46.98120000000472,0.0228444407973152,0.4432590488862423
47.00619000000472,-0.12984251944072328,1.1155500234579707
47.03118000000472,-0.31166207968354226,1.5591120501526046
47.05617000000473,-0.5140568712336988,1.6384304040708693
47.08116000000473,-0.7264441782793549,1.4055157320773908
47.10615000000473,-0.9435335499185978,1.007027361443622
47.131140000004734,-1.1458777449092064,0.5789290332929015
47.15613000000474,-1.3052118927210672,0.2149462728446314
47.18112000000474,-1.389941310303441,-0.033079524653913624
47.20611000000474,-1.3473887406712797,-0.1495042137320839
47.23110000000474,-1.112153059993523,-0.1495665100090147
47.25609000000475,-0.6413468793854228,-0.07012545340567276
47.28108000000475,0.03125667034985491,0.03861127656335038
47.30607000000475,0.7720761143688707,0.1216186906120487
47.331060000004754,1.4150089982393106,0.13019137487890972
47.35605000000476,1.816766068168155,0.03990609894752346
47.38104000000476,1.9382206813365392,-0.13471545828078357
47.40603000000476,1.8126516231337086,-0.3418496061487668
47.43102000000477,1.532259673726402,-0.5118534072691185
47.45601000000477,1.1733431463322408,-0.5880676647304847
47.48100000000477,0.8075598230521815,-0.5589825234952425
47.50599000000477,0.4514895921729669,-0.4769570321757815
47.53098000000477,0.12661375468526426,-0.4601370351248093
47.55597000000478,-0.15605345640097965,-0.6324060158139714
47.58096000000478,-0.39374674371673524,-0.9651026764282289
47.60595000000478,-0.5918615381999962,-1.22100353335967
47.630940000004784,-0.7432947872452577,-1.1559283148741466
47.65593000000479,-0.8344998235183227,-0.7372319804594378
47.68092000000479,-0.8539900459220303,-0.10798045929951929
47.70591000000479,-0.792111476133485,0.5733485160070244
47.7309000000048,-0.643824532375636,1.1936147963587291
47.7558900000048,-0.4552998117804285,1.6820591515865764
47.7808800000048,-0.2749786577092537,2.0034460631311077
47.8058700000048,-0.16480640477430267,2.1357338121155625
47.830860000004805,-0.19967164479415972,2.0668569374872257
47.85585000000481,-0.41149114054189456,1.8022526118723021
47.88084000000481,-0.7334198471430133,1.3869847194484375
47.90583000000481,-1.0404182048638508,0.9072080287822923
47.930820000004815,-1.2011584484970632,0.48065898900952286
47.95581000000482,-1.129868514599631,0.21296625124508184
47.98080000000482,-0.8421719022972518,0.11440589630318693
48.00579000000482,-0.4045926917125072,0.07595117031575185
48.030780000004825,0.09197633049170395,-0.038155582561880855
48.05577000000483,0.5780649142532489,-0.2867450306306288
48.08076000000483,1.0115413006845777,-0.613706746145512
48.10575000000483,1.352703333082376,-0.8746463470208884
48.13074000000484,1.5986101593870359,-0.9058301557152062
48.15573000000484,1.7522464033098286,-0.6500207016245599
48.18072000000484,1.7969558549704845,-0.24422610495576919
48.20571000000484,1.7096515611158636,0.08353549974934563
48.230700000004845,1.4969378709559904,0.18787424695859517
48.25569000000485,1.1591710903214107,0.07586900527926782
48.28068000000485,0.701778014489885,-0.15864307700769234
48.30567000000485,0.15460365983820895,-0.41994621461089565
48.330660000004855,-0.413033728761574,-0.6375298953793797
48.35565000000486,-0.9117729043279602,-0.7728208798968802
48.38064000000486,-1.2552888295577724,-0.7994244854455469
48.40563000000486,-1.3953868380308814,-0.6890876375843535
48.43062000000487,-1.2939964135083462,-0.4148694108472318
48.45561000000487,-0.9924082596363917,0.032174447899091935
48.48060000000487,-0.601608628182942,0.5980772474178386
48.50559000000487,-0.2725638932752246,1.1472605476932416
48.53058000000488,-0.08985750883109571,1.4752355661604895
48.55557000000488,-0.05941273331189845,1.4462825208288324
48.58056000000488,-0.1378475374623799,1.161507259272831
48.60555000000488,-0.2793665222388582,0.8512125367777015
48.630540000004885,-0.41833655852248985,0.657408653404113
48.65553000000489,-0.5080238572396788,0.5686190966045622
48.68052000000489,-0.5280031943244704,0.47995530238712714
48.70551000000489,-0.47261477516832345,0.2745989413525338
48.730500000004895,-0.34783914575008373,-0.10829890746048264
48.7554900000049,-0.1830931312627054,-0.6255864102050338
48.7804800000049,0.02118795215418065,-1.1523074672898783
48.8054700000049,0.2646022376775085,-1.5487356409509077
48.830460000004905,0.5398612355216076,-1.7166760814550044
48.85545000000491,0.8340434050165975,-1.63116225561871
48.88044000000491,1.1262905302167818,-1.334203030851004
48.90543000000491,1.4045035680598206,-0.9024863905458133
48.93042000000492,1.6145018497936967,-0.42005471098741853
48.95541000000492,1.6935830210348337,0.034646504806755254
48.98040000000492,1.5720205013549493,0.3940124844214378
49.00539000000492,1.2312993717852634,0.6079737205030102
49.030380000004925,0.6848324430798217,0.6536258243522592
49.05537000000493,0.015392097967392706,0.55006513615491
49.08036000000493,-0.6583189655999575,0.38129160962902503
49.10535000000493,-1.2100285258491434,0.2955923505395569
49.130340000004935,-1.5662384155270768,0.4009771827751484
49.15533000000494,-1.7263448961103354,0.6175364648478542
49.18032000000494,-1.6960662615833897,0.7750659145030561
49.20531000000494,-1.5263115155434164,0.7995236217972804
49.23030000000495,-1.2681976162526438,0.7274414707757928
49.25529000000495,-0.9783356546746194,0.6325569710127532
49.28028000000495,-0.6680493383499363,0.5781101422293146
49.30527000000495,-0.3696810475809758,0.5989338232757616
49.33026000000496,-0.09509557375048716,0.6929412543292921
49.35525000000496,0.1566163598506112,0.8226912166668758
49.38024000000496,0.3710282257028646,0.926547095239337
49.40523000000496,0.5101013102302031,0.9326908714978919
49.430220000004965,0.5382993158010023,0.7798694092721956
49.45521000000497,0.46104398405310476,0.4461585636819762
49.48020000000497,0.3198481522887267,-0.02743705260466502
49.50519000000497,0.16999579562075903,-0.5463924625866851
49.530180000004975,0.0728379932519955,-0.9976465667501463
49.55517000000498,0.07951842250130624,-1.28803287444538
49.58016000000498,0.21819900925638847,-1.3727425090275276
49.60515000000498,0.49328774295763883,-1.2644045383434823
49.630140000004985,0.8575000801271581,-1.0189108535901101
49.65513000000499,1.2178788601641806,-0.7144040461985415
49.68012000000499,1.4692112213906767,-0.421060117655814
49.70511000000499,1.5507510614190043,-0.1545345229835652
49.730100000005,1.43250503224027,0.13080794018918387
49.755090000005,1.1212054538673315,0.4637072828009296
49.780080000005,0.6587303462541494,0.8131377073816037
49.805070000005,0.12975564638409157,1.1226579075716194
49.830060000005005,-0.4013862410176978,1.3443114027821292
49.85505000000501,-0.8715617465365032,1.4467217042764795
49.88004000000501,-1.2339566277234182,1.4188130179451819
49.90503000000501,-1.4762777543285321,1.2657968638322363
49.930020000005015,-1.6115265182624847,0.998188040893219
49.95501000000502,-1.6294445820403427,0.6442538827285382
49.98000000000502,-1.5296039630925473,0.2600363543278399
50.00499000000502,-1.3069831184268492,-0.0735422196821621
50.02998000000503,-0.9660443924120689,-0.2636431364129447
50.05497000000503,-0.5399418661368667,-0.2559963610198776
50.07996000000503,-0.09039700065925073,-0.09916359483059267
50.10495000000503,0.3321383789782819,0.06825606112737306
50.12994000000504,0.6819388154567381,0.11692430372655531
50.15493000000504,0.9299592233138225,0.012087424634276108
50.17992000000504,1.0422144064995449,-0.19130909874093827
50.20491000000504,0.9996330560729274,-0.4098695898008763
50.229900000005046,0.809595936516079,-0.5803358884315513
50.25489000000505,0.5440299912188928,-0.6833887821432927
50.27988000000505,0.29106933673998325,-0.7474897084435004
50.30487000000505,0.11508154094217359,-0.8154030798467389
50.329860000005056,0.057047937099618355,-0.8935880274106457
50.35485000000506,0.12022498284983002,-0.94973547589625
50.37984000000506,0.2770467689781271,-0.9461960132640591
50.40483000000506,0.45742065631969336,-0.8600328179666566
50.429820000005066,0.6097802799050325,-0.6836552622779211
50.45481000000507,0.6964059326335357,-0.4215147587706572
50.47980000000507,0.7146528845556657,-0.08836192693908856
50.50479000000507,0.6680114727521522,0.30144715594256083
50.52978000000508,0.556290189808578,0.7319634850044937
50.55477000000508,0.36004459275581335,1.1694576823398943
50.57976000000508,0.08466814052454735,1.5529647244276366
50.60475000000508,-0.275927541923013,1.784185520380911
50.629740000005086,-0.7063408256823529,1.7453310834638078
50.65473000000509,-1.1378410423705856,1.398620161090697
50.67972000000509,-1.5031799654448477,0.8754418861247024
50.70471000000509,-1.7540712848189286,0.3814972453710241
50.729700000005096,-1.8643659546599334,0.03281800494560442
50.7546900000051,-1.7960169629974725,-0.1749527659108587
50.7796800000051,-1.538849578876275,-0.2932193197879368
50.8046700000051,-1.0935780302884037,-0.36528870482982984
50.82966000000511,-0.5082744336161887,-0.41386445403217975
50.85465000000511,0.13538001313115836,-0.44467054608931034
50.87964000000511,0.7234336937585809,-0.4534257374141408
50.90463000000511,1.1785794776426364,-0.4329164881277605
50.92962000000512,1.4414994173423588,-0.378508908708475
50.95461000000512,1.5014476234761023,-0.29127534824939466
50.97960000000512,1.3825835709967507,-0.1786335816823012
51.00459000000512,1.1549429247124898,-0.05325499154623653
51.029580000005126,0.8874571954577846,0.06855690424880896
51.05457000000513,0.6548321584041438,0.1674162338209962
51.07956000000513,0.4744124208389037,0.2215604008182402
51.10455000000513,0.327541953015558,0.20949412836495435
51.129540000005136,0.20899964547481376,0.11850314409034596
51.15453000000514,0.12244146807668091,-0.03680206983768636
51.17952000000514,0.069127444734767,-0.19034826033677002
51.20451000000514,0.04796490820275522,-0.21293866093700922
51.229500000005146,0.05828964733800882,0.029161150720485883
51.25449000000515,0.07533302057308108,0.5250261806661504
51.27948000000515,0.08542064265088281,1.0855092857798752
51.30447000000515,0.06413725215705748,1.5079982519633623
51.32946000000516,-0.0015837225106156388,1.7004374977316874
51.35445000000516,-0.135262684201251,1.6702635772523082
51.37944000000516,-0.3432878141766998,1.4655177539794109
51.40443000000516,-0.6289178801655264,1.1386964141979894
51.429420000005166,-0.9585621936396773,0.7388347017394541
51.45441000000517,-1.2823769191814047,0.3101310465242311
51.47940000000517,-1.5053614235603192,-0.10760441475434193
51.50439000000517,-1.5506820809102217,-0.4809036661268043
51.529380000005176,-1.3703981837932682,-0.7883154623044258
51.55437000000518,-0.9930380440742133,-1.0225203762173816
51.57936000000518,-0.490686040806773,-1.1880983271458743
51.604350000005184,0.05175181111094162,-1.2942126725262786
51.62934000000519,0.5562139781833424,-1.3428870567545648
51.65433000000519,0.9711787515626213,-1.3213877488497061
51.67932000000519,1.2839803932627225,-1.1975718286475412
51.7043100000052,1.4924912578571983,-0.9298963194618537
51.7293000000052,1.5939019197349902,-0.49921910924506835
51.7542900000052,1.5756648783403915,0.04808418276301326
51.7792800000052,1.4213112965826045,0.5764408976302594
51.8042700000052,1.1429847929228434,0.8928744856436855
51.829260000005206,0.7769773147059802,0.8687472765858751
51.85425000000521,0.3608262244591222,0.5705604102904281
51.87924000000521,-0.0655867733976844,0.19503624016525317
51.904230000005214,-0.4488148490291971,-0.08893739759778217
51.929220000005216,-0.7351929393546894,-0.2031749932207819
51.95421000000522,-0.9003557931904441,-0.1486979103774434
51.97920000000522,-0.9117392477222666,0.032575319901833315
52.00419000000522,-0.7572653787854754,0.28832331616819273
52.029180000005226,-0.49052619704622885,0.5670547599018068
52.05417000000523,-0.21886900732331743,0.8195553866655747
52.07916000000523,-0.03182903109666657,0.9985299732367124
52.104150000005234,-0.005580949622516027,1.0634035790193892
52.12914000000524,-0.1675440353391084,0.9928759708992168
52.15413000000524,-0.4630799087473926,0.8020989280822272
52.17912000000524,-0.7671429023307262,0.5458445829935974
52.20411000000525,-0.9816928927627441,0.29645186586693234
52.229100000005246,-1.0824609242622532,0.09631424534971855
52.25409000000525,-1.065465560064574,-0.07993944682517413
52.27908000000525,-0.9373649964203082,-0.3105185643642419
52.30407000000525,-0.72598897966582,-0.6593492927330221
52.329060000005256,-0.4596171574008871,-1.1023895079480603
52.35405000000526,-0.1483939276377696,-1.5137553214141823
52.37904000000526,0.20451536785669472,-1.7149176719830337
52.404030000005264,0.577225801854861,-1.5662652454462251
52.42902000000527,0.9488373142915086,-1.0712536673959772
52.45401000000527,1.288065211624108,-0.37250535358060494
52.47900000000527,1.5547972934545926,0.3553161541499504
52.50399000000528,1.700661187266694,0.9750161400761715
52.52898000000528,1.7061505917371942,1.4062044460837826
52.55397000000528,1.5518953740259978,1.6294114243159665
52.57896000000528,1.2109696732343624,1.6580152089608384
52.60395000000528,0.7095680429010065,1.5173780694952164
52.62894000000529,0.12330477371587571,1.2456667003944886
52.65393000000529,-0.4182521137436672,0.9029158520408069
52.67892000000529,-0.8080716169670664,0.564774392448316
52.703910000005294,-0.9952782339112585,0.31347819134214344
52.7289000000053,-1.0104899966548098,0.20374981610754297
52.7538900000053,-0.903349028591264,0.21386197632413184
52.7788800000053,-0.7641515684660698,0.24569949699984125
52.8038700000053,-0.6487449826356163,0.2058073392947227
52.82886000000531,-0.5512542519390917,0.09415545134371298
52.85385000000531,-0.45434789421502836,-0.0019589502551530923
52.87884000000531,-0.3646973846876663,0.0020156036767090177
52.903830000005314,-0.27940156613286693,0.1182185095401706
52.92882000000532,-0.21155956066337514,0.27994679667500116
52.95381000000532,-0.18388845117815333,0.3799130210355781
52.97880000000532,-0.19669415796932574,0.31776740087616906
53.00379000000533,-0.2465987634905696,0.0498080271468037
53.02878000000533,-0.32739844036761534,-0.38157954509062086
53.05377000000533,-0.40131544232797484,-0.8747487874187766
53.07876000000533,-0.4225981341464678,-1.3152430748645827
53.10375000000533,-0.3565133333523625,-1.6055907951183255
53.12874000000534,-0.17725132573688385,-1.6793665798863335
53.15373000000534,0.15252319907612005,-1.5117317250170277
53.17872000000534,0.6143915957246538,-1.1171795895762942
53.203710000005344,1.1276515895807222,-0.549712083457281
53.22870000000535,1.5538769871372768,0.10547054664880012
53.25369000000535,1.783143056370823,0.7370299722211313
53.27868000000535,1.743940368190631,1.2193978438721538
53.30367000000536,1.4430113528998159,1.4620624309460455
53.32866000000536,0.9655401337670569,1.4775128260123884
53.35365000000536,0.44978403989734267,1.3745260239857133
53.37864000000536,-0.035468658809189764,1.2553096741823964
53.40363000000536,-0.4554869334823556,1.1321518798783912
53.42862000000537,-0.8005088092406725,0.9508766391027303
53.45361000000537,-1.0589897303019267,0.6654176761661434
53.47860000000537,-1.2499297372861111,0.28121113735743924
53.503590000005374,-1.3697334482668766,-0.1500961908855891
53.52858000000538,-1.4125451974953305,-0.5527936378006867
53.55357000000538,-1.356086529544636,-0.8486572761911114
53.57856000000538,-1.1828588880055007,-0.9755079237035331
53.60355000000538,-0.90012484915891,-0.9084098293966798
53.62854000000539,-0.5569539836323418,-0.6725305421452323
53.65353000000539,-0.20007642781689647,-0.33750641430999817
53.67852000000539,0.119967563313527,0.0030489111249719066
53.703510000005394,0.3501816818034797,0.2540522765490883
53.7285000000054,0.4527481756290461,0.34496425553376325
53.7534900000054,0.4068334354898905,0.2538778977280437
53.7784800000054,0.2228701540138131,0.013531335286155419
53.803470000005404,0.003692569242727356,-0.3015626516460003
53.82846000000541,-0.1311979480862116,-0.5942524668181297
53.85345000000541,-0.11622039573205417,-0.7635791476226518
53.87844000000541,0.058901423675190794,-0.7436737327359161
53.903430000005415,0.34842265407245254,-0.5458705744233373
53.92842000000542,0.6577384963527332,-0.24842516412452612
53.95341000000542,0.9056850595442651,0.07113933209653354
53.97840000000542,1.0627640634528697,0.3805302096551175
54.00339000000543,1.1337218409934589,0.6815296503507017
54.02838000000543,1.1249265851272277,0.9775073262765906
54.05337000000543,1.0428176027830536,1.2570281505374576
54.07836000000543,0.9028143764712419,1.4948919593923427
54.10335000000544,0.7182106465623449,1.6577564047986935
54.12834000000544,0.47050251318274394,1.7090264723917286
54.15333000000544,0.1376074094959547,1.6133416257705107
54.17832000000544,-0.2835236210637356,1.3442143909558695
54.203310000005445,-0.7532031240093073,0.899056797757745
54.22830000000545,-1.205168087107677,0.31871827685790555
54.25329000000545,-1.5678262387226078,-0.3049033140125919
54.27828000000545,-1.7614494236806397,-0.8464642688736675
54.303270000005455,-1.7390496119154681,-1.1942138720637085
54.32826000000546,-1.4730750911306025,-1.2999961768062571
54.35325000000546,-1.0018176479182184,-1.1892428168250138
54.37824000000546,-0.43807382509833787,-0.9300949251003713
54.403230000005465,0.09170614664786711,-0.6017106559133112
54.42822000000547,0.47570688949069695,-0.28224352335760955
54.45321000000547,0.6679110110692498,-0.03585388863277561
54.47820000000547,0.6901787557453244,0.10804643758451683
54.50319000000548,0.603334630957409,0.16500478375186217
54.52818000000548,0.4806227200833708,0.17505852870270974
54.55317000000548,0.37877030335167516,0.17230423597269842
54.57816000000548,0.3241919458886252,0.17269787701000885
54.603150000005485,0.3102154493542414,0.1772956677742935
54.62814000000549,0.31581969408715266,0.18103552737786527
54.65313000000549,0.3206429246936641,0.17951008194565432
54.67812000000549,0.3186921166279042,0.17272223712243873
54.703110000005495,0.3154305370503981,0.16762006358976572
54.7281000000055,0.3402749157494894,0.17901607024914287
54.7530900000055,0.4107668911735228,0.23169653135448282
54.7780800000055,0.5246841662462304,0.358893453733356
54.80307000000551,0.6589395904348692,0.5843376997491255
54.82806000000551,0.7522006395098674,0.8853029144644239
54.85305000000551,0.7289384278667068,1.1642019692729932
54.87804000000551,0.5498077653901309,1.2845336894233481
54.90303000000552,0.20845213766905699,1.1611029857239452
54.92802000000552,-0.26137458357623694,0.8095700892167793
54.95301000000552,-0.795322312785172,0.30960115977711355
54.97800000000552,-1.2840605916475594,-0.2447115788912409
55.002990000005525,-1.6276542249032246,-0.7623078954888204
55.02798000000553,-1.7579354747619662,-1.1651904295080642
55.05297000000553,-1.6840729388005578,-1.4009328646493915
55.07796000000553,-1.4297762928185922,-1.4584643448357988
55.102950000005535,-1.074654273983841,-1.3652141295847096
55.12794000000554,-0.6768788332609432,-1.1692649525264096
55.15293000000554,-0.28776851385841307,-0.9186679185450342
55.17792000000554,0.06765567004808055,-0.6491184739282158
55.202910000005545,0.3836993582336068,-0.3807122467006946
55.22790000000555,0.6671029616857855,-0.12067418856458784
55.25289000000555,0.9203903331390603,0.13149623584460474
55.27788000000555,1.1286576702989208,0.37874032660070106
55.30287000000556,1.250538289867986,0.6201279287379624
55.32786000000556,1.2415787150198425,0.8432594408238718
55.35285000000556,1.0724080216264065,1.0166427787598045
55.37784000000556,0.7760239977758732,1.0834069293640738
55.402830000005565,0.42914292090683714,0.9798850443523116
55.42782000000557,0.11266735260540077,0.7030670262335129
55.45281000000557,-0.09666571049332418,0.36983744275506303
55.47780000000557,-0.15077187841885303,0.14970090921293408
55.502790000005575,-0.048071694441380555,0.12868743743938302
55.52778000000558,0.15124659162781684,0.2727672085292817
55.55277000000558,0.36857387775184175,0.49435705177552225
55.57776000000558,0.5137349050826002,0.7087487500246913
55.60275000000559,0.5413872012339288,0.8517402619177916
55.62774000000559,0.40918636208005343,0.8810142151823469
55.65273000000559,0.1378611431297998,0.778011250403484
55.67772000000559,-0.2270764613869923,0.5506136026486856
55.7027100000056,-0.6150639691287495,0.23168112249426787
55.7277000000056,-0.9559282961359334,-0.1250084466625139
55.7526900000056,-1.1899540797718733,-0.45515975730763975
55.7776800000056,-1.3032184052555287,-0.7000018530002887
55.802670000005605,-1.3237890837559687,-0.8226710994565234
55.82766000000561,-1.263410774230101,-0.8228545122315961
55.85265000000561,-1.1223407079293775,-0.7372905255346592
55.87764000000561,-0.8866243208393615,-0.6214753745461732
55.902630000005615,-0.5506470229728608,-0.5238264226866609
55.92762000000562,-0.12036999589899766,-0.45857846136351715
55.95261000000562,0.3614818255549465,-0.3868829084181358
55.97760000000562,0.8459618959544698,-0.21325308988964578
56.002590000005625,1.2548707090240439,0.158400504682115
56.02758000000563,1.524752024121762,0.6984055253352474
56.05257000000563,1.6147863958090343,1.2179994178314166
56.07756000000563,1.5071976618052967,1.5237907756325408
56.10255000000564,1.2260013330613604,1.5545878407558815
56.12754000000564,0.8335554571912654,1.3651807299679732
56.15253000000564,0.41023652680405776,1.0427768201422933
56.17752000000564,0.02608138093898457,0.6644639869511906
56.202510000005645,-0.2559066734042155,0.291634029737357
56.22750000000565,-0.4275661518603389,-0.02618044992761685
56.25249000000565,-0.48973306358542895,-0.2525568971630385
56.27748000000565,-0.4627534426703955,-0.36339015166492616
56.302470000005655,-0.38820294303011743,-0.35994451658949933
56.32746000000566,-0.31819179003607434,-0.2762912743043672
56.35245000000566,-0.2850071064838754,-0.1810557316251583
56.37744000000566,-0.2876871320473811,-0.1612063697655527
56.40243000000567,-0.3007000998522847,-0.2707279236601732
56.42742000000567,-0.3026086270550427,-0.47484790919305303
56.45241000000567,-0.29851642053327115,-0.6647058212829107
56.47740000000567,-0.3307617179045133,-0.7344104323547286
56.50239000000568,-0.4467832610630841,-0.6461158835648312
56.52738000000568,-0.6470589369419986,-0.4505836748597233
56.55237000000568,-0.8778774834520716,-0.2679887860220253
56.57736000000568,-1.0581446390187708,-0.23141471138324662
56.602350000005686,-1.1313474150341192,-0.3823057208348053
56.62734000000569,-1.0595958157987613,-0.6110285631882277
56.65233000000569,-0.8044477923663046,-0.7467481567031942
56.67732000000569,-0.3907230772058535,-0.6796911827512313
56.702310000005696,0.1216189497382406,-0.4043213903138342
56.7273000000057,0.6530963992248491,0.016304245875455925
56.7522900000057,1.1342254934319569,0.5004720515654612
56.7772800000057,1.4971284978150101,0.9734113008779227
56.802270000005706,1.6960363878299245,1.3710169127807026
56.82726000000571,1.6903329406468712,1.6413608591073876
56.85225000000571,1.5001109318458161,1.735899003383511
56.87724000000571,1.1639305205140138,1.621035210244333
56.90223000000572,0.7650725505947185,1.3036192040170986
56.92722000000572,0.3677715995839285,0.8535309004745534
56.95221000000572,0.026306522461764077,0.4116540310982492
56.97720000000572,-0.2672274944595096,0.12568058530986403
57.002190000005726,-0.513567235179883,0.01996206883806225
57.02718000000573,-0.7105241697329205,-0.02336253411169051
57.05217000000573,-0.825684338013325,-0.1317391024160773
57.07716000000573,-0.8425645796774632,-0.34399958735470987
57.102150000005736,-0.7622398763983843,-0.6074752890400672
57.12714000000574,-0.6033786426430281,-0.8200207765898945
57.15213000000574,-0.40159926501467497,-0.8804564930933325
57.17712000000574,-0.22250480263615957,-0.7417572156446866
57.20211000000575,-0.11100210775539009,-0.44517011605959594
57.22710000000575,-0.0747182993590679,-0.09248636356775577
57.25209000000575,-0.11510834809585233,0.20878547577276774
57.27708000000575,-0.231444493921244,0.38831094997317933
57.30207000000576,-0.3974200279353007,0.42709393832513876
57.32706000000576,-0.5641069692791798,0.35038018798288356
57.35205000000576,-0.6703558985756793,0.2061333701886463
57.37704000000576,-0.6782063893115065,0.0482830920524843
57.402030000005766,-0.5569864292151242,-0.07128906250856508
57.42702000000577,-0.30049349099766876,-0.10530084169125427
57.45201000000577,0.06596722738532758,-0.01755852608820039
57.47700000000577,0.46319476679119453,0.20407927646954788
57.501990000005776,0.8226275029900314,0.5224680026139172
57.52698000000578,1.1014767191170223,0.8317851148413485
57.55197000000578,1.2820768994473566,0.9984039840084394
57.57696000000578,1.3599156119093552,0.9790826039120594
57.601950000005786,1.3495677983266752,0.8591519441707998
57.62694000000579,1.249338227822012,0.7403054440417393
57.65193000000579,1.039563985618997,0.6558204072766771
57.676920000005794,0.7126116568944121,0.5814190833640486
57.7019100000058,0.282852538850627,0.471664534877505
57.7269000000058,-0.2176430389591662,0.28546608285029884
57.7518900000058,-0.7182228329530504,0.0026068305430475827
57.77688000000581,-1.1339686592608134,-0.3652846354437498
57.801870000005806,-1.4098261531237393,-0.7719477143827989
57.82686000000581,-1.536571511631086,-1.1457484712789503
57.85185000000581,-1.4888653613249072,-1.4074780949988002
57.87684000000581,-1.280902024274647,-1.49285563426515
57.901830000005816,-0.9550685834956567,-1.3767577703430431
57.92682000000582,-0.5758223675370197,-1.0852619499504508
57.95181000000582,-0.20588624797840077,-0.6838678985346223
57.976800000005824,0.088178299552845,-0.2540574617001036
58.00179000000583,0.25746218104460045,0.13012827445237618
58.02678000000583,0.27792796148740123,0.41898092687812744
58.05177000000583,0.18717274895644642,0.5939225536882201
58.07676000000584,0.061856831469730346,0.6665061837912419
58.10175000000584,-0.03550086938324161,0.6731213678439916
58.12674000000584,-0.07156402090494624,0.659252999602899
58.15173000000584,-0.04363901041791042,0.6484940869067859
58.17672000000584,0.03833322775767049,0.6307493460488296
58.201710000005846,0.15604966172021018,0.5853867491277516
58.22670000000585,0.30752939100881266,0.5085086049063434
58.25169000000585,0.4890292350426702,0.4130690603906827
58.276680000005854,0.6948413469801047,0.31983864410448876
58.301670000005856,0.9037096501994758,0.2499748960148149
58.32666000000586,1.0897671899697858,0.22085475248560787
58.35165000000586,1.2150455726017015,0.24243547305946336
58.37664000000586,1.238410105085547,0.31162269243309937
58.401630000005866,1.1235374827030764,0.40620177981105904
58.42662000000587,0.8611706487798543,0.48241011773519576
58.45161000000587,0.47955740711105244,0.47937761559460146
58.476600000005874,0.005669940094299152,0.340367692156211
58.50159000000588,-0.50793702750457,0.05369369383971792
58.52658000000588,-0.9771166768809996,-0.3198629118536557
58.55157000000588,-1.3213195434846998,-0.677475869716489
58.57656000000589,-1.5016972389215684,-0.9333185552698737
58.601550000005886,-1.484491947277468,-1.049844597789873
58.62654000000589,-1.2947215792597508,-1.032414783067518
58.65153000000589,-1.0072336779025106,-0.9051917254509673
58.67652000000589,-0.7104379417465801,-0.69112216587606
58.7015100000059,-0.4251128765849511,-0.40686400838070325
58.7265000000059,-0.1744369555755501,-0.0730915385182494
58.7514900000059,0.052353104470525526,0.28117574674390944
58.776480000005904,0.25820359944234295,0.6221629358647572
58.80147000000591,0.43775849803405326,0.9208355913569386
58.82646000000591,0.5629115214757338,1.155700177511255
58.85145000000591,0.6316480696709,1.311032721976203
58.87644000000592,0.6270171137825007,1.3752243305426153
58.90143000000592,0.5382207989087804,1.3397985196260582
58.92642000000592,0.3753097124154995,1.200554719633973
58.95141000000592,0.19391984887388924,0.9595497756161091
58.97640000000592,0.049256812036229336,0.6322217233225638
59.00139000000593,-0.021440685648418535,0.25609665608775567
59.02638000000593,0.009772151376147427,-0.09845663686718532
59.05137000000593,0.16305470623904753,-0.3361435785554442
59.076360000005934,0.3960721054290213,-0.38717859691666634
59.10135000000594,0.6533064094218731,-0.27736202224833384
59.12634000000594,0.8683518579753969,-0.11447609894915606
59.15133000000594,0.9703676184240659,0.0017142121325843108
59.17632000000594,0.8905910984538641,0.032010759254837796
59.20131000000595,0.6059454622595954,-0.01677526320014759
59.22630000000595,0.16497785229713766,-0.12281650516223686
59.25129000000595,-0.3100004304599626,-0.26526356808197316
59.276280000005954,-0.7223037627197061,-0.4233583628097002
59.30127000000596,-1.0391195183384068,-0.5730433900173757
59.32626000000596,-1.254547086540421,-0.688752751784343
59.35125000000596,-1.3694666515397154,-0.7485865538184671
59.37624000000597,-1.3985006743269808,-0.7425851819659444
59.40123000000597,-1.34611946899625,-0.6713741409365297
59.42622000000597,-1.2012809973748302,-0.542805640415514
59.45121000000597,-0.9541707306164287,-0.36621825504097005
59.47620000000597,-0.6006206964431352,-0.1504328068822432
59.50119000000598,-0.16869367346574785,0.10026905632083595
59.52618000000598,0.28764142101548507,0.3855794036952039
59.55117000000598,0.6943700859400231,0.7047433010506103
59.576160000005984,0.999159670060056,1.0447451666374308
59.60115000000599,1.173918778463152,1.35921206478481
59.62614000000599,1.1907220281810529,1.554015103363964
59.65113000000599,1.0386099742744581,1.5177467842832328
59.676120000006,0.7763466438681904,1.214004185325198
59.701110000006,0.4865586342685909,0.7318858100088134
59.726100000006,0.2425470861210346,0.21540661765736902
59.751090000006,0.08886274917871712,-0.2286054675678511
59.776080000006,0.05846014807026154,-0.5504345867276628
59.80107000000601,0.14043738348773294,-0.7399937986534011
59.82606000000601,0.26799450438325484,-0.8060947204721584
59.85105000000601,0.34427716632664473,-0.7691952397131836
59.876040000006014,0.3392245369320406,-0.6576063411796692
59.90103000000602,0.27745631027767076,-0.506504304470131
59.92602000000602,0.18122156312738377,-0.35169667786386066
59.95101000000602,0.0646918344723866,-0.21967965903139786
59.97600000000602,-0.05275201993953923,-0.1215548096449991
