time_s,bob1,bob2,bob3,bob4,bob5
0.0,-1.560709938,-1.497451112,-1.098560997,-0.8564374437,-0.5951166484
0.01669,-1.373085496,-1.459230703,-1.082790967,-0.8576066032,-0.6165080837
0.03338,-1.125499752,-1.382322127,-1.067184028,-0.8641140211,-0.6274803954
0.05007,-0.8362097254,-1.262179958,-1.044866719,-0.8726347044,-0.6300083351
0.06676,-0.5235487823,-1.093561503,-1.007182624,-0.884557768,-0.6243468933
0.08345,-0.2030658432,-0.8711754233,-0.9572199236,-0.8821977335,-0.6193269976
0.10014,0.0959862279,-0.5862022061,-0.8745472296,-0.8637589512,-0.6122185777
0.11683,0.3646485177,-0.2496581467,-0.7483603634,-0.8243996895,-0.6029095533
0.13352,0.5763686079,0.1070259165,-0.559723312,-0.7604187621,-0.5904351532
0.15021,0.7369126956,0.455082597,-0.2981861619,-0.6683549068,-0.5704341838
0.1669,0.8434260246,0.754111219,0.03414899032,-0.5390928605,-0.5395139607
0.18359,0.9090415255,0.9886731984,0.3929973525,-0.3398529357,-0.5016898556
0.20028,0.9314579898,1.153879744,0.7366532027,-0.06357014349,-0.4409269795
0.21697,0.9260687024,1.255725489,1.029360946,0.2675883775,-0.3449176319
0.23366,0.8911751883,1.306903167,1.24515906,0.6170244531,-0.2125796073
0.25035,0.8355942102,1.342616633,1.388612482,0.9251635026,-0.03675306404
0.26704,0.760464632,1.349746994,1.475966179,1.155024914,0.1896747473
0.28373,0.677099226,1.324904936,1.511124563,1.299630572,0.4484968353
0.30042,0.5846170373,1.264340544,1.498393543,1.368293749,0.7338524788
0.31711,0.4905905301,1.167421339,1.44779797,1.37446999,1.019315222
0.3338,0.403322214,1.034930324,1.354674883,1.34493062,1.266934272
0.35049,0.324284204,0.8949695572,1.217510254,1.287859521,1.463237987
0.36718,0.245238574,0.7354173166,1.047405598,1.223428003,1.601679256
0.38387,0.174603644,0.5647076273,0.8564171596,1.144464357,1.678296656
0.40056,0.1046786412,0.3976692683,0.6551168436,1.062126994,1.683078042
0.41725,0.04224246256,0.236792303,0.4619160883,0.9734536747,1.613208673
0.43394,-0.01072733811,0.08342875907,0.2831910719,0.869955328,1.473402551
0.45063,-0.05591647884,-0.04963469164,0.1252821525,0.7449104707,1.270282574
0.46732,-0.1043520555,-0.170675833,-0.005600157842,0.5996282801,1.006730502
0.48401,-0.1523863619,-0.263812931,-0.1052611409,0.4160349254,0.7015064464
0.5007,-0.2023376693,-0.3234536706,-0.1800711781,0.2156239593,0.3399102625
0.51739,-0.2472118778,-0.3523419313,-0.234990541,-0.006690098276,-0.04962441539
0.53408,-0.278138295,-0.3679190171,-0.2862708421,-0.2537951358,-0.4609087879
0.55077,-0.2934520151,-0.3599656824,-0.345092775,-0.5287696825,-0.8492836785
0.56746,-0.2993287954,-0.3492172606,-0.42732447,-0.8179593366,-1.194620603
0.58415,-0.2925114779,-0.3369135407,-0.5573219721,-1.110814512,-1.471948024
0.60084,-0.2759979454,-0.3387711097,-0.7383737837,-1.374980184,-1.671913248
0.61753,-0.2527071241,-0.3734866344,-0.9604967145,-1.594101547,-1.788132144
0.63422,-0.2200494361,-0.4816216435,-1.19534688,-1.751352395,-1.836268412
0.65091,-0.1810088813,-0.645559606,-1.408012957,-1.84589705,-1.800860278
0.6676,-0.1492687155,-0.8546134375,-1.569935798,-1.873716558,-1.695171028
0.68429,-0.1361737126,-1.063491409,-1.672841364,-1.842281167,-1.536819328
0.70098,-0.1617511662,-1.224362578,-1.713045336,-1.750575637,-1.338710697
0.71767,-0.2363595871,-1.310247454,-1.698960654,-1.604499214,-1.12876405
0.73436,-0.3566754367,-1.308994002,-1.627604916,-1.411810743,-0.9116140294
0.75105,-0.5047600327,-1.242385213,-1.497920944,-1.190588634,-0.6995623283
0.76774,-0.6611353145,-1.131166866,-1.311475844,-0.9481511548,-0.4866699227
0.78443,-0.8017339235,-0.9935904315,-1.064021601,-0.6939345084,-0.2792579897
0.80112,-0.9132179479,-0.8370822247,-0.7664465131,-0.4286294848,-0.08791065549
0.81781,-0.984092237,-0.698642635,-0.4463933809,-0.1583205533,0.07881294283
0.8345,-1.006813226,-0.5484751929,-0.1179753079,0.1067490634,0.2273405104
0.85119,-0.9806227469,-0.4151054073,0.1961629313,0.3675557859,0.3463330531
0.86788,-0.9069134581,-0.2767085361,0.4695025803,0.6156870055,0.4477630472
0.88457,-0.7807660502,-0.1270334141,0.6991079032,0.8318214528,0.5395441887
0.90126,-0.6078688345,0.02935897459,0.8711927971,1.015391854,0.6137302064
0.91795,-0.3955667799,0.1838519934,0.9785784303,1.149320097,0.6740771288
0.93464,-0.1453143392,0.3521699276,1.035531818,1.223032617,0.7291677994
0.95133,0.1350656004,0.520250422,1.048487669,1.249687879,0.7641153536
0.96802,0.4338563006,0.6971267434,1.025862287,1.215211968,0.7789590254
0.98471,0.7152045317,0.8693653415,0.9862098502,1.114450032,0.7797912914
1.0014,0.9549097756,1.022486694,0.9378227817,0.9684757107,0.7636488055
1.01809,1.157355078,1.175280314,0.9013339655,0.801377604,0.727897176
1.03478,1.31781512,1.306966171,0.8887716436,0.6299383555,0.6667507115
1.05147,1.424199139,1.421366196,0.9018819075,0.4894297992,0.5644189249
1.06816,1.470129831,1.499612868,0.9396526655,0.397229343,0.4322776486
1.08485,1.429942177,1.523030432,0.9854215296,0.3635576934,0.2751422771
1.10154,1.319124886,1.475195497,1.024453113,0.3890670306,0.1067895416
1.11823,1.159282635,1.368535307,1.047171818,0.4584531152,-0.06019266148
1.13492,0.9642961206,1.224679801,1.036010406,0.5338590404,-0.1984683211
1.15161,0.741228736,1.038849885,0.9823075221,0.5800232132,-0.297552868
1.1683,0.4990839892,0.8223110803,0.8887223373,0.5548851263,-0.3307684244
1.18499,0.2469229672,0.5732689606,0.7460631256,0.4574246395,-0.3015253543
1.20168,0.003418656668,0.3023259572,0.5486490173,0.2952691488,-0.2238153309
1.21837,-0.2307154606,0.01977954549,0.2951566579,0.1052091814,-0.1034965443
1.23506,-0.4408401623,-0.2561188548,-0.0152596315,-0.073093302,0.03807151189
1.25175,-0.6193612044,-0.5379424488,-0.361688395,-0.226105663,0.157661757
1.26844,-0.7685803984,-0.8111322841,-0.7172900995,-0.3596208926,0.2462318624
1.28513,-0.8862825852,-1.078345716,-1.045969874,-0.4702028859,0.2949108534
1.30182,-0.9729496679,-1.32741955,-1.327275974,-0.5716427164,0.3060745796
1.31851,-1.031728589,-1.553101217,-1.54040606,-0.6600301716,0.2854070519
1.3352,-1.060308655,-1.735616774,-1.67697699,-0.7407168543,0.223597862
1.35189,-1.061074447,-1.862138185,-1.737376462,-0.8127095761,0.1141407732
1.36858,-1.050035831,-1.920745684,-1.731578723,-0.8808023394,-0.03792474429
1.38527,-1.02532584,-1.896429298,-1.66652609,-0.9438644386,-0.2267677716
1.40196,-0.9841289178,-1.77864307,-1.558829532,-0.9981663535,-0.436558066
1.41865,-0.9305325787,-1.591190197,-1.414016932,-1.041932185,-0.6597682126
1.43534,-0.856008215,-1.324849968,-1.244925936,-1.076160028,-0.8860140558
1.45203,-0.7599936109,-1.017283415,-1.063660766,-1.09418869,-1.088937666
1.46872,-0.6405390347,-0.700337515,-0.8799343453,-1.105005031,-1.254419083
1.48541,-0.491486907,-0.3943658035,-0.7035578816,-1.105702298,-1.367582211
1.5021,-0.3153410081,-0.1249980713,-0.5464037482,-1.082704071,-1.419437032
1.51879,-0.1142742626,0.06499104129,-0.4150451094,-1.037097835,-1.391500178
1.53548,0.09819300904,0.1975191528,-0.3145622824,-0.9534215926,-1.296678421
1.55217,0.3165748983,0.258862279,-0.2421408918,-0.8228262882,-1.124973538
1.56886,0.5231997206,0.275359571,-0.1893942794,-0.6505748355,-0.8903568095
1.58555,0.6955771068,0.2743927166,-0.1419153526,-0.4418939877,-0.6128380718
1.60224,0.8107690748,0.2923535041,-0.0857138835,-0.1994411937,-0.3199657185
1.61893,0.8587735252,0.359710381,-0.002996083191,0.03858320551,-0.01786638845
1.63562,0.8280539615,0.4751294136,0.1287591016,0.2702547019,0.274335879
1.65231,0.7400470326,0.6160520791,0.3106119433,0.4894272771,0.5455712237
1.669,0.6092356633,0.7460840805,0.5450453403,0.6943350352,0.7853468153
1.68569,0.4550179069,0.8448840138,0.8123232245,0.8899295866,0.9833316154
1.70238,0.3026576121,0.9076383607,1.084272192,1.0871761,1.124949523
1.71907,0.1646312175,0.9355900459,1.33118735,1.276238583,1.230659582
1.73576,0.04477823158,0.9233133848,1.530512154,1.458977008,1.309862404
1.75245,-0.04739303769,0.8889992431,1.660442568,1.626386117,1.340987921
1.76914,-0.1098938565,0.8365249479,1.711953199,1.766664842,1.333352207
1.78583,-0.1441044715,0.7797751973,1.689083556,1.855484765,1.281125338
1.80252,-0.145194108,0.7181292279,1.599870129,1.87530253,1.189535333
1.81921,-0.1140916863,0.6489144423,1.455066928,1.812178382,1.081967688
1.8359,-0.05664196096,0.5664333119,1.268454922,1.651482178,0.9711223876
1.85259,0.02461831656,0.4784573688,1.049778997,1.396102242,0.8450728058
1.86928,0.1225753262,0.3954860568,0.8023020143,1.057951832,0.7142372192
1.88597,0.2303246062,0.3160981354,0.5346673441,0.6639370534,0.5658773945
1.90266,0.3380307769,0.2556020234,0.2543267994,0.2444640933,0.392754545
1.91935,0.4318305552,0.2048185853,-0.03032068725,-0.1563931754,0.1888732528
1.93604,0.4956768463,0.1476059918,-0.3049413461,-0.5125302782,-0.04286792493
1.95273,0.5203408495,0.0833990082,-0.5508024875,-0.8061289776,-0.2971062266
1.96942,0.4985375876,-0.01084834191,-0.7465413312,-1.024324926,-0.5760668207
1.98611,0.4288069322,-0.1268103419,-0.8781998771,-1.160068007,-0.8507389691
2.0028,0.3133228938,-0.266290114,-0.9382957776,-1.228421844,-1.124327743
2.01949,0.1586836714,-0.4197059675,-0.9430041256,-1.240708893,-1.35857637
2.03618,-0.02763218829,-0.564054079,-0.9153025655,-1.225013451,-1.534134729
2.05287,-0.229097329,-0.6905567531,-0.8837184463,-1.212013315,-1.631808789
2.06956,-0.4323661573,-0.8074661114,-0.8759648215,-1.210146883,-1.644187537
2.08625,-0.6273721176,-0.8927626049,-0.9054885033,-1.22177588,-1.551404822
2.10294,-0.8024139116,-0.9682484551,-0.972288941,-1.232919404,-1.379915961
2.11963,-0.9415892419,-1.0363348,-1.06741096,-1.221759131,-1.144676801
2.13632,-1.045138655,-1.086218358,-1.172275351,-1.178710274,-0.8632464743
2.15301,-1.102929116,-1.152598989,-1.266481427,-1.090283486,-0.5811305636
2.1697,-1.118963962,-1.23610729,-1.330563835,-0.9628168621,-0.3091626507
2.18639,-1.097800148,-1.319927681,-1.347354922,-0.8058807774,-0.05772464428
2.20308,-1.041302328,-1.397957218,-1.304576021,-0.6347236235,0.1649533485
2.21977,-0.9493032965,-1.449093334,-1.202928968,-0.4543179256,0.3429614159
2.23646,-0.8359690807,-1.441906968,-1.056961231,-0.2771120738,0.4880508699
2.25315,-0.7017193289,-1.372458127,-0.8769628213,-0.0970018385,0.5826900349
2.26984,-0.5626670814,-1.211307482,-0.6734854203,0.07751242198,0.6330233339
2.28653,-0.4171177447,-0.9518923369,-0.4499770733,0.2410879621,0.6499762801
2.30322,-0.2717408219,-0.6153853651,-0.2085997617,0.3754893132,0.6317487688
2.31991,-0.1240776942,-0.2232351811,0.04780535548,0.4846209249,0.5738457129
2.3366,0.02836723369,0.2004737652,0.3169632162,0.5614596079,0.4878249754
2.35329,0.1903958168,0.6154883725,0.5970023961,0.6066487963,0.3789410291
2.36998,0.3642799782,0.9881587303,0.8767931133,0.6302969667,0.2546224724
2.38667,0.5504292433,1.29188928,1.138424565,0.6433275702,0.1416497767
2.40336,0.7436523769,1.513551269,1.349387098,0.6562729708,0.049051511
2.42005,0.9355129901,1.649703549,1.48072716,0.6877606462,-0.01923434274
2.43674,1.115517361,1.705389481,1.51900401,0.736401535,-0.04857752298
2.45343,1.274982169,1.691671083,1.464570182,0.7823701586,-0.03982583108
2.47012,1.400804158,1.618173656,1.341240263,0.8129947905,0.004185487316
2.48681,1.47040792,1.512679966,1.185868246,0.8108556332,0.1077083003
2.5035,1.470899752,1.391199706,1.027560137,0.7683135811,0.2497328807
2.52019,1.387292075,1.273502947,0.8828634418,0.699159862,0.3984705927
2.53688,1.223629093,1.147344032,0.7705984417,0.6154028535,0.542196276
2.55357,0.9969590494,1.008786589,0.6835654067,0.5324954196,0.6555488605
2.57026,0.7265040179,0.8481086637,0.6128634385,0.4624705442,0.7321139958
2.58695,0.4369640875,0.6622188535,0.5511933847,0.4243958841,0.7868007224
2.60364,0.1434019256,0.4418358999,0.4854336132,0.4163906652,0.8028763153
2.62033,-0.1411410605,0.20718098,0.4041722735,0.4427506123,0.7719693737
2.63702,-0.4025996538,-0.04384351572,0.3090811384,0.4831150914,0.6955659231
2.65371,-0.6334635949,-0.3015547425,0.1959167283,0.5229240856,0.5839368767
2.6704,-0.82970567,-0.5537066559,0.06373464488,0.5232226882,0.4453743346
2.68709,-0.9789933916,-0.7834211227,-0.07791151539,0.4802776568,0.2914663644
2.70378,-1.082711501,-0.9806754431,-0.2250793777,0.3717785261,0.1408889485
2.72047,-1.144034238,-1.134755182,-0.3743104642,0.1992188771,-0.004130733815
2.73716,-1.16119166,-1.248672653,-0.5302932015,-0.04383202409,-0.1516711651
2.75385,-1.133619201,-1.316805945,-0.6930010889,-0.3368005188,-0.2954826652
2.77054,-1.069020723,-1.330200555,-0.871358137,-0.662575239,-0.4232420383
2.78723,-0.9650838015,-1.300378912,-1.063411251,-0.9864866033,-0.5531280946
2.80392,-0.8320369443,-1.229779265,-1.261708872,-1.275228711,-0.6766888573
2.82061,-0.6756657053,-1.130587884,-1.447364534,-1.503422515,-0.8002685758
2.8373,-0.4995093561,-1.02912669,-1.596917293,-1.66277339,-0.9378054714
2.85399,-0.3119591336,-0.9418312325,-1.675748822,-1.749185223,-1.076419649
2.87068,-0.1332870484,-0.8596856252,-1.660679668,-1.766948857,-1.192888089
2.88737,0.02177030792,-0.803140339,-1.54824952,-1.718170497,-1.300965007
2.90406,0.1312422631,-0.7411024342,-1.359472313,-1.612556366,-1.378502221
2.92075,0.1850808169,-0.6338922502,-1.117767065,-1.456550075,-1.420735326
2.93744,0.1876974826,-0.473772292,-0.8604025577,-1.255937673,-1.4198478
2.95413,0.1484168524,-0.2666125211,-0.6016615496,-1.031426564,-1.342440508
2.97082,0.08480840788,-0.03666149951,-0.3544869671,-0.7998285422,-1.181503861
2.98751,0.01881298541,0.1762867251,-0.1223103924,-0.5662980645,-0.9486365741
3.0042,-0.03824848273,0.3374118431,0.08913643483,-0.3374704382,-0.6573930083
3.02089,-0.0795528628,0.4427893423,0.2824183398,-0.1030332274,-0.3326111282
3.03758,-0.09575518677,0.4882484784,0.4461258448,0.1455324813,-0.001411695696
3.05427,-0.08808260858,0.4730309783,0.5848708094,0.4070688643,0.3270077756
3.07096,-0.05811392679,0.4144155087,0.6901813809,0.6741207761,0.6530560464
3.08765,-0.00516067061,0.3436041147,0.7659358026,0.9386985856,0.9386881194
3.10434,0.06403169365,0.275251544,0.8179280666,1.175531738,1.181395556
3.12103,0.141021868,0.219647937,0.8493737149,1.373575196,1.374864094
3.13772,0.2159103128,0.20511472,0.8665336294,1.518498429,1.51156292
3.15441,0.286111941,0.2304896545,0.8737713106,1.610856054,1.595458293
3.1711,0.340961335,0.3136642972,0.878304376,1.645667627,1.645243605
3.18779,0.3824650461,0.4434905213,0.8865488125,1.631863917,1.632306946
3.20448,0.4121338991,0.6035829463,0.9082590301,1.549117456,1.578918733
3.22117,0.4354569608,0.7641578637,0.9468846145,1.412504135,1.473746581
3.23786,0.4559656941,0.9126792085,1.004224575,1.227653914,1.307604953
3.25455,0.4815034836,1.026280826,1.066276821,1.019377537,1.075860932
3.27124,0.5100877751,1.107969679,1.11579022,0.8079221399,0.7878257291
3.28793,0.5406144245,1.135318201,1.119514961,0.6208312898,0.4600764566
3.30462,0.5712456396,1.113634626,1.054675051,0.46671697,0.1210628107
3.32131,0.6006478005,1.03571989,0.911984575,0.3391882365,-0.1941040143
3.338,0.6244729278,0.9037582323,0.6999734247,0.2137570286,-0.4813403264
3.35469,0.6360741412,0.7285059922,0.4501905994,0.05370984518,-0.7094593855
3.37138,0.6277685335,0.5276141572,0.186590692,-0.1701557236,-0.8648491069
3.38807,0.5887954405,0.3070889889,-0.07680526048,-0.4495279704,-0.9351549493
3.40476,0.5073069602,0.08890875003,-0.3383856265,-0.7500479128,-0.9374684813
3.42145,0.3822076147,-0.112804583,-0.6025773501,-1.028476094,-0.8866840241
3.43814,0.2207659743,-0.3125198961,-0.86578222,-1.237768207,-0.8165754457
3.45483,0.0273558227,-0.5070109657,-1.103350645,-1.358057833,-0.7319806878
3.47152,-0.1870727758,-0.7143381959,-1.295344607,-1.390872222,-0.6554365899
3.48821,-0.4094631668,-0.9379428764,-1.421350873,-1.3401224,-0.5869631866
3.5049,-0.6305873953,-1.168894838,-1.469883485,-1.236879408,-0.5278323592
3.52159,-0.8365679477,-1.381024375,-1.452422558,-1.087114485,-0.4878397332
3.53828,-1.015623123,-1.572892474,-1.38261091,-0.9158860709,-0.4590083262
3.55497,-1.168357625,-1.715335887,-1.273697886,-0.7378433018,-0.4326418722
3.57166,-1.287948173,-1.792481703,-1.139348212,-0.5778542937,-0.4135508714
3.58835,-1.369879369,-1.789372768,-0.9934294836,-0.4411439497,-0.392904609
3.60504,-1.409064565,-1.707238634,-0.8429090237,-0.3520369648,-0.3579618888
3.62173,-1.40124549,-1.549651142,-0.7030484832,-0.2919331079,-0.3148457409
3.63842,-1.345153273,-1.343823322,-0.580442014,-0.2646730305,-0.2661315399
3.65511,-1.24113682,-1.097529483,-0.481508146,-0.2562318347,-0.2011969465
3.6718,-1.087835873,-0.8265346935,-0.405985165,-0.2645683869,-0.1399751738
3.68849,-0.8845796395,-0.5486871177,-0.3489832307,-0.2709462183,-0.08818285312
3.70518,-0.6316295576,-0.2832454666,-0.2985326265,-0.2720042004,-0.04258912432
3.72187,-0.3375743512,-0.04210716597,-0.2392306431,-0.2549214881,-0.01257389664
3.73856,-0.01134377684,0.1416912859,-0.1528111921,-0.2176252198,0.0005948335367
3.75525,0.3300303141,0.2906802854,-0.03215116424,-0.1502422207,0.008199505513
3.77194,0.6590986688,0.4142756447,0.1146235654,-0.05826260367,0.005427686543
3.78863,0.9457748503,0.5518447903,0.2800366886,0.05597335829,-0.004814740098
3.80532,1.160688588,0.7354912264,0.4500048036,0.181497557,-0.01668023458
3.82201,1.284257379,0.9770683592,0.6183819824,0.3063599582,-0.02467297308
3.8387,1.318814194,1.250913257,0.7979801816,0.4226945452,-0.02701170676
3.85539,1.280339807,1.51140519,0.9959858756,0.5268661818,-0.009994373068
3.87208,1.191917491,1.700499759,1.207590677,0.6201094532,0.03543623497
3.88877,1.075905015,1.790179518,1.417162114,0.706346682,0.1069912463
3.90546,0.9452642156,1.77808285,1.584858321,0.8020230103,0.2135193838
3.92215,0.8127563253,1.668047267,1.674478689,0.9176628287,0.3339973237
3.93884,0.6782687934,1.48985959,1.665242678,1.053285391,0.4675791421
3.95553,0.5435839504,1.252772831,1.563442917,1.186397468,0.6068305155
3.97222,0.4143909857,0.9894930477,1.384876543,1.298661817,0.7409437552
3.98891,0.2922082377,0.7057710553,1.153032741,1.358816753,0.8652533698
4.0056,0.1766911355,0.4239290394,0.8990195953,1.354690321,0.9875319623
4.02229,0.06998147164,0.1513094377,0.6349064698,1.277944052,1.071843796
4.03898,-0.03187102934,-0.08944267736,0.3748640136,1.131635176,1.129707161
4.05567,-0.1337536626,-0.296419608,0.1342858433,0.9186321688,1.152909633
4.07236,-0.2322607842,-0.4458504139,-0.08356098226,0.6580438997,1.12562242
4.08905,-0.3265120841,-0.5538075893,-0.2774701638,0.3736835034,1.051275426
4.10574,-0.4111911159,-0.6199341909,-0.4417294175,0.07967846133,0.9302609121
4.12243,-0.4825262912,-0.6517112022,-0.578405094,-0.1986689736,0.7460834691
4.13912,-0.5308555028,-0.6560276441,-0.6889067405,-0.4488866174,0.5075787994
4.15581,-0.5606300383,-0.6630736441,-0.776881116,-0.6589921554,0.2260531831
4.1725,-0.570935018,-0.6673327054,-0.8433372263,-0.8176588628,-0.1039819089
4.18919,-0.5607116212,-0.6800994197,-0.8918053245,-0.9212377588,-0.4673267417
4.20588,-0.5280758207,-0.7004223535,-0.9228833172,-0.9833502606,-0.8456244711
4.22257,-0.4770733474,-0.7260176145,-0.9359870096,-1.027938593,-1.199028523
4.23926,-0.4063506551,-0.740789995,-0.9353297116,-1.088456652,-1.497269503
4.25595,-0.3301210255,-0.7566754965,-0.9298347938,-1.194313013,-1.69704573
4.27264,-0.2544328479,-0.7477859027,-0.9390122577,-1.344752087,-1.786945727
4.28933,-0.1843967741,-0.7027247553,-0.9817825329,-1.512623238,-1.764902431
4.30602,-0.1221191616,-0.6307137914,-1.064908505,-1.64589802,-1.647805608
4.32271,-0.06848484111,-0.5515317556,-1.178417952,-1.701233432,-1.452383549
4.3394,-0.02793739012,-0.4865094721,-1.279591624,-1.648639833,-1.220899735
4.35609,-0.005007835668,-0.4868847109,-1.320228402,-1.502608581,-0.979342126
4.37278,0.0004626243691,-0.5469933497,-1.264065175,-1.27510084,-0.7382922911
4.38947,-0.01127315735,-0.6379942795,-1.10655682,-0.9891741772,-0.4994231424
4.40616,-0.0473172448,-0.7172795819,-0.8647507382,-0.6695624429,-0.2708996716
4.42285,-0.1058490499,-0.7364961311,-0.5796210306,-0.3259714001,-0.04530906084
4.43954,-0.1868410406,-0.6728519827,-0.2836572718,0.02006359441,0.1648163035
4.45623,-0.2753580172,-0.544686144,0.00392606586,0.3508678432,0.3467795383
4.47292,-0.3586721795,-0.3563585383,0.2787775141,0.6505449298,0.5067008291
4.48961,-0.4206818436,-0.1318328796,0.5320821974,0.91090536,0.6509145588
4.5063,-0.4575940553,0.1124044089,0.7627974283,1.116318175,0.7761150684
4.52299,-0.4601240952,0.3624612167,0.9674004077,1.266045699,0.8866414533
4.53968,-0.4229897482,0.6016332999,1.144659302,1.353937074,0.9755628354
4.55637,-0.3395690475,0.80983497,1.286996335,1.393856647,1.0383205
4.57306,-0.2128268009,0.9708843765,1.391374823,1.387065617,1.06728057
4.58975,-0.04667556168,1.085210922,1.448328165,1.350221825,1.07482791
4.60644,0.1538035217,1.149438222,1.452400733,1.285125999,1.054037576
4.62313,0.380208764,1.161536017,1.403278099,1.209505882,1.00162109
4.63982,0.6206425538,1.136646398,1.303596071,1.13048882,0.9134584925
4.65651,0.857173127,1.088841515,1.156703659,1.047526406,0.7983413946
4.6732,1.065611458,1.034271109,0.9788500406,0.9471789976,0.6535773279
4.68989,1.220448499,1.008570798,0.7962826413,0.8170632264,0.4966574443
4.70658,1.300102704,1.023926413,0.6356714581,0.6434063477,0.3337676957
4.72327,1.289473985,1.061050668,0.5241471344,0.4369723663,0.1688848873
4.73996,1.198002051,1.095838521,0.4709332808,0.2177916184,0.005202588886
4.75665,1.037827567,1.094556634,0.4716469917,0.00533456598,-0.1519140569
4.77334,0.8325942222,1.034115164,0.4946534258,-0.1707091151,-0.3093943841
4.79003,0.6050655462,0.9030715489,0.4932738971,-0.2804416218,-0.4483886144
4.80672,0.3684513181,0.7043091849,0.4249530087,-0.3105030451,-0.5629997905
4.82341,0.1316395093,0.4391363115,0.2808128013,-0.2703543714,-0.650801361
4.8401,-0.09250595027,0.1363091641,0.07267490184,-0.1987964749,-0.6934342928
4.85679,-0.2971734019,-0.1890814614,-0.1615800907,-0.1477847314,-0.6823423462
4.87348,-0.4808715235,-0.5147956036,-0.3945120216,-0.161875783,-0.6185705012
4.89017,-0.6392373039,-0.8238969083,-0.6158166543,-0.2477149396,-0.4905963141
4.90686,-0.7738351468,-1.102215613,-0.8226826041,-0.3909354575,-0.3307413707
4.92355,-0.8868181415,-1.343703309,-1.0114381,-0.5559272236,-0.1684915291
4.94024,-0.975852105,-1.527388042,-1.184163323,-0.7221411235,-0.02483084841
4.95693,-1.03993607,-1.65014439,-1.339340729,-0.8630173823,0.09077063957
4.97362,-1.079984774,-1.699697812,-1.470340666,-0.9696167213,0.168200797
4.99031,-1.092258456,-1.684241967,-1.570773184,-1.031935978,0.2142447421
5.007,-1.075161185,-1.603498741,-1.630499768,-1.053019652,0.2145457684
5.02369,-1.027973566,-1.491061405,-1.625860147,-1.032363939,0.166994813
5.04038,-0.9490234015,-1.363513838,-1.55109093,-0.9771441255,0.08129975239
5.05707,-0.8447006387,-1.233448339,-1.400257491,-0.8915274114,-0.0440801118
5.07376,-0.7126935536,-1.086138934,-1.172480071,-0.7788128799,-0.2087616422
5.09045,-0.5595643974,-0.9219999885,-0.8883678785,-0.6506908834,-0.3881874696
5.10714,-0.3878812619,-0.7193744235,-0.5800671262,-0.5219270476,-0.5726252623
5.12383,-0.2046411573,-0.4853537999,-0.2706532361,-0.4011820315,-0.7301564256
5.14052,-0.01599224114,-0.2136609138,0.004167539946,-0.3068007884,-0.8330221783
5.15721,0.1695085457,0.08487486618,0.2225139712,-0.2441757349,-0.8741199432
5.1739,0.3513951431,0.4098870182,0.3703310738,-0.2099385145,-0.8425841952
5.19059,0.5236161541,0.7268589626,0.4488415019,-0.1890807743,-0.7339309193
5.20728,0.6876563851,0.9945946435,0.4762847941,-0.1609253504,-0.5669935138
5.22397,0.8396575475,1.166728474,0.4963296293,-0.09617244468,-0.3495781497
5.24066,0.9748934105,1.22512513,0.5381525784,0.009859307564,-0.1112756202
5.25735,1.077200626,1.171030804,0.6145373391,0.1675113841,0.1315481101
5.27404,1.134749427,1.050950627,0.7149019915,0.3662441871,0.3682298801
5.29073,1.131195644,0.9208872605,0.816255074,0.6047530047,0.5793599837
5.30742,1.05923883,0.8327830805,0.900444581,0.8557883507,0.7580460995
5.32411,0.9234786156,0.8012986389,0.9686461965,1.095687533,0.9023188358
5.3408,0.7399086997,0.8202666614,1.025787432,1.296072942,1.017365963
5.35749,0.5274160782,0.8578250518,1.083091565,1.447193886,1.106279826
5.37418,0.3103603937,0.8878685836,1.14884636,1.531896699,1.170662983
5.39087,0.1061123018,0.8896430756,1.218150894,1.559850673,1.204036569
5.40756,-0.07593113696,0.8498670957,1.286330272,1.527660253,1.206171129
5.42425,-0.2247080325,0.7739891238,1.33283944,1.441839536,1.175024518
5.44094,-0.3376012306,0.6677488273,1.336302916,1.313753213,1.12011878
5.45763,-0.4108268964,0.5355677876,1.273388754,1.168768709,1.031130378
5.47432,-0.4418869976,0.3925084194,1.133669373,1.01032549,0.9122434807
5.49101,-0.4304345997,0.2413400981,0.9141206444,0.8455021174,0.7592432531
5.5077,-0.3817442544,0.08152694055,0.6273913522,0.6730135694,0.5627179638
5.52439,-0.3006763697,-0.07297812703,0.2950050369,0.4805555172,0.3546655929
5.54108,-0.1967058495,-0.2194917182,-0.05396833475,0.2568657987,0.1388392004
5.55777,-0.08100075084,-0.3546000785,-0.3881560451,-0.008645414506,-0.08734726222
5.57446,0.03088757526,-0.4668359569,-0.6774195541,-0.3170232042,-0.3082879668
5.59115,0.1216828187,-0.5460878726,-0.9041582238,-0.6561916695,-0.5215474558
5.60784,0.1756528184,-0.5794432515,-1.061326944,-1.004475282,-0.7312417663
5.62453,0.1846570986,-0.5682806729,-1.154339388,-1.328146491,-0.9133065843
5.64122,0.1478217028,-0.5215961768,-1.1975126,-1.584464653,-1.080501953
5.65791,0.07093068634,-0.4665289674,-1.204942835,-1.744561988,-1.238783402
5.6746,-0.03196268005,-0.4317083808,-1.192234253,-1.77838121,-1.375445611
5.69129,-0.1461786193,-0.4383225653,-1.160083451,-1.688303493,-1.485850639
5.70798,-0.2608783416,-0.4965925582,-1.105794913,-1.507730332,-1.55156464
5.72467,-0.3653403572,-0.6042027092,-1.027337779,-1.291892215,-1.547199451
5.74136,-0.4582122344,-0.7313003654,-0.9270823779,-1.082994621,-1.465381489
5.75805,-0.5384696197,-0.8557849913,-0.8166344362,-0.9133610679,-1.290108588
5.77474,-0.6070782967,-0.9521532746,-0.7128797806,-0.7837410837,-1.030303126
5.79143,-0.6591165608,-0.995966572,-0.6313576624,-0.6755347263,-0.711655757
5.80812,-0.6936707193,-0.9863277499,-0.585203119,-0.5651356542,-0.3688173037
5.82481,-0.7064492063,-0.9261046019,-0.5716548282,-0.4459845724,-0.03353140222
5.8415,-0.6924547535,-0.824694114,-0.5749529415,-0.3009396796,0.2723573435
5.85819,-0.6496783307,-0.6938993444,-0.572385547,-0.1336065736,0.5419594868
5.87488,-0.5787495002,-0.5509851936,-0.5378529356,0.04406487907,0.7671827888
5.89157,-0.480509968,-0.4086877699,-0.4510998792,0.2236110244,0.9530048196
5.90826,-0.3545334738,-0.2805912077,-0.3036130239,0.3945325131,1.083207292
5.92495,-0.2086163641,-0.1609175844,-0.09457909577,0.5506154917,1.159448884
5.94164,-0.05009238093,-0.04325520464,0.1643142944,0.6939366442,1.185259491
5.95833,0.1178019384,0.09404604183,0.4443150961,0.8248065838,1.152251766
5.97502,0.2843390196,0.2644456328,0.7217177333,0.9436657358,1.066160833
5.99171,0.4404299208,0.4781679387,0.9709382342,1.046435488,0.9436377346
6.0084,0.584989655,0.7286882135,1.171779328,1.123042383,0.7928867076
6.02509,0.7080508464,1.009103511,1.317059739,1.169023072,0.6226905416
6.04178,0.8135173243,1.304178925,1.410718292,1.164275089,0.4511591271
6.05847,0.9096359825,1.573413011,1.459247691,1.100871877,0.299169882
6.07516,0.9925472685,1.774501271,1.476866462,0.9799084139,0.1745941052
6.09185,1.068579474,1.880665968,1.468012586,0.8106359041,0.08961787537
6.10854,1.135132296,1.867043136,1.420434644,0.629948301,0.04470841742
6.12523,1.183000032,1.74609155,1.31415977,0.4807215932,0.02129931157
6.14192,1.206946607,1.540041383,1.140247843,0.3836459717,0.0189725471
6.15861,1.190654836,1.271912869,0.9000153414,0.3409994578,0.03819532459
6.1753,1.117712873,0.9715695281,0.6210020549,0.3382991314,0.06468675392
6.19199,0.982289438,0.6807188324,0.3447515366,0.3417092817,0.1000273759
6.20868,0.7833953983,0.4199752648,0.1069329903,0.325743479,0.1374097398
6.22537,0.5306948343,0.1948197894,-0.07197042056,0.2750946645,0.177593293
6.24206,0.2436581962,-0.006897512852,-0.1877489947,0.1875006448,0.2119621701
6.25875,-0.06159255793,-0.2003899167,-0.2553557442,0.06771384019,0.239711406
6.27544,-0.3647717841,-0.3939142869,-0.2878019637,-0.06179425449,0.2474738988
6.29213,-0.6470332868,-0.5747699419,-0.3116190833,-0.181893302,0.2353321981
6.30882,-0.8906861968,-0.7293236717,-0.3415906137,-0.2776227967,0.1956026765
6.32551,-1.088495883,-0.8746949772,-0.3964708769,-0.3395700477,0.1300568216
6.3422,-1.234284191,-0.996718089,-0.4883948248,-0.3662909087,0.0386182095
6.35889,-1.328974708,-1.101396905,-0.6158552801,-0.3673195145,-0.07067137127
6.37558,-1.37165302,-1.185219004,-0.7553696704,-0.3615939542,-0.1846542711
6.39227,-1.358993734,-1.25167394,-0.8917610989,-0.3680633912,-0.3090346489
6.40896,-1.290550293,-1.292867456,-1.002282738,-0.4054752668,-0.4299673122
6.42565,-1.17540767,-1.326565149,-1.079780508,-0.4910098346,-0.5375870288
6.44234,-1.015089022,-1.327574899,-1.126192763,-0.6247212636,-0.6252134311
6.45903,-0.8216151743,-1.286244343,-1.141398984,-0.7983837267,-0.6924183516
6.47572,-0.6045248313,-1.196129911,-1.132648369,-0.9843279005,-0.7293949426
6.49241,-0.3735302174,-1.05081903,-1.115114093,-1.146499537,-0.7590679488
6.5091,-0.1457380584,-0.8405314672,-1.098844444,-1.257942809,-0.7797252285
6.52579,0.05991150477,-0.5770681528,-1.080308989,-1.297232897,-0.7897757027
6.54248,0.2376623312,-0.2910500626,-1.03008663,-1.257594114,-0.7968562539
6.55917,0.3810017106,-0.02085793163,-0.9063581515,-1.13840899,-0.8045940103
6.57586,0.4890459756,0.1796733455,-0.6878859826,-0.9517634116,-0.7972049268
6.59255,0.5621090351,0.3137667025,-0.3744957292,-0.712174111,-0.7736825474
6.60924,0.6036227504,0.4041882412,-0.01071218214,-0.440552862,-0.7218402423
6.62593,0.6103619235,0.4840558291,0.3450574582,-0.1519256064,-0.6212799399
6.64262,0.5849184989,0.5788202089,0.6460148196,0.1386681351,-0.4722408274
6.65931,0.5359658852,0.6958773966,0.8686782013,0.4227492285,-0.277637469
6.676,0.4720953972,0.8175984831,1.009935475,0.674804194,-0.02599820144
6.69269,0.4021461831,0.9345907322,1.085811524,0.8806261062,0.2615627926
6.70938,0.3402748348,1.022823061,1.117009302,1.038692221,0.5657712592
6.72607,0.2887396929,1.067863755,1.121114116,1.152594761,0.8689614084
6.74276,0.2530704247,1.051556411,1.115304624,1.230552807,1.139810492
6.75945,0.2369893298,0.9830175265,1.109600152,1.283420755,1.360407737
6.77614,0.2389335143,0.8618474606,1.099318163,1.314194099,1.525624755
6.79283,0.2554347208,0.717736906,1.077721123,1.328851474,1.633739537
6.80952,0.2790945057,0.5637790035,1.042542123,1.334754699,1.689773668
6.82621,0.3028453583,0.4270486258,0.9821357668,1.331219278,1.692294358
6.8429,0.3226929347,0.3194977983,0.8973045051,1.311862322,1.635742655
6.85959,0.3341567661,0.2731976779,0.7923427957,1.266677813,1.515581659
6.87628,0.3307930552,0.2689836763,0.6721327256,1.192172131,1.334600551
6.89297,0.3150517212,0.3179946559,0.5554136706,1.077502644,1.104057224
6.90966,0.2869420078,0.3910398489,0.4588410516,0.9166441695,0.8278298084
6.92635,0.2515724561,0.4605980928,0.3932342827,0.7025958345,0.5256381772
6.94304,0.218175842,0.5068075282,0.3620975755,0.4406728703,0.2006716163
6.95973,0.1892136275,0.5233255696,0.3543969448,0.1357709239,-0.1355680097
6.97642,0.1672364827,0.4910604092,0.3308818424,-0.171451984,-0.4615664599
6.99311,0.1560503708,0.4219882286,0.2522231739,-0.449632587,-0.7543681917
7.0098,0.1526894682,0.3253361567,0.08357781973,-0.6700760305,-1.002342387
7.02649,0.1512669128,0.1965306026,-0.1754524852,-0.8321031907,-1.176095681
7.04318,0.1498522986,0.03140699226,-0.4885221381,-0.9480978495,-1.28547594
7.05987,0.1372522136,-0.1688084488,-0.8016978164,-1.052892651,-1.32456096
7.07656,0.1081893755,-0.3993147252,-1.067639423,-1.156211431,-1.296143802
7.09325,0.05299902404,-0.6442177351,-1.25661561,-1.263546478,-1.205065333
7.10994,-0.0371361127,-0.8637121574,-1.365402486,-1.361548294,-1.061600528
7.12663,-0.1619707554,-1.03309304,-1.413421515,-1.421901916,-0.8883205761
7.14332,-0.3163073229,-1.135698216,-1.41585745,-1.426392038,-0.7181778881
7.16001,-0.4892217526,-1.174309906,-1.388846956,-1.362188579,-0.558944847
7.1767,-0.663788673,-1.1599223,-1.337961583,-1.229070025,-0.4166914218
7.19339,-0.8231027844,-1.123472693,-1.25646245,-1.037056588,-0.2937160673
7.21008,-0.9541483912,-1.070963322,-1.134695095,-0.7974403214,-0.1874547613
7.22677,-1.045948237,-1.015604085,-0.9711095223,-0.5344712994,-0.09571168461
7.24346,-1.095804321,-0.9582371882,-0.7611456438,-0.2697163788,-0.02306446384
7.26015,-1.098887293,-0.8970293012,-0.5143220119,-0.01966545944,0.03584038
7.27684,-1.054626845,-0.8150801529,-0.2537705825,0.1900576637,0.08806136132
7.29353,-0.9641321527,-0.724253841,0.003630054828,0.3546342655,0.1394701663
7.31022,-0.827269457,-0.5970312185,0.2369035539,0.4757934482,0.1858162587
7.32691,-0.6452092369,-0.4253513305,0.4273704146,0.5507290079,0.2386698323
7.3436,-0.4260222653,-0.2138671565,0.5621056231,0.5879244877,0.2923360041
7.36029,-0.1777572493,0.03694498698,0.6359143627,0.5940085478,0.3474784232
7.37698,0.09150906784,0.3240415576,0.647473635,0.5815271569,0.4030451848
7.39367,0.3679923556,0.6133946589,0.617805262,0.5589167881,0.4488930446
7.41036,0.6413542157,0.8847633052,0.5763404022,0.5289156739,0.4799825454
7.42705,0.901351311,1.114308587,0.562657543,0.4960696424,0.4932863725
7.44374,1.131764886,1.271218777,0.6098149959,0.4604588132,0.4854036993
7.46043,1.315882864,1.365760715,0.7261055595,0.4282524237,0.4550466526
7.47712,1.439095873,1.418378475,0.8875771307,0.4301370688,0.4059772421
7.49381,1.483817133,1.455878638,1.056505185,0.4695820273,0.3361189956
7.5105,1.447453129,1.495099388,1.188051197,0.5603815567,0.2599020011
7.52719,1.33527433,1.540177951,1.267732578,0.6822647162,0.1879363325
7.54388,1.164917848,1.572529749,1.302950878,0.8081660887,0.1354518752
7.56057,0.9617869084,1.565363734,1.30223907,0.8981524561,0.1060653991
7.57726,0.7461425045,1.48526095,1.282365108,0.9297050705,0.1275757553
7.59395,0.5284762032,1.325579925,1.245901329,0.8864167061,0.1920106576
7.61064,0.3232214741,1.099407202,1.175407292,0.7993851695,0.289425676
7.62733,0.132577877,0.8193133516,1.050996533,0.6847420351,0.4035891086
7.64402,-0.03986571576,0.513654264,0.8603373636,0.5741163834,0.5116582753
7.66071,-0.1897439527,0.1989105743,0.59798607,0.4802515869,0.6082498822
7.6774,-0.3134904716,-0.1176392957,0.2814095261,0.4044899096,0.6883799802
7.69409,-0.4128100186,-0.4183915075,-0.06049548233,0.3319834219,0.7329710507
7.71078,-0.492286145,-0.6842355892,-0.3993724917,0.2535150718,0.7395757505
7.72747,-0.5533614009,-0.90643979,-0.7079504994,0.1567113246,0.7014041941
7.74416,-0.603366977,-1.084534051,-0.9597747186,0.03131911327,0.6149442789
7.76085,-0.6429123856,-1.21559748,-1.143507097,-0.1261676555,0.488379412
7.77754,-0.6697293837,-1.292174163,-1.250101705,-0.3078927008,0.3247323138
7.79423,-0.684374276,-1.319992297,-1.275465547,-0.5105284074,0.1348848777
7.81092,-0.6892314754,-1.288941523,-1.232969451,-0.7196886708,-0.08382087496
7.82761,-0.6798868153,-1.196458678,-1.141598171,-0.916805989,-0.3231948063
7.8443,-0.6589128097,-1.057238523,-1.028627354,-1.084961022,-0.5772069309
7.86099,-0.6220954379,-0.8938007357,-0.9232286297,-1.203067226,-0.8318735037
7.87768,-0.565292652,-0.7074347912,-0.8479628581,-1.252937025,-1.073885303
7.89437,-0.4834204968,-0.5278556069,-0.803100172,-1.240471386,-1.278211825
7.91106,-0.3775256349,-0.3762680619,-0.7749095772,-1.190200016,-1.437561551
7.92775,-0.2470243327,-0.2703359001,-0.7432672744,-1.130000794,-1.519769395
7.94444,-0.1014280119,-0.214783606,-0.6921311264,-1.085798021,-1.502609062
7.96113,0.04996105208,-0.2105107838,-0.6239127634,-1.060774565,-1.375954266
7.97782,0.19479362,-0.2206681397,-0.5586521076,-1.028539456,-1.167324284
7.99451,0.3179982617,-0.2145059939,-0.5145634275,-0.9583714356,-0.8998899629
8.0112,0.403042957,-0.1680947583,-0.492327773,-0.8307814368,-0.6007288486
8.02789,0.4434426274,-0.07655707353,-0.4730731257,-0.6382311329,-0.2981883655
8.04458,0.4373330557,0.04543230728,-0.4284090213,-0.3928179876,-0.006245372549
8.06127,0.3958413414,0.1676400839,-0.3241769961,-0.1211871483,0.2622666565
8.07796,0.3307150372,0.2692671847,-0.1375584402,0.1609427323,0.4980473781
8.09465,0.2532515055,0.3311073399,0.1257668703,0.4349822889,0.7000974237
8.11134,0.1748150766,0.3678777944,0.4432541966,0.6986326075,0.8717460546
8.12803,0.09851025046,0.387941014,0.7819698875,0.9481418461,1.003561186
8.14472,0.03058008615,0.4147348968,1.097926836,1.178692733,1.102079504
8.16141,-0.01723485978,0.4637910752,1.361917919,1.386133586,1.16204089
8.1781,-0.04739977901,0.532798764,1.55111996,1.556492784,1.191692547
8.19479,-0.05642186073,0.6137169578,1.658138942,1.677125805,1.192552499
8.21148,-0.03731197638,0.7135258277,1.683418317,1.745318821,1.171071418
8.22817,0.008440305195,0.8200533833,1.639492278,1.749367531,1.13024411
8.24486,0.08194472678,0.9258282797,1.540251012,1.676288035,1.079684618
8.26155,0.1845872678,1.012885545,1.398935542,1.526633731,1.017189844
8.27824,0.3073217618,1.0621169,1.233849238,1.304201856,0.9425240412
8.29493,0.4432495748,1.058834436,1.061071749,1.027776506,0.8439698881
8.31162,0.5893204691,1.001351991,0.8835760463,0.7272004802,0.7334868086
8.32831,0.7325144103,0.8969216079,0.7015085723,0.4278425636,0.5910899832
8.345,0.8535621409,0.7665190594,0.5082776316,0.1580583486,0.4265375763
8.36169,0.9338221818,0.6345557066,0.2975478532,-0.06301001251,0.2303831295
8.37838,0.9517735561,0.5257632564,0.08540207831,-0.226089649,-0.0001159848924
8.39507,0.8967260232,0.4454372811,-0.1051500062,-0.3401693999,-0.2470408544
8.41176,0.7730492663,0.381402107,-0.2480627325,-0.4231000006,-0.4833985992
8.42845,0.5917104946,0.3062450491,-0.3186523068,-0.4993373063,-0.696793952
8.44514,0.3705715329,0.1970856546,-0.3199645645,-0.5820246649,-0.8586081505
8.46183,0.1363434587,0.05507943054,-0.2807773669,-0.6708178858,-0.9691097076
8.47852,-0.1012086272,-0.1174868323,-0.2454426266,-0.7546765003,-1.026257872
8.49521,-0.3292681802,-0.3070632144,-0.2601313187,-0.8109923874,-1.025172695
8.5119,-0.5343128311,-0.49207746,-0.351674041,-0.828282232,-0.972957934
8.52859,-0.7095234116,-0.6650645906,-0.5165886906,-0.8043454302,-0.8696239083
8.54528,-0.8513796001,-0.8359452749,-0.7309616718,-0.7490612221,-0.726532074
8.56197,-0.9531186002,-0.9940073614,-0.9547658856,-0.6820869478,-0.5507154382
8.57866,-1.016734386,-1.151313782,-1.146651893,-0.6251142974,-0.3625254796
8.59535,-1.044401554,-1.307562756,-1.280570743,-0.5845077338,-0.1752913184
8.61204,-1.033822077,-1.440972828,-1.34399064,-0.560315114,-0.003371122744
8.62873,-0.9902965564,-1.537511299,-1.339631361,-0.5509133103,0.1427453238
8.64542,-0.9213119259,-1.581085113,-1.279540864,-0.5427562219,0.2639081927
8.66211,-0.8308503945,-1.543776319,-1.174350969,-0.5298195818,0.3616236436
8.6788,-0.7245367281,-1.42624088,-1.040699689,-0.5039368862,0.4231935123
8.69549,-0.6106123636,-1.222543261,-0.8868578081,-0.457021859,0.4362600827
8.71218,-0.4894331225,-0.9421101712,-0.7150079713,-0.3846799747,0.4012430106
8.72887,-0.3594891807,-0.6046139146,-0.5266401273,-0.2863870189,0.323478914
8.74556,-0.2180607642,-0.2455155536,-0.317795101,-0.1597629236,0.2111439751
8.76225,-0.06061937167,0.1141569602,-0.07893158175,-0.02036553579,0.07661021036
8.77894,0.1129762064,0.4347981135,0.189301525,0.1189917517,-0.06689658104
8.79563,0.2988533503,0.699318827,0.4818646897,0.240970089,-0.2004889864
8.81232,0.4918264217,0.9062196352,0.772710658,0.3392120751,-0.3017580301
8.82901,0.6851633752,1.067947823,1.027922571,0.4100790054,-0.3504155794
8.8457,0.8692098693,1.191919769,1.204875628,0.4670980495,-0.3424924908
8.86239,1.033128685,1.300190166,1.273713456,0.5194506016,-0.2707553255
8.87908,1.168080394,1.397141733,1.237199593,0.5745629599,-0.1410161667
8.89577,1.262115612,1.458732003,1.125798821,0.6327818022,0.03965936852
8.91246,1.308576044,1.482576729,0.9923383418,0.6867440661,0.2453006022
8.92915,1.303794669,1.448952371,0.8906368674,0.7242384739,0.4580629749
8.94584,1.245749927,1.3500095,0.8480666411,0.750733124,0.6499261657
8.96253,1.13361635,1.197417042,0.8601675302,0.7749962754,0.8135428706
8.97922,0.9738181263,1.020960213,0.899783316,0.807388114,0.9361886674
8.99591,0.7739221544,0.8325815722,0.9386959887,0.8591597938,1.022441516
9.0126,0.5474055889,0.6654978897,0.9567748043,0.9259902489,1.06972927
9.02929,0.3093902368,0.5253613482,0.9364013711,0.9983671114,1.082160001
9.04598,0.07112259884,0.4019230548,0.877978045,1.07195046,1.049927112
9.06267,-0.1538454827,0.2893833304,0.7873017273,1.126686722,0.9802807188
9.07936,-0.3502347129,0.1750631157,0.6736588871,1.138389886,0.8751552689
9.09605,-0.5148585915,0.05714487279,0.5530832769,1.091122446,0.7453442182
9.11274,-0.6382794355,-0.06516675944,0.4363393493,0.9735091185,0.5960492545
9.12943,-0.7182257481,-0.1879107335,0.3231744235,0.7799144378,0.4340431255
9.14612,-0.7560116488,-0.3167461772,0.2093861258,0.5230036966,0.270230117
9.16281,-0.7506755589,-0.4426201964,0.07929326196,0.2205007232,0.1095425037
9.1795,-0.7035316887,-0.5572040976,-0.08350222486,-0.1057261862,-0.05322318069
9.19619,-0.6256681186,-0.6472762081,-0.2925672439,-0.4234747426,-0.2221717667
9.21288,-0.518472489,-0.7091127877,-0.5460764029,-0.7013006731,-0.4022564905
9.22957,-0.3906516497,-0.7385989779,-0.8281869977,-0.9269359793,-0.5956836433
9.24626,-0.251199169,-0.7515736661,-1.105551554,-1.104692736,-0.7811049003
9.26295,-0.1150597907,-0.7551435006,-1.331571097,-1.240036641,-0.9502366528
9.27964,0.001544918081,-0.7534802214,-1.46691271,-1.348766536,-1.099257177
9.29633,0.08418965434,-0.7464919078,-1.490071378,-1.437316715,-1.216929116
9.31302,0.1239967884,-0.7267471433,-1.404289556,-1.501645292,-1.30708715
9.32971,0.1166611937,-0.6823163143,-1.239521899,-1.52874585,-1.369631981
9.3464,0.0670290929,-0.5989419393,-1.044592157,-1.498185687,-1.391592273
9.36309,-0.01656196583,-0.4783285108,-0.8531679179,-1.385027256,-1.370905808
9.37978,-0.1178190006,-0.3392906826,-0.6909560697,-1.189943277,-1.297629896
9.39647,-0.2172987063,-0.2101924018,-0.5573724381,-0.9330522278,-1.163417942
9.41316,-0.3014904375,-0.1176876488,-0.4342554421,-0.6500356223,-0.9749319397
9.42985,-0.3587919203,-0.08017979061,-0.3002810492,-0.3720051976,-0.729011081
9.44654,-0.3841382847,-0.08006975051,-0.1511040741,-0.122111339,-0.4433369027
9.46323,-0.3834283482,-0.1113963986,0.01012699449,0.09731872222,-0.1345715169
9.47992,-0.3559601958,-0.1557501107,0.1685679477,0.2938755431,0.1815758036
9.49661,-0.3047297027,-0.1893707684,0.3044497742,0.4698720816,0.4847497931
9.5133,-0.2360780307,-0.1992673828,0.4078462147,0.6367488082,0.7592147052
9.52999,-0.1499780439,-0.1687617584,0.4727969671,0.7984965248,1.000143705
9.54668,-0.0518191292,-0.08095742369,0.5039879873,0.9493992192,1.193755375
9.56337,0.05010644014,0.05443350506,0.5165573246,1.083597374,1.334121747
9.58006,0.154795771,0.2272290278,0.5301282736,1.196626454,1.421661502
9.59675,0.2598236107,0.4216313651,0.5634493633,1.273287762,1.458407392
9.61344,0.3633392878,0.6150047633,0.6344408267,1.308423893,1.448352423
9.63013,0.4693603325,0.7951058693,0.7487980977,1.300282137,1.385974572
9.64682,0.5724946023,0.9496631699,0.9048534361,1.250173686,1.270013986
9.66351,0.6684719131,1.079831429,1.092568554,1.168592035,1.098545073
9.6802,0.752696261,1.183359842,1.273150464,1.07063335,0.8833688354
9.69689,0.823495179,1.26146645,1.40781313,0.9765312396,0.6371364464
9.71358,0.8769077334,1.326771441,1.464895012,0.8995744828,0.3801617345
9.73027,0.9172161511,1.376784762,1.424131762,0.833471587,0.1279949763
9.74696,0.9377563488,1.402885992,1.293737437,0.7543238993,-0.09630136793
9.76365,0.9371302589,1.390603411,1.104966978,0.63349217,-0.2677765034
9.78034,0.9160823444,1.315802836,0.8876083744,0.4458082541,-0.3731689814
9.79703,0.873485857,1.159560732,0.6685568928,0.2059390114,-0.4153756458
9.81372,0.8092118137,0.9387952928,0.4575652932,-0.05109400423,-0.4067767877
9.83041,0.7175948663,0.6717782664,0.2415638416,-0.2878753776,-0.3660328998
9.8471,0.5940812527,0.3792940589,0.008505231785,-0.464133423,-0.308686898
9.86379,0.4344191951,0.08402339068,-0.2465379718,-0.5641570787,-0.2465303797
9.88048,0.2390685108,-0.1871568664,-0.5065575187,-0.5957419912,-0.1925075905
9.89717,0.01460756104,-0.4314229549,-0.7404640445,-0.5737872795,-0.1489573597
9.91386,-0.224670416,-0.6468036806,-0.9225770484,-0.5224318454,-0.1220386081
9.93055,-0.4658955949,-0.8421528551,-1.032601025,-0.4679369074,-0.1107129257
9.94724,-0.6935628021,-1.02337995,-1.062895243,-0.4227297666,-0.1137239603
9.96393,-0.8954807941,-1.189484143,-1.025427961,-0.3961069452,-0.1290952365
9.98062,-1.064856521,-1.314207431,-0.9400327358,-0.3923771868,-0.1555842867
9.99731,-1.193798196,-1.391216853,-0.8274225146,-0.4088500916,-0.1878579648
10.014,-1.280011699,-1.418671567,-0.716599042,-0.4339868263,-0.2284009053
10.03069,-1.320829255,-1.39239742,-0.6267684285,-0.4598144039,-0.2716643481
10.04738,-1.314423163,-1.309846509,-0.5681337379,-0.479100063,-0.3179033509
10.06407,-1.258719014,-1.181748662,-0.547686726,-0.4846076277,-0.3604544803
10.08076,-1.153035279,-1.006794461,-0.5645047905,-0.480700788,-0.3994116047
10.09745,-0.9952941767,-0.8161417019,-0.6031660012,-0.4712473523,-0.4334535967
10.11414,-0.7878594312,-0.624700807,-0.6413127728,-0.4632837535,-0.4593151183
10.13083,-0.5391299649,-0.4487362979,-0.6529149695,-0.4631129062,-0.4736800765
10.14752,-0.2561558295,-0.3046630373,-0.6153150538,-0.4767458558,-0.4705469002
10.16421,0.04150845445,-0.1879712264,-0.5188020821,-0.4967898129,-0.4499912504
10.1809,0.333514024,-0.06783716518,-0.3772342676,-0.5098187777,-0.4212761001
10.19759,0.5957321389,0.08003241999,-0.2168263921,-0.4952873386,-0.3850782391
10.21428,0.801888311,0.2854712842,-0.05803115493,-0.4341649642,-0.3432727331
10.23097,0.9354951335,0.5497750264,0.09218036122,-0.3133934853,-0.3003196623
10.24766,1.000473697,0.8400959364,0.245340926,-0.1406201851,-0.2495971965
10.26435,1.007294985,1.106790862,0.4329125273,0.06860477376,-0.1871285365
10.28104,0.9739046559,1.305029715,0.6702840291,0.28939741,-0.1136692648
10.29773,0.9137717713,1.409767814,0.9491951123,0.5048775344,-0.02252418633
10.31442,0.8353680758,1.4263214,1.233399134,0.7063355632,0.09246376826
10.33111,0.7446501962,1.377237826,1.472741142,0.8983078077,0.2289673802
10.3478,0.6509994307,1.294679828,1.623988041,1.081877685,0.3868533509
10.36449,0.5587438997,1.196676529,1.667961626,1.254378156,0.5646638483
10.38118,0.4712456784,1.094216004,1.610540708,1.398980931,0.7465415654
10.39787,0.3877238982,0.9843913339,1.472404108,1.502090494,0.9261548561
10.41456,0.3111446685,0.8721637819,1.280100393,1.544196005,1.091533326
10.43125,0.2426545973,0.7520325815,1.065212696,1.522973348,1.228236674
10.44794,0.1848840712,0.6226331649,0.8537937849,1.439661245,1.329862146
10.46463,0.1381321508,0.4838789112,0.6633539795,1.305217651,1.387838715
10.48132,0.1023246327,0.335899593,0.5037914603,1.122570473,1.396994921
10.49801,0.07383848337,0.1781951406,0.3750997325,0.9054219341,1.358758295
10.5147,0.05319830524,0.03734755249,0.2700096038,0.6701483758,1.266185956
10.53139,0.03558018598,-0.07526316709,0.1772460945,0.4359320269,1.11215916
10.54808,0.01579358031,-0.1469218895,0.08312668413,0.2222646464,0.8961683216
10.56477,-0.007096578037,-0.1768226018,-0.02220147563,0.04108144273,0.621727349
10.58146,-0.0346912463,-0.1825509237,-0.1396309933,-0.1081442119,0.3015897677
10.59815,-0.06289696869,-0.1803121886,-0.2579549912,-0.2318646076,-0.05585378008
10.61484,-0.08650124206,-0.1740635515,-0.3610672911,-0.3413242482,-0.4317234798
10.63153,-0.1040866615,-0.1771294986,-0.4335999573,-0.4637487561,-0.7970172719
10.64822,-0.1136735117,-0.1907941156,-0.4694811007,-0.6183388035,-1.111497795
10.66491,-0.1163567275,-0.2230196307,-0.4799988089,-0.8141092085,-1.347481974
10.6816,-0.1136289106,-0.2765475905,-0.4941781543,-1.034521521,-1.489115616
10.69829,-0.1063172593,-0.3395902074,-0.5527120424,-1.241732863,-1.538075214
10.71498,-0.09987665345,-0.4016502635,-0.6847446889,-1.386436247,-1.511868327
10.73167,-0.09563445433,-0.4569866692,-0.8834316228,-1.447369336,-1.422260373
10.74836,-0.0940291596,-0.5145658915,-1.106196585,-1.419802527,-1.276538975
10.76505,-0.1029107281,-0.5926704722,-1.28713707,-1.325346667,-1.096473518
10.78174,-0.1238485374,-0.7023681883,-1.374882073,-1.194638721,-0.8964655462
10.79843,-0.1593308404,-0.8289265297,-1.349179315,-1.044655054,-0.6800319658
10.81512,-0.2163539984,-0.9400152862,-1.217705307,-0.8784536547,-0.4618856777
10.83181,-0.2945199011,-0.999781601,-1.011300443,-0.6999853539,-0.2499947896
10.8485,-0.3842222461,-0.9887974142,-0.7633994375,-0.5059505445,-0.05176207226
10.86519,-0.4805035092,-0.8979188916,-0.5017152401,-0.2952115996,0.121356078
10.88188,-0.5694511585,-0.7372959237,-0.2485685171,-0.06520382984,0.2682769357
10.89857,-0.6366435031,-0.5347287456,-0.01709772324,0.1770324611,0.3897537703
10.91526,-0.6732176594,-0.306909202,0.1960665437,0.4231132367,0.4860595747
10.93195,-0.6705633293,-0.06719969495,0.3909401253,0.6565820107,0.5576065577
10.94864,-0.6222748229,0.1676508465,0.5783543377,0.8537630348,0.6094229317
10.96533,-0.5285950939,0.3878447068,0.7586822629,1.002430038,0.649428557
10.98202,-0.388528461,0.5744948708,0.9315104931,1.101329801,0.6810070456
10.99871,-0.206069031,0.7139672905,1.088900244,1.145617996,0.7018942272
11.0154,0.01238148255,0.8093644892,1.219377372,1.139447137,0.7142063256
11.03209,0.2599796275,0.8794080906,1.302720697,1.100699745,0.711047566
11.04878,0.5214527296,0.9417429882,1.324234767,1.039849526,0.6969108728
11.06547,0.7810302745,1.009970752,1.270838103,0.9669766803,0.6727477235
11.08216,1.020858553,1.08802833,1.153538115,0.8947132913,0.6346858353
11.09885,1.218402673,1.185717886,0.999853138,0.8209572302,0.5843913476
11.11554,1.355241716,1.29311679,0.8516939373,0.7372992309,0.5212543475
11.13223,1.419780097,1.386623884,0.7566095233,0.6396745359,0.4432598738
11.14892,1.410540558,1.435879705,0.7416262448,0.5258063265,0.3522479737
11.16561,1.333696759,1.421977449,0.8021742556,0.4116730912,0.2545911516
11.1823,1.200211521,1.342557984,0.9053490095,0.3214360112,0.1558792231
11.19899,1.021050039,1.211471979,0.9922158509,0.2810768495,0.06075523217
11.21568,0.8078358232,1.054870634,1.009187637,0.3031868253,-0.02852545541
11.23237,0.5727238087,0.8844041907,0.9359323914,0.3712617768,-0.1022153833
11.24906,0.3310743106,0.7019117643,0.7812290362,0.4485108267,-0.1518414175
11.26575,0.09585353886,0.4942057726,0.5758969647,0.4924942287,-0.1638093299
11.28244,-0.1216175661,0.2558512738,0.3559493462,0.4678091534,-0.1286931884
11.29913,-0.3162317453,-0.004657644935,0.1451051106,0.3663786201,-0.04888864
11.31582,-0.4821001235,-0.2780429218,-0.05239945175,0.2021113887,0.05703966602
11.33251,-0.6152668343,-0.5441449066,-0.2398911909,0.000538555186,0.1746600326
11.3492,-0.7171336395,-0.7861231767,-0.4249366746,-0.2062429724,0.27528749
11.36589,-0.7885259054,-1.001047937,-0.6170884376,-0.3918508518,0.3490432642
11.38258,-0.8307134794,-1.176817253,-0.8213931581,-0.5422279097,0.3843691446
11.39927,-0.8483027922,-1.294459961,-1.023422597,-0.6506280128,0.3788688405
11.41596,-0.842043022,-1.35074273,-1.208412566,-0.7183463904,0.3295007052
11.43265,-0.8124363002,-1.349211777,-1.35363692,-0.7548661996,0.2421037352
11.44934,-0.764278845,-1.30788627,-1.436128059,-0.7645127548,0.1076664735
11.46603,-0.6993273784,-1.238960955,-1.437316007,-0.7562183693,-0.06050742792
11.48272,-0.6204115731,-1.148505755,-1.35210145,-0.7445892351,-0.2536763941
11.49941,-0.5268269537,-1.031543776,-1.178306471,-0.7369919179,-0.4565311368
11.5161,-0.4238437357,-0.8783695575,-0.9317966134,-0.7365717595,-0.6502429447
11.53279,-0.3133176369,-0.6846440875,-0.6486294414,-0.7414925714,-0.8198014228
11.54948,-0.1974494753,-0.4587476584,-0.3750632732,-0.7420424693,-0.9602672663
11.56617,-0.07804366203,-0.1994626365,-0.1522543326,-0.7263141704,-1.057126507
11.58286,0.0448032118,0.07896856252,-0.009258734856,-0.6803457105,-1.087655757
11.59955,0.1752875848,0.3464599613,0.05514434921,-0.5984460822,-1.044025981
11.61624,0.3090334716,0.5693419349,0.0762813016,-0.4872224198,-0.9182679088
11.63293,0.4439050416,0.7142079416,0.09537757029,-0.3642549939,-0.7268136078
11.64962,0.573685408,0.7571574907,0.1411420148,-0.2417912219,-0.4943777861
11.66631,0.6839958867,0.7117559876,0.2237693349,-0.1187998611,-0.2387293795
11.683,0.7594726269,0.6063024582,0.3241438416,0.01515894885,0.02687450186
11.69969,0.7829797871,0.4953113261,0.4166804879,0.1701689575,0.276532699
11.71638,0.7492012484,0.4296690071,0.4896708812,0.3527900322,0.5055380672
11.73307,0.6662972635,0.4370826673,0.5420425066,0.5549694905,0.7072194609
11.74976,0.5497833305,0.5106259471,0.5914793307,0.7712493153,0.8836528467
11.76645,0.4116344587,0.623424645,0.6597677832,0.9829734562,1.034730082
11.78314,0.266044146,0.7337051433,0.7598703117,1.168178141,1.152618212
11.79983,0.1268963302,0.8147502027,0.8904580141,1.309651013,1.224913159
11.81652,0.005870074309,0.8468034647,1.043686225,1.398898418,1.258748973
11.83321,-0.08674817965,0.826535172,1.199287624,1.435426968,1.257491552
11.8499,-0.1472598592,0.7613279197,1.336242183,1.431414718,1.222125133
11.86659,-0.1783056095,0.6759373607,1.426834477,1.390621081,1.153193325
11.88328,-0.178014035,0.5839586135,1.443366646,1.322678034,1.046431636
11.89997,-0.151126072,0.50220545,1.360812211,1.228687535,0.9087130591
11.91666,-0.1011149986,0.4345428852,1.180591717,1.103375823,0.7506897056
11.93335,-0.02930846021,0.3740306205,0.9201051734,0.9407784016,0.5662518869
11.95004,0.05738864167,0.3212882371,0.6051376522,0.7344771159,0.3724677851
11.96673,0.1554055009,0.2756526962,0.2769104833,0.4744031549,0.1836102962
11.98342,0.2562733453,0.2234867426,-0.03032203214,0.1699132139,0.001561352607
12.00011,0.341707996,0.1547656652,-0.2895567483,-0.1676674942,-0.1736992212
12.0168,0.4061468159,0.06615262388,-0.4835930496,-0.5184483517,-0.3418847152
12.03349,0.4365061962,-0.03731615021,-0.6177583554,-0.8506487871,-0.5167986886
12.05018,0.4164675009,-0.1367829506,-0.7164305228,-1.123594074,-0.6872202318
12.06687,0.3462276891,-0.2223529507,-0.8010234776,-1.30453591,-0.8520553889
12.08356,0.228717544,-0.2884017414,-0.8837987072,-1.372467311,-1.01101762
12.10025,0.07614168891,-0.3486441823,-0.96021774,-1.333710446,-1.153174081
12.11694,-0.09233648107,-0.4223308738,-1.011159134,-1.228948415,-1.264732826
12.13363,-0.260633886,-0.5280484688,-1.018232556,-1.106941691,-1.334036844
12.15032,-0.427783203,-0.6676534588,-0.9740753429,-1.00661214,-1.336738371
12.16701,-0.5824136986,-0.8187613466,-0.8944879884,-0.9437575167,-1.26211076
12.1837,-0.7167973684,-0.9523279445,-0.8042277315,-0.914989344,-1.11438262
12.20039,-0.8259205162,-1.051600053,-0.7368608488,-0.8949300556,-0.9075274995
12.21708,-0.9057892409,-1.110888634,-0.7150216342,-0.8565233706,-0.6701651837
12.23377,-0.9530089335,-1.131775619,-0.7420906728,-0.7793996645,-0.422558428
12.25046,-0.9709559066,-1.118140321,-0.8033990105,-0.6604923969,-0.1820018756
12.26715,-0.9544436606,-1.069819789,-0.878338893,-0.5073263396,0.04071117982
12.28384,-0.9025561283,-0.9991246901,-0.9344358105,-0.3414585729,0.2372985846
12.30053,-0.8145132323,-0.9267749695,-0.9474450177,-0.1805424608,0.3957779365
12.31722,-0.6903157909,-0.8480246822,-0.8928443772,-0.03603844433,0.5142717066
12.33391,-0.5405747536,-0.75772248,-0.7572561307,0.08654063047,0.5993394607
12.3506,-0.3723715841,-0.6535554387,-0.5456921025,0.1856596548,0.6461857989
12.36729,-0.1957664435,-0.5197513117,-0.2778226115,0.2646317349,0.657140287
12.38398,-0.02080756845,-0.3424815921,0.01073703272,0.3285419992,0.6304800637
12.40067,0.1447035993,-0.1232868973,0.2909070548,0.3888861915,0.5599223553
12.41736,0.298014459,0.1601850923,0.5316233121,0.4532157039,0.4580926134
12.43405,0.4367489051,0.4934825429,0.7232230191,0.5189602799,0.3374852706
12.45074,0.5639513709,0.8391359117,0.8704220406,0.5857689743,0.2153890962
12.46743,0.6794292712,1.164357991,0.9862798087,0.6414348709,0.1033882286
12.48412,0.7875542964,1.418418717,1.087658182,0.6711041689,0.01021961786
12.50081,0.8917649634,1.56383299,1.19459956,0.6688070799,-0.05667091696
12.5175,0.990898295,1.600865373,1.284741516,0.6381750094,-0.08632837833
12.53419,1.076400589,1.537173918,1.329813189,0.5926786658,-0.07010674696
12.55088,1.138613981,1.404861699,1.300815308,0.5595610916,-0.01433473894
12.56757,1.161722653,1.241394059,1.177702847,0.5539236249,0.07224661263
12.58426,1.133905717,1.071230664,0.9737212172,0.5739522905,0.1766812706
12.60095,1.052974906,0.9104123834,0.7312320865,0.6025966259,0.2898375474
12.61764,0.9184706385,0.7592380469,0.492524247,0.6170035586,0.3958655154
12.63433,0.7342992507,0.6003243149,0.2984655786,0.5983770293,0.495155976
12.65102,0.5112123862,0.4259185924,0.1730044865,0.5422458524,0.5754658001
12.66771,0.2659550702,0.2329903382,0.1145604587,0.4554468572,0.6334801974
12.6844,0.01247026351,0.03042830918,0.1061275019,0.3521819407,0.6613725586
12.70109,-0.2329194958,-0.1733988142,0.1167780107,0.2502236434,0.6572183576
12.71778,-0.4562758974,-0.36513954,0.1106267297,0.1667615637,0.6119263985
12.73447,-0.6524924143,-0.53341828,0.06891896727,0.1071483568,0.5248586537
12.75116,-0.8169966298,-0.6780155873,-0.02666757409,0.07268193421,0.3965865988
12.76785,-0.9411926185,-0.7936088564,-0.170928057,0.05362740289,0.235558088
12.78454,-1.026180964,-0.8782142954,-0.3446969983,0.03166731061,0.05678132981
12.80123,-1.068586037,-0.9434133969,-0.5270487708,-0.01889661768,-0.1280228712
12.81792,-1.065838531,-0.9882616461,-0.6962636098,-0.1192428507,-0.3080389736
12.83461,-1.020316161,-1.012527575,-0.8312040013,-0.2811085188,-0.4734013006
12.8513,-0.9309838527,-1.026552945,-0.9278247651,-0.5054973165,-0.61562791
12.86799,-0.8065621392,-1.032158087,-0.9911458777,-0.7738389817,-0.7339585023
12.88468,-0.6552194963,-1.023871512,-1.038090565,-1.047783127,-0.8267916692
12.90137,-0.4881198845,-0.994447315,-1.088958659,-1.289414387,-0.9007302275
12.91806,-0.3174101719,-0.9267276936,-1.156744516,-1.46264253,-0.9650805781
12.93475,-0.151419609,-0.819065536,-1.23638224,-1.542311216,-1.024894503
12.95144,0.003207566893,-0.6775467699,-1.29976693,-1.527361321,-1.074888486
12.96813,0.1299469798,-0.5348959112,-1.306556594,-1.433137654,-1.112863993
12.98482,0.221560636,-0.4166178664,-1.219226487,-1.28622993,-1.132117335
13.00151,0.2718027345,-0.3244516378,-1.021992672,-1.112526339,-1.115815945
13.0182,0.2776700927,-0.2551397475,-0.7320415264,-0.927843633,-1.060567191
13.03489,0.2489381166,-0.1870675522,-0.3998392325,-0.7350305486,-0.9660809608
13.05158,0.1930110452,-0.09428673137,-0.08229797492,-0.5233386911,-0.8266982596
13.06827,0.1205204118,0.03258138571,0.1796681317,-0.2879243963,-0.6406824035
13.08496,0.04095009072,0.1795738592,0.3624648975,-0.03445354222,-0.4207833827
13.10165,-0.03310179418,0.3319612053,0.4745705532,0.2242446283,-0.1717572238
13.11834,-0.0913103872,0.4563737373,0.5401208391,0.4672848407,0.09482311157
13.13503,-0.1224052256,0.5381887241,0.5862542585,0.6820775896,0.3631676808
13.15172,-0.1246014539,0.5718812554,0.6362215638,0.860038725,0.6231077182
13.16841,-0.1004501006,0.5615844708,0.6990864258,0.9946945005,0.8658105714
13.1851,-0.05327938242,0.5041210165,0.7743281823,1.091862515,1.071205792
13.20179,0.01839506866,0.416369085,0.8501968201,1.157936536,1.227649563
13.21848,0.105245972,0.325042917,0.9069639153,1.195410626,1.337802563
13.23517,0.1972436992,0.2581805999,0.9330157405,1.213429633,1.397674309
13.25186,0.2903435049,0.2367877065,0.9168992593,1.212582566,1.408417907
13.26855,0.3668352903,0.2705940043,0.8579284778,1.191711984,1.369472001
13.28524,0.424472527,0.3589395285,0.7709537307,1.148544599,1.279999433
13.30193,0.4660451162,0.4916176529,0.6764717484,1.082034423,1.128951707
13.31862,0.4876160311,0.6470648345,0.5948634864,0.9811218942,0.9292226726
13.33531,0.4952838318,0.7845594874,0.5516205747,0.8372026801,0.6915756484
13.352,0.4986976944,0.8723705664,0.5597217879,0.6509414822,0.4327185212
13.36869,0.4983652089,0.8898743033,0.6078546322,0.4361544043,0.1586141975
13.38538,0.4973465766,0.8455490574,0.6590492929,0.2139093969,-0.1151062275
13.40207,0.4904111994,0.7572836561,0.6658521675,0.01413668114,-0.3888195901
13.41876,0.4720531766,0.6387844188,0.578650077,-0.1471608564,-0.6389580621
13.43545,0.4427739924,0.502036846,0.3810606589,-0.2721959011,-0.8371463413
13.45214,0.3979061815,0.3616254816,0.1001723061,-0.3788535778,-0.9580697172
13.46883,0.3353743349,0.2047623958,-0.2183618624,-0.494257557,-0.9974825288
13.48552,0.2568879497,0.02337968674,-0.5189581349,-0.6381718768,-0.9681294682
13.50221,0.158715353,-0.1877929777,-0.7620194918,-0.8101429318,-0.8847453136
13.5189,0.042864708,-0.4277404211,-0.9388041632,-0.988832348,-0.7733337982
13.53559,-0.09300987033,-0.6711032348,-1.061805287,-1.139121627,-0.6497117006
13.55228,-0.2489214772,-0.8878427477,-1.149466008,-1.231325483,-0.5258909912
13.56897,-0.4166811772,-1.062285905,-1.219519555,-1.248929142,-0.4134093582
13.58566,-0.5891416448,-1.183132106,-1.277534729,-1.185151929,-0.3225599612
13.60235,-0.7543424347,-1.253712296,-1.315111546,-1.051626796,-0.249473719
13.61904,-0.8992671056,-1.28957597,-1.320449581,-0.8697432384,-0.2061915764
13.63573,-1.017746661,-1.298235764,-1.283265991,-0.6662987166,-0.1860282753
13.65242,-1.102732046,-1.290258508,-1.192593813,-0.4677654228,-0.1831063285
13.66911,-1.146794746,-1.265609813,-1.044623773,-0.2978539599,-0.190303442
13.6858,-1.154388096,-1.217314852,-0.8487659799,-0.1685364705,-0.1964569891
13.70249,-1.118256889,-1.137218282,-0.6218217445,-0.08419467114,-0.1995136702
13.71918,-1.04087353,-1.022299525,-0.3897002875,-0.04737658327,-0.1987877452
13.73587,-0.9229286932,-0.8724114349,-0.1784792692,-0.04425055981,-0.1917708193
13.75256,-0.761500542,-0.6861884073,-0.01161056899,-0.05590628374,-0.1759278603
13.76925,-0.5598689026,-0.4614119681,0.09510933883,-0.06736588021,-0.1525186072
13.78594,-0.3285093772,-0.2016965796,0.1298028868,-0.06398676025,-0.125342053
13.80263,-0.07074283161,0.07477642337,0.1059057931,-0.03962147878,-0.09412729349
13.81932,0.1993781745,0.3408623098,0.06054799374,-0.003268441689,-0.06642457371
13.83601,0.4644622592,0.5588620676,0.04096959713,0.03928038672,-0.04101991138
13.8527,0.7227650123,0.7084831869,0.09055418781,0.07775074891,-0.01468638973
13.86939,0.9524487031,0.7918792866,0.2227144094,0.1064165461,0.008357370312
13.88608,1.128128717,0.8462036929,0.4106269084,0.1367163402,0.02792538208
13.90277,1.229556843,0.9103195636,0.615691833,0.1877613536,0.04709443154
13.91946,1.240325323,1.017200961,0.8007077392,0.2776406678,0.06312909408
13.93615,1.169285985,1.163477611,0.9380828507,0.4073026497,0.08162363126
13.95284,1.043665602,1.312525569,1.031425817,0.5631720809,0.1061360124
13.96953,0.884838795,1.416274497,1.096566978,0.7147846314,0.1404772781
13.98622,0.7163162253,1.442725174,1.151511644,0.837783924,0.1930157577
14.00291,0.5501367187,1.374159517,1.209844609,0.9255086226,0.2663111462
14.0196,0.3858783089,1.215704784,1.263005789,0.9735767333,0.3585959034
14.03629,0.2343169434,0.9928652178,1.279063911,0.9855433838,0.4630031977
14.05298,0.09829405068,0.7262215747,1.228121064,0.9707743721,0.5678906405
14.06967,-0.02100143667,0.4482917231,1.095272827,0.9383277155,0.6646518037
14.08636,-0.118332198,0.1839979707,0.8795353972,0.8915770085,0.7439262992
14.10305,-0.193443441,-0.05232141069,0.6017063724,0.8326674807,0.7934089095
14.11974,-0.2527075319,-0.2519670718,0.2886898749,0.7512468076,0.8109495695
14.13643,-0.3017213655,-0.4128098733,-0.03681341387,0.6374493829,0.7982206724
14.15312,-0.3413707897,-0.5363582796,-0.3437102607,0.4823851104,0.7480479234
14.16981,-0.3713808756,-0.6290875402,-0.5988114547,0.2892674843,0.6568308354
14.1865,-0.3899285149,-0.6991495669,-0.7875616515,0.06209395994,0.5262678599
14.20319,-0.3964820513,-0.7508430673,-0.8958603036,-0.1915029214,0.3536782426
14.21988,-0.3947582082,-0.7890489108,-0.9273099841,-0.4561789177,0.1452767835
14.23657,-0.3936599593,-0.8106882611,-0.9057414595,-0.711352591,-0.09329626914
14.25326,-0.3931894928,-0.8024297147,-0.8570314438,-0.9290554854,-0.3582698011
14.26995,-0.3899773625,-0.7657766295,-0.8101484524,-1.082538404,-0.6411473364
14.28664,-0.3838302153,-0.69673103,-0.7947080081,-1.156911053,-0.9247670182
14.30333,-0.3666662986,-0.6037858009,-0.8132574973,-1.161181518,-1.188163482
14.32002,-0.3346791566,-0.5136220564,-0.8511342893,-1.129572658,-1.411376935
14.33671,-0.2888246947,-0.4448658732,-0.8831747584,-1.106028068,-1.562519876
14.3534,-0.2318712568,-0.4087333214,-0.8846197516,-1.126425697,-1.613285397
14.37009,-0.1690578174,-0.4068051454,-0.8532879603,-1.194913235,-1.556177156
14.38678,-0.1108922112,-0.4304542042,-0.8110213477,-1.276503661,-1.405103691
14.40347,-0.0600903718,-0.4583122195,-0.7893473766,-1.315553836,-1.185126087
14.42016,-0.02103322928,-0.4716475701,-0.8034331032,-1.270883232,-0.9299051542
14.43685,0.00325424703,-0.4712952331,-0.8469434502,-1.125611449,-0.6618146786
14.45354,0.008135247475,-0.4503438426,-0.8875182273,-0.8993771674,-0.3992308548
14.47023,-0.005221539427,-0.41467117,-0.8809262321,-0.6194902572,-0.1532531011
14.48692,-0.03592503662,-0.383942698,-0.7911805133,-0.3215599366,0.06688170196
14.50361,-0.07488920274,-0.3631604241,-0.6051302246,-0.02920104551,0.2633483021
14.5203,-0.1172030516,-0.3376993137,-0.3341665486,0.236751156,0.4322465528
14.53699,-0.1604643623,-0.3017129368,-0.01392350857,0.4711597236,0.576473535
14.55368,-0.2017040037,-0.2348124455,0.3185625263,0.6735907856,0.6906501419
14.57037,-0.2356650592,-0.1213905158,0.6341828782,0.848651758,0.7789295221
14.58706,-0.2579277257,0.03084557651,0.9047481237,1.001233884,0.8378622072
14.60375,-0.2571537485,0.2138292117,1.118436041,1.133665692,0.8697523548
14.62044,-0.2298749972,0.4250226723,1.258786873,1.232778483,0.8731475465
14.63713,-0.1739014226,0.6465191184,1.319908473,1.295956576,0.856801907
14.65382,-0.08421614815,0.8571621005,1.315124599,1.316090762,0.8249397696
14.67051,0.03493374035,1.034338742,1.265361713,1.280452714,0.7815157727
14.6872,0.1806014747,1.147415266,1.187548777,1.19164561,0.7257960819
14.70389,0.3503428003,1.180822376,1.10708921,1.05498191,0.6538632111
14.72058,0.5341132717,1.146881998,1.029168228,0.8763001524,0.5687374447
14.73727,0.7220893568,1.06188906,0.946910563,0.6770382939,0.4699637319
14.75396,0.8957592322,0.9531389867,0.8412058529,0.4820880026,0.3587847456
14.77065,1.024863403,0.85156491,0.6981290126,0.3093375134,0.2398664084
14.78734,1.087761152,0.7821096333,0.5141935353,0.1703613697,0.111125967
14.80403,1.072140429,0.7515724411,0.3129248663,0.06093855086,-0.02797483233
14.82072,0.9742244897,0.7517377824,0.1372235047,-0.03128022708,-0.1713363497
14.83741,0.8119229092,0.7371025465,0.0255790674,-0.1227934655,-0.3097316263
14.8541,0.6056140892,0.6574401031,-0.004036415908,-0.2187000841,-0.4301518847
14.87079,0.3740040143,0.4966301456,0.03366609416,-0.3114031396,-0.5253351671
14.88748,0.1365725158,0.2685258167,0.08827630748,-0.3862709342,-0.5952272982
14.90417,-0.09516005955,0.01229650903,0.09912884202,-0.4280884236,-0.6400965498
14.92086,-0.3144261595,-0.2342508265,0.02922306871,-0.4260028324,-0.6547659998
14.93755,-0.5134955086,-0.4602043176,-0.1290194635,-0.392701128,-0.6339347967
14.95424,-0.6857606356,-0.669958823,-0.3504696714,-0.3478193307,-0.577132526
14.97093,-0.8279612532,-0.8586813492,-0.5983068652,-0.3172873811,-0.491602182
14.98762,-0.9343565887,-1.024724561,-0.8422553784,-0.3257847463,-0.3843278283
15.00431,-1.003979375,-1.171749385,-1.05142608,-0.3799774774,-0.2673799642
15.021,-1.040692857,-1.296834339,-1.206812344,-0.4723758494,-0.1495336464
15.03769,-1.045038261,-1.391822699,-1.300791288,-0.5910341715,-0.04142677054
15.05438,-1.016802962,-1.457965467,-1.338634131,-0.7137539641,0.04749250638
15.07107,-0.9590057419,-1.483013417,-1.326159352,-0.8206144024,0.1049429379
15.08776,-0.8744300872,-1.458428828,-1.282657789,-0.898033562,0.126019849
15.10445,-0.7713964241,-1.384580772,-1.214912395,-0.9359409471,0.1062121247
15.12114,-0.6586749046,-1.245390117,-1.133483374,-0.9216405166,0.04279233658
15.13783,-0.5382324044,-1.043944338,-1.038126072,-0.8528815847,-0.05743439693
15.15452,-0.4110687742,-0.7965952034,-0.9251714916,-0.7375466868,-0.1770582246
15.17121,-0.2751270847,-0.5299217421,-0.7761245582,-0.5898456538,-0.3138758425
15.1879,-0.1307662846,-0.2736050025,-0.5721644433,-0.4340932257,-0.4498553866
15.20459,0.01667636764,-0.04337705253,-0.3135345628,-0.3013428642,-0.5769046645
15.22128,0.1626458053,0.1666797531,-0.01809423617,-0.2058220455,-0.6781719379
15.23797,0.3065121392,0.3575638727,0.2826549151,-0.1492134511,-0.7288618794
15.25466,0.4427488122,0.5422414384,0.5333526174,-0.1162952966,-0.7119042228
15.27135,0.5694250328,0.7217391831,0.6869163573,-0.07718936968,-0.6236833878
15.28804,0.6826878066,0.8840895594,0.7331470231,-0.004668570903,-0.4731989717
15.30473,0.776593352,1.016154312,0.6891209802,0.1057712866,-0.2838370068
15.32142,0.84469657,1.09954118,0.6076290332,0.2426057753,-0.06818635235
15.33811,0.8877539144,1.106620201,0.5517617153,0.387351126,0.1576223691
15.3548,0.9010702681,1.026881418,0.5557098724,0.5199603642,0.3799798868
15.37149,0.878726246,0.8866667579,0.6188879914,0.6341105655,0.5879310212
15.38818,0.8173427697,0.7211320609,0.7203332524,0.7346338365,0.768225679
15.40487,0.7132439219,0.5702779427,0.8249246849,0.8281757508,0.9114913906
15.42156,0.5695917241,0.4729513935,0.9021631913,0.9191523046,1.016570166
15.43825,0.3946846672,0.4336918362,0.9370920428,1.009040328,1.081297176
15.45494,0.2080453947,0.4295960249,0.9284820419,1.088032828,1.11005736
15.47163,0.02725997987,0.4465059212,0.8873542472,1.145721679,1.101424735
15.48832,-0.1347018129,0.4599639728,0.828371769,1.172648279,1.053379077
15.50501,-0.2719951508,0.450940176,0.7626255982,1.156918704,0.9641499949
15.5217,-0.3768416025,0.4138628227,0.7009842824,1.087020169,0.8410417091
15.53839,-0.4483818583,0.340880732,0.647353098,0.961076734,0.6911229867
15.55508,-0.4821463342,0.2271321398,0.593352258,0.7801287038,0.5210437209
15.57177,-0.4747166786,0.08556852132,0.522084972,0.5549154974,0.3425600868
15.58846,-0.4321560301,-0.07301429906,0.4141232751,0.3063071751,0.1606028687
15.60515,-0.3616577993,-0.2206077158,0.2501692403,0.05258620728,-0.02743959668
15.62184,-0.2666445042,-0.3376276405,0.0214532002,-0.1903998093,-0.2213354811
15.63853,-0.1593793492,-0.4214418565,-0.2634569312,-0.4136891761,-0.4142776873
15.65522,-0.05351972596,-0.4701460966,-0.5805462835,-0.6208199986,-0.5983423049
15.67191,0.03941768788,-0.4912703788,-0.88801776,-0.8210936717,-0.764630328
15.6886,0.1065600337,-0.5012869015,-1.130522549,-1.023001796,-0.9056879115
15.70529,0.1388431983,-0.514022574,-1.268045758,-1.225018611,-1.022112542
15.72198,0.1321543686,-0.5337157079,-1.290042577,-1.407409608,-1.113507887
15.73867,0.08777210385,-0.5597485296,-1.220232978,-1.541154199,-1.179082362
15.75536,0.0110396882,-0.5847883458,-1.106401175,-1.593474822,-1.219962072
15.77205,-0.09134583373,-0.5985011423,-0.9943550878,-1.538024914,-1.239951751
15.78874,-0.2103399505,-0.5966979808,-0.9086259869,-1.378205285,-1.235876259
15.80543,-0.3328432901,-0.5900742986,-0.8488730972,-1.143599237,-1.196231406
15.82212,-0.4494492451,-0.5894099205,-0.7944113737,-0.8777248733,-1.103385363
15.83881,-0.5479531444,-0.5978760533,-0.7242159489,-0.6265658416,-0.957416711
15.8555,-0.6198685662,-0.6182078759,-0.6234439913,-0.4234926988,-0.7553109368
15.87219,-0.6643135241,-0.649158517,-0.49093899,-0.2759320469,-0.5058625868
15.88888,-0.6836290502,-0.6773968642,-0.3404114653,-0.1756621112,-0.2297889655
15.90557,-0.6736937342,-0.6858254369,-0.1966048682,-0.09990835634,0.0486556699
15.92226,-0.6353860925,-0.6622893034,-0.07752502577,-0.01790044001,0.308832003
15.93895,-0.5676505767,-0.5961810661,-0.0006321935952,0.08329916751,0.5338085147
15.95564,-0.4715408659,-0.494989357,0.03546627499,0.2087408221,0.7217263557
15.97233,-0.3525933757,-0.3654687764,0.04507756389,0.3538590765,0.8669077254
15.98902,-0.2175134266,-0.2077759741,0.05108696717,0.501217105,0.966961199
16.00571,-0.06847441688,-0.02891613611,0.07608270979,0.6394572694,1.019866961
16.0224,0.08586467898,0.1552684845,0.1437763462,0.7582719876,1.02451509
16.03909,0.2422871871,0.3326269079,0.2690271943,0.8424975804,0.9861726659
16.05578,0.3959369397,0.4898680906,0.4530770083,0.8868843847,0.9059181018
16.07247,0.5398117052,0.6331623483,0.6786942367,0.891134047,0.7841797656
16.08916,0.6640240207,0.7769267073,0.9163167877,0.8611588527,0.6343353022
16.10585,0.7633720567,0.9346160125,1.125814926,0.813316339,0.4660536084
16.12254,0.8321640503,1.108848233,1.271368366,0.7586464648,0.2925188
16.13923,0.8708125149,1.28539742,1.333130755,0.7087751053,0.1249628276
16.15592,0.887392731,1.4376528,1.304141574,0.664160169,-0.02273070769
16.17261,0.8912281582,1.531305431,1.203897498,0.6102813032,-0.1394769861
16.1893,0.8829375712,1.533957841,1.067680227,0.5335286917,-0.2119504305
16.20599,0.865348496,1.428619889,0.9250300248,0.4256246061,-0.2354267863
16.22268,0.8354662326,1.216592427,0.7874525168,0.2939778502,-0.2128649657
16.23937,0.7796380203,0.9225870998,0.6433741937,0.163561067,-0.1583179013
16.25606,0.6912861733,0.5951634945,0.4691134449,0.06019711946,-0.08059409948
16.27275,0.567731255,0.2806629513,0.2540209524,-0.005151526944,-0.001049628335
16.28944,0.40152374,0.01068582985,0.005456961299,-0.03591893693,0.06836039043
16.30613,0.2001672647,-0.2046885889,-0.2548325336,-0.04639105048,0.1247039587
16.32282,-0.02464502149,-0.3803864692,-0.491069308,-0.05290247315,0.1642796141
16.33951,-0.2591476531,-0.5366400291,-0.6715089162,-0.07191468913,0.1846331688
16.3562,-0.4860628172,-0.6842934961,-0.7766878338,-0.1143370089,0.1887193767
16.37289,-0.6928732877,-0.8276769526,-0.807866904,-0.1799185439,0.1689002191
16.38958,-0.8739130794,-0.9672018499,-0.7813617104,-0.2620510553,0.1209279011
16.40627,-1.021838883,-1.093672669,-0.7223159231,-0.3490529716,0.04852116226
16.42296,-1.131603413,-1.197269835,-0.6545630165,-0.4294127556,-0.04220505931
16.43965,-1.198901549,-1.267524896,-0.6032092947,-0.4927714447,-0.1510294849
16.45634,-1.223305865,-1.299078123,-0.5875726453,-0.5308284381,-0.273199214
16.47303,-1.204711595,-1.278535622,-0.6179377969,-0.5447227984,-0.4034986995
16.48972,-1.14193996,-1.20966574,-0.6913631391,-0.5458876728,-0.5344245726
16.50641,-1.034832644,-1.106598581,-0.7906920113,-0.5518048859,-0.6527655114
16.5231,-0.8858205413,-0.9838744176,-0.889645002,-0.5840239167,-0.7448880432
16.53979,-0.700221723,-0.8542190092,-0.9588787239,-0.6544327112,-0.8029426937
16.55648,-0.4867097305,-0.7308985367,-0.9788118697,-0.7620586157,-0.8254749882
16.57317,-0.2550223439,-0.6112410856,-0.9424158431,-0.8914990347,-0.8147976118
16.58986,-0.02233775064,-0.4884609456,-0.8595495617,-1.009966861,-0.7769237881
16.60655,0.1894636587,-0.35871048,-0.7544053263,-1.079176796,-0.7310828418
16.62324,0.3623926949,-0.2090594128,-0.6471050701,-1.070064886,-0.6852201671
16.63993,0.4864253576,-0.03323712923,-0.5431822808,-0.9643825779,-0.6375876736
16.65662,0.5599735252,0.1611576069,-0.4311479542,-0.7728605258,-0.5872212127
16.67331,0.5899373018,0.3423060809,-0.2828190546,-0.5180528827,-0.5275246511
16.69,0.582458988,0.4833472779,-0.07299634342,-0.2335089936,-0.4503379916
16.70669,0.5438386738,0.5681267541,0.1960392828,0.04500236997,-0.3521630542
16.72338,0.4848536539,0.6091667356,0.5023655959,0.2943760698,-0.2241843556
16.74007,0.4114000363,0.6297953688,0.8046066718,0.5059435511,-0.06598369852
16.75676,0.3273736037,0.6467581855,1.054524564,0.6836786545,0.119487291
16.77345,0.2426838422,0.668453648,1.218582874,0.8397749632,0.3215513918
16.79014,0.1628464491,0.6935638589,1.284881372,0.978347104,0.5283193929
16.80683,0.09593972449,0.7177532063,1.259207487,1.099475197,0.7308289275
16.82352,0.05241571411,0.7326650505,1.16363185,1.198419684,0.9185401305
16.84021,0.03207418946,0.7253119032,1.027494086,1.264481862,1.073425235
16.8569,0.02902273049,0.6833920527,0.8814832585,1.288694175,1.190575361
16.87359,0.04452843354,0.6025769259,0.7472704219,1.264719074,1.26725137
16.89028,0.07661212236,0.4843203905,0.6402416825,1.190103426,1.302556309
16.90697,0.1203501171,0.3420751027,0.5640947101,1.073467471,1.294348488
16.92366,0.169617827,0.1954930127,0.5073033515,0.9246472876,1.238645203
16.94035,0.2145939075,0.06851691725,0.4538300172,0.7576937376,1.121541957
16.95704,0.2429194899,-0.01235624783,0.3905184499,0.5819512978,0.9468799126
16.97373,0.2497559947,-0.02711380412,0.3025417618,0.4072605913,0.7241992545
16.99042,0.2373233885,0.02150575326,0.1901006315,0.2439272666,0.4614684061
17.00711,0.2098754731,0.1053911707,0.06696823897,0.09073227661,0.165928839
17.0238,0.1692958393,0.1949909717,-0.04834990877,-0.05925045746,-0.1515842439
17.04049,0.1238918431,0.2530670963,-0.1340523376,-0.2176263426,-0.4750247718
17.05718,0.08056786049,0.2512574686,-0.1785514736,-0.3959118118,-0.7746456436
17.07387,0.0441300505,0.1827132588,-0.195940303,-0.5924727079,-1.020982328
17.09056,0.01628255676,0.05639049272,-0.2178391893,-0.7857701538,-1.198974265
17.10725,-0.005086471788,-0.1131198922,-0.2875266627,-0.9517649826,-1.30321093
17.12394,-0.02658015523,-0.2844596352,-0.4344182205,-1.066159161,-1.341464389
17.14063,-0.05429795669,-0.4350572498,-0.6572316381,-1.12308886,-1.318299621
17.15732,-0.0917635514,-0.5693135485,-0.9202818549,-1.136974002,-1.230323003
17.17401,-0.1405065243,-0.69673438,-1.170986084,-1.127488487,-1.090687426
17.1907,-0.2043188532,-0.822505217,-1.3592684,-1.111071473,-0.9236679189
17.20739,-0.2847882113,-0.9569659431,-1.455959476,-1.093419664,-0.7386681781
17.22408,-0.3781473331,-1.075403934,-1.452157845,-1.070613008,-0.5492391233
17.24077,-0.4831445674,-1.161407646,-1.364122107,-1.031095811,-0.3682273283
17.25746,-0.5911539721,-1.206444831,-1.217201779,-0.9612682568,-0.1976232314
17.27415,-0.6916914889,-1.193319084,-1.039804882,-0.8489994344,-0.05155144761
17.29084,-0.777397892,-1.122214876,-0.8564925884,-0.6889170474,0.05760187265
17.30753,-0.8417027821,-1.012353578,-0.6805077831,-0.4831352379,0.1323258002
17.32422,-0.876156894,-0.8675070362,-0.5135687949,-0.246451181,0.1794001714
17.34091,-0.875824369,-0.6997548063,-0.3516557468,-0.0001898762734,0.2002596489
17.3576,-0.837957733,-0.5190587817,-0.18595954,0.2341288095,0.2055647457
17.37429,-0.7591520175,-0.3267538573,-0.01070551996,0.4319737791,0.2037041011
17.39098,-0.6381825922,-0.1374364911,0.1757567568,0.5703954203,0.1987698026
17.40767,-0.4788078661,0.03599829997,0.3711405911,0.6397401206,0.1972188386
17.42436,-0.2842261346,0.1961349116,0.5600635196,0.6395623372,0.2030414849
17.44105,-0.05794528917,0.3465405871,0.716952535,0.5858070365,0.2170523306
17.45774,0.1875004859,0.4929599145,0.8159774902,0.5083582826,0.2413284748
17.47443,0.4377506075,0.6500694541,0.837327508,0.4369858692,0.2700172244
17.49112,0.6759365452,0.8150550331,0.7835334101,0.3886890805,0.2900676531
17.50781,0.8867273445,0.9732123277,0.6821680271,0.3710975994,0.2984503736
17.5245,1.057337132,1.105836325,0.5770964271,0.3747324098,0.2921622358
17.54119,1.179072633,1.19181379,0.5183035619,0.3838700166,0.2721658645
17.55788,1.243893925,1.217251111,0.5393584704,0.3883053905,0.2441863227
17.57457,1.242940441,1.193618721,0.6407411125,0.3902906781,0.2114759549
17.59126,1.171391856,1.143733477,0.7898714255,0.3971978229,0.1742740644
17.60795,1.03651948,1.084457197,0.9334508939,0.4220217023,0.1392577816
17.62464,0.850659495,1.031065575,1.023336682,0.4721172454,0.106724043
17.64133,0.6316086956,0.98272182,1.037509699,0.5399300746,0.08078161431
17.65802,0.4004624649,0.9148123736,0.9762791167,0.6060797062,0.07053249752
17.67471,0.1738335898,0.8127935132,0.858951511,0.6493410014,0.08129645134
17.6914,-0.03492558758,0.6704972453,0.7097198857,0.6487312763,0.1174923596
17.70809,-0.2163573351,0.4765546361,0.5477787117,0.594873032,0.1802362947
17.72478,-0.3677302754,0.2342714415,0.3827004097,0.4904997215,0.2566626
17.74147,-0.4868276426,-0.04305700517,0.2169279354,0.3493174518,0.3278340822
17.75816,-0.5726024626,-0.3344137582,0.04403172447,0.1883973279,0.3828975556
17.77485,-0.6282097754,-0.6062971173,-0.145610548,0.02435528015,0.4138690183
17.79154,-0.6569259109,-0.8371938992,-0.3584274942,-0.130049343,0.4133737115
17.80823,-0.6662705989,-1.021521666,-0.592396926,-0.2644386421,0.3806730959
17.82492,-0.6604630598,-1.155126403,-0.8356902118,-0.3791736537,0.3123237451
17.84161,-0.6407740323,-1.232025107,-1.066264552,-0.4796369092,0.2034374033
17.8583,-0.6127478497,-1.247224614,-1.255965245,-0.5739014186,0.06082351194
17.87499,-0.5815534347,-1.202270429,-1.380547292,-0.6725464373,-0.1083054854
17.89168,-0.5463412217,-1.112920332,-1.418775954,-0.7809702349,-0.2974294315
17.90837,-0.5087822853,-0.9968412145,-1.358860709,-0.8965434116,-0.5008136051
17.92506,-0.4662365111,-0.8685822893,-1.209778879,-1.011430678,-0.709001315
17.94175,-0.414081753,-0.7407619241,-0.9999185803,-1.110881242,-0.9130700032
17.95844,-0.3533689405,-0.611159755,-0.7749003667,-1.167992006,-1.094978554
17.97513,-0.2837310853,-0.4752997608,-0.5873863392,-1.163133378,-1.241337809
17.99182,-0.20333345,-0.3296672542,-0.4716685289,-1.093695257,-1.336617212
18.00851,-0.1159598613,-0.1771000483,-0.4283996566,-0.9772447568,-1.366802422
18.0252,-0.02533777185,-0.04191167995,-0.4300938927,-0.8459990252,-1.31419072
18.04189,0.06636409001,0.05107758355,-0.4334614284,-0.7301709933,-1.175732006
18.05858,0.1573117116,0.09576058519,-0.4068052525,-0.6395334432,-0.9579314618
18.07527,0.2421785658,0.09329981418,-0.3407680686,-0.5647905469,-0.6810462267
18.09196,0.3123359761,0.06638975357,-0.2456600418,-0.4834896634,-0.3782110349
18.10865,0.3556640128,0.04383799688,-0.1431008697,-0.3706002789,-0.0743575025
18.12534,0.3678358134,0.04769163729,-0.05043455543,-0.2115630103,0.2135654251
18.14203,0.3473240754,0.09190648928,0.02991518607,-0.003755216369,0.4703113991
18.15872,0.2994130139,0.1758987137,0.1075790675,0.2395994652,0.6875809338
18.17541,0.2355120823,0.2798223952,0.2011883793,0.4991817586,0.8593402546
18.1921,0.165189885,0.380990812,0.3283478793,0.7524074648,0.9821084436
18.20879,0.0957313343,0.4621618939,0.4929461587,0.978374018,1.065057515
18.22548,0.03751646113,0.5145873468,0.6889913684,1.161645352,1.111970254
18.24217,-0.002210338979,0.5400858878,0.9038341407,1.293332976,1.121352048
18.25886,-0.02432079791,0.544723453,1.116370529,1.369632829,1.098084538
18.27555,-0.02911286577,0.5418448636,1.300041126,1.393501962,1.039991613
18.29224,-0.01605096914,0.5478226864,1.425538021,1.370835182,0.9544344906
18.30893,0.01629724276,0.5722082226,1.46909376,1.305667389,0.854224422
18.32562,0.0695326452,0.6133295025,1.418553742,1.202958609,0.7422203001
18.34231,0.1443569466,0.6667502679,1.275280358,1.065202439,0.6191854138
18.359,0.2351255344,0.7208133472,1.055620379,0.8944060887,0.4905651185
18.37569,0.3358035374,0.7570526931,0.7891783425,0.6904790955,0.3574288795
18.39238,0.4411902067,0.7546018702,0.5135453915,0.4560842924,0.2234550746
18.40907,0.5433380764,0.6952111505,0.2669522589,0.1953984192,0.08882702007
18.42576,0.6323703734,0.5699252016,0.0748364382,-0.07552520179,-0.0500629931
18.44245,0.6905811936,0.3969671982,-0.06544282678,-0.3327384652,-0.1888236624
18.45914,0.7008420186,0.2194826541,-0.1765724514,-0.5485672194,-0.326395813
18.47583,0.6524652694,0.06693233093,-0.2852528544,-0.7030215012,-0.466990807
18.49252,0.537949228,-0.04290264392,-0.4053733656,-0.7866249125,-0.6061114244
18.50921,0.364522229,-0.1141989324,-0.5299850936,-0.8086031624,-0.737283406
18.5259,0.1539123099,-0.1769011583,-0.6306921122,-0.7912988693,-0.8490429757
18.54259,-0.07407460313,-0.2567418474,-0.6802828731,-0.7621473136,-0.9244576177
18.55928,-0.2995125151,-0.3670136246,-0.673415282,-0.7424640511,-0.9544293848
18.57597,-0.5037734017,-0.5150463742,-0.6261570986,-0.7396932878,-0.9349359067
18.59266,-0.6809186136,-0.683404549,-0.5710127185,-0.7468455414,-0.869509588
18.60935,-0.8267775738,-0.8531187873,-0.5458211975,-0.7473414947,-0.7649821072
18.62604,-0.9358971979,-1.006913157,-0.5699638049,-0.7243464418,-0.63394599
18.64273,-1.009867295,-1.126595129,-0.6438998788,-0.6719630163,-0.4899148463
18.65942,-1.050273508,-1.203409922,-0.7590247383,-0.5928699239,-0.3380156498
18.67611,-1.054305942,-1.240257894,-0.893552607,-0.4980625821,-0.1869751086
18.6928,-1.020994749,-1.239451197,-1.019605785,-0.4046435071,-0.04861980187
18.70949,-0.9508682301,-1.213886283,-1.111098475,-0.3268332364,0.07432034285
18.72618,-0.8470057072,-1.164155554,-1.143178137,-0.2730143037,0.1757673263
18.74287,-0.7167510458,-1.086983793,-1.100318688,-0.2477019682,0.2491392046
18.75956,-0.5674081468,-0.9783962417,-0.9832886304,-0.2434966117,0.2980215484
18.77625,-0.4071455517,-0.83449742,-0.8040362864,-0.2502439393,0.3182219015
18.79294,-0.2455424438,-0.6525856619,-0.5791967402,-0.2558341841,0.3071570401
18.80963,-0.08762366045,-0.4257146046,-0.3328279074,-0.2448727954,0.2676916945
18.82632,0.05959464943,-0.1506895705,-0.09202858043,-0.2037963977,0.2007525898
18.84301,0.195714271,0.1592054283,0.1260162119,-0.1215898187,0.1044568587
18.8597,0.3276641403,0.4819695281,0.3128587148,0.00223133155,-0.009267951378
18.87639,0.4564884636,0.7805783978,0.4764338868,0.1494188474,-0.1224428798
18.89308,0.5789623818,1.018794223,0.6385262335,0.2917364047,-0.2194302246
18.90977,0.6966043384,1.183690418,0.8072190763,0.401235723,-0.2792412045
18.92646,0.8030053406,1.270328324,0.97182179,0.4613502841,-0.2836093235
18.94315,0.8923210109,1.290048427,1.106247672,0.4800581326,-0.2269279476
18.95984,0.9595318577,1.268596663,1.172181228,0.4810878459,-0.1137480995
18.97653,0.9944758614,1.224711747,1.146998487,0.4919853861,0.03995753063
18.99322,0.990597814,1.169416629,1.03405237,0.5285087675,0.2135985754
19.00991,0.947418157,1.104479602,0.8595726593,0.584473904,0.38949801
19.0266,0.8676347398,1.015338258,0.6721674784,0.6460353349,0.5540785785
19.04329,0.7578505158,0.8891401974,0.51731345,0.6969293677,0.6981087456
19.05998,0.6236056068,0.7257402474,0.4217069447,0.7243792256,0.8129520787
19.07667,0.4677445194,0.5312642897,0.390383683,0.7274878685,0.8946505806
19.09336,0.2936964964,0.3231885226,0.4044767813,0.709125425,0.9453523239
19.11005,0.1070377898,0.1269404631,0.4331570237,0.6729941655,0.9578068422
19.12674,-0.08136147945,-0.04870546044,0.4517042539,0.6290294323,0.9270527527
19.14343,-0.26027969,-0.1935770663,0.4371511566,0.5829795428,0.8521963104
19.16012,-0.4218352795,-0.2978351145,0.3766112689,0.5352059633,0.730113909
19.17681,-0.5617342996,-0.3655387687,0.2727927739,0.4805837604,0.5685477653
19.1935,-0.6727536693,-0.4038609798,0.1342946789,0.4095898221,0.3835634319
19.21019,-0.7464041803,-0.4189499566,-0.02357270943,0.3076600972,0.1850387181
19.22688,-0.7799401506,-0.4341688343,-0.1797114563,0.1630575542,-0.01620896189
19.24357,-0.7725615148,-0.462125342,-0.3212867626,-0.03113317519,-0.2099309425
19.26026,-0.7225073977,-0.5030779136,-0.4456450418,-0.2707870151,-0.3918063531
19.27695,-0.6364977825,-0.5568857313,-0.5550517867,-0.5413277351,-0.5596846024
19.29364,-0.5212917232,-0.6207348636,-0.6594770086,-0.8154210324,-0.704524495
19.31033,-0.3839960081,-0.6819438819,-0.773834773,-1.05929776,-0.8254642061
19.32702,-0.2389304491,-0.7312114583,-0.9093322026,-1.243844061,-0.9294455426
19.34371,-0.1006663727,-0.7515562217,-1.064625356,-1.354940897,-1.019667385
19.3604,0.01819777093,-0.7293054012,-1.219182943,-1.396245335,-1.092259482
19.37709,0.1029689217,-0.674960936,-1.332415201,-1.384308682,-1.142725704
19.39378,0.1423023721,-0.6069689562,-1.360095879,-1.33964298,-1.162384836
19.41047,0.136616051,-0.5392435869,-1.274851577,-1.276754626,-1.144613687
19.42716,0.09369646736,-0.4814877294,-1.082284062,-1.200980158,-1.090728477
19.44385,0.02208157131,-0.4265115392,-0.8201223031,-1.099608421,-1.003353652
19.46054,-0.06833770736,-0.362958441,-0.5428452098,-0.9535272387,-0.8832512831
19.47723,-0.1653754908,-0.2912760642,-0.2999797316,-0.7531464547,-0.7345460015
19.49392,-0.2587214013,-0.2113670063,-0.1158857385,-0.4992751407,-0.5649436877
19.51061,-0.3340592413,-0.1266022942,0.01266130012,-0.2105764357,-0.3739548116
19.5273,-0.3814797075,-0.04797618444,0.1033246524,0.08071985785,-0.1650153251
19.54399,-0.4010982377,0.01390698558,0.1805393433,0.3447744081,0.05641553699
19.56068,-0.3948788936,0.05250494697,0.2617482638,0.5632465772,0.2900734098
19.57737,-0.3591917018,0.06593317831,0.3534569021,0.7221668677,0.5216188609
19.59406,-0.2930428108,0.06339912959,0.4545736262,0.8235182143,0.7363706425
19.61075,-0.1983273718,0.05681249697,0.5551083805,0.8807752411,0.9256684043
19.62744,-0.08022981238,0.06051830948,0.6412766718,0.9065275941,1.078283202
19.64413,0.05089055386,0.09130864977,0.7019577916,0.912462999,1.18543402
19.66082,0.1832897772,0.1583729562,0.7297704697,0.9110655702,1.250447022
19.67751,0.3101728314,0.2669009187,0.7215200108,0.9063064942,1.268129515
19.6942,0.4259171916,0.4136492716,0.6853525086,0.8961395298,1.233967839
19.71089,0.52555138,0.578286481,0.6419243908,0.8799726801,1.148903461
19.72758,0.6077248198,0.7381185941,0.6156033394,0.852184776,1.011465753
19.74427,0.6739019455,0.872031004,0.626685762,0.802042852,0.8278663313
19.76096,0.7253641229,0.9573346908,0.686444118,0.7264088229,0.6102716192
19.77765,0.7582326605,0.9885385144,0.7836093184,0.628605688,0.3706411944
19.79434,0.7718424603,0.9772423813,0.8883297447,0.5133580006,0.1255188509
19.81103,0.7669109816,0.9362809569,0.9575863235,0.3936300982,-0.1060395132
19.82772,0.7401073261,0.8833686913,0.9473652919,0.2812878743,-0.3074665739
19.84441,0.6896015826,0.8298244942,0.8333831527,0.1753401259,-0.4605897137
19.8611,0.6161633,0.7640430293,0.6236523711,0.06748934,-0.5554875671
19.87779,0.5233737645,0.6687794903,0.3543296836,-0.0534350481,-0.5918228441
19.89448,0.4174754787,0.5263247653,0.07448017277,-0.1963819572,-0.572886891
19.91117,0.3035716091,0.3152562969,-0.1779510094,-0.3565772262,-0.5087917695
19.92786,0.1839315528,0.04343157915,-0.3889690852,-0.5146327667,-0.4160758403
19.94455,0.05694312858,-0.2608199767,-0.558867369,-0.6464307053,-0.3137962727
19.96124,-0.07978267645,-0.5649763633,-0.7026708102,-0.7349028424,-0.2164593197
19.97793,-0.2267545334,-0.8297655181,-0.8370269751,-0.7693895864,-0.1356772151
19.99462,-0.3844974868,-1.03278535,-0.9617708039,-0.7530897999,-0.07716493534
20.01131,-0.5472817253,-1.17467758,-1.07230483,-0.6976422797,-0.04109033866
20.028,-0.7064549499,-1.256293309,-1.160376689,-0.6168812021,-0.02786576807
20.04469,-0.8515827674,-1.286807274,-1.207299897,-0.5279410275,-0.0368975816
20.06138,-0.9723215089,-1.27899163,-1.200588759,-0.4473843092,-0.06460701876
20.07807,-1.062894167,-1.246070255,-1.137057247,-0.3878978724,-0.109428806
20.09476,-1.11589606,-1.199292205,-1.014714808,-0.3582208238,-0.1665441679
20.11145,-1.124795161,-1.140134056,-0.847841631,-0.3590998888,-0.2303277605
20.12814,-1.087539444,-1.064193707,-0.6601575362,-0.3820918717,-0.2933580882
20.14483,-1.00542593,-0.9609065176,-0.4793902103,-0.4141003324,-0.3495913314
20.16152,-0.8813776713,-0.8227802946,-0.3356615471,-0.439988211,-0.3963620709
20.17821,-0.7200761661,-0.6574745619,-0.2514740271,-0.4446805637,-0.4350571508
20.1949,-0.5250261859,-0.4723577427,-0.2307601499,-0.4197199748,-0.4609574505
20.21159,-0.2984936732,-0.2761021818,-0.2586223141,-0.3712548194,-0.4710107059
20.22828,-0.04855322882,-0.08943768086,-0.3025520827,-0.316577853,-0.4601772053
20.24497,0.2115178258,0.07436256952,-0.3239240489,-0.2725832489,-0.423917966
20.26166,0.4650635513,0.2097651568,-0.2917930822,-0.2481058555,-0.3654271381
20.27835,0.6872717499,0.3165219411,-0.1933164138,-0.2388050764,-0.2937129203
20.29504,0.856646278,0.4152744408,-0.03693917564,-0.2277432076,-0.2106790437
20.31173,0.9588292772,0.5355634676,0.1508094992,-0.191099192,-0.1215766187
20.32842,0.9855773066,0.6858747819,0.3372997137,-0.105925179,-0.03431136831
20.34511,0.9482490647,0.8576210097,0.5021009052,0.0400138957,0.04925371461
20.3618,0.8661549512,1.024421919,0.6447744422,0.2400493628,0.1259404233
20.37849,0.7551726315,1.14425746,0.7803163081,0.4719700902,0.1977763683
20.39518,0.6321061263,1.187513921,0.9218986761,0.7033357533,0.2735140251
20.41187,0.5052571251,1.150955559,1.068325252,0.9042607229,0.3580547224
20.42856,0.3787258693,1.043429045,1.204924341,1.060245278,0.4518436465
20.44525,0.2607274091,0.887536554,1.307144636,1.163275638,0.5571684771
20.46194,0.1586235737,0.7145823069,1.351268311,1.212418277,0.6659433336
20.47863,0.07385063015,0.5450236893,1.321627399,1.214810203,0.7732768717
20.49532,0.005117485054,0.3917649212,1.211279683,1.179684685,0.873314834
20.51201,-0.04656235611,0.2644185217,1.025326856,1.112737617,0.9523292591
20.5287,-0.08222590375,0.162808559,0.780612128,1.020410902,1.001584404
20.54539,-0.102736667,0.08145662271,0.500673673,0.9029623051,1.017412923
20.56208,-0.1101117969,0.01169529458,0.2156673911,0.7550070035,0.9915015906
20.57877,-0.1091160997,-0.0555885018,-0.04339018577,0.57575793,0.9225644542
20.59546,-0.1025720997,-0.1264120137,-0.2499076714,0.3711710493,0.8123488292
20.61215,-0.09142753617,-0.2088423829,-0.3869473044,0.145417604,0.6610620914
20.62884,-0.08042661123,-0.299159137,-0.4576228892,-0.08805701959,0.4675955276
20.64553,-0.07314811758,-0.3836319044,-0.4798312148,-0.311575519,0.2314487477
20.66222,-0.07097078217,-0.4456168236,-0.4804963689,-0.5099339727,-0.03912050763
20.67891,-0.07620661212,-0.4691799548,-0.4872178424,-0.6634136839,-0.3332960977
20.6956,-0.09034745622,-0.4482911075,-0.5154318655,-0.7637272354,-0.6361459827
20.71229,-0.1123591975,-0.39845765,-0.5657354546,-0.8233205488,-0.9207988955
20.72898,-0.1395166921,-0.3393034496,-0.6259844559,-0.8668132845,-1.164075699
20.74567,-0.1659310042,-0.2929910962,-0.6751911002,-0.9238974188,-1.345675871
20.76236,-0.1836228578,-0.2792262312,-0.700037781,-1.012913115,-1.440341544
20.77905,-0.1906204926,-0.305792204,-0.7059126189,-1.123036654,-1.439849753
20.79574,-0.1912424,-0.3698454187,-0.7116222747,-1.222528141,-1.357380182
20.81243,-0.189652729,-0.4639733213,-0.744429631,-1.273345815,-1.211087921
20.82912,-0.1868805174,-0.570944541,-0.8195756554,-1.24916641,-1.025224845
20.84581,-0.1853494367,-0.6710352278,-0.9266313651,-1.144262778,-0.8218310174
20.8625,-0.1875616757,-0.7516827649,-1.033862476,-0.9726287835,-0.607382246
20.87919,-0.1971294393,-0.8039897725,-1.099642309,-0.759735571,-0.3872241001
20.89588,-0.2206161312,-0.8305958063,-1.091029593,-0.5365427416,-0.1734424398
20.91257,-0.2592325839,-0.8296905311,-0.9952910386,-0.3268275946,0.02570216952
20.92926,-0.3061274699,-0.7944107946,-0.8169558513,-0.1386310382,0.2020081832
20.94595,-0.3527806716,-0.724171532,-0.5738794628,0.0286386049,0.3509565795
20.96264,-0.3914806047,-0.6146720791,-0.2889148119,0.1760759595,0.4745774525
20.97933,-0.4153285245,-0.4679110144,0.01273963362,0.3091275971,0.571289589
20.99602,-0.4212938457,-0.2943064657,0.3025082419,0.433086667,0.636320268
21.01271,-0.4068513111,-0.09462471525,0.5564619073,0.5534877244,0.6675928053
21.0294,-0.3650420124,0.1245192847,0.7559448016,0.6823971851,0.6684498297
21.04609,-0.2927161528,0.3507008469,0.8935002472,0.8155291757,0.6446657174
21.06278,-0.1896752332,0.5698234313,0.9768119249,0.9308623536,0.6019677137
21.07947,-0.0532677929,0.7608963849,1.018503685,1.010788458,0.5491404755
21.09616,0.1144846044,0.9050462601,1.033984673,1.039411594,0.4948280575
21.11285,0.3072918625,0.9934100655,1.039107981,1.005819722,0.4428000106
21.12954,0.5155901193,1.024024382,1.037357863,0.9152460642,0.3983336201
21.14623,0.7224419047,1.012631254,1.019486942,0.7798014272,0.363067076
21.16292,0.9081261511,0.9871441902,0.9716326839,0.6186203032,0.331252912
21.17961,1.055231684,0.9730796779,0.8796218326,0.4594972522,0.2960334056
21.1963,1.145494051,0.9863833908,0.7406149002,0.3271925488,0.2544074089
21.21299,1.165900035,1.02248484,0.5757329035,0.2318044921,0.2038396327
21.22968,1.115018723,1.047811347,0.4260632028,0.1670204161,0.1444238187
21.24637,1.00193738,1.023763328,0.332601014,0.1237784065,0.08047267878
21.26306,0.8394740205,0.9274402816,0.3144585719,0.09415297059,0.01401378159
21.27975,0.6454019512,0.7597638962,0.3591014616,0.07319383973,-0.05318122809
21.29644,0.433445871,0.5461194106,0.4243253402,0.06735096507,-0.1167329704
21.31313,0.2113519063,0.315749271,0.4584961184,0.08032990253,-0.1708172154
21.32982,-0.01108342576,0.09342084222,0.4295789498,0.1055805587,-0.2099432728
21.34651,-0.2240384192,-0.1076093538,0.3268524268,0.1314808754,-0.2313202102
21.3632,-0.4192910202,-0.2886671528,0.1556989976,0.1400176285,-0.2284168789
21.37989,-0.5899434167,-0.4515577835,-0.05903971292,0.1121056074,-0.1970524034
21.39658,-0.732244579,-0.5924987226,-0.2896751718,0.03915256827,-0.140239073
21.41327,-0.8425099262,-0.720290638,-0.5140145807,-0.07770419281,-0.06692965548
21.42996,-0.9164664639,-0.8399650747,-0.7119131865,-0.228764985,0.008457641052
21.44665,-0.9505976241,-0.9545992318,-0.8759297911,-0.3980227307,0.06835380737
21.46334,-0.9435043836,-1.06618756,-1.005231196,-0.5680601946,0.1062664382
21.48003,-0.90178381,-1.165973308,-1.096431338,-0.7210330977,0.1147966825
21.49672,-0.8333252049,-1.236291054,-1.152701885,-0.8416858855,0.09112213048
21.51341,-0.7402737724,-1.266220381,-1.183422391,-0.9194478049,0.03533315413
21.5301,-0.6265226084,-1.243520134,-1.196705691,-0.9494021856,-0.05703364017
21.54679,-0.5025052411,-1.159708784,-1.192165957,-0.9323260754,-0.1841980088
21.56348,-0.3781843103,-1.01855234,-1.157975612,-0.8762818847,-0.3361758514
21.58017,-0.2628823493,-0.8241602787,-1.078757049,-0.796271452,-0.5015751798
21.59686,-0.1595179195,-0.5959936315,-0.9379014098,-0.7118337881,-0.6628711311
21.61355,-0.06380360022,-0.3575988749,-0.7311177115,-0.6433802791,-0.7995345795
21.63024,0.0259601935,-0.1291001174,-0.4728993233,-0.6025536884,-0.8983007754
21.64693,0.1135172564,0.07320701957,-0.1932003014,-0.5818489258,-0.9435920818
21.66362,0.2024222821,0.2490888408,0.06189291073,-0.5559395938,-0.9271156015
21.68031,0.2913809984,0.4096971124,0.2450927827,-0.4951299598,-0.8529194738
21.697,0.3776342094,0.553974501,0.3350174636,-0.3788937801,-0.7272025823
21.71369,0.4575633936,0.6698968957,0.342182105,-0.2103980354,-0.5523981226
21.73038,0.5268967509,0.7350891973,0.3083029259,-0.01215158862,-0.3396554422
21.74707,0.5842288183,0.7321352789,0.2841845126,0.1870539475,-0.107269216
21.76376,0.6278857214,0.6678458383,0.3016056881,0.364537006,0.1371585802
21.78045,0.6499904791,0.568419836,0.3698985311,0.5108667039,0.383277755
21.79714,0.6392054143,0.4678506259,0.473424402,0.6282713637,0.6159804484
21.81383,0.5903837978,0.3968876745,0.584574006,0.724557546,0.8252275839
21.83052,0.5073006582,0.3729067016,0.6847184054,0.8105550786,0.9976742332
21.84721,0.3984744587,0.402058633,0.7633537819,0.8955518277,1.118836493
21.8639,0.2760730164,0.4736779492,0.814788602,0.9786724848,1.194900084
21.88059,0.1513003196,0.5620783805,0.8436019213,1.055423153,1.232429468
21.89728,0.03489861827,0.6382426795,0.8572706961,1.115780272,1.224475851
21.91397,-0.06186560434,0.6792475598,0.8645154922,1.150103034,1.16569384
21.93066,-0.1295185961,0.673252406,0.8746182899,1.15197472,1.058561822
21.94735,-0.1654136483,0.6259147532,0.888371242,1.114968842,0.9104545413
21.96404,-0.1715257595,0.5466972604,0.897065629,1.03488857,0.7343080278
21.98073,-0.1495748794,0.4397122537,0.884453676,0.9144155799,0.544568161
21.99742,-0.10287962,0.3187900667,0.830479059,0.7527132229,0.3482258913
22.01411,-0.03425022268,0.2043105439,0.7185797124,0.5546938461,0.151274343
22.0308,0.05005070716,0.1084200286,0.5384109361,0.3297147177,-0.03537293439
22.04749,0.1354513682,0.04137921122,0.2917432572,0.08290779472,-0.205597795
22.06418,0.2100334659,0.006822070329,-0.002778573603,-0.1725684259,-0.3576087046
22.08087,0.2661686613,-0.01244927845,-0.3087466645,-0.4254739312,-0.4906514215
22.09756,0.2983172678,-0.03803494806,-0.582479822,-0.6721768497,-0.6081509887
22.11425,0.3064715234,-0.08611134814,-0.785032706,-0.9029865462,-0.7126165236
22.13094,0.2879726576,-0.1714564362,-0.8944131125,-1.100980262,-0.8047744161
22.14763,0.2351252385,-0.2922697853,-0.9189180719,-1.246321927,-0.8830104013
22.16432,0.1459524368,-0.4227171609,-0.8939285482,-1.313212449,-0.948834347
22.18101,0.02352715854,-0.538366371,-0.8569474808,-1.288109708,-1.002536993
22.1977,-0.1231284014,-0.6274452219,-0.8331098094,-1.178192802,-1.037842021
22.21439,-0.282271666,-0.6830161834,-0.8274549892,-1.009255949,-1.046421858
22.23108,-0.4429572372,-0.7140168324,-0.821163953,-0.8212847384,-1.0179762
22.24777,-0.5940373997,-0.7364645594,-0.7921026658,-0.6549990167,-0.937190392
22.26446,-0.7253189554,-0.7519184085,-0.7308565256,-0.5330246855,-0.8035950536
22.28115,-0.8255553291,-0.7642912903,-0.6403824683,-0.4581851366,-0.6274953966
22.29784,-0.8875416977,-0.7786088924,-0.5311487183,-0.4177281152,-0.4200308797
22.31453,-0.9106388245,-0.7846756273,-0.4237163371,-0.3875590952,-0.2058767224
22.33122,-0.8944198759,-0.7760704803,-0.3368482972,-0.3447322682,-0.002595665497
22.34791,-0.840819391,-0.7449070208,-0.2823287724,-0.2731723175,0.1828226807
22.3646,-0.7548012647,-0.6847366599,-0.2616626525,-0.1672756846,0.3405180392
22.38129,-0.6348062817,-0.5994842323,-0.2646005483,-0.03235893301,0.4674369893
22.39798,-0.4837587287,-0.4920030847,-0.2702624255,0.1178611262,0.5637726786
22.41467,-0.30867281,-0.3665280064,-0.2551240495,0.2678344834,0.6197912423
22.43136,-0.1176855472,-0.2283569608,-0.2009125612,0.400978334,0.6397485634
22.44805,0.07616990301,-0.0758020613,-0.09524614748,0.5031457769,0.6308166278
22.46474,0.2602337392,0.09251791057,0.06531976685,0.5647526741,0.593705973
22.48143,0.4286991532,0.2770793254,0.2753203509,0.5834615309,0.5330397207
22.49812,0.5755621071,0.4902525845,0.5146340553,0.5670353264,0.451179778
22.51481,0.6939111382,0.7294900873,0.7530551367,0.5311432119,0.3473506069
22.5315,0.7819269142,0.9775961316,0.9593122661,0.4978470905,0.2331793274
22.54819,0.8410298766,1.217250978,1.106906568,0.4871824183,0.1241301344
22.56488,0.8756283259,1.423443389,1.182442905,0.5046351444,0.02684212532
22.58157,0.8935811626,1.556993334,1.196830227,0.5403416546,-0.05102533897
22.59826,0.9031136402,1.596215123,1.173283106,0.5789006601,-0.09836558051
22.61495,0.9056915651,1.52700613,1.131320659,0.6003989258,-0.1039266749
22.63164,0.8977146011,1.355604014,1.08014329,0.5929837108,-0.06554360205
22.64833,0.8708890929,1.120414691,1.009617829,0.5576785745,0.01278791006
22.66502,0.8152318472,0.858858798,0.9007027571,0.5060248553,0.1197055274
22.68171,0.7220843127,0.6103714142,0.7419487325,0.4513730278,0.2385185986
22.6984,0.5903355705,0.4038418981,0.5365852638,0.4006139164,0.3538851022
22.71509,0.426135791,0.2400031301,0.3022775901,0.3524977721,0.4552358655
22.73178,0.2359710937,0.1064066786,0.06973036747,0.3032825797,0.5311707046
22.74847,0.03068572459,-0.01721358796,-0.1290703372,0.2479035534,0.5786015354
22.76516,-0.1729036978,-0.1520243775,-0.2716218555,0.1848454588,0.5964441059
22.78185,-0.3609141655,-0.3062158415,-0.3480640092,0.1137218056,0.5789203726
22.79854,-0.5272826502,-0.4755653432,-0.3653002747,0.03533115351,0.5257060365
22.81523,-0.6676228968,-0.6437090613,-0.344157491,-0.04807832276,0.43297997
22.83192,-0.7795467307,-0.7961623305,-0.3105338853,-0.1258643383,0.3031736575
22.84861,-0.8599938504,-0.9215167081,-0.2916336516,-0.1878423129,0.1487283946
22.8653,-0.9047474244,-1.003625832,-0.3054578244,-0.2353263212,-0.02833439007
22.88199,-0.9120712252,-1.039428836,-0.3602308384,-0.2757694547,-0.2232313111
22.89868,-0.8847370752,-1.025569431,-0.4501117197,-0.3221993182,-0.415386642
22.91537,-0.8282810399,-0.9646002034,-0.5597500626,-0.3941118831,-0.5912678456
22.93206,-0.7438455067,-0.8708704519,-0.6735684572,-0.5016313233,-0.7341467125
22.94875,-0.6291242804,-0.7625927263,-0.7743173333,-0.6496204068,-0.8315867216
22.96544,-0.4878748687,-0.6542709529,-0.8424367341,-0.8322372023,-0.8903645275
22.98213,-0.3282548345,-0.5560231258,-0.8708264041,-1.022257213,-0.9181281724
22.99882,-0.1593551042,-0.4740598267,-0.8659470919,-1.184770612,-0.917955284
23.01551,0.00428841362,-0.4051785297,-0.8417498784,-1.282643229,-0.8966757638
23.0322,0.1518069966,-0.3350800996,-0.8139172146,-1.283390074,-0.8614671676
23.04889,0.273586001,-0.2617289703,-0.7833206287,-1.182992535,-0.8181426486
23.06558,0.3596970434,-0.183035815,-0.730740945,-0.9983819438,-0.7688046612
23.08227,0.401156861,-0.09745832818,-0.6319537054,-0.7576803465,-0.7098070258
23.09896,0.3951939572,-0.009166646804,-0.4699758997,-0.4972854593,-0.6315017914
23.11565,0.3502121145,0.08257553797,-0.241734996,-0.2515361617,-0.5218710625
23.13234,0.2812545259,0.1772092931,0.0385813716,-0.0344846608,-0.3786420894
23.14903,0.1971745128,0.2673467988,0.3369637799,0.151893579,-0.2084504889
23.16572,0.1091858961,0.348653972,0.613776694,0.3165543862,-0.01724580629
23.18241,0.02666811964,0.4293840568,0.835968224,0.4758404515,0.185366527
23.1991,-0.04163644366,0.5079751965,0.981533223,0.6404183541,0.386111102
23.21579,-0.08808503763,0.5763887206,1.044493854,0.805430933,0.5775576087
23.23248,-0.1072471996,0.6313336919,1.041020045,0.9642337948,0.7532519485
23.24917,-0.1003440205,0.6612117048,0.9939140434,1.10302799,0.9042132424
23.26586,-0.06513227343,0.6543981143,0.926734774,1.208295596,1.025376102
23.28255,0.002325726648,0.614949634,0.8625758292,1.271667704,1.114806501
23.29924,0.09855587708,0.5431464273,0.8127631735,1.285994186,1.168832717
23.31593,0.2092562323,0.446874216,0.7747335205,1.243365695,1.190108603
23.33262,0.3177425675,0.3605739525,0.745609933,1.149257445,1.17753662
23.34931,0.40872003,0.3059646828,0.7179474318,1.015643892,1.122993317
23.366,0.473505872,0.2977139889,0.6768833541,0.8530673606,1.023401165
23.38269,0.5115883658,0.3421610788,0.614268773,0.6783244499,0.8722623185
23.39938,0.5237355453,0.4318656617,0.5316746349,0.5051619519,0.6751987513
23.41607,0.514277056,0.5466334331,0.4377894648,0.3389630123,0.4480212191
23.43276,0.4881725671,0.6567131225,0.3500450505,0.1856209336,0.1990454626
23.44945,0.4505548959,0.7211783378,0.2879439836,0.04460623226,-0.06420697708
23.46614,0.4063616687,0.716371303,0.257187008,-0.08927412158,-0.3204809929
23.48283,0.3601059877,0.6320334413,0.2475399673,-0.2118877836,-0.5611974114
23.49952,0.3123173777,0.4748337868,0.2292690865,-0.3222740047,-0.7664928094
23.51621,0.2619204719,0.2829829371,0.166612926,-0.4204341766,-0.911144291
23.5329,0.2033908401,0.07988823913,0.03343458811,-0.5059884518,-0.9878477257
23.54959,0.1317304036,-0.1161289993,-0.1700021377,-0.5848407427,-0.9923359483
23.56628,0.04397206636,-0.2778325308,-0.4234380487,-0.6628378649,-0.9303659436
23.58297,-0.0587162007,-0.4083164632,-0.6892835294,-0.7407086323,-0.8200016324
23.59966,-0.1745818625,-0.5383159087,-0.9245390872,-0.8202054406,-0.675667878
23.61635,-0.2942893621,-0.6749479354,-1.099110773,-0.8961270457,-0.5124640387
23.63304,-0.4122516364,-0.8184324881,-1.199418634,-0.9557373001,-0.3527106184
23.64973,-0.5244540147,-0.9613776602,-1.22403182,-0.9846984156,-0.206909361
23.66642,-0.6249223133,-1.085723568,-1.189848872,-0.9717721433,-0.08560822364
23.68311,-0.7126058267,-1.175165044,-1.115551325,-0.9076114783,0.004615953537
23.6998,-0.7862148835,-1.229401646,-1.018888552,-0.7893413991,0.0681012659
23.71649,-0.8381737635,-1.235500259,-0.9158071587,-0.6255996704,0.101945676
23.73318,-0.8678320529,-1.181724682,-0.8091954294,-0.4321148837,0.1041029104
23.74987,-0.8735396131,-1.0751901,-0.692237799,-0.2274574522,0.08163014891
23.76656,-0.8492820013,-0.9272869691,-0.5588031885,-0.03653643089,0.04232100355
23.78325,-0.7957842271,-0.7492280502,-0.4039741389,0.1169798455,-0.005939277013
23.79994,-0.7095208774,-0.5559635648,-0.2289910831,0.2196883535,-0.04685931307
23.81663,-0.5859243844,-0.3551069226,-0.03934191764,0.2598964231,-0.07333405488
23.83332,-0.4272279481,-0.1529325805,0.1545951368,0.238520049,-0.08156023686
23.85001,-0.236897584,0.0473012389,0.3293746074,0.176651174,-0.07241514812
23.8667,-0.0224141418,0.245938397,0.4576591421,0.1051814597,-0.05093307893
23.88339,0.2057059999,0.4390893672,0.518781655,0.05510930822,-0.02187100601
23.90008,0.4395093047,0.6189931827,0.5111282267,0.04861016274,0.01400696747
23.91677,0.6652763565,0.7650758048,0.4587082064,0.08932984524,0.05243759129
23.93346,0.8667125616,0.8699775104,0.4035578191,0.1642505335,0.08732309773
23.95015,1.030759308,0.9305557809,0.3851331045,0.2533563147,0.1164305418
23.96684,1.141024962,0.9495912063,0.4284920173,0.3385778254,0.1416243939
23.98353,1.185043854,0.9486897843,0.5369519729,0.4105312675,0.1680452647
24.00022,1.156853638,0.9554278311,0.6880961397,0.4675974763,0.2003730596
24.01691,1.056338247,0.9781678049,0.8440233066,0.5163667564,0.2385835833
24.0336,0.8975268981,1.017699951,0.971226562,0.5682354308,0.2767577055
24.05029,0.7043798336,1.055734143,1.047920828,0.6305395759,0.3142941471
24.06698,0.4964511475,1.06789704,1.068195356,0.7019728003,0.3537489836
24.08367,0.2939994597,1.036137771,1.04168911,0.7779018236,0.3965829391
24.10036,0.1083073805,0.9451117915,0.9840924186,0.8423454219,0.4394118023
24.11705,-0.05122759496,0.7932655627,0.9023803151,0.8777081238,0.4780960111
24.13374,-0.1797400849,0.5817199685,0.7998884343,0.8746876192,0.5142570953
24.15043,-0.2771611191,0.3258361887,0.6765739685,0.830428588,0.5477375592
24.16712,-0.3421455814,0.05292049165,0.5294870177,0.7438821164,0.5763182536
24.18381,-0.3754881159,-0.2109832413,0.3543444899,0.6215038298,0.5920069809
24.2005,-0.3878102629,-0.4541505838,0.1519555865,0.4726847032,0.5861536607
24.21719,-0.3870152914,-0.6505362635,-0.07560459158,0.3058365955,0.5490954621
24.23388,-0.3803761556,-0.7847290398,-0.3213102203,0.1286467545,0.4805689465
24.25057,-0.3754900502,-0.8500196868,-0.5708926188,-0.055374769,0.384275367
24.26726,-0.3696455164,-0.8421705314,-0.8018012465,-0.2472122168,0.2607628634
24.28395,-0.3603944925,-0.7803008605,-0.9886979853,-0.4422453244,0.1077164638
24.30064,-0.3488300922,-0.700642995,-1.107067555,-0.6346306951,-0.0720636235
24.31733,-0.3326489569,-0.6278287361,-1.136521765,-0.8185855012,-0.2792175608
24.33402,-0.3076337973,-0.5752441908,-1.079152302,-0.9796274366,-0.5052159281
24.35071,-0.2785862062,-0.5398692612,-0.9599372941,-1.099627268,-0.7344544481
24.3674,-0.2484164969,-0.5057803855,-0.8181605732,-1.161311727,-0.9506584424
24.38409,-0.2214444224,-0.4683796295,-0.6987304085,-1.152350226,-1.139716522
24.40078,-0.1983924982,-0.4186345879,-0.6299570158,-1.084791892,-1.285052589
24.41747,-0.1751604423,-0.3563900604,-0.6083968372,-0.9849911912,-1.368283281
24.43416,-0.149675925,-0.2870293958,-0.6146359735,-0.8878942182,-1.367004095
24.45085,-0.1218810003,-0.2184235458,-0.6232517903,-0.8236423395,-1.272486327
24.46754,-0.0908849732,-0.1715589336,-0.6145240452,-0.798286734,-1.087541657
24.48423,-0.06021058287,-0.1593372567,-0.5820777885,-0.7922465625,-0.8348134201
24.50092,-0.03037421899,-0.1697831966,-0.5334294391,-0.7709955818,-0.5507856275
24.51761,-0.004122254305,-0.1897068665,-0.4752752229,-0.6990782808,-0.2653145731
24.5343,0.01316630842,-0.1988248995,-0.416999802,-0.5583991564,0.004006164628
24.55099,0.01928011124,-0.1903180515,-0.3618911782,-0.353681887,0.2469154638
24.56768,0.01553177406,-0.172479064,-0.300418788,-0.1016570578,0.4586245609
24.58437,0.00499741578,-0.150727312,-0.2146994121,0.1730747922,0.633217755
24.60106,-0.008521683186,-0.1161095287,-0.09426558837,0.4473207454,0.7663059489
24.61775,-0.02224001812,-0.06367738221,0.06887259763,0.7004035985,0.8601883568
24.63444,-0.032667037,0.01627479091,0.2698643638,0.9168335525,0.9193378302
24.65113,-0.03787357863,0.1184996204,0.4968245302,1.083341205,0.9476369679
24.66782,-0.03530982669,0.2375905653,0.7324309804,1.192631283,0.9468378956
24.68451,-0.02227289354,0.3666768645,0.954791661,1.241264948,0.9199138584
24.7012,0.007053114229,0.5066326635,1.140372359,1.232481412,0.8717843369
24.71789,0.05750945205,0.6561720073,1.269724955,1.176757429,0.8067266814
24.73458,0.1290075753,0.8106029469,1.326372215,1.0923823,0.7289516015
24.75127,0.2202441003,0.9556120495,1.302032132,0.9945742842,0.636849225
24.76796,0.3296666899,1.071208707,1.198322509,0.8911171705,0.5324032043
24.78465,0.4529088684,1.135209086,1.035332091,0.7803805775,0.4224084191
24.80134,0.5857515321,1.131992326,0.8449256749,0.6548724963,0.3125062563
24.81803,0.7180113972,1.054241896,0.6602852173,0.5091304597,0.2055945732
24.83472,0.8316239795,0.9133475434,0.4999553773,0.3447326257,0.1041078028
24.85141,0.9076576221,0.7409481354,0.3649153801,0.1699435335,0.006806031928
24.8681,0.92887987,0.5778144608,0.2428420693,-0.002014817961,-0.08718404144
24.88479,0.8856831658,0.4555122489,0.1195291158,-0.1556056274,-0.1755252171
24.90148,0.7713548892,0.383157244,-0.01152765656,-0.2777640667,-0.2564861747
24.91817,0.5927445234,0.3393418193,-0.1380300948,-0.3632228974,-0.3306686322
24.93486,0.3718635065,0.2910322841,-0.2404220352,-0.4182787212,-0.3960637604
24.95155,0.1312440854,0.2108076699,-0.3005518665,-0.4495623422,-0.4485604984
24.96824,-0.1085579839,0.08050380648,-0.3149373666,-0.4622654377,-0.4892825957
24.98493,-0.3276827085,-0.1058529985,-0.3022132138,-0.4606455169,-0.5118899751
25.00162,-0.5195166632,-0.3341760187,-0.2890767845,-0.4441949853,-0.5150415197
25.01831,-0.6794016614,-0.5759515508,-0.2982003511,-0.4132589449,-0.4960752784
25.035,-0.8023874521,-0.8005094849,-0.3476360754,-0.3763115914,-0.4537469688
25.05169,-0.8928162635,-0.9892294781,-0.4385003307,-0.3393936106,-0.3911212813
25.06838,-0.9534129934,-1.135106263,-0.5636177905,-0.3108533719,-0.3128144611
25.08507,-0.9824834497,-1.230767933,-0.7116996812,-0.2993910351,-0.2265331772
25.10176,-0.9809736902,-1.279796538,-0.863236304,-0.3093207505,-0.1424727229
25.11845,-0.9465709019,-1.280691744,-0.9961736316,-0.3419381196,-0.06378873006
25.13514,-0.8769467517,-1.229053481,-1.093103049,-0.3986595276,0.005896694293
25.15183,-0.7772140968,-1.144489268,-1.1381557,-0.470781736,0.0608401125
25.16852,-0.6537200681,-1.04089994,-1.120136475,-0.5465914935,0.09714521111
25.18521,-0.5146819178,-0.9154491802,-1.039918972,-0.6142760815,0.1069190039
25.2019,-0.3704892066,-0.7662504325,-0.9064507643,-0.6575729103,0.08586278826
25.21859,-0.222601283,-0.5897571895,-0.7330727948,-0.6620396411,0.03397371754
25.23528,-0.07503326276,-0.3862904268,-0.538987398,-0.615154769,-0.0437888405
25.25197,0.06994955413,-0.1666966785,-0.3426295258,-0.5101643751,-0.144146539
25.26866,0.2105175172,0.0558039427,-0.1532098445,-0.3526866813,-0.2595178617
25.28535,0.3399431354,0.2744952977,0.02919791204,-0.169351055,-0.3747308619
25.30204,0.4527387962,0.4901218814,0.2127421591,0.01024323794,-0.4653128088
25.31873,0.5502136943,0.6888386978,0.4042098574,0.1532352975,-0.5069503556
25.33542,0.629326804,0.8500414442,0.5993340258,0.2389232022,-0.484400113
25.35211,0.6900052766,0.9701715086,0.7759776651,0.2727735123,-0.3896409191
25.3688,0.7316480282,1.050629771,0.8994331083,0.2836280131,-0.2340996822
25.38549,0.7540833163,1.095838919,0.9439472711,0.3072634724,-0.04252119584
25.40218,0.7604433446,1.109485334,0.9096842689,0.3739638331,0.1653552937
25.41887,0.7531198963,1.080755912,0.8201881617,0.4864773471,0.3704921215
25.43556,0.7307343351,1.000852515,0.7110055892,0.6233055955,0.5586644723
25.45225,0.6881268948,0.872687812,0.6161612239,0.75833639,0.7249955536
25.46894,0.6205560639,0.7099104144,0.5577390087,0.8713946991,0.8657524133
25.48563,0.5299872039,0.5327957805,0.541333907,0.9534053603,0.9729214872
25.50232,0.4201924712,0.3667519286,0.5600246668,0.9989927805,1.043653854
25.51901,0.2927602549,0.2260314845,0.5968341372,1.008092231,1.079924509
25.5357,0.1531438949,0.1230233552,0.6308277423,0.9842558815,1.080216911
25.55239,0.006847602285,0.06410413127,0.645684763,0.932621962,1.038443554
25.56908,-0.1354723922,0.04664391938,0.6331695355,0.8584402201,0.954887495
25.58577,-0.2643511132,0.05816662834,0.588553269,0.7664653754,0.8314113065
25.60246,-0.3677425402,0.08526649402,0.5130485516,0.6565626516,0.6705224036
25.61915,-0.4377720235,0.1073840611,0.4107521918,0.5267621893,0.4868250532
25.63584,-0.4733294878,0.1082660475,0.2935006432,0.3762998297,0.2878468816
25.65253,-0.4727058837,0.07449595326,0.1687515144,0.2039465726,0.07368697598
25.66922,-0.4378026905,2.659666373e-06,0.04068810449,0.01052550127,-0.1422069086
25.68591,-0.3753479224,-0.1055562398,-0.08912804252,-0.199135694,-0.3479512242
25.7026,-0.2880802941,-0.230020607,-0.2284845644,-0.4136346521,-0.5353658444
25.71929,-0.1840631754,-0.3588046966,-0.3878098933,-0.6230491738,-0.6944880452
25.73598,-0.07790462022,-0.4719354285,-0.567689453,-0.8132765605,-0.8219198404
25.75267,0.02188405472,-0.5511167621,-0.7636927216,-0.976379927,-0.9227533659
25.76936,0.0986813098,-0.5865666475,-0.9601565465,-1.107735383,-0.9928775455
25.78605,0.1367878009,-0.5720784491,-1.124893077,-1.207767206,-1.033195002
25.80274,0.1297489843,-0.5268706499,-1.224274524,-1.277493424,-1.044358278
25.81943,0.08079400376,-0.4829588775,-1.234090437,-1.315752433,-1.028476605
25.83612,-0.001980899418,-0.4648394725,-1.148592159,-1.313605353,-0.9884124572
25.85281,-0.1025533187,-0.4768000512,-0.9908337486,-1.258079113,-0.9301495006
25.8695,-0.2105610008,-0.50896733,-0.8011735017,-1.135306307,-0.8552973898
25.88619,-0.318677635,-0.5394411661,-0.6170791481,-0.9405957031,-0.7663797197
25.90288,-0.4156580037,-0.5513538266,-0.4615229597,-0.686930907,-0.658861757
25.91957,-0.4937408979,-0.5412582534,-0.3392848762,-0.4030249942,-0.5309837284
25.93626,-0.5508557339,-0.5135786829,-0.2437421561,-0.1239021167,-0.3796926858
25.95295,-0.5843986862,-0.4675495898,-0.161924669,0.1198028143,-0.2023024219
25.96964,-0.5928672561,-0.411776613,-0.0800060918,0.305266076,-0.0006612011324
25.98633,-0.5720684529,-0.3424407085,0.009852958469,0.4255105539,0.212458521
26.00302,-0.5196542651,-0.2590622583,0.107144965,0.4891235255,0.4240288896
26.01971,-0.4359049158,-0.1696349077,0.2082900067,0.5134539504,0.6150766709
26.0364,-0.3287060341,-0.07837673175,0.3002609755,0.5164996135,0.7748533862
26.05309,-0.2035735712,0.02084553434,0.3744169476,0.5171461878,0.899576505
26.06978,-0.0613038137,0.1229667451,0.424782247,0.5262120919,0.9856219004
26.08647,0.09589633088,0.2426043272,0.452968357,0.5488498663,1.029515555
26.10316,0.2621940658,0.3807578349,0.467072745,0.5865951676,1.026597394
26.11985,0.4278584228,0.5195010288,0.4840072044,0.638360579,0.9706098154
26.13654,0.5789464931,0.6486145321,0.5170088746,0.6902524844,0.8656199162
26.15323,0.7054223692,0.7642351281,0.5782431995,0.7306678893,0.7204846964
26.16992,0.8019678112,0.8578369003,0.6751400142,0.7487920435,0.5491284636
26.18661,0.8653467258,0.9412420673,0.8003649361,0.7347779927,0.365149048
26.2033,0.8947927699,1.024305427,0.9322841098,0.6834101801,0.186427178
26.21999,0.8903484845,1.097596888,1.042990791,0.6033975296,0.02424031946
26.23668,0.8546655934,1.156555431,1.096257357,0.5041963965,-0.11257563
26.25337,0.7934011233,1.189926531,1.068008797,0.4024455112,-0.2133449681
26.27006,0.7116540087,1.182999812,0.9565541201,0.3069285007,-0.2717740079
26.28675,0.6189724812,1.113935534,0.7763609702,0.2243515636,-0.2892890992
26.30344,0.5220764849,0.9691489565,0.5583936905,0.1519412217,-0.2654991898
26.32013,0.4237387138,0.7420133679,0.3367931453,0.08146926096,-0.2099545114
26.33682,0.3218470322,0.4465401551,0.1308208315,0.0113806866,-0.1344803118
26.35351,0.2170295469,0.1121516718,-0.05208094866,-0.05824153487,-0.04615791771
26.3702,0.1012443049,-0.2171176845,-0.2193537314,-0.1273906153,0.03998786853
26.38689,-0.03118879482,-0.5073766905,-0.3818780292,-0.1824917491,0.1122604867
26.40358,-0.1818534538,-0.7290679537,-0.538720939,-0.2231683228,0.1640416298
26.42027,-0.3474383216,-0.877718099,-0.6849106348,-0.2572945094,0.1930602621
26.43696,-0.5165670256,-0.9603699703,-0.8119715888,-0.2842202656,0.1979318034
26.45365,-0.6763999244,-0.9903780192,-0.9036054415,-0.3124080544,0.1763238226
26.47034,-0.8141126596,-0.9917568003,-0.952278404,-0.3483550312,0.1249893647
26.48703,-0.9226056837,-0.9764372525,-0.9502792021,-0.3889900932,0.05028789577
26.50372,-0.998715734,-0.9523543087,-0.8936697944,-0.4366763533,-0.04286964301
26.52041,-1.034434249,-0.9296192526,-0.7986013376,-0.4878183353,-0.1509789826
26.5371,-1.027252197,-0.9056157984,-0.6864413655,-0.5322698834,-0.2704707688
26.55379,-0.9776847105,-0.8743075928,-0.5782848752,-0.5619666034,-0.3972088305
26.57048,-0.8872121759,-0.8257720796,-0.4981225611,-0.5737749762,-0.5244675274
26.58717,-0.7598554532,-0.754252641,-0.4549924201,-0.5699196888,-0.6358353072
26.60386,-0.5986235803,-0.6580783061,-0.4510906409,-0.5572115547,-0.7221977463
26.62055,-0.4074594255,-0.5399686526,-0.4829208825,-0.5464331495,-0.774550777
26.63724,-0.2009715414,-0.4040013714,-0.5293622278,-0.5474387466,-0.7814162778
26.65393,0.009829537037,-0.2583684844,-0.5638208274,-0.567196361,-0.7435368329
26.67062,0.2080276065,-0.1093869762,-0.5642534836,-0.6022964984,-0.6701373883
26.68731,0.3807861541,0.03776519165,-0.5139825362,-0.6361893302,-0.5688344242
26.704,0.5213849834,0.1776167005,-0.410343567,-0.647532119,-0.4558059873
26.72069,0.620899819,0.3039002974,-0.2676478227,-0.6111433903,-0.3412176731
26.73738,0.675063225,0.4220366102,-0.1018966649,-0.5015898227,-0.2302032361
26.75407,0.6819581022,0.5317888069,0.07165600449,-0.3156786469,-0.1234318426
26.77076,0.6450018085,0.6211103221,0.2442995548,-0.06730048231,-0.0257910627
26.78745,0.5754512849,0.6901732841,0.4199576207,0.2231273274,0.06878745951
26.80414,0.4835446643,0.7345872197,0.6007903253,0.5165159289,0.1603919869
26.82083,0.3799743727,0.7502293677,0.781098095,0.7763916078,0.2584715457
26.83752,0.2808860684,0.7437471137,0.9540089835,0.984060974,0.3688352925
26.85421,0.1906239609,0.7203181124,1.105414068,1.126061653,0.4921142416
26.8709,0.1113950697,0.6809624901,1.216955757,1.197790542,0.6190698534
26.88759,0.04912554156,0.6319814777,1.271436979,1.213163676,0.745332103
26.90428,0.005163209956,0.5785975276,1.257466867,1.188444068,0.8610755542
26.92097,-0.02192954561,0.5282113596,1.167766718,1.134734251,0.9610223829
26.93766,-0.03154841766,0.4860335952,1.014420997,1.066436978,1.036737845
26.95435,-0.02214954156,0.4448905528,0.8205487993,0.9865653993,1.077599541
26.97104,0.006025378512,0.3971108237,0.6047367512,0.8892478482,1.075118092
26.98773,0.05295357143,0.3324364186,0.3889622655,0.7735975217,1.025960922
27.00442,0.1164462451,0.2381561653,0.2028481033,0.6405053885,0.9316263908
27.02111,0.1821039974,0.1254829954,0.05836319013,0.4889931085,0.7877778213
27.0378,0.237041299,0.01316337219,-0.03872071181,0.3219878431,0.6062513231
27.05449,0.2707321639,-0.08401055784,-0.09592514046,0.1441467517,0.3917983264
27.07118,0.2774619435,-0.1384596698,-0.1340419661,-0.03588220363,0.1465153102
27.08787,0.2548595148,-0.1399042502,-0.1683280172,-0.2072543937,-0.1204090245
27.10456,0.205019229,-0.1016870379,-0.2073706831,-0.3636650479,-0.393083342
27.12125,0.130141209,-0.03683598415,-0.2551574743,-0.5016067648,-0.6546438793
27.13794,0.04434976479,0.02788407355,-0.3092412839,-0.6240000839,-0.8848321493
27.15463,-0.04103084181,0.06002106373,-0.3636526708,-0.7363721655,-1.068151165
27.17132,-0.1167228359,0.04600271668,-0.4129367801,-0.8377234516,-1.191975859
27.18801,-0.174263812,-0.02981810668,-0.460442373,-0.9273640919,-1.252341428
27.2047,-0.2137563704,-0.167857472,-0.5196470909,-0.9956463839,-1.243556058
27.22139,-0.242662835,-0.3482323761,-0.6033470154,-1.027688976,-1.165029054
27.23808,-0.2613849799,-0.5434342701,-0.7207162362,-1.016559283,-1.032844212
27.25477,-0.2789027936,-0.7265306095,-0.8622133519,-0.9658020613,-0.8662318575
27.27146,-0.3020236973,-0.8735944012,-1.003925638,-0.8817140523,-0.6783408396
27.28815,-0.3341302702,-0.9736800128,-1.118288376,-0.779226023,-0.4818917979
27.30484,-0.3775083522,-1.022526426,-1.181650302,-0.672212263,-0.286173473
27.32153,-0.4306611467,-1.022779743,-1.175336215,-0.565846919,-0.09970718981
27.33822,-0.4838971693,-0.9812360293,-1.097081962,-0.4631785458,0.06846827745
27.35491,-0.5319574677,-0.9074521408,-0.9497861106,-0.3645627088,0.2060449115
27.3716,-0.566135517,-0.8071917661,-0.742566876,-0.2655002894,0.3121550202
27.38829,-0.5847990957,-0.6836703742,-0.4966849333,-0.1573360475,0.3900288869
27.40498,-0.5830069657,-0.5376253314,-0.2386635307,-0.03807940045,0.4353304205
27.42167,-0.5550730422,-0.375360892,0.01190498096,0.1020442906,0.4496145536
27.43836,-0.4959818692,-0.2005597826,0.2321488118,0.2627807297,0.4304960695
27.45505,-0.4046588605,-0.01868157391,0.4138521291,0.4293841541,0.3811834984
27.47174,-0.2800324229,0.1618875492,0.5557805728,0.5849813969,0.3188298478
27.48843,-0.1291161809,0.3349292661,0.6604040504,0.713058935,0.2552373572
27.50512,0.04246533312,0.4971640174,0.7375392491,0.7874509572,0.2033730801
27.52181,0.2290720532,0.6380967767,0.7956178118,0.7959945496,0.1758094379
27.5385,0.4235818929,0.7613814919,0.8345105943,0.736469023,0.1702537527
27.55519,0.616479883,0.8695056573,0.8541758853,0.6190520166,0.1828791615
27.57188,0.7978961208,0.9572399105,0.8449249249,0.4777630314,0.2141180712
27.58857,0.9504074304,1.032979004,0.7976132326,0.3492353208,0.2514105933
27.60526,1.061548297,1.092291735,0.716088324,0.2599345486,0.2832463902
27.62195,1.119760767,1.122753142,0.6181145845,0.2188812986,0.3011363339
27.63864,1.119721685,1.118665475,0.5305884655,0.2257910651,0.3018697276
27.65533,1.062782456,1.067374345,0.4841346733,0.2657570871,0.2830311421
27.67202,0.9527051641,0.9644791557,0.4916502638,0.3253966763,0.252304716
27.68871,0.7998265558,0.825791527,0.5427652833,0.388379834,0.2140810212
27.7054,0.6156680614,0.6700388908,0.6103299172,0.4449716317,0.1707569643
27.72209,0.406766494,0.5113737174,0.666172771,0.4828800011,0.1338375276
27.73878,0.18493408,0.3604845798,0.6854359322,0.5029042858,0.1097166383
27.75547,-0.03801366755,0.2209916587,0.6519590303,0.5003825306,0.09844561732
27.77216,-0.2504689432,0.0899946338,0.5587174141,0.4708768101,0.102580089
27.78885,-0.4364003627,-0.03529220736,0.4121396153,0.4094588129,0.1193537096
27.80554,-0.5877739645,-0.1540328339,0.2234386153,0.3173459265,0.1428778604
27.82223,-0.7011799602,-0.2733037111,0.01180370218,0.197250724,0.1706022933
27.83892,-0.7763269429,-0.4098263567,-0.2042604662,0.05714818592,0.1930838974
27.85561,-0.81250394,-0.564309531,-0.4104608004,-0.09197844553,0.2006820096
27.8723,-0.8098575682,-0.7327250615,-0.5971784417,-0.2428532777,0.1863357568
27.88899,-0.7732979713,-0.9031036167,-0.7554065695,-0.3900391309,0.1450436313
27.90568,-0.7075208149,-1.056441798,-0.8868851923,-0.5242562652,0.07796202828
27.92237,-0.6188413463,-1.170247286,-0.9916512844,-0.6406149713,-0.01156577483
27.93906,-0.5225550086,-1.226492381,-1.073167749,-0.7386753362,-0.126036452
27.95575,-0.4316646226,-1.208230619,-1.128358015,-0.8118572526,-0.2602090663
27.97244,-0.3505950948,-1.109936032,-1.152545589,-0.86068243,-0.4131226115
27.98913,-0.2848563406,-0.9440179583,-1.132599581,-0.8936973059,-0.5802577535
28.00582,-0.2324265816,-0.737339474,-1.056680039,-0.9169406201,-0.7431831263
28.02251,-0.1849921055,-0.523439421,-0.9181562679,-0.9330114251,-0.8830626085
28.0392,-0.1378267139,-0.3260368691,-0.7251430812,-0.9409132279,-0.991920859
28.05589,-0.08881817504,-0.1611887655,-0.5014512791,-0.9238688016,-1.061824904
28.07258,-0.03561661213,-0.03071865554,-0.2896166949,-0.8654943394,-1.08618537
28.08927,0.02595347056,0.06761278748,-0.1245202123,-0.7578067147,-1.058496726
28.10596,0.09090710168,0.1438727026,-0.02298579629,-0.6018878399,-0.9743744645
28.12265,0.1551804373,0.1938464719,0.01998203559,-0.4133849668,-0.8294366706
28.13934,0.2167680749,0.2181679117,0.02716476634,-0.2169191072,-0.6275173171
28.15603,0.2723909773,0.2266281849,0.02747026204,-0.03661732009,-0.3827531118
28.17272,0.3144508517,0.2189530162,0.04384885523,0.1156956164,-0.1089291698
28.18941,0.3433464152,0.1989594095,0.08809141424,0.2384375971,0.1729849646
28.2061,0.353820048,0.1868107112,0.1586208662,0.3414349281,0.4418072149
28.22279,0.3419491147,0.1861073272,0.2520240593,0.4356715546,0.6834871312
28.23948,0.3111963506,0.2144519984,0.3573146414,0.5293557931,0.8846872147
28.25617,0.266745005,0.2735109389,0.4632556963,0.6258471465,1.040457317
28.27286,0.2153169484,0.3438860553,0.5653429532,0.7308499027,1.147985215
28.28955,0.1623775261,0.4159309291,0.6605359825,0.8440999975,1.207585292
28.30624,0.116341491,0.4853841535,0.750576639,0.9589522524,1.2171726
28.32293,0.0843598413,0.5422472245,0.8382119632,1.067956267,1.177282368
28.33962,0.06780552844,0.5827655952,0.9211624125,1.15544152,1.091476038
28.35631,0.06625716637,0.5981324046,0.9927546532,1.207448774,0.965655801
28.373,0.08159800208,0.5904630158,1.04434371,1.211481648,0.8098955276
28.38969,0.1105997793,0.5702935785,1.068971625,1.158771724,0.640321451
28.40638,0.1554045576,0.5425546136,1.057637175,1.041522813,0.46819843
28.42307,0.2147215855,0.5175355144,0.998555938,0.8639224414,0.2990325104
28.43976,0.2800056331,0.4982303928,0.8804521858,0.6365097822,0.1430894689
28.45645,0.3441381587,0.4857399237,0.7004653179,0.3773381474,0.002280521361
28.47314,0.4045731967,0.4784141941,0.4626335876,0.112893079,-0.1211958521
28.48983,0.4544892087,0.4665611534,0.1916569562,-0.1367044192,-0.2303779388
28.50652,0.4898226915,0.4192900458,-0.07857247229,-0.3577813164,-0.3265033069
28.52321,0.5046742959,0.3212501795,-0.3112295037,-0.5442755399,-0.4183411698
28.5399,0.4875148567,0.1684597156,-0.4803567334,-0.6920889312,-0.5048903384
28.55659,0.4333221552,-0.02440791743,-0.5813131392,-0.7969029194,-0.5852519894
28.57328,0.3404405375,-0.221957213,-0.6305801933,-0.8530837077,-0.6586081319
28.58997,0.2055281189,-0.3859707279,-0.6546147203,-0.8615611757,-0.7219037908
28.60666,0.0305864669,-0.5047135412,-0.6724632081,-0.8265425023,-0.7711646174
28.62335,-0.173176616,-0.5793822411,-0.6902749409,-0.7648615165,-0.7995413021
28.64004,-0.385823786,-0.6278818069,-0.7016433659,-0.6924750598,-0.7952976766
28.65673,-0.5827446685,-0.6621096493,-0.6998325055,-0.6251554861,-0.7585296224
28.67342,-0.7493592982,-0.6909976376,-0.6769175413,-0.5753511188,-0.6909566148
28.69011,-0.8795496684,-0.7216797538,-0.6386070434,-0.5389524036,-0.5904332529
28.7068,-0.9710136067,-0.7642303627,-0.5911410234,-0.5095005141,-0.4698919927
28.72349,-1.02379858,-0.8094584837,-0.5453029172,-0.4785963276,-0.3400493892
28.74018,-1.034329338,-0.8565877123,-0.5131343686,-0.4351706219,-0.2077704216
28.75687,-0.9996163705,-0.8946410856,-0.5020721567,-0.3730062554,-0.08478969586
28.77356,-0.9213430412,-0.9104294991,-0.5099326717,-0.2940360236,0.02341874646
28.79025,-0.8087395984,-0.8970610292,-0.5305472221,-0.1985472527,0.1165685894
28.80694,-0.6649915259,-0.8543312085,-0.5468685338,-0.1000946636,0.1889827918
28.82363,-0.4975701652,-0.7683418258,-0.547466211,-0.01023920734,0.2389428493
28.84032,-0.3160832541,-0.6437511818,-0.5195503749,0.06096368311,0.2697550953
28.85701,-0.1282605631,-0.4863047148,-0.4510305212,0.1083981886,0.2819015141
28.8737,0.05611900443,-0.2861130871,-0.3370958795,0.1287353188,0.2727139587
28.89039,0.222985276,-0.04914612619,-0.17503448,0.1281649754,0.245892211
28.90708,0.3648468716,0.2115179492,0.03090690004,0.1144635722,0.2006740142
28.92377,0.4822607765,0.4814207143,0.260245679,0.1047477148,0.1406316872
28.94046,0.5792478891,0.7352118172,0.4912022712,0.11813533,0.06907692658
28.95715,0.6593567862,0.9524700899,0.6989052834,0.1722009861,-0.006175769076
28.97384,0.7246970718,1.129316592,0.8598605544,0.2728385908,-0.07709836397
28.99053,0.7720173651,1.248752111,0.9700792221,0.4062007151,-0.1298992084
29.00722,0.8018933712,1.302273467,1.03498235,0.5431786791,-0.1538523189
29.02391,0.820066583,1.285204253,1.063716167,0.6536642506,-0.1324527855
29.0406,0.8242402027,1.203361974,1.064326906,0.7166685888,-0.06307274388
29.05729,0.8126779576,1.078092074,1.036828748,0.7281271187,0.05717464468
29.07398,0.7781937155,0.9321061387,0.9706867034,0.7016223939,0.2115329458
29.09067,0.711621562,0.7816506218,0.8621093822,0.6534673089,0.3811500836
29.10736,0.6138357058,0.6432411818,0.7138000246,0.5991561141,0.5410271987
29.12405,0.4955251382,0.5155571959,0.5379091538,0.5525620619,0.6776392872
29.14074,0.361191922,0.3909407279,0.3575998326,0.517755366,0.7791945164
29.15743,0.2212541217,0.2633498953,0.1950994001,0.4872653258,0.8448169137
29.17412,0.08281399699,0.1214778564,0.06452435765,0.4602875247,0.8693359344
29.19081,-0.05360970717,-0.04146949461,-0.0257217496,0.4301761944,0.8551226323
29.2075,-0.1881484657,-0.2107719397,-0.07695054118,0.3930353688,0.7957443585
29.22419,-0.3119558846,-0.3750474828,-0.09866682403,0.3467779737,0.6909995092
29.24088,-0.4234657701,-0.5232491463,-0.105542877,0.2918562605,0.5444161889
29.25757,-0.5153030964,-0.6412768723,-0.1146910233,0.2244474218,0.3659407534
29.27426,-0.5788144833,-0.7207313255,-0.1381799378,0.1464045499,0.1595485896
29.29095,-0.6190044869,-0.7582539544,-0.1850945578,0.0497236933,-0.05912990287
29.30764,-0.6367731557,-0.7461075633,-0.2555474474,-0.07084461792,-0.2751070877
29.32433,-0.6278195709,-0.6935558804,-0.3470572074,-0.2236581919,-0.476361771
29.34102,-0.5950327556,-0.6125014586,-0.4558834487,-0.405819544,-0.6465232921
29.35771,-0.5345993649,-0.5295502657,-0.5718158779,-0.6111506404,-0.7768128848
29.3744,-0.4425359164,-0.4610859254,-0.6841426594,-0.8208160307,-0.8762470667
29.39109,-0.3301750057,-0.4199946967,-0.7855476223,-1.013718656,-0.9440597738
29.40778,-0.2018242381,-0.4084309311,-0.8691807202,-1.16501646,-0.9840066861
29.42447,-0.06538783272,-0.4353519242,-0.9327048252,-1.255459851,-1.001742581
29.44116,0.06133184238,-0.4782607049,-0.9760502531,-1.271580843,-0.9975795266
29.45785,0.1629063914,-0.5192592066,-0.9967787273,-1.215828984,-0.9703115948
29.47454,0.2240932063,-0.5320985171,-0.9871053046,-1.101575434,-0.925333405
29.49123,0.2340429993,-0.4933589293,-0.9346226968,-0.9491558516,-0.8552162531
29.50792,0.1945244896,-0.4038153107,-0.8272577825,-0.7759998396,-0.7606020095
29.52461,0.1151668819,-0.2916650549,-0.6592501827,-0.6009072555,-0.6428527171
29.5413,0.01396178072,-0.1705231076,-0.4407577109,-0.4299094583,-0.5045072493
29.55799,-0.0914637615,-0.06361929728,-0.1911261535,-0.2629595189,-0.3472536965
29.57468,-0.1868231868,0.02141134103,0.06509577933,-0.09457540905,-0.1814122781
29.59137,-0.2605236489,0.1028042741,0.2987264084,0.08639596453,-0.008546503994
29.60806,-0.3107660178,0.1710783643,0.4862447922,0.2848803219,0.1664230969
29.62475,-0.3346947601,0.2272205364,0.615450166,0.4934507037,0.3326191822
29.64144,-0.328688461,0.2715771261,0.6863246038,0.7013075639,0.4899297997
29.65813,-0.2902999412,0.2972177287,0.7144994075,0.8861028648,0.6338224665
29.67482,-0.2172162837,0.3070529812,0.7200179124,1.03479727,0.7570384486
29.69151,-0.1163939383,0.3139946175,0.7131030956,1.133548798,0.8621219537
29.7082,0.003123001661,0.3098033841,0.7039008222,1.17370762,0.9459006058
29.72489,0.1352587638,0.3077704857,0.6948140658,1.156596381,1.002084194
29.74158,0.2685820169,0.3131715298,0.6843025122,1.091097029,1.030131424
29.75827,0.3949959101,0.3426822266,0.6707202418,0.9818490437,1.023987336
29.77496,0.5064314539,0.4104848231,0.6519267825,0.8450274787,0.9788896305
29.79165,0.5933914614,0.523879243,0.6199907072,0.6968813271,0.8935771669
29.80834,0.6532788184,0.6597946016,0.583707364,0.5520777154,0.7681654756
29.82503,0.6875996335,0.7938377799,0.5492883944,0.4229194297,0.6055165941
29.84172,0.6970303052,0.8917882944,0.5219077294,0.319705938,0.4121021707
29.85841,0.6855696904,0.9332107161,0.5124343349,0.2420393859,0.1944513154
29.8751,0.6566424407,0.9069966089,0.5186439613,0.1863487197,-0.03905636377
29.89179,0.612468878,0.8255346063,0.5253123875,0.1456256564,-0.2686568336
29.90848,0.5527477908,0.7002504474,0.5183430497,0.1004678763,-0.4668904915
29.92517,0.4762313293,0.5480842104,0.473248532,0.04021523082,-0.6125532755
29.94186,0.3811352895,0.3896125662,0.3718787677,-0.04499268048,-0.6887113789
29.95855,0.2690630472,0.2380438239,0.213036892,-0.1581123564,-0.6940505741
29.97524,0.1441699971,0.09472822023,0.0008693429585,-0.2868624778,-0.6450345899
29.99193,0.01325227904,-0.04814286096,-0.242436632,-0.4174381752,-0.5505864036
30.00862,-0.119519201,-0.2030074656,-0.4877865554,-0.540287062,-0.4326246742
30.02531,-0.2458423833,-0.3778933292,-0.7119106201,-0.6376678721,-0.3072873539
30.042,-0.362858302,-0.574562868,-0.8913200846,-0.7068103509,-0.186775946
30.05869,-0.4665904996,-0.7798869966,-1.013324092,-0.7423805446,-0.08102896576
30.07538,-0.5575288915,-0.9751987907,-1.080043071,-0.7410801833,-0.002224522203
30.09207,-0.6379267743,-1.143318173,-1.097856016,-0.7049001717,0.04863097218
30.10876,-0.7094045936,-1.267702352,-1.077550141,-0.6428457802,0.06871554942
30.12545,-0.7695948055,-1.32882145,-1.031863532,-0.5577974594,0.06042878941
30.14214,-0.8209725782,-1.325781504,-0.964688487,-0.4584929638,0.02865524638
30.15883,-0.8580831683,-1.260769958,-0.8783157286,-0.3549903986,-0.02696325
30.17552,-0.8738407739,-1.142575219,-0.7726205465,-0.2630160672,-0.103295883
30.19221,-0.8634128867,-0.9750604635,-0.6468653547,-0.1932203781,-0.1859335738
30.2089,-0.8181699925,-0.7802464584,-0.5034643225,-0.1594377408,-0.266781609
30.22559,-0.7384212039,-0.5605163357,-0.3445051351,-0.1641908207,-0.3351549578
30.24228,-0.6237479986,-0.3360533855,-0.1831161125,-0.1975882351,-0.3799095694
30.25897,-0.475148668,-0.1214972999,-0.03735739976,-0.2418404818,-0.4055743674
30.27566,-0.2939747086,0.06622530631,0.07429206696,-0.278167152,-0.408752934
30.29235,-0.0865431477,0.2241434383,0.1396129575,-0.2816820061,-0.3917198279
30.30904,0.1393346157,0.3389937602,0.1610903164,-0.244288108,-0.3614647528
30.32573,0.3656993563,0.4266661532,0.1548858545,-0.1695996436,-0.3126976951
30.34242,0.5778411317,0.4912424708,0.136967266,-0.07379868324,-0.2489508693
30.35911,0.7606676872,0.5418919956,0.137736831,0.03153096567,-0.180344933
30.3758,0.891942187,0.5914469058,0.1803343586,0.1267883991,-0.09059567149
30.39249,0.9574031869,0.6533606706,0.2681312868,0.210515147,0.01161215483
30.40918,0.955133796,0.7312210937,0.3987099111,0.2816277682,0.1169438344
30.42587,0.8895490249,0.825051499,0.5555364048,0.348805594,0.2204521983
30.44256,0.7767206472,0.9203170915,0.7141948435,0.4214814183,0.3142890165
30.45925,0.6371897075,0.9941077969,0.8564852988,0.5159253176,0.385766987
30.47594,0.4870955354,1.026131194,0.971902622,0.6326822222,0.45094138
30.49263,0.3369204699,1.002115552,1.046297563,0.7714254693,0.5083349328
30.50932,0.1953475705,0.9276629253,1.078371286,0.9129491095,0.5543229377
30.52601,0.06888681709,0.8106933415,1.071180384,1.033761422,0.5915613539
30.5427,-0.032502163,0.6578575051,1.031285212,1.115516092,0.6255704978
30.55939,-0.1092297407,0.478002159,0.9572157647,1.144386963,0.6492616988
30.57608,-0.1580640767,0.2837120308,0.8505865018,1.111093965,0.6648049704
30.59277,-0.1838427167,0.08887236511,0.7114220921,1.018016755,0.6763258948
30.60946,-0.1943033581,-0.08430875168,0.5415383186,0.8715755149,0.676966792
30.62615,-0.1930716759,-0.2219716103,0.3425708186,0.6812318755,0.6569911919
30.64284,-0.1813305319,-0.3145055752,0.1262057187,0.4593530637,0.6168604776
30.65953,-0.1652462101,-0.370834527,-0.1026363454,0.2221993261,0.5471511614
30.67622,-0.147625242,-0.3856649833,-0.329142738,-0.01807746248,0.4418137145
30.69291,-0.1278634085,-0.3764152601,-0.5320274359,-0.2490900626,0.3002838243
30.7096,-0.1110006835,-0.3576545687,-0.6882854977,-0.4593116742,0.1202959741
30.72629,-0.09917784597,-0.3512375906,-0.7839699138,-0.6384329892,-0.088961657
30.74298,-0.09277476651,-0.3648550326,-0.8113292694,-0.7839676977,-0.3159169925
30.75967,-0.09093016795,-0.406345077,-0.7853726833,-0.8859675905,-0.5561337217
30.77636,-0.09281031113,-0.4542621577,-0.731521855,-0.9406067318,-0.7989641959
30.79305,-0.0992620004,-0.4914054138,-0.6769216991,-0.9489187937,-1.027854143
30.80974,-0.1151326709,-0.4985328752,-0.6374454751,-0.924780329,-1.218313092
30.82643,-0.140303756,-0.4771970365,-0.6211401202,-0.8913037717,-1.336156955
30.84312,-0.1726704668,-0.4267029281,-0.6247998085,-0.8769404418,-1.366640538
30.85981,-0.2077886482,-0.3772165388,-0.6415212405,-0.890313745,-1.303706503
30.8765,-0.2392611248,-0.3445049152,-0.66470069,-0.9204642971,-1.159321682
30.89319,-0.2618565631,-0.3337858924,-0.6844171236,-0.9432509834,-0.9584122696
30.90988,-0.2754767253,-0.3583720396,-0.6975673211,-0.9272002442,-0.7243284167
30.92657,-0.2775619706,-0.417090355,-0.6992636781,-0.8518127716,-0.4818275792
30.94326,-0.268340042,-0.4841325063,-0.6888089078,-0.7181564862,-0.2463843881
30.95995,-0.2539306504,-0.5567820266,-0.6600072752,-0.5337579352,-0.02548613826
30.97664,-0.2390970934,-0.6173057261,-0.6082872011,-0.3119983575,0.1727803847
30.99333,-0.2275702189,-0.6379024416,-0.5259753563,-0.07822905911,0.3384247636
31.01002,-0.223505893,-0.6206804247,-0.4146179857,0.1545009127,0.4720503101
31.02671,-0.2248010909,-0.5565724876,-0.2706891973,0.3697436258,0.5744694467
31.0434,-0.2265025743,-0.4402322387,-0.09753391621,0.5542775995,0.6486513886
31.06009,-0.2250773371,-0.2802212615,0.1034092136,0.6981384595,0.6981999642
31.07678,-0.2141828987,-0.08932857814,0.3236363847,0.796472281,0.7212944389
31.09347,-0.1877364721,0.1212240478,0.5497233536,0.8475690723,0.7180872364
31.11016,-0.1401777424,0.3299263446,0.7654816797,0.8639127931,0.6888917019
31.12685,-0.07006755476,0.5354927604,0.9545495137,0.8519684334,0.6404580233
31.14354,0.02078486017,0.7215728167,1.092333528,0.8323328219,0.575745411
31.16023,0.1365153714,0.8774852863,1.162272315,0.809944335,0.4943106144
31.17692,0.2712035806,0.9953952005,1.162665438,0.7869209666,0.4039249019
31.19361,0.4198085918,1.062481421,1.099164918,0.7598890057,0.3135770473
31.2103,0.5749112877,1.068285477,0.9932334878,0.720432422,0.2315025073
31.22699,0.7259337927,1.0252895,0.8663284387,0.6557805941,0.1657189941
31.24368,0.8551588507,0.9443286655,0.7356983488,0.5640932937,0.1168083713
31.26037,0.9486474606,0.8417952564,0.6081839033,0.4401469582,0.0789909638
31.27706,0.9904074241,0.7480488913,0.4893490449,0.2942607134,0.05562182378
31.29375,0.9654106532,0.6799207078,0.3763716647,0.1462991544,0.03996573688
31.31044,0.8748594962,0.6316050038,0.2687197276,0.01319086764,0.02357028734
31.32713,0.7298490124,0.5940094704,0.1694938594,-0.09019368681,0.004347011096
31.34382,0.5417378624,0.5408049488,0.09237601561,-0.1539536439,-0.02112707525
31.36051,0.3290165316,0.4387724526,0.04150453746,-0.1793613371,-0.05138936865
31.3772,0.1141127974,0.2864116581,0.01584538649,-0.1712062393,-0.08554605103
31.39389,-0.09264137947,0.08642659012,0.002862850542,-0.1339006103,-0.1255236651
31.41058,-0.282751275,-0.1402189194,-0.01604951714,-0.08009895944,-0.1667566843
31.42727,-0.4544480017,-0.3731612758,-0.05523268757,-0.02900170577,-0.2031875475
31.44396,-0.6072280942,-0.5825771274,-0.1181241342,0.007765102963,-0.2260725171
31.46065,-0.7364489323,-0.7695169777,-0.2066169117,0.01404187548,-0.2272336774
31.47734,-0.8333014542,-0.9223867876,-0.3221149773,-0.02445660992,-0.2099186805
31.49403,-0.8950298388,-1.038513922,-0.4582722685,-0.1000435469,-0.1745316329
31.51072,-0.9212323666,-1.106087916,-0.606322158,-0.2092269628,-0.1270558509
31.52741,-0.9145257695,-1.130557641,-0.7568300851,-0.3451041613,-0.08078083927
31.5441,-0.876486789,-1.101152474,-0.8957966497,-0.4855810341,-0.04264053429
31.56079,-0.8082662112,-1.045205086,-1.009336916,-0.6186248185,-0.01997435487
31.57748,-0.7094189895,-0.970181215,-1.083439591,-0.7352835666,-0.02567105
31.59417,-0.5906000497,-0.895917719,-1.104153024,-0.8178028715,-0.05467704879
31.61086,-0.4573531021,-0.822615383,-1.067302249,-0.8652277911,-0.1081091362
31.62755,-0.3185036755,-0.7462616129,-0.9789679309,-0.8731656943,-0.1885321208
31.64424,-0.1785089075,-0.6497397149,-0.8517835838,-0.8296778517,-0.290660224
31.66093,-0.04219730131,-0.5312320943,-0.6994583153,-0.7398165243,-0.4052219592
31.67762,0.07976248553,-0.3734156345,-0.5307033714,-0.6126567784,-0.5263216163
31.69431,0.1805453031,-0.1891052114,-0.3519868177,-0.4669685713,-0.6337108683
31.711,0.2581213134,0.01445926935,-0.1642699992,-0.3298237308,-0.7025783824
31.72769,0.3108607186,0.231773027,0.0290683198,-0.2225621582,-0.7216624962
31.74438,0.3450182464,0.4424220426,0.2240711681,-0.1480843922,-0.6795692851
31.76107,0.3701388531,0.6188307316,0.4035212258,-0.09844100456,-0.5700678901
31.77776,0.3916168486,0.7477316899,0.5460237483,-0.04683087769,-0.4123161777
31.79445,0.4126582745,0.8193325384,0.6337673205,0.0336862075,-0.2186120442
31.81114,0.4341112613,0.8253677992,0.6657218437,0.1556783881,-0.001593099704
31.82783,0.4556673809,0.7841749884,0.6509934511,0.3191192635,0.2124607842
31.84452,0.470881188,0.7004581244,0.6151973989,0.5078108844,0.4194239967
31.86121,0.4815752438,0.5871478972,0.5792278272,0.6983307219,0.6113363096
31.8779,0.4825119176,0.4666718768,0.5569701551,0.864405762,0.7793458624
31.89459,0.4618310565,0.361595341,0.5550200326,0.9890181698,0.9216990587
31.91128,0.4104360433,0.2826571746,0.5728455043,1.064570012,1.029973782
31.92797,0.3342875774,0.2439923467,0.6045082201,1.095666984,1.097050357
31.94466,0.2352620839,0.2426992208,0.6431567999,1.083273377,1.131664864
31.96135,0.1276312263,0.270057974,0.6810921716,1.037620689,1.130090423
31.97804,0.02075819311,0.3181759043,0.7089083565,0.9652478606,1.088270526
31.99473,-0.07260443148,0.3691836452,0.721919067,0.8726570419,1.008522676
32.01142,-0.1451432248,0.4105702758,0.7135907792,0.7688799123,0.8824346069
32.02811,-0.1914835431,0.4322083173,0.6801452987,0.6591888505,0.7154574027
32.0448,-0.2119282049,0.4253866876,0.6197196539,0.5468012001,0.5255948794
32.06149,-0.2043935946,0.3874818614,0.5307874326,0.4359244054,0.3149070126
32.07818,-0.171931952,0.3102665955,0.416849907,0.3226844649,0.0890654367
32.09487,-0.114922686,0.1980591747,0.284005834,0.1931766147,-0.129677815
32.11156,-0.037642651,0.06802799008,0.1331884462,0.03458816221,-0.3344762542
32.12825,0.04708587569,-0.06566063424,-0.03413354618,-0.1601456436,-0.5119412164
32.14494,0.1250870638,-0.1776901256,-0.2196087231,-0.380012427,-0.6427179929
32.16163,0.1865787596,-0.2586573874,-0.41979632,-0.6107473678,-0.7372688206
32.17832,0.2168001928,-0.3123673636,-0.6220132246,-0.83044891,-0.7971115138
32.19501,0.2110674181,-0.3355739306,-0.8096479569,-1.01925401,-0.8250016125
32.2117,0.1666525789,-0.3398096122,-0.9568766272,-1.1620492,-0.8371009586
32.22839,0.08787876602,-0.351859189,-1.045619403,-1.243749771,-0.8354281074
32.24508,-0.01405737849,-0.3937912864,-1.064290818,-1.256064511,-0.8218882623
32.26177,-0.1241516185,-0.4826057813,-1.016342662,-1.202920525,-0.8023884258
32.27846,-0.2411835597,-0.5973732745,-0.9220001261,-1.084437549,-0.7748522731
32.29515,-0.3548026709,-0.7056236362,-0.8075161365,-0.9115726665,-0.73150901
32.31184,-0.4672749184,-0.7892268989,-0.691136662,-0.7035399935,-0.6791654512
32.32853,-0.5753381057,-0.8316563202,-0.5863869465,-0.4840518839,-0.6063589606
32.34522,-0.6644551045,-0.8320692164,-0.4930682097,-0.2825565428,-0.5053183086
32.36191,-0.7253244526,-0.7937085644,-0.408827603,-0.1212855083,-0.3797558089
32.3786,-0.7592020991,-0.7158845228,-0.3275176006,-0.006780265051,-0.2279864164
32.39529,-0.7605278631,-0.6170543407,-0.2464583089,0.06085911404,-0.05637713258
32.41198,-0.7303603723,-0.5071351396,-0.1699655614,0.09321143437,0.1171366566
32.42867,-0.6675916186,-0.3933668859,-0.09823946312,0.1079431762,0.2819325098
32.44536,-0.5704859537,-0.2815353343,-0.03494382189,0.1189890935,0.4290286874
32.46205,-0.4378628476,-0.1706274568,0.0185262548,0.140937579,0.5423321341
32.47874,-0.2748647432,-0.0633369238,0.06684916733,0.1791745275,0.6255431334
32.49543,-0.08728909936,0.03329731026,0.1132713127,0.2361654524,0.6728978501
32.51212,0.1124501899,0.1296396637,0.1629666277,0.3098714847,0.6783102281
32.52881,0.3107714324,0.2291350224,0.2237117591,0.3945166865,0.6444683376
32.5455,0.4912288084,0.3374214222,0.3033396904,0.4774881259,0.5733962777
32.56219,0.6426818391,0.4626891203,0.4014255238,0.5488850898,0.4773925015
32.57888,0.7584938465,0.6137768424,0.5170660006,0.5947724184,0.3659504823
32.59557,0.8355446018,0.7850644497,0.6468405565,0.608450453,0.2495322459
32.61226,0.8718725985,0.9571244142,0.7861011521,0.5840558381,0.1357346022
32.62895,0.8732095649,1.11219207,0.9206928376,0.5308989903,0.03974648752
32.64564,0.8463242121,1.234127236,1.027694872,0.4644224444,-0.03281568726
32.66233,0.798885821,1.301275842,1.079551246,0.4080971411,-0.07735822683
32.67902,0.7398697005,1.31019781,1.06177233,0.37448851,-0.09867728931
32.69571,0.6748543394,1.244112784,0.9741107492,0.3697070977,-0.09794803199
32.7124,0.6081280011,1.091944003,0.8358399174,0.3826485607,-0.07351499646
32.72909,0.5397069411,0.8737548432,0.6689961303,0.4021556579,-0.01748923436
32.74578,0.463068813,0.6078300077,0.4922534368,0.4084075074,0.06185054344
32.76247,0.372054194,0.3161161789,0.3146156327,0.3925510937,0.1533104148
32.77916,0.2605974694,0.03654819432,0.1419111043,0.345944134,0.2478910105
32.79585,0.1314147933,-0.2098514265,-0.02418895005,0.2726169465,0.3279404051
32.81254,-0.01424297094,-0.4051778198,-0.1825361283,0.1780517582,0.3927352483
32.82923,-0.1668984573,-0.5335397896,-0.3335235726,0.07120561904,0.4366213295
32.84592,-0.318091258,-0.608573795,-0.4668841472,-0.03871153441,0.4522201466
32.86261,-0.4649774054,-0.6534479839,-0.5777865388,-0.1470578846,0.4323918705
32.8793,-0.6001528073,-0.6825152103,-0.6587641956,-0.2497817715,0.3793755566
32.89599,-0.7132992805,-0.7078446274,-0.7022580355,-0.336722948,0.2861617612
32.91268,-0.7988305024,-0.7371958242,-0.710534275,-0.4039667421,0.1635685328
32.92937,-0.847380324,-0.773076139,-0.6927990217,-0.45311759,0.01320168314
32.94606,-0.8518550679,-0.8104029783,-0.6553568705,-0.4810673731,-0.1620482822
32.96275,-0.8219588311,-0.8461054743,-0.6120766059,-0.4963577211,-0.3512083866
32.97944,-0.756195149,-0.8645640501,-0.5781977645,-0.5078653224,-0.5371459894
32.99613,-0.6587588313,-0.851603906,-0.5599970219,-0.5231813991,-0.7067476907
33.01282,-0.5404577911,-0.8048107285,-0.5629397984,-0.556893642,-0.8356923676
33.02951,-0.4073304118,-0.7208700842,-0.5905142827,-0.6206807486,-0.909216476
33.0462,-0.2666549888,-0.6062250843,-0.6321836758,-0.7086644764,-0.9299895709
33.06289,-0.1285054065,-0.4707121509,-0.6789013714,-0.8077538949,-0.894425367
33.07958,0.01000033542,-0.3166117342,-0.7176491332,-0.8996391438,-0.8228972223
33.09627,0.1441711104,-0.1684827301,-0.7285361806,-0.958627574,-0.7319295444
33.11296,0.2604408366,-0.0528654688,-0.6996956298,-0.963927196,-0.6326317692
33.12965,0.3528143491,0.02698029447,-0.6226275525,-0.9021446137,-0.5300964283
33.14634,0.4129170662,0.06915857666,-0.4980786946,-0.7639511853,-0.4259558597
33.16303,0.4394643123,0.09197221536,-0.3358546228,-0.5588349624,-0.3185123124
33.17972,0.4317359156,0.1209851499,-0.1525141948,-0.3043722628,-0.2120030393
33.19641,0.3888351309,0.1644601506,0.04232886674,-0.02028243831,-0.1056316158
33.2131,0.3163200725,0.2164967401,0.2362569098,0.2631924635,0.003106421614
33.22979,0.2225003902,0.2864713484,0.426624719,0.5208907998,0.119684885
33.24648,0.1221563373,0.3659264923,0.6101524884,0.7317687654,0.2477663401
33.26317,0.03295157585,0.4469814169,0.7783576299,0.8812658553,0.3839714076
33.27986,-0.03615258224,0.5207848211,0.9206729235,0.9695404792,0.5292455508
33.29655,-0.08159321515,0.5810212646,1.02722251,1.008932181,0.6680895968
33.31324,-0.1013380764,0.620787566,1.082968899,1.01880512,0.7982561762
33.32993,-0.09812684422,0.6417360056,1.083090231,1.012603573,0.9065679111
33.34662,-0.07078573986,0.6393913363,1.030260958,0.9981591302,0.9824571807
33.36331,-0.0146685952,0.607141026,0.928730458,0.9803936664,1.022529678
33.38,0.06468414758,0.5472269685,0.7948661304,0.9547994292,1.026814749
33.39669,0.1594768806,0.4710070134,0.6478941099,0.9139697946,0.9911483628
33.41338,0.2641962107,0.3846462519,0.5049072749,0.8521568855,0.9231735336
33.43007,0.3662677117,0.3042775608,0.3767819501,0.7629963065,0.8156822987
33.44676,0.4493433652,0.2418196321,0.2735527432,0.641330516,0.6761494663
33.46345,0.5036545091,0.2052096315,0.1960718249,0.4872440567,0.5056255969
33.48014,0.5154888066,0.2009526212,0.1425673353,0.3055860637,0.3086233812
33.49683,0.4864541414,0.2396614105,0.1068513541,0.1054005184,0.09779814987
33.51352,0.4263016829,0.2959162689,0.08074601479,-0.09595117929,-0.1244731107
33.53021,0.3441276723,0.3597667254,0.05443855878,-0.2778804513,-0.34621016
33.5469,0.2512335452,0.3991412202,0.02373142813,-0.4268577458,-0.5466755731
33.56359,0.1551457211,0.3925863094,-0.02144313927,-0.534619938,-0.7277272727
33.58028,0.06250211215,0.3124266542,-0.0855515933,-0.5997192678,-0.8718676219
33.59697,-0.01811315537,0.1700912369,-0.1705930676,-0.6312174523,-0.9677193141
33.61366,-0.08507985223,-0.02964099786,-0.2758010571,-0.6435149848,-1.008328217
33.63035,-0.1438971823,-0.2561851116,-0.4005844802,-0.6536840291,-0.9845153023
33.64704,-0.1978859678,-0.4822014109,-0.5385891477,-0.6725710386,-0.8948921165
33.66373,-0.2538363656,-0.679094118,-0.6869131096,-0.6997041455,-0.7640083648
33.68042,-0.3156144918,-0.8387887679,-0.8383730489,-0.729220787,-0.6004082112
33.69711,-0.3845990179,-0.9461281523,-0.9776994924,-0.7513059947,-0.4278455542
33.7138,-0.4562962927,-1.005873188,-1.086004036,-0.7556744197,-0.2580628641
33.73049,-0.5272142596,-1.022104734,-1.151315109,-0.7423313298,-0.1002164266
33.74718,-0.5924534835,-1.006101416,-1.161310397,-0.7103790482,0.04024049192
33.76387,-0.6455904045,-0.9721969705,-1.109104166,-0.6550697903,0.1475564808
33.78056,-0.6812514055,-0.9257766048,-0.996484762,-0.5798942771,0.2232581649
33.79725,-0.6947448393,-0.8655607439,-0.8332354859,-0.4802753509,0.2621024877
33.81394,-0.6869933269,-0.7914179315,-0.6311342924,-0.3535955185,0.2636658019
33.83063,-0.646954454,-0.6962445086,-0.4120722371,-0.2050513497,0.2349169233
33.84732,-0.5790912497,-0.5807871327,-0.1967409859,-0.04038616903,0.1834078269
33.86401,-0.4843122702,-0.4489859491,0.0004592643294,0.1255765651,0.1157468863
33.8807,-0.3666827461,-0.2870947752,0.1710470703,0.27164647,0.04159196956
33.89739,-0.2302099659,-0.09633161135,0.3155493438,0.3833158077,-0.02392872717
33.91408,-0.0831170522,0.1117509554,0.4336783069,0.4408206156,-0.06982870117
33.93077,0.07780359933,0.3309011779,0.5227259634,0.4382479917,-0.09117976051
33.94746,0.2495603593,0.5439069582,0.5847069219,0.3834267446,-0.0791238186
33.96415,0.4280175658,0.7293893388,0.6163186375,0.2909528493,-0.03302669417
33.98084,0.6026790228,0.883520689,0.6212796132,0.1948685439,0.03132152709
33.99753,0.7633520286,0.992349995,0.6086435723,0.1277171696,0.109191395
34.01422,0.8991804252,1.048101243,0.5853880025,0.1079834195,0.1864330725
34.03091,0.9960439871,1.052375944,0.5583763893,0.1421731195,0.2419962528
34.0476,1.04995028,1.016478113,0.5416813343,0.2253290949,0.2788209224
34.06429,1.045961247,0.9553374683,0.5426482396,0.3364393092,0.300908578
34.08098,0.9832943477,0.8873050023,0.5708329759,0.4591447638,0.3089727045
34.09767,0.8641967612,0.8238188518,0.6245867299,0.5701485611,0.3139462346
34.11436,0.7007103003,0.7735151702,0.6922962933,0.6535923355,0.324526994
34.13105,0.5069607676,0.7230809348,0.7595266888,0.7030198233,0.3340578508
34.14774,0.298739027,0.6621547221,0.8131086666,0.7103287318,0.3502394162
34.16443,0.08873861665,0.5871622546,0.8330340018,0.6851619625,0.369842859
34.18112,-0.1059583551,0.5013713482,0.8106186468,0.6367611113,0.3870014551
34.19781,-0.2725245127,0.4000613434,0.7364805641,0.573989571,0.3978087872
34.2145,-0.4053291439,0.282709035,0.610759021,0.5071266921,0.4064024495
34.23119,-0.4974794082,0.136908821,0.4363673178,0.435685237,0.4029337828
34.24788,-0.5558695878,-0.03253327342,0.2332453173,0.3537315597,0.3882527962
34.26457,-0.5799499887,-0.2238100244,0.01675818802,0.2584392474,0.3588206003
34.28126,-0.5712200829,-0.4191529748,-0.1989572164,0.1464940946,0.3065893605
34.29795,-0.5320511384,-0.6059848591,-0.401751105,0.01339977208,0.2353246179
34.31464,-0.4742440351,-0.766214281,-0.5789908279,-0.1378078483,0.1484370986
34.33133,-0.3993063867,-0.8903573559,-0.7320898738,-0.3061857625,0.04553779217
34.34802,-0.3265412888,-0.954512167,-0.854989264,-0.4813746297,-0.0730680658
34.36471,-0.2637226498,-0.9552666089,-0.9482557536,-0.6552618699,-0.2066400509
34.3814,-0.2195889616,-0.8829305653,-1.011324156,-0.8165127769,-0.3622954602
34.39809,-0.198646626,-0.7516686049,-1.0372218,-0.9551703707,-0.5186781248
34.41478,-0.1921601201,-0.5934385878,-1.01590803,-1.06049807,-0.6760320805
34.43147,-0.1892627329,-0.4348109805,-0.9461355106,-1.124648067,-0.8235594194
34.44816,-0.1859602458,-0.3089019352,-0.8320901238,-1.137023883,-0.956350362
34.46485,-0.1768598262,-0.2301862037,-0.6890800256,-1.097578016,-1.061388622
34.48154,-0.1585288486,-0.1929625606,-0.5425668803,-1.007604422,-1.135512686
34.49823,-0.1354871841,-0.18549566,-0.4145748889,-0.8794785655,-1.15129919
34.51492,-0.1034427149,-0.1998032584,-0.3194151397,-0.7322494922,-1.104541265
34.53161,-0.06775367773,-0.1997158486,-0.2650561551,-0.5861025638,-0.9883032222
34.5483,-0.03342986812,-0.1914721355,-0.2420932075,-0.452331521,-0.8060925189
34.56499,-0.004876905787,-0.1712133137,-0.2347836105,-0.3430837699,-0.567411835
34.58168,0.01790282766,-0.1403349526,-0.234850602,-0.2483023841,-0.2973752541
34.59837,0.03121085153,-0.1005199795,-0.2248773669,-0.162226339,-0.01789464847
34.61506,0.03935851249,-0.05898500968,-0.1948953907,-0.07131561671,0.2511822275
34.63175,0.04195160685,-0.01383719124,-0.1383325601,0.03438779207,0.4929849347
34.64844,0.04143904006,0.0251989635,-0.04850256864,0.1633398367,0.6990171753
34.66513,0.04050330195,0.06136708747,0.07229754941,0.3051405384,0.8606296428
34.68182,0.0388510444,0.09959077592,0.2143414122,0.4603400765,0.9774949128
34.69851,0.0368232744,0.1484158131,0.3691142266,0.6167716937,1.043744049
34.7152,0.03801110494,0.2069394507,0.5199319131,0.7743928227,1.063927111
34.73189,0.04090164326,0.2719702111,0.6625195488,0.9182487211,1.039602796
34.74858,0.05016142558,0.3488948488,0.7877073743,1.042535313,0.9708850374
34.76527,0.07184060466,0.4369993298,0.8946246698,1.128079382,0.8675667556
34.78196,0.1056366444,0.5320272173,0.982458947,1.163000302,0.7413724718
34.79865,0.1518534541,0.6303914667,1.047366161,1.136204837,0.6051483503
34.81534,0.2115288403,0.7246290779,1.080571351,1.048758237,0.4682227955
34.83203,0.2768015581,0.8020111385,1.079610913,0.8919828933,0.3454213525
34.84872,0.3471815929,0.8621179276,1.029609879,0.6896429534,0.2360601298
34.86541,0.4212287389,0.895690326,0.9239458356,0.4668568586,0.139191826
34.8821,0.4934935883,0.8856892811,0.7596481094,0.253733645,0.05206931516
34.89879,0.563710262,0.8267816119,0.5471994423,0.07381044305,-0.03054073222
34.91548,0.6248870837,0.7178038145,0.3113335085,-0.06521756148,-0.1116935946
34.93217,0.6610382402,0.560264259,0.08570662824,-0.1753185669,-0.1905472122
34.94886,0.661686344,0.3711927969,-0.1025285935,-0.261345624,-0.2630005174
34.96555,0.6131615038,0.1720004236,-0.2425288641,-0.3343398201,-0.3291409375
34.98224,0.5085403661,-0.01428228303,-0.3337405986,-0.3956029693,-0.3825013804
34.99893,0.3533772171,-0.1608035701,-0.3881785008,-0.4532618324,-0.4251727295
35.01562,0.156590972,-0.2663523711,-0.4193938205,-0.502973406,-0.4528146651
35.03231,-0.06620286705,-0.3330819485,-0.4353885756,-0.5385862142,-0.4737539726
35.049,-0.2910250883,-0.3871033942,-0.4474534742,-0.559349001,-0.4811568169
35.06569,-0.5031823235,-0.4446163674,-0.4591709761,-0.5598671653,-0.4734787314
35.08238,-0.6872979348,-0.5126240218,-0.4718131242,-0.5400311545,-0.4518183158
35.09907,-0.8349388222,-0.5971860712,-0.4885701288,-0.5056425269,-0.4197055177
35.11576,-0.9381235226,-0.6955359643,-0.5127509763,-0.4619183422,-0.374514945
35.13245,-0.9967233635,-0.8014868127,-0.5376167366,-0.4108144371,-0.3231910637
35.14914,-1.010667126,-0.907007808,-0.5659609873,-0.3658322031,-0.2716629074
35.16583,-0.9869505307,-0.9924565251,-0.5908121294,-0.3285231976,-0.213672148
35.18252,-0.9216841282,-1.054310759,-0.6159304705,-0.3037312314,-0.156733687
35.19921,-0.826516715,-1.080385615,-0.6399236238,-0.2928354607,-0.1032988297
35.2159,-0.7013529818,-1.053346758,-0.6664551387,-0.2951159873,-0.0537541891
35.23259,-0.5563619578,-0.9820734996,-0.6842617647,-0.3068972746,-0.01055018812
35.24928,-0.4001619694,-0.8550519164,-0.6903329695,-0.3259926836,0.0196532741
35.26597,-0.2422964127,-0.6731692262,-0.6705371378,-0.3469369941,0.03990506331
35.28266,-0.08562389102,-0.4538869739,-0.6168966783,-0.3646839952,0.03940092208
35.29935,0.06173689339,-0.2135007959,-0.5145511311,-0.375487004,0.01590712529
35.31604,0.1976548889,0.03075900142,-0.3591023901,-0.365820017,-0.02623214884
35.33273,0.3238142134,0.2534440209,-0.1559935713,-0.3303655499,-0.07645694869
35.34942,0.4363821713,0.4418393066,0.07895954739,-0.2540891577,-0.1369906864
35.36611,0.531002034,0.5930009799,0.3164013266,-0.1317599758,-0.2004720483
35.3828,0.6054470129,0.7167416284,0.525835569,0.02753108037,-0.2626627285
35.39949,0.6584968584,0.8181896124,0.694403237,0.2074439791,-0.3059933308
35.41618,0.691775534,0.9003736784,0.8147443874,0.3766198118,-0.3016705485
35.43287,0.708185963,0.9661164263,0.8852525651,0.505648059,-0.2331950491
35.44956,0.7066264729,0.9962699098,0.9197183385,0.5825504078,-0.1081071941
35.46625,0.6873019419,0.993234378,0.9222923994,0.6103904005,0.06402121211
35.48294,0.6522052622,0.9594926502,0.8931677441,0.6026312319,0.2595429719
35.49963,0.601595686,0.8949773283,0.8368713624,0.5873549164,0.4599483405
35.51632,0.543685701,0.8016762391,0.7561902356,0.573368975,0.6501553232
35.53301,0.4743926495,0.6864351201,0.6554697388,0.5762417854,0.8075854463
35.5497,0.3956185229,0.5458065172,0.5452115356,0.5946743332,0.9238153568
35.56639,0.3094902028,0.3974265069,0.4358796144,0.6257043356,0.9961302576
35.58308,0.2132396287,0.2442618394,0.338303994,0.6566896676,1.024792614
35.59977,0.1074182377,0.09299335264,0.2564019843,0.6820289186,1.010339126
35.61646,-0.0003769882214,-0.04511995246,0.197378647,0.6855414431,0.9577848826
35.63315,-0.1031104699,-0.1562388046,0.1578856849,0.6630271675,0.8608409009
35.64984,-0.1987318914,-0.2430705678,0.1298155682,0.6082181495,0.733070591
35.66653,-0.2815236486,-0.295741176,0.112252294,0.5189759917,0.5692126821
35.68322,-0.3506314718,-0.3220742404,0.09648071468,0.3937272915,0.3780203644
35.69991,-0.4030827978,-0.3243656402,0.07223013526,0.237331688,0.1654553057
35.7166,-0.4403990263,-0.3048975893,0.03120772654,0.05540367018,-0.04978438113
35.73329,-0.4523580145,-0.2712294902,-0.03596980732,-0.1418281978,-0.2597115272
35.74998,-0.4397028489,-0.2419250854,-0.1386387228,-0.3408915813,-0.4504317807
35.76667,-0.4028824755,-0.2245051868,-0.2706091564,-0.5317610825,-0.6241229582
35.78336,-0.3337834037,-0.2286886169,-0.4276840298,-0.7036129059,-0.7725153019
35.80005,-0.2405621193,-0.2636904246,-0.5922153484,-0.8518602312,-0.8891610111
35.81674,-0.1408998906,-0.3262267773,-0.746065842,-0.9710930244,-0.9691886221
35.83343,-0.04159391984,-0.4144664733,-0.8745463177,-1.059487427,-1.011834415
35.85012,0.0426537227,-0.5146681482,-0.9678884642,-1.11542883,-1.01567031
35.86681,0.09849219278,-0.6027214296,-1.026459403,-1.141067232,-0.9904124681
35.8835,0.1212296273,-0.6407451878,-1.051275058,-1.133127912,-0.9402825941
35.90019,0.09544115259,-0.620661025,-1.036071903,-1.092194389,-0.8649626061
35.91688,0.02207317088,-0.5443667509,-0.9819937358,-1.019218522,-0.7756797553
35.93357,-0.08007191974,-0.4427883924,-0.8819283542,-0.9119758594,-0.6742290758
35.95026,-0.1954119147,-0.3480345358,-0.7315958981,-0.7707561782,-0.5583438378
35.96695,-0.3029960925,-0.2794049204,-0.545523536,-0.5977880145,-0.4395906757
35.98364,-0.3914951974,-0.2375938099,-0.3389669841,-0.4000196151,-0.3137766883
36.00033,-0.4586599915,-0.2194742138,-0.1251041564,-0.1852765349,-0.1793034499
36.01702,-0.5004391186,-0.2069564759,0.06619712803,0.03595796321,-0.03988089769
36.03371,-0.5120806923,-0.1938631552,0.2279862435,0.2573653573,0.09485412261
36.0504,-0.4945597911,-0.1695487691,0.3531639841,0.4628206643,0.2253527038
36.06709,-0.4432282677,-0.1280297579,0.4382941586,0.6344580348,0.3471863929
36.08378,-0.3596351433,-0.07036352985,0.4917454263,0.7633094709,0.4654918569
36.10047,-0.249685793,0.0008515925344,0.5199356913,0.8396926418,0.5849046215
36.11716,-0.1216743326,0.08682266988,0.5258155694,0.8692629593,0.6986594846
36.13385,0.01411429519,0.1793977856,0.5192789453,0.857803343,0.7880118689
36.15054,0.1553270991,0.2836917733,0.505782344,0.8085919708,0.844166772
36.16723,0.2979017537,0.3982223142,0.4984174949,0.7246036496,0.8677582816
36.18392,0.4438986023,0.5155345263,0.5048433901,0.6278572895,0.8517687056
36.20061,0.5814262496,0.6307818052,0.5227000773,0.5308170878,0.798882175
36.2173,0.6975386803,0.7371102549,0.5536821676,0.4521471528,0.7141987546
36.23399,0.7825886938,0.8225983164,0.5965562993,0.395729262,0.592733727
36.25068,0.8357909246,0.8901592905,0.6410994422,0.3688641764,0.4402348977
36.26737,0.8550809361,0.9339030614,0.6853894668,0.3656015355,0.2706122986
36.28406,0.8425017345,0.9442996797,0.7246771306,0.3803242891,0.08446964568
36.30075,0.7953150445,0.9258740415,0.7497202102,0.3945470289,-0.1009684884
36.31744,0.7168274102,0.8803540938,0.7547421399,0.3839728722,-0.2515800601
36.33413,0.6126403712,0.8054653662,0.7388514158,0.3287921693,-0.3550284927
36.35082,0.4904930965,0.706628466,0.6871740609,0.227797359,-0.4005185561
36.36751,0.3660484139,0.5913352283,0.5841682378,0.09852809124,-0.3934105958
36.3842,0.2368403764,0.454601308,0.4274306652,-0.03638397941,-0.3388929208
36.40089,0.106512958,0.2907730878,0.2219994069,-0.1551465344,-0.2594315635
36.41758,-0.01518611171,0.09866711979,-0.01943097774,-0.2462894257,-0.1649757249
36.43427,-0.1344914088,-0.1298356082,-0.2630474413,-0.3052816585,-0.06910172396
36.45096,-0.2433093384,-0.3729804421,-0.4858963776,-0.3372147302,0.01425814591
36.46765,-0.3396296443,-0.6131273213,-0.6702090435,-0.3525117603,0.07441406725
36.48434,-0.428358958,-0.8273192169,-0.8071799863,-0.3612217422,0.1166673422
36.50103,-0.513790425,-1.005035472,-0.8957551507,-0.3675781501,0.1365537909
36.51772,-0.5921720194,-1.139008828,-0.9408236425,-0.3781333342,0.1358944281
36.53441,-0.6711664273,-1.218722914,-0.9457772674,-0.3916742194,0.1141388288
36.5511,-0.7381842787,-1.237119749,-0.9172957726,-0.4104227402,0.0638434049
36.56779,-0.7899428911,-1.197802943,-0.8585649759,-0.432148245,-0.0130282609
36.58448,-0.8232780835,-1.095820436,-0.7801390899,-0.4515323952,-0.1100127959
36.60117,-0.8315505946,-0.9517735445,-0.6921408293,-0.4684052467,-0.2210405521
36.61786,-0.8091909645,-0.7849351747,-0.5962620767,-0.4813730887,-0.3335272196
36.63455,-0.7528531025,-0.6051823439,-0.4965280709,-0.4910997941,-0.4424287668
36.65124,-0.6647984856,-0.4348204815,-0.3975695515,-0.5023906732,-0.5404236975
36.66793,-0.5413734222,-0.2875954145,-0.3044306664,-0.5059423809,-0.6206674038
36.68462,-0.3862772076,-0.1623192516,-0.2232551965,-0.4996666572,-0.6649099132
36.70131,-0.2031904272,-0.07107804676,-0.1636384752,-0.4821899738,-0.6808198134
36.718,-0.001241881452,-0.009429974272,-0.1269212994,-0.4505992421,-0.6573851615
36.73469,0.2062709546,0.0420575356,-0.1085861771,-0.4049685373,-0.6029205063
36.75138,0.3952215943,0.09928701181,-0.1066802197,-0.3533302692,-0.5124660513
36.76807,0.5546617028,0.1816574369,-0.1057483476,-0.2923020169,-0.4038609314
36.78476,0.6714784905,0.2938777327,-0.08615817361,-0.2252075406,-0.2728366247
36.80145,0.7336436105,0.4168566749,-0.03326307325,-0.1507974653,-0.1349376076
36.81814,0.7405485656,0.5428900394,0.06597610387,-0.06394075915,0.008215718605
36.83483,0.6975691028,0.6471389705,0.217978097,0.04090966795,0.1442612999
36.85152,0.6205848466,0.7176341911,0.4016264864,0.1658052541,0.2691367691
36.86821,0.5202928979,0.7502968858,0.597456244,0.3190536082,0.3750169001
36.8849,0.405816829,0.7470359051,0.7807996466,0.4980193639,0.4650311
36.90159,0.2884937437,0.7183636891,0.9282735465,0.6942255475,0.5339358849
36.91828,0.1772590271,0.6789120699,1.028478929,0.8915293492,0.5897950631
36.93497,0.07932129572,0.6209939623,1.082646532,1.066454626,0.6331201089
36.95166,0.005411754584,0.5593589153,1.092743647,1.193842676,0.6675425302
36.96835,-0.04840063642,0.4897545323,1.06377563,1.257879227,0.6991036435
36.98504,-0.08434739609,0.4155315941,0.9983379208,1.24665474,0.7317302157
37.00173,-0.1032958309,0.3532233341,0.9019305973,1.164224741,0.754765821
37.01842,-0.1008672413,0.2895069254,0.7790263601,1.018931087,0.7737080839
37.03511,-0.08356373992,0.2184445972,0.6300509915,0.828698938,0.776422782
37.0518,-0.04738718626,0.1560067029,0.4635697278,0.6123571111,0.7532059522
37.06849,-0.0003858972735,0.09740320752,0.2763388532,0.3894219353,0.6955584716
37.08518,0.05377521756,0.03945291346,0.08167320881,0.1722312708,0.6006888201
37.10187,0.10456523,-0.002444241595,-0.1079293562,-0.02356961378,0.4594425859
37.11856,0.1509699211,-0.04841313206,-0.2760439495,-0.191728966,0.2869123395
37.13525,0.1820283463,-0.09922606825,-0.4066026936,-0.3293234865,0.0856346786
37.15194,0.1955327401,-0.1555211451,-0.4877160433,-0.4376118591,-0.1389737244
37.16863,0.1860562391,-0.2108850444,-0.5219183698,-0.5236338997,-0.3739555612
37.18532,0.1558574101,-0.2601113362,-0.5154917376,-0.5955943516,-0.610171918
37.20201,0.09817221781,-0.2905353338,-0.4858515481,-0.6587992915,-0.8281408835
37.2187,0.02146975957,-0.3030360039,-0.4498834913,-0.7216751853,-1.005930003
37.23539,-0.0687302951,-0.3008727776,-0.4235088969,-0.785968647,-1.127901584
37.25208,-0.1639754624,-0.2940873385,-0.4220583792,-0.8477508634,-1.180482534
37.26877,-0.2505153983,-0.2881459078,-0.4538550112,-0.8941929595,-1.160361997
37.28546,-0.3241901809,-0.3007039311,-0.5213300562,-0.9171935656,-1.075680222
37.30215,-0.3803394625,-0.3423857625,-0.6080546771,-0.909971231,-0.9378352738
37.31884,-0.4136498062,-0.4191193099,-0.6949559333,-0.8696252105,-0.7691661686
37.33553,-0.43124172,-0.5383759093,-0.7669170724,-0.7959037147,-0.5845180584
37.35222,-0.4321607243,-0.6781320459,-0.8090021354,-0.6937516185,-0.3971214528
37.36891,-0.4229669964,-0.8127075085,-0.8210115137,-0.5685445184,-0.2122009731
37.3856,-0.4115878645,-0.9174692654,-0.8002811362,-0.4279009236,-0.03009277913
37.40229,-0.4010252102,-0.9691606209,-0.7490153802,-0.2892447706,0.1330490553
37.41898,-0.3927346767,-0.9526084443,-0.6676750089,-0.1494547858,0.2684934717
37.43567,-0.3922431304,-0.8634993012,-0.5607868796,-0.01552107885,0.3784375795
37.45236,-0.3914618089,-0.7137157677,-0.4272637816,0.1072559361,0.4549807949
37.46905,-0.3871280271,-0.5084348328,-0.2708604248,0.2158894091,0.5025007415
37.48574,-0.3707674176,-0.2801754847,-0.08944172127,0.310870634,0.5275856178
37.50243,-0.3342949229,-0.05265485068,0.1140842714,0.3859234927,0.5256535207
37.51912,-0.2705361641,0.1603409042,0.3307073519,0.4491803083,0.49315911
37.53581,-0.1797788681,0.3488886099,0.5459689656,0.5022440564,0.439626989
37.5525,-0.06444896697,0.5051526296,0.7401224069,0.5489073248,0.3641343248
37.56919,0.07168729913,0.6397937331,0.8921734554,0.5926535597,0.2827634959
37.58588,0.2229533337,0.7454564898,0.9853098401,0.6351225908,0.2054820006
37.60257,0.382461541,0.8259434672,1.013274965,0.6657260635,0.1433514279
37.61926,0.5425121791,0.8845993502,0.9755177265,0.6709214616,0.0990156569
37.63595,0.6959371878,0.9168345844,0.89299255,0.6453078602,0.08002365027
37.65264,0.8274104314,0.9318705349,0.7867416331,0.5775794915,0.07946210086
37.66933,0.9267413902,0.9328360262,0.67559874,0.4733962302,0.1048427347
37.68602,0.9803685892,0.9146694985,0.5736243117,0.3512903004,0.1451714746
37.70271,0.9798099564,0.8805413918,0.4875731899,0.2285990979,0.1874822807
37.7194,0.9243285872,0.8325152167,0.4197152098,0.1319338066,0.224534817
37.73609,0.8252650809,0.7610676414,0.3680919688,0.07751524851,0.2527222431
37.75278,0.6854927637,0.6659330487,0.3307058324,0.06706628359,0.2562872319
37.76947,0.5142474925,0.5497942788,0.3003349381,0.1019787531,0.2420147375
37.78616,0.3245183415,0.4054577911,0.2732132255,0.1665759056,0.2094135789
37.80285,0.126400471,0.2296734188,0.243838698,0.2487763307,0.1607813611
37.81954,-0.07276556339,0.04703332937,0.2091958758,0.3273317756,0.1080607381
37.83623,-0.2555230786,-0.1385932958,0.1699845206,0.3771111957,0.05904222788
37.85292,-0.4195633165,-0.3159707657,0.1229806329,0.3771175723,0.01879012326
37.86961,-0.5615045698,-0.4665586012,0.06237926727,0.3252606534,-0.002860994192
37.8863,-0.6693551565,-0.5961588291,-0.01932799104,0.2181517767,-0.00979941206
37.90299,-0.7402350684,-0.7062401648,-0.1279558203,0.07431504068,-0.01089507006
37.91968,-0.7814724896,-0.7811963751,-0.267024814,-0.09092808918,-0.007686957371
37.93637,-0.7882450564,-0.8237916004,-0.4286193643,-0.2601963914,-0.009174946668
37.95306,-0.7691510179,-0.8430890406,-0.6062351152,-0.4198644367,-0.02004930812
37.96975,-0.7212220074,-0.8453937136,-0.7823154009,-0.5577317696,-0.04482285439
37.98644,-0.6436335479,-0.8429616221,-0.9373369526,-0.6707084479,-0.09097865727
38.00313,-0.5396375664,-0.8455095103,-1.048663905,-0.756920963,-0.163240434
38.01982,-0.4181470666,-0.8436397115,-1.106106856,-0.8178067582,-0.2517201971
38.03651,-0.2893394376,-0.8389774205,-1.10067168,-0.8551614125,-0.3580811925
38.0532,-0.168467194,-0.8121098741,-1.034854391,-0.8653405209,-0.4740094585
38.06989,-0.06083124274,-0.7397027822,-0.9200015642,-0.8512252089,-0.5861893941
38.08658,0.02192960985,-0.6031303562,-0.7723559603,-0.8102154458,-0.6944144691
38.10327,0.07152869642,-0.4172120423,-0.6083848032,-0.750114572,-0.7871761846
38.11996,0.09420544608,-0.191055477,-0.4441014483,-0.6784962716,-0.8475224602
38.13665,0.09943333403,0.03094186209,-0.2804381437,-0.6046713386,-0.8637186229
38.15334,0.09564420751,0.2321807103,-0.1192650713,-0.5263262926,-0.8356070288
38.17003,0.09744660477,0.3816876515,0.03770279601,-0.4337703672,-0.7485018257
38.18672,0.1114516421,0.4803726055,0.1779142316,-0.3194329673,-0.6200017184
38.20341,0.1364448449,0.5093225405,0.290705862,-0.1780189594,-0.4504353832
38.2201,0.1693354748,0.4861544365,0.3690829235,-0.01200564723,-0.2471222349
38.23679,0.2114169575,0.4193216851,0.4101371817,0.1650500298,-0.02563953055
38.25348,0.25340792,0.3494341588,0.4237468833,0.3462003219,0.1949891489
38.27017,0.2877900633,0.2804760025,0.4205201404,0.5200807477,0.4081891648
38.28686,0.3099438301,0.2303834847,0.4095793956,0.6737646513,0.6140588631
38.30355,0.3142001325,0.2050283075,0.400264639,0.7984029405,0.7963210858
38.32024,0.2974403582,0.2091741647,0.4072532276,0.8874927745,0.9448793849
38.33693,0.2643779211,0.2421819901,0.4303193811,0.9362407328,1.055502724
38.35362,0.2180773481,0.3080458777,0.4755483228,0.9540074725,1.123005804
38.37031,0.165133099,0.3809446652,0.5424449477,0.9361153334,1.14600095
38.387,0.114683438,0.4487550715,0.6255563345,0.8988451505,1.137017245
38.40369,0.07437572035,0.5053272962,0.7092610986,0.8450710338,1.077258704
38.42038,0.04897416263,0.5373133791,0.7841327986,0.7875212763,0.967535504
38.43707,0.04211054623,0.5571376095,0.8245399432,0.735869106,0.8196904622
38.45376,0.04769517259,0.5571725956,0.8273955945,0.6956529616,0.6323887748
38.47045,0.07245916612,0.5355857105,0.7889429645,0.6511464352,0.4272770829
38.48714,0.1106339026,0.5063198953,0.7074397031,0.5965492924,0.2119086551
38.50383,0.1591606567,0.4583634139,0.5912264808,0.5059963091,0.004965044385
38.52052,0.2099046012,0.3878271716,0.4506321523,0.3631182568,-0.1809656216
38.53721,0.2597504506,0.305671492,0.2908128859,0.165537873,-0.3268751229
38.5539,0.2963762632,0.2113179124,0.1241431281,-0.08000298854,-0.4330181744
38.57059,0.320833769,0.1228612904,-0.05143889433,-0.3458677547,-0.4992173131
38.58728,0.3263564118,0.04744360204,-0.239655473,-0.5967216135,-0.5326961176
38.60397,0.3084087662,-0.02302584684,-0.4307424612,-0.7979395789,-0.5519825996
38.62066,0.2607549586,-0.1120411137,-0.6127693785,-0.9316263905,-0.5668492946
38.63735,0.1842643692,-0.2113463785,-0.7631015737,-0.992045979,-0.5771889673
38.65404,0.07914372133,-0.3446094518,-0.8604624145,-0.9916336041,-0.5906790955
38.67073,-0.04409719063,-0.4866564436,-0.8970062223,-0.938449588,-0.6028066091
38.68742,-0.1807699228,-0.6381576195,-0.8797438516,-0.8463020995,-0.6044220915
38.70411,-0.3198631071,-0.7725771914,-0.8177504201,-0.7265007077,-0.6018669468
38.7208,-0.4627062114,-0.879200335,-0.7329966448,-0.6009875097,-0.5804899523
38.73749,-0.5961724943,-0.9293653608,-0.6411815872,-0.4859309419,-0.5377150835
38.75418,-0.714727236,-0.941932646,-0.5508163989,-0.3883596382,-0.4799671485
38.77087,-0.8083511733,-0.9023740966,-0.4700004749,-0.310047001,-0.3972458907
38.78756,-0.8754823112,-0.8378415901,-0.4067547385,-0.2471573243,-0.2940069357
38.80425,-0.9033300804,-0.7510786315,-0.3561906988,-0.200871403,-0.1833462184
38.82094,-0.8964956651,-0.6506416245,-0.3221259523,-0.1679696214,-0.06661788818
38.83763,-0.8464520648,-0.5458021023,-0.2992442983,-0.1432528912,0.04315505435
38.85432,-0.7523297921,-0.4450494126,-0.277094892,-0.1133841323,0.1420241721
38.87101,-0.6136720264,-0.3541694419,-0.2464694291,-0.07263773477,0.2271553223
38.8877,-0.4445165555,-0.2828364693,-0.208953133,-0.02354839354,0.2918635528
38.90439,-0.250609688,-0.2224072088,-0.1556430418,0.03154261011,0.3287114827
38.92108,-0.04184430977,-0.1651151222,-0.0906647888,0.08761382944,0.3366068626
38.93777,0.1648823088,-0.086461371,-0.01233811404,0.1461310107,0.3248751362
38.95446,0.3539458249,0.02596471897,0.07590268084,0.2017233541,0.2954992703
38.97115,0.5190028517,0.1845354355,0.1700851127,0.2532836048,0.251189993
38.98784,0.6419380709,0.3931510376,0.2723910138,0.2943540931,0.192114169
39.00453,0.7173656829,0.6336321698,0.3921146651,0.3249747455,0.1335038564
39.02122,0.7566294492,0.8721348848,0.5291286244,0.3364486623,0.07547484842
39.03791,0.7660041804,1.076261397,0.6878079737,0.3453560964,0.03048808418
39.0546,0.7529916287,1.211561704,0.8506452304,0.3487426374,-0.008934283881
39.07129,0.7314158837,1.267027335,0.9879262603,0.3670717185,-0.02796764591
39.08798,0.7052986808,1.256788178,1.074815354,0.414183767,-0.03369273657
39.10467,0.6736585783,1.177023643,1.089638113,0.4896772608,-0.0150658931
39.12136,0.6350750213,1.051943816,1.026729991,0.5780507234,0.0281803251
39.13805,0.5846723293,0.8936592544,0.9081874339,0.6603995735,0.1035225284
39.15474,0.5169271682,0.7152018703,0.7549108569,0.7043450798,0.2008351927
39.17143,0.4334590134,0.5266494662,0.5887169244,0.6988296534,0.3211306825
39.18812,0.335677537,0.3400967175,0.4253353574,0.6436351043,0.4391581684
39.20481,0.2279174595,0.1693916778,0.2719530897,0.5477336308,0.5436834555
39.2215,0.1111433079,0.01889190843,0.1296814188,0.428024062,0.6275925762
39.23819,-0.01442422616,-0.1147207811,0.00162397848,0.2987805243,0.687163051
39.25488,-0.142988697,-0.2299316027,-0.1148309903,0.1732194368,0.7136061049
39.27157,-0.2652348019,-0.3201626126,-0.2181717109,0.0549975309,0.7009378064
39.28826,-0.3755503644,-0.3930809183,-0.3025834745,-0.04164776795,0.636764854
39.30495,-0.4643827896,-0.4504699594,-0.3708056727,-0.1171066469,0.5256406825
39.32164,-0.5318245006,-0.5083217993,-0.4229614531,-0.1717687736,0.3790156234
39.33833,-0.5772993156,-0.5770654198,-0.4603320236,-0.2042919878,0.192793436
39.35502,-0.6008399642,-0.6347030657,-0.4818247497,-0.2296740319,-0.01451099475
39.37171,-0.5989314981,-0.6846444035,-0.4908521382,-0.2595830985,-0.234811738
39.3884,-0.5720234421,-0.7124846207,-0.4893609843,-0.2999092355,-0.4540274641
39.40509,-0.5199069856,-0.721430276,-0.48603135,-0.3777222281,-0.652346113
39.42178,-0.4549068962,-0.695695813,-0.486996171,-0.4905490192,-0.8035007072
39.43847,-0.3767244881,-0.6461489542,-0.5063810195,-0.6360558842,-0.9102913395
39.45516,-0.2898489096,-0.5515263954,-0.5491677864,-0.7981600059,-0.960549571
39.47185,-0.1966182293,-0.433914769,-0.622660083,-0.9425994383,-0.9578427776
39.48854,-0.1002035687,-0.3192559728,-0.7147856912,-1.043574046,-0.9240780965
39.50523,-0.003775766848,-0.2324498981,-0.8006184437,-1.089959824,-0.8648933925
39.52192,0.08486182881,-0.1898014875,-0.8441883453,-1.068267017,-0.7826755195
39.53861,0.1612108542,-0.2087084683,-0.8337620702,-0.9932121165,-0.6883547421
39.5553,0.2162703804,-0.2493370357,-0.7580217467,-0.8670713809,-0.5868301597
39.57199,0.2385114686,-0.2897174105,-0.6279998926,-0.6962957096,-0.4776048481
39.58868,0.2254914047,-0.3096892059,-0.4596608439,-0.4941892504,-0.3710355198
39.60537,0.1740633228,-0.2789320958,-0.2784288179,-0.2721085192,-0.2575274789
39.62206,0.09479751479,-0.1938923901,-0.09081419808,-0.04570423061,-0.1325397909
39.63875,0.001857746049,-0.06615791476,0.0873596565,0.1677232526,-0.002834909609
39.65544,-0.09160687547,0.08563234376,0.2594188033,0.355313956,0.1313925844
39.67213,-0.1729748314,0.2281321356,0.4269401081,0.5111579439,0.2665782338
39.68882,-0.2307614739,0.3465907846,0.5841539726,0.6339289089,0.3976020067
39.70551,-0.2617072288,0.439805223,0.7231614903,0.7264750235,0.5232303478
39.7222,-0.2635414169,0.5059507431,0.836573463,0.7979375317,0.6388442714
39.73889,-0.2295690529,0.5367693693,0.911760752,0.8544236449,0.7330426828
39.75558,-0.1666880802,0.543814746,0.9422885436,0.8999793415,0.8023052551
39.77227,-0.07841408552,0.5172336803,0.9242689033,0.9336492357,0.8453610941
39.78896,0.03235987523,0.4716149419,0.8630784732,0.9538635517,0.862313584
39.80565,0.1592322607,0.4278403045,0.7717421696,0.9525165169,0.8495764446
39.82234,0.2915167768,0.3964483041,0.6655681496,0.9237653009,0.8132819055
39.83903,0.4201219343,0.3836260035,0.5527220774,0.8580039909,0.7455221878
39.85572,0.5272937516,0.4017992896,0.4465587575,0.7549464412,0.6485596944
39.87241,0.6023917126,0.4392397333,0.3584822015,0.6142473414,0.5308248903
39.8891,0.6391697453,0.4999175303,0.3007676884,0.4441525092,0.401014641
39.90579,0.6334503825,0.5760653304,0.277422207,0.2550595002,0.2531473148
39.92248,0.5963570865,0.643281226,0.2854384003,0.06287081081,0.09823522664
39.93917,0.5323385436,0.6783859656,0.303032854,-0.1020884058,-0.07216225272
39.95586,0.4491405033,0.6621753037,0.3081077964,-0.2147412898,-0.2476440533
39.97255,0.3563512316,0.5999111501,0.2828868925,-0.2630655305,-0.4215690101
39.98924,0.2623524768,0.49008002,0.2174457192,-0.260209363,-0.5740385417
40.00593,0.1650646297,0.341097058,0.1157894829,-0.2376409109,-0.6806277563
40.02262,0.07250915717,0.1622347048,-0.004357748768,-0.2305003403,-0.7384257433
40.03931,-0.0220272229,-0.0408381635,-0.1317441685,-0.2579022296,-0.7355220208
40.056,-0.1187596194,-0.2485924741,-0.2666745166,-0.3280792669,-0.6769513987
40.07269,-0.2161891176,-0.4451473033,-0.4026527038,-0.4269231801,-0.5721826362
40.08938,-0.3084933319,-0.6037176898,-0.5466754035,-0.5395177018,-0.437535075
40.10607,-0.3976003311,-0.7331792903,-0.6968705926,-0.6412873727,-0.281927679
40.12276,-0.4791628273,-0.8197780742,-0.8429979346,-0.7129100083,-0.1428444996
40.13945,-0.5548580562,-0.8772017686,-0.9734960967,-0.7467709535,-0.02498087984
40.15614,-0.6212428747,-0.9118454814,-1.073804303,-0.7418116136,0.06374054828
40.17283,-0.6715083968,-0.9364171208,-1.123056501,-0.7036843579,0.1232249115
40.18952,-0.703201331,-0.9411780858,-1.109844581,-0.6365853955,0.1552264959
40.20621,-0.7122284006,-0.9540381972,-1.035763317,-0.5490628744,0.1550632774
40.2229,-0.6978328027,-0.9492089216,-0.9056706755,-0.4446291431,0.119400663
40.23959,-0.6665490575,-0.926845615,-0.7323004857,-0.3327252588,0.05524132357
40.25628,-0.6154823496,-0.8578573724,-0.5351744828,-0.2220114131,-0.02731269781
40.27297,-0.5452288827,-0.735461575,-0.3375554101,-0.1264434678,-0.1168535216
40.28966,-0.4592824861,-0.5672136014,-0.153876189,-0.04499371136,-0.2005821289
40.30635,-0.3542365986,-0.3663908012,0.0003581595813,0.009793768712,-0.274132806
40.32304,-0.2315737403,-0.135775528,0.1225863774,0.03596286279,-0.3301967554
40.33973,-0.09608751844,0.09694255571,0.2124794835,0.02957914946,-0.3524261163
40.35642,0.05474448262,0.3355566214,0.2705025406,0.002478600106,-0.3454097785
40.37311,0.2161942905,0.5480430937,0.3056029854,-0.03623283092,-0.3047168366
40.3898,0.3802195304,0.6995207798,0.326258069,-0.06231066083,-0.2395190686
40.40649,0.5433696291,0.7808443881,0.3446300144,-0.06160954194,-0.1610865938
40.42318,0.6916874349,0.7939053589,0.3646939911,-0.02290225653,-0.07111185527
40.43987,0.8173735283,0.7515789423,0.3923606313,0.05424577716,0.02756592593
40.45656,0.8993457248,0.6966332239,0.4225850386,0.1683673059,0.1171781145
40.47325,0.9257706757,0.6606967618,0.4546844965,0.3028814076,0.2002358746
40.48994,0.8884669195,0.6547060722,0.4863972597,0.4381157259,0.273572126
40.50663,0.7935234649,0.6801211421,0.5279605275,0.5588626842,0.3307603402
40.52332,0.6524505405,0.7197642787,0.5835803372,0.6500705225,0.3884770153
40.54001,0.4888844025,0.745087259,0.6623858647,0.7071373438,0.4464107743
40.5567,0.3135203392,0.7392693787,0.7587249686,0.7338967473,0.5001226948
40.57339,0.1446810369,0.7009171809,0.8493171109,0.7369912232,0.5464954621
40.59008,-0.006691297679,0.6217380282,0.9109117043,0.7281500682,0.5792713359
40.60677,-0.1383425327,0.5172736254,0.9222892359,0.7185329903,0.5898419518
40.62346,-0.2413296281,0.3926672017,0.8694321856,0.7103999149,0.5838415568
40.64015,-0.3170946972,0.2545876498,0.7497600848,0.7026917252,0.5616511406
40.65684,-0.360192884,0.1092167951,0.5841468065,0.6830806069,0.5224951666
40.67353,-0.3746013666,-0.04541101839,0.3840494372,0.6317431881,0.4712881668
40.69022,-0.3594096642,-0.1988945156,0.1703331606,0.5465254706,0.4028292024
40.70691,-0.3199858365,-0.3373307802,-0.0422576477,0.413146651,0.3254240542
40.7236,-0.26355973,-0.4570851098,-0.238668498,0.2311180497,0.237417211
40.74029,-0.1997529753,-0.5448725893,-0.4170562052,0.01466734077,0.1428055303
40.75698,-0.1384329313,-0.5872516886,-0.5627870503,-0.2239785022,0.03574457779
40.77367,-0.09042412482,-0.5938864273,-0.6736070238,-0.4701094247,-0.08421750601
40.79036,-0.05904536879,-0.5552671083,-0.754471183,-0.6956563892,-0.2240462308
40.80705,-0.04328372829,-0.4880191275,-0.8089194423,-0.8856339424,-0.3760804093
40.82374,-0.04078110044,-0.4124385858,-0.8380419434,-1.021602625,-0.5437359766
40.84043,-0.04915891234,-0.348677074,-0.8419073171,-1.085128358,-0.7133359582
40.85712,-0.06380112395,-0.3033276511,-0.8128312433,-1.079412807,-0.8760067757
40.87381,-0.078392405,-0.2915769746,-0.7525855268,-1.017480923,-1.018299448
40.8905,-0.0949454182,-0.3130249868,-0.6648238537,-0.9191272794,-1.125136134
40.90719,-0.1093621463,-0.3495788507,-0.569183112,-0.8169617464,-1.176222478
40.92388,-0.121394618,-0.3846367257,-0.4778268144,-0.7253815044,-1.155967087
40.94057,-0.1377148742,-0.4120324838,-0.4101634296,-0.6568415208,-1.064388341
40.95726,-0.1564028543,-0.4100366526,-0.3693547369,-0.6068938786,-0.9035562656
40.97395,-0.1747918,-0.383561884,-0.3678526308,-0.5611054183,-0.6875467142
40.99064,-0.193701577,-0.3474435988,-0.3915143364,-0.4974914413,-0.447990851
41.00733,-0.2031806678,-0.2954678074,-0.4293894132,-0.4154912928,-0.2034369246
41.02402,-0.1966611551,-0.2432590951,-0.4515229184,-0.3093496257,0.0394467943
41.04071,-0.1817344689,-0.219550933,-0.4382452452,-0.1865087206,0.2571471917
41.0574,-0.1572504547,-0.2174339343,-0.3731208372,-0.04533281176,0.4426755849
41.07409,-0.1263647638,-0.221113077,-0.2628978023,0.1026391994,0.5953330034
41.09078,-0.09221152535,-0.2307246894,-0.1136036853,0.2613351033,0.7055726064
41.10747,-0.0545190646,-0.2209846886,0.05529944725,0.4201478089,0.7746817045
41.12416,-0.01268959307,-0.1736270169,0.2300513185,0.5695888381,0.8098458578
41.14085,0.028396992,-0.08794361456,0.3964024319,0.7072691006,0.8075500498
41.15754,0.0698090216,0.04100048323,0.5422422961,0.8284695295,0.7728206216
41.17423,0.1075792194,0.2180507351,0.666959483,0.9149872943,0.7024293364
41.19092,0.149179431,0.4153095947,0.771957992,0.9653325228,0.6171332094
41.20761,0.1969934988,0.6167680368,0.8568902544,0.9652776968,0.5154266685
41.2243,0.2547638483,0.8078065706,0.9247273365,0.9083617459,0.4118114775
41.24099,0.3241271624,0.9546082363,0.9716085777,0.7989550042,0.3162590663
41.25768,0.4042260172,1.050720286,0.9903226987,0.6635449556,0.2326512247
41.27437,0.4935230341,1.081911219,0.9636153932,0.5175697059,0.1479528111
41.29106,0.58527345,1.051443616,0.8826192225,0.3909070219,0.08225715969
41.30775,0.6771170782,0.964644727,0.7457988666,0.2927741253,0.01772991917
41.32444,0.7530422485,0.8429033253,0.5647278278,0.221505649,-0.03848937219
41.34113,0.7983714392,0.688894893,0.3653392208,0.1672261969,-0.08386779272
41.35782,0.799872252,0.5391740859,0.1781402853,0.1198541647,-0.1181368186
41.37451,0.7490178332,0.4019888304,0.01822107489,0.05900597749,-0.1416116587
41.3912,0.6382509223,0.287076513,-0.09671779386,-0.02043283889,-0.15100544
41.40789,0.4838502716,0.1879221135,-0.164160908,-0.1183330255,-0.1510509355
41.42458,0.2915215279,0.09600202996,-0.1917375128,-0.2186610791,-0.1461235216
41.44127,0.08169387428,0.003921549478,-0.196222556,-0.3001303244,-0.1415788816
41.45796,-0.1338631769,-0.0990493125,-0.1957394654,-0.3542621407,-0.1460264898
41.47465,-0.3382652827,-0.207236699,-0.208138868,-0.3660687979,-0.1539941641
41.49134,-0.5195958298,-0.3242022742,-0.2439779031,-0.3384578405,-0.1734384857
41.50803,-0.6663904609,-0.4486779235,-0.2983112542,-0.2832360018,-0.2002433551
41.52472,-0.7796418352,-0.5846065714,-0.365844502,-0.215884521,-0.2256608217
41.54141,-0.8564872943,-0.7236321418,-0.4390770451,-0.1575028914,-0.2428039979
41.5581,-0.8988270318,-0.8539140254,-0.5084937962,-0.1305757305,-0.2552331358
41.57479,-0.903504251,-0.9582758682,-0.5668824761,-0.1422970558,-0.2502209844
41.59148,-0.8681413765,-1.037641946,-0.6182539233,-0.1933155946,-0.236380623
41.60817,-0.8031194775,-1.064077673,-0.6558685988,-0.2783488239,-0.2158538933
41.62486,-0.7082401905,-1.048652419,-0.6900455976,-0.3822616975,-0.1930641845
41.64155,-0.5951742005,-0.9814906117,-0.725329963,-0.490347428,-0.1690874576
41.65824,-0.4684178231,-0.8708533534,-0.7613942731,-0.5835419315,-0.1592721317
41.67493,-0.3338259189,-0.7239309401,-0.7904496674,-0.6517616665,-0.1632492397
41.69162,-0.1973065658,-0.5589255081,-0.7967491733,-0.6843532632,-0.1782311157
41.70831,-0.06710281865,-0.378330031,-0.756106668,-0.6780133091,-0.2078409282
41.725,0.06335101041,-0.2071823146,-0.6575202387,-0.6387525371,-0.254733553
41.74169,0.1821679599,-0.04994554402,-0.4932969355,-0.5675077431,-0.3140592105
41.75838,0.29060904,0.06836820956,-0.2781679291,-0.4611501732,-0.3809189222
41.77507,0.3780909931,0.1810882654,-0.04333411487,-0.3304455705,-0.4460775783
41.79176,0.4416008909,0.284218737,0.1880052051,-0.1758352227,-0.4880813298
41.80845,0.4764236644,0.401872782,0.3839860246,-0.0107014634,-0.4948877635
41.82514,0.4878552243,0.5318133211,0.5302343237,0.1399805268,-0.4512774691
41.84183,0.482723001,0.6663038128,0.6327516271,0.265041525,-0.358019293
41.85852,0.4655710765,0.7792367744,0.6915541225,0.3610455913,-0.2122129759
41.87521,0.4405525595,0.8607924752,0.7128231935,0.4263380692,-0.02554675488
41.8919,0.415738045,0.884744656,0.7200521499,0.4750568904,0.1800852824
41.90859,0.3917283101,0.8537903385,0.712590151,0.5159046367,0.3878927284
41.92528,0.3705037475,0.7550703488,0.6932600834,0.5629935426,0.582314992
41.94197,0.3552006455,0.6298283144,0.66694286,0.6230950199,0.7437942334
41.95866,0.3335036787,0.4936767725,0.6267222941,0.6911446229,0.8655501185
41.97535,0.305931785,0.354935408,0.5708828391,0.7665419931,0.9541498302
41.99204,0.2661873832,0.236981083,0.506605319,0.8380724781,1.00367848
42.00873,0.2163416758,0.1446929594,0.4380467797,0.8919859965,1.0140419
42.02542,0.1544279178,0.07726530305,0.3714818945,0.9158217684,0.9895124236
42.04211,0.08489626244,0.04410044531,0.3179984112,0.9043757739,0.931261717
42.0588,0.009203016184,0.04565034917,0.2856825959,0.8443310989,0.8310119168
42.07549,-0.06055286598,0.05880299902,0.2714129665,0.7410084775,0.7001696899
42.09218,-0.1221724906,0.08135096074,0.2723703668,0.5953255643,0.5416846549
42.10887,-0.1644293416,0.0958397621,0.2821159529,0.4179104083,0.3559401172
42.12556,-0.1913584849,0.1094964947,0.2830803376,0.2203901766,0.1573018677
42.14225,-0.1987655742,0.104637582,0.2560581608,0.03054845265,-0.05177234921
42.15894,-0.189635882,0.08686368867,0.1868663524,-0.1375650958,-0.25879028
42.17563,-0.1611013425,0.05562299356,0.05950126647,-0.2748760834,-0.4578916322
42.19232,-0.1175679634,0.0002808088143,-0.1157320094,-0.3913428202,-0.6289685074
42.20901,-0.05581405252,-0.07850008227,-0.3173405296,-0.4956091328,-0.7669615798
42.2257,0.008403130226,-0.1744671436,-0.5124035522,-0.605578348,-0.8607903761
42.24239,0.06847066345,-0.2912123984,-0.6753173275,-0.7238775704,-0.909666373
42.25908,0.1097740944,-0.4158247424,-0.7957802402,-0.8502677245,-0.9090530117
42.27577,0.1202485799,-0.5117242502,-0.8808607816,-0.9685113003,-0.8774571658
42.29246,0.09041805318,-0.5631720914,-0.9365394091,-1.060615758,-0.8170011197
42.30915,0.02477439984,-0.5628636325,-0.9706983861,-1.105723569,-0.744665201
42.32584,-0.07359246875,-0.5402084437,-0.9776617569,-1.090898711,-0.6684401012
42.34253,-0.1869770921,-0.5173836078,-0.9517565558,-1.011162476,-0.5914068235
42.35922,-0.3006647389,-0.5088457691,-0.8843022419,-0.8769091804,-0.51257355
42.37591,-0.4071954732,-0.5107246159,-0.7752936006,-0.7005190162,-0.438589402
42.3926,-0.4986006799,-0.5193846088,-0.6274622031,-0.498963897,-0.3602259496
42.40929,-0.5685733235,-0.5376272409,-0.4542290825,-0.2904440483,-0.277370955
42.42598,-0.614686541,-0.5676735287,-0.2699400383,-0.08545917154,-0.1896729982
42.44267,-0.6351751322,-0.5823942637,-0.09514201211,0.09840703361,-0.09676132744
42.45936,-0.6278403218,-0.5611667639,0.06035481291,0.2500085827,0.01112733337
42.47605,-0.5936900629,-0.5047968011,0.1784199288,0.3659992165,0.1214418797
42.49274,-0.5303053839,-0.4023285546,0.2545024698,0.4451025749,0.2342426776
42.50943,-0.4388418768,-0.2676076405,0.2940204312,0.4882731444,0.3426335946
42.52612,-0.3222115353,-0.1197654413,0.3011083248,0.5040958947,0.4393443728
42.54281,-0.1860643137,0.04216968531,0.2875648827,0.500212757,0.5173805609
42.5595,-0.03440372442,0.2106597865,0.2758783752,0.4782522981,0.5818840598
42.57619,0.1318889034,0.3585819237,0.2747796845,0.4503188262,0.6193899371
42.59288,0.3026258874,0.4877098175,0.2982117293,0.4196228082,0.6288092069
42.60957,0.4703276054,0.5831913015,0.3526440512,0.390845638,0.604549712
42.62626,0.6251473998,0.650734457,0.4317267671,0.3698053126,0.5516197238
42.64295,0.749861868,0.6966569313,0.5221521371,0.365126461,0.4625653289
42.65964,0.8346054672,0.7465141743,0.6088629672,0.3794206624,0.3549631037
42.67633,0.8739545694,0.8162116023,0.6778090053,0.4151341828,0.2265415748
42.69302,0.8631041771,0.8991306342,0.7258674886,0.4617486473,0.0948475336
42.70971,0.8147034664,0.9799365035,0.7570243475,0.4996124168,-0.0242328574
42.7264,0.7374423451,1.037479616,0.7838451979,0.5030541007,-0.1131571262
42.74309,0.6402484687,1.043459661,0.805084494,0.4624772502,-0.1687161312
42.75978,0.5344966749,0.9942779737,0.8084781656,0.3838291407,-0.181078918
42.77647,0.4211550741,0.8907414493,0.7771485267,0.2897090079,-0.1543457764
42.79316,0.3065852208,0.7391484369,0.6917387332,0.205984555,-0.0993791845
42.80985,0.2025475009,0.5431522358,0.5422926072,0.1452458653,-0.0238264389
42.82654,0.1025498849,0.3183248638,0.3383172472,0.1141140036,0.05323755495
42.84323,0.01325274676,0.08492508387,0.103645282,0.1043827449,0.1252629504
42.85992,-0.07404162879,-0.1501642664,-0.1342308301,0.09977393754,0.185157891
42.87661,-0.1605597273,-0.3806203323,-0.3528858312,0.08577601464,0.2368310841
42.8933,-0.2515720224,-0.5834447392,-0.5293322785,0.0510576241,0.2692008807
42.90999,-0.3402222941,-0.7600749217,-0.6570215747,-0.008801172952,0.2871430235
42.92668,-0.4299034365,-0.8889964877,-0.7386917678,-0.09584350457,0.2789644358
42.94337,-0.5126460955,-0.9528179176,-0.7723044424,-0.1984781782,0.246763558
42.96006,-0.5903659693,-0.9679970455,-0.7712072045,-0.3098775053,0.1868622996
42.97675,-0.6531759311,-0.93736379,-0.7503937215,-0.4156150442,0.09951641944
42.99344,-0.6990831463,-0.8648140004,-0.7125888117,-0.5057616162,-0.01439489611
43.01013,-0.7219013323,-0.7741514937,-0.6677222304,-0.5713743794,-0.1467304478
43.02682,-0.7159870079,-0.6699052527,-0.6228981376,-0.6106779038,-0.2975322577
43.04351,-0.6812716701,-0.5652896456,-0.5812470282,-0.6148176886,-0.4520394457
43.0602,-0.6113260556,-0.4724969386,-0.5425237679,-0.5972501458,-0.597091649
43.07689,-0.5128212334,-0.3984364882,-0.5059248581,-0.5680031386,-0.7245343917
43.09358,-0.3874353278,-0.3382887987,-0.4620446335,-0.5472654544,-0.8173360327
43.11027,-0.2413433967,-0.2925256493,-0.4119664438,-0.5499738065,-0.861126229
43.12696,-0.08792930181,-0.2508693129,-0.3658694541,-0.5691613394,-0.8516371387
43.14365,0.06253498747,-0.2023614604,-0.3363443172,-0.5937481138,-0.7903625988
43.16034,0.2051159228,-0.1377391331,-0.3285680321,-0.6079973292,-0.6846842441
43.17703,0.3227305878,-0.04493861139,-0.3407903341,-0.5975637254,-0.5520592603
43.19372,0.4087819003,0.07506588976,-0.3545456748,-0.5479802269,-0.4102028894
43.21041,0.4621850431,0.1930657861,-0.3398594593,-0.4599061073,-0.2635248363
43.2271,0.4745504167,0.2927606559,-0.2762068167,-0.3382970644,-0.1173621813
43.24379,0.4583141521,0.3588685572,-0.1484380728,-0.1847375917,0.02294983522
43.26048,0.4153086325,0.3845823415,0.04018984847,-0.01134876681,0.1496833515
43.27717,0.3534245563,0.393080489,0.2615062926,0.1791189123,0.2645644897
43.29386,0.2772364339,0.395343664,0.4877517026,0.3848084862,0.3590781931
43.31055,0.1948854408,0.3972044381,0.6859403011,0.5970331258,0.4369853261
43.32724,0.1134414189,0.4057403295,0.8362001244,0.7991932394,0.5008759519
43.34393,0.0453194533,0.4242840338,0.9291293206,0.9776104975,0.5622965434
43.36062,-0.01357083802,0.4574171281,0.9742738007,1.106723643,0.6143794281
43.37731,-0.05638760009,0.4949720877,0.9761022613,1.177198502,0.6679954249
43.394,-0.08236624331,0.5267722166,0.9541056754,1.179865686,0.7177546905
43.41069,-0.09063731504,0.550434549,0.9071837152,1.121433387,0.7641683568
43.42738,-0.07544314176,0.5565619115,0.8413613312,1.013774783,0.7951267431
43.44407,-0.03519425044,0.5296172009,0.7578729176,0.8651680961,0.8107136932
43.46076,0.0285394852,0.4834749917,0.6504004821,0.6993075215,0.7961717531
43.47745,0.1112019859,0.4186370585,0.5211658123,0.531052379,0.7519893168
43.49414,0.2038353743,0.3387406627,0.3723032553,0.3718792295,0.6697568122
43.51083,0.291236972,0.254072086,0.2099296716,0.2329720483,0.5536575195
43.52752,0.36204373,0.1796337777,0.04603232068,0.118006044,0.4032714566
43.54421,0.4050648106,0.1106886545,-0.1000332854,0.01574469856,0.2280130717
43.5609,0.4157118053,0.06541695837,-0.21721018,-0.07698839311,0.02991559847
43.57759,0.3897372334,0.0462812171,-0.2900387264,-0.1750465082,-0.1757639822
43.59428,0.3330581847,0.04416235907,-0.3141872388,-0.2835774499,-0.3759307853
43.61097,0.2472819953,0.0391063781,-0.2945854499,-0.4055743093,-0.5618130831
43.62766,0.1474824464,0.02192425804,-0.2527539388,-0.5277836537,-0.7151680621
43.64435,0.03963790611,-0.005618369156,-0.220136405,-0.6355805041,-0.8344031398
43.66104,-0.06995138498,-0.04949416938,-0.2213002821,-0.7124739909,-0.9068457708
43.67773,-0.1748410793,-0.1163903606,-0.2793291118,-0.7409171864,-0.9327679353
43.69442,-0.2682360185,-0.1965772014,-0.3854845468,-0.7254801346,-0.9112942879
43.71111,-0.3489644809,-0.2945984724,-0.5178129456,-0.6846069479,-0.8361606644
43.7278,-0.408826188,-0.4239876148,-0.6512245629,-0.6342422698,-0.7241995398
43.74449,-0.447298911,-0.5732431656,-0.762429949,-0.5877293707,-0.5830156109
43.76118,-0.468214669,-0.7337142356,-0.8319276856,-0.5539209817,-0.4208331583
43.77787,-0.4760597031,-0.8848712221,-0.8653835598,-0.5253464408,-0.2622575023
43.79456,-0.4788735368,-0.9977095027,-0.8669212935,-0.4972273737,-0.1046431398
43.81125,-0.481560235,-1.044650924,-0.8467318534,-0.4628413756,0.05214230292
43.82794,-0.4847355295,-1.025757115,-0.8111236563,-0.4146631946,0.1765838967
43.84463,-0.4885436025,-0.9407838486,-0.7572353461,-0.3502380731,0.2781040395
43.86132,-0.4835376802,-0.8056619882,-0.6807270056,-0.2707494649,0.3412539764
43.87801,-0.4694665651,-0.6289450997,-0.5732141205,-0.1838131935,0.3687717749
43.8947,-0.4412431135,-0.4334015649,-0.4332563912,-0.08654794613,0.3671350605
43.91139,-0.3929180022,-0.231793072,-0.2600484546,0.01316987459,0.3369271112
43.92808,-0.3208001647,-0.05475600321,-0.05610334827,0.1156578173,0.2789689425
43.94477,-0.2278379012,0.1029780315,0.1668494585,0.2153421833,0.2117897168
43.96146,-0.1120353575,0.2339166008,0.3872948178,0.3105215273,0.1312776313
43.97815,0.01931899027,0.344679804,0.5827781667,0.391021578,0.05794747449
43.99484,0.1657080832,0.4583327875,0.7284711656,0.4538867283,-0.007161965496
44.01153,0.3164620199,0.5756591879,0.8119383934,0.4918341511,-0.04900673576
44.02822,0.4648877598,0.6856742382,0.8255378562,0.5010872192,-0.06606158738
44.04491,0.6048299704,0.8044654283,0.7817066519,0.481148766,-0.04645953383
44.0616,0.7225816469,0.9109613521,0.7030274534,0.4342731657,0.0003589128042
44.07829,0.8170628913,0.9850790078,0.6158941676,0.3683963772,0.07459329771
44.09498,0.8847010099,1.010305985,0.5447554158,0.2993293145,0.1547854928
44.11167,0.9137191877,0.9762171398,0.508584864,0.2406901814,0.2391858575
44.12836,0.9003877983,0.8942120303,0.4975028316,0.2100510135,0.3100016086
44.14505,0.8466762899,0.7944578189,0.5014136818,0.218199511,0.3660456742
44.16174,0.7438030773,0.6777394539,0.5035000564,0.2626459596,0.3999608091
44.17843,0.6021859505,0.5742719586,0.4936365961,0.3412781063,0.409114752
44.19512,0.4324451596,0.4753378974,0.4702189599,0.4409098595,0.3946134212
44.21181,0.244272874,0.3789176932,0.4423765381,0.5347701751,0.3656729023
44.2285,0.05430370121,0.2882140202,0.412918954,0.6067058855,0.3333727732
44.24519,-0.1265909227,0.1908992224,0.3847180727,0.6341469396,0.3040785666
44.26188,-0.2937269454,0.07591693874,0.3548517859,0.6022620034,0.2725692274
44.27857,-0.4347924733,-0.03533508159,0.3204883555,0.5228313359,0.2441088086
44.29526,-0.5468173156,-0.1531649186,0.2719448958,0.4006286778,0.2165534182
44.31195,-0.6248022026,-0.2636667737,0.1947635252,0.2469010098,0.1877040213
44.32864,-0.6670603582,-0.3679693046,0.07570075845,0.0881108688,0.1544461983
44.34533,-0.6756328015,-0.465694654,-0.08417104696,-0.06719793282,0.1159685477
44.36202,-0.648871017,-0.5450674038,-0.2797347774,-0.2093419333,0.05835509457
44.37871,-0.5896663617,-0.6076381712,-0.4920842713,-0.3265231487,-0.01178469926
44.3954,-0.5060139608,-0.6685963873,-0.697044012,-0.4274480711,-0.09711187005
44.41209,-0.4075034802,-0.709031796,-0.8708491898,-0.5232730637,-0.1928348116
44.42878,-0.3045622164,-0.7449639673,-0.9924707306,-0.6140616786,-0.3002990382
44.44547,-0.2063681548,-0.7614171906,-1.044867775,-0.7081669759,-0.4109959928
44.46216,-0.1209517231,-0.7458968846,-1.031541013,-0.8019595548,-0.528881305
44.47885,-0.05907788541,-0.6849273344,-0.9675033903,-0.8859837201,-0.6424440839
44.49554,-0.02156205658,-0.5851440744,-0.865524981,-0.9466112507,-0.7389881553
44.51223,-0.004851874589,-0.4337881401,-0.7473118879,-0.9733686945,-0.8198646116
44.52892,-0.008101589407,-0.269564164,-0.6252705892,-0.9494643989,-0.8804849152
44.54561,-0.02052847449,-0.1131137623,-0.5056795925,-0.869681874,-0.9169895649
44.5623,-0.03237180834,0.01491633829,-0.3878783347,-0.745473719,-0.9163945913
44.57899,-0.04323514175,0.1035588397,-0.272399088,-0.5951850376,-0.8711647926
44.59568,-0.04419322532,0.1410838617,-0.1509732945,-0.4337879628,-0.775584984
44.61237,-0.02903864345,0.1290091483,-0.03209904038,-0.2812602552,-0.6350553108
44.62906,-0.008441853861,0.08501863172,0.07592927634,-0.1358868953,-0.4519393512
44.64575,0.01984567444,0.02644530937,0.1590404445,0.00351964425,-0.2376412519
44.66244,0.0531702544,-0.01822432771,0.2067563462,0.1378229366,-0.00433896979
44.67913,0.08178022403,-0.03025114085,0.2216615256,0.2670567072,0.2297782683
44.69582,0.1047082162,-0.008778308287,0.2107136566,0.3932287559,0.4476366691
44.71251,0.1209840301,0.03502780314,0.1927156283,0.5075876752,0.6383762024
44.7292,0.1303607167,0.109855043,0.1836494964,0.6025164704,0.7983114224
44.74589,0.1312556743,0.1885035663,0.2011278238,0.67613118,0.9237960825
44.76258,0.13165585,0.2659190724,0.2558080218,0.7313517741,1.006714226
44.77927,0.1334461622,0.3253951193,0.3550461958,0.7668970326,1.043499276
44.79596,0.1398456655,0.3704574686,0.4809458165,0.7874962946,1.04161875
44.81265,0.1544420439,0.4032807374,0.6186595976,0.7973120064,0.9930914897
44.82934,0.1774105589,0.436923882,0.7462891228,0.7966552611,0.899727827
44.84603,0.2000499136,0.4787451021,0.843226225,0.795818671,0.7718069502
44.86272,0.2237410224,0.5212152239,0.8948431157,0.79464283,0.6132734032
44.87941,0.2483154433,0.5686304638,0.8957608859,0.7866360128,0.430277598
44.8961,0.2785460918,0.6230308318,0.8476090093,0.7533293441,0.2470108156
44.91279,0.3153481015,0.6622036622,0.761596151,0.6751907106,0.07301060719
44.92948,0.3538651175,0.6773447467,0.6550003656,0.5363136094,-0.07602381406
44.94617,0.390461873,0.660376233,0.5322652873,0.3394607249,-0.1858558878
44.96286,0.4186043716,0.6004815714,0.3935821529,0.1012111991,-0.260414601
44.97955,0.437083113,0.5144524807,0.2417060354,-0.1389812322,-0.3096263457
44.99624,0.4450644628,0.4006652778,0.07161269793,-0.3483553065,-0.3397588384
45.01293,0.4327041876,0.2614015801,-0.1162482811,-0.5017332043,-0.359416254
45.02962,0.3949038734,0.103445897,-0.3140819839,-0.593904091,-0.3796903266
45.04631,0.3268691582,-0.05965440239,-0.5000016271,-0.6231960269,-0.3980957239
45.063,0.2253446532,-0.2235656654,-0.6542787376,-0.6124315558,-0.4129730894
45.07969,0.0952037804,-0.372171911,-0.7503473921,-0.5803249655,-0.4273127872
45.09638,-0.05852718518,-0.5026137386,-0.7864027759,-0.5400377278,-0.4347470616
45.11307,-0.2275882722,-0.6179956062,-0.7648868414,-0.5046008248,-0.4286842163
45.12976,-0.3989166871,-0.7202959564,-0.7027264859,-0.479766902,-0.4183105051
45.14645,-0.5625685654,-0.7886547058,-0.6197798927,-0.46191485,-0.3962423694
45.16314,-0.7082943122,-0.8355403274,-0.5427731909,-0.4462373214,-0.3654755452
45.17983,-0.8269929478,-0.8418417449,-0.4865440601,-0.4260408804,-0.3336386512
45.19652,-0.9120827113,-0.8146063312,-0.4626600203,-0.3919318041,-0.2972116588
45.21321,-0.9583630017,-0.7702472769,-0.4633315159,-0.3452439514,-0.2521728086
45.2299,-0.9621577488,-0.7219332553,-0.4807717598,-0.2920381346,-0.2063090913
45.24659,-0.9198994608,-0.6659855469,-0.5030208533,-0.2423471266,-0.157872552
45.26328,-0.8368569833,-0.617919932,-0.5198383658,-0.197599705,-0.1111551047
45.27997,-0.7181398237,-0.5703902256,-0.5146102165,-0.1698722666,-0.070087065
45.29666,-0.5643501177,-0.5329673714,-0.4864630798,-0.1541332773,-0.02921728814
45.31335,-0.3843221523,-0.4953838878,-0.4296000369,-0.150864777,0.00469273984
45.33004,-0.1869122985,-0.4435151926,-0.3576024851,-0.1563310015,0.02581396952
45.34673,0.01359367609,-0.3500807039,-0.2783635139,-0.1598129298,0.03607036078
45.36342,0.1983797737,-0.2102904263,-0.2060728174,-0.1503856457,0.03602694356
45.38011,0.3511121529,-0.0191051362,-0.1340583209,-0.131294332,0.02278614823
45.3968,0.4674524996,0.2084977906,-0.05435667599,-0.09341999563,0.002752255606
45.41349,0.5463206037,0.4517800609,0.0512158036,-0.03958742992,-0.02669996015
45.43018,0.5958342404,0.6780116145,0.1920147743,0.02319630906,-0.05871195449
45.44687,0.6244282775,0.8564636045,0.375839204,0.09233462904,-0.08718219162
45.46356,0.6368097752,0.9635676717,0.5782607587,0.1775114299,-0.1012977746
45.48025,0.6357911761,1.001193288,0.7718917129,0.2745966465,-0.1037742069
45.49694,0.6227646006,0.9869693704,0.9221883247,0.3886363325,-0.08784713059
45.51363,0.5969662899,0.9443386408,1.003177751,0.5112251818,-0.04164447684
45.53032,0.5563195309,0.8942480073,1.001932114,0.6288672003,0.03645019063
45.54701,0.5041775025,0.8334776697,0.9373037562,0.7222961916,0.1420574267
45.5637,0.4401021377,0.7697119054,0.8260126347,0.7814832994,0.2804373553
45.58039,0.3693260488,0.6831754036,0.6936364589,0.7916002677,0.4232908675
45.59708,0.2967836026,0.5681122063,0.5601098754,0.7550275713,0.5617742655
45.61377,0.2240153729,0.43189177,0.4398791887,0.6795581686,0.6869618335
45.63046,0.1515588753,0.2802468132,0.3327570047,0.5814080175,0.7794805111
45.64715,0.07979751088,0.1293493338,0.2397186657,0.4736112224,0.8360799907
45.66384,0.006807765528,-0.003565801224,0.1557488011,0.3696643536,0.8641632035
45.68053,-0.06695576015,-0.1228646117,0.07648894261,0.2794845711,0.8476019392
45.69722,-0.1366624674,-0.2133965998,-0.007313089085,0.2047343598,0.7902024398
45.71391,-0.2019148851,-0.2827195142,-0.09445859649,0.1511457693,0.6820883987
45.7306,-0.2578667894,-0.3417222935,-0.1789651287,0.1160794169,0.5266486828
45.74729,-0.3058361687,-0.3789327678,-0.2518414315,0.08387372431,0.3316408549
45.76398,-0.3439080695,-0.4013951081,-0.3004747059,0.0401311237,0.1167659118
45.78067,-0.3676467316,-0.4112367039,-0.3217816161,-0.02759616056,-0.1075382929
45.79736,-0.3760609671,-0.404765574,-0.322443722,-0.1329424652,-0.3254684706
45.81405,-0.3685903854,-0.401050431,-0.3129808592,-0.2777523512,-0.5260796887
45.83074,-0.3437576236,-0.3967895532,-0.3079343999,-0.4499744125,-0.6928358046
45.84743,-0.3017264471,-0.3792153466,-0.3274615098,-0.6307550873,-0.821230704
45.86412,-0.2480137116,-0.3429520476,-0.3873776582,-0.7971472901,-0.9034808923
45.88081,-0.1830371191,-0.2984583683,-0.4974821284,-0.9223832076,-0.9417015252
45.8975,-0.1162987267,-0.2648616165,-0.6392393928,-0.9924058747,-0.9461742677
45.91419,-0.04901006322,-0.2613728843,-0.784350589,-1.013987396,-0.9187773378
45.93088,0.01370022346,-0.3014556929,-0.8878148766,-0.997732639,-0.8616678327
45.94757,0.06392374293,-0.3695392928,-0.9258354331,-0.9531287879,-0.7799304581
45.96426,0.09100121931,-0.4468113854,-0.8916488741,-0.8861038372,-0.6817315359
45.98095,0.08994394829,-0.507075696,-0.7988568158,-0.797192118,-0.5651877577
45.99764,0.05368058729,-0.5343713528,-0.6648184574,-0.6777755263,-0.4427368423
46.01433,-0.01164974605,-0.503717387,-0.5160031559,-0.5340961704,-0.3204136246
46.03102,-0.101663947,-0.4189963743,-0.3597303616,-0.3726133782,-0.1997943214
46.04771,-0.2006432215,-0.2874022118,-0.2046682313,-0.1960265547,-0.08344032056
46.0644,-0.2907848535,-0.1412738207,-0.05426157239,-0.01146332175,0.02664442788
46.08109,-0.3618764759,-0.0005873663498,0.1025546608,0.1734109283,0.1392686473
46.09778,-0.4043026275,0.1111196454,0.2630074766,0.3470751704,0.2499057988
46.11447,-0.4147054468,0.1978677359,0.4202629542,0.4956734029,0.3511716779
46.13116,-0.3985928393,0.2547701015,0.570074279,0.613564794,0.4395340475
46.14785,-0.3467303847,0.2867597269,0.6983451136,0.7045283265,0.5122131004
46.16454,-0.2598468035,0.2960961172,0.7889789328,0.7697091511,0.5686532409
46.18123,-0.1466780615,0.2988697619,0.8390375228,0.8156388295,0.6168149134
46.19792,-0.009789175963,0.313001313,0.838017581,0.8369764803,0.6541225496
46.21461,0.1359357686,0.3425794519,0.7887620763,0.8358575661,0.6763564106
46.2313,0.2791787286,0.3943075682,0.7030718794,0.8076126807,0.6774544434
46.24799,0.412098177,0.4570605551,0.5961084979,0.7524852467,0.6560834689
46.26468,0.5308921186,0.5267609506,0.4890485962,0.6677259234,0.6133571017
46.28137,0.6258747753,0.6155617766,0.4087053894,0.5551163046,0.5533043313
46.29806,0.6970735951,0.7015581958,0.3687577961,0.4216809302,0.4690464485
46.31475,0.7360701309,0.7622028138,0.3811600699,0.2828612546,0.3659397311
46.33144,0.7413587876,0.793926524,0.4313755973,0.1514969694,0.2410065753
46.34813,0.7128942476,0.7829122683,0.4928101545,0.05522828289,0.1014741805
46.36482,0.6524617595,0.7460784083,0.5352494369,0.008006565721,-0.04072763919
46.38151,0.5624133023,0.6892268985,0.5345027023,0.01067011866,-0.1847337902
46.3982,0.4518280046,0.6067017661,0.4821215847,0.04402916914,-0.3204725018
46.41489,0.3288091881,0.4998309227,0.3937331545,0.07947342444,-0.4207869694
46.43158,0.1988958318,0.3632039746,0.2843379802,0.08234720629,-0.4758984651
46.44827,0.07293949758,0.2106102014,0.1701275332,0.04020872765,-0.472190975
46.46496,-0.04736232537,0.04361196846,0.06035565229,-0.05914095362,-0.4116797381
46.48165,-0.1589868391,-0.1378451995,-0.0531861143,-0.1910609295,-0.3203491345
46.49834,-0.2616032355,-0.3200913071,-0.1811183017,-0.327408458,-0.213974278
46.51503,-0.3498020521,-0.488931774,-0.3381857761,-0.4413236312,-0.1047337474
46.53172,-0.4285212893,-0.6384213789,-0.5159611334,-0.5162170924,-0.007158126416
46.54841,-0.4951929716,-0.7589747385,-0.7013091405,-0.5447312085,0.07103377593
46.5651,-0.5495124734,-0.8638694269,-0.8690949056,-0.5445307045,0.1249049392
46.58179,-0.5905784849,-0.9451894659,-0.9941262254,-0.5195310148,0.1512080804
46.59848,-0.61928747,-1.005989161,-1.058334264,-0.4820273565,0.1434518791
46.61517,-0.6301960196,-1.040550532,-1.059250982,-0.439835791,0.1065315038
46.63186,-0.6256179007,-1.043873423,-0.9930937525,-0.4038024042,0.05152993329
46.64855,-0.6051652005,-1.015357693,-0.8759249206,-0.3742079869,-0.03068980826
46.66524,-0.5724922549,-0.9530812105,-0.7230346761,-0.3572973856,-0.125712249
46.68193,-0.5283456655,-0.8461378846,-0.5497860647,-0.349402527,-0.2250048903
46.69862,-0.4752936049,-0.6955900497,-0.3775749518,-0.3498134949,-0.3286733008
46.71531,-0.4060597746,-0.5054803,-0.2272108525,-0.3502856416,-0.4223613845
46.732,-0.3218872339,-0.2836957491,-0.11046492,-0.3436999651,-0.4929030799
46.74869,-0.2181219609,-0.05987938146,-0.03454073755,-0.3250203986,-0.5428018047
46.76538,-0.09558171629,0.1469283062,0.009055242245,-0.3023758988,-0.557043623
46.78207,0.04714666051,0.3112326477,0.04146454555,-0.2758798174,-0.5386762282
46.79876,0.1996678074,0.4192940088,0.07602328876,-0.2474914545,-0.4862752785
46.81545,0.3553772631,0.463561214,0.1228329474,-0.2183364635,-0.4012809702
46.83214,0.5012086067,0.4537596506,0.1757481288,-0.1707316927,-0.2900727571
46.84883,0.6229026126,0.4218381023,0.2292191151,-0.1002119505,-0.167155048
46.86552,0.7028223698,0.4004029179,0.2683743693,-0.003192617579,-0.03567202975
46.88221,0.7362121071,0.4147411282,0.2953119666,0.1124049971,0.09369326191
46.8989,0.7177009498,0.4643641696,0.3186628705,0.2405217894,0.2146228596
46.91559,0.650256486,0.5422601198,0.3554888934,0.3661773186,0.3264079709
46.93228,0.5483669559,0.613276468,0.4184436249,0.4803088889,0.4292199567
46.94897,0.4260347605,0.6742269228,0.5215977917,0.5729825697,0.5151774867
46.96566,0.295944291,0.688756326,0.6520780372,0.6512467869,0.5880057002
46.98235,0.1718679071,0.6569994407,0.7976477884,0.7101187044,0.6379674321
46.99904,0.06020490265,0.5877577171,0.9245751768,0.7601299751,0.6641421014
47.01573,-0.03600807856,0.5045405361,1.001705402,0.806307284,0.6695104425
47.03242,-0.1132170497,0.4096928829,1.01569013,0.8462948801,0.660274236
47.04911,-0.1660869405,0.3281147273,0.9576399667,0.8741256314,0.6351492032
47.0658,-0.1926417387,0.2458100234,0.8374368526,0.8816052814,0.5999420927
47.08249,-0.1965872834,0.160770849,0.6747736923,0.8493515693,0.5501448772
47.09918,-0.180337377,0.08665236821,0.4828923138,0.762519422,0.4924541888
47.11587,-0.1475590666,0.01992075042,0.2791146497,0.6150164973,0.4258659753
47.13256,-0.1043761594,-0.04375510821,0.08921978156,0.4134423377,0.3555024739
47.14925,-0.05066710894,-0.09337690605,-0.07669261854,0.1718200826,0.2767359337
47.16594,0.007020353605,-0.1426021573,-0.2147502697,-0.0874144076,0.1840890147
47.18263,0.06103473748,-0.1871894906,-0.3287336895,-0.3405376116,0.07098053435
47.19932,0.1063878785,-0.218702203,-0.4283573573,-0.562494992,-0.06081958445
47.21601,0.1336905626,-0.2346223324,-0.5209722146,-0.7352481777,-0.2140359994
47.2327,0.1376627857,-0.2379897474,-0.6012577211,-0.8444964142,-0.3815360516
47.24939,0.1197518226,-0.2342825383,-0.6622323199,-0.8866023438,-0.5553198177
47.26608,0.08234803311,-0.2460330833,-0.6935511594,-0.8768620585,-0.7254354968
47.28277,0.02964843306,-0.2727603076,-0.6842760606,-0.8371518355,-0.87649103
47.29946,-0.03125294924,-0.3133669243,-0.6340789542,-0.7839459357,-0.9889812882
47.31615,-0.1010646867,-0.3651198296,-0.5560537519,-0.7472855664,-1.053229088
47.33284,-0.1725542638,-0.4108599972,-0.4653336681,-0.7294142102,-1.059053889
47.34953,-0.2452756042,-0.4397893537,-0.392790088,-0.7232970148,-0.9955551163
47.36622,-0.3071460496,-0.460732207,-0.3602532899,-0.716062795,-0.871421902
47.38291,-0.3589284981,-0.4623188637,-0.3781232295,-0.6882966273,-0.704411109
47.3996,-0.395777257,-0.4460197425,-0.4406196581,-0.6252627128,-0.5095937632
47.41629,-0.4147377353,-0.4393060683,-0.5242539518,-0.5332829928,-0.3107324643
47.43298,-0.4124901536,-0.4421059397,-0.5901726062,-0.4175853975,-0.118625065
47.44967,-0.3889993258,-0.4675526516,-0.614635378,-0.2927703535,0.06516506253
47.46636,-0.3463636099,-0.5101089987,-0.5832018345,-0.1671791939,0.2312843012
47.48305,-0.2922868537,-0.5502856931,-0.4975746201,-0.04772701207,0.3676194562
47.49974,-0.2353228469,-0.567507732,-0.3704887909,0.06497067275,0.4728525204
47.51643,-0.1789361606,-0.5467647903,-0.2170933799,0.1713602368,0.5482183186
47.53312,-0.1271955699,-0.4650686857,-0.05215102192,0.2727046905,0.5936986614
47.54981,-0.07649333093,-0.3308814589,0.1101890328,0.3666609734,0.6078793092
47.5665,-0.03158233729,-0.1389265609,0.2583406619,0.4567668553,0.6015002058
47.58319,0.01772228895,0.08712919056,0.3851332653,0.5319689781,0.5596699309
47.59988,0.07109213351,0.3263000612,0.4986822918,0.5866225423,0.4924484503
47.61657,0.1324056193,0.5557560618,0.6046718601,0.6178594066,0.4073456645
47.63326,0.2052135085,0.7546869959,0.714821293,0.6203027782,0.3130827266
47.64995,0.2926322487,0.8990176408,0.8244378254,0.5889633032,0.2178728648
47.66664,0.3899627233,0.979567902,0.9154334853,0.5377648138,0.1383275869
47.68333,0.4950667541,1.003466947,0.9675558975,0.4754011844,0.06856139883
47.70002,0.6016611921,0.9777423023,0.9610452689,0.4180179916,0.02362478308
47.71671,0.6989962038,0.9121243071,0.8849965532,0.3765074569,-0.002945954028
47.7334,0.7753254503,0.8333292334,0.7493645094,0.3448626524,-0.01154650942
47.75009,0.8204802491,0.750773364,0.5726717853,0.3142253563,-0.005897093092
47.76678,0.8254499723,0.6648220152,0.3844690987,0.2734953095,0.0146963174
47.78347,0.7836873881,0.5836526567,0.2239620947,0.2127111981,0.04574316274
47.80016,0.7010511869,0.4988416205,0.1142153313,0.1302258957,0.08675040809
47.81685,0.5764924264,0.401400293,0.05770063539,0.03960918858,0.1307354242
47.83354,0.4166824205,0.2910693897,0.04275452417,-0.04816726649,0.1631022716
47.85023,0.2310030578,0.1621036544,0.0468233613,-0.1142238534,0.1784187088
47.86692,0.03753740915,0.0156183747,0.04412672535,-0.1444550229,0.1777435032
47.88361,-0.1554248603,-0.1313413647,0.01985001109,-0.1331459328,0.1561064728
47.9003,-0.3322411698,-0.2658685837,-0.02914008233,-0.08709126217,0.1175239841
47.91699,-0.4889446712,-0.3867240512,-0.1053039189,-0.01848507957,0.06725638067
47.93368,-0.617982605,-0.4963891506,-0.1923336329,0.04499487812,0.00431993439
47.95037,-0.7166128233,-0.5976285692,-0.2777957244,0.08062248969,-0.06051140185
47.96706,-0.7797879169,-0.6993311089,-0.3539411513,0.06818026221,-0.1138959633
47.98375,-0.8087361478,-0.794265922,-0.4157773879,-0.001913826359,-0.1541215089
48.00044,-0.8024550419,-0.8695627704,-0.4634350587,-0.1204276538,-0.176059243
48.01713,-0.7662181344,-0.9110076066,-0.5116082776,-0.2763874192,-0.1882129755
48.03382,-0.7004554424,-0.9174306474,-0.563086928,-0.4432924419,-0.1989661228
48.05051,-0.6102774946,-0.8866546331,-0.6301774116,-0.5932481146,-0.2139505524
48.0672,-0.5023304316,-0.8186889695,-0.7126655744,-0.710171327,-0.2343107407
48.08389,-0.3812547259,-0.7288675632,-0.8011332717,-0.786386514,-0.2690023744
48.10058,-0.2526696533,-0.6207013907,-0.8729059313,-0.8161614018,-0.3111080861
48.11727,-0.1226617938,-0.506325328,-0.9035528474,-0.8077669199,-0.3665082881
48.13396,8.59833114e-05,-0.4038949745,-0.8665196407,-0.7697365145,-0.4298236666
48.15065,0.109332872,-0.3228451132,-0.7519561704,-0.7104637365,-0.492030217
48.16734,0.1979915685,-0.239984923,-0.567081068,-0.635731086,-0.5500630376
48.18403,0.2602224398,-0.1547337687,-0.3420207782,-0.5494666184,-0.5898988766
48.20072,0.2934895346,-0.04365480087,-0.111330693,-0.4489494958,-0.5975182021
48.21741,0.2992529368,0.08975347743,0.09062904958,-0.3330141145,-0.5790920336
48.2341,0.2818529732,0.2440498808,0.2428181985,-0.204324799,-0.5176919891
48.25079,0.2559413741,0.3965580649,0.3453817049,-0.06591621535,-0.420090953
48.26748,0.2274955384,0.5264153902,0.4115696449,0.07041476271,-0.2909745757
48.28417,0.205697553,0.6111353112,0.4616621921,0.1941601916,-0.1217418785
48.30086,0.1932882534,0.638808227,0.5098788967,0.3014418231,0.06847074275
48.31755,0.1917407607,0.6051811251,0.560997902,0.3963140679,0.259386346
48.33424,0.2000592519,0.5228585203,0.6050944828,0.4881755069,0.4535270803
48.35093,0.2143347802,0.4164140478,0.6323490534,0.5789227587,0.6252208919
48.36762,0.2256369321,0.299137722,0.6379511008,0.6680486007,0.7716408119
48.38431,0.2318189182,0.2010109458,0.6169504853,0.7495834065,0.890685831
48.401,0.2289779952,0.134801342,0.5728398278,0.8154601668,0.9700484016
48.41769,0.2146546862,0.1132450664,0.511586829,0.8641562016,1.014363956
48.43438,0.1896835751,0.1283372025,0.4458345544,0.8856108705,1.022649939
48.45107,0.1553484761,0.1722882643,0.3933865745,0.8716908225,0.9911560237
48.46776,0.117059416,0.2288453427,0.3677052535,0.820818159,0.9251353669
48.48445,0.08533096085,0.2818045349,0.3759633096,0.7278646157,0.8256161754
48.50114,0.0597455182,0.3194368878,0.4142489438,0.6005507618,0.6886174491
48.51783,0.04023869021,0.3380943992,0.4659997383,0.4525281312,0.5288427893
48.53452,0.02975382884,0.3336998486,0.5104887276,0.2988939534,0.3440214767
48.55121,0.03003603951,0.3087607204,0.521420697,0.1610159828,0.1423471053
48.5679,0.0381809719,0.275545938,0.4736198933,0.0499621345,-0.06676232462
48.58459,0.05916349948,0.232499535,0.3603893933,-0.03828366253,-0.2652873574
48.60128,0.08409893524,0.1858204295,0.1912109321,-0.1159797969,-0.4468185966
48.61797,0.110404401,0.1203021684,-0.00775967411,-0.2097355521,-0.5830510346
48.63466,0.1329957491,0.03299531275,-0.2081228402,-0.3354138213,-0.667896767
48.65135,0.1474548021,-0.07045228481,-0.3839695011,-0.4927602041,-0.7075436717
48.66804,0.1469102028,-0.1884764698,-0.5247766588,-0.6719656819,-0.7042906721
48.68473,0.1284501929,-0.3021347253,-0.6319678112,-0.8418253952,-0.666688887
48.70142,0.08469549538,-0.3927747227,-0.7204234945,-0.9726645666,-0.6165164983
48.71811,0.01774416698,-0.4688357784,-0.7961957092,-1.04470559,-0.5581868638
48.7348,-0.07387447095,-0.5319103226,-0.86016635,-1.045483664,-0.4962440169
48.75149,-0.1830812645,-0.5791200549,-0.9053007845,-0.971127063,-0.4479017186
48.76818,-0.3022971725,-0.6298920822,-0.917516959,-0.84479882,-0.4008406502
48.78487,-0.4197328006,-0.6761947527,-0.8820675516,-0.6845660774,-0.3552144325
48.80156,-0.5252791086,-0.7206533741,-0.7990070033,-0.513100353,-0.3154436309
48.81825,-0.6122882247,-0.7642925233,-0.668731352,-0.3539436524,-0.2770968186
48.83494,-0.6778691064,-0.7978981903,-0.5073508186,-0.2201498258,-0.2276879201
48.85163,-0.7166155487,-0.8014061389,-0.3393755338,-0.1092227953,-0.1717150136
48.86832,-0.7275694543,-0.7709416434,-0.1876467297,-0.02835549964,-0.1020644297
48.88501,-0.70782591,-0.6948822933,-0.06476612082,0.0291338369,-0.02470915833
48.9017,-0.6580068249,-0.5758052733,0.02261012726,0.07297252921,0.05403741289
48.91839,-0.5807398755,-0.4315388299,0.0671332495,0.1066120661,0.1325006614
48.93508,-0.4746705639,-0.2727438836,0.07318684881,0.1302803979,0.2045438189
48.95177,-0.3448146759,-0.1048072118,0.05123706244,0.1502175819,0.2665660887
48.96846,-0.1904726912,0.04939026764,0.0278702782,0.1626434496,0.3155680782
48.98515,-0.01369836594,0.1804148615,0.02893351677,0.1693778824,0.3476436203
49.00184,0.1745628277,0.28153773,0.06857354669,0.1713059369,0.3601540806
49.01853,0.3647904398,0.3481312519,0.144086806,0.1721727192,0.3545315006
49.03522,0.5377203779,0.3934131762,0.2438860483,0.1758401509,0.327151285
49.05191,0.6748655404,0.4459437326,0.3490665942,0.1898235271,0.2824257927
49.0686,0.7691372626,0.528639759,0.4480956841,0.2202496625,0.225634993
49.08529,0.8151365737,0.6537823145,0.5278887727,0.2671996798,0.1648617582
49.10198,0.8141635273,0.800344697,0.5873409346,0.3219903982,0.1008240693
49.11867,0.7740916267,0.93933994,0.6396722211,0.3713494152,0.04519915247
49.13536,0.7062995082,1.039661228,0.6973976507,0.4057333251,0.00324568786
49.15205,0.6235423893,1.073169704,0.7669095281,0.4145773064,-0.01462701457
49.16874,0.5371439571,1.033102875,0.8385709801,0.4050571722,-0.008665586208
49.18543,0.4496405492,0.9337996571,0.8791780385,0.3884841043,0.02187300518
49.20212,0.3608473953,0.7789747197,0.8647259218,0.3777555055,0.07434730322
49.21881,0.271051746,0.592249893,0.7780335754,0.3806753179,0.1412743134
49.2355,0.1865759894,0.3946344739,0.6185605455,0.3978859279,0.2143770705
49.25219,0.1096922642,0.1999024508,0.4124099757,0.4126912117,0.2882272342
49.26888,0.03830448209,0.006782801852,0.1873333918,0.4108426582,0.3535907082
49.28557,-0.03026363209,-0.1639234772,-0.03181018434,0.3757747171,0.4081086848
49.30226,-0.1007154259,-0.3153689501,-0.222185133,0.3030316459,0.451374026
49.31895,-0.171202554,-0.4423969715,-0.3720164592,0.1958063069,0.4741880061
49.33564,-0.2444969903,-0.5446559282,-0.4760552663,0.06289787194,0.4708710785
49.35233,-0.3107522439,-0.6191684175,-0.5317484163,-0.08631234536,0.4373328131
49.36902,-0.3694215586,-0.6701760494,-0.5513644038,-0.2378593831,0.3769950849
49.38571,-0.4221522697,-0.6861083145,-0.5476554723,-0.3776900003,0.2804375789
49.4024,-0.4628819013,-0.6770527153,-0.5408719001,-0.4882895866,0.1550712051
49.41909,-0.4905431105,-0.6482920799,-0.5405134895,-0.5631403817,-0.0035461097
49.43578,-0.5056992273,-0.6031624873,-0.5499879583,-0.5987141456,-0.1858427683
49.45247,-0.4948354415,-0.5473449345,-0.561592451,-0.6022091806,-0.3835316518
49.46916,-0.4584191244,-0.4921444041,-0.5691947752,-0.5734178762,-0.5709630436
49.48585,-0.3996546435,-0.4453209154,-0.5616116202,-0.5432290042,-0.7359980109
49.50254,-0.3175249604,-0.4139867597,-0.5340244355,-0.5394783431,-0.8548158576
49.51923,-0.2237713995,-0.3925502257,-0.4882280264,-0.5781005667,-0.9142103544
49.53592,-0.121302581,-0.3699638777,-0.4392289053,-0.6530053783,-0.9100699149
49.55261,-0.01673200765,-0.3317043777,-0.4061115049,-0.7414715586,-0.8622369106
49.5693,0.07708863522,-0.2742948403,-0.4106783054,-0.7933744336,-0.7739601653
49.58599,0.1564804182,-0.1939360364,-0.4520675034,-0.79258235,-0.657160226
49.60268,0.216550694,-0.1019545703,-0.507681468,-0.7340052027,-0.5278987566
49.61937,0.2549455951,-0.02192767364,-0.540893195,-0.6224837284,-0.3841011164
49.63606,0.2753628207,0.02651695232,-0.5164222155,-0.4727683531,-0.2413215059
49.65275,0.2772617805,0.03458766281,-0.415480809,-0.3082509135,-0.1008848169
49.66944,0.2591694407,0.01691570121,-0.2427547766,-0.1313997524,0.03216678728
49.68613,0.2211871854,-0.007766495096,-0.02552194614,0.05132468685,0.1560389299
49.70282,0.1652722404,-0.008184755648,0.2044120702,0.2344591255,0.2651476928
49.71951,0.09998707336,0.02813200001,0.4118924033,0.4199106236,0.3604313618
49.7362,0.02918109325,0.09771539437,0.5790853634,0.5999640119,0.43552315
49.75289,-0.03815641437,0.2022622481,0.6998181022,0.7600558081,0.5044622977
49.76958,-0.09334010138,0.3171374435,0.7797354096,0.8915609331,0.5643864597
49.78627,-0.1277450257,0.4233798563,0.8241445302,0.9816421027,0.6161372193
49.80296,-0.1381281862,0.5166716976,0.8423495344,1.021543454,0.6620125789
49.81965,-0.1190719469,0.5877459804,0.8441859738,1.015268112,0.6977061386
49.83634,-0.07672850885,0.6181391188,0.8369301231,0.9660154003,0.7186491451
49.85303,-0.004269350576,0.6127550411,0.8157826693,0.8831122886,0.7233800681
49.86972,0.09110989184,0.5649625624,0.7762369989,0.7769392053,0.7069893077
49.88641,0.2048941697,0.4901844218,0.7100297018,0.6617646709,0.6674653457
49.9031,0.3264482934,0.4086682485,0.6104205434,0.5500057149,0.600142316
49.91979,0.4414269403,0.3425041648,0.4832495116,0.4454397293,0.5038388819
49.93648,0.524512882,0.304814417,0.3374358077,0.3496392975,0.3851980781
49.95317,0.5794110113,0.2944809389,0.1854350397,0.2580793632,0.2499381056
49.96986,0.5945001702,0.3054966512,0.05119005146,0.1568035269,0.1048626857
49.98655,0.568015701,0.3245629334,-0.0411888944,0.03916524945,-0.03656265736
50.00324,0.5097654585,0.3332142294,-0.08043228886,-0.09590183599,-0.1751424838
50.01993,0.4247905193,0.3219852229,-0.06375361245,-0.2394094584,-0.3074337829
50.03662,0.3092210229,0.2842145379,-0.01611668395,-0.3696697557,-0.4324996341
50.05331,0.1834015267,0.2133083012,0.02387436692,-0.461884308,-0.5405031171
50.07,0.06236883369,0.1171250645,0.02187581403,-0.5019616254,-0.6248041094
50.08669,-0.05959148672,0.006777038025,-0.03938596431,-0.4913175801,-0.6771946239
50.10338,-0.1720807646,-0.119568905,-0.1603278097,-0.4473860562,-0.6911280864
50.12007,-0.2678835581,-0.2543754989,-0.3129320513,-0.3941872103,-0.6616825196
50.13676,-0.3512778328,-0.4004139299,-0.4682346706,-0.3625166436,-0.5958369257
50.15345,-0.4176652359,-0.5562066697,-0.5998259032,-0.3675836245,-0.4911593843
50.17014,-0.4586177942,-0.7107463509,-0.6964151162,-0.4021002256,-0.3611219144
50.18683,-0.4915572154,-0.8457888088,-0.7565851917,-0.4573156377,-0.2251762895
50.20352,-0.5153382948,-0.9506809539,-0.7910510724,-0.5142577238,-0.08951464687
50.22021,-0.5316931851,-1.010438913,-0.8115648898,-0.5549562534,0.03314406819
50.2369,-0.5402231986,-1.020169565,-0.8209278762,-0.5674956926,0.1299488943
50.25359,-0.5413023479,-0.9797243944,-0.8224574137,-0.5491302628,0.202992554
50.27028,-0.5264727902,-0.894916846,-0.8109605718,-0.4930435771,0.2434911716
50.28697,-0.5000395081,-0.7719456191,-0.7746943238,-0.4088673756,0.2452072961
50.30366,-0.4647819666,-0.6326606963,-0.6999091313,-0.3080383306,0.2186647098
50.32035,-0.4230447751,-0.4898563793,-0.5792001712,-0.1963812224,0.1653857013
50.33704,-0.3184789841,-0.3547226343,-0.4131370464,-0.08516852302,0.09115984444
50.35373,-0.1569063649,-0.2292266543,-0.2089894121,0.01036479723,0.006720460749
50.37042,-0.06264864085,-0.1047517361,0.01508836514,0.08835760756,-0.07991558129
50.38711,0.03160908319,0.02644386474,0.2304033978,0.1409695146,-0.1609768729
50.4038,0.1300590982,0.1681010568,0.4112888618,0.1699860355,-0.2164571899
50.42049,0.2445977895,0.3272397803,0.531327945,0.1867934335,-0.2424199894
50.43718,0.3591364807,0.5008766769,0.5792242928,0.1947227774,-0.23141405
50.45387,0.4683983394,0.6714254383,0.5669829608,0.1995474957,-0.1864212083
50.47056,0.5575565305,0.8181424754,0.5146463825,0.2035564772,-0.1158156585
50.48725,0.6467147217,0.9113812251,0.4541592051,0.2026980633,-0.02620489974
50.50394,0.7176119558,0.9308586703,0.418828205,0.2023211587,0.07897151974
50.52063,0.7194419598,0.8824144166,0.42007324,0.2153291799,0.1877228484
50.53732,0.7212719638,0.7859261937,0.4523978988,0.24720629,0.2849779522
50.55401,0.7046091822,0.6717330535,0.4945637346,0.3019800762,0.3712725273
50.5707,0.6185062539,0.5679729446,0.5230031575,0.380597656,0.4394967219
50.58739,0.5324033255,0.4955068908,0.5284645639,0.4739614497,0.4879294757
50.60408,0.4361167371,0.4573246069,0.5160499356,0.570501763,0.5178516846
50.62077,0.301865002,0.4438596676,0.4975711899,0.6562234233,0.5351782387
50.63746,0.1676132669,0.4263396492,0.4820455524,0.7156162369,0.5284467021
50.65415,0.03708396038,0.3894193587,0.4785708153,0.7326175943,0.5126913829
50.67084,-0.0796671177,0.3238421271,0.4869082626,0.7059330396,0.4917597003
50.68753,-0.1964181958,0.22972741,0.4993987993,0.6363798079,0.4591738747
50.70422,-0.2975377343,0.1188718117,0.4988772523,0.535434425,0.4135718114
50.72091,-0.3412102704,0.001969113362,0.4605631781,0.415745109,0.3590850036
50.7376,-0.3848828065,-0.116943956,0.3704759975,0.2947835073,0.290622545
50.75429,-0.4117577305,-0.2306827287,0.2221938762,0.1817894436,0.2135865744
50.77098,-0.3773377472,-0.3278125432,0.02512708931,0.07556282955,0.1274338327
50.78767,-0.3429177638,-0.4093492658,-0.200540603,-0.02880792142,0.03212245177
50.80436,-0.3034386159,-0.4768129125,-0.4298299328,-0.1415886289,-0.07052897827
50.82105,-0.2456287555,-0.5237623907,-0.6378469197,-0.2719561543,-0.1746687955
50.83774,-0.187818895,-0.5502455857,-0.7949258699,-0.4212306393,-0.2785295842
50.85443,-0.135194996,-0.5659932743,-0.8897553254,-0.5858638735,-0.376320367
50.87112,-0.1012291289,-0.5603491557,-0.9171801358,-0.7529786521,-0.4733947334
50.88781,-0.06726326178,-0.531371936,-0.8920006546,-0.9014921184,-0.566518356
50.9045,-0.0413559383,-0.4813129943,-0.8329103491,-1.011175497,-0.6560282857
50.92119,-0.04423859,-0.4073234715,-0.7631423561,-1.060623892,-0.7393031614
50.93788,-0.04712124169,-0.3173880848,-0.6942622757,-1.035439818,-0.8129334056
50.95457,-0.0546388701,-0.2332814366,-0.6291341112,-0.9406193147,-0.8640166454
50.97126,-0.07859993092,-0.1743324678,-0.5569934469,-0.7952040372,-0.8910118583
50.98795,-0.1025609918,-0.1484292116,-0.4715641054,-0.6287426921,-0.8763748561
51.00464,-0.1254474372,-0.1548550283,-0.3680095264,-0.4708347573,-0.8116767526
51.02133,-0.144547975,-0.1875116043,-0.2522426736,-0.342589145,-0.6973239805
51.03802,-0.1636485127,-0.2271709291,-0.1392631065,-0.2438911234,-0.53447391
51.05471,-0.1763832175,-0.2560793052,-0.04498022713,-0.1627396382,-0.3339153648
51.0714,-0.1668460861,-0.2665805498,0.01594939024,-0.0850502786,-0.1189548145
51.08809,-0.1573089546,-0.2488215854,0.03571965355,0.005103363389,0.1013013687
51.10478,-0.1421593855,-0.1966745366,0.02102830772,0.109361981,0.3120324312
51.12147,-0.1075092289,-0.1307497872,-0.008732847549,0.223741038,0.4975053859
51.13816,-0.07285907234,-0.05768029973,-0.02970666655,0.3399661213,0.6540984096
51.15485,-0.03598103545,0.01504077708,-0.01768845428,0.450108993,0.7711999895
51.17154,0.008584673716,0.07638284781,0.04397294951,0.5424713942,0.848266187
51.18823,0.05315038288,0.122039799,0.1541179558,0.6155181689,0.8891613798
51.20492,0.09810645007,0.1640576305,0.3041379934,0.665947961,0.8926113003
51.22161,0.144400296,0.2024127644,0.4697847468,0.7000839877,0.8616139086
51.2383,0.1906941418,0.2571119829,0.6284014905,0.724091677,0.7944796425
51.25499,0.237074533,0.3396847153,0.7574625383,0.7428158259,0.6934128067
51.27168,0.2837494977,0.4530356305,0.8429990061,0.7556072424,0.5647672984
51.28837,0.3304244625,0.5875034469,0.8779177711,0.7567457812,0.4195252575
51.30506,0.3757751451,0.7247505655,0.8689746434,0.7320233294,0.2722236512
51.32175,0.4166489892,0.8383434791,0.8283225216,0.6697691911,0.1398817181
51.33844,0.4575228333,0.9061788823,0.7699201409,0.5624849124,0.02891201513
51.35513,0.491460204,0.9140369734,0.7037564749,0.4137657657,-0.05437378669
51.37182,0.5021069616,0.8584412792,0.6258117189,0.2466965069,-0.1171067928
51.38851,0.5127537191,0.7416220626,0.5267042307,0.08161080945,-0.1601878647
51.4052,0.509732047,0.5843199127,0.3930415676,-0.05576413296,-0.1842758155
51.42189,0.4611252743,0.4115022161,0.2218165127,-0.1488021644,-0.1905611087
51.43858,0.4125185017,0.2419917921,0.02320076501,-0.1996033391,-0.1877697207
51.45527,0.3487587163,0.08826800565,-0.1790652879,-0.2185796776,-0.1811434877
51.47196,0.2348021291,-0.04561701448,-0.3588096708,-0.2204264878,-0.1740104065
51.48865,0.1208455419,-0.1720655926,-0.4883134415,-0.2272716736,-0.1657975406
51.50534,-0.0008399060732,-0.2900015394,-0.554159022,-0.2480046139,-0.1566533843
51.52203,-0.1479570812,-0.4028382874,-0.5572876534,-0.2834179054,-0.1433307519
51.53872,-0.2950742564,-0.5089932853,-0.5150228473,-0.3260170616,-0.1339618149
51.55541,-0.4344510556,-0.603285221,-0.4525493603,-0.3650867196,-0.1296513329
51.5721,-0.5485281094,-0.6781219976,-0.3947632704,-0.3826422172,-0.1295975936
51.58879,-0.6626051631,-0.7302312184,-0.3638288137,-0.3756421646,-0.1378133773
51.60548,-0.7541274337,-0.7538743684,-0.3675279042,-0.342142761,-0.1532561895
51.62217,-0.7724183979,-0.7629635491,-0.4008532172,-0.2887088492,-0.1693726951
51.63886,-0.7907093621,-0.7592152585,-0.453321732,-0.2298124707,-0.1905897757
51.65555,-0.7845876853,-0.7457315433,-0.5095276979,-0.1858997848,-0.2103008054
51.67224,-0.6997275157,-0.727868849,-0.5489544296,-0.1660318781,-0.2216751539
51.68893,-0.6148673461,-0.7016793417,-0.5665496586,-0.1840885146,-0.2226921647
51.70562,-0.5171097705,-0.6662355051,-0.5573930365,-0.2349142021,-0.2137972804
51.72231,-0.3780285165,-0.6277524278,-0.5255197442,-0.3065399271,-0.1902097954
51.739,-0.2389472625,-0.5675615159,-0.4780903249,-0.383749003,-0.1664544385
51.75569,-0.101158332,-0.4707108069,-0.4301120859,-0.444843343,-0.14582696
51.77238,0.03251718769,-0.3317109262,-0.3882705583,-0.4718866034,-0.1311528751
51.78907,0.1661927074,-0.1515955816,-0.3524384437,-0.4586710056,-0.1301727813
51.80576,0.2864755229,0.0485357931,-0.3058184024,-0.4002168467,-0.1421395286
51.82245,0.3644093384,0.237650459,-0.2270779467,-0.3069099989,-0.1616137917
51.83914,0.4423431539,0.3973657633,-0.0913252748,-0.1924233554,-0.1870707952
51.85583,0.5034803339,0.5119895121,0.09833635013,-0.06917124931,-0.2079371657
51.87252,0.5118519045,0.5812748682,0.3246061683,0.05493095563,-0.2096611675
51.88921,0.5202234751,0.6224166623,0.5504443147,0.1776648613,-0.1890082982
51.9059,0.5182120853,0.6469748606,0.7414992588,0.3054665414,-0.1406088121
51.92259,0.4837956043,0.6631328191,0.8682101714,0.4328819992,-0.06295240332
51.93928,0.4493791233,0.6838481789,0.9208755768,0.5532065538,0.03955781277
51.95597,0.4119306319,0.706188801,0.9018381408,0.6528457614,0.1646432937
51.97266,0.3650806731,0.716336655,0.8343241979,0.7243751951,0.3057226971
51.98935,0.3182307142,0.702719817,0.738785143,0.7602006377,0.4560779793
52.00604,0.2717864954,0.6465410805,0.6469748706,0.7638643336,0.601617216
52.02273,0.2265922336,0.5446749653,0.5705669474,0.7385269863,0.7298764428
52.03942,0.1813979718,0.4150481992,0.5100524874,0.6901026243,0.8278794701
52.05611,0.1376519341,0.2662302332,0.4596886734,0.6320667642,0.8919825906
52.0728,0.09833866027,0.1196846557,0.4103999784,0.5747959054,0.9166551233
52.08949,0.05902538646,-0.006061042942,0.3462747716,0.5193516636,0.9037694455
52.10618,0.0209069197,-0.09906932196,0.2664760385,0.4715359734,0.8480476992
52.12287,-0.013577945,-0.1504852062,0.1714218675,0.4271468919,0.7493717435
52.13956,-0.04806280971,-0.1590902521,0.07178280698,0.3777874383,0.6096144657
52.15625,-0.0793559827,-0.1435829355,-0.01633717723,0.3190384701,0.4364921658
52.17294,-0.1010048631,-0.1143746404,-0.07775961717,0.2401716349,0.2409953865
52.18963,-0.1226537435,-0.08845467122,-0.1045775557,0.1310508913,0.03610005314
52.20632,-0.1384542321,-0.07708703575,-0.1020839162,-0.01119684271,-0.1730459488
52.22301,-0.1366955202,-0.08152831319,-0.08102550674,-0.180875115,-0.3690628011
52.2397,-0.1349368083,-0.09889207432,-0.06431477872,-0.3596509625,-0.5457999553
52.25639,-0.128025657,-0.126410344,-0.08287270826,-0.5240910258,-0.6914265211
52.27308,-0.1057432662,-0.1584228301,-0.1591835163,-0.6518953699,-0.7989157195
52.28977,-0.08346087539,-0.1944315183,-0.2955084261,-0.7350678337,-0.8683153745
52.30646,-0.06448394705,-0.2354768619,-0.4725338545,-0.7821268319,-0.8990456392
52.32315,-0.05530563423,-0.2862576854,-0.6499953063,-0.8043464866,-0.8904983005
52.33984,-0.04612732141,-0.3569266726,-0.7918929453,-0.8159823279,-0.8444700001
52.35653,-0.04639590022,-0.4449436977,-0.8737806569,-0.8284216608,-0.7660699833
52.37322,-0.07449149323,-0.5317978886,-0.8860385061,-0.8357652872,-0.6602408446
52.38991,-0.1025870862,-0.6014724683,-0.8419547395,-0.8304068961,-0.5400337553
52.4066,-0.1380449056,-0.6308450437,-0.7589342394,-0.7972387753,-0.4189322326
52.42329,-0.1950523946,-0.6152623308,-0.6579618077,-0.7193273598,-0.3046779764
52.43998,-0.2520598836,-0.5618735373,-0.5540476717,-0.5935922818,-0.1902989393
52.45667,-0.3050655058,-0.4818328298,-0.4493267808,-0.4276915483,-0.09111870571
52.47336,-0.3464310378,-0.3852980586,-0.3368713944,-0.2290873369,-0.002175271478
52.49005,-0.3877965698,-0.2934509043,-0.2100949325,-0.02107526695,0.07777733366
52.50674,-0.4138617823,-0.2153071834,-0.06537152672,0.1775328657,0.1415666826
52.52343,-0.395702295,-0.152434587,0.09636672536,0.3503885205,0.196023812
52.54012,-0.3775428077,-0.1005321372,0.2656226632,0.482823703,0.249770114
52.55681,-0.3392086192,-0.05630841268,0.4251605889,0.5720778299,0.2969463046
52.5735,-0.2429248247,-0.008260791636,0.5579531417,0.6254767975,0.3461080155
52.59019,-0.1466410301,0.05069814372,0.648836638,0.6477977474,0.395131799
52.60688,-0.04027955227,0.1262191822,0.6841972188,0.6469904946,0.4398251761
52.62357,0.09484870762,0.2223637419,0.6656197795,0.6293955964,0.4779510505
52.64026,0.2299769675,0.3404404193,0.6015189151,0.6000742108,0.5058815093
52.65695,0.3584892942,0.469719759,0.5107061849,0.5631990639,0.5130609778
52.67364,0.4682336633,0.5952787715,0.4259031076,0.5188120421,0.5007393164
52.69033,0.5779780324,0.693724203,0.3737718042,0.4581539297,0.4669886513
52.70702,0.6664401738,0.7539709792,0.3731914733,0.3827129786,0.41113933
52.72371,0.6949029914,0.7738324974,0.423046202,0.3034503435,0.3376171601
52.7404,0.7233658089,0.7648188921,0.5040976212,0.2363475363,0.2535629009
52.75709,0.7290040665,0.7469024655,0.5821410108,0.1963353911,0.1548148497
52.77378,0.6706919623,0.7345509068,0.6332170557,0.1959856274,0.05198175287
52.79047,0.6123798581,0.7241896819,0.64048566,0.2235558106,-0.04977325299
52.80716,0.5395906696,0.7084406036,0.6055145433,0.2632756168,-0.1397314036
52.82385,0.4264888741,0.6708038901,0.5431703211,0.2945466799,-0.2029631474
52.84054,0.3133870787,0.5995828059,0.4693700913,0.2932882044,-0.2294267484
52.85723,0.1994354254,0.4889169422,0.3938101366,0.2437011333,-0.2203602605
52.87392,0.08313179561,0.3346528727,0.317024412,0.1566186954,-0.1742507521
52.89061,-0.03317183421,0.1475282302,0.2268315447,0.04932408231,-0.103021265
52.9073,-0.1402085321,-0.06020984497,0.1115705613,-0.05743569918,-0.01796864574
52.92399,-0.2217559612,-0.2676890159,-0.0388206882,-0.1419085268,0.06769004483
52.94068,-0.3033033902,-0.4544455036,-0.2230771595,-0.199232233,0.1380484771
52.95737,-0.374241302,-0.6120872428,-0.4254813936,-0.2327459707,0.1814820534
52.97406,-0.4161751199,-0.7433477385,-0.6239026355,-0.2464727094,0.2018168436
52.99075,-0.4581089377,-0.8448305637,-0.7975639167,-0.2520021312,0.1998101361
53.00744,-0.4912927409,-0.9165377549,-0.9201776569,-0.2641340707,0.1766232872
53.02413,-0.5007014486,-0.9574539803,-0.9792917017,-0.2897706024,0.1316082648
53.04082,-0.5101101562,-0.9662402747,-0.9692132277,-0.3344969655,0.06562623745
53.05751,-0.509935746,-0.9412002252,-0.8965148167,-0.3955570709,-0.02151317323
53.0742,-0.4838805429,-0.8847541221,-0.7767020716,-0.4642666639,-0.1238474544
53.09089,-0.4578253399,-0.7941899353,-0.6362363654,-0.5284514767,-0.2357333285
53.10758,-0.4195027931,-0.6692838019,-0.4951668573,-0.5715604124,-0.3515493101
53.12427,-0.3482506876,-0.5155837671,-0.3738707189,-0.5812545471,-0.4697289512
53.14096,-0.2769985822,-0.34537949,-0.2888380409,-0.5534963971,-0.5775072292
53.15765,-0.1970206904,-0.1737179648,-0.2382441086,-0.4981122045,-0.6645563699
53.17434,-0.09376125011,-0.02647601841,-0.2094066933,-0.4312388446,-0.7174896316
53.19103,0.009498190206,0.08104395929,-0.1836959325,-0.3743655248,-0.7250121295
53.20772,0.1091856513,0.142198402,-0.1410001383,-0.3346359506,-0.6835809831
53.22441,0.1993999422,0.1615203222,-0.08150427011,-0.3118304044,-0.5945125161
53.2411,0.289614233,0.1569700257,-0.01830952134,-0.2933506146,-0.4666466994
53.25779,0.3644005952,0.1556566776,0.03488741168,-0.2588944134,-0.3117725403
53.27448,0.398516383,0.1729941599,0.06408693293,-0.1903908264,-0.1410184752
53.29117,0.4326321707,0.2229895077,0.07103888733,-0.08805294546,0.02259338167
53.30786,0.4485554015,0.2980702497,0.07470345904,0.04542263106,0.1754746441
53.32455,0.4168070297,0.3711937805,0.09712234792,0.2002466722,0.3148985284
53.34124,0.3850586579,0.427736638,0.1612689199,0.357371431,0.4330694628
53.35793,0.3421066274,0.4529339372,0.2758464499,0.5039237118,0.5287889681
53.37462,0.2699718485,0.4452064853,0.4321071727,0.6338192857,0.604672579
53.39131,0.1978370695,0.4184000116,0.6092630323,0.7415296203,0.6515154749
53.408,0.1297199061,0.3805861065,0.778172292,0.8307983414,0.6814273752
53.42469,0.07200534257,0.3418618557,0.9079724535,0.9097549304,0.6937313928
53.44138,0.01429077908,0.3139976009,0.9772559895,0.9711372568,0.6859880786
53.45807,-0.02811011544,0.2995691833,0.9763846613,1.007638483,0.6636357601
53.47476,-0.03109552783,0.2980361374,0.9082857338,1.012200279,0.6299178832
53.49145,-0.03408094022,0.3048253779,0.7883626559,0.9724336823,0.586162965
53.50814,-0.02435121032,0.309949365,0.639584959,0.8832179655,0.5382131957
53.52483,0.01791193276,0.3058127536,0.4809602026,0.7466846932,0.4853712657
53.54152,0.06017507584,0.277461222,0.3289760112,0.5649287385,0.4207265523
53.55821,0.1023897452,0.2237952885,0.1915905193,0.3491858072,0.3474603191
53.5749,0.1444811205,0.1439807106,0.07019247571,0.1191534906,0.2649167619
53.59159,0.1865724958,0.05033033909,-0.03971922218,-0.1013930763,0.1662013493
53.60828,0.2172845592,-0.0384138028,-0.1482391132,-0.2911285486,0.04695096787
53.62497,0.2192235631,-0.1062094446,-0.2618873639,-0.4313514086,-0.09047600385
53.64166,0.2211625669,-0.1491790465,-0.3786709467,-0.5201743959,-0.2467075921
53.65835,0.2066804481,-0.1661305332,-0.4861845082,-0.5677321393,-0.408795874
53.67504,0.1509208121,-0.1703438037,-0.5609048071,-0.5876067866,-0.5616906506
53.69173,0.09516117617,-0.1813570014,-0.5835584008,-0.5964759223,-0.6945980413
53.70842,0.02952513808,-0.2147395433,-0.551660225,-0.610709584,-0.7967584633
53.72511,-0.06079155283,-0.2710765783,-0.477763024,-0.6344444413,-0.8570163336
53.7418,-0.1511082437,-0.3401544122,-0.3920321385,-0.6626718802,-0.8719929274
53.75849,-0.2356387195,-0.4096450422,-0.329689332,-0.6802672271,-0.839367653
53.77518,-0.3057942557,-0.4659384725,-0.3179411907,-0.6691995905,-0.7681310984
53.79187,-0.3759497919,-0.5112589026,-0.364650363,-0.6219963599,-0.6652573618
53.80856,-0.4305010325,-0.5509789603,-0.4583679741,-0.5437759192,-0.5348598035
53.82525,-0.4465119339,-0.5909106972,-0.5679288877,-0.4472693502,-0.3892560474
53.84194,-0.4625228352,-0.6323862852,-0.6576902711,-0.3478669942,-0.2357640544
53.85863,-0.4657549587,-0.6819301035,-0.7059650092,-0.2575042907,-0.08241648732
53.87532,-0.437608965,-0.7324241202,-0.7002740354,-0.1825708957,0.06323136566
53.89201,-0.4094629713,-0.7697104513,-0.6409605909,-0.1255090301,0.1921019597
53.9087,-0.3721258246,-0.7740914384,-0.5406894168,-0.084730191,0.3026394006
53.92539,-0.312350894,-0.7361649027,-0.4152193982,-0.04749551653,0.3858892649
53.94208,-0.2525759635,-0.6440142222,-0.279645181,-0.003179984184,0.4364706359
53.95877,-0.1871243549,-0.4986536955,-0.1501648005,0.05355330578,0.4538694705
53.97546,-0.1078948541,-0.3074858152,-0.03146064958,0.1247474178,0.4429918968
53.99215,-0.02866535327,-0.08262527821,0.0826863606,0.205233695,0.4034620751
54.00884,0.05399363925,0.153970722,0.197998828,0.2887787206,0.3409336192
54.02553,0.1449282968,0.3730076722,0.3233210137,0.3702607539,0.2623899298
54.04222,0.2358629544,0.5547445589,0.4630717374,0.4389674825,0.1739202506
54.05891,0.3264536947,0.6848059526,0.6124261189,0.4824292411,0.08595712777
54.0756,0.4162193134,0.7627225966,0.7555212169,0.4958332705,0.01266217575
54.09229,0.5059849322,0.8014646821,0.8668711291,0.4822615884,-0.040986005
54.10898,0.58545571,0.8170461235,0.9189068397,0.4575882746,-0.06864516078
54.12567,0.64036922,0.8239013371,0.8984570767,0.4328421244,-0.06411130518
54.14236,0.6952827301,0.8258498668,0.8059161791,0.4117685156,-0.03197928322
54.15905,0.7273329638,0.8197914342,0.6641618003,0.3925188367,0.02360418291
54.17574,0.7051579722,0.7968430429,0.5086849839,0.3681193849,0.09546467833
54.19243,0.6829829807,0.7400246498,0.3750545228,0.3317076972,0.1717702042
54.20912,0.6366237824,0.6437251889,0.2878215824,0.2874294213,0.2445292529
54.22581,0.5332346236,0.5115788228,0.2503753476,0.2381978636,0.3087484983
54.2425,0.4298454648,0.357940949,0.2465512097,0.1944381553,0.3539707252
54.25919,0.3138955672,0.2034802462,0.2540451933,0.1686239171,0.3776860053
54.27588,0.1684946384,0.06439591581,0.2488561234,0.1706391092,0.3750633373
54.29257,0.0230937097,-0.05583234605,0.2206420145,0.2000741445,0.3508185111
54.30926,-0.1161868314,-0.1555525439,0.1666247486,0.2462040205,0.3066612945
54.32595,-0.2411986842,-0.2358457823,0.09167192925,0.2902870621,0.2447968121
54.34264,-0.366210537,-0.3044438319,0.007535211091,0.3129246189,0.1704109315
54.35933,-0.4693328102,-0.368834258,-0.07141319055,0.2967440246,0.09516505177
54.37602,-0.5217130359,-0.4362785627,-0.1389975357,0.2316334907,0.02178372468
54.39271,-0.5740932616,-0.5059903531,-0.1903628228,0.1173912405,-0.04457527202
54.4094,-0.5997891819,-0.5748542643,-0.2322981859,-0.03633834606,-0.09990672166
54.42609,-0.5639790989,-0.6343199302,-0.2813856275,-0.2110645632,-0.1512449285
54.44278,-0.528169016,-0.6796480768,-0.3510834816,-0.3829200742,-0.2052400868
54.45947,-0.4758250171,-0.7023415656,-0.4480477704,-0.5304688081,-0.259933424
54.47616,-0.3855867179,-0.7012438095,-0.5731558704,-0.6447692914,-0.3192265371
54.49285,-0.2953484186,-0.6779470059,-0.7110691298,-0.7220749329,-0.3851953609
54.50954,-0.207176724,-0.6340853349,-0.8366262887,-0.7619810633,-0.4481624116
54.52623,-0.1237147768,-0.5786847658,-0.9211930801,-0.7762522897,-0.5114250021
54.54292,-0.04025282954,-0.5200751216,-0.9366107091,-0.7762657254,-0.5736583984
54.55961,0.02977458385,-0.4572263462,-0.8700428829,-0.7690242313,-0.626132539
54.5763,0.06935739801,-0.3905593934,-0.7303088755,-0.7576513234,-0.6635242618
54.59299,0.1089402122,-0.3114095852,-0.5410554062,-0.7358078432,-0.6847741222
54.60968,0.1354343798,-0.2060021989,-0.3389864006,-0.6852854855,-0.6815725147
54.62637,0.1324344435,-0.08197052126,-0.156374853,-0.5951197688,-0.6539742886
54.64306,0.1294345072,0.05437415926,-0.01203127243,-0.4596281696,-0.601322452
54.65975,0.1227782053,0.1857183724,0.09223683264,-0.287539686,-0.5213313691
54.67644,0.1079288046,0.2855415268,0.1694169661,-0.1019928503,-0.4097738623
54.69313,0.09307940387,0.3426354326,0.239982054,0.07315663661,-0.2682629029
54.70982,0.08288619828,0.3533528483,0.3166930182,0.2243281207,-0.1014376173
54.72651,0.08306811219,0.3190647971,0.4007037529,0.3450277975,0.08829707106
54.7432,0.08325002609,0.2548010706,0.4815806869,0.4422070001,0.2788965365
54.75989,0.08960663476,0.1826578809,0.5457357753,0.5243443474,0.4576855564
54.77658,0.1096451297,0.1216390403,0.5790749065,0.5940501866,0.618041312
54.79327,0.1296836247,0.08926373163,0.5725532096,0.6557805309,0.7505346585
54.80996,0.1501885889,0.09567772316,0.5319855304,0.7130755214,0.8490079863
54.82665,0.1717213971,0.1389142317,0.4711878093,0.7581883815,0.9194218012
54.84334,0.1932542054,0.2066735929,0.4095830533,0.7859770636,0.9489981316
54.86003,0.2122798727,0.2843754616,0.3694495388,0.7913191225,0.9394206847
54.87672,0.2258118812,0.3551534537,0.3628690097,0.767659559,0.8916995486
54.89341,0.2393438897,0.4074962226,0.3970374347,0.715780459,0.8079378102
54.9101,0.2508106334,0.4384661723,0.4691787282,0.6398403966,0.6919467765
54.92679,0.2577770665,0.4477150947,0.5588753363,0.5459367662,0.5494597449
54.94348,0.2647434997,0.4449441172,0.6391612066,0.4494532599,0.3786145377
54.96017,0.2715046842,0.4355480519,0.6796802131,0.3594178681,0.1934450114
54.97686,0.2778210983,0.426737347,0.6548887995,0.2823838466,0.003016710553
54.99355,0.2841375125,0.4204913873,0.5644663973,0.2139948101,-0.1771011385
55.01024,0.2863417686,0.4124545297,0.4204832045,0.1343553213,-0.3288458795
55.02693,0.2796842849,0.3919491018,0.2471962603,0.02674518415,-0.4426371873
55.04362,0.2730268013,0.3412524636,0.0739671826,-0.1139458138,-0.5187471233
55.06031,0.2539070592,0.2505617496,-0.07973517157,-0.2846985351,-0.5488156551
55.077,0.2080791247,0.1214371976,-0.211678898,-0.4639988183,-0.5399614531
55.09369,0.1622511902,-0.03558092679,-0.3278407249,-0.6230204701,-0.5063453617
55.11038,0.1031266319,-0.1994717243,-0.4425772735,-0.7383271213,-0.4570862464
55.12707,0.01566255272,-0.3495898411,-0.5614439559,-0.7912022465,-0.407787072
55.14376,-0.07180152644,-0.4809088527,-0.6805652096,-0.7778422029,-0.3680993597
55.16045,-0.1659205732,-0.5797815603,-0.7859371256,-0.7115722163,-0.3375355145
55.17714,-0.2741456636,-0.6454962182,-0.8571680712,-0.615787279,-0.3115181274
55.19383,-0.382370754,-0.6881652037,-0.8751110888,-0.5104383738,-0.291625082
55.21052,-0.4830760762,-0.7156172933,-0.8327667164,-0.4143707019,-0.2741995693
55.22721,-0.5679296709,-0.7410940332,-0.7342450286,-0.3344649337,-0.2519487193
55.2439,-0.6527832656,-0.7735510412,-0.5961223608,-0.2739234534,-0.2242486214
55.26059,-0.7131072212,-0.7898009489,-0.4444899173,-0.2306563315,-0.1943607555
55.27728,-0.7220054028,-0.7764992055,-0.3033424615,-0.1989925764,-0.1609800787
55.29397,-0.7309035843,-0.7239709678,-0.1906453118,-0.1708207399,-0.1302454541
55.31066,-0.7071275719,-0.6297096994,-0.1185825915,-0.1380160693,-0.1032227627
55.32735,-0.615224959,-0.5049598457,-0.0911232716,-0.09560621156,-0.07544762742
55.34404,-0.5233223462,-0.3644960944,-0.09780446002,-0.0470785924,-0.04972438656
55.36073,-0.4126931298,-0.2200074238,-0.121736615,0.001250179328,-0.02594070776
55.37742,-0.2632312141,-0.08805132674,-0.1442852,0.03863195902,0.001125274393
55.39411,-0.1137692984,0.01639099196,-0.1415535556,0.05634632536,0.0246703004
55.4108,0.03237939922,0.09344679146,-0.09932174344,0.05546411859,0.04863168477
55.42749,0.1716949644,0.1558525103,-0.02217318432,0.04458200958,0.06945062928
55.44418,0.3110105295,0.2210838083,0.07764041926,0.03132837658,0.08107239021
55.46087,0.4285927359,0.3079294558,0.1806738139,0.0282887548,0.08395866709
55.47756,0.5015957308,0.4337330814,0.2691925312,0.04610833683,0.08003753615
55.49425,0.5745987258,0.5920851416,0.3405665391,0.09318863935,0.06510137003
55.51094,0.6202445343,0.7634612014,0.4058035446,0.1656822763,0.04347999699
55.52763,0.6100796891,0.9155207968,0.4788277506,0.2552724684,0.02272658326
55.54432,0.599914844,1.014371518,0.5719747025,0.3447739137,0.00946882671
55.56101,0.5698274576,1.038343102,0.6859060489,0.4211632408,0.008528379334
55.5777,0.4993164757,0.9866646833,0.8060653877,0.4837856462,0.0284463597
55.59439,0.4288054939,0.8810514422,0.9019873615,0.5367520703,0.07192329676
55.61108,0.3551263874,0.7446863626,0.9441484156,0.5820188515,0.131294813
55.62777,0.2750537418,0.599883112,0.9119677522,0.6230959213,0.2024896754
55.64446,0.1949810963,0.4628904249,0.8039201827,0.6538085728,0.2812435667
55.66115,0.1198276792,0.3383141136,0.6365903962,0.6642208037,0.3585219845
55.67784,0.05454817278,0.2231929234,0.4360921665,0.6479571626,0.4320131454
55.69453,-0.01073133361,0.1206536258,0.2309821965,0.5981337137,0.4993869582
55.71122,-0.07073070087,0.01722867952,0.04603440065,0.5103943124,0.5535459028
55.72791,-0.120188749,-0.09416897047,-0.1037396901,0.3910173141,0.5845065331
55.7446,-0.1696467972,-0.2089247187,-0.2094987667,0.2464514766,0.5861389388
55.76129,-0.2131110384,-0.3183844045,-0.2757738435,0.09042326101,0.5516433114
55.77798,-0.2446734444,-0.413412566,-0.3169639051,-0.06046932885,0.4781561329
55.79467,-0.2762358505,-0.4788684408,-0.3466512179,-0.1920020408,0.3648817382
55.81136,-0.2998475815,-0.5149228359,-0.3779347104,-0.2922130734,0.2196322183
55.82805,-0.3077563749,-0.5207506016,-0.4178633053,-0.3570749778,0.04579378837
55.84474,-0.3156651684,-0.4964002132,-0.4612460888,-0.3903974068,-0.1481993923
55.86143,-0.3147493815,-0.4500289573,-0.5005704921,-0.4048049145,-0.3563066391
55.87812,-0.2964979183,-0.3972770209,-0.5262657027,-0.419001171,-0.5592635994
55.89481,-0.278246455,-0.3508192456,-0.5265024319,-0.4552264448,-0.7387940738
55.9115,-0.2520351629,-0.3166208726,-0.499892239,-0.5243919145,-0.8721568073
55.92819,-0.2102705061,-0.2990892472,-0.4548932634,-0.6243783626,-0.9486892144
55.94488,-0.1685058493,-0.2935960066,-0.4155689059,-0.7364700475,-0.9673785998
55.96157,-0.1264303191,-0.2865846331,-0.4074446563,-0.8322282809,-0.9360601255
55.97826,-0.083750587,-0.2734021048,-0.4481314674,-0.8799442137,-0.8655288625
55.99495,-0.04107085492,-0.2535597296,-0.5300806609,-0.8650218738,-0.7661931566
56.01164,-0.008325839435,-0.2309992798,-0.6287132887,-0.7898294767,-0.6450337435
56.02833,0.005213221258,-0.2242370347,-0.701171485,-0.6716565614,-0.5180412241
56.04502,0.01875228195,-0.2387926297,-0.7133068563,-0.5339855629,-0.3875031256
56.06171,0.0185275511,-0.2699351498,-0.6491908578,-0.3933852593,-0.2572998661
56.0784,-0.008164155519,-0.3018152072,-0.5125393772,-0.2565353415,-0.1295675969
56.09509,-0.03485586214,-0.3108179111,-0.3257849382,-0.1240659806,-0.000295554399
56.11178,-0.06592106522,-0.2817522779,-0.1217788814,0.008824850257,0.125912212
56.12847,-0.1053516298,-0.2101793885,0.07619595265,0.143776245,0.2352728447
56.14516,-0.1447821944,-0.09989436192,0.2506388034,0.2829847193,0.32805343
56.16185,-0.1720313784,0.03896249961,0.3902058367,0.4272537377,0.3972434377
56.17854,-0.1761041617,0.1893919807,0.4970692494,0.57155537,0.4484502425
56.19523,-0.180176945,0.3289945161,0.5768880173,0.7016313295,0.4864364688
56.21192,-0.1623755816,0.4414669241,0.6368599651,0.8009954441,0.5136818269
56.22861,-0.1031763529,0.5185618679,0.6872650965,0.8574341204,0.5325459049
56.2453,-0.04397712418,0.5574055739,0.7337974223,0.8686751574,0.5423856442
56.26199,0.03012182084,0.5646060843,0.7718539666,0.8393550265,0.542169237
56.27868,0.1322703183,0.5450324473,0.7883311106,0.7804692584,0.5336816747
56.29537,0.2344188157,0.5131419141,0.7689300571,0.7007902615,0.5098687337
56.31206,0.3304647075,0.482785333,0.702985493,0.6080770584,0.470787183
56.32875,0.4150826564,0.4685860218,0.5910003522,0.5115258697,0.4183212831
56.34544,0.4997006052,0.4814865282,0.4485039482,0.4154821715,0.3478665431
56.36213,0.5584282321,0.5192887629,0.2964820731,0.3187714713,0.2672991122
56.37882,0.5689279179,0.5622325089,0.1655306151,0.2195244005,0.1801821748
56.39551,0.5794276037,0.592115854,0.08171249958,0.1145262545,0.08388826062
56.4122,0.5594742329,0.5836556606,0.06028358872,0.004412014297,-0.01803392678
56.42889,0.4830916082,0.5298708048,0.09162898818,-0.1000277291,-0.1231201877
56.44558,0.4067089836,0.4433749223,0.1471123479,-0.1854134073,-0.22776577
56.46227,0.3143321879,0.3436661241,0.1865245786,-0.2347699665,-0.322576013
56.47896,0.1924738027,0.2415944241,0.1797505111,-0.2379536419,-0.4044183207
56.49565,0.07061541738,0.1337417951,0.113010875,-0.2063668856,-0.4640623056
56.51234,-0.04814467057,0.02211175712,-0.002931455535,-0.1623984176,-0.4947505749
56.52903,-0.16122367,-0.09621506317,-0.1444463065,-0.1322477493,-0.4924531934
56.54572,-0.2743026694,-0.2221838075,-0.2836489522,-0.1387372893,-0.4515011755
56.56241,-0.3707932754,-0.3561156618,-0.4023902848,-0.1876697627,-0.3770012186
56.5791,-0.4370262025,-0.4968223144,-0.4971080606,-0.270603108,-0.2789717295
56.59579,-0.5032591296,-0.6392956314,-0.5727672149,-0.3724996179,-0.1660738056
56.61248,-0.5497925506,-0.7635734915,-0.6368823407,-0.4700249913,-0.05486137844
56.62917,-0.5605811681,-0.856584468,-0.6960436379,-0.543512656,0.04425763475
56.64586,-0.5713697857,-0.9052171357,-0.7519164516,-0.5804810588,0.1122749224
56.66255,-0.5657627552,-0.9201858857,-0.8051431247,-0.5741702961,0.1468009738
56.67924,-0.5305608913,-0.9042438336,-0.8504262208,-0.531513287,0.1482114578
56.69593,-0.4953590274,-0.8520961137,-0.8702900437,-0.463773855,0.1162370248
56.71262,-0.4505168997,-0.7729438492,-0.8473828363,-0.381020987,0.06055654341
56.72931,-0.3883642816,-0.6714372131,-0.77031142,-0.2991309395,-0.01058454828
56.746,-0.3262116634,-0.5468066961,-0.6347312692,-0.2323993442,-0.09922594196
56.76269,-0.2554779722,-0.4141182877,-0.4502576314,-0.1855170212,-0.1898549444
56.77938,-0.1694158199,-0.2739516353,-0.2390039806,-0.159852015,-0.2772084995
56.79607,-0.08335366762,-0.11492909,-0.02699541242,-0.1503096152,-0.3546291137
56.81276,0.007555035786,0.05945990873,0.1547879059,-0.1421217996,-0.4102319572
56.82945,0.107076246,0.2391107729,0.2798232919,-0.1231989247,-0.438621255
56.84614,0.2065974562,0.4201274773,0.3410059744,-0.08710516096,-0.4343605604
56.86283,0.2995236917,0.5838895982,0.3470244544,-0.0345297873,-0.3938839483
56.87952,0.3807911493,0.7034388068,0.3231765471,0.02651219036,-0.3232348407
56.89621,0.4620586069,0.7622538453,0.3003228985,0.0862302985,-0.2227988306
56.9129,0.5213802977,0.7547724782,0.3012072143,0.1390594052,-0.1013476915
56.92959,0.542106458,0.6877615962,0.3329175342,0.1876710965,0.02868775019
56.94628,0.5628326183,0.5970597041,0.3846724952,0.240828448,0.1602929115
56.96297,0.5572565998,0.515508042,0.43301263,0.304780636,0.2821612152
56.97966,0.505662601,0.4671777143,0.4644433785,0.382737051,0.3883050405
56.99635,0.4540686021,0.4594886624,0.4734329565,0.4744391407,0.4778839634
57.01304,0.3845070805,0.4815476309,0.4651370507,0.5698728317,0.5497658798
57.02973,0.2836720381,0.5105132666,0.4567184215,0.6559824881,0.5997093829
57.04642,0.1828369957,0.5259915632,0.4615536526,0.7203157086,0.6256889326
57.06311,0.08469022635,0.5106670262,0.4870725334,0.756422348,0.6278410488
57.0798,-0.008801562619,0.463391265,0.5321251615,0.7595436931,0.6090632184
57.09649,-0.1022933516,0.3870760451,0.5827388986,0.732246949,0.571664282
57.11318,-0.174611882,0.2850863279,0.6198086369,0.6798505524,0.5176233197
57.12987,-0.2104557613,0.1680341025,0.6208989962,0.6095439527,0.4474069044
57.14656,-0.2462996406,0.04932802567,0.568047408,0.528943021,0.3596703297
57.16325,-0.2594045494,-0.05669819339,0.4532208216,0.4418016058,0.2647593107
57.17994,-0.2335389295,-0.1338405605,0.2805240851,0.3447033761,0.1617927882
57.19663,-0.2076733096,-0.1805904767,0.06898278867,0.2280838024,0.05648762799
57.21332,-0.1745524946,-0.2123244754,-0.1540151246,0.08441755627,-0.0455119845
57.23001,-0.1290613957,-0.2350640928,-0.3647853935,-0.08781951164,-0.1401028333
57.2467,-0.08357029674,-0.2544912857,-0.537608355,-0.2838776558,-0.233617838
57.26339,-0.04736621472,-0.2816657545,-0.6582915787,-0.4914187438,-0.3230183612
57.28008,-0.026915554,-0.3100608916,-0.723991066,-0.6903954997,-0.413386166
57.29677,-0.006464893279,-0.3333852586,-0.7451088331,-0.8586448351,-0.5055061601
57.31346,-0.00168718654,-0.3530229755,-0.7402404475,-0.9721219852,-0.5968666025
57.33015,-0.0233591671,-0.3516324721,-0.7296929797,-1.011327262,-0.6814240049
57.34684,-0.04503114766,-0.3214188115,-0.7188478098,-0.9736882055,-0.7606155769
57.36353,-0.0769990665,-0.2858175743,-0.7045924428,-0.8752207987,-0.8281553892
57.38022,-0.1262535848,-0.2622098411,-0.6729160082,-0.7449497896,-0.8722911116
57.39691,-0.1755081031,-0.2621896116,-0.6137804819,-0.6150674076,-0.8814756937
57.4136,-0.2224741751,-0.2871924743,-0.5214057224,-0.5095183659,-0.8438949754
57.43029,-0.2656176266,-0.3247667226,-0.4079732221,-0.4345468966,-0.7500635697
57.44698,-0.308761078,-0.3561770403,-0.2936253453,-0.3831945768,-0.6082756495
57.46367,-0.336514996,-0.3714150139,-0.2034036338,-0.3381522079,-0.4336283845
57.48036,-0.3386933257,-0.3652080512,-0.1523972089,-0.2792471804,-0.2431626351
57.49705,-0.3408716553,-0.3349842166,-0.1477088081,-0.1984176731,-0.05704727838
57.51374,-0.3255644109,-0.2814303413,-0.1785210128,-0.09375347629,0.1153944637
57.53043,-0.2813462012,-0.2176148139,-0.2219681878,0.02911116998,0.2729399191
57.54712,-0.2371279914,-0.158586637,-0.2526278221,0.1545096119,0.405686782
57.56381,-0.1844716728,-0.1116194804,-0.2460057016,0.2718547242,0.5132851982
57.5805,-0.1179345981,-0.07560161117,-0.1878775887,0.372784916,0.5927385986
57.59719,-0.0513975234,-0.04562974083,-0.08195455243,0.4477476809,0.6383979862
57.61388,0.01569916336,-0.002646278369,0.06261896917,0.4956318056,0.6523171508
57.63057,0.08371173969,0.07079963196,0.2261061736,0.5226584375,0.6377481855
57.64726,0.151724316,0.1798585258,0.3856736565,0.5345187733,0.5938223535
57.66395,0.2169418139,0.3243098348,0.5263303977,0.5413466362,0.5238337222
57.68064,0.2776079558,0.4958151162,0.6322958253,0.5496174648,0.4318377795
57.69733,0.3382740977,0.6749433038,0.6943186418,0.5574645458,0.3239341816
57.71402,0.3933755188,0.8452604821,0.7204841206,0.5573834902,0.2080648805
57.73071,0.4394615684,0.9804020833,0.7223664098,0.5390724196,0.09629155564
57.7474,0.4855476179,1.055674523,0.7179297179,0.4928847838,-0.0004277346965
57.76409,0.5192271627,1.060093572,0.7151836284,0.41986925,-0.07768374129
57.78078,0.5329087419,0.9962373062,0.7017670974,0.3285467898,-0.1283815786
57.79747,0.5465903211,0.8809145964,0.6601500836,0.2334637728,-0.1526796625
57.81416,0.5392686113,0.7382233516,0.5708328463,0.1527228234,-0.1542101158
57.83085,0.4982629996,0.5887901836,0.4263257179,0.09593708868,-0.1370241828
57.84754,0.4572573878,0.4481578038,0.2404677057,0.05945565776,-0.106529608
57.86423,0.3920015479,0.3241226965,0.03762246848,0.03557042393,-0.07082755249
57.88092,0.2880509426,0.2131888769,-0.150816489,0.01030770065,-0.03175025422
57.89761,0.1841003373,0.102923514,-0.2907186774,-0.02831669247,0.005686650662
57.9143,0.06603214956,-0.02130012324,-0.3657015907,-0.08275620421,0.03876742706
57.93099,-0.07444906825,-0.15919115,-0.3814655711,-0.1470839358,0.06064423276
57.94768,-0.214930286,-0.2988435989,-0.355959973,-0.2090021627,0.0675684616
57.96437,-0.3465004239,-0.4288509051,-0.3142693331,-0.254018338,0.05583209384
57.98106,-0.4639946365,-0.536183623,-0.2819516296,-0.2718992686,0.0253325113
57.99775,-0.5814888491,-0.6170774902,-0.27681065,-0.2595126211,-0.02488914201
58.01444,-0.6681789786,-0.6702411841,-0.303677582,-0.2238279499,-0.08733423523
58.03113,-0.7064559112,-0.6989670917,-0.3623328333,-0.1768342059,-0.1554481071
58.04782,-0.7447328438,-0.7036586162,-0.4376532634,-0.139242483,-0.22276958
58.06451,-0.7473502962,-0.6904664643,-0.5075400849,-0.1304794952,-0.2796582688
58.0812,-0.6942053049,-0.6667698649,-0.5560494584,-0.1621713135,-0.3233127878
58.09789,-0.6410603136,-0.6369980648,-0.5746757856,-0.2377808764,-0.3540636078
58.11458,-0.5635933932,-0.6016974609,-0.5645399417,-0.3478018579,-0.3707910319
58.13127,-0.4482840839,-0.5612267417,-0.53929522,-0.4722466667,-0.3747374123
58.14796,-0.3329747746,-0.5044889576,-0.5137365948,-0.5887546295,-0.3730981851
58.16465,-0.2161117368,-0.4222844173,-0.4986850899,-0.6721878819,-0.3680522854
58.18134,-0.09684338496,-0.3176436113,-0.5006603616,-0.7028561404,-0.362624958
58.19803,0.02242496693,-0.1908201841,-0.5094240409,-0.676362495,-0.3621350769
58.21472,0.1229136187,-0.05938110539,-0.5002347645,-0.5994003535,-0.3702623773
58.23141,0.1944752437,0.06099249514,-0.4498668404,-0.4863679191,-0.3819378703
58.2481,0.2660368687,0.1597977628,-0.3391626432,-0.3594021768,-0.391503962
58.26479,0.3121977852,0.2340154923,-0.1645676424,-0.2345030396,-0.3930864264
58.28148,0.3194289359,0.2904329933,0.05288207859,-0.1150020793,-0.3710166905
58.29817,0.3266600865,0.3480842448,0.2810567815,0.001389108438,-0.3238141286
58.31486,0.3184778062,0.4108344274,0.483041275,0.1176251426,-0.2562686773
58.33155,0.2867906266,0.4887519649,0.62623525,0.2398838386,-0.1666714224
58.34824,0.255103447,0.5691414516,0.700858583,0.3656311829,-0.05047749559
58.36493,0.2241722928,0.6318950271,0.715835327,0.4877468786,0.08397940585
58.38162,0.1943882901,0.6651422963,0.6906050144,0.5977739272,0.2270532499
58.39831,0.1646042875,0.6607303631,0.6493927861,0.6852879455,0.3717413341
58.415,0.1418430589,0.6074074252,0.6107031243,0.741629922,0.510070782
58.43169,0.1296846349,0.5168822631,0.5806557231,0.7683898174,0.627615776
58.44838,0.117526211,0.3993589828,0.5588252006,0.7695429168,0.7271725785
58.46507,0.1082277285,0.267066835,0.5398217132,0.749356231,0.8003052879
58.48176,0.1032255897,0.1471071564,0.5074215819,0.7127620597,0.8364928523
58.49845,0.098223451,0.06383797906,0.4522679152,0.6672215568,0.8400674796
58.51514,0.09200293534,0.02045469782,0.3748348973,0.6168360517,0.8091042229
58.53183,0.08396122845,0.02139153847,0.2811988835,0.5631037508,0.7367463021
58.54852,0.07591952156,0.06242551854,0.1827511889,0.500332417,0.6292946296
58.56521,0.06552130363,0.1211661731,0.09739878762,0.4194207459,0.4866182372
58.5819,0.05161817061,0.179077628,0.03954823846,0.3142436471,0.3176948074
58.59859,0.0377150376,0.217920895,0.01795785811,0.1874015118,0.1335041025
58.61528,0.02545540011,0.2206586702,0.03304051624,0.04261333955,-0.06105962855
58.63197,0.01562803832,0.1915254218,0.06863277015,-0.1098952914,-0.2528082729
58.64866,0.005800676532,0.141313004,0.09116447704,-0.2530359833,-0.4317101733
58.66535,-0.0005331519862,0.07690772151,0.06916587163,-0.3702728398,-0.5897705184
58.68204,-0.001722429276,0.01118963253,-0.01548117648,-0.4562536359,-0.7155593433
58.69873,-0.002911706565,-0.05317119769,-0.1617251871,-0.5149894864,-0.8029737089
58.71542,-0.009850837224,-0.1192677448,-0.3442974224,-0.5622169544,-0.8459253685
58.73211,-0.02521515925,-0.1895616153,-0.5269923386,-0.6164856578,-0.8418289471
58.7488,-0.04057948128,-0.269488417,-0.6778296322,-0.6847320286,-0.7955244196
58.76549,-0.06833221318,-0.3634706554,-0.7769804101,-0.7587548345,-0.7159666226
58.78218,-0.1141475751,-0.4645803267,-0.8194047706,-0.8268520151,-0.6141783813
58.79887,-0.1599629371,-0.5592751453,-0.8156105,-0.8691546294,-0.5032282842
58.81556,-0.2130519889,-0.632422046,-0.7847129415,-0.8671234473,-0.3908662929
58.83225,-0.2766937655,-0.6722994997,-0.7439301463,-0.8108775059,-0.2892434773
58.84894,-0.340335542,-0.6765797888,-0.6995021704,-0.6991627948,-0.2048382834
58.86563,-0.3978093146,-0.6511157016,-0.6493353355,-0.5391037295,-0.1392804893
58.88232,-0.4463787652,-0.6084294521,-0.5828584428,-0.3515808128,-0.09075215231
58.89901,-0.4949482157,-0.5582018608,-0.4886039344,-0.1585577444,-0.05365400739
58.9157,-0.5195976831,-0.5056454009,-0.3635858204,0.01657931325,-0.02152734025
58.93239,-0.5098861819,-0.452602464,-0.2089587659,0.1601357027,0.01176257928
58.94908,-0.5001746806,-0.3948273037,-0.03225097722,0.2644222614,0.04719000776
58.96577,-0.459111177,-0.3245549055,0.1468444464,0.3281083381,0.08171881178
58.98246,-0.3732330204,-0.2385915537,0.3047221264,0.3548904476,0.1170759065
58.99915,-0.2873548638,-0.1318169598,0.4212948366,0.3562263524,0.1562332674
59.01584,-0.1798889773,-0.006198235882,0.4823920563,0.3459311597,0.1938383048
59.03253,-0.04171775648,0.1336757981,0.4867434539,0.3374105261,0.2263788275
59.04922,0.09645346437,0.281781454,0.4440192928,0.3358599816,0.2503173075
59.06591,0.2291125797,0.4250776325,0.3777857354,0.3381871429,0.258129727
59.0826,0.3539701913,0.5428974402,0.3186037024,0.3366804042,0.253616807
59.09929,0.4788278028,0.6221990339,0.2913147703,0.3251958635,0.2430808761
59.11598,0.5727070518,0.6591166185,0.3126837666,0.3038974775,0.2214558293
59.13267,0.6229573225,0.6648110801,0.3795110625,0.2761573025,0.1903309313
59.14936,0.6732075932,0.6647504109,0.4694352768,0.2519427849,0.1544200294
59.16605,0.6849228614,0.6791811782,0.5555191479,0.2417295497,0.1113772402
59.18274,0.64263368,0.7124573054,0.6157486528,0.2541367679,0.06247268257
59.19943,0.6003444986,0.7577257586,0.6365284957,0.2882728154,0.01479555229
59.21612,0.5329210965,0.8002995695,0.6262157735,0.331740339,-0.02873390359
59.23281,0.4304468158,0.8096446488,0.6014381439,0.3679951829,-0.058621254
59.2495,0.3279725351,0.7675865389,0.575416156,0.3834955817,-0.06761081798
59.26619,0.2219262489,0.6692584808,0.5532540965,0.3706519474,-0.05570710305
59.28288,0.1109231024,0.5141501227,0.5253733263,0.3331775253,-0.02181873029
59.29957,-8.004414514e-05,0.320855673,0.4753328278,0.2812552676,0.03174107355
59.31626,-0.096852817,0.1131266778,0.3882991367,0.2233459207,0.08706876716
59.33295,-0.1739750881,-0.09641564794,0.2554491562,0.1668045258,0.1352411687
59.34964,-0.2510973592,-0.2879279522,0.08081678314,0.1181429367,0.1757206712
59.36633,-0.3116515717,-0.4469216332,-0.1215816456,0.07487841538,0.2040425661
59.38302,-0.3494394332,-0.5718826366,-0.3339795765,0.02955085923,0.2183711165
59.39971,-0.3872272947,-0.6595043997,-0.528081234,-0.0269240492,0.2180558862
59.4164,-0.4139511935,-0.7137498219,-0.6806365864,-0.1039392163,0.1918918588
59.43309,-0.4255464964,-0.7403373024,-0.7741133018,-0.2031505859,0.1403865711
59.44978,-0.4371417993,-0.7481103968,-0.8022325431,-0.3193733211,0.07010338422
59.46647,-0.437184304,-0.7424390017,-0.7714656624,-0.4419584548,-0.01866034741
59.48316,-0.4215071597,-0.7178230938,-0.6969849674,-0.5552652248,-0.1280289605
59.49985,-0.4058300153,-0.6726569943,-0.6008803367,-0.6427995177,-0.2513261436
59.51654,-0.3767569278,-0.6042150733,-0.5078496546,-0.6910273869,-0.3878084595
59.53323,-0.3295454688,-0.5057880579,-0.4372459547,-0.6913171821,-0.5308983306
59.54992,-0.2823340098,-0.3922146363,-0.3979807844,-0.6492964322,-0.6693506152
59.56661,-0.2250319492,-0.2771848602,-0.3809083603,-0.583909727,-0.7875551069
59.5833,-0.1541338321,-0.1720415932,-0.3643957572,-0.5200752909,-0.8645919549
59.59999,-0.08323571487,-0.08971731897,-0.3347938226,-0.4793806292,-0.8839339771
59.61668,-0.01455527427,-0.03916466743,-0.2845476703,-0.4709581122,-0.8420351737
59.63337,0.05115167568,-0.01193456603,-0.219391928,-0.4854260717,-0.7461221063
59.65006,0.1168586256,0.004356706181,-0.1576003742,-0.4995516388,-0.612327094
59.66675,0.168515226,0.02346570871,-0.1179783609,-0.4876758695,-0.4536470268
59.68344,0.2014249264,0.05192331424,-0.1063815552,-0.4286155816,-0.2835262101
59.70013,0.2343346268,0.09469489639,-0.1158465353,-0.3177130722,-0.1162957588
59.71682,0.2464191625,0.1429680191,-0.1230792494,-0.1642783598,0.04224556705
59.73351,0.2308529914,0.1817986263,-0.1015947743,0.01147195137,0.1841514715
59.7502,0.2152868204,0.2075296869,-0.03123363485,0.1895504405,0.303973594
59.76689,0.187377732,0.2174707877,0.09384373969,0.3556240006,0.4003327935
59.78358,0.1431601994,0.2134870639,0.264337817,0.5009024253,0.4750180715
59.80027,0.09894266679,0.2084546433,0.4579431198,0.6214250302,0.5310335029
59.81696,0.05859955647,0.2181952415,0.6440243971,0.7174835318,0.5707255796
59.83365,0.02335069349,0.2429998144,0.7966849307,0.7914095201,0.5938829862
59.85034,-0.01189816949,0.2850896777,0.899079195,0.8459803735,0.6021536206
59.86703,-0.02598849356,0.3450165388,0.9427169914,0.8816923992,0.5913533149
59.88372,-0.01239420094,0.4124810962,0.9281823762,0.8920572588,0.5635911476
59.90041,0.001200091669,0.4779630864,0.8632706689,0.8723188904,0.527757863
59.9171,0.03327804207,0.5318289672,0.7633350361,0.8150028453,0.4818157672
59.93379,0.08942298971,0.5545824855,0.6508246374,0.715617073,0.4254956394
59.95048,0.1455679373,0.5323460062,0.5402654051,0.581144312,0.3632551697
59.96717,0.1996383203,0.4711763058,0.4378898597,0.420991285,0.2919531104
59.98386,0.2510206153,0.3773875089,0.3416465563,0.2468094418,0.208792762
