t_s,theory_z
0.0,-0.00046327643342312615
0.008333330000000139,-0.0004971126098442598
0.016666660000000277,-0.0010018948566156566
0.024999990000000416,-0.0031452863727848114
0.033333320000000555,-0.008747276992135561
0.04166665000000069,-0.019919669491282294
0.04999998000000083,-0.03875374935516319
0.05833331000000097,-0.06715710149839396
0.06666664000000111,-0.10653844310489811
0.07499997000000125,-0.1578260876870229
0.08333330000000139,-0.22127135756455033
0.09166663000000153,-0.2967716588189572
0.09999996000000166,-0.383788018829744
0.1083332900000018,-0.4813112106424039
0.11666662000000194,-0.5880765060515096
0.12499995000000208,-0.7027272616584335
0.13333328000000222,-0.8236772673153339
0.14166661000000236,-0.9491348900342409
0.1499999400000025,-1.0772555618262118
0.15833327000000263,-1.205903631898937
0.16666660000000277,-1.3321184227965548
0.1749999300000029,-1.4506477616022733
0.18333326000000305,-1.5499441743873499
0.1916665900000032,-1.601830115409486
0.19999992000000333,-1.5281540126737239
0.20833325000000347,-1.2033876261847332
0.2166665800000036,-0.6181375727603201
0.22499991000000374,0.19793756199186088
0.23333324000000388,1.1001387354208692
0.24166657000000402,1.8284051926003122
0.24999990000000416,2.310870492919004
0.2583332300000043,2.5264693009382437
0.26666656000000444,2.520646881364915
0.2749998900000046,2.4196661543186058
0.2833332200000047,2.2797477332184988
0.29166655000000485,2.122553648432643
0.299999880000005,1.9578092815379795
0.30833321000000513,1.7903166434645523
0.31666654000000527,1.6230209734108003
0.3249998700000054,1.4580271250211636
0.33333320000000555,1.296966546379297
0.3416665300000057,1.1412351419904825
0.3499998600000058,0.9919079672049335
0.35833319000000596,0.8494915438922819
0.3666665200000061,0.7140037319688974
0.37499985000000624,0.5849930459039849
0.3833331800000064,0.46150663344170567
0.3916665100000065,0.342144266470939
0.39999984000000666,0.2252576042003718
0.4083331700000068,0.1091541566370794
0.41666650000000693,-0.007495827620998116
0.4249998300000071,-0.12522502034626132
0.4333331600000072,-0.24369911276969566
0.44166649000000735,-0.361603566850362
0.4499998200000075,-0.47674220523415467
0.4583331500000076,-0.58617678529069
0.46666648000000777,-0.6864739886434862
0.4749998100000079,-0.7742865838897202
0.48333314000000804,-0.8465276895481894
0.4916664700000082,-0.9007297707724062
0.4999998000000083,-0.9350043513168069
0.5083331300000085,-0.9482990785770034
0.5166664600000086,-0.9402415060010306
0.5249997900000087,-0.9112037053656199
0.5333331200000089,-0.8620420207310624
0.541666450000009,-0.7939489450603472
0.5499997800000092,-0.7084773585926535
0.5583331100000093,-0.6073317437357554
0.5666664400000094,-0.49239722495561816
0.5749997700000096,-0.3657370801857011
0.5833331000000097,-0.22941938981875337
0.5916664300000098,-0.0855206647174079
0.59999976000001,0.06371689266973644
0.6083330900000101,0.21584650924914442
0.6166664200000103,0.36796148606785073
0.6249997500000104,0.5155596364695549
0.6333330800000105,0.6492998895357471
0.6416664100000107,0.7466450788458853
0.6499997400000108,0.747021654495383
0.658333070000011,0.5220942346126973
0.6666664000000111,0.033937545100702696
0.6749997300000112,-0.691320080461737
0.6833330600000114,-1.5395402289854245
0.6916663900000115,-2.2446731040383336
0.6999997200000116,-2.710009882937047
0.7083330500000118,-2.9131798529182644
0.7166663800000119,-2.874245435619349
0.7249997100000121,-2.7189521173041227
0.7333330400000122,-2.5169706428489524
0.7416663700000123,-2.295000197637113
0.7499997000000125,-2.0653007660165033
0.7583330300000126,-1.8341214371291443
0.7666663600000128,-1.604765224487156
0.7749996900000129,-1.3791748056897797
0.783333020000013,-1.1586972798775297
0.7916663500000132,-0.9439870892390507
0.7999996800000133,-0.7349490043803206
0.8083330100000135,-0.530824652851319
0.8166663400000136,-0.33033062839732424
0.8249996700000137,-0.13178152643437682
0.8333330000000139,0.06669695431422175
0.841666330000014,0.26676339803173854
0.8499996600000141,0.46940046459802
0.8583329900000143,0.674529539502934
0.8666663200000144,0.8806181719408381
0.8749996500000146,1.0846262457938554
0.8833329800000147,1.2821233264199723
0.8916663100000148,1.467988946521864
0.899999640000015,1.6369136095627763
0.9083329700000151,1.7840597505532256
0.9166663000000153,1.905389768059318
0.9249996300000154,1.9979728835180066
0.9333329600000155,2.0599952684357374
0.9416662900000157,2.0908404085284764
0.9499996200000158,2.0907622275390305
0.958332950000016,2.0607719393350177
0.9666662800000161,2.002512381378533
0.9749996100000162,1.9179084157643271
0.9833329400000164,1.8091637002907257
0.9916662700000165,1.6786875536915804
0.9999996000000166,1.5289129650022262
1.0083329300000168,1.3623693932320442
1.016666260000017,1.1815214925392488
1.024999590000017,0.9888604471708777
1.0333329200000172,0.7869704392697338
1.0416662500000173,0.5784436946066053
1.0499995800000175,0.36580286287289093
1.0583329100000176,0.15170836787070577
1.0666662400000178,-0.0603849613148612
1.074999570000018,-0.26466185081625
1.083332900000018,-0.44825940963095434
1.0916662300000182,-0.5794565449883604
1.0999995600000183,-0.5728076328139028
1.1083328900000184,-0.31246019180283724
1.1166662200000186,0.2038553138914829
1.1249995500000187,0.9331674865632991
1.1333328800000189,1.6737350705107987
1.141666210000019,2.208268304173179
1.1499995400000191,2.4914515751763826
1.1583328700000193,2.5088777681555334
1.1666662000000194,2.345542159600018
1.1749995300000196,2.111922700913177
1.1833328600000197,1.8516914265536943
1.1916661900000198,1.5830445920003944
1.19999952000002,1.3149067479802479
1.20833285000002,1.0516586231312022
1.2166661800000202,0.7950952495133926
1.2249995100000204,0.5458191254185051
1.2333328400000205,0.3034312899163853
1.2416661700000207,0.06664151427747916
1.2499995000000208,-0.1666753771246758
1.258332830000021,-0.39931102351488734
1.266666160000021,-0.6341836056825595
1.2749994900000212,-0.8737069243436847
1.2833328200000214,-1.1190447622105886
1.2916661500000215,-1.3694656419305942
1.2999994800000216,-1.6217179044932803
1.3083328100000218,-1.8701090291710942
1.316666140000022,-2.1074480428701903
1.324999470000022,-2.325764892420607
1.3333328000000222,-2.5174068055528
1.3416661300000223,-2.6759363094249484
1.3499994600000225,-2.7966377920570475
1.3583327900000226,-2.8767659718690237
1.3666661200000227,-2.915497357045532
1.3749994500000229,-2.9135733575894127
1.383332780000023,-2.872854030143152
1.3916661100000232,-2.796024041139944
1.3999994400000233,-2.6860517959065704
1.4083327700000234,-2.546038823440366
1.4166661000000236,-2.379128740721322
1.4249994300000237,-2.188410661688986
1.4333327600000239,-1.9769225500762777
1.441666090000024,-1.747628110053856
1.4499994200000241,-1.5033568409748215
1.4583327500000243,-1.246957619260213
1.4666660800000244,-0.9812538214615312
1.4749994100000245,-0.708953847253369
1.4833327400000247,-0.4327341786407134
1.4916660700000248,-0.15522892459933582
1.499999400000025,0.12076791749875514
1.508332730000025,0.3917405078142451
1.5166660600000252,0.652145282795288
1.5249993900000254,0.890113805770569
1.5333327200000255,1.0769253360535787
1.5416660500000257,1.1373937492259407
1.5499993800000258,0.9500913764302394
1.558332710000026,0.5030557967462926
1.566666040000026,-0.16509297631285857
1.5749993700000262,-0.8632102997229385
1.5833327000000263,-1.3642360004340466
1.5916660300000265,-1.6140002190194276
1.5999993600000266,-1.601335613955485
1.6083326900000268,-1.4238692557371821
1.616666020000027,-1.1878714156380852
1.624999350000027,-0.9338961653414365
1.6333326800000272,-0.6786229965860971
1.6416660100000273,-0.4299268891034089
1.6499993400000275,-0.19116900555135768
1.6583326700000276,0.03719652877481646
1.6666660000000277,0.256395085782294
1.6749993300000279,0.4690638884782787
1.683332660000028,0.6790126695923243
1.6916659900000282,0.8909480371349692
1.6999993200000283,1.1099282432432451
1.7083326500000284,1.340197390536184
1.7166659800000286,1.5836280547975432
1.7249993100000287,1.8385377135058614
1.7333326400000288,2.0990189180319856
1.741665970000029,2.3554891590819715
1.7499993000000291,2.5962373815609716
1.7583326300000293,2.8092729426342817
1.7666659600000294,2.9841667824571396
1.7749992900000295,3.113428131681952
1.7833326200000297,3.192904721779791
1.7916659500000298,3.2216704714250266
1.79999928000003,3.2014442411383635
1.80833261000003,3.1356095796185746
1.8166659400000302,3.0284405331947117
1.8249992700000304,2.8843235585530635
1.8333326000000305,2.707524133304964
1.8416659300000306,2.502089627910026
1.8499992600000308,2.2717573375060622
1.858332590000031,2.0200112990910903
1.866665920000031,1.7501091425111082
1.8749992500000312,1.4651331381044082
1.8833325800000313,1.168085608815564
1.8916659100000315,0.8618315018873115
1.8999992400000316,0.549211066242262
1.9083325700000318,0.23303807822544645
1.916665900000032,-0.0839428662401209
1.924999230000032,-0.39904264140962153
1.9333325600000322,-0.7095753736905566
1.9416658900000323,-1.0125615634388134
1.9499992200000325,-1.3042243911130618
1.9583325500000326,-1.5780714718760713
1.9666658800000327,-1.8198572619978475
1.9749992100000329,-1.9951948587959154
1.983332540000033,-2.01834039229233
1.9916658700000331,-1.7834302278805139
1.9999992000000333,-1.2919896080244617
2.0083325300000334,-0.6043287754709012
2.0166658600000336,0.053022913498147126
2.0249991900000337,0.4947470336142127
2.033332520000034,0.6826417172516224
2.041665850000034,0.6390573126490678
2.049999180000034,0.4904048578998644
2.0583325100000343,0.3088487098424367
2.0666658400000344,0.1217273914701774
2.0749991700000345,-0.05959585463056054
2.0833325000000347,-0.2304544520677391
2.091665830000035,-0.3903328319840575
2.099999160000035,-0.5417324930453062
2.108332490000035,-0.6892095371407576
2.1166658200000352,-0.8390295310703941
2.1249991500000354,-0.9987274649919596
2.1333324800000355,-1.175967062550198
2.1416658100000356,-1.3764847276686072
2.149999140000036,-1.6014157104462605
2.158332470000036,-1.845650877725047
2.166665800000036,-2.097825745990075
2.174999130000036,-2.3422510963457777
2.1833324600000363,-2.561997777379259
2.1916657900000365,-2.74184407356676
2.1999991200000366,-2.8707830272145083
2.2083324500000368,-2.943135123603894
2.216665780000037,-2.9583526192365124
2.224999110000037,-2.919804587612169
2.233332440000037,-2.8329597352929126
2.2416657700000373,-2.7039381278363592
2.2499991000000374,-2.538630669878327
2.2583324300000376,-2.3423440382897858
2.2666657600000377,-2.1196453641604203
2.274999090000038,-1.8744448875282882
2.283332420000038,-1.6102447527223882
2.291665750000038,-1.3301162348266369
2.2999990800000383,-1.0369593074390708
2.3083324100000384,-0.7335889572036379
2.3166657400000386,-0.4226588799391876
2.3249990700000387,-0.1067330619696983
2.333332400000039,0.2115672902636457
2.341665730000039,0.5296155510170847
2.349999060000039,0.8448531451604426
2.3583323900000392,1.154770073996339
2.3666657200000394,1.4568044001934797
2.3749990500000395,1.7482755686515015
2.3833323800000397,2.0261860843534087
2.39166571000004,2.2863041467333307
2.39999904000004,2.5209971384622234
2.40833237000004,2.7132283628938128
2.41666570000004,2.8220317122593617
2.4249990300000404,2.753500807643734
2.4333323600000405,2.422364928179212
2.4416656900000406,1.8408160766562653
2.4499990200000408,1.1102301895863054
2.458332350000041,0.46442410710637066
2.466665680000041,0.04505344914097264
2.474999010000041,-0.12333085783330254
2.4833323400000413,-0.1171780112744611
2.4916656700000415,-0.04643317734943483
2.4999990000000416,0.04177144021512621
2.5083323300000417,0.12926155048236154
2.516665660000042,0.2088187010247003
2.524998990000042,0.2787397401349502
2.533332320000042,0.34164770403211925
2.5416656500000423,0.40346609738015654
2.5499989800000424,0.47273944652719024
2.5583323100000426,0.5600116092258616
2.5666656400000427,0.6762111808358107
2.574998970000043,0.8297027494058818
2.583332300000043,1.0222226448771785
2.591665630000043,1.2461606304421822
2.5999989600000433,1.4854131236389634
2.6083322900000434,1.7189665310397801
2.6166656200000435,1.925352707136852
2.6249989500000437,2.086561015301966
2.633332280000044,2.1909307364902224
2.641665610000044,2.2342228389735093
2.649998940000044,2.2187147596959598
2.6583322700000442,2.1507348587921324
2.6666656000000444,2.0381922789034124
2.6749989300000445,1.888767602803752
2.6833322600000447,1.7091121202972748
2.691665590000045,1.5046381759837246
2.699998920000045,1.2796991266667483
2.708332250000045,1.0379369068478626
2.716665580000045,0.7823970403556246
2.7249989100000453,0.515824099837346
2.7333322400000455,0.2407898278610664
2.7416655700000456,-0.04028564200831193
2.7499989000000458,-0.3250777555423385
2.758332230000046,-0.6112621239797041
2.766665560000046,-0.8964298744056532
2.774998890000046,-1.178148717416194
2.7833322200000463,-1.4540340899731978
2.7916655500000465,-1.7217039628823962
2.7999988800000466,-1.9786957816672968
2.8083322100000467,-2.222621890302549
2.816665540000047,-2.4510613115388504
2.824998870000047,-2.6611419120959576
2.833332200000047,-2.8488019103490574
2.8416655300000473,-3.006387234889748
2.8499988600000474,-3.1167047397484575
2.8583321900000476,-3.139664344248574
2.8666655200000477,-2.988761736616942
2.874998850000048,-2.580080967636526
2.883332180000048,-1.9267088723375343
2.891665510000048,-1.1531617940280188
2.8999988400000483,-0.47177665397234375
2.9083321700000484,-0.018309458752741443
2.9166655000000485,0.19668899370105317
2.9249988300000487,0.2744175948261497
2.933332160000049,0.3007949589497198
2.941665490000049,0.3122891314949275
2.949998820000049,0.32299462702923154
2.9583321500000492,0.33772988151683697
2.9666654800000494,0.35597978414450765
2.9749988100000495,0.3724377907563569
2.9833321400000496,0.3775959219324219
2.99166547000005,0.3585535775541258
2.99999880000005,0.300647691436461
3.00833213000005,0.1911627430535701
3.01666546000005,0.024809363918846118
3.0249987900000503,-0.19161870894377922
3.0333321200000505,-0.4395866971960021
3.0416654500000506,-0.6936957182974505
3.0499987800000508,-0.9275796272629715
3.058332110000051,-1.1188010585444013
3.066665440000051,-1.252442219205968
3.074998770000051,-1.3230194852652182
3.0833321000000513,-1.3334420148591524
3.0916654300000515,-1.2916234139423866
3.0999987600000516,-1.2069853889857434
3.1083320900000517,-1.0882940760056254
3.116665420000052,-0.9427092396756458
3.124998750000052,-0.7758012224268297
3.133332080000052,-0.5918377684928209
3.1416654100000523,-0.39416958908482613
3.1499987400000524,-0.18550165368262614
3.1583320700000526,0.03174716424773029
3.1666654000000527,0.25533274929439587
3.174998730000053,0.4831157557084374
3.183332060000053,0.7130081605141086
3.191665390000053,0.9428820725930815
3.1999987200000533,1.1704541590437394
3.2083320500000534,1.3934325627959951
3.2166653800000535,1.6095153814075362
3.2249987100000537,1.816281286882056
3.233332040000054,2.011361157181162
3.241665370000054,2.1924843279437463
3.249998700000054,2.3574039081641316
3.2583320300000542,2.503995695074877
3.2666653600000544,2.62989988714403
3.2749986900000545,2.7317873686234444
3.2833320200000546,2.803524190464602
3.291665350000055,2.8313891108736455
3.299998680000055,2.7834438528239995
3.308332010000055,2.5918090960807065
3.316665340000055,2.162841035732324
3.3249986700000553,1.4899071015012837
3.3333320000000555,0.6909165475461397
3.3416653300000556,-0.04926510172429888
3.3499986600000558,-0.5752797913952377
3.358331990000056,-0.8687502774649546
3.366665320000056,-1.024626806897707
3.374998650000056,-1.1206720438248021
3.3833319800000563,-1.1931794679988217
3.3916653100000564,-1.2564094041105334
3.3999986400000566,-1.3150255016233559
3.4083319700000567,-1.3680399495512465
3.416665300000057,-1.4089757550287123
3.424998630000057,-1.4261773447369863
3.433331960000057,-1.4041046311151795
3.4416652900000573,-1.325824376360182
3.4499986200000574,-1.1790035663492957
3.4583319500000576,-0.9629450567025651
3.4666652800000577,-0.6918399282988633
3.474998610000058,-0.39114575372633054
3.483331940000058,-0.0906104258701527
3.491665270000058,0.1818847144495994
3.4999986000000582,0.40494110735087113
3.5083319300000584,0.5669070189104859
3.5166652600000585,0.6663805872117645
3.5249985900000587,0.7095326639386695
3.533331920000059,0.7059311385860527
3.541665250000059,0.6652890001933341
3.549998580000059,0.5956462770499114
3.558331910000059,0.503167382435028
3.5666652400000594,0.3923695673243087
3.5749985700000595,0.26659123391180134
3.5833319000000596,0.12835778700395808
3.5916652300000598,-0.020276089747445557
3.59999856000006,-0.1773734114348964
3.60833189000006,-0.3409956484626478
3.61666522000006,-0.5091748513475763
3.6249985500000603,-0.6798581402634453
3.6333318800000605,-0.8507394622990658
3.6416652100000606,-1.019355585868281
3.6499985400000607,-1.1831441123244895
3.658331870000061,-1.3393967362815131
3.666665200000061,-1.4855087492490249
3.674998530000061,-1.6189246581931696
3.6833318600000613,-1.7373215237352744
3.6916651900000614,-1.838732957015035
3.6999985200000616,-1.9213897586500532
3.7083318500000617,-1.9836360515174964
3.716665180000062,-2.023352864421017
3.724998510000062,-2.036232504969852
3.733331840000062,-2.0118517517492434
3.7416651700000623,-1.9250319697910359
3.7499985000000624,-1.7218698358943862
3.7583318300000625,-1.3156938163716174
3.7666651600000627,-0.6690963135650146
3.774998490000063,0.11132094273015351
3.783331820000063,0.8642906373585315
3.791665150000063,1.4362472052124193
3.7999984800000632,1.7741469615382202
3.8083318100000634,1.9566978501993406
3.8166651400000635,2.060957967615897
3.8249984700000637,2.1278428938931513
3.833331800000064,2.174586113214259
3.841665130000064,2.207555954034371
3.849998460000064,2.2270901921109982
3.858331790000064,2.2277706552235985
3.8666651200000643,2.1983902690723682
3.8749984500000645,2.123266850909707
3.8833317800000646,1.985392692643721
3.8916651100000648,1.772524323915594
3.899998440000065,1.484880596741521
3.908331770000065,1.13862668782685
3.916665100000065,0.7614483292151666
3.9249984300000653,0.3850514570559202
3.9333317600000655,0.038688564970001935
3.9416650900000656,-0.25563391117004797
3.9499984200000657,-0.4864411651467032
3.958331750000066,-0.653004614105253
3.966665080000066,-0.7621182145960136
3.974998410000066,-0.8235784094385421
3.9833317400000663,-0.8469028195833064
3.9916650700000664,-0.8396598150911433
3.9999984000000666,-0.8074240995854556
4.008331730000067,-0.7542095122595563
4.016665060000067,-0.6828915251197457
4.024998390000067,-0.5957676665830826
4.033331720000067,-0.49483004419574295
4.041665050000067,-0.3819640158323578
4.049998380000067,-0.2591264217885698
4.0583317100000675,-0.12842098777107733
4.066665040000068,0.007771967669572977
4.074998370000068,0.14685682161535915
4.083331700000068,0.286133687088716
4.091665030000068,0.4227111617338456
4.099998360000068,0.5537663696172743
4.108331690000068,0.6766105295630455
4.1166650200000685,0.78877115145058
4.124998350000069,0.8882055792474792
4.133331680000069,0.9732999299740767
4.141665010000069,1.042748748417175
4.149998340000069,1.095464429044838
4.158331670000069,1.1299200621910688
4.166665000000069,1.142373688838808
4.1749983300000695,1.1228109244362956
4.18333166000007,1.0462033188804651
4.19166499000007,0.8598959006051284
4.19999832000007,0.4806394815566047
4.20833165000007,-0.1305573695610958
4.21666498000007,-0.8668991749334474
4.22499831000007,-1.575734967950485
4.2333316400000705,-2.1096690920030268
4.241664970000071,-2.4075072969120574
4.249998300000071,-2.540630575670811
4.258331630000071,-2.5863491750404908
4.266664960000071,-2.5881615734068664
4.274998290000071,-2.5653221337545284
4.283331620000071,-2.525659834040888
4.291664950000071,-2.4709292386894
4.299998280000072,-2.3974532354810587
4.308331610000072,-2.2957321745095314
4.316664940000072,-2.151370278506448
4.324998270000072,-1.9475822790247823
4.333331600000072,-1.6705990999392573
4.341664930000072,-1.317725273249734
4.349998260000072,-0.9025738010711474
4.3583315900000725,-0.4522188164712451
4.366664920000073,0.00027452179341815806
4.374998250000073,0.4228142028806393
4.383331580000073,0.7898986844601221
4.391664910000073,1.0869554304920803
4.399998240000073,1.311526092934438
4.408331570000073,1.4702305627801084
4.4166649000000735,1.5735884834613212
4.424998230000074,1.631870673933399
4.433331560000074,1.653371958173801
4.441664890000074,1.6442172639760955
4.449998220000074,1.60875139042106
4.458331550000074,1.550207545695737
4.466664880000074,1.4711218915140196
4.4749982100000745,1.3738227669608765
4.483331540000075,1.2605637585572191
4.491664870000075,1.1335775342143009
4.499998200000075,0.9953335346045722
4.508331530000075,0.848464815824024
4.516664860000075,0.6956824804052975
4.524998190000075,0.5398384880104825
4.533331520000075,0.38375740007346765
4.541664850000076,0.23002899520349798
4.549998180000076,0.08106923980917577
4.558331510000076,-0.06090834150828476
4.566664840000076,-0.19407237866126345
4.574998170000076,-0.31697534204144023
4.583331500000076,-0.42839742111596896
4.591664830000076,-0.52687895321548
4.5999981600000766,-0.6096352269349756
4.608331490000077,-0.6701684367608126
4.616664820000077,-0.6922014803005704
4.624998150000077,-0.6388004836086312
4.633331480000077,-0.4408704674991332
4.641664810000077,-0.017494013228357298
4.649998140000077,0.6030203548761479
4.6583314700000775,1.284488409585231
4.666664800000078,1.876692643298042
4.674998130000078,2.248882923888114
4.683331460000078,2.397221268799995
4.691664790000078,2.4107325578027003
4.699998120000078,2.357950552202573
4.708331450000078,2.274308934089589
4.7166647800000785,2.1752713474417074
4.724998110000079,2.067191419532638
4.733331440000079,1.9513851321269153
4.741664770000079,1.8243615801922033
4.749998100000079,1.677119494440311
4.758331430000079,1.4952598014922178
4.766664760000079,1.2601123213088061
4.7749980900000795,0.9532787874614732
4.78333142000008,0.5661851570350762
4.79166475000008,0.10870209324154723
4.79999808000008,-0.39094825101078784
4.80833141000008,-0.8947416860565448
4.81666474000008,-1.3639541830685502
4.82499807000008,-1.7665420119574489
4.83333140000008,-2.083579705260188
4.841664730000081,-2.3120965007425127
4.849998060000081,-2.4611620676197377
4.858331390000081,-2.5444337626687425
4.866664720000081,-2.574891430848843
4.874998050000081,-2.562740276061688
4.883331380000081,-2.5153188220064426
4.891664710000081,-2.4378256844035824
4.8999980400000815,-2.334096178684751
4.908331370000082,-2.2071488569084177
4.916664700000082,-2.0597246034228185
4.924998030000082,-1.8943831906652773
4.933331360000082,-1.7137462036139914
4.941664690000082,-1.5205567303633558
4.949998020000082,-1.3176059757244958
4.9583313500000825,-1.1076563787535871
4.966664680000083,-0.8934615523923025
4.974998010000083,-0.6778035860311928
4.983331340000083,-0.46333605700527064
4.991664670000083,-0.2524689831712785
4.999998000000083,-0.04733587102763012
5.008331330000083,0.15007855829028058
5.0166646600000835,0.33785737632047375
5.024997990000084,0.5138437303725482
5.033331320000084,0.6746902445310917
5.041664650000084,0.813532526756468
5.049997980000084,0.9146823025825978
5.058331310000084,0.9440851222398707
5.066664640000084,0.8381196514534395
5.0749979700000845,0.5179485637692002
5.083331300000085,-0.010163792123803705
5.091664630000085,-0.6263562817916729
5.099997960000085,-1.1863497012570077
5.108331290000085,-1.5509096768895212
5.116664620000085,-1.6821316970956595
5.124997950000085,-1.6650413073949832
5.133331280000085,-1.5771185044413187
5.141664610000086,-1.4615476789402622
5.149997940000086,-1.338491612209392
5.158331270000086,-1.2164242392290718
5.166664600000086,-1.0983170867797305
5.174997930000086,-0.9833980927100098
5.183331260000086,-0.8665479631835712
5.191664590000086,-0.7371053896987455
5.1999979200000865,-0.5778116901205055
5.208331250000087,-0.36442726174861184
5.216664580000087,-0.07016382243393283
5.224997910000087,0.32083741386384135
5.233331240000087,0.7977658029249852
5.241664570000087,1.3229622496091111
5.249997900000087,1.8462765100448122
5.2583312300000875,2.3178533588215915
5.266664560000088,2.6975737150836094
5.274997890000088,2.9649710712443573
5.283331220000088,3.1229255644101084
5.291664550000088,3.1890172340499188
5.299997880000088,3.1837763210432195
5.308331210000088,3.1241928012415783
5.3166645400000885,3.02240002234624
5.324997870000089,2.8865627060974135
5.333331200000089,2.7223074711054487
5.341664530000089,2.5337813891157124
5.349997860000089,2.324317686867855
5.358331190000089,2.096802761007527
5.366664520000089,1.8540615192460823
5.3749978500000894,1.5989835815231948
5.38333118000009,1.3343923940895726
5.39166451000009,1.0630635048858528
5.39999784000009,0.7877516341739315
5.40833117000009,0.5112748885362008
5.41666450000009,0.23640011797307567
5.42499783000009,-0.034336526081473286
5.43333116000009,-0.2986107161821031
5.441664490000091,-0.5541959545399436
5.449997820000091,-0.7987750128132259
5.458331150000091,-1.0296989693743108
5.466664480000091,-1.2429305390581584
5.474997810000091,-1.4307654248970403
5.483331140000091,-1.5771511276242267
5.491664470000091,-1.6489565890800344
5.4999978000000915,-1.5874223510742886
5.508331130000092,-1.3243925755905253
5.516664460000092,-0.8631613639055434
5.524997790000092,-0.30766836747939813
5.533331120000092,0.2078601383309453
5.541664450000092,0.5570958393539024
5.549997780000092,0.6987929779387881
5.5583311100000925,0.7004430397283128
5.566664440000093,0.6350992533142608
5.574997770000093,0.5463976329213891
5.583331100000093,0.4561946009993828
5.591664430000093,0.3741033050738116
5.599997760000093,0.30347625807999484
5.608331090000093,0.24413498914673556
5.6166644200000935,0.1925225216943407
5.624997750000094,0.14041557996039428
5.633331080000094,0.0731284250452702
5.641664410000094,-0.03320742292245759
5.649997740000094,-0.2127215137504731
5.658331070000094,-0.5008592873723897
5.666664400000094,-0.9092870586156303
5.674997730000094,-1.4075973183447799
5.683331060000095,-1.9377690581051614
5.691664390000095,-2.435848137372152
5.699997720000095,-2.8433154816946
5.708331050000095,-3.120309497338169
5.716664380000095,-3.260018960653442
5.724997710000095,-3.2842136116017344
5.733331040000095,-3.222784166056145
5.7416643700000956,-3.1007314541565094
5.749997700000096,-2.935101517564446
5.758331030000096,-2.736734209485917
5.766664360000096,-2.5125871573783574
5.774997690000096,-2.267384978158129
5.783331020000096,-2.004679830551178
5.791664350000096,-1.727457094571879
5.7999976800000965,-1.4383736375913232
5.808331010000097,-1.1400555105941748
5.816664340000097,-0.8351359424107214
5.824997670000097,-0.52623318272299
5.833331000000097,-0.2159221974281101
5.841664330000097,0.09322555330533157
5.849997660000097,0.3986089577293883
5.8583309900000975,0.6977610726336482
5.866664320000098,0.9884081430355961
5.874997650000098,1.2682183911419416
5.883330980000098,1.5346982715078592
5.891664310000098,1.7849686595537724
5.899997640000098,2.014559996457535
5.908330970000098,2.2153591061561007
5.9166643000000985,2.3711642306155434
5.924997630000099,2.450714923661809
5.933330960000099,2.4013190546154846
5.941664290000099,2.1650831472285423
5.949997620000099,1.7420244154251265
5.958330950000099,1.2185012174661538
5.966664280000099,0.7131332303285429
5.974997610000099,0.3342780442461501
5.9833309400001,0.1257634780344186
5.9916642700001,0.04589514689252026
5.9999976000001,0.032972942114010965
6.0083309300001,0.04508239297306329
6.0166642600001,0.05954503666344814
6.0249975900001,0.06557491987144676
6.0333309200001,0.05927469604953589
6.0416642500001005,0.040573270812559056
6.049997580000101,0.012171253806663344
6.058330910000101,-0.01931588964550626
6.066664240000101,-0.04111088249058291
6.074997570000101,-0.031102365286966933
6.083330900000101,0.04586761048865671
6.091664230000101,0.23470730733047532
6.0999975600001015,0.5648163186333061
6.108330890000102,1.0161157725700645
6.116664220000102,1.526535313451267
6.124997550000102,2.0226775228578413
6.133330880000102,2.4342889965098777
6.141664210000102,2.707321032799419
6.149997540000102,2.8261575575530387
6.1583308700001025,2.815457146036986
6.166664200000103,2.713378291241896
6.174997530000103,2.550966765804476
6.183330860000103,2.3484496342599517
6.191664190000103,2.1179923977744854
6.199997520000103,1.8668601635428737
6.208330850000103,1.5996800709067327
6.2166641800001035,1.3196734900339164
6.224997510000104,1.0293437932666436
6.233330840000104,0.7308861659057077
6.241664170000104,0.4264026269879307
6.249997500000104,0.11804784400142107
6.258330830000104,-0.1919999240996851
6.266664160000104,-0.5015326041130902
6.274997490000104,-0.8083585205338977
6.283330820000105,-1.1101784975776179
6.291664150000105,-1.4046905145874808
6.299997480000105,-1.6895280397958488
6.308330810000105,-1.9620893511236819
6.316664140000105,-2.219528317739168
6.324997470000105,-2.4582315848256195
6.333330800000105,-2.673033347836203
6.3416641300001055,-2.8551674293202325
6.349997460000106,-2.9885779322466544
6.358330790000106,-3.0440708619859227
6.366664120000106,-2.9753928403568124
6.374997450000106,-2.733898630379342
6.383330780000106,-2.3165071356189726
6.391664110000106,-1.7906973270014346
6.3999974400001065,-1.2554653765819745
6.408330770000107,-0.8038252380970707
6.416664100000107,-0.4872788642753714
6.424997430000107,-0.2924864398227161
6.433330760000107,-0.17340765377227602
6.441664090000107,-0.08999901352025685
6.449997420000107,-0.017634779709397048
6.4583307500001075,0.056708552730541886
6.466664080000108,0.1386986549820323
6.474997410000108,0.22943125717195828
6.483330740000108,0.3268825045240497
6.491664070000108,0.4255989444094118
6.499997400000108,0.5144468825120204
6.508330730000108,0.5731292186399701
6.5166640600001084,0.5676390969935471
6.524997390000109,0.4501949412931213
6.533330720000109,0.18082781439618045
6.541664050000109,-0.23079836785166158
6.549997380000109,-0.7228397061928957
6.558330710000109,-1.2168338122492366
6.566664040000109,-1.6360295760854997
6.574997370000109,-1.9178250425291
6.58333070000011,-2.0405214939166387
6.59166403000011,-2.0299396268860206
6.59999736000011,-1.9284101930193902
6.60833069000011,-1.7700337445849865
6.61666402000011,-1.5762268372389412
6.62499735000011,-1.3592321578528856
6.63333068000011,-1.1258538036669568
6.6416640100001105,-0.8800540890826103
6.649997340000111,-0.6242991806918421
6.658330670000111,-0.3603430502223482
6.666664000000111,-0.08961500385174398
6.674997330000111,0.18657178728794976
6.683330660000111,0.46673286673619585
6.691663990000111,0.7491754207052933
6.6999973200001115,1.0319515136259085
6.708330650000112,1.3127736356007245
6.716663980000112,1.589135379178572
6.724997310000112,1.858257886108651
6.733330640000112,2.1169230852362286
6.741663970000112,2.3616444027329964
6.749997300000112,2.5884038885445477
6.7583306300001125,2.7924238189761246
6.766663960000113,2.9673636008976625
6.774997290000113,3.1038474751701157
6.783330620000113,3.1865660216209633
6.791663950000113,3.190063620917877
6.799997280000113,3.076905144115195
6.808330610000113,2.8094025742436415
6.816663940000113,2.3825543760836068
6.824997270000114,1.8439041420639681
6.833330600000114,1.2709026127135896
6.841663930000114,0.7424151171047849
6.849997260000114,0.31580169939159664
6.858330590000114,0.004303429653752445
6.866663920000114,-0.2180540368750642
6.874997250000114,-0.38686056617357883
6.8833305800001146,-0.5292336815468507
6.891663910000115,-0.6618198471859674
6.899997240000115,-0.7932281649514463
6.908330570000115,-0.9263526950618716
6.916663900000115,-1.0602924799084203
6.924997230000115,-1.1908247682083524
6.933330560000115,-1.3086010571156887
6.9416638900001155,-1.3954703876038044
6.949997220000116,-1.4196878699998454
6.958330550000116,-1.3341008237512402
6.966663880000116,-1.0928621315809837
6.974997210000116,-0.6949142431923924
6.983330540000116,-0.1977713858749248
6.991663870000116,0.3183502580675821
6.9999972000001165,0.7736392083631822
7.008330530000117,1.1004686767134175
7.016663860000117,1.2705117206768024
7.024997190000117,1.3065313241476206
7.033330520000117,1.251399486852068
7.041663850000117,1.1404250393235795
7.049997180000117,0.9955604146901025
7.0583305100001175,0.8288531912354478
7.066663840000118,0.6464896711004396
7.074997170000118,0.45149269613407533
7.083330500000118,0.24541911996211135
7.091663830000118,0.029266452264809367
7.099997160000118,-0.1961340497847462
7.108330490000118,-0.4299104096400451
7.116663820000118,-0.670689793148646
7.124997150000119,-0.9165298031587438
7.133330480000119,-1.1648747741521275
7.141663810000119,-1.4125109534139257
7.149997140000119,-1.6556936429163827
7.158330470000119,-1.8901081350523938
7.166663800000119,-2.1111264503561733
7.174997130000119,-2.313884284561367
7.1833304600001195,-2.493360327015831
7.19166379000012,-2.644296895916627
7.19999712000012,-2.7607609520621916
7.20833045000012,-2.8349965490726405
7.21666378000012,-2.8552355865694468
7.22499711000012,-2.80297014653718
7.23333044000012,-2.651925608702025
7.2416637700001205,-2.374372945972744
7.249997100000121,-1.9608197041188187
7.258330430000121,-1.437197764488517
7.266663760000121,-0.8585083475886572
7.274997090000121,-0.289442226792173
7.283330420000121,0.21240981115090382
7.291663750000121,0.6139755473443238
7.2999970800001215,0.9168275404488381
7.308330410000122,1.145266496435278
7.316663740000122,1.3266077408495587
7.324997070000122,1.4813960074386079
7.333330400000122,1.6222175727077526
7.341663730000122,1.7550281935928476
7.349997060000122,1.8807558215756113
7.3583303900001225,1.9966531853772473
7.366663720000123,2.0953815047194055
7.374997050000123,2.161450997408313
7.383330380000123,2.166520343537797
7.391663710000123,2.0666217198450334
7.399997040000123,1.8143502906338436
7.408330370000123,1.3986466147788765
7.416663700000123,0.8684242634388105
7.424997030000124,0.3024649452789132
7.433330360000124,-0.21802410241271455
7.441663690000124,-0.621343393840797
7.449997020000124,-0.8707709228460414
7.458330350000124,-0.9822440669145474
7.466663680000124,-0.9974684489132278
7.474997010000124,-0.9527319820984649
7.4833303400001245,-0.870863819591977
7.491663670000125,-0.7639403154166152
7.499997000000125,-0.6376902941133249
7.508330330000125,-0.4946024812587376
7.516663660000125,-0.3358413250649558
7.524996990000125,-0.16223224796629443
7.533330320000125,0.025185413976362706
7.5416636500001255,0.22478866259781657
7.549996980000126,0.43420987195238814
7.558330310000126,0.6500767764054284
7.566663640000126,0.8682247594559326
7.574996970000126,1.0838830516407654
7.583330300000126,1.2919690809534154
7.591663630000126,1.487181612408122
7.5999969600001265,1.6644772439656812
7.608330290000127,1.8192793567422176
7.616663620000127,1.9476643208478068
7.624996950000127,2.0462132301806317
7.633330280000127,2.111428745910539
7.641663610000127,2.13893672338763
7.649996940000127,2.1216527213460985
7.6583302700001274,2.047677330125353
7.666663600000128,1.8986048528154353
7.674996930000128,1.6518852206478876
7.683330260000128,1.2919572906408978
7.691663590000128,0.8256690902554891
7.699996920000128,0.2875133118367066
7.708330250000128,-0.27122722088345913
7.716663580000128,-0.796407009383016
7.724996910000129,-1.2438568443241051
7.733330240000129,-1.592776642553944
7.741663570000129,-1.8496421650577755
7.749996900000129,-2.036510942861178
7.758330230000129,-2.1763765741464187
7.766663560000129,-2.2862848390000226
7.774996890000129,-2.3763637517457017
7.7833302200001295,-2.4505957473128697
7.79166355000013,-2.508354523424253
7.79999688000013,-2.544702898953529
7.80833021000013,-2.547635517045066
7.81666354000013,-2.4936325731958706
7.82499687000013,-2.344958981393774
7.83333020000013,-2.0573558649606647
7.8416635300001305,-1.611766924928808
7.849996860000131,-1.0435678784086655
7.858330190000131,-0.4251962784327003
7.866663520000131,0.1626041601495696
7.874996850000131,0.6446495983408698
7.883330180000131,0.9748922345917738
7.891663510000131,1.1600120435170855
7.8999968400001315,1.2392729494985222
7.908330170000132,1.2502447643021075
7.916663500000132,1.2171597344359641
7.924996830000132,1.152824251184596
7.933330160000132,1.0633287421888813
7.941663490000132,0.9515880869301105
7.949996820000132,0.8193511397508353
7.958330150000132,0.6683388927238078
7.966663480000133,0.5008419625113277
7.974996810000133,0.3199939864608939
7.983330140000133,0.1296938538386987
7.991663470000133,-0.06531126441778948
7.999996800000133,-0.2599420844078233
8.008330130000132,-0.4490525718876517
8.016663460000133,-0.6277165167652177
8.024996790000134,-0.7917543848968037
8.033330120000134,-0.9377592901325627
8.041663450000133,-1.0632066590534712
8.049996780000134,-1.1664891024763733
8.058330110000135,-1.246544236624156
8.066663440000134,-1.3021422182544895
8.074996770000133,-1.3309160081349878
8.083330100000135,-1.3279807223695668
8.091663430000136,-1.2839916561385134
8.099996760000135,-1.1833391235174948
8.108330090000134,-1.0049022232854405
8.116663420000135,-0.7284807017211917
8.124996750000136,-0.34815599974424
8.133330080000135,0.11665387058341643
8.141663410000135,0.6251141610852593
8.149996740000136,1.127427457566662
8.158330070000137,1.5755112098377364
8.166663400000136,1.934080233054018
8.174996730000135,2.191330275028191
8.183330060000136,2.3587498410117753
8.191663390000137,2.4585919922018724
8.199996720000136,2.5117866257920016
8.208330050000136,2.5333277680398063
8.216663380000137,2.5314626743582767
8.224996710000138,2.5085807590098064
8.233330040000137,2.462540059087347
8.241663370000136,2.3850564815767683
8.249996700000137,2.2579542957095837
8.258330030000138,2.050762060379318
8.266663360000138,1.7250979220196596
8.274996690000137,1.257591745805179
8.283330020000138,0.6694910129858169
8.291663350000139,0.023512581613014054
8.299996680000138,-0.6013799370501581
8.308330010000137,-1.1270075909706465
8.316663340000138,-1.5005705308476764
8.32499667000014,-1.722289890807517
8.333330000000139,-1.8297746341173402
8.341663330000138,-1.8619230322772435
8.349996660000139,-1.8443667519120883
8.35832999000014,-1.7909288866638342
8.36666332000014,-1.7085944196769494
8.374996650000138,-1.6010952453261917
8.38332998000014,-1.471104192117729
8.39166331000014,-1.3213722507533683
8.39999664000014,-1.1552532001935638
8.408329970000139,-0.9765903325175137
8.41666330000014,-0.7895615338984757
8.424996630000141,-0.5987493324096136
8.43332996000014,-0.40856675809241794
8.44166329000014,-0.22297344933284632
8.44999662000014,-0.04525979866463234
8.458329950000142,0.12214964818558188
8.466663280000141,0.27753691956692184
8.47499661000014,0.41989289919637407
8.483329940000141,0.5485370707231683
8.491663270000142,0.6625885478359748
8.499996600000141,0.7605360473409477
8.50832993000014,0.8394196601844673
8.516663260000142,0.8936141395137326
8.524996590000143,0.9130690547951064
8.533329920000142,0.881628555974191
8.541663250000141,0.77737810643094
8.549996580000142,0.5778639004406115
8.558329910000143,0.2727884047302416
8.566663240000143,-0.12386039204390588
8.574996570000142,-0.5758366906299962
8.583329900000143,-1.0363828084035727
8.591663230000144,-1.4575480796427145
8.599996560000143,-1.7980377119104825
8.608329890000142,-2.0343860053434075
8.616663220000143,-2.168194052592583
8.624996550000144,-2.2194338400374702
8.633329880000144,-2.2120785260421854
8.641663210000143,-2.1654977578972785
8.649996540000144,-2.0920919239510853
8.658329870000145,-1.9976483026468825
8.666663200000144,-1.8827444264675504
8.674996530000143,-1.7423862471578642
8.683329860000145,-1.563080547881682
8.691663190000146,-1.3204854581242285
8.699996520000145,-0.9816986077402581
8.708329850000144,-0.5211688426600867
8.716663180000145,0.051493603131573515
8.724996510000146,0.6830629940734675
8.733329840000145,1.2960263256150264
8.741663170000145,1.8099208166592853
8.749996500000146,2.1703995071116213
8.758329830000147,2.377909944592567
8.766663160000146,2.470365869039182
8.774996490000145,2.4867005613606765
8.783329820000146,2.452283259490431
8.791663150000147,2.380899182063365
8.799996480000146,2.2795085909910178
8.808329810000146,2.1520098402127026
8.816663140000147,2.0012736306609225
8.824996470000148,1.8300067039345609
8.833329800000147,1.641300724746494
8.841663130000146,1.4387458180299355
8.849996460000147,1.2260994522369117
8.858329790000148,1.0071754669946307
8.866663120000148,0.7854656698244605
8.874996450000147,0.5641435273257015
8.883329780000148,0.34591018619046704
8.891663110000149,0.1330480067046226
8.899996440000148,-0.07269314137256486
8.908329770000147,-0.26976832006936186
8.916663100000148,-0.45659628550555514
8.92499643000015,-0.6312493431410123
8.933329760000149,-0.7908094699021873
8.941663090000148,-0.9306625438281425
8.949996420000149,-1.0432394550592567
8.95832975000015,-1.1164905565066061
8.96666308000015,-1.1325258658488233
8.974996410000148,-1.0686213059584715
8.98332974000015,-0.9039481997042206
8.99166307000015,-0.6322964930311212
8.99999640000015,-0.2709098730405438
9.008329730000149,0.14405603327977784
9.01666306000015,0.5681614069549343
9.024996390000151,0.9553728555856084
9.03332972000015,1.2637396920692414
9.04166305000015,1.4664959425909183
9.04999638000015,1.5624415893232324
9.058329710000152,1.5715885489500037
9.06666304000015,1.5203429209056993
9.07499637000015,1.430794408718045
9.083329700000151,1.3178590685908773
9.091663030000152,1.1894111878044777
9.099996360000151,1.0478092470289107
9.10832969000015,0.8901619279097632
9.116663020000152,0.7056873186455587
9.124996350000153,0.47332726680424236
9.133329680000152,0.16254254975179225
9.141663010000151,-0.2548193536807635
9.149996340000152,-0.7770039815094375
9.158329670000153,-1.3560320427495633
9.166663000000153,-1.914050871207525
9.174996330000152,-2.3704711247568797
9.183329660000153,-2.6754795664642472
9.191662990000154,-2.833926926526367
9.199996320000153,-2.8831499474372335
9.208329650000152,-2.859091930885434
9.216662980000153,-2.7844951519296304
9.224996310000154,-2.6714535726518784
9.233329640000154,-2.5261014205723304
9.241662970000153,-2.3520485872505104
9.249996300000154,-2.1522766734455643
9.258329630000155,-1.929886893093395
9.266662960000154,-1.6883795128927317
9.274996290000153,-1.431750548437439
9.283329620000154,-1.1641698747428422
9.291662950000156,-0.8897731946641257
9.299996280000155,-0.6124612956923116
9.308329610000154,-0.3357369354426992
9.316662940000155,-0.06268573972408963
9.324996270000156,0.20405431500350485
9.333329600000155,0.461965892099748
9.341662930000155,0.7087246528979388
9.349996260000156,0.9418583326678647
9.358329590000157,1.1584475390883031
9.366662920000156,1.3544132762396857
9.374996250000155,1.5236351746957417
9.383329580000156,1.6567060276703394
9.391662910000157,1.7397151648656681
9.399996240000156,1.7538731340338836
9.408329570000156,1.6781868932807453
9.416662900000157,1.4981613386431731
9.424996230000158,1.2163923541040942
9.433329560000157,0.8558036081497303
9.441662890000156,0.45304534239747163
9.449996220000157,0.05078896725573221
9.458329550000158,-0.306548100992348
9.466662880000158,-0.5792726433905708
9.474996210000157,-0.7454330401733512
9.483329540000158,-0.8101772931966873
9.491662870000159,-0.7977315994631317
9.499996200000158,-0.7354613297496797
9.508329530000157,-0.6451674400924424
9.516662860000158,-0.5411694867148124
9.52499619000016,-0.4312369509602489
9.533329520000159,-0.3178220571300246
9.541662850000158,-0.1979766310465799
9.549996180000159,-0.060736575739765604
9.55832951000016,0.11579178134867808
9.56666284000016,0.36497687299148845
9.574996170000158,0.71970051493253
9.58332950000016,1.1807682588976414
9.59166283000016,1.6976281793845376
9.59999616000016,2.1884786576565087
9.608329490000159,2.5729578920849625
9.61666282000016,2.806892610750648
9.624996150000161,2.8993878817296572
9.63332948000016,2.8867420781062583
9.64166281000016,2.8018127001990942
9.64999614000016,2.6651069373802887
9.658329470000162,2.4880535147129117
9.66666280000016,2.2772360258369773
9.67499613000016,2.0372794771003484
9.683329460000161,1.7724674234283582
9.691662790000162,1.4872341484852447
9.699996120000161,1.186357659244509
9.70832945000016,0.8747060823932735
9.716662780000162,0.5570677114769389
9.724996110000163,0.2380020900152902
9.733329440000162,-0.07838949158798242
9.741662770000161,-0.3884760936006317
9.749996100000162,-0.6889882070144852
9.758329430000163,-0.9771258952303555
9.766662760000163,-1.2502991737579636
9.774996090000162,-1.5059545354435693
9.783329420000163,-1.741342938582232
9.791662750000164,-1.9528962941548365
9.799996080000163,-2.135661942770443
9.808329410000162,-2.2823700072297664
9.816662740000163,-2.3824888984109416
9.824996070000164,-2.4215161620658656
9.833329400000164,-2.382230084721252
9.841662730000163,-2.2493240976127575
9.849996060000164,-2.017467453319306
9.858329390000165,-1.6980095773092592
9.866662720000164,-1.3181798209771145
9.874996050000163,-0.9151203022447988
9.883329380000164,-0.5306862516920047
9.891662710000166,-0.20629367681811558
9.899996040000165,0.027446489305394874
9.908329370000164,0.1632951016071622
9.916662700000165,0.21771580071444097
9.924996030000166,0.21721708053260982
9.933329360000165,0.18601830289150048
9.941662690000165,0.14173581168544613
9.949996020000166,0.09537329160808712
9.958329350000167,0.05216928417135227
9.966662680000166,0.012447546130455673
9.974996010000165,-0.029707488503988327
9.983329340000166,-0.08967505967837419
9.991662670000167,-0.1963274193380853
9.999996000000166,-0.3921925829574742
10.008329330000166,-0.7138767783082576
10.016662660000167,-1.1502518141089226
10.024995990000168,-1.6326244414817617
10.033329320000167,-2.069146697946569
10.041662650000166,-2.379078193640193
10.049995980000167,-2.5275624689822482
10.058329310000168,-2.53480597235558
10.066662640000168,-2.4413839759091664
10.074995970000167,-2.2802029557207377
10.083329300000168,-2.0713452293545105
10.091662630000169,-1.8266282416123083
10.099995960000168,-1.5538044033090477
10.108329290000167,-1.2589888669261586
10.116662620000168,-0.9477179200126347
10.12499595000017,-0.6252869068151076
10.133329280000169,-0.2968700218077517
10.141662610000168,0.03260846739135176
10.149995940000169,0.35868110234574696
10.15832927000017,0.6773151919988802
10.16666260000017,0.9850669207887833
10.174995930000168,1.2789693705353815
10.18332926000017,1.5564683877160335
10.19166259000017,1.8152464620567739
10.19999592000017,2.053165800531274
10.208329250000169,2.2679603405396556
10.21666258000017,2.456778706488606
10.224995910000171,2.615842264448116
10.23332924000017,2.739670610736542
10.24166257000017,2.8203006618237803
10.24999590000017,2.8468203345874894
10.258329230000172,2.805776025483593
10.26666256000017,2.6837082243446675
10.27499589000017,2.472719411318744
10.283329220000171,2.176654706374086
10.291662550000172,1.813914397359684
10.299995880000171,1.4147719927341875
10.30832921000017,1.0163454182563547
10.316662540000172,0.6570167237048958
10.324995870000173,0.367797573252852
10.333329200000172,0.16149951210421032
10.341662530000171,0.02955887162384916
10.349995860000172,-0.04893074192530447
10.358329190000173,-0.09595579467828529
10.366662520000173,-0.12890681778928798
10.374995850000172,-0.15951454714193153
10.383329180000173,-0.19407165564224027
10.391662510000174,-0.2338401171660342
10.399995840000173,-0.2749248427242242
10.408329170000172,-0.3055422047743783
10.416662500000173,-0.30148929604264885
10.424995830000174,-0.22173043893901911
10.433329160000174,-0.01468137215316049
10.441662490000173,0.34226982284393803
10.449995820000174,0.8018909162536715
10.458329150000175,1.2708341018662417
10.466662480000174,1.6491883904253684
10.474995810000173,1.863087670584131
10.483329140000174,1.9044377653290723
10.491662470000175,1.8169554169946676
10.499995800000175,1.6474641293282544
10.508329130000174,1.4271733782895306
10.516662460000175,1.174056958457711
10.524995790000176,0.8987933642227103
10.533329120000175,0.6086332296482087
10.541662450000175,0.30928009254850053
10.549995780000176,0.005617017210835546
10.558329110000177,-0.2979117455652562
10.566662440000176,-0.5973318100547468
10.574995770000175,-0.8890401163436299
10.583329100000176,-1.1699743856907523
10.591662430000177,-1.437464675701697
10.599995760000176,-1.68921627051017
10.608329090000176,-1.9233652588051098
10.616662420000177,-2.138225415519176
10.624995750000178,-2.332143555664023
10.633329080000177,-2.503313359287533
10.641662410000176,-2.6494431857789333
10.649995740000177,-2.7674729936012463
10.658329070000178,-2.8529797016285947
10.666662400000178,-2.8995561281169526
10.674995730000177,-2.8983187879333565
10.683329060000178,-2.8381835394926473
10.691662390000179,-2.707452664705949
10.699995720000178,-2.497885668217338
10.708329050000177,-2.2099032058188977
10.716662380000178,-1.856235135794271
10.72499571000018,-1.4612153519036506
10.733329040000179,-1.0565089299808423
10.741662370000178,-0.6754112975061266
10.749995700000179,-0.3457019975613666
10.75832903000018,-0.08174974483440706
10.76666236000018,0.11855305001116127
10.774995690000178,0.26886889707822736
10.78332902000018,0.38619193942678176
10.79166235000018,0.4853898289669634
10.79999568000018,0.577268642320497
10.808329010000179,0.6682730541178951
10.81666234000018,0.7604204398029609
10.824995670000181,0.8510662863804926
10.83332900000018,0.9312288423199838
10.84166233000018,0.9810923647642834
10.84999566000018,0.9643237856137988
10.858328990000182,0.8275970124210459
10.86666232000018,0.5280724414848254
10.87499565000018,0.08878298132652976
10.883328980000181,-0.4019938910326255
10.891662310000182,-0.8353553874851016
10.899995640000181,-1.1136378251565522
10.90832897000018,-1.2026440155576317
10.916662300000182,-1.14541882814848
10.924995630000183,-1.0000393698999597
10.933328960000182,-0.8059594115215661
10.941662290000181,-0.5851951859338952
10.949995620000182,-0.3496175534483723
10.958328950000183,-0.1061432549063728
10.966662280000183,0.14064567386531462
10.974995610000182,0.3872143886959084
10.983328940000183,0.6307064866321664
10.991662270000184,0.8686585232418419
10.999995600000183,1.0988302707669928
11.008328930000182,1.3192935159699875
11.016662260000183,1.528364263207865
11.024995590000184,1.7245353967210353
11.033328920000184,1.906377326516669
11.041662250000183,2.072435145666994
11.049995580000184,2.2211556754984403
11.058328910000185,2.35076191949213
11.066662240000184,2.4588893353896757
11.074995570000183,2.5422686286477996
11.083328900000184,2.5962853683124836
11.091662230000185,2.6144866241895865
11.099995560000185,2.5882875206124774
11.108328890000184,2.507110552247732
11.116662220000185,2.3601298209961548
11.124995550000186,2.1399538379503613
11.133328880000185,1.8470452521366159
11.141662210000185,1.4929635906902
11.149995540000186,1.0994331471830783
11.158328870000187,0.6943146444232119
11.166662200000186,0.306368605448283
11.174995530000185,-0.04039930160032055
11.183328860000186,-0.3320228336419735
11.191662190000187,-0.566962950609587
11.199995520000186,-0.7534630623395882
11.208328850000186,-0.904083053200273
11.216662180000187,-1.0312440541522874
11.224995510000188,-1.1448206890490984
11.233328840000187,-1.251495019900444
11.241662170000186,-1.354320104894065
11.249995500000187,-1.4522721318751455
11.258328830000188,-1.5390482033363078
11.266662160000187,-1.5991681905470525
11.274995490000187,-1.6020839012886217
11.283328820000188,-1.4980788002172607
11.291662150000189,-1.2339224294356654
11.299995480000188,-0.8080442540193357
11.308328810000187,-0.2979470917336119
11.316662140000188,0.18327328386889594
11.32499547000019,0.5263220404417226
11.333328800000189,0.6804699435122636
11.341662130000188,0.6836893974485573
11.349995460000189,0.5979974834837295
11.35832879000019,0.4663838627996097
11.36666212000019,0.3120762363821526
11.374995450000188,0.14655423498585415
11.38332878000019,-0.024485462213795762
11.39166211000019,-0.19800094882945918
11.39999544000019,-0.3721185825516797
11.408328770000189,-0.5456157844618507
11.41666210000019,-0.717490720030693
11.424995430000191,-0.8867220840260253
11.43332876000019,-1.052181844505389
11.44166209000019,-1.212594613902816
11.44999542000019,-1.3665477418913539
11.458328750000192,-1.5124787331215508
11.46666208000019,-1.6485336803568758
11.47499541000019,-1.7724702773452725
11.483328740000191,-1.8815324393113542
11.491662070000192,-1.97210961081203
11.499995400000191,-2.0394884177544848
11.50832873000019,-2.0774804603750807
11.516662060000192,-2.0780761591196675
11.524995390000193,-2.031425421379081
11.533328720000192,-1.9269201947428896
11.541662050000191,-1.755685830869212
11.549995380000192,-1.5143477279321322
11.558328710000193,-1.2084539490080468
11.566662040000192,-0.8531389142079724
11.574995370000192,-0.4706246561454029
11.583328700000193,-0.08619322403485609
11.591662030000194,0.2758755732910108
11.599995360000193,0.5963869610960048
11.608328690000192,0.8647583314657644
11.616662020000193,1.0802151989181965
11.624995350000194,1.2496508586344104
11.633328680000194,1.3837490899513012
11.641662010000193,1.4933103790223847
11.649995340000194,1.5874602871638028
11.658328670000195,1.6728601586471123
11.666662000000194,1.7534587438952622
11.674995330000193,1.829697296734239
11.683328660000194,1.8972361395988075
11.691661990000195,1.9438010240117105
11.699995320000195,1.9435270417328263
11.708328650000194,1.8504739902440406
11.716661980000195,1.6048777321571046
11.724995310000196,1.1825323386299509
11.733328640000195,0.6467664789423737
11.741661970000195,0.11179984418210646
11.749995300000196,-0.3080429144498595
11.758328630000197,-0.5495210760322721
11.766661960000196,-0.6373093444430968
11.774995290000195,-0.6303848251702752
11.783328620000196,-0.572836714567464
11.791661950000197,-0.48882533037664
11.799995280000196,-0.38998062566434416
11.808328610000196,-0.28134954715564375
11.816661940000197,-0.16498815971867276
11.824995270000198,-0.041926261385445994
11.833328600000197,0.08713101626810012
11.841661930000196,0.2214908474020504
11.849995260000197,0.3602824582579395
11.858328590000198,0.5022788922829333
11.866661920000197,0.645833150655054
11.874995250000197,0.7888474035599363
11.883328580000198,0.9287052479591698
11.891661910000199,1.062150489816347
11.899995240000198,1.1854166095640573
11.908328570000197,1.2939005142257118
11.916661900000198,1.381925509790902
11.9249952300002,1.4424596205582843
11.933328560000199,1.4670794841570056
11.941661890000198,1.446291972952492
11.949995220000199,1.3705893021162237
11.9583285500002,1.232819945652688
11.9666618800002,1.031296055825575
11.974995210000198,0.7720564133326729
11.9833285400002,0.4686890256098088
11.9916618700002,0.14011146753839718
11.9999952000002,-0.19244076849825506
12.008328530000199,-0.5083748839211264
12.0166618600002,-0.7906635646491095
12.024995190000201,-1.0285041937514823
12.0333285200002,-1.218780499234
12.0416618500002,-1.3652425543900926
12.0499951800002,-1.4759206666645395
12.058328510000202,-1.5603290896306787
12.0666618400002,-1.6275350430052118
12.0749951700002,-1.6851539788210164
12.083328500000201,-1.738970381690365
12.091661830000202,-1.7925011777225792
12.099995160000201,-1.846322948761384
12.1083284900002,-1.8966963642452936
12.116661820000202,-1.9325936149239544
12.124995150000203,-1.9299665304581946
12.133328480000202,-1.8432614801608063
12.141661810000201,-1.6050684624922977
12.149995140000202,-1.171237791141876
12.158328470000203,-0.595188470024833
12.166661800000202,0.0064808718227457734
12.174995130000202,0.5155228612246809
12.183328460000203,0.8529026096967757
12.191661790000204,1.022711066562099
12.199995120000203,1.0793223320458278
12.208328450000202,1.070455127791534
12.216661780000203,1.0240357721856304
12.224995110000204,0.9538185276250772
12.233328440000204,0.8660148354091367
12.241661770000203,0.7633643777224015
12.249995100000204,0.6472645018518082
12.258328430000205,0.5188427446334524
12.266661760000204,0.379442267269869
12.274995090000203,0.23086877173301185
12.283328420000204,0.07544189020932955
12.291661750000205,-0.08401352985871766
12.299995080000205,-0.24392135981850216
12.308328410000204,-0.4000159207732541
12.316661740000205,-0.5471598634031445
12.324995070000206,-0.6793086715777885
12.333328400000205,-0.7894715602875786
12.341661730000204,-0.8696736399199991
12.349995060000206,-0.9113057487635039
12.358328390000207,-0.9060790925471445
12.366661720000206,-0.8478470536002719
12.374995050000205,-0.7345841991200059
12.383328380000206,-0.5699320846190887
12.391661710000207,-0.3633894305756412
12.399995040000206,-0.12890182563083522
12.408328370000206,0.11718221032653557
12.416661700000207,0.3583314419533649
12.424995030000208,0.5799608088704793
12.433328360000207,0.7714478676665564
12.441661690000206,0.927451993933902
12.449995020000207,1.0481095936767004
12.458328350000208,1.1379659791582781
12.466661680000207,1.2039318090883506
12.474995010000207,1.253639652449261
12.483328340000208,1.2943364324592355
12.491661670000209,1.3321524041849757
12.499995000000208,1.371864069401166
12.508328330000207,1.416705645628
12.516661660000208,1.4680849849931394
12.52499499000021,1.5249633351284169
12.533328320000209,1.5822699237797386
12.541661650000208,1.6278191737230254
12.549994980000209,1.6362145415726297
12.55832831000021,1.5585546508620138
12.56666164000021,1.3179315834055418
12.574994970000208,0.8563488635747191
12.58332830000021,0.2312998926124275
12.59166163000021,-0.4351068787298676
12.59999496000021,-1.0225868950680663
12.608328290000209,-1.4357208992789294
12.61666162000021,-1.6545732731439942
12.624994950000211,-1.7308534212254827
12.63332828000021,-1.7211354560095664
12.64166161000021,-1.660985074508191
12.64999494000021,-1.568672678770933
12.658328270000212,-1.4530294066236724
12.66666160000021,-1.3185291083679365
12.67499493000021,-1.1680306882364297
12.683328260000211,-1.0040194240415707
12.691661590000212,-0.8290953273962923
12.699994920000211,-0.646331837811355
12.70832825000021,-0.45942680389646723
12.716661580000212,-0.2728031673841343
12.724994910000213,-0.09171819146992395
12.733328240000212,0.07773790314273767
12.741661570000211,0.22875572347095655
12.749994900000212,0.35408640641079614
12.758328230000213,0.4466130697237033
12.766661560000212,0.5002791165822197
12.774994890000212,0.5113076437955223
12.783328220000213,0.47945378170908903
12.791661550000214,0.40844434226255905
12.799994880000213,0.30586967117918334
12.808328210000212,0.18197523254863834
12.816661540000213,0.04822627418250005
12.824994870000214,-0.08430826879773916
12.833328200000214,-0.20635922334952309
12.841661530000213,-0.3117566638098966
12.849994860000214,-0.3977492727025481
12.858328190000215,-0.46508772808753046
12.866661520000214,-0.517098267448708
12.874994850000213,-0.5585147718811082
12.883328180000214,-0.5944719820101012
12.891661510000215,-0.6297795892428365
12.899994840000215,-0.6685301655153782
12.908328170000214,-0.7138468778397294
12.916661500000215,-0.767759547460639
12.924994830000216,-0.8312676099099651
12.933328160000215,-0.9042585713818277
12.941661490000214,-0.985238218013259
12.949994820000216,-1.0706801600414677
12.958328150000217,-1.1535684589677473
12.966661480000216,-1.219979592351517
12.974994810000215,-1.242083681440169
12.983328140000216,-1.166692561140296
12.991661470000217,-0.9106462876403655
12.999994800000216,-0.41824389781287985
13.008328130000216,0.23898956767047874
13.016661460000217,0.9388583988400482
13.024994790000218,1.5636060672605687
13.033328120000217,2.0050933223562417
13.041661450000216,2.2213072962528146
13.049994780000217,2.266328395922482
13.058328110000218,2.209393451430934
13.066661440000217,2.0949565358346023
13.074994770000217,1.946331469600145
13.083328100000218,1.7752238376095173
13.091661430000219,1.5880517262370444
13.099994760000218,1.389181366109449
13.108328090000217,1.1824041185107692
13.116661420000218,0.971620543354036
13.12499475000022,0.7611559167576617
13.133328080000219,0.5558421073990699
13.141661410000218,0.36089535783294224
13.149994740000219,0.18173288824391737
13.15832807000022,0.023569309901296114
13.16666140000022,-0.10920170328975994
13.174994730000218,-0.2137075809110808
13.18332806000022,-0.28936758785414274
13.19166139000022,-0.3379132047973044
13.19999472000022,-0.3633427051684784
13.208328050000219,-0.37119712590739806
13.21666138000022,-0.36772403885136784
13.224994710000221,-0.3585417832844476
13.23332804000022,-0.3480865196421213
13.24166137000022,-0.33883049527518366
13.24999470000022,-0.3313595963532724
13.258328030000222,-0.32450314094339866
13.26666136000022,-0.3157528796459425
13.27499469000022,-0.3020849071030777
13.283328020000221,-0.28055471362587303
13.291661350000222,-0.24868482453159502
13.299994680000221,-0.20467411291345003
13.30832801000022,-0.14744270424158776
13.316661340000222,-0.07678066010868465
13.324994670000223,0.006789518268230122
13.333328000000222,0.10224462879111504
13.341661330000221,0.2079796956741205
13.349994660000222,0.3220206379927437
13.358327990000223,0.441874064164785
13.366661320000222,0.5642209145578421
13.374994650000222,0.6842374401877029
13.383327980000223,0.7934791620207094
13.391661310000224,0.8759626589082603
13.399994640000223,0.900392088261258
13.408327970000222,0.809293817945232
13.416661300000223,0.5230711176153559
13.424994630000224,0.012436890990809944
13.433327960000224,-0.6408786228684759
13.441661290000223,-1.3222979031289104
13.449994620000224,-1.916630802228191
13.458327950000225,-2.30733298184599
13.466661280000224,-2.450426761032672
13.474994610000223,-2.417977309061215
13.483327940000224,-2.28822981055916
13.491661270000225,-2.1084784841656576
13.499994600000225,-1.903185717813887
13.508327930000224,-1.6850082104974604
13.516661260000225,-1.4612264318221053
13.524994590000226,-1.2370246401379827
13.533327920000225,-1.0167520656666913
13.541661250000224,-0.804312581065163
13.549994580000225,-0.6030079895903012
13.558327910000227,-0.41541629910323485
13.566661240000226,-0.24302331065694804
13.574994570000225,-0.08597140061136734
13.583327900000226,0.057223193329013725
13.591661230000227,0.18923838960817696
13.599994560000226,0.313404942574267
13.608327890000226,0.43296751892428786
13.616661220000227,0.5501966391434275
13.624994550000228,0.6657157256553239
13.633327880000227,0.7782038504381372
13.641661210000226,0.8845248425696618
13.649994540000227,0.9804428103370605
13.658327870000228,1.0612683410507184
13.666661200000227,1.1226308166169738
13.674994530000227,1.1610444609407038
13.683327860000228,1.1741474223258541
13.691661190000229,1.1608788866284736
13.699994520000228,1.1215579233501374
13.708327850000227,1.0574637289628241
13.716661180000228,0.9707851895366821
13.72499451000023,0.8641373815856909
13.733327840000229,0.7405068164136152
13.741661170000228,0.6030013438017937
13.749994500000229,0.45468608461477317
13.75832783000023,0.29858811729318396
13.766661160000229,0.1376186616197051
13.774994490000228,-0.02524228091890435
13.78332782000023,-0.18683591043644793
13.79166115000023,-0.34323322260777384
13.79999448000023,-0.4887148196339488
13.808327810000229,-0.6135090803201901
13.81666114000023,-0.6992819201989652
13.824994470000231,-0.7116828892666353
13.83332780000023,-0.5936785895044995
13.84166113000023,-0.2836888480676383
13.84999446000023,0.2170114363106473
13.858327790000232,0.8262091749522982
13.86666112000023,1.4364743760893406
13.87499445000023,1.9299346091671172
13.883327780000231,2.191919240718544
13.891661110000232,2.218865441067557
13.899994440000231,2.1017702595870906
13.90832777000023,1.913864348922156
13.916661100000232,1.696451526871099
13.924994430000233,1.470930448045673
13.933327760000232,1.2487400466113845
13.941661090000231,1.036308815088625
13.949994420000232,0.8370276534502981
13.958327750000233,0.6521256132914177
13.966661080000232,0.4805856171190277
13.974994410000232,0.31913877513595823
13.983327740000233,0.16245282008483986
13.991661070000234,0.0038087620806725735
13.999994400000233,-0.16371161084190924
14.008327730000232,-0.3456439635798365
14.016661060000233,-0.5444088095682447
14.024994390000234,-0.7580255204464168
14.033327720000234,-0.9799950274269104
14.041661050000233,-1.200417674405998
14.049994380000234,-1.4079887197241143
14.058327710000235,-1.5917123375487168
14.066661040000234,-1.7423106469138456
14.074994370000233,-1.8532060260021481
14.083327700000234,-1.9208473059826343
14.091661030000235,-1.94465590597745
14.099994360000235,-1.9264389303683873
14.108327690000234,-1.8697596254508064
14.116661020000235,-1.779092416256047
14.124994350000236,-1.659366057565576
14.133327680000235,-1.515467865329112
14.141661010000234,-1.352049463290652
14.149994340000235,-1.1734629169080166
14.158327670000237,-0.9837512292116981
14.166661000000236,-0.7865966831968993
14.174994330000235,-0.5854230793648989
14.183327660000236,-0.38341511525318056
14.191660990000237,-0.18368010190808914
14.199994320000236,0.010726167360832718
14.208327650000236,0.19655863330851003
14.216660980000237,0.36975828546904455
14.224994310000238,0.5243749620355597
14.233327640000237,0.6502254950522802
14.241660970000236,0.7288428550827104
14.249994300000237,0.7281296643106661
14.258327630000238,0.6010164694754542
14.266660960000237,0.3072056244199741
14.274994290000237,-0.13999216064552863
14.283327620000238,-0.6658714777753488
14.291660950000239,-1.1662415961527655
14.299994280000238,-1.523647872468966
14.308327610000237,-1.6580053606958882
14.316660940000238,-1.6098340635630404
14.32499427000024,-1.4628736804232414
14.333327600000239,-1.2758296035219887
14.341660930000238,-1.0810697388255266
14.349994260000239,-0.8948060948956601
14.35832759000024,-0.7242208967830539
14.366660920000239,-0.5707498105755736
14.374994250000238,-0.4315357305345836
14.38332758000024,-0.3001780175574239
14.39166091000024,-0.1672625899488466
14.39999424000024,-0.021262796347030002
14.408327570000239,0.14985085335245832
14.41666090000024,0.3557633872013565
14.424994230000241,0.6000944801948247
14.43332756000024,0.8780543325034175
14.44166089000024,1.1767142908074375
14.44999422000024,1.478092037399765
14.458327550000242,1.7628567391018453
14.46666088000024,2.0132954366593983
14.47499421000024,2.2154053097481925
14.483327540000241,2.360319320979566
14.491660870000242,2.4446841107051354
14.499994200000241,2.4700994574189012
14.50832753000024,2.441726063673556
14.516660860000242,2.366537387959094
14.524994190000243,2.2518625386677678
14.533327520000242,2.104677609888373
14.541660850000241,1.931344192835018
14.549994180000242,1.73750151834169
14.558327510000243,1.5281208548146177
14.566660840000242,1.307609592643145
14.574994170000242,1.0799648636985573
14.583327500000243,0.8488863835463478
14.591660830000244,0.6178062594444147
14.599994160000243,0.3898401476159975
14.608327490000242,0.16777496211305626
14.616660820000243,-0.04569948541096945
14.624994150000244,-0.24802774327739183
14.633327480000244,-0.43654294169725066
14.641660810000243,-0.6079213577923599
14.649994140000244,-0.7573617851737137
14.658327470000245,-0.8765962316996235
14.666660800000244,-0.9508190807479998
14.674994130000243,-0.9551775807947209
14.683327460000244,-0.8550241531773783
14.691660790000245,-0.620766823981228
14.699994120000245,-0.2604889834235521
14.708327450000244,0.16471409391532071
14.716660780000245,0.5595834229769693
14.724994110000246,0.826231982854152
14.733327440000245,0.9229994119979011
14.741660770000244,0.8910980287404086
14.749994100000245,0.7930178557799694
14.758327430000246,0.672292659043595
14.766660760000246,0.5523404554504413
14.774994090000245,0.4428081775441755
14.783327420000246,0.34486505484537433
14.791660750000247,0.25371172386558694
14.799994080000246,0.1597445869024108
14.808327410000246,0.04973747649921612
14.816660740000247,-0.09186709136365835
14.824994070000248,-0.27988062454980234
14.833327400000247,-0.5228874650917471
14.841660730000246,-0.8180901794377718
14.849994060000247,-1.150313839575297
14.858327390000248,-1.4962283564496142
14.866660720000247,-1.8298674950890264
14.874994050000247,-2.126782325324876
14.883327380000248,-2.367124298884085
14.891660710000249,-2.538170247392294
14.899994040000248,-2.635726756500694
14.908327370000247,-2.663163370750722
14.916660700000248,-2.628798900157965
14.92499403000025,-2.542802665527761
14.933327360000249,-2.4149248197145377
14.941660690000248,-2.253753873269999
14.949994020000249,-2.0665266271119913
14.95832735000025,-1.8592672797668677
14.966660680000249,-1.6370729384192078
14.974994010000248,-1.4043042571267161
14.98332734000025,-1.1648650321967968
14.99166067000025,-0.9223066971105572
14.99999400000025,-0.6798845302107736
15.008327330000249,-0.4405123495967766
15.01666066000025,-0.20679237912670367
15.024993990000251,0.018961382271638946
15.03332732000025,0.2348410356740634
15.04166065000025,0.4393404841929985
15.04999398000025,0.631122645252701
15.058327310000251,0.8087835855106489
15.06666064000025,0.9707127513270195
15.07499397000025,1.1140926059314566
15.083327300000251,1.2335395807097294
15.091660630000252,1.3187127020214064
15.099993960000251,1.3511231620930073
15.10832729000025,1.3028666134923002
15.116660620000252,1.14443290107047
15.124993950000253,0.8691573668073767
15.133327280000252,0.5172178208457561
15.141660610000251,0.16593917479224835
15.149993940000252,-0.10606762697544825
15.158327270000253,-0.2617504894265899
15.166660600000252,-0.3193516865029415
15.174993930000252,-0.31876853380451237
15.183327260000253,-0.29206159560943074
15.191660590000254,-0.25714779014275835
15.199993920000253,-0.22027355510610352
15.208327250000252,-0.1795279165887364
15.216660580000253,-0.12631792919201837
15.224993910000254,-0.04702860805631503
15.233327240000254,0.07501143987049404
15.241660570000253,0.25532792987029274
15.249993900000254,0.5011706018189961
15.258327230000255,0.8054254320457931
15.266660560000254,1.1471116662284648
15.274993890000253,1.497323665430209
15.283327220000254,1.8255748249508712
15.291660550000255,2.1043191941161132
15.299993880000255,2.3130042562066406
15.308327210000254,2.4416025435811513
15.316660540000255,2.491418400018646
15.324993870000256,2.4717454523307447
15.333327200000255,2.3953383234165897
15.341660530000254,2.2746912066144156
15.349993860000255,2.120296993469871
15.358327190000256,1.9405223924724653
15.366660520000256,1.7418972766954541
15.374993850000255,1.5295696972918151
15.383327180000256,1.3076813840074317
15.391660510000257,1.0797208912355556
15.399993840000256,0.8487178759529624
15.408327170000256,0.6173498580558403
15.416660500000257,0.38789942729176125
15.424993830000258,0.16228168564269096
15.433327160000257,-0.05787569714799945
15.441660490000256,-0.27121347430863474
15.449993820000257,-0.476696633604408
15.458327150000258,-0.6736727071428212
15.466660480000257,-0.8618913855359184
15.474993810000257,-1.0411947423939152
15.483327140000258,-1.2113495794868985
15.491660470000259,-1.3716189924453428
15.499993800000258,-1.520143489327249
15.508327130000257,-1.652349972276345
15.516660460000258,-1.7588227101935525
15.52499379000026,-1.8219860079515904
15.533327120000259,-1.8132316657778471
15.541660450000258,-1.6973172492427866
15.549993780000259,-1.4539908902649137
15.55832711000026,-1.1075715240618162
15.566660440000259,-0.7237885274133755
15.574993770000258,-0.37615667182967205
15.58332710000026,-0.11315557893773139
15.59166043000026,0.05847017627880569
15.59999376000026,0.16054787211673852
15.608327090000259,0.21904491238322932
15.61666042000026,0.2513810458878607
15.624993750000261,0.26416716312995075
15.63332708000026,0.25520935578264464
15.64166041000026,0.2148256532358629
15.64999374000026,0.12848227789484065
15.658327070000261,-0.018399261780943983
15.66666040000026,-0.2331221443559585
15.67499373000026,-0.5088177579775771
15.683327060000261,-0.8239426273526381
15.691660390000262,-1.1479896724670333
15.699993720000261,-1.4482932277647211
15.70832705000026,-1.695893409633589
15.716660380000262,-1.8710195468996806
15.724993710000263,-1.9669384627362096
15.733327040000262,-1.989155954165435
15.741660370000261,-1.9502817113973283
15.749993700000262,-1.8643505008577557
15.758327030000263,-1.7437797402712663
15.766660360000262,-1.5982825210351583
15.774993690000262,-1.435059208961171
15.783327020000263,-1.2593889024545495
15.791660350000264,-1.0751311734065023
15.799993680000263,-0.8852004862267843
15.808327010000262,-0.6917453406161721
15.816660340000263,-0.496419908258228
15.824993670000264,-0.3005469272864457
15.833327000000263,-0.105167043955721
15.841660330000263,0.08893609227059417
15.849993660000264,0.2812687019965318
15.858326990000265,0.4716062564193845
15.866660320000264,0.6598434842154023
15.874993650000263,0.8460523588989713
15.883326980000264,1.0302715547431287
15.891660310000265,1.2123111463203997
15.899993640000265,1.3918235193437483
15.908326970000264,1.5677774279585945
15.916660300000265,1.7379828061718614
15.924993630000266,1.8984549907120587
15.933326960000265,2.041915583119016
15.941660290000264,2.1555483904175325
15.949993620000265,2.2180195205768403
15.958326950000266,2.197001667972696
15.966660280000266,2.0549146683035673
15.974993610000265,1.7724122149209482
15.983326940000266,1.3749974810866386
15.991660270000267,0.925200206046005
15.999993600000266,0.4929619443651505
16.008326930000266,0.13222105742994306
16.016660260000265,-0.13503858175885122
16.024993590000268,-0.3180190951669579
16.033326920000267,-0.4388636814375511
16.041660250000266,-0.5160509200404383
16.04999358000027,-0.5578680577273056
16.058326910000268,-0.5627866382345307
16.066660240000267,-0.5215387594106639
16.074993570000267,-0.4218593218783524
16.083326900000266,-0.25589092082372933
16.09166023000027,-0.027608851444494827
16.099993560000268,0.2442805026752748
16.108326890000267,0.5305170145409596
16.11666022000027,0.798631136459883
16.12499355000027,1.0202123206545735
16.13332688000027,1.1771831792628191
16.141660210000268,1.2649305189920994
16.149993540000267,1.2903117702589677
16.15832687000027,1.2659752799833306
16.16666020000027,1.2049663179253562
16.17499353000027,1.1181154680871348
16.18332686000027,1.0134766598635874
16.19166019000027,0.8966914966983792
16.19999352000027,0.7715688343880011
16.20832685000027,0.6405662795414395
16.216660180000268,0.5051771425695405
16.22499351000027,0.36619450532647996
16.23332684000027,0.22396433561004583
16.24166017000027,0.07848015200043816
16.249993500000272,-0.07062005069659624
16.25832683000027,-0.2238098978027552
16.26666016000027,-0.38161062730648915
16.27499349000027,-0.5446372979128665
16.28332682000027,-0.7132949408428937
16.291660150000272,-0.8877324718265676
16.29999348000027,-1.0675405828749758
16.30832681000027,-1.2516768230787785
16.316660140000273,-1.4383143464527135
16.324993470000273,-1.6245278328874573
16.333326800000272,-1.8060313879600962
16.34166013000027,-1.9769198139318607
16.34999346000027,-2.129053867454106
16.358326790000273,-2.250977585302839
16.366660120000272,-2.326273891355584
16.37499345000027,-2.3317921178331478
16.383326780000274,-2.2380143088257114
16.391660110000274,-2.018460682718833
16.399993440000273,-1.669053824865305
16.408326770000272,-1.2204200517839026
16.41666010000027,-0.727223624786065
16.424993430000274,-0.24936788929696313
16.433326760000273,0.163010549422686
16.441660090000273,0.4832198531931145
16.449993420000276,0.7128110805804151
16.458326750000275,0.8698311255542277
16.466660080000274,0.9721784971847258
16.474993410000273,1.0286343849226658
16.483326740000273,1.0377764780302872
16.491660070000275,0.9909963510268637
16.499993400000275,0.8794004696100757
16.508326730000274,0.7022063258007215
16.516660060000277,0.4723948519543091
16.524993390000276,0.21548106123500405
16.533326720000275,-0.037683445137160196
16.541660050000274,-0.25930424338013897
16.549993380000274,-0.4312051614109961
16.558326710000276,-0.5477354438529608
16.566660040000276,-0.6134897098865963
16.574993370000275,-0.6382687770688928
16.583326700000278,-0.6326278146440275
16.591660030000277,-0.6054260672345809
16.599993360000276,-0.5630614177467963
16.608326690000276,-0.5098917779048947
16.616660020000275,-0.44855539360231056
16.624993350000278,-0.38036738836141726
16.633326680000277,-0.30584991175221055
16.641660010000276,-0.22482932721149257
16.64999334000028,-0.13662195638265878
16.658326670000278,-0.04026166602041035
16.666660000000277,0.06533937618203182
16.674993330000277,0.18139247321657168
16.683326660000276,0.3089316855293636
16.69165999000028,0.44880977656495286
16.699993320000278,0.6012705139373239
16.708326650000277,0.7656782983726573
16.71665998000028,0.9405956198101845
16.72499331000028,1.1233782854713559
16.73332664000028,1.3101507920458055
16.741659970000278,1.4957148262440543
16.749993300000277,1.673597100082108
16.75832663000028,1.8360820526591797
16.76665996000028,1.9740331243592228
16.77499329000028,2.0766750002087564
16.78332662000028,2.1313687306586266
16.79165995000028,2.12324647649186
16.79999328000028,2.035309245528637
16.80832661000028,1.8510297549803194
16.816659940000278,1.5615108934773907
16.82499327000028,1.1741470823379105
16.83332660000028,0.7161369956314318
16.84165993000028,0.22921863967704464
16.849993260000282,-0.23970785404856776
16.85832659000028,-0.6492884170045341
16.86665992000028,-0.9755187107578912
16.87499325000028,-1.2171580792559595
16.88332658000028,-1.387504348301309
16.891659910000282,-1.5006489976332351
16.89999324000028,-1.5623796178380613
16.90832657000028,-1.5682377944755475
16.916659900000283,-1.507859912350998
16.924993230000283,-1.374045109774247
16.933326560000282,-1.171692861740505
16.94165989000028,-0.9208549160490871
16.94999322000028,-0.6510788940847492
16.958326550000283,-0.39194641926904344
16.966659880000282,-0.16556421131510268
16.97499321000028,0.016994729851193647
16.983326540000284,0.15491711640639808
16.991659870000284,0.25379062845365935
16.999993200000283,0.3214254656999571
17.008326530000282,0.36519154851836133
17.01665986000028,0.39082781515115217
17.024993190000284,0.40215486455686766
17.033326520000283,0.40145236554399294
17.041659850000283,0.3897445306353341
17.049993180000286,0.36703161753669195
17.058326510000285,0.3327550421842847
17.066659840000284,0.2859301683851602
17.074993170000283,0.22522690252803787
17.083326500000283,0.14932478541328786
17.091659830000285,0.05703652436849641
17.099993160000285,-0.05253478716424725
17.108326490000284,-0.17951771420400164
17.116659820000287,-0.32324257095197895
17.124993150000286,-0.48197932230031026
17.133326480000285,-0.6526952357094516
17.141659810000284,-0.8310288027278034
17.149993140000284,-1.0114114013179767
17.158326470000286,-1.18708582879524
17.166659800000286,-1.3501350990446357
17.174993130000285,-1.4917638495823324
17.183326460000288,-1.602810677426972
17.191659790000287,-1.6741054865111862
17.199993120000286,-1.6970153998661182
17.208326450000285,-1.6638586286914852
17.216659780000285,-1.5679599360911285
17.224993110000288,-1.4037206115682777
17.233326440000287,-1.1673618782722701
17.241659770000286,-0.85919809144908
17.24999310000029,-0.4872402910896615
17.258326430000288,-0.07003959460274659
17.266659760000287,0.3637407070341862
17.274993090000287,0.780251655609956
17.283326420000286,1.14891764533012
17.29165975000029,1.4512852707955093
17.299993080000288,1.6842791727515576
17.308326410000287,1.8542039711607607
17.31665974000029,1.9670483084682857
17.32499307000029,2.0204482581832703
17.33332640000029,2.0026078498110063
17.341659730000288,1.899527182292174
17.349993060000287,1.706953109546433
17.35832639000029,1.4389727356601987
17.36665972000029,1.1250071520568845
17.37499305000029,0.7991681869215362
17.38332638000029,0.49071561096410254
17.39165971000029,0.2188418771960865
17.39999304000029,-0.008215139631568136
17.40832637000029,-0.1909570213725746
17.416659700000288,-0.33473949285370097
17.42499303000029,-0.44630049990456455
17.43332636000029,-0.5317046975889662
17.44165969000029,-0.5954521521874487
17.449993020000292,-0.6403350691322662
17.45832635000029,-0.6678315771269194
17.46665968000029,-0.6783045869270916
17.47499301000029,-0.6713812791646085
17.48332634000029,-0.6462586431465822
17.491659670000292,-0.6020033526305396
17.49999300000029,-0.5376868910059811
17.50832633000029,-0.45270926349292484
17.516659660000293,-0.3471095984594353
17.524992990000293,-0.22183568888205393
17.533326320000292,-0.07879843316300857
17.54165965000029,0.07893970245789766
17.54999298000029,0.2471274751076569
17.558326310000293,0.4202811547425038
17.566659640000292,0.5917249556098246
17.57499297000029,0.7537489788620851
17.583326300000294,0.8980803187748954
17.591659630000294,1.016296243683456
17.599992960000293,1.1005873895607838
17.608326290000292,1.144718943710589
17.61665962000029,1.1447911226717904
17.624992950000294,1.0994407573640577
17.633326280000293,1.0089998682576025
17.641659610000293,0.8745120203495659
17.649992940000296,0.6964399693100748
17.658326270000295,0.47418490497071814
17.666659600000294,0.20712474079719403
17.674992930000293,-0.10257048222109005
17.683326260000293,-0.44626116879964367
17.691659590000295,-0.8071150173191391
17.699992920000295,-1.1620265316487426
17.708326250000294,-1.4874626591152078
17.716659580000297,-1.7659092167692791
17.724992910000296,-1.9881055974359254
17.733326240000295,-2.15002080506963
17.741659570000294,-2.2460796092521065
17.749992900000294,-2.263237735453076
17.758326230000296,-2.1831118963116767
17.766659560000296,-1.9936877997053817
17.774992890000295,-1.7026449025387587
17.783326220000298,-1.3387168265196288
17.791659550000297,-0.9403377101441439
17.799992880000296,-0.543968375325599
17.808326210000295,-0.1776196003565376
17.816659540000295,0.1416245238427936
17.824992870000298,0.4073069381652898
17.833326200000297,0.6212026290896616
17.841659530000296,0.7894743813788548
17.8499928600003,0.9193644961999519
17.858326190000298,1.0170415110190465
17.866659520000297,1.0870055572509667
17.874992850000297,1.1321198478527843
17.883326180000296,1.1538529490600633
17.8916595100003,1.152791024828104
17.899992840000298,1.1289734200094153
17.908326170000297,1.082254394253757
17.9166595000003,1.0126241295151919
17.9249928300003,0.9205006390009515
17.9333261600003,0.8070401340056139
17.941659490000298,0.67419885472848
17.949992820000297,0.5249748656392547
17.9583261500003,0.3634659153308489
17.9666594800003,0.19490175508541102
17.9749928100003,0.02558777209587243
17.9833261400003,-0.13733200543693647
17.9916594700003,-0.2863434202887136
17.9999928000003,-0.4140648531301919
18.0083261300003,-0.5140981741850543
18.016659460000298,-0.5819227709688666
18.0249927900003,-0.6156994532964052
18.0333261200003,-0.6162063766619237
18.0416594500003,-0.5862675088341148
18.049992780000302,-0.5298380036847649
18.0583261100003,-0.4503789573815307
18.0666594400003,-0.3494793340440527
18.0749927700003,-0.22567047518709243
18.0833261000003,-0.0738425711166679
18.091659430000302,0.11394038300341817
18.0999927600003,0.3452058100401817
18.1083260900003,0.6214038062716345
18.116659420000303,0.9327514609072545
18.124992750000303,1.2580848023422222
18.1333260800003,1.5705201578333696
18.1416594100003,1.8446049224312222
18.1499927400003,2.0603490235365087
18.158326070000303,2.202374634852867
18.166659400000302,2.2550460544484707
18.1749927300003,2.199786127067042
18.183326060000304,2.0215306582633814
18.191659390000304,1.7224046273678661
18.199992720000303,1.3279551002479457
18.208326050000302,0.8776940245954341
18.2166593800003,0.4123404205615143
18.224992710000304,-0.03324950459942632
18.233326040000303,-0.43292883108334645
18.241659370000303,-0.7711165336751233
18.249992700000305,-1.043275155056606
18.258326030000305,-1.2533880442837937
18.266659360000304,-1.4098020026059377
18.274992690000303,-1.5213260856711444
18.283326020000302,-1.5952761676145448
18.291659350000305,-1.6370208191935753
18.299992680000305,-1.650095405873644
18.308326010000304,-1.6366425922833026
18.316659340000307,-1.5980427115962974
18.324992670000306,-1.5354258024755931
18.333326000000305,-1.4499527975488704
18.341659330000304,-1.343087150878969
18.349992660000304,-1.216924714512806
18.358325990000306,-1.0742662381703632
18.366659320000306,-0.9187734101491021
18.374992650000305,-0.754997522599234
18.383325980000308,-0.5883026001153913
18.391659310000307,-0.42466772793934726
18.399992640000306,-0.27030852086745777
18.408325970000305,-0.1310297418887985
18.416659300000305,-0.011514188406440634
18.424992630000308,0.08545100465257956
18.433325960000307,0.15924057490009091
18.441659290000306,0.211369055542389
18.44999262000031,0.24498820085320044
18.458325950000308,0.26415016617970705
18.466659280000307,0.2725918987406775
18.474992610000307,0.2729591220074684
18.483325940000306,0.2655827431794528
18.49165927000031,0.24717611365173012
18.499992600000308,0.20969362879813966
18.508325930000307,0.13985842331816448
18.51665926000031,0.020319347164265086
18.52499259000031,-0.1649484119620603
18.53332592000031,-0.4207458525559328
18.541659250000308,-0.7332170123626083
18.549992580000307,-1.0722616965370058
18.55832591000031,-1.4008862180029324
18.56665924000031,-1.6835235605291956
18.57499257000031,-1.890137974001095
18.58332590000031,-1.9967167890935171
18.59165923000031,-1.983597610904478
18.59999256000031,-1.8369989935388853
18.60832589000031,-1.5576148546144644
18.616659220000308,-1.1673547167654597
18.62499255000031,-0.7036517835536741
18.63332588000031,-0.2079113773551586
18.64165921000031,0.2814933826424091
18.649992540000312,0.7318780048662737
18.65832587000031,1.1187219982851264
18.66665920000031,1.4288427370465322
18.67499253000031,1.6614750319914102
18.68332586000031,1.8249386663983171
18.691659190000312,1.9309609551348121
18.69999252000031,1.9907350360290685
18.70832585000031,2.013133697482165
18.716659180000313,2.0044591386381327
18.724992510000313,1.9690783445601057
18.73332584000031,1.9100271032786023
18.74165917000031,1.829661593082188
18.74999250000031,1.7299799459894163
18.758325830000313,1.6130807856912013
18.766659160000312,1.4812735839194482
18.77499249000031,1.337347549081381
18.783325820000314,1.1845242789744244
18.791659150000314,1.0264358946678462
18.799992480000313,0.8669834062926005
18.808325810000312,0.7099974332715365
18.81665914000031,0.5589981493007025
18.824992470000314,0.4166515770987196
18.833325800000313,0.2845855333294466
18.841659130000313,0.16317244483023602
18.849992460000315,0.05162688204745524
18.858325790000315,-0.051671079349993425
18.866659120000314,-0.1488536433920455
18.874992450000313,-0.24184227456326576
18.883325780000312,-0.33181000855056797
18.891659110000315,-0.4186691136940077
18.899992440000315,-0.5004078647870076
18.908325770000314,-0.5722328327196599
18.916659100000317,-0.6252195390428046
18.924992430000316,-0.645055847727754
18.933325760000315,-0.6118339845541944
18.941659090000314,-0.5030635353087316
18.949992420000314,-0.3029359989274909
18.958325750000316,-0.014664060612455255
18.966659080000316,0.3361977983151764
18.974992410000315,0.7101716576759327
18.983325740000318,1.0636928393713343
18.991659070000317,1.3542058740069958
18.999992400000316,1.5436029356772045
19.008325730000315,1.603055190810008
19.016659060000315,1.5180297216843084
19.024992390000317,1.2918521781106065
19.033325720000317,0.9460692794985652
19.041659050000316,0.5151643184744011
19.04999238000032,0.03838031149051772
19.058325710000318,-0.4458637124680349
19.066659040000317,-0.9021466050975461
19.074992370000317,-1.300318506693819
19.083325700000316,-1.6198656332073664
19.09165903000032,-1.8540432316540347
19.099992360000318,-2.0093120480911235
19.108325690000317,-2.0991964311406166
19.11665902000032,-2.1382014688024933
19.12499235000032,-2.1385653120658454
19.13332568000032,-2.1093572079377054
19.141659010000318,-2.057001575872178
19.149992340000317,-1.9858295356379227
19.15832567000032,-1.898830031233707
19.16665900000032,-1.7982385640097118
19.174992330000318,-1.6856701733878083
19.18332566000032,-1.5624674703793993
19.19165899000032,-1.4299071068233689
19.19999232000032,-1.2890212181604204
19.20832565000032,-1.1408059549446024
19.216658980000318,-0.9862208930398788
19.22499231000032,-0.826206467728302
19.23332564000032,-0.661741599728392
19.24165897000032,-0.493818501400203
19.249992300000322,-0.32345395098750107
19.25832563000032,-0.1516764520093941
19.26665896000032,0.02044100536938032
19.27499229000032,0.19178696334458045
19.28332562000032,0.3611063029649659
19.291658950000322,0.5270099120652597
19.29999228000032,0.6876796386078141
19.30832561000032,0.8406196803581499
19.316658940000323,0.9825130295918716
19.324992270000322,1.1082840660991637
19.33332560000032,1.2101883890121359
19.34165893000032,1.2765328604545485
19.34999226000032,1.2903727004995238
19.358325590000323,1.2302683066100168
19.366658920000322,1.0762008784285095
19.37499225000032,0.820601129040746
19.383325580000324,0.4773683623987869
19.391658910000324,0.07937545651503879
19.399992240000323,-0.330530139535482
19.408325570000322,-0.7050154325757509
19.41665890000032,-0.9946912337526093
19.424992230000324,-1.1550093720370327
19.433325560000323,-1.1608057284256639
19.441658890000323,-1.0160264610260878
19.449992220000325,-0.7464892219624042
19.458325550000325,-0.38703398419684176
19.466658880000324,0.025725202806696858
19.474992210000323,0.4558213890186013
19.483325540000322,0.8688197543312818
19.491658870000325,1.2337389790235453
19.499992200000325,1.5275798279127248
19.508325530000324,1.7404716804978788
19.516658860000327,1.8767797170490672
19.524992190000326,1.9500051509592462
19.533325520000325,1.9756989812696053
19.541658850000324,1.9674283068801564
19.549992180000324,1.9353673067453576
19.558325510000326,1.886402273702581
19.566658840000326,1.8248308524825128
19.574992170000325,1.7530046464124756
19.583325500000328,1.6717265884331243
19.591658830000327,1.5806456587561866
19.599992160000326,1.4785389674216962
19.608325490000325,1.363578831224379
19.616658820000325,1.233734819089386
19.624992150000327,1.087122867077617
19.633325480000327,0.9226842606862062
19.641658810000326,0.7403543905854736
19.64999214000033,0.5413973020567497
19.658325470000328,0.3283975078215738
19.666658800000327,0.104970420254281
19.674992130000327,-0.12445061277625107
19.683325460000326,-0.35522586273117024
19.69165879000033,-0.5827633217790549
19.699992120000328,-0.8028462257468794
19.708325450000327,-1.0117652353045417
19.71665878000033,-1.2062764241004493
19.72499211000033,-1.3834534600685762
19.73332544000033,-1.5401860922314874
19.741658770000328,-1.6727864631720704
19.749992100000327,-1.7762194210241373
19.75832543000033,-1.8428231211458161
19.76665876000033,-1.8612374700353624
19.774992090000328,-1.8160550314073876
19.78332542000033,-1.689543405318429
19.79165875000033,-1.4681158299194639
19.79999208000033,-1.1516949518752468
19.80832541000033,-0.7588297283537311
19.816658740000328,-0.323746828063097
19.82499207000033,0.10899994437944305
19.83332540000033,0.486893840924404
19.84165873000033,0.7537673523624836
19.849992060000332,0.8670837240313055
19.85832539000033,0.8216120685589293
19.86665872000033,0.6463632968516508
19.87499205000033,0.3806141011149699
19.88332538000033,0.06073618724487266
19.891658710000332,-0.28055575873536776
19.89999204000033,-0.6129430091068614
19.90832537000033,-0.909605491612201
19.916658700000333,-1.1509892253595793
19.924992030000332,-1.328830366312086
19.93332536000033,-1.4465208036820871
19.94165869000033,-1.5151591843308951
19.94999202000033,-1.5478237785673195
19.958325350000333,-1.5558741991422338
19.966658680000332,-1.5476332299152773
19.97499201000033,-1.5281601345220674
19.983325340000334,-1.499727337542665
19.991658670000334,-1.4622184544412076
19.999992000000333,-1.4135672452997772
20.008325330000332,-1.3503558687545862
20.01665866000033,-1.268282161952676
20.024991990000334,-1.16295728044666
20.033325320000333,-1.030669346514609
20.041658650000333,-0.869225971569283
20.049991980000335,-0.6784962410804322
20.058325310000335,-0.4608530587077492
20.066658640000334,-0.22091578720416064
20.074991970000333,0.03482693669954801
20.083325300000332,0.2989701896992589
20.091658630000335,0.5639865204900949
20.099991960000335,0.8228173065426603
20.108325290000334,1.069170341777797
20.116658620000337,1.2978790195944165
20.124991950000336,1.5049431222463159
20.133325280000335,1.687453643199977
20.141658610000334,1.8432909325807816
20.149991940000334,1.9708865614259354
20.158325270000336,2.0687355099977656
20.166658600000336,2.1347409710302023
20.174991930000335,2.1654838741872187
20.183325260000338,2.1552753831670177
20.191658590000337,2.09535920402755
20.199991920000336,1.9740412850568996
20.208325250000335,1.7787201782149558
20.216658580000335,1.5006947904545747
20.224991910000337,1.1424146194113198
20.233325240000337,0.7222893385289539
20.241658570000336,0.274478393059175
20.24999190000034,-0.15322239241796795
20.258325230000338,-0.5024841200666528
20.266658560000337,-0.7178435593508047
20.274991890000337,-0.7765618139993886
20.283325220000336,-0.7014632099768612
20.29165855000034,-0.5352048927947101
20.299991880000338,-0.3166130183395358
20.308325210000337,-0.07621034375425559
20.31665854000034,0.1616623371568914
20.32499187000034,0.3781569100479356
20.33332520000034,0.5613010705085664
20.341658530000338,0.7071521313972206
20.349991860000337,0.8187652709022951
20.35832519000034,0.9029642132520168
20.36665852000034,0.9673839758609425
20.374991850000338,1.0180345352461113
20.38332518000034,1.0583089038703744
20.39165851000034,1.0890334491859266
20.39999184000034,1.1085447658674548
20.40832517000034,1.1131738552944062
20.416658500000338,1.0976997426059805
20.42499183000034,1.0562162560470443
20.43332516000034,0.9827998508673694
20.44165849000034,0.8726649417420225
20.449991820000342,0.7235749338347903
20.45832515000034,0.5364488878482833
20.46665848000034,0.3155445271768725
20.47499181000034,0.06811508975475773
20.48332514000034,-0.19688352847415933
20.491658470000342,-0.4699059858695415
20.49999180000034,-0.7415682795697615
20.50832513000034,-1.0033910111752224
20.516658460000343,-1.248015102219135
20.524991790000342,-1.4695289488279777
20.53332512000034,-1.6635976496077736
20.54165845000034,-1.8273871699466289
20.54999178000034,-1.9594083114599081
20.558325110000343,-2.059259911440051
20.566658440000342,-2.1274398690634517
20.57499177000034,-2.1647555619364462
20.583325100000344,-2.1717235045221432
20.591658430000344,-2.1481342476827754
20.599991760000343,-2.0923952925314766
20.608325090000342,-2.001082002155349
20.61665842000034,-1.8683134608031742
20.624991750000344,-1.6859483706869711
20.633325080000343,-1.4450600286593043
20.641658410000343,-1.139452014814292
20.649991740000345,-0.7716981263266431
20.658325070000345,-0.3588885949456493
20.666658400000344,0.06467643874212081
20.674991730000343,0.44872459243339013
20.683325060000342,0.7362222694917574
20.691658390000345,0.8886289043273508
20.699991720000344,0.9111653057090215
20.708325050000344,0.8406733807801141
20.716658380000347,0.7164564243707187
20.724991710000346,0.5673668339655353
20.733325040000345,0.41181021528908024
20.741658370000344,0.2603860450002157
20.749991700000344,0.11777042121528508
20.758325030000346,-0.015533054654467998
20.766658360000346,-0.1410518968263231
20.774991690000345,-0.2606937462459164
20.783325020000348,-0.37535708249537286
20.791658350000347,-0.484332737082994
20.799991680000346,-0.5851665357911737
20.808325010000345,-0.6735284669945764
20.816658340000345,-0.7433836123724885
20.824991670000347,-0.787442316706988
20.833325000000347,-0.7978430395410787
20.841658330000346,-0.7672349128775371
20.84999166000035,-0.6904499899451733
20.858324990000348,-0.5659753787071137
20.866658320000347,-0.396686648635426
20.874991650000347,-0.18959445860650012
20.883324980000346,0.045549665004534605
20.89165831000035,0.297701223950726
20.899991640000348,0.5559104644895204
20.908324970000347,0.8099428413994605
20.91665830000035,1.0508192633193905
20.92499163000035,1.2709168770184296
20.93332496000035,1.4643046179268278
20.941658290000348,1.626789634750315
20.949991620000347,1.75589963252324
20.95832495000035,1.850877272203863
20.96665828000035,1.9122823894110341
20.974991610000348,1.9417786930624115
20.98332494000035,1.9416192318399845
20.99165827000035,1.9142849129670152
20.99999160000035,1.8620831635305057
21.00832493000035,1.786747633730178
21.016658260000348,1.689238238966243
21.02499159000035,1.5693299285802218
21.03332492000035,1.4251740475174848
21.04165825000035,1.25301224223615
21.049991580000352,1.047165805644012
21.05832491000035,0.8008331202872506
21.06665824000035,0.5088033736225972
21.07499157000035,0.17264838267857605
21.08332490000035,-0.19297614866867774
21.091658230000352,-0.5562117108553546
21.09999156000035,-0.8712526600361737
21.10832489000035,-1.0942202194553465
21.116658220000353,-1.2075907224497835
21.124991550000352,-1.2275060596826861
21.13332488000035,-1.18411567293507
21.14165821000035,-1.1025227056887914
21.14999154000035,-0.9974351104571382
21.158324870000353,-0.8754002570693025
21.166658200000352,-0.7386312279412823
21.17499153000035,-0.5881383743400994
21.183324860000354,-0.4256922395013013
21.191658190000354,-0.25464034184098555
21.199991520000353,-0.08007427631009818
21.208324850000352,0.09137566667927541
21.21665818000035,0.25183730277933886
21.224991510000354,0.3922497210243399
21.233324840000353,0.5026163470139151
21.241658170000353,0.5728050402580016
21.249991500000355,0.5939466394089938
21.258324830000355,0.5606481050163128
21.266658160000354,0.4725804615224381
21.274991490000353,0.33499160437434067
21.283324820000352,0.1575774636886577
21.291658150000355,-0.04763643608309024
21.299991480000354,-0.26813532917998056
21.308324810000354,-0.49220544018825846
21.316658140000357,-0.7094144474753399
21.324991470000356,-0.9108940103485926
21.333324800000355,-1.0894666108840318
21.341658130000354,-1.2398309199318718
21.349991460000354,-1.3585578657736668
21.358324790000356,-1.4442093176746305
21.366658120000356,-1.4970195385999965
21.374991450000355,-1.5185518429888645
21.383324780000358,-1.5113856494216
21.391658110000357,-1.4786269764572495
21.399991440000356,-1.42361446809006
21.408324770000355,-1.3496660025487177
21.416658100000355,-1.2597583680602515
21.424991430000357,-1.1565152307208635
21.433324760000357,-1.042073410637737
21.441658090000356,-0.9177610159688683
21.44999142000036,-0.7839781283379905
21.458324750000358,-0.6397107488292634
21.466658080000357,-0.4820853305069106
21.474991410000356,-0.3059189232132974
21.483324740000356,-0.10383786556163141
21.49165807000036,0.1319692793156337
21.499991400000358,0.40506409039704655
21.508324730000357,0.707180401328663
21.51665806000036,1.012522986956596
21.52499139000036,1.2817300593716399
21.53332472000036,1.4780080230014496
21.541658050000358,1.5850688287180936
21.549991380000357,1.609665563317928
21.55832471000036,1.5683539529520516
21.56665804000036,1.475618451719462
21.574991370000358,1.340866950266282
21.58332470000036,1.1706164141893534
21.59165803000036,0.9711024244982219
21.59999136000036,0.7497372533233544
21.60832469000036,0.5155313983378536
21.616658020000358,0.2789240378061864
21.62499135000036,0.051334714071765944
21.63332468000036,-0.15512257080201267
21.64165801000036,-0.3278987628394366
21.649991340000362,-0.45498574807667563
21.65832467000036,-0.5268035981057525
21.66665800000036,-0.5385565054593204
21.67499133000036,-0.4918079525066147
21.68332466000036,-0.3943835380132881
21.691657990000362,-0.2582575703615662
21.69999132000036,-0.09687763995310777
21.70832465000036,0.07661949608084642
21.716657980000363,0.250527597340597
21.724991310000362,0.4149393177489383
21.73332464000036,0.5619885557851633
21.74165797000036,0.6858724083002012
21.74999130000036,0.782825741696681
21.758324630000363,0.8511864576516823
21.766657960000362,0.8910313997102203
21.77499129000036,0.9039251093162555
21.783324620000364,0.8924859230580134
21.791657950000364,0.8599122185771204
21.799991280000363,0.8096364240698265
21.808324610000362,0.7451024081580121
21.81665794000036,0.6696168730413609
21.824991270000364,0.5862426095853539
21.833324600000363,0.49792093622478906
21.841657930000363,0.4071879938363058
21.849991260000365,0.3162526842087719
21.858324590000365,0.22681402235633852
21.866657920000364,0.13979195837131544
21.874991250000363,0.05489509999671011
21.883324580000362,-0.030022643412517317
21.891657910000365,-0.11998012505604583
21.899991240000364,-0.2240065852875783
21.908324570000364,-0.35580979363675347
21.916657900000367,-0.5317405212279802
21.924991230000366,-0.7628121619287399
21.933324560000365,-1.0417101761350156
21.941657890000364,-1.3356913261733525
21.949991220000364,-1.5951628429387492
21.958324550000366,-1.7737281738496886
21.966657880000366,-1.8480149107617538
21.974991210000365,-1.8216204460739587
21.983324540000368,-1.7121396031598706
21.991657870000367,-1.5381730468883932
21.999991200000366,-1.315455950581906
22.008324530000365,-1.0577328369642947
22.016657860000365,-0.7784149168287513
22.024991190000367,-0.49129029657438616
22.033324520000367,-0.2106975032841147
22.041657850000366,0.048598972890630844
22.04999118000037,0.27201477981948535
22.058324510000368,0.44649993740755073
22.066657840000367,0.5627433462295912
22.074991170000366,0.6175914521858223
22.083324500000366,0.6148898999295417
22.09165783000037,0.5644684307119281
22.099991160000368,0.4793840659233402
22.108324490000367,0.3734282418067761
22.11665782000037,0.25935654462253654
22.12499115000037,0.14780582863666542
22.13332448000037,0.04713071414093358
22.141657810000368,-0.03679274976090673
22.149991140000367,-0.100526105704532
22.15832447000037,-0.14286315075288789
22.16665780000037,-0.16425696665147382
22.174991130000368,-0.16655553820371047
22.18332446000037,-0.15237554667687153
22.19165779000037,-0.1247407795640018
22.19999112000037,-0.08679982158879461
22.20832445000037,-0.04165588892917757
22.216657780000368,0.007735621567304577
22.22499111000037,0.05863153896946713
22.23332444000037,0.10859456560672996
22.24165777000037,0.15538950403935659
22.249991100000372,0.1970111486970977
22.25832443000037,0.23178864650790781
22.26665776000037,0.25845080751267446
22.27499109000037,0.27619966252470596
22.28332442000037,0.285190955441587
22.291657750000372,0.2868171396808483
22.29999108000037,0.284522806629529
22.30832441000037,0.2849860165884778
22.316657740000373,0.29954894440314583
22.324991070000372,0.34585005813771097
22.33332440000037,0.44698274043016006
22.34165773000037,0.6237995088029502
22.34999106000037,0.8783715699807362
22.358324390000373,1.1814420064239117
22.366657720000372,1.4777487082791334
22.37499105000037,1.7035691186824875
22.383324380000374,1.810036508082238
22.391657710000374,1.7847091093695253
22.399991040000373,1.6483695278247223
22.408324370000372,1.4321747341925466
22.41665770000037,1.1632675428156218
22.424991030000374,0.8630916492175029
22.433324360000373,0.5498037374917003
22.441657690000373,0.2403090213329855
22.449991020000375,-0.04886834824184336
22.458324350000375,-0.3021919925537784
22.466657680000374,-0.5068623437661237
22.474991010000373,-0.6551645833335641
22.483324340000372,-0.7462965072348671
22.491657670000375,-0.7863449152476555
22.499991000000374,-0.7862057730740563
22.508324330000374,-0.7587751664303498
22.516657660000376,-0.716545217725055
22.524990990000376,-0.6701050271046648
22.533324320000375,-0.6274009694911259
22.541657650000374,-0.5935120979874403
22.549990980000373,-0.5710353122089673
22.558324310000376,-0.5603941016285197
22.566657640000376,-0.5604567393745657
22.574990970000375,-0.5691010896922957
22.583324300000378,-0.5837925058840018
22.591657630000377,-0.6017932975335508
22.599990960000376,-0.6204694839220009
22.608324290000375,-0.637437957796775
22.616657620000375,-0.650621085587007
22.624990950000377,-0.6582346642467507
22.633324280000377,-0.6587607926136044
22.641657610000376,-0.650976872235839
22.64999094000038,-0.6339421149049715
22.658324270000378,-0.6069667933261689
22.666657600000377,-0.5696800404404005
22.674990930000376,-0.5221091931432654
22.683324260000376,-0.46474899858520985
22.69165759000038,-0.39865578393779727
22.699990920000378,-0.3257394163212972
22.708324250000377,-0.2491781195810494
22.71665758000038,-0.17417903988882003
22.72499091000038,-0.10913941530026867
22.73332424000038,-0.0670929783737654
22.741657570000378,-0.06696840086309837
22.749990900000377,-0.13255745774602137
22.75832423000038,-0.28446869228674476
22.76665756000038,-0.5244968559146174
22.774990890000378,-0.8244119350228765
22.78332422000038,-1.1301912185165859
22.79165755000038,-1.374479926544961
22.79999088000038,-1.4954964840210327
22.80832421000038,-1.467690145450271
22.816657540000378,-1.313154661793746
22.82499087000038,-1.0739333279262278
22.83332420000038,-0.7871401449262418
22.84165753000038,-0.480214735616231
22.849990860000382,-0.17418903293561103
22.85832419000038,0.11326775109756698
22.86665752000038,0.3673925474226349
22.87499085000038,0.577520296637971
22.88332418000038,0.7391367688277498
22.891657510000382,0.8545721018940114
22.89999084000038,0.9317653841120874
22.90832417000038,0.9814161141036123
22.916657500000383,1.0142972280349525
22.924990830000382,1.0392558632698585
22.93332416000038,1.0621753688698325
22.94165749000038,1.0858882325043937
22.94999082000038,1.1108523853542724
22.958324150000383,1.13586102816784
22.966657480000382,1.1588635634551485
22.97499081000038,1.1774427832783543
22.983324140000384,1.1893645923966574
22.991657470000384,1.1926330996495218
22.999990800000383,1.185732362715305
23.008324130000382,1.167629959524445
23.01665746000038,1.1375846013190773
23.024990790000384,1.0952706379775725
23.033324120000383,1.0406585570653952
23.041657450000383,0.9740117371342092
23.049990780000385,0.8957524781192756
23.058324110000385,0.8065158934888401
23.066657440000384,0.7071566635221982
23.074990770000383,0.5987662747816503
23.083324100000382,0.4826601583272807
23.091657430000385,0.36038129689843784
23.099990760000384,0.23380211200140943
23.108324090000384,0.10538916329406066
23.116657420000386,-0.021581500650884457
23.124990750000386,-0.14256985087622287
23.133324080000385,-0.25114009125923886
23.141657410000384,-0.3380274369790224
23.149990740000383,-0.38998130419372645
23.158324070000386,-0.38964244150051236
23.166657400000386,-0.31806531901487134
23.174990730000385,-0.1624123788592301
23.183324060000388,0.07292039076626475
23.191657390000387,0.36021232271683284
23.199990720000386,0.6509268773658906
23.208324050000385,0.8827978224865374
23.216657380000385,0.9955229845608832
23.224990710000387,0.9630416602784696
23.233324040000387,0.8095461700185139
23.241657370000386,0.5815179821402012
23.24999070000039,0.3199903151485151
23.258324030000388,0.05425960506828889
23.266657360000387,-0.19562597441434693
23.274990690000386,-0.4165636916539578
23.283324020000386,-0.6020979758200767
23.29165735000039,-0.7527761465517827
23.299990680000388,-0.8751346008335897
23.308324010000387,-0.9786237800749693
23.31665734000039,-1.0722370421069403
23.32499067000039,-1.1619050696305764
23.33332400000039,-1.2495366064881805
23.341657330000388,-1.333464931764373
23.349990660000387,-1.4099246968463661
23.35832399000039,-1.4745616705199247
23.36665732000039,-1.5234329754314349
23.374990650000388,-1.5536324659933964
23.38332398000039,-1.563360646144555
23.39165731000039,-1.5518361601980084
23.39999064000039,-1.5191406049683038
23.40832397000039,-1.4659964708196556
23.416657300000388,-1.3936341972829671
23.42499063000039,-1.3036103429670214
23.43332396000039,-1.1976349647079905
23.44165729000039,-1.077551420789259
23.449990620000392,-0.9452505401920912
23.45832395000039,-0.8026149568520895
23.46665728000039,-0.6515730159937508
23.47499061000039,-0.4940188410518809
23.48332394000039,-0.3319540275164168
23.491657270000392,-0.16744811028506934
23.49999060000039,-0.002618212308392851
23.50832393000039,0.16013179992983825
23.516657260000393,0.31808830036984764
23.524990590000392,0.4679792115184418
23.53332392000039,0.6057375055681846
23.54165725000039,0.726085921109849
23.54999058000039,0.8220387121180344
23.558323910000393,0.8845070976433587
23.566657240000392,0.9020221820472947
23.57499057000039,0.8619275062870967
23.583323900000394,0.7538460670833731
23.591657230000393,0.5753579408299957
23.599990560000393,0.3377566752407809
23.608323890000392,0.06868396088981371
23.61665722000039,-0.1888661497726851
23.624990550000394,-0.3818926537977264
23.633323880000393,-0.46443813025257435
23.641657210000393,-0.4253639253465902
23.649990540000395,-0.2935965804912819
23.658323870000395,-0.11248002810289315
23.666657200000394,0.08132582307752981
23.674990530000393,0.26352094066104087
23.683323860000392,0.42169435509032854
23.691657190000395,0.5540965582424996
23.699990520000394,0.6678014169508572
23.708323850000394,0.7752108215802979
23.716657180000396,0.888472775401145
23.724990510000396,1.0141818113194638
23.733323840000395,1.1508456985842317
23.741657170000394,1.2902183199177182
23.749990500000393,1.4209529485135648
23.758323830000396,1.5322017422575662
23.766657160000396,1.6155337696586267
23.774990490000395,1.6658071268986487
23.783323820000398,1.680953076294011
23.791657150000397,1.661407369223161
23.799990480000396,1.609370153976034
23.808323810000395,1.528041790017588
23.816657140000395,1.4210335826487042
23.824990470000397,1.2921000081428284
23.833323800000397,1.1448236994296426
23.841657130000396,0.9825902274687424
23.8499904600004,0.8085871615580043
23.858323790000398,0.6257422931647845
23.866657120000397,0.4367729426742551
23.874990450000396,0.24425085440830185
23.883323780000396,0.05062338945192647
23.8916571100004,-0.14172697643425805
23.899990440000398,-0.3303214545405384
23.908323770000397,-0.5126799922310888
23.9166571000004,-0.6862311152194169
23.9249904300004,-0.8480989346228404
23.9333237600004,-0.9950652908444989
23.941657090000398,-1.1233821997431472
23.949990420000397,-1.22856415873298
23.9583237500004,-1.305254879973221
23.9666570800004,-1.3470260732151074
23.974990410000398,-1.346699580526149
23.9833237400004,-1.2971298044468444
23.9916570700004,-1.1929498361690671
23.9999904000004,-1.0333482815446862
24.0083237300004,-0.8252691053051527
24.016657060000398,-0.585895764464942
24.0249903900004,-0.34340734125828976
24.0333237200004,-0.13495736736405167
24.0416570500004,0.001980445047102839
24.049990380000402,0.04692674992417012
24.0583237100004,0.009537907457402569
24.0666570400004,-0.07918726633395878
24.0749903700004,-0.18537290003725296
24.0833237000004,-0.28387637456211756
24.091657030000402,-0.3625469381793977
24.0999903600004,-0.4228319932028045
24.1083236900004,-0.477730473600514
24.116657020000403,-0.5470121569548516
24.124990350000402,-0.6486926162621236
24.1333236800004,-0.7891994499575916
24.1416570100004,-0.9592031436996309
24.1499903400004,-1.1382888238617854
24.158323670000403,-1.3036445373938546
24.166657000000402,-1.4364787481879766
24.1749903300004,-1.5246947271435187
24.183323660000404,-1.5631772392045549
24.191656990000403,-1.5524551416765089
24.199990320000403,-1.4967378278167662
24.208323650000402,-1.4020559683977678
24.2166569800004,-1.2750103327686604
24.224990310000404,-1.1219130025347421
24.233323640000403,-0.9484768543788614
24.241656970000403,-0.7596348946791629
24.249990300000405,-0.5596613155837203
24.258323630000405,-0.35230601933506206
24.266656960000404,-0.14092668235320194
24.274990290000403,0.07140468215786794
24.283323620000402,0.28184314189936044
24.291656950000405,0.4876732564648876
24.299990280000404,0.6863125515693766
24.308323610000404,0.87526174619964
24.316656940000406,1.051902569732761
24.324990270000406,1.2135596817071266
24.333323600000405,1.357397198398331
24.341656930000404,1.4803724379469672
24.349990260000403,1.5791308418186871
24.358323590000406,1.6499717755711891
24.366656920000406,1.6888976493822752
24.374990250000405,1.6917648674394694
24.383323580000408,1.654581197089213
24.391656910000407,1.5742839896471605
24.399990240000406,1.4499107509275657
24.408323570000405,1.2838624532085219
24.416656900000405,1.0834910495983798
24.424990230000407,0.8623257137963969
24.433323560000407,0.6405254990601132
24.441656890000406,0.4433104919590261
24.44999022000041,0.2952444279804952
24.458323550000408,0.2100896159437966
24.466656880000407,0.18303997191356824
24.474990210000406,0.193789892787148
24.483323540000406,0.21700714594903123
24.49165687000041,0.23191629509318845
24.499990200000408,0.22803640696885033
24.508323530000407,0.20825463749257414
24.51665686000041,0.1890505742714456
24.52499019000041,0.19714315708950222
24.53332352000041,0.2607499792028535
24.541656850000408,0.3937352530229158
24.549990180000407,0.5836734569757506
24.55832351000041,0.7976931846096257
24.56665684000041,0.9982741437476313
24.574990170000408,1.1551711722076115
24.58332350000041,1.2504816320677332
24.59165683000041,1.278973067233321
24.59999016000041,1.2451602560009825
24.60832349000041,1.1587883304812687
24.616656820000408,1.030867708153164
24.62499015000041,0.8715314486876161
24.63332348000041,0.6892951030988195
24.64165681000041,0.4910904695264771
24.649990140000412,0.28261704673479
24.65832347000041,0.06856189695015805
24.66665680000041,-0.14713599022567514
24.67499013000041,-0.3610728726926744
24.68332346000041,-0.5702159237136238
24.691656790000412,-0.7718339444243191
24.69999012000041,-0.9632927623244628
24.70832345000041,-1.142142776572029
24.716656780000413,-1.306041057686352
24.724990110000412,-1.4526764041410776
24.73332344000041,-1.5797089629693502
24.74165677000041,-1.6848981518739554
24.74999010000041,-1.765945496411594
24.758323430000413,-1.8206062601360729
24.766656760000412,-1.8466357168006307
24.77499009000041,-1.8420705323886672
24.783323420000414,-1.8052850026403517
24.791656750000413,-1.735354030327552
24.799990080000413,-1.632441591375494
24.808323410000412,-1.4982900811150905
24.81665674000041,-1.3369883697884501
24.824990070000414,-1.155731405532211
24.833323400000413,-0.9650109246529879
24.841656730000413,-0.77843357647661
24.849990060000415,-0.6109062272913519
24.858323390000415,-0.474666669592994
24.866656720000414,-0.3742462049501341
24.874990050000413,-0.3038729678860096
24.883323380000412,-0.24947598587227052
24.891656710000415,-0.19428886091283862
24.899990040000414,-0.12455681543046485
24.908323370000414,-0.03385039858179364
24.916656700000416,0.07421534889033447
24.924990030000416,0.18426294266213505
24.933323360000415,0.268584019468119
24.941656690000414,0.2898570833669959
24.949990020000413,0.21430086156566697
24.958323350000416,0.03663343075504509
24.966656680000415,-0.20898865183343107
24.974990010000415,-0.4679259943082529
24.983323340000418,-0.6879804571589161
24.991656670000417,-0.8326475767245901
24.999990000000416,-0.8878395431341064
25.008323330000415,-0.8600508654491577
25.016656660000415,-0.766693623812896
25.024989990000417,-0.6266274792276383
25.033323320000417,-0.4557088111478028
25.041656650000416,-0.265741820546045
25.04998998000042,-0.06535520255717728
25.058323310000418,0.13905100640170334
25.066656640000417,0.34262500964037845
25.074989970000416,0.5415180333665304
25.083323300000416,0.732567650141733
25.09165663000042,0.9131312542752363
25.099989960000418,1.0809087025720392
25.108323290000417,1.2338347094314615
25.11665662000042,1.370076611690662
25.12498995000042,1.4879978615016125
25.13332328000042,1.5861689149730052
25.141656610000418,1.6633753231095694
25.149989940000417,1.7185284783242791
25.15832327000042,1.7507045361463531
25.16665660000042,1.7593458410399647
25.174989930000418,1.7441673921450531
25.18332326000042,1.7051987732221376
25.19165659000042,1.6429940776200471
25.19998992000042,1.558817505274848
25.20832325000042,1.4546511696082545
25.216656580000418,1.3335671245101335
25.22498991000042,1.1997469252124615
25.23332324000042,1.0586134031145311
25.24165657000042,0.9166388429892215
25.249989900000422,0.7803849418031051
25.25832323000042,0.6551243698739454
25.26665656000042,0.5429017906712579
25.27498989000042,0.441308657732633
25.28332322000042,0.3435209623153474
25.291656550000422,0.2402981063868797
25.29998988000042,0.12274861028578363
25.30832321000042,-0.014867332850515507
25.316656540000423,-0.1734016684123145
25.324989870000422,-0.34817872686588003
25.33332320000042,-0.5280576091007074
25.34165653000042,-0.6939383741265581
25.34998986000042,-0.8161131948751948
25.358323190000423,-0.8546585861504848
25.366656520000422,-0.7727019148614974
25.37498985000042,-0.5667970649045394
25.383323180000424,-0.28070979524997725
25.391656510000423,0.01762282944260771
25.399989840000423,0.2622822535568396
25.408323170000422,0.4078338426700284
25.41665650000042,0.4434964865595102
25.424989830000424,0.3886154560008684
25.433323160000423,0.27260264029075154
25.441656490000423,0.12082754923448287
25.449989820000425,-0.048780261155872105
25.458323150000425,-0.22439921939978955
25.466656480000424,-0.39829977068317374
25.474989810000423,-0.5653179910879265
25.483323140000422,-0.7218680954924808
25.491656470000425,-0.8653876574869817
25.499989800000424,-0.9940604832466721
25.508323130000424,-1.1065599122371652
25.516656460000426,-1.2019611516700048
25.524989790000426,-1.2797072411582362
25.533323120000425,-1.3395346619168724
25.541656450000424,-1.3814626978898177
25.549989780000423,-1.4057696828267492
25.558323110000426,-1.4129444844507766
25.566656440000425,-1.4036844607023788
25.574989770000425,-1.379010311672187
25.583323100000428,-1.3401541021708512
25.591656430000427,-1.2886111520718622
25.599989760000426,-1.2261876554350266
25.608323090000425,-1.1550847175599424
25.616656420000425,-1.07777806410688
25.624989750000427,-0.9968448900385352
25.633323080000427,-0.9148196493873184
25.641656410000426,-0.833749110784795
25.64998974000043,-0.7547227890570162
25.658323070000428,-0.6772097309058168
25.666656400000427,-0.5986439208419075
25.674989730000426,-0.514356964666897
25.683323060000426,-0.418477705424707
25.69165639000043,-0.3051733067470536
25.699989720000428,-0.17016057663451453
25.708323050000427,-0.011848853075527585
25.71665638000043,0.16803517419487263
25.72498971000043,0.3648583589227939
25.73332304000043,0.5719574041455167
25.741656370000428,0.7809007537018394
25.749989700000427,0.9806988166394566
25.75832303000043,1.155468295419028
25.76665636000043,1.2812393673988025
25.774989690000428,1.3244042472608977
25.78332302000043,1.2499967036029853
25.79165635000043,1.0474605995915547
25.79998968000043,0.752120745158933
25.80832301000043,0.43259187729139575
25.816656340000428,0.1633832167800924
25.82498967000043,-0.0013452106503850359
25.83332300000043,-0.050833787054397936
25.84165633000043,-0.011819662685748826
25.849989660000432,0.07980026070340887
25.85832299000043,0.19602578480384825
25.86665632000043,0.3187465951881473
25.87498965000043,0.4371110172931975
25.88332298000043,0.5449309340478341
25.89165631000043,0.6388885779793887
25.89998964000043,0.7173466762274939
25.90832297000043,0.7797475081785957
25.916656300000433,0.8263539175487239
25.924989630000432,0.8578544293045569
25.93332296000043,0.8751923265108751
25.94165629000043,0.8795879130868451
25.94998962000043,0.8724814582969227
25.958322950000433,0.8555380515528944
25.966656280000432,0.8304705025761752
25.97498961000043,0.799126944260629
25.983322940000434,0.7635050787634785
25.991656270000433,0.7257300976472763
25.999989600000433,0.6879307636466603
26.008322930000432,0.6521577004130893
26.01665626000043,0.6202937582923338
26.024989590000434,0.5937249894754638
26.033322920000433,0.5730363782342334
26.041656250000432,0.5575635432967808
26.049989580000435,0.545187241506617
26.058322910000435,0.5318666315927975
26.066656240000434,0.5117089612157723
26.074989570000433,0.477478446780657
26.083322900000432,0.42170413033431847
26.091656230000435,0.33813795286872045
26.099989560000434,0.22338520410532303
26.108322890000434,0.07784888208721177
26.116656220000436,-0.09435184687291041
26.124989550000436,-0.2863117227016178
26.133322880000435,-0.48995771695130425
26.141656210000434,-0.6971532927627869
26.149989540000433,-0.9003304446633618
26.158322870000436,-1.092487435302754
26.166656200000435,-1.2661828275113662
26.174989530000435,-1.4115386718339058
26.183322860000438,-1.5135648285285452
26.191656190000437,-1.5498309667465444
26.199989520000436,-1.4931436661571913
26.208322850000435,-1.3256065988082335
26.216656180000435,-1.0611346012198233
26.224989510000437,-0.7517676597567043
26.233322840000437,-0.46789366664871185
26.241656170000436,-0.2672207624423079
26.24998950000044,-0.16675747944469196
26.258322830000438,-0.1445855899392895
26.266656160000437,-0.16725067601216664
26.274989490000436,-0.20814599747717946
26.283322820000436,-0.2507471834523878
26.29165615000044,-0.2860145072482958
26.299989480000438,-0.3097539594630539
26.308322810000437,-0.3206334637054842
26.31665614000044,-0.3189856233358034
26.32498947000044,-0.3061345571458663
26.33332280000044,-0.28389693003587546
26.341656130000437,-0.25440685809898006
26.349989460000437,-0.21993184060393015
26.35832279000044,-0.18277766568583736
26.36665612000044,-0.14544893081647203
26.374989450000438,-0.11043468605323893
26.38332278000044,-0.08023175158729479
26.39165611000044,-0.05722424496631243
26.39998944000044,-0.04365437892275199
26.40832277000044,-0.04136482515897888
26.416656100000438,-0.0516937079906729
26.42498943000044,-0.07511686825001627
26.43332276000044,-0.11097043470715703
26.44165609000044,-0.15707217895275094
26.449989420000442,-0.20949102300382952
26.45832275000044,-0.2624833652983901
26.46665608000044,-0.30861316258126553
26.47498941000044,-0.33921336555046167
26.48332274000044,-0.3453896836414849
26.49165607000044,-0.319494999314602
26.49998940000044,-0.25678921884988515
26.50832273000044,-0.1568339313132187
26.516656060000443,-0.02368114820409232
26.524989390000442,0.13525655963603453
26.53332272000044,0.31086990046178453
26.54165605000044,0.49377066323793606
26.54998938000044,0.6755511895058578
26.558322710000443,0.8494186825338034
26.566656040000442,1.0101401016158087
26.57498937000044,1.1539319390195375
26.583322700000444,1.2777174795542754
26.591656030000443,1.3776634380126775
26.599989360000443,1.4474251032174164
26.608322690000442,1.475562832055276
26.61665602000044,1.4445187525869867
26.624989350000444,1.334718456103393
26.633322680000443,1.137892287273237
26.641656010000442,0.8742441514539542
26.649989340000445,0.5923750337940299
26.658322670000445,0.3456785977434066
26.666656000000444,0.16420965935875112
26.674989330000443,0.045769603884714724
26.683322660000442,-0.029339345400862422
26.691655990000445,-0.08149866169378338
26.699989320000444,-0.12488696793343819
26.708322650000444,-0.16753453599340035
26.716655980000446,-0.2130659346489265
26.724989310000446,-0.26235575344589546
26.733322640000445,-0.31468961732669104
26.741655970000444,-0.36839380731122684
26.749989300000443,-0.4212748516633586
26.758322630000446,-0.4709186215778042
26.766655960000445,-0.5146881531313201
26.774989290000445,-0.5498699212988577
26.783322620000448,-0.5738160121952202
26.791655950000447,-0.583904571923186
26.799989280000446,-0.5778195912948672
26.808322610000445,-0.5536745910125901
26.816655940000445,-0.5104473523515779
26.824989270000447,-0.448108590754182
26.833322600000447,-0.3679303735544405
26.841655930000446,-0.2727827427569436
26.84998926000045,-0.16720364049634315
26.858322590000448,-0.05743605229218501
26.866655920000447,0.0487093712935707
26.874989250000446,0.1424081219209565
26.883322580000446,0.21452522095599832
26.89165591000045,0.2567274209848693
26.899989240000448,0.263043834337773
26.908322570000447,0.23128040236843395
26.91665590000045,0.16342349075784768
26.92498923000045,0.0651338345932794
26.933322560000448,-0.055608446730380436
26.941655890000447,-0.18995299631056659
26.949989220000447,-0.3294174502663165
26.95832255000045,-0.4667675707331208
26.96665588000045,-0.5963568638738762
26.974989210000448,-0.7143741947131107
26.98332254000045,-0.8189441434020254
26.99165587000045,-0.909827566939429
26.99998920000045,-0.9877106686035417
27.00832253000045,-1.053540136247017
27.016655860000448,-1.1069441481289466
27.02498919000045,-1.1438380950349785
27.03332252000045,-1.153604219114452
27.04165585000045,-1.1173669027690718
27.049989180000452,-1.011256221430716
27.05832251000045,-0.8209754002986552
27.06665584000045,-0.5610770291077083
27.07498917000045,-0.27371734016513793
27.08332250000045,-0.0038398105577209
27.09165583000045,0.22219327945282638
27.09998916000045,0.40018491366795755
27.10832249000045,0.5388497675464956
27.116655820000453,0.6496442937788353
27.124989150000452,0.7418780442475368
27.13332248000045,0.8214691891900325
27.14165581000045,0.8914714994598342
27.14998914000045,0.9528656865019607
27.158322470000453,1.0052201651300972
27.166655800000452,1.047194234598427
27.17498913000045,1.076854450188121
27.183322460000454,1.0919463739244264
27.191655790000453,1.0902190517144388
27.199989120000453,1.0694806947757471
27.208322450000452,1.027879025374566
27.21665578000045,0.9642595758201313
27.224989110000454,0.8783915532812547
27.233322440000453,0.7713364466032104
27.241655770000452,0.6457078381310419
27.249989100000455,0.5056554146906267
27.258322430000455,0.35689410687328366
27.266655760000454,0.20656941434046092
27.274989090000453,0.06278898781502139
27.283322420000452,-0.0659980002991164
27.291655750000455,-0.1717694681265465
27.299989080000454,-0.24814293791488032
27.308322410000454,-0.29152481077267905
27.316655740000456,-0.3016350155191712
27.324989070000456,-0.28135195199579316
27.333322400000455,-0.23595692724836953
27.341655730000454,-0.17208162727084447
27.349989060000453,-0.09652835724629827
27.358322390000456,-0.015442969515804997
27.366655720000455,0.06607027255339053
27.374989050000455,0.14428675463760474
27.383322380000457,0.21722421173504752
27.391655710000457,0.28456126409150256
27.399989040000456,0.3475940615746779
27.408322370000455,0.40878731551739667
27.416655700000454,0.4714079905518069
27.424989030000457,0.5386440336046414
27.433322360000457,0.6121783199343759
27.441655690000456,0.6897107492161998
27.44998902000046,0.7617259044343855
27.458322350000458,0.8078167412362091
27.466655680000457,0.7950430275719681
27.474989010000456,0.686045440703586
27.483322340000456,0.46521536999526697
27.49165567000046,0.16036305259593775
27.499989000000458,-0.17396620881203878
27.508322330000457,-0.4877526847406379
27.51665566000046,-0.7515788871659624
27.52498899000046,-0.9575772705059709
27.533322320000458,-1.1116277477554322
27.541655650000457,-1.224519086131677
27.549988980000457,-1.3062487023131641
27.55832231000046,-1.364009897459494
27.56665564000046,-1.4021805929494802
27.574988970000458,-1.4228212433884835
27.58332230000046,-1.4265288516612586
27.59165563000046,-1.412793166809898
27.59998896000046,-1.380490165192533
27.60832229000046,-1.3283644293838586
27.616655620000458,-1.2553513700376413
27.62498895000046,-1.160766880172488
27.63332228000046,-1.0449012229718004
27.64165561000046,-0.9091633732740451
27.649988940000462,-0.7563788160168597
27.65832227000046,-0.590724089401428
27.66665560000046,-0.41767444474482995
27.67498893000046,-0.2437505483007574
27.68332226000046,-0.07606868751423129
27.69165559000046,0.0784626536141312
27.69998892000046,0.21388640601000175
27.70832225000046,0.32586304952635053
27.716655580000463,0.41215496528139084
27.724988910000462,0.47296851523067623
27.73332224000046,0.5104317168759759
27.74165557000046,0.5280280415702686
27.74998890000046,0.5297510400633629
27.758322230000463,0.5196040292081447
27.766655560000462,0.5010006049245068
27.77498889000046,0.4765441445091717
27.783322220000464,0.4476553453546509
27.791655550000463,0.4145708336226937
27.799988880000463,0.3762038386367486
27.808322210000462,0.3302547602797839
27.81665554000046,0.27339279895379487
27.824988870000464,0.2016415559116575
27.833322200000463,0.11127460712490644
27.841655530000462,4.83549545859204e-05
27.849988860000465,-0.13132259411907574
27.858322190000465,-0.27701662382351355
27.866655520000464,-0.4236630858014211
27.874988850000463,-0.547419385478355
27.883322180000462,-0.6118227557028523
27.891655510000465,-0.5725753333317315
27.899988840000464,-0.40053007143987995
27.908322170000464,-0.11158110666062725
27.916655500000466,0.24058973661930308
27.924988830000466,0.5968208641826114
27.933322160000465,0.9119902898962302
27.941655490000464,1.1615486888709907
27.949988820000463,1.3407240189828302
27.958322150000466,1.4579209737248289
27.966655480000465,1.526263543355489
27.974988810000465,1.5576597627058468
27.983322140000467,1.5609724656231576
27.991655470000467,1.5418756973487602
27.999988800000466,1.5035302839274287
28.008322130000465,1.4473149446912934
28.016655460000464,1.3736004467995437
28.024988790000467,1.2821889123829187
28.033322120000467,1.1727971513458928
28.041655450000466,1.04561648727849
28.04998878000047,0.9014260430214243
28.058322110000468,0.7419518875174931
28.066655440000467,0.5700384799844755
28.074988770000466,0.3896326694978089
28.083322100000466,0.20555656034216285
28.09165543000047,0.023043078177217197
28.099988760000468,-0.15278293537175144
28.108322090000467,-0.31734582173696696
28.11665542000047,-0.4670430874464663
28.12498875000047,-0.5996341166951431
28.133322080000468,-0.714119074985196
28.141655410000467,-0.8104765309505254
28.149988740000467,-0.8896106033940155
28.15832207000047,-0.952821804375969
28.16665540000047,-1.0013433874221565
28.174988730000468,-1.0362344044836098
28.18332206000047,-1.0579914743916485
28.19165539000047,-1.0663532576385537
28.19998872000047,-1.0601949888717692
28.20832205000047,-1.0374546378922334
28.216655380000468,-0.995294377647639
28.22498871000047,-0.9302097260136395
28.23332204000047,-0.8384757575574745
28.24165537000047,-0.7168997860370581
28.249988700000472,-0.5641399527462989
28.25832203000047,-0.38185636935762735
28.26665536000047,-0.1761804084208272
28.27498869000047,0.04132660417913555
28.28332202000047,0.2528218580688603
28.29165535000047,0.432597067342295
28.29998868000047,0.546299196638125
28.30832201000047,0.5550692623891289
28.316655340000473,0.4330756284428295
28.324988670000472,0.18985382544355278
28.33332200000047,-0.1314663628628817
28.34165533000047,-0.4770039896070502
28.34998866000047,-0.7989035851094163
28.358321990000473,-1.0631119388698456
28.366655320000472,-1.253692509648626
28.37498865000047,-1.3720528395280338
28.383321980000474,-1.4303598332753418
28.391655310000473,-1.4434626976685336
28.399988640000473,-1.4240068415531533
28.408321970000472,-1.3810055524463498
28.41665530000047,-1.3200998467483624
28.424988630000474,-1.244224246134463
28.433321960000473,-1.1545252840956974
28.441655290000472,-1.0510895552723705
28.449988620000475,-0.9334686581368964
28.458321950000474,-0.8010244736974258
28.466655280000474,-0.6534977239321658
28.474988610000473,-0.4914058605695988
28.483321940000472,-0.31632939997899817
28.491655270000475,-0.13097157258689998
28.499988600000474,0.06108363836475742
28.508321930000474,0.2555773536485484
28.516655260000476,0.44783830554354015
28.524988590000476,0.6334589241876424
28.533321920000475,0.8085188013798782
28.541655250000474,0.9699273982277485
28.549988580000473,1.1153436569464714
28.558321910000476,1.2431819465209915
28.566655240000475,1.352335598782195
28.574988570000475,1.4421574205103482
28.583321900000477,1.512118083043702
28.591655230000477,1.5614942635109617
28.599988560000476,1.589166080769924
28.608321890000475,1.5935098518640196
28.616655220000474,1.5723730237539624
28.624988550000477,1.5229668017956777
28.633321880000477,1.4421182414367328
28.641655210000476,1.3267154257392773
28.64998854000048,1.1744776688172645
28.658321870000478,0.9851184335888998
28.666655200000477,0.7613289076635196
28.674988530000476,0.5097196301386068
28.683321860000476,0.24125986445373274
28.69165519000048,-0.028410537601161703
28.699988520000478,-0.2790318705620225
28.708321850000477,-0.48574437886498806
28.71665518000048,-0.6203442965931942
28.72498851000048,-0.6561929363772948
28.733321840000478,-0.5787357628526477
28.741655170000477,-0.3957142006335624
28.749988500000477,-0.13649319550841066
28.75832183000048,0.15862080338730036
28.76665516000048,0.4487473386759504
28.774988490000478,0.6996437068410599
28.78332182000048,0.8896764162783398
28.79165515000048,1.013060760239664
28.79998848000048,1.0771092673241345
28.80832181000048,1.0953551485967588
28.816655140000478,1.0813093979818855
28.82498847000048,1.0452732694416933
28.83332180000048,0.9937120192880219
28.84165513000048,0.9297235900267012
28.849988460000482,0.8538613623464069
28.85832179000048,0.7649044640797732
28.86665512000048,0.6607095070723502
28.87498845000048,0.53881365815543
28.88332178000048,0.3973564590013668
28.89165511000048,0.23582060891514736
28.89998844000048,0.05541554842191289
28.90832177000048,-0.1407775769263295
28.916655100000483,-0.3479460933590925
28.924988430000482,-0.5602647446378727
28.93332176000048,-0.7715622435463702
28.94165509000048,-0.9759310097836948
28.94998842000048,-1.1681332011147965
28.958321750000483,-1.343847699587705
28.966655080000482,-1.4996759540070872
28.97498841000048,-1.6331182253869105
28.983321740000484,-1.7423169729418333
28.991655070000483,-1.8259772085762036
28.999988400000483,-1.8829886656905186
29.008321730000482,-1.9121968516141363
29.01665506000048,-1.9122747812704055
29.024988390000484,-1.8816201153356487
29.033321720000483,-1.8181978217167623
29.041655050000482,-1.7197526540668773
29.049988380000485,-1.5840691180837587
29.058321710000484,-1.4096932699412765
29.066655040000484,-1.196837785261421
29.074988370000483,-0.9482942029247567
29.083321700000482,-0.6702134713602576
29.091655030000485,-0.37255551487559224
29.099988360000484,-0.06919048342552128
29.108321690000484,0.22244284689362737
29.116655020000486,0.48204808384833214
29.124988350000486,0.6881611119115093
29.133321680000485,0.8211011687894776
29.141655010000484,0.8672743541773893
29.149988340000483,0.8230887185377613
29.158321670000486,0.6963783845392993
29.166655000000485,0.5054533603166755
29.174988330000485,0.27593660123956854
29.183321660000487,0.03668497690399614
29.191654990000487,-0.18499569185922432
29.199988320000486,-0.36870028130582544
29.208321650000485,-0.5048682953133914
29.216654980000484,-0.5947961007810321
29.224988310000487,-0.6465517505797478
29.233321640000486,-0.6699326436898925
29.241654970000486,-0.6729336464610483
29.24998830000049,-0.6602326988445835
29.258321630000488,-0.6331432602639445
29.266654960000487,-0.5901839427810139
29.274988290000486,-0.5280259019391367
29.283321620000486,-0.442680411965821
29.29165495000049,-0.3307122693703896
29.299988280000488,-0.1904903056950673
29.308321610000487,-0.022828875099315183
29.31665494000049,0.16871543810408574
29.32498827000049,0.3781545266625465
29.333321600000488,0.5980726469531279
29.341654930000487,0.8204910206927806
29.349988260000487,1.0376249192117204
29.35832159000049,1.2425758971172616
29.36665492000049,1.429620755024915
29.374988250000488,1.5942590197174051
29.38332158000049,1.733131156833442
29.39165491000049,1.8439056386117616
29.39998824000049,1.9250238157481085
29.40832157000049,1.9755395873219324
29.416654900000488,1.9947628414102947
29.42498823000049,1.982058523340884
29.43332156000049,1.936709051752379
29.44165489000049,1.8578324887814837
29.449988220000492,1.7442677338345591
29.45832155000049,1.594931600903046
29.46665488000049,1.4092337046715302
29.47498821000049,1.1876962182001964
29.48332154000049,0.9328432090051091
29.49165487000049,0.6496889625851924
29.49998820000049,0.34632827949339284
29.50832153000049,0.034164937933747
29.516654860000493,-0.2720324176058741
29.524988190000492,-0.5549768827833511
29.53332152000049,-0.7966879497889992
29.54165485000049,-0.9811272704685394
29.54998818000049,-1.0974688622871795
29.558321510000493,-1.1420836784588035
29.566654840000492,-1.1178853453952846
29.57498817000049,-1.0325245696109049
29.583321500000494,-0.8969760253133842
29.591654830000493,-0.7250000204503425
29.599988160000493,-0.5328388027730647
29.608321490000492,-0.33758572035812123
29.61665482000049,-0.1543507164181294
29.624988150000494,0.0066383606411670815
29.633321480000493,0.1410269639209674
29.641654810000492,0.24928084770543615
29.649988140000495,0.33399217848120255
29.658321470000494,0.3974056046398603
29.666654800000494,0.4399598950305426
29.674988130000493,0.4597667675450354
29.683321460000492,0.4529668854412173
29.691654790000495,0.4148035536288328
29.699988120000494,0.3412997030354646
29.708321450000494,0.23059140796644848
29.716654780000496,0.08398019858493962
29.724988110000496,-0.0936609397368533
29.733321440000495,-0.2946266833339514
29.741654770000494,-0.5096684615994207
29.749988100000493,-0.7292355568208647
29.758321430000496,-0.9442530927554038
29.766654760000495,-1.1467267121476667
29.774988090000495,-1.330130346779619
29.783321420000497,-1.489427401182741
29.791654750000497,-1.621000815385229
29.799988080000496,-1.7224602021009776
29.808321410000495,-1.792500334952506
29.816654740000494,-1.8305412672020844
29.824988070000497,-1.8365631386691994
29.833321400000496,-1.810818768170071
29.841654730000496,-1.7535621005674464
29.8499880600005,-1.6649100696618062
29.858321390000498,-1.5448970614639344
29.866654720000497,-1.3935174094264433
29.874988050000496,-1.2107794905239433
29.883321380000496,-0.9974436372078175
29.8916547100005,-0.7554266887284329
29.899988040000498,-0.48829348575722153
29.908321370000497,-0.20195568825156113
29.9166547000005,0.09490974845468529
29.9249880300005,0.3906668145116192
29.933321360000498,0.6712388189998166
29.941654690000497,0.9215387312496413
29.949988020000497,1.1276433380580841
29.9583213500005,1.2795637818793215
29.9666546800005,1.3731310930290122
29.974988010000498,1.4098996663150607
29.9833213400005,1.39508488302807
29.9916546700005,1.3345797209189176
29.9999880000005,1.233678423657077
30.0083213300005,1.0973504687789346
30.016654660000498,0.9314534243791904
30.0249879900005,0.7437831276685978
30.0333213200005,0.544200567472426
30.0416546500005,0.34331363878668775
30.049987980000502,0.1508171686935623
30.0583213100005,-0.0255180053481825
30.0666546400005,-0.17993947914810968
30.0749879700005,-0.307745022748664
30.0833213000005,-0.40427709222083447
30.0916546300005,-0.46451383738044466
30.0999879600005,-0.4833694131655295
30.1083212900005,-0.4569458760021493
30.116654620000503,-0.38389965877038806
30.124987950000502,-0.266653318753958
30.1333212800005,-0.11168655206289135
30.1416546100005,0.07155796413738408
30.1499879400005,0.2722467981437377
30.158321270000503,0.4795586171732011
30.166654600000502,0.6834384609984521
30.1749879300005,0.8752567002430868
30.183321260000504,1.048067705626
30.191654590000503,1.196529708272635
30.199987920000503,1.3169907713441995
30.208321250000502,1.4073679522166653
30.2166545800005,1.4668612542301231
30.224987910000504,1.4954814277807107
30.233321240000503,1.4939364207468186
30.241654570000502,1.4632756643529081
30.249987900000505,1.40460140690894
30.258321230000504,1.3188498608680417
30.266654560000504,1.2067123247230878
30.274987890000503,1.06871700434608
30.283321220000502,0.9053022432615174
30.291654550000505,0.7172505027467972
30.299987880000504,0.5058182578693382
30.308321210000503,0.2733229891281706
30.316654540000506,0.0236773865089806
30.324987870000506,-0.23723349397252685
30.333321200000505,-0.5011761784401739
30.341654530000504,-0.7577023710381983
30.349987860000503,-0.9948823072323187
30.358321190000506,-1.2008489193906542
30.366654520000505,-1.3659720083486813
30.374987850000505,-1.4847643737007619
30.383321180000507,-1.556597189251385
30.391654510000507,-1.5845832546034044
30.399987840000506,-1.5728453630158716
30.408321170000505,-1.5242138855589589
30.416654500000504,-1.4391555445980893
30.424987830000507,-1.3158697599421434
30.433321160000506,-1.1526902947064255
30.441654490000506,-0.9510944287282674
30.44998782000051,-0.7178957419368456
30.458321150000508,-0.46533261312596685
30.466654480000507,-0.20879404475018284
30.474987810000506,0.03586745804929604
30.483321140000506,0.2546711338605832
30.49165447000051,0.4361902953356474
30.499987800000508,0.5714266111436128
30.508321130000507,0.6537963284085665
30.51665446000051,0.6795240582228688
30.52498779000051,0.6486424623091742
30.533321120000508,0.565437434445645
30.541654450000507,0.4382206084211085
30.549987780000507,0.27801950357224847
30.55832111000051,0.09687253317874728
30.56665444000051,-0.09343289126507162
30.574987770000508,-0.2822704506760154
30.58332110000051,-0.4607455805157182
30.59165443000051,-0.6217195563521428
30.59998776000051,-0.7599752511911144
30.60832109000051,-0.8721757127702444
30.616654420000508,-0.9566371197350185
30.62498775000051,-1.0130919325515617
30.63332108000051,-1.0421202817659363
30.64165441000051,-1.0449548889431863
30.649987740000512,-1.0231556331553868
30.65832107000051,-0.978190264691779
30.66665440000051,-0.9113930645848276
30.67498773000051,-0.8238554375440648
30.68332106000051,-0.7163489140584126
30.69165439000051,-0.5894220064695522
30.69998772000051,-0.44356771853259525
30.70832105000051,-0.27937767604344294
30.716654380000513,-0.09798236653256119
30.724987710000512,0.09869994745114705
30.73332104000051,0.30726510278405555
30.74165437000051,0.522674188124445
30.74998770000051,0.7380864799701492
30.758321030000513,0.9450486046140922
30.766654360000512,1.1343235462162768
30.77498769000051,1.2972109224241244
30.783321020000514,1.4271015979380928
30.791654350000513,1.5205639488868723
30.799987680000513,1.5773692965517156
30.808321010000512,1.5992255923285936
30.81665434000051,1.5878208412916295
30.824987670000514,1.5430582125471655
30.833321000000513,1.4618152035492975
30.841654330000512,1.338212297113814
30.849987660000515,1.1659364779194648
30.858320990000514,0.9424324975485006
30.866654320000514,0.6726204990224279
30.874987650000513,0.3702443653581675
30.883320980000512,0.05592442551418922
30.891654310000515,-0.24693742989029596
30.899987640000514,-0.5160966666519334
30.908320970000513,-0.7333371339923496
30.916654300000516,-0.8863230908600741
30.924987630000516,-0.9694747098246699
30.933320960000515,-0.9838789154461809
30.941654290000514,-0.9364352798457951
30.949987620000513,-0.838047531990726
30.958320950000516,-0.701679529088632
30.966654280000515,-0.5407352310582431
30.974987610000515,-0.36765160370129435
30.983320940000517,-0.193210149590925
30.991654270000517,-0.026385588883428075
30.999987600000516,0.12594356240541502
31.008320930000515,0.25901063393606627
31.016654260000514,0.3700169050468717
31.024987590000517,0.45787713237696975
31.033320920000516,0.5227660123012263
31.041654250000516,0.5656143466913794
31.04998758000052,0.5879833616316744
31.058320910000518,0.591465970708556
31.066654240000517,0.5775814689600074
31.074987570000516,0.5476408800832867
31.083320900000516,0.5025479304348378
31.09165423000052,0.4427814939644056
31.099987560000518,0.3684988731117446
31.108320890000517,0.2795583969012363
31.11665422000052,0.1756369727540926
31.12498755000052,0.05647366450612032
31.133320880000518,-0.0778141598589789
31.141654210000517,-0.226202526646082
31.149987540000517,-0.3864296939145387
31.15832087000052,-0.5545997181978296
31.16665420000052,-0.7250428506096861
31.174987530000518,-0.8906705105581088
31.18332086000052,-1.0437181370058644
31.19165419000052,-1.1767973621295709
31.19998752000052,-1.2840870204282062
31.20832085000052,-1.3620316463987319
31.216654180000518,-1.4094619252916558
31.22498751000052,-1.42650829432019
31.23332084000052,-1.4132315969811065
31.24165417000052,-1.368216733602626
31.249987500000522,-1.2872854089680745
31.25832083000052,-1.1633422403437035
31.26665416000052,-0.9880328613555367
31.27498749000052,-0.7555629234905111
31.28332082000052,-0.46776773142511185
31.29165415000052,-0.13737581749607475
31.29998748000052,0.21255235391178467
31.30832081000052,0.5526867225982228
31.316654140000523,0.852742581611801
31.324987470000522,1.0871169657982747
31.33332080000052,1.2403275798533486
31.34165413000052,1.3096831521373566
31.34998746000052,1.3035910277205647
31.358320790000523,1.236662576322249
31.366654120000522,1.1252277141598734
31.37498745000052,0.9845503298565335
31.383320780000524,0.8278425687198401
31.391654110000523,0.6659744339552705
31.399987440000523,0.5074061848891324
31.408320770000522,0.35832963975478593
31.41665410000052,0.22286606244558513
31.424987430000524,0.10331881878651984
31.433320760000523,0.00040133136669470514
31.441654090000522,-0.08614591537721891
31.449987420000525,-0.15730622922557463
31.458320750000524,-0.21440285838528633
31.466654080000524,-0.258683689591116
31.474987410000523,-0.2912680588185268
31.483320740000522,-0.31287456153974863
31.491654070000525,-0.3237736593780612
31.499987400000524,-0.323778521958671
31.508320730000523,-0.31210697814695904
31.516654060000526,-0.28759473193290064
31.524987390000526,-0.2487597394874019
31.533320720000525,-0.1938555132114574
31.541654050000524,-0.12127624459090298
31.549987380000523,-0.030073591006634964
31.558320710000526,0.0795189834267257
31.566654040000525,0.20544709522510063
31.574987370000525,0.3436431799010143
31.583320700000527,0.4880249112735817
31.591654030000527,0.631076262434616
31.599987360000526,0.7646499254888304
31.608320690000525,0.8811593246220671
31.616654020000524,0.9747301432098676
31.624987350000527,1.0416546236545325
31.633320680000526,1.080629423104609
31.641654010000526,1.0917833915459874
31.64998734000053,1.0754202630218093
31.658320670000528,1.0308612744156773
31.666654000000527,0.9551771299607172
31.674987330000526,0.8423811098592819
31.683320660000525,0.684070036080869
31.69165399000053,0.4719761573007376
31.699987320000528,0.20287176130816068
31.708320650000527,-0.1160310285561554
31.71665398000053,-0.46450423595782464
31.72498731000053,-0.8113859872578681
31.733320640000528,-1.1203422128843565
31.741653970000527,-1.3581696487008135
31.749987300000527,-1.50488223306918
31.75832063000053,-1.5596099373490258
31.76665396000053,-1.536767018356455
31.774987290000528,-1.4567226173297705
31.78332062000053,-1.3388818784825132
31.79165395000053,-1.1988200854794215
31.79998728000053,-1.048145071560554
31.80832061000053,-0.8951128225007374
31.816653940000528,-0.7452977446774953
31.82498727000053,-0.6021444151011953
31.83332060000053,-0.46742045528849036
31.84165393000053,-0.3416650376502803
31.849987260000532,-0.22479635771559267
31.85832059000053,-0.11624900823894305
31.86665392000053,-0.015365771609835668
31.87498725000053,0.07840396710544315
31.88332058000053,0.1652901112045622
31.89165391000053,0.2450196300109222
31.89998724000053,0.3168579693260474
31.90832057000053,0.37950761051447335
31.916653900000533,0.4310493297396545
31.924987230000532,0.46909896567185017
31.93332056000053,0.49074067763610624
31.94165389000053,0.49280964707527897
31.94998722000053,0.47229061962172214
31.958320550000533,0.42693177858500647
31.966653880000532,0.35588377499876994
31.97498721000053,0.2603658014017424
31.983320540000534,0.1441172433668031
31.991653870000533,0.01336716624809595
31.999987200000533,-0.12390509898728876
32.00832053000053,-0.2587539090698514
32.01665386000053,-0.3825800384306815
32.02498719000053,-0.48807856877236205
32.03332052000053,-0.5702964319611104
32.041653850000536,-0.6268481136849648
32.049987180000535,-0.6577485533039401
32.058320510000534,-0.6644437940075455
32.066653840000534,-0.6486391252333084
32.07498717000053,-0.6113340182764435
32.08332050000053,-0.5516576240394139
32.09165383000053,-0.4658591185686588
32.09998716000054,-0.34694906826815486
32.10832049000054,-0.18581745071838948
32.116653820000536,0.025755311876789148
32.124987150000536,0.2893134620715662
32.133320480000535,0.5936501406675588
32.141653810000534,0.9125341992251802
32.14998714000053,1.208609877973539
32.15832047000053,1.4430735699745227
32.16665380000053,1.5891832906577532
32.17498713000054,1.6424578544575592
32.18332046000054,1.6177038249198201
32.19165379000054,1.5371529600902065
32.199987120000536,1.4211055439224782
32.208320450000535,1.2845106812337783
32.216653780000534,1.1373367791725064
32.224987110000534,0.9857663549050093
32.23332044000054,0.8332429026695982
32.24165377000054,0.6815132675053287
32.24998710000054,0.5313348212322526
32.25832043000054,0.3829401563373883
32.26665376000054,0.23648654100240663
32.274987090000536,0.09211527266050902
32.283320420000535,-0.04979054575991285
32.291653750000535,-0.1883752986439895
32.299987080000534,-0.3222154649351033
32.30832041000054,-0.44929350980869737
32.31665374000054,-0.5670336858713151
32.32498707000054,-0.6723378186476695
32.33332040000054,-0.7614724758959747
32.34165373000054,-0.8303012965317759
32.34998706000054,-0.874525281337999
32.358320390000536,-0.8902298830412795
32.36665372000054,-0.8747224447635853
32.37498705000054,-0.8270689392385281
32.38332038000054,-0.7488689198703249
32.39165371000054,-0.644530345693126
32.39998704000054,-0.5209338557765019
32.40832037000054,-0.3865878849126744
32.41665370000054,-0.25075382079466596
32.42498703000054,-0.12232549648759082
32.433320360000536,-0.00868262978475892
32.44165369000054,0.08497762115980452
32.44998702000054,0.1561034995812877
32.45832035000054,0.2045537256621777
32.46665368000054,0.23217018408943954
32.47498701000054,0.24189704218422253
32.48332034000054,0.23676087317433955
32.49165367000054,0.2190989695032618
32.499987000000544,0.18956118242770742
32.508320330000544,0.14640193849287036
32.51665366000054,0.08471403460770868
32.52498699000054,-0.003866099733322981
32.53332032000054,-0.13026759036067398
32.54165365000054,-0.3044015460449469
32.54998698000054,-0.528198412481225
32.55832031000054,-0.7882463464291227
32.56665364000054,-1.0540435131904713
32.574986970000545,-1.285482521353505
32.583320300000544,-1.44709876367638
32.59165363000054,-1.5225495668103308
32.59998696000054,-1.5181234736786078
32.60832029000054,-1.452688525274883
32.61665362000054,-1.346204615340359
32.62498695000054,-1.2139504874630713
32.63332028000055,-1.0659197901714754
32.641653610000546,-0.9079098137571266
32.649986940000545,-0.743237432909022
32.658320270000544,-0.5736426090932708
32.666653600000544,-0.40029027865545297
32.67498693000054,-0.2240984937304827
32.68332026000054,-0.04604611617700888
32.69165359000054,0.13252023367315033
32.69998692000054,0.3097407984943412
32.70832025000055,0.48324346418242553
32.716653580000546,0.65004206618996
32.724986910000545,0.8065430251602699
32.733320240000545,0.9484397030080476
32.741653570000544,1.0709681642949398
32.74998690000054,1.1690905240945622
32.75832023000054,1.2379527491617226
32.76665356000055,1.2735468663124738
32.77498689000055,1.2733685781651016
32.78332022000055,1.2372396764117988
32.79165355000055,1.1676891615573137
32.799986880000546,1.0699753800495455
32.808320210000545,0.9514882951680753
32.816653540000544,0.820845807972464
32.824986870000544,0.6869682832741852
32.83332020000054,0.5580538190970966
32.84165353000055,0.44087159198524034
32.84998686000055,0.3399275365154554
32.85832019000055,0.2573642158511899
32.86665352000055,0.1928850630277706
32.874986850000546,0.14443317999175528
32.883320180000545,0.10887841031641886
32.891653510000545,0.08267637910560097
32.89998684000055,0.062417626974807405
32.90832017000055,0.0455511245210934
32.91665350000055,0.030727979222303883
32.92498683000055,0.018485087455065958
32.93332016000055,0.01234411606842657
32.94165349000055,0.019474828520468997
32.94998682000055,0.051554160940948085
32.958320150000546,0.12395035291245664
32.966653480000545,0.25110220862795135
32.97498681000055,0.4367116262166581
32.98332014000055,0.6642174032218351
32.99165347000055,0.8972507628758821
32.99998680000055,1.092106866835231
33.00832013000055,1.2150685858332175
33.01665346000055,1.2549113217107282
33.02498679000055,1.2212577031847407
33.03332012000055,1.1326490415018329
33.04165345000055,1.0066713618897536
33.04998678000055,0.8561669090364837
33.05832011000055,0.6893922329065599
33.06665344000055,0.5113850652838839
33.07498677000055,0.325433449647907
33.08332010000055,0.13389306956860889
33.09165343000055,-0.06119893982944161
33.09998676000055,-0.2577789861966583
33.108320090000554,-0.4533789427893451
33.11665342000055,-0.6449964146364688
33.12498675000055,-0.8290440243708703
33.13332008000055,-1.0012853984082253
33.14165341000055,-1.1570809545923537
33.14998674000055,-1.2913760797706062
33.15832007000055,-1.3990879681129607
33.166653400000556,-1.4756100102329743
33.174986730000555,-1.5173992690200289
33.183320060000554,-1.522781526833527
33.19165339000055,-1.492541074250725
33.19998672000055,-1.4299785596144896
33.20832005000055,-1.3406452332632914
33.21665338000055,-1.2317346124792414
33.22498671000055,-1.1110948187917167
33.23332004000055,-0.9864611721496117
33.241653370000556,-0.8645162621223365
33.249986700000555,-0.750481840709997
33.258320030000554,-0.6475868816561388
33.266653360000554,-0.5570986320751443
33.27498669000055,-0.4784736503791386
33.28332002000055,-0.4096789292974145
33.29165335000055,-0.34790065917772356
33.29998668000056,-0.28994684689104355
33.30832001000056,-0.23268224112840183
33.316653340000556,-0.17339434674948181
33.324986670000555,-0.11003241584587509
33.333320000000555,-0.041566695632310594
33.341653330000554,0.03136140683678037
33.34998666000055,0.10560987789138732
33.35831999000055,0.17450552079892093
33.36665332000055,0.2262563495161845
33.37498665000056,0.24305177805044337
33.38331998000056,0.20264394919894724
33.39165331000056,0.08678748674031475
33.399986640000556,-0.10386831319081
33.408319970000555,-0.34109850989030505
33.416653300000554,-0.5772155763361176
33.424986630000554,-0.7632489176782045
33.43331996000056,-0.8670074406617618
33.44165329000056,-0.8827345099216357
33.44998662000056,-0.8249775632971332
33.45831995000056,-0.7146017494497833
33.46665328000056,-0.5695829809484639
33.474986610000556,-0.4026911825056261
33.483319940000555,-0.22233006608670966
33.491653270000555,-0.03396455201136043
33.499986600000554,0.15856611793603115
33.50831993000056,0.35204700914298337
33.51665326000056,0.5435245583578048
33.52498659000056,0.7298069173621631
33.53331992000056,0.9072574699489738
33.54165325000056,1.0719331074809746
33.54998658000056,1.2194800407059088
33.558319910000556,1.3454662382696585
33.56665324000056,1.4456252282514008
33.57498657000056,1.5164349363234995
33.58331990000056,1.555537691955017
33.59165323000056,1.5623709858078823
33.59998656000056,1.538355459868335
33.60831989000056,1.4869817284081128
33.61665322000056,1.4133116675889024
33.62498655000056,1.3231456848079521
33.633319880000556,1.222637004192809
33.64165321000056,1.1174233041971693
33.64998654000056,1.0120434051102078
33.65831987000056,0.909687978765782
33.66665320000056,0.8120304039452588
33.67498653000056,0.7193100495215232
33.68331986000056,0.6307866271112628
33.69165319000056,0.5448978695698832
33.699986520000564,0.45957386807227646
33.708319850000564,0.3725407228254473
33.71665318000056,0.2816507509626194
33.72498651000056,0.1849320203170913
33.73331984000056,0.08093195472144893
33.74165317000056,-0.031118550459660495
33.74998650000056,-0.15106624872843244
33.75831983000056,-0.2773715781852447
33.76665316000056,-0.40635191030759843
33.774986490000565,-0.5311377807589819
33.783319820000564,-0.6401680430724035
33.79165315000056,-0.7154025327383231
33.79998648000056,-0.7321470335615815
33.80831981000056,-0.664714320745914
33.81665314000056,-0.5014721316756235
33.82498647000056,-0.2605344254611962
33.83331980000057,0.012422296174422772
33.841653130000566,0.26113226568498776
33.849986460000565,0.43727711125532354
33.858319790000564,0.5170122784626416
33.866653120000564,0.5059200666620877
33.87498645000056,0.4264327392009277
33.88331978000056,0.30235305967417475
33.89165311000056,0.15195055317166478
33.89998644000056,-0.012454099551093936
33.90831977000057,-0.18283991469646285
33.916653100000566,-0.3537485542353638
33.924986430000565,-0.5209578119302782
33.933319760000565,-0.6810351194639818
33.941653090000564,-0.8308306119008558
33.94998642000056,-0.9671728538489133
33.95831975000056,-1.087072843367971
33.96665308000057,-1.1877130264775493
33.97498641000057,-1.266838624090854
33.98331974000057,-1.322904784624423
33.99165307000057,-1.3552442099536
33.999986400000566,-1.3643617824918115
34.008319730000565,-1.351953450700714
34.016653060000564,-1.3208002324081793
34.024986390000564,-1.2741834340540763
34.03331972000056,-1.2155793347952637
34.04165305000057,-1.1481937712468047
34.04998638000057,-1.0745680472363284
34.05831971000057,-0.9965145210778682
34.06665304000057,-0.9149697903307794
34.074986370000566,-0.8303017859995044
34.083319700000565,-0.7422249022034542
34.091653030000565,-0.6500256923014246
34.09998636000057,-0.5527723121748858
34.10831969000057,-0.44951633998233986
34.11665302000057,-0.3393641641661387
34.12498635000057,-0.22153738777447407
34.13331968000057,-0.09560074828647619
34.14165301000057,0.038593204946715885
34.14998634000057,0.1807980258508114
34.158319670000566,0.3302080263427244
34.166653000000565,0.4852453362980039
34.17498633000057,0.6432738273382622
34.18331966000057,0.7999265907781861
34.19165299000057,0.9482646938916166
34.19998632000057,1.0774372314829006
34.20831965000057,1.1708950578817032
34.21665298000057,1.205545679196305
34.22498631000057,1.1556885806331092
34.23331964000057,1.0049788889939668
34.24165297000057,0.762727661161828
34.24998630000057,0.46729748690132883
34.25831963000057,0.17345761233472362
34.26665296000057,-0.06411570546787795
34.27498629000057,-0.20853424414686086
34.28331962000057,-0.25404949360858503
34.29165295000057,-0.22053555583222298
34.29998628000057,-0.1354788077880499
34.308319610000574,-0.021841818604796136
34.31665294000057,0.10450380296382951
34.32498627000057,0.23339262971071406
34.33331960000057,0.3584634346244741
34.34165293000057,0.4755123924207481
34.34998626000057,0.5818421494565774
34.35831959000057,0.6758533979521705
34.366652920000575,0.7565739374533607
34.374986250000575,0.8236122651108762
34.383319580000574,0.8772806304864712
34.39165291000057,0.9183572932592886
34.39998624000057,0.9478124596813902
34.40831957000057,0.9666981048087151
34.41665290000057,0.9760465650646141
34.42498623000057,0.9766200658267571
34.43331956000057,0.968845625600465
34.441652890000576,0.9528818208117461
34.449986220000575,0.9284907164477755
34.458319550000574,0.8950038818906597
34.466652880000574,0.8517753708509203
34.47498621000057,0.7981495958464012
34.48331954000057,0.7336060389368556
34.49165287000057,0.6576663928862759
34.49998620000058,0.5701990222216441
34.50831953000058,0.47129556616258866
34.516652860000576,0.36115945744009803
34.524986190000575,0.24026424692622272
34.533319520000575,0.10928825745055326
34.541652850000574,-0.03087509030987329
34.54998618000057,-0.17911585702349045
34.55831951000057,-0.33413427113549327
34.56665284000057,-0.4943395253843302
34.57498617000058,-0.657714266103731
34.58331950000058,-0.8217127817303445
34.59165283000058,-0.982992460662102
34.599986160000576,-1.136919155054628
34.608319490000575,-1.2768408202353911
34.616652820000574,-1.3929778516566882
34.624986150000574,-1.4712247091717252
34.63331948000058,-1.4925631670442852
34.64165281000058,-1.4355276950573803
34.64998614000058,-1.2850955771506072
34.65831947000058,-1.0452563847651641
34.66665280000058,-0.7449522084938804
34.674986130000576,-0.43117953181388263
34.683319460000575,-0.15590832889201017
34.691652790000575,0.03990283497893752
34.699986120000574,0.1420425742946298
34.70831945000058,0.16426822226929375
34.71665278000058,0.13289055108720238
34.72498611000058,0.07244037855060721
34.73331944000058,0.0006230903307685475
34.74165277000058,-0.07137981664184004
34.74998610000058,-0.1372559541159739
34.758319430000576,-0.19408076631064822
34.76665276000058,-0.24125550269398519
34.77498609000058,-0.28003721786287283
34.78331942000058,-0.31289226495478245
34.79165275000058,-0.34295772827336574
34.79998608000058,-0.37334751486712453
34.80831941000058,-0.4064908143245885
34.81665274000058,-0.44358144135170846
34.82498607000058,-0.4841291410708401
34.833319400000576,-0.5260553973818511
34.84165273000058,-0.5662035919820932
34.84998606000058,-0.60073143728793
34.85831939000058,-0.6258243990914774
34.86665272000058,-0.6381368343985319
34.87498605000058,-0.6350736903826539
34.88331938000058,-0.6148597817526852
34.89165271000058,-0.5766358531569662
34.899986040000584,-0.5203815480247345
34.908319370000584,-0.44671172131237075
34.91665270000058,-0.35670857818546337
34.92498603000058,-0.2518519055873803
34.93331936000058,-0.13382547727697086
34.94165269000058,-0.0045330153075771006
34.94998602000058,0.13400424194115612
34.95831935000058,0.2798037905863092
34.96665268000058,0.43080076089427227
34.974986010000585,0.5848133338796689
34.983319340000584,0.7394433633763833
34.99165267000058,0.8920530545210887
34.99998600000058,1.0397264428145405
35.00831933000058,1.1788909064069308
35.01665266000058,1.3050316909502777
35.02498599000058,1.4121525873628924
35.03331932000059,1.4920124406414563
35.041652650000586,1.5334338041641637
35.049985980000585,1.522208359039907
35.058319310000584,1.4431038080083007
35.066652640000584,1.2857869392910954
35.07498597000058,1.0529824354649968
35.08331930000058,0.7655134309515009
35.09165263000058,0.4598368021463426
35.09998596000058,0.1788115234982496
35.10831929000059,-0.041422395271309954
35.116652620000586,-0.18490443885135585
35.124985950000585,-0.2592138935344372
35.133319280000585,-0.28519415599222164
35.141652610000584,-0.2844250002946789
35.14998594000058,-0.27322609377772294
35.15831927000058,-0.2616280225098623
35.16665260000059,-0.2542176141846316
35.17498593000059,-0.25132290314033406
35.18331926000059,-0.2502164030249549
35.19165259000059,-0.24604597013215251
35.199985920000586,-0.23307954338993767
35.208319250000585,-0.2059659246889201
35.216652580000584,-0.1610417517329971
35.22498591000058,-0.09759523196137827
35.23331924000058,-0.01827218673352438
35.24165257000059,0.07136526393593093
35.24998590000059,0.16404933108509426
35.25831923000059,0.2520847301471544
35.26665256000059,0.32845412332683965
35.274985890000586,0.3875465016799581
35.283319220000585,0.42550520431970784
35.291652550000585,0.4402679571151307
35.29998588000059,0.43140579204583124
35.30831921000059,0.39968668090446596
35.31665254000059,0.3467503949217639
35.32498587000059,0.2748037904750488
35.33331920000059,0.1863737425978441
35.34165253000059,0.08398342996589543
35.34998586000059,-0.029781358218109948
35.358319190000586,-0.1524555083073054
35.366652520000585,-0.28159763945665095
35.37498585000059,-0.4147719494875341
35.38331918000059,-0.5496777851817523
35.39165251000059,-0.6839946074104952
35.39998584000059,-0.8152184554166985
35.40831917000059,-0.9407272531474684
35.41665250000059,-1.0575212740607336
35.42498583000059,-1.1621278420776553
35.43331916000059,-1.25027512243484
35.44165249000059,-1.3165863390655401
35.44998582000059,-1.3543302263331554
35.45831915000059,-1.3550599550245686
35.46665248000059,-1.3090323723618118
35.47498581000059,-1.2068785917508618
35.48331914000059,-1.0434766019823347
35.49165247000059,-0.8226073499328861
35.49998580000059,-0.5601073165710786
35.508319130000594,-0.2826332234203962
35.51665246000059,-0.021557661788440492
35.52498579000059,0.19656681033081594
35.53331912000059,0.35915957207265964
35.54165245000059,0.46980652228044834
35.54998578000059,0.5423083193139483
35.55831911000059,0.5921475419005601
35.566652440000595,0.6312996523824888
35.574985770000595,0.6665413540136247
35.583319100000594,0.6994320052589499
35.59165243000059,0.7272593503891603
35.59998576000059,0.7440234077651825
35.60831909000059,0.7419794100708618
35.61665242000059,0.7135954316446905
35.62498575000059,0.6539135177154383
35.63331908000059,0.5623997176641448
35.641652410000596,0.44357496664175367
35.649985740000595,0.3063089329662318
35.658319070000594,0.16171322538534397
35.666652400000594,0.0211999395498835
35.67498573000059,-0.10520757828671466
35.68331906000059,-0.2099869599768957
35.69165239000059,-0.2884687425454685
35.6999857200006,-0.3387387657895463
35.7083190500006,-0.36104280028763697
35.716652380000596,-0.35721054892031884
35.724985710000595,-0.32998927426297747
35.733319040000595,-0.2824803883431666
35.741652370000594,-0.21780628161824714
35.74998570000059,-0.1389449400056846
35.75831903000059,-0.04871524301221028
35.76665236000059,0.05029695090796087
35.7749856900006,0.15561700557838312
35.7833190200006,0.264962134986467
35.7916523500006,0.3761098783725289
35.799985680000596,0.4868898738466105
35.808319010000595,0.5950482206773744
35.816652340000594,0.698235476093086
35.82498567000059,0.7939366312610602
35.8333190000006,0.8793318455328366
35.8416523300006,0.9511023677448319
35.8499856600006,1.0052901527369111
35.8583189900006,1.0372936871190925
35.8666523200006,1.0416511673546622
35.874985650000596,1.0121708001936813
35.883318980000595,0.9425605212461005
35.891652310000595,0.8280199751265324
35.899985640000594,0.667622251797695
35.9083189700006,0.4667858169728918
35.9166523000006,0.23844147819734157
35.9249856300006,0.0016558688139609165
35.9333189600006,-0.22262910654155685
35.9416522900006,-0.41772807416543956
35.9499856200006,-0.5760963601395466
35.958318950000596,-0.6999065869634467
35.9666522800006,-0.7971962829278091
35.9749856100006,-0.8770158818560733
35.9833189400006,-0.9461194178868431
35.9916522700006,-1.0069516980888253
35.9999856000006,-1.0573527100803204
36.0083189300006,-1.0912217351308018
36.0166522600006,-1.0994809516188226
36.0249855900006,-1.0722848001755176
36.033318920000596,-1.0022255358712535
36.0416522500006,-0.8874681445139704
36.0499855800006,-0.7334971654286624
36.0583189100006,-0.5519764924808354
36.0666522400006,-0.35806336018597296
36.0749855700006,-0.16713323027026525
36.0833189000006,0.007604188263972017
36.0916522300006,0.15653216857761704
36.099985560000604,0.27419884168486347
36.108318890000604,0.35887406373877706
36.1166522200006,0.41168838817525283
36.1249855500006,0.43557825850290677
36.1333188800006,0.43435109783856896
36.1416522100006,0.41185695957061963
36.1499855400006,0.3717021316582379
36.1583188700006,0.3171587037720809
36.1666522000006,0.2510460355484377
36.174985530000605,0.1758893937298255
36.183318860000604,0.09384808446436392
36.1916521900006,0.006955325936948439
36.1999855200006,-0.08279625975027909
36.2083188500006,-0.17350207563962458
36.2166521800006,-0.2632888663835643
36.2249855100006,-0.35014660256598645
36.23331884000061,-0.43199710256993473
36.241652170000606,-0.5064852486540766
36.249985500000605,-0.5709641111717855
36.258318830000604,-0.6223630717612846
36.2666521600006,-0.6572168305031626
36.2749854900006,-0.671532826342649
36.2833188200006,-0.6609093270685055
36.2916521500006,-0.6208842076677077
36.2999854800006,-0.5477570473831866
36.30831881000061,-0.43971979281268414
36.316652140000606,-0.29822848668847035
36.324985470000605,-0.1290927364619744
36.333318800000605,0.057451012863759414
36.341652130000604,0.2482657844047629
36.3499854600006,0.4303586369466296
36.3583187900006,0.5941335300865586
36.36665212000061,0.7355178833338405
36.37498545000061,0.855589351348346
36.38331878000061,0.95831128068287
36.39165211000061,1.047753537195382
36.399985440000606,1.1259764218498707
36.408318770000605,1.1914699960960353
36.416652100000604,1.2386162194384567
36.4249854300006,1.258131173816923
36.4333187600006,1.2383995132593186
36.44165209000061,1.1688176601584277
36.44998542000061,1.0442479521197578
36.45831875000061,0.8684914703996673
36.46665208000061,0.6543221218988269
36.474985410000606,0.42023922342735726
36.483318740000605,0.18584680394441958
36.491652070000605,-0.03185607009938184
36.49998540000061,-0.22051769849104913
36.50831873000061,-0.37334640730807434
36.51665206000061,-0.4885364805527678
36.52498539000061,-0.5680344130106204
36.53331872000061,-0.6159200521468912
36.54165205000061,-0.6369942353069746
36.54998538000061,-0.6358633034838703
36.558318710000606,-0.6165155912167459
36.566652040000605,-0.5823641928419417
36.57498537000061,-0.5362378143732691
36.58331870000061,-0.4804712648159017
36.59165203000061,-0.4169699762439996
36.59998536000061,-0.3474781498277259
36.60831869000061,-0.2736340246300704
36.61665202000061,-0.1969476286799946
36.62498535000061,-0.11883998127879715
36.63331868000061,-0.040825008902887455
36.64165201000061,0.03551168773210211
36.64998534000061,0.10837138948851553
36.65831867000061,0.17568429765628304
36.66665200000061,0.23507166813636465
36.67498533000061,0.2839185873199858
36.68331866000061,0.3191714261941313
36.69165199000061,0.3375338688060261
36.69998532000061,0.33551481943357864
36.708318650000614,0.3099153978065951
36.71665198000061,0.25830715918185887
36.72498531000061,0.1797846257286433
36.73331864000061,0.07573909096483165
36.74165197000061,-0.04976006872525123
36.74998530000061,-0.19007728815075178
36.75831863000061,-0.3370762190833909
36.766651960000615,-0.48276643963577204
36.774985290000615,-0.6209441106965613
36.783318620000614,-0.7480136757980391
36.79165195000061,-0.8627961836524363
36.79998528000061,-0.9654636931863759
36.80831861000061,-1.0560380737964947
36.81665194000061,-1.1328062658987779
36.82498527000061,-1.191107358582644
36.83331860000061,-1.222730384437885
36.841651930000616,-1.2160296595996616
36.849985260000615,-1.15832429832132
36.858318590000614,-1.040445231494596
36.86665192000061,-0.8618812525955533
36.87498525000061,-0.6334631045499305
36.88331858000061,-0.37496094816052733
36.89165191000061,-0.10951744465683412
36.89998524000062,0.1415983715875858
36.90831857000062,0.36253679382326803
36.916651900000616,0.5442406077710662
36.924985230000615,0.6841489930340272
36.933318560000615,0.7846264949554583
36.941651890000614,0.8507187298130373
36.94998522000061,0.8881237709780562
36.95831855000061,0.9021516500394186
36.96665188000061,0.8972956938472099
36.97498521000062,0.8771093691772457
36.98331854000062,0.844315293757499
36.99165187000062,0.8010337397482473
36.999985200000616,0.7489057812635254
37.008318530000615,0.6893309094462351
37.016651860000614,0.6235178276998811
37.02498519000061,0.5525300716740529
37.03331852000062,0.47733652779477903
37.04165185000062,0.3989753635712447
37.04998518000062,0.3186165310610529
37.05831851000062,0.23755111648723662
37.06665184000062,0.15732444650101407
37.074985170000616,0.07966552363797048
37.083318500000615,0.006740163361015152
37.091651830000615,-0.05892768976829491
37.099985160000614,-0.11448645621426236
37.10831849000062,-0.15670449737898057
37.11665182000062,-0.18231429887247375
37.12498515000062,-0.18809556625652116
37.13331848000062,-0.17149990862827538
37.14165181000062,-0.13108126180531388
37.14998514000062,-0.06716819494327787
37.158318470000616,0.017946403710471702
37.16665180000062,0.12018468588360673
37.17498513000062,0.2341169171843704
37.18331846000062,0.35404767396208536
37.19165179000062,0.4747230512781354
37.19998512000062,0.5918921910122755
37.20831845000062,0.7023681316004032
37.21665178000062,0.8035809889782644
37.22498511000062,0.8928272356878142
37.233318440000616,0.9659027802128289
37.24165177000062,1.0161511909055783
37.24998510000062,1.0334472600079563
37.25831843000062,1.0049160280327938
37.26665176000062,0.9179002117648829
37.27498509000062,0.7654501816164622
37.28331842000062,0.5517986326702425
37.29165175000062,0.29359237742568295
37.299985080000624,0.015252721996529545
37.30831841000062,-0.2577714671915828
37.31665174000062,-0.5044228462099937
37.32498507000062,-0.7112092211317553
37.33331840000062,-0.8728622618990902
37.34165173000062,-0.9907812465880038
37.34998506000062,-1.0703454686327714
37.35831839000062,-1.1181615394883693
37.36665172000062,-1.1404403692045242
37.374985050000625,-1.142341113482635
37.383318380000624,-1.1279027558746324
37.39165171000062,-1.1000624677796438
37.39998504000062,-1.0609665585488872
37.40831837000062,-1.0121019955988688
37.41665170000062,-0.9545641624813909
37.42498503000062,-0.8891716573721734
37.43331836000063,-0.816553994526218
37.441651690000626,-0.7372480754805938
37.449985020000625,-0.6518414787733805
37.458318350000624,-0.5610813045453817
37.46665168000062,-0.4656996078833308
37.47498501000062,-0.3666763223634964
37.48331834000062,-0.2653986681000721
37.49165167000062,-0.16363577458794035
37.49998500000062,-0.06358614335095966
37.50831833000063,0.031894711670308204
37.516651660000626,0.11944908350513499
37.524984990000625,0.19534420511913234
37.533318320000625,0.2554899904620938
37.541651650000624,0.2958668674672491
37.54998498000062,0.3131456365499827
37.55831831000062,0.30510286160059213
37.56665164000063,0.271129947558243
37.57498497000063,0.21266414923395371
37.58331830000063,0.13283301845337375
37.59165163000063,0.03625761777464319
37.599984960000626,-0.07166204164184395
37.608318290000625,-0.18562430516756953
37.616651620000624,-0.30070904322828523
37.62498495000062,-0.4124765023470445
37.63331828000062,-0.5168513875988209
37.64165161000063,-0.6093526134382705
37.64998494000063,-0.684434989161142
37.65831827000063,-0.734222542731728
37.66665160000063,-0.7477390220353055
37.674984930000626,-0.7117050433473885
37.683318260000625,-0.6139675217158609
37.691651590000625,-0.449526822684176
37.69998492000063,-0.22611800687426842
37.70831825000063,0.03599567681009196
37.71665158000063,0.30998491060583133
37.72498491000063,0.5697706078241949
37.73331824000063,0.7955456907492949
37.74165157000063,0.9764768890586395
37.74998490000063,1.1104400118472257
37.758318230000626,1.2015931363774308
37.766651560000625,1.2568856575844707
37.77498489000063,1.283434524286634
37.78331822000063,1.2874348094453876
37.79165155000063,1.273633003088223
37.79998488000063,1.2453952499072207
37.80831821000063,1.2050873321927646
37.81665154000063,1.154302868548887
37.82498487000063,1.0939709233457797
37.83331820000063,1.0246389477938105
37.84165153000063,0.946599350346744
37.84998486000063,0.8600197894334446
37.85831819000063,0.7650183099848678
37.86665152000063,0.6617570575070236
37.87498485000063,0.5505730102309553
37.88331818000063,0.4320480114997487
37.89165151000063,0.30717437845067574
37.89998484000063,0.1774571561653827
37.90831817000063,0.045166489520415826
37.91665150000063,-0.0867570410552501
37.92498483000063,-0.2146569445948311
37.93331816000063,-0.33410966272061304
37.94165149000063,-0.44011017622200566
37.94998482000063,-0.5274635714718001
37.95831815000063,-0.5913308296937012
37.966651480000635,-0.6278273651020821
37.974984810000635,-0.634801213208495
37.983318140000634,-0.611946793457868
37.99165147000063,-0.5609481149051085
37.99998480000063,-0.48528704367479586
38.00831813000063,-0.3897495381903834
38.01665146000063,-0.2796459673977555
38.02498479000063,-0.16049759539852151
38.03331812000063,-0.03761179829671535
38.041651450000636,0.08406842879413243
38.049984780000635,0.19976672912694124
38.058318110000634,0.30444825018788974
38.06665144000063,0.391820306270372
38.07498477000063,0.45339813631660414
38.08331810000063,0.47786341362941176
38.09165143000063,0.4519196599630677
38.09998476000064,0.36390815475865823
38.10831809000064,0.21008722992379392
38.116651420000636,-7.207029428901561e-05
38.124984750000635,-0.24477823640199176
38.133318080000635,-0.4964729487312815
38.141651410000634,-0.7294567359557819
38.14998474000063,-0.925353889762117
38.15831807000063,-1.0755417805892744
38.16665140000063,-1.180061538566767
38.17498473000064,-1.2444741140024156
38.18331806000064,-1.2762249923540006
38.19165139000064,-1.282391580341156
38.199984720000636,-1.2687378386835289
38.208318050000635,-1.2395324362900193
38.216651380000634,-1.1975979628894349
38.22498471000063,-1.1446620099524936
38.23331804000064,-1.0817682863533682
38.24165137000064,-1.0093436736432257
38.24998470000064,-0.9274429529838562
38.25831803000064,-0.8358314749921656
38.26665136000064,-0.7341272764045527
38.274984690000636,-0.622077833973566
38.283318020000635,-0.499614168646835
38.291651350000635,-0.36687630967470514
38.299984680000634,-0.22457623227639015
38.30831801000064,-0.0741887576881741
38.31665134000064,0.08214434330554046
38.32498467000064,0.24128016525930365
38.33331800000064,0.3990630265487349
38.34165133000064,0.5504021651855523
38.349984660000636,0.6895282201929299
38.358317990000636,0.8103837682038455
38.36665132000064,0.9071689375060737
38.37498465000064,0.9750333714083784
38.38331798000064,1.0106359659722128
38.39165131000064,1.0127043420240844
38.39998464000064,0.9819990425639302
38.40831797000064,0.9210678718457747
38.41665130000064,0.8339835475413896
38.42498463000064,0.7257090450482492
38.433317960000636,0.6014537424406124
38.44165129000064,0.4665144989524713
38.44998462000064,0.32602835258182095
38.45831795000064,0.18496124064641387
38.46665128000064,0.048313581856152976
38.47498461000064,-0.0784779413443686
38.48331794000064,-0.1886498285814974
38.49165127000064,-0.27334602289952586
38.499984600000644,-0.3210881273745704
38.50831793000064,-0.3186964222328388
38.51665126000064,-0.25491885816689086
38.52498459000064,-0.1267748876761786
38.53331792000064,0.055738659831354544
38.54165125000064,0.2707288557458296
38.54998458000064,0.4911311381564158
38.55831791000064,0.6923290409852597
38.56665124000064,0.8574624700389732
38.574984570000645,0.9794210557492857
38.583317900000644,1.0592259612697286
38.59165123000064,1.102744600750127
38.59998456000064,1.117237386814937
38.60831789000064,1.1093448949488187
38.61665122000064,1.0842353211660447
38.62498455000064,1.045614436204928
38.63331788000065,0.995820322694086
38.641651210000646,0.9360364826908184
38.649984540000645,0.866687955838073
38.658317870000644,0.7876443866422784
38.66665120000064,0.6984008592337492
38.67498453000064,0.5982692784110623
38.68331786000064,0.48652288909888947
38.69165119000064,0.3625842525127251
38.69998452000064,0.22632621061653752
38.70831785000065,0.07807839425032145
38.716651180000646,-0.08101470026893004
38.724984510000645,-0.2487622577676785
38.733317840000645,-0.4217778958494463
38.741651170000644,-0.595523912419401
38.74998450000064,-0.7644236675058755
38.75831783000064,-0.9221268042916488
38.76665116000065,-1.0619257242819045
38.77498449000065,-1.177365500222152
38.78331782000065,-1.2629840621443453
38.79165115000065,-1.314898290970102
38.799984480000646,-1.331146181265129
38.808317810000645,-1.3118990589830803
38.816651140000644,-1.2592679255093477
38.82498447000064,-1.1768319898946582
38.83331780000064,-1.0688283265126541
38.84165113000065,-0.9398656682591748
38.84998446000065,-0.7948255031359776
38.85831779000065,-0.6384210414458682
38.86665112000065,-0.475258727196848
38.874984450000646,-0.3099392247268866
38.883317780000645,-0.1473966596049252
38.891651110000645,0.00665940713237789
38.89998444000065,0.14508907711341418
38.90831777000065,0.2586629581675727
38.91665110000065,0.33567431999575936
38.92498443000065,0.36296344430811756
38.93331776000065,0.32958124586209664
38.94165109000065,0.23279777096572743
38.949984420000646,0.08233229621014806
38.958317750000646,-0.10080403260180923
38.966651080000645,-0.29086971654900257
38.97498441000065,-0.46475173647066154
38.98331774000065,-0.6068927115430437
38.99165107000065,-0.7108647944455131
38.99998440000065,-0.7776339343322616
39.00831773000065,-0.8124493276705772
39.01665106000065,-0.8218706790647112
39.02498439000065,-0.8117976210127573
39.03331772000065,-0.7867343954414653
39.04165105000065,-0.7497145578668996
39.04998438000065,-0.7025764090664247
39.05831771000065,-0.6459727438447379
39.06665104000065,-0.5797468251146053
39.07498437000065,-0.5032274477752141
39.08331770000065,-0.415386482127219
39.09165103000065,-0.3150812980456161
39.09998436000065,-0.20139505650782114
39.10831769000065,-0.07369384802776836
39.11665102000065,0.06803562896029186
39.12498435000065,0.2227978907259354
39.13331768000065,0.38831429026179326
39.14165101000065,0.5610884616713623
39.14998434000065,0.736358106574953
39.15831767000065,0.9082559199122149
39.166651000000655,1.070092299711368
39.174984330000655,1.2148165625887986
39.183317660000654,1.3357578499520335
39.19165099000065,1.4271930873818417
39.19998432000065,1.4849437824676859
39.20831765000065,1.5068495523906804
39.21665098000065,1.4927598084792937
39.22498431000065,1.4442810212552843
39.23331764000065,1.364342956341622
39.241650970000656,1.256674328519581
39.249984300000655,1.1253431325971825
39.258317630000654,0.9744239637118635
39.26665096000065,0.8078344352513882
39.27498429000065,0.6295493137482728
39.28331762000065,0.4435657920808712
39.29165095000065,0.2542502087993064
39.29998428000066,0.06657180473879555
39.30831761000066,-0.1133436711484025
39.316650940000656,-0.27776428223752214
39.324984270000655,-0.41683429938385036
39.333317600000655,-0.5184723301011869
39.341650930000654,-0.5696965294728652
39.34998426000065,-0.5603006196794422
39.35831759000065,-0.48812611821935226
39.36665092000065,-0.3627987565850114
39.37498425000066,-0.2041546239480945
39.38331758000066,-0.03606377840714086
39.391650910000656,0.12035494741494202
39.399984240000656,0.25096284478181113
39.408317570000655,0.3497079017770558
39.416650900000654,0.417151100741032
39.42498423000065,0.4575524146644822
39.43331756000066,0.47635521406011555
39.44165089000066,0.47847116238430226
39.44998422000066,0.46759832129086115
39.45831755000066,0.4459673265774322
39.46665088000066,0.4146013067496381
39.474984210000656,0.3735548867973616
39.483317540000655,0.3220565945586652
39.491650870000655,0.25882403837981793
39.499984200000654,0.18238710750388565
39.50831753000066,0.09122887360747119
39.51665086000066,-0.015731697353023533
39.52498419000066,-0.1388444923574743
39.53331752000066,-0.2774351484584334
39.54165085000066,-0.42933361831117206
39.549984180000656,-0.5909399613660378
39.558317510000656,-0.757149105055787
39.56665084000066,-0.921799856001545
39.57498417000066,-1.0779713195060798
39.58331750000066,-1.2184236988280959
39.59165083000066,-1.3363848239835392
39.59998416000066,-1.4260620644133828
39.60831749000066,-1.4831663979972964
39.61665082000066,-1.5054378051782782
39.62498415000066,-1.4926034413903022
39.633317480000656,-1.4461133764466296
39.64165081000066,-1.3686148973866907
39.64998414000066,-1.2632973167695836
39.65831747000066,-1.1337198202394898
39.66665080000066,-0.9834225308308802
39.67498413000066,-0.8156662399897168
39.68331746000066,-0.6336195921219152
39.69165079000066,-0.44035865464219864
39.699984120000664,-0.2392855594082256
39.70831745000066,-0.03441368591437846
39.71665078000066,0.1691267477360794
39.72498411000066,0.364742385024782
39.73331744000066,0.5440122915204213
39.74165077000066,0.6964543696280059
39.74998410000066,0.8097685880259944
39.75831743000066,0.8714836991775862
39.76665076000066,0.8725051647995588
39.774984090000665,0.8118955986043572
39.783317420000664,0.6994293203668931
39.79165075000066,0.5534953873347472
39.79998408000066,0.3954448293754668
39.80831741000066,0.243970044295111
39.81665074000066,0.11153761639686897
39.82498407000066,0.003673794101128413
39.83331740000067,-0.07947474916694063
39.841650730000666,-0.14083059146596025
39.849984060000665,-0.18427319310372034
39.858317390000664,-0.21332645413034645
39.86665072000066,-0.23051972313044272
39.87498405000066,-0.23711402474673962
39.88331738000066,-0.233210554676872
39.89165071000066,-0.2179720790809739
39.89998404000066,-0.18979218526011896
39.90831737000067,-0.14666920309257103
39.916650700000666,-0.08667384327505383
39.924984030000665,-0.008179201041084386
39.933317360000665,0.08954960626396478
39.941650690000664,0.20585448314807914
39.94998402000066,0.33846147571022256
39.95831735000066,0.4835577041346509
39.96665068000067,0.6357126580173579
39.97498401000067,0.7883439433635598
39.98331734000067,0.9342617321923848
39.991650670000666,1.0661115893463493
39.999984000000666,1.1771617999902104
40.008317330000665,1.26169411365822
40.016650660000664,1.3157967994218471
40.02498399000066,1.337372668325805
40.03331732000066,1.3260990027483752
40.04165065000067,1.2832268456859501
40.04998398000067,1.21121098034154
40.05831731000067,1.1131545775242915
40.06665064000067,0.9921860144323379
40.074983970000666,0.851260412494214
40.083317300000665,0.6930296504930901
40.091650630000665,0.5199484338026436
40.09998396000067,0.33426323790182655
40.10831729000067,0.13838215516608732
40.11665062000067,-0.0649389753113347
40.12498395000067,-0.27188074283213826
40.13331728000067,-0.4771701254423638
40.14165061000067,-0.6738001104436554
40.149983940000666,-0.8525859123329467
40.158317270000666,-1.002193381917105
40.166650600000665,-1.110009350839933
40.17498393000067,-1.1643207451816349
40.18331726000067,-1.1580003938279426
40.19165059000067,-1.0922789497566021
40.19998392000067,-0.977596184655591
40.20831725000067,-0.8309323597816293
40.21665058000067,-0.6707685417704904
40.22498391000067,-0.5127891412253698
40.23331724000067,-0.3674517335185069
40.24165057000067,-0.239827035652685
40.24998390000067,-0.13072980361565648
40.25831723000067,-0.038625679203482116
40.26665056000067,0.03872998936501233
40.27498389000067,0.1032644038063139
40.28331722000067,0.15599066630626962
40.29165055000067,0.19688280707003994
40.29998388000067,0.22478667240620265
40.30831721000067,0.23772615659651322
40.31665054000067,0.2332114315863603
40.32498387000067,0.20870099411776188
40.33331720000067,0.16218739813011146
40.34165053000067,0.09261488320097473
40.34998386000067,0.0005915134285755603
40.35831719000067,-0.11142479905898713
40.366650520000675,-0.23910903183433208
40.374983850000675,-0.37658609416356054
40.383317180000674,-0.5168593559671206
40.39165051000067,-0.6524614140280522
40.39998384000067,-0.7760108113519825
40.40831717000067,-0.880924940006104
40.41665050000067,-0.9618676220616764
40.42498383000067,-1.0151370304751333
40.43331716000067,-1.0389204396948477
40.441650490000676,-1.0332289862270694
40.449983820000675,-0.9994683641553598
40.458317150000674,-0.9398512678313903
40.46665048000067,-0.8571034571865608
40.47498381000067,-0.7540332737204068
40.48331714000067,-0.6330880754385116
40.49165047000067,-0.4964147669884959
40.49998380000068,-0.3457998897902378
40.50831713000068,-0.18258737441563472
40.516650460000676,-0.008009195969865893
40.524983790000675,0.17636811957466794
40.533317120000675,0.36829410060889395
40.541650450000674,0.5641127795390921
40.54998378000067,0.7583415571346399
40.55831711000067,0.9430350159605081
40.56665044000067,1.1075977109086925
40.57498377000068,1.2394036479858865
40.58331710000068,1.3255407614401822
40.591650430000676,1.3558285487591164
40.599983760000676,1.3262401990115484
40.608317090000675,1.2410075949969097
40.616650420000674,1.1116883744349715
40.62498375000067,0.9539532044054734
40.63331708000068,0.7833933038747264
40.64165041000068,0.6125858733692408
40.64998374000068,0.4497716836262577
40.65831707000068,0.29908399246865414
40.66665040000068,0.16174766173789673
40.674983730000676,0.03745663537151498
40.683317060000675,-0.07445357329664676
40.691650390000675,-0.17419964430916843
40.699983720000674,-0.26112930618014923
40.70831705000068,-0.3335515472445633
40.71665038000068,-0.3889775033697593
40.72498371000068,-0.4243416744707885
40.73331704000068,-0.43633261002673873
40.74165037000068,-0.4222229432447167
40.749983700000676,-0.3806017306236471
40.758317030000676,-0.3118427231735818
40.76665036000068,-0.21850423966290644
40.77498369000068,-0.10530289395101834
40.78331702000068,0.021264467779372544
40.79165035000068,0.15370272459912557
40.79998368000068,0.28419567566072185
40.80831701000068,0.4052808806139323
40.81665034000068,0.5104704416668226
40.82498367000068,0.5948189021891558
40.833317000000676,0.6549697453482622
40.84165033000068,0.6894093371499285
40.84998366000068,0.698079987295942
40.85831699000068,0.6821364716205117
40.86665032000068,0.6436539220517121
40.87498365000068,0.584963824969961
40.88331698000068,0.5084306616997999
40.89165031000068,0.4162653196499655
40.899983640000684,0.3102218854208603
40.90831697000068,0.19145466353701224
40.91665030000068,0.06071971843566226
40.92498363000068,-0.08145348924832664
40.93331696000068,-0.2346019511021494
40.94165029000068,-0.39775070711491345
40.94998362000068,-0.5689242989449489
40.95831695000068,-0.7443927010987808
40.96665028000068,-0.9179822290537467
40.974983610000685,-1.0805112284296836
40.983316940000684,-1.2201038712622205
40.99165027000068,-1.3235589111527397
40.99998360000068,-1.3788622329160365
41.00831693000068,-1.3784511454670711
41.01665026000068,-1.321697503140318
41.02498359000068,-1.2150977512498697
41.033316920000686,-1.0701623623564758
41.041650250000686,-0.9001956993781927
41.049983580000685,-0.7175771802749271
41.058316910000684,-0.531959330052057
41.06665024000068,-0.3499585074432554
41.07498357000068,-0.1754092602810559
41.08331690000068,-0.010338227883009457
41.09165023000068,0.14412996644981507
41.09998356000068,0.2868002400844278
41.10831689000069,0.4160449172252944
41.116650220000686,0.529418753348269
41.124983550000685,0.6236184411322391
41.133316880000685,0.6946475586718894
41.141650210000684,0.7383783023961942
41.14998354000068,0.7512811468714394
41.15831687000068,0.7313845622798228
41.16665020000069,0.6789332471586864
41.17498353000069,0.5968159762798853
41.18331686000069,0.49043720375420097
41.191650190000686,0.36692038987727027
41.199983520000686,0.23445352272843395
41.208316850000685,0.10122509473143936
41.216650180000684,-0.025164931496043992
41.22498351000068,-0.13832462053469624
41.23331684000068,-0.2335395897315635
41.24165017000069,-0.3078083481788773
41.24998350000069,-0.3598310517023904
41.25831683000069,-0.3897046200817902
41.26665016000069,-0.3986713069596976
41.274983490000686,-0.38849661744433966
41.283316820000685,-0.3612733310361326
41.291650150000685,-0.31894954655547186
41.29998348000069,-0.2631681148980853
41.30831681000069,-0.195157862747555
41.31665014000069,-0.11572793619991426
41.32498347000069,-0.02520980967705294
41.33331680000069,0.07665437363173419
41.34165013000069,0.19024711157675203
41.349983460000686,0.3158484038293311
41.358316790000686,0.4530553746522058
41.366650120000685,0.6000171822371911
41.37498345000069,0.7526466339745886
41.38331678000069,0.9037417671822949
41.39165011000069,1.0429501156692929
41.39998344000069,1.1573758066439366
41.40831677000069,1.2337030667759776
41.41665010000069,1.261248319634773
41.42498343000069,1.234930447892187
41.43331676000069,1.156630886502704
41.44165009000069,1.033986042002434
41.44998342000069,0.8776337808064612
41.45831675000069,0.6985846180770025
41.46665008000069,0.5065083936242593
41.47498341000069,0.3090624708632586
41.48331674000069,0.11187338474488258
41.49165007000069,-0.08092903206550704
41.49998340000069,-0.26617338850962424
41.50831673000069,-0.4410979415516891
41.51665006000069,-0.6028327617914799
41.52498339000069,-0.7478900994778103
41.53331672000069,-0.8720260186516284
41.54165005000069,-0.9702987331045299
41.54998338000069,-1.0378557688608774
41.55831671000069,-1.0704125217508995
41.566650040000695,-1.0653715203490945
41.574983370000695,-1.0227531183803842
41.583316700000694,-0.9456044163715833
41.59165003000069,-0.839727552922656
41.59998336000069,-0.7129437582849308
41.60831669000069,-0.573944833103888
41.61665002000069,-0.4312383750892917
41.62498335000069,-0.2925573768115682
41.63331668000069,-0.1641950119797274
41.641650010000696,-0.0507275202864076
41.649983340000695,0.04498640469792295
41.658316670000694,0.12176851848688934
41.66665000000069,0.17969376665233777
41.67498333000069,0.21972028463026025
41.68331666000069,0.24337639042479367
41.69164999000069,0.2522523610044741
41.6999833200007,0.24789070533379767
41.7083166500007,0.23161131256975784
41.716649980000696,0.20427744064380618
41.724983310000695,0.16615594636214906
41.733316640000695,0.11699382014983661
41.741649970000694,0.056158171274937364
41.74998330000069,-0.017514277662407297
41.75831663000069,-0.10523178782688969
41.76664996000069,-0.20781855352878797
41.7749832900007,-0.3250079487597413
41.7833166200007,-0.4545710620499497
41.791649950000696,-0.5912820891745463
41.799983280000696,-0.7265338566766764
41.808316610000695,-0.8485037963462356
41.816649940000694,-0.9436096923085443
41.82498327000069,-0.9992369800704755
41.8333166000007,-1.0069404414114422
41.8416499300007,-0.9644235129700773
41.8499832600007,-0.8753625185583451
41.8583165900007,-0.747440605498744
41.8666499200007,-0.5897435541572555
41.874983250000696,-0.4109693104157486
41.883316580000695,-0.21862257615709874
41.891649910000694,-0.018922081748082787
41.899983240000694,0.1828917102668398
41.9083165700007,0.38226303323051586
41.9166499000007,0.574824901517183
41.9249832300007,0.7561897724701325
41.9333165600007,0.9215536633101556
41.9416498900007,1.0656331941215966
41.949983220000696,1.18254044911854
41.958316550000696,1.2664339721510653
41.9666498800007,1.3122310014440295
41.9749832100007,1.3165711426021693
41.9833165400007,1.2790461844282255
41.9916498700007,1.2027179364157694
41.9999832000007,1.0936577972602515
42.0083165300007,0.9600406832607197
42.0166498600007,0.8108516834318503
42.0249831900007,0.6548931049547645
42.033316520000696,0.4999968119239946
42.0416498500007,0.35243113086104205
42.0499831800007,0.21672696888828513
42.0583165100007,0.09571162278163947
42.0666498400007,-0.009313419879537418
42.0749831700007,-0.09807986402731986
42.0833165000007,-0.1712763917589401
42.0916498300007,-0.22995774690453838
42.099983160000704,-0.2752799983426812
42.1083164900007,-0.30836974061940087
42.1166498200007,-0.33001129008425834
42.1249831500007,-0.34062857986485745
42.1333164800007,-0.34021043492009917
42.1416498100007,-0.3281334869979213
42.1499831400007,-0.30324348218133224
42.1583164700007,-0.26398822005115996
42.1666498000007,-0.20846658017984088
42.174983130000705,-0.13492435577465078
42.183316460000704,-0.04241705186592758
42.1916497900007,0.06828019914249916
42.1999831200007,0.19364046471996796
42.2083164500007,0.32677875470462536
42.2166497800007,0.4572543062294397
42.2249831100007,0.5719511254709182
42.233316440000706,0.6573791813091614
42.241649770000706,0.7025508008879066
42.249983100000705,0.7015227741290816
42.258316430000704,0.6545210695509398
42.2666497600007,0.5666002899297298
42.2749830900007,0.4451105203382648
42.2833164200007,0.2976072553502686
42.2916497500007,0.13078694183093204
42.2999830800007,-0.049619710820432886
42.30831641000071,-0.23869872173392068
42.316649740000706,-0.4316666389381183
42.324983070000705,-0.623612031508847
42.333316400000705,-0.8092202674939392
42.341649730000704,-0.9825020491542582
42.3499830600007,-1.136769515721153
42.3583163900007,-1.2649028339053752
42.36664972000071,-1.3598405309579125
42.37498305000071,-1.4153076515176894
42.38331638000071,-1.4271318121165297
42.391649710000706,-1.3942041564066843
42.399983040000706,-1.3190004177938954
42.408316370000705,-1.2073746506217333
42.416649700000704,-1.067491984294149
42.4249830300007,-0.9085104645829255
42.4333163600007,-0.7394585017573904
42.44164969000071,-0.5682950683001211
42.44998302000071,-0.40142429660081214
42.45831635000071,-0.24354066482499317
42.46664968000071,-0.09767756464261722
42.474983010000706,0.03443004458804608
42.483316340000705,0.15218846873391625
42.491649670000704,0.25578007033346917
42.49998300000071,0.3457508533455579
42.50831633000071,0.42282849633419034
42.51664966000071,0.48762632266689093
42.52498299000071,0.5405098276740327
42.53331632000071,0.5815483681320104
42.54164965000071,0.6103996531411893
42.549982980000706,0.6261979128262041
42.558316310000706,0.6274297675760333
42.566649640000705,0.6122255963005379
42.57498297000071,0.5783578225427031
42.58331630000071,0.5235668365430748
42.59164963000071,0.44615455550765154
42.59998296000071,0.34583609906604706
42.60831629000071,0.22481553076838953
42.61664962000071,0.08864508737804495
42.62498295000071,-0.053587780664139585
42.63331628000071,-0.1897912596499789
42.64164961000071,-0.3065448496483979
42.64998294000071,-0.3914958202934858
42.65831627000071,-0.4362650713661338
42.66664960000071,-0.438031707779757
42.67498293000071,-0.3990549765759202
42.68331626000071,-0.32480629088707064
42.69164959000071,-0.22169943382091686
42.69998292000071,-0.09550992553043801
42.70831625000071,0.04898221802353981
42.71664958000071,0.20791488411669193
42.72498291000071,0.37757632330397084
42.73331624000071,0.5535211219250682
42.74164957000071,0.7302582121261335
42.74998290000071,0.9010900901721882
42.75831623000071,1.058158649987805
42.766649560000715,1.1928315110951626
42.774982890000715,1.296477664306273
42.783316220000714,1.361339950233669
42.79164955000071,1.381956523276207
42.79998288000071,1.3561449622806212
42.80831621000071,1.285615175382201
42.81664954000071,1.175785516858021
42.82498287000071,1.0346427173766344
42.83331620000071,0.871332481835128
42.841649530000716,0.6948932425971288
42.849982860000715,0.5133647980509104
42.858316190000714,0.3333064944600067
42.86664952000071,0.1596318658285738
42.87498285000071,-0.004246020181685777
42.88331618000071,-0.15619177797998038
42.89164951000071,-0.29521565580321085
42.89998284000072,-0.4209885076749337
42.90831617000072,-0.5335226709308807
42.916649500000716,-0.6331528207620476
42.924982830000715,-0.7201307329584157
42.933316160000714,-0.7944774378843236
42.941649490000714,-0.8559422287432594
42.94998282000071,-0.90390664992036
42.95831615000071,-0.9372762312389061
42.96664948000071,-0.95433340624805
42.97498281000072,-0.9529093675406523
42.98331614000072,-0.9305171763524528
42.991649470000716,-0.8845584658768628
42.999982800000716,-0.8129416205608709
43.008316130000715,-0.7147819800745622
43.016649460000714,-0.5913267845786093
43.02498279000071,-0.44694936189425405
43.03331612000072,-0.2894545021527659
43.04164945000072,-0.129727799415989
43.04998278000072,0.0193858571367848
43.05831611000072,0.14519798690667934
43.06664944000072,0.2376988376388383
43.074982770000716,0.29135564929963287
43.083316100000715,0.3056746784155989
43.091649430000714,0.2839225184539936
43.099982760000714,0.23117785859483905
43.10831609000072,0.15245060767141255
43.11664942000072,0.051783117437286884
43.12498275000072,-0.06782365964219045
43.13331608000072,-0.2036884133817844
43.14164941000072,-0.3527229700461837
43.149982740000716,-0.5104201501923402
43.158316070000716,-0.6704418476513118
43.16664940000072,-0.8244097263753387
43.17498273000072,-0.9624989212219203
43.18331606000072,-1.074495556547728
43.19164939000072,-1.1509924159017322
43.19998272000072,-1.1849552187404397
43.20831605000072,-1.1728224952167905
43.21664938000072,-1.1153871448215111
43.22498271000072,-1.017225314483195
43.233316040000716,-0.8856989752217655
43.24164937000072,-0.7294881594401743
43.24998270000072,-0.5573200985694532
43.25831603000072,-0.3770716053487805
43.26664936000072,-0.19529552643501483
43.27498269000072,-0.01707134806151257
43.28331602000072,0.1538674972998818
43.29164935000072,0.31502885182794116
43.299982680000724,0.4649301312261933
43.30831601000072,0.6027395159202543
43.31664934000072,0.7279734426069379
43.32498267000072,0.8404322968569875
43.33331600000072,0.9399874272229427
43.34164933000072,1.0263010775163621
43.34998266000072,1.0987869392471301
43.35831599000072,1.156528669275069
43.36664932000072,1.1981287394924152
43.374982650000725,1.221673140504044
43.383315980000724,1.224814128803518
43.39164931000072,1.2048971404026998
43.39998264000072,1.159148345962046
43.40831597000072,1.0852487766231702
43.41664930000072,0.982059820003956
43.42498263000072,0.8503584265228924
43.433315960000726,0.6937609111787778
43.441649290000726,0.5190736629362848
43.449982620000725,0.33609994227850964
43.458315950000724,0.15679939068673876
43.46664928000072,-0.006462021769547669
43.47498261000072,-0.14281288674727188
43.48331594000072,-0.2449095676514971
43.49164927000072,-0.30978548425187663
43.49998260000072,-0.33851375555947705
43.50831593000073,-0.3346038717162402
43.516649260000726,-0.30243270961360585
43.524982590000725,-0.24570836317094416
43.533315920000724,-0.1670243085979154
43.541649250000724,-0.06809129362907454
43.54998258000072,0.04926042684151338
43.55831591000072,0.18226665356761018
43.56664924000073,0.32603621034815433
43.57498257000073,0.47299801319827267
43.58331590000073,0.6132304119604833
43.591649230000726,0.7353908818128415
43.599982560000726,0.8283706641367206
43.608315890000725,0.8831169307407808
43.616649220000724,0.8943817137638669
43.62498255000072,0.8613602526796933
43.63331588000072,0.7874121966941972
43.64164921000073,0.6789250139470979
43.64998254000073,0.5437649309346959
43.65831587000073,0.3900270988633646
43.66664920000073,0.22515350682012253
43.674982530000726,0.05545765842267369
43.683315860000725,-0.11398992061636531
43.691649190000724,-0.279290817155311
43.69998252000073,-0.43765175446071874
43.70831585000073,-0.5871623448786574
43.71664918000073,-0.7264404413707194
43.72498251000073,-0.8544893577066853
43.73331584000073,-0.9706597821862698
43.74164917000073,-1.0742936888859413
43.749982500000726,-1.1645641557222006
43.758315830000726,-1.2405110956778684
43.766649160000725,-1.300866944995025
43.77498249000073,-1.3439173600699277
43.78331582000073,-1.3675902219855611
43.79164915000073,-1.3693677390608154
43.79998248000073,-1.3465061173722745
43.80831581000073,-1.2961983827576322
43.81664914000073,-1.2160549915428056
43.82498247000073,-1.104919350823718
43.83331580000073,-0.9633936157657776
43.84164913000073,-0.7946700052798117
43.84998246000073,-0.6048855255606117
43.85831579000073,-0.40298489455557257
43.86664912000073,-0.19988896767376527
43.87498245000073,-0.007311621928658173
43.88331578000073,0.16387333702769832
43.89164911000073,0.3052153573756769
43.89998244000073,0.4119688231669706
43.90831577000073,0.48328069868753537
43.91664910000073,0.5212313994770451
43.92498243000073,0.5292459224413548
43.93331576000073,0.5107302351750794
43.94164909000073,0.4682097468504052
43.94998242000073,0.4031477611472109
43.95831575000073,0.3162995878283129
43.966649080000735,0.20879639425204896
43.974982410000734,0.08322665361600634
43.983315740000734,-0.05502801388371646
43.99164907000073,-0.1973781299009749
43.99998240000073,-0.3325017114153289
44.00831573000073,-0.44804771900264084
44.01664906000073,-0.5327812676580616
44.02498239000073,-0.5789764137523926
44.03331572000073,-0.5834220497026923
44.041649050000736,-0.5476009882075528
44.049982380000735,-0.47636925685685383
44.058315710000734,-0.37648092567019875
44.06664904000073,-0.25518741468693207
44.07498237000073,-0.11925666995238891
44.08331570000073,0.025453776914302985
44.09164903000073,0.17406883804993895
44.09998236000074,0.3226421361214841
44.10831569000074,0.46811137626503935
44.116649020000736,0.6081681352923839
44.124982350000735,0.7408626722537983
44.133315680000734,0.8646794263321277
44.141649010000734,0.9782897512181516
44.14998234000073,1.0805314539658657
44.15831567000073,1.1701644401208355
44.16664900000073,1.2457160965110654
44.17498233000074,1.30543751963304
44.18331566000074,1.347326844596687
44.191648990000736,1.3691213256124446
44.199982320000736,1.3681465500271124
44.208315650000735,1.3416253943231446
44.216648980000734,1.2868122698785474
44.22498231000073,1.201479710265871
44.23331564000074,1.0845389918538082
44.24164897000074,0.936713682956804
44.24998230000074,0.7609715619205519
44.25831563000074,0.5629509101023127
44.26664896000074,0.3507205092605732
44.274982290000736,0.13414706855235872
44.283315620000735,-0.07593559651176846
44.291648950000734,-0.2690948251758107
44.299982280000734,-0.43653989771513496
44.30831561000074,-0.5725190341960711
44.31664894000074,-0.6745132814509801
44.32498227000074,-0.7429131253206094
44.33331560000074,-0.7802155116188678
44.34164893000074,-0.7897108610159197
44.349982260000736,-0.7741105807551426
44.358315590000736,-0.7349920132089097
44.36664892000074,-0.6728125680621545
44.37498225000074,-0.5874462195515284
44.38331558000074,-0.47940875216200557
44.39164891000074,-0.35122002144702724
44.39998224000074,-0.20861590688210713
44.40831557000074,-0.06094630562309851
44.41664890000074,0.07971887829700533
44.42498223000074,0.20053760527017203
44.433315560000736,0.2907942104716386
44.44164889000074,0.34394089205221773
44.44998222000074,0.3583883446328017
44.45831555000074,0.33676488954983835
44.46664888000074,0.2841742533623695
44.47498221000074,0.20671157762381132
44.48331554000074,0.11038463435494479
44.49164887000074,0.0004918062535280686
44.499982200000744,-0.11839370552769485
44.50831553000074,-0.24239751793745964
44.51664886000074,-0.36830246670350003
44.52498219000074,-0.49340230898780263
44.53331552000074,-0.6152596343524496
44.54164885000074,-0.7316646552879883
44.54998218000074,-0.8406771354680819
44.55831551000074,-0.9404188261475099
44.56664884000074,-1.028961598262032
44.574982170000744,-1.104354851266514
44.583315500000744,-1.1644516468912027
44.59164883000074,-1.2069076487411587
44.59998216000074,-1.2290727604720972
44.60831549000074,-1.2281473009917367
44.61664882000074,-1.2013132836954152
44.62498215000074,-1.1460332285836823
44.633315480000746,-1.0604106530932091
44.641648810000746,-0.9436510413953002
44.649982140000745,-0.7967834135300049
44.658315470000744,-0.6228425413757601
44.66664880000074,-0.42704323379838727
44.67498213000074,-0.2166560213357447
44.68331546000074,-0.0006219051436679033
44.69164879000074,0.21138439507705248
44.69998212000074,0.4097481955605149
44.70831545000075,0.5861538522953369
44.716648780000746,0.7344409163363537
44.724982110000745,0.8512345854621907
44.733315440000744,0.9360812996679161
44.741648770000744,0.9906140190202835
44.74998210000074,1.0174334941985679
44.75831543000074,1.0193162770033821
44.76664876000075,0.9982893449411031
44.77498209000075,0.9550340287444818
44.78331542000075,0.889099756102116
44.791648750000746,0.7992687628141351
44.799982080000746,0.6849304509249047
44.808315410000745,0.5477274649300059
44.816648740000744,0.392969120616333
44.82498207000074,0.23024600091506844
44.83331540000074,0.07240158873289154
44.84164873000075,-0.06714080270038064
44.84998206000075,-0.17738376172333115
44.85831539000075,-0.2519639394255932
44.86664872000075,-0.28957459110180933
44.874982050000746,-0.29279442115788756
44.883315380000745,-0.26621701971216544
44.891648710000744,-0.21511563506830866
44.89998204000075,-0.14443736773427931
44.90831537000075,-0.05865994352683508
44.91664870000075,0.038285382307720266
44.92498203000075,0.1429878994879004
44.93331536000075,0.25232517023686035
44.94164869000075,0.3633366033564919
44.949982020000746,0.47318907155450757
44.958315350000746,0.5791982613994354
44.966648680000745,0.6787182726280109
44.97498201000075,0.769185609230481
44.98331534000075,0.8479520199566992
44.99164867000075,0.9124101795504147
44.99998200000075,0.9597691877102044
45.00831533000075,0.9871324521312519
45.01664866000075,0.9916883636790508
45.02498199000075,0.9707097068923668
45.03331532000075,0.9220094360965869
45.04164865000075,0.8441021378136951
45.04998198000075,0.7366575739923488
45.05831531000075,0.6009850075629597
45.06664864000075,0.440232759696531
45.07498197000075,0.2593716023579553
45.08331530000075,0.06506241591885223
45.09164863000075,-0.13491331679678356
45.09998196000075,-0.3321135056007215
45.10831529000075,-0.5182647235104795
45.11664862000075,-0.6860551543681083
45.12498195000075,-0.8297638803636697
45.13331528000075,-0.9459969081512829
45.14164861000075,-1.0336826942024093
45.14998194000075,-1.0937252128731678
45.15831527000075,-1.1283235364004405
45.166648600000755,-1.13995343673822
45.174981930000754,-1.1307738302159993
45.183315260000754,-1.1019608644570151
45.19164859000075,-1.0530973755871702
45.19998192000075,-0.9823571089583142
45.20831525000075,-0.8869056370400881
45.21664858000075,-0.7643120699498226
45.22498191000075,-0.6146191394313895
45.23331524000075,-0.44224821177301726
45.241648570000756,-0.25697762574064886
45.249981900000755,-0.07276586884753827
45.258315230000754,0.09525406290000536
45.26664856000075,0.2344058949995343
45.27498189000075,0.3370878473367533
45.28331522000075,0.4012174985123834
45.29164855000075,0.4288895172317385
45.29998188000076,0.42441996496028095
45.30831521000076,0.39276313101013643
45.316648540000756,0.33870882766851207
45.324981870000755,0.26666623428311953
45.333315200000754,0.18057383317577186
45.341648530000754,0.0840604242218367
45.34998186000075,-0.019334346960109668
45.35831519000075,-0.12620938941563517
45.36664852000075,-0.2331820805027192
45.37498185000076,-0.33699521991322284
45.38331518000076,-0.43436242852267265
45.391648510000756,-0.5220552304677802
45.399981840000756,-0.5967627989795307
45.408315170000755,-0.655289863460124
45.416648500000754,-0.6946742368428418
45.42498183000075,-0.712028465658555
45.43331516000076,-0.7048933786686845
45.44164849000076,-0.6714733102020953
45.44998182000076,-0.6107630036220608
45.45831515000076,-0.5229518326390417
45.46664848000076,-0.40973075152118105
45.474981810000756,-0.2743307918432058
45.483315140000755,-0.1214080613261974
45.491648470000754,0.043256461958206635
45.499981800000754,0.2130450156879373
45.50831513000076,0.3809727012062783
45.51664846000076,0.5403215745061062
45.52498179000076,0.6851052801911731
45.53331512000076,0.8106531236241175
45.54164845000076,0.9140756112691522
45.549981780000756,0.9942322024724984
45.558315110000756,1.0515543803306366
45.56664844000076,1.0876451213926568
45.57498177000076,1.1046698709331753
45.58331510000076,1.10462248864827
45.59164843000076,1.0887865305048894
45.59998176000076,1.056996663117646
45.60831509000076,1.007391198143802
45.61664842000076,0.9362927221350146
45.62498175000076,0.8386173646481245
45.633315080000756,0.7095716370225263
45.64164841000076,0.5471858674182312
45.64998174000076,0.35510777730692733
45.65831507000076,0.1439415104837847
45.66664840000076,-0.06996551000852663
45.67498173000076,-0.26835308423130527
45.68331506000076,-0.43558655353856096
45.69164839000076,-0.5619927792195158
45.699981720000764,-0.6446378938079563
45.70831505000076,-0.6856592525612023
45.71664838000076,-0.6899678218640641
45.72498171000076,-0.6632315189408821
45.73331504000076,-0.6110312297570305
45.74164837000076,-0.5383471349133339
45.74998170000076,-0.4496213724519086
45.75831503000076,-0.3490003928329634
45.76664836000076,-0.24050913924800604
45.774981690000764,-0.1280730602425328
45.783315020000764,-0.015633683917746326
45.79164835000076,0.09299406284272345
45.79998168000076,0.19403145450735473
45.80831501000076,0.2839081543598605
45.81664834000076,0.35925367198604646
45.82498167000076,0.4168269040094205
45.833315000000766,0.45384388642566836
45.841648330000766,0.4681921814826693
45.849981660000765,0.45846564902255726
45.858314990000764,0.4241945768508469
45.86664832000076,0.36610381779748047
45.87498165000076,0.2861164043391161
45.88331498000076,0.18725866946947686
45.89164831000076,0.07349549663724773
45.89998164000076,-0.05040973425491449
45.90831497000077,-0.17919176530867045
45.916648300000766,-0.3075296386465889
45.924981630000765,-0.43044411195077387
45.933314960000764,-0.5434503346359826
45.941648290000764,-0.6432104161139646
45.94998162000076,-0.7276075441388032
45.95831495000076,-0.7957086254899542
45.96664828000077,-0.847659818179733
45.97498161000077,-0.8844432390662545
45.98331494000077,-0.9074989696312781
45.991648270000766,-0.9182334660818752
45.999981600000766,-0.9175282487261791
46.008314930000765,-0.9053052163416728
46.016648260000764,-0.8799301739681914
46.02498159000076,-0.8376444432517822
46.03331492000076,-0.7726459286870809
46.04164825000077,-0.6775231025272549
46.04998158000077,-0.5453103649562739
46.05831491000077,-0.372591558024634
46.06664824000077,-0.1631090607839336
46.074981570000766,0.07038508818233029
46.083314900000765,0.30811541390290337
46.091648230000764,0.5280515628138636
46.09998156000077,0.7114398468317057
46.10831489000077,0.8468962212311982
46.11664822000077,0.931361528792184
46.12498155000077,0.9682004939495474
46.13331488000077,0.9639860376460607
46.14164821000077,0.9261650967382576
46.149981540000766,0.8615766684780088
46.158314870000765,0.7760761395650466
46.166648200000765,0.674725067318992
46.17498153000077,0.5620897356566298
46.18331486000077,0.4424835963390911
46.19164819000077,0.32002250891100154
46.19998152000077,0.1987202920304093
46.20831485000077,0.08247496690649092
46.21664818000077,-0.02496210531580789
46.22498151000077,-0.12005503852214232
46.23331484000077,-0.19972799040512784
46.24164817000077,-0.26156413638977155
46.24998150000077,-0.3037298186759696
46.25831483000077,-0.32513158768293454
46.26664816000077,-0.32557570981946543
46.27498149000077,-0.3058027746797703
46.28331482000077,-0.267441835906734
46.29164815000077,-0.21287324416756756
46.29998148000077,-0.14515404418055414
46.30831481000077,-0.06779121610002702
46.31664814000077,0.015542958969076075
46.32498147000077,0.10123954829976993
46.33331480000077,0.18590617533096526
46.34164813000077,0.2666254796159315
46.34998146000077,0.3411934839429217
46.35831479000077,0.4081665140017243
46.366648120000775,0.46676238545187887
46.374981450000774,0.5167998232284765
46.383314780000774,0.5585614267492117
46.39164811000077,0.59258288741417
46.39998144000077,0.619372428303238
46.40831477000077,0.639074224827351
46.41664810000077,0.6511135655755843
46.42498143000077,0.6537845412818645
46.43331476000077,0.6437419230590508
46.441648090000776,0.6155210906256018
46.449981420000775,0.5614128704758474
46.458314750000774,0.4724722091357986
46.46664808000077,0.34060841934318076
46.47498141000077,0.16243880831943588
46.48331474000077,-0.05667764895710419
46.49164807000077,-0.30117303683264257
46.49998140000078,-0.5480019761438618
46.50831473000078,-0.7722061284073645
46.516648060000776,-0.9531005851239135
46.524981390000775,-1.0788792780711176
46.533314720000774,-1.147695878841274
46.541648050000774,-1.1650974612351108
46.54998138000077,-1.1399879726300477
46.55831471000077,-1.081625534248513
46.56664804000077,-0.9979819657320553
46.57498137000078,-0.8955163588969108
46.58331470000078,-0.7794871065609493
46.591648030000776,-0.6543380637003998
46.599981360000776,-0.5240719656890241
46.608314690000775,-0.39255198564849236
46.616648020000774,-0.2633585165392328
46.62498135000077,-0.1398848538424597
46.63331468000078,-0.02527131300295784
46.64164801000078,0.07776148362216045
46.64998134000078,0.1669437217207311
46.65831467000078,0.2405418799881217
46.66664800000078,0.29748224808212687
46.674981330000776,0.33737345240610594
46.683314660000775,0.36049777150929946
46.691647990000774,0.3677209969276819
46.699981320000774,0.3603242067466809
46.70831465000078,0.3399836208234008
46.71664798000078,0.3086743374763388
46.72498131000078,0.2685258491433664
46.73331464000078,0.22155624548696454
46.74164797000078,0.16964813915640423
46.749981300000776,0.11453402545717217
46.758314630000775,0.057729124956020755
46.76664796000078,0.00043897520038523166
46.77498129000078,-0.05647179530379363
46.78331462000078,-0.11235501823141837
46.79164795000078,-0.16670753040802835
46.79998128000078,-0.21907787565715553
46.80831461000078,-0.26893825713456143
46.81664794000078,-0.315521437953383
46.82498127000078,-0.3575247799700171
46.833314600000776,-0.3928014672212464
46.84164793000078,-0.41808594986536524
46.84998126000078,-0.4284457303407227
46.85831459000078,-0.4170042203492507
46.86664792000078,-0.37520194122258294
46.87498125000078,-0.29369216959891836
46.88331458000078,-0.16502040226183962
46.89164791000078,0.012308926254678278
46.899981240000784,0.23016641443672914
46.90831457000078,0.47027168940077313
46.91664790000078,0.7076473444710021
46.92498123000078,0.9163719296792369
46.93331456000078,1.075950325654815
46.94164789000078,1.1760830750636746
46.94998122000078,1.2173974031060348
46.95831455000078,1.2080132621688398
46.96664788000078,1.1588462486942153
46.974981210000784,1.0801976149590307
46.983314540000784,0.9804211717448099
46.99164787000078,0.8658612200076714
46.99998120000078,0.7413282538222097
47.00831453000078,0.6105190109440822
47.01664786000078,0.47641207076467423
47.02498119000078,0.3416266004183254
47.033314520000786,0.208568669765251
47.041647850000786,0.07952727742150936
47.049981180000785,-0.04326925191868231
47.058314510000784,-0.1578095724966234
47.06664784000078,-0.2622881704051308
47.07498117000078,-0.3551458360571529
47.08331450000078,-0.43510672393683053
47.09164783000078,-0.5012048144377872
47.09998116000078,-0.5528564205479685
47.10831449000079,-0.5898392816310338
47.116647820000786,-0.612209399875728
47.124981150000785,-0.6203201893108885
47.133314480000784,-0.6148034165638957
47.141647810000784,-0.5965379752940705
47.14998114000078,-0.5665120835740223
47.15831447000078,-0.5257785458755503
47.16664780000079,-0.475528564488493
47.17498113000079,-0.41707051415498825
47.18331446000079,-0.3517602350376104
47.191647790000786,-0.28090739653647023
47.199981120000785,-0.2058911690499501
47.208314450000785,-0.12820833736695875
47.216647780000784,-0.04950461084569306
47.22498111000078,0.028376528798414038
47.23331444000078,0.10332466162266696
47.24164777000079,0.1727694879977651
47.24998110000079,0.2333490035874233
47.25831443000079,0.28069532765658356
47.26664776000079,0.3090481623705282
47.274981090000786,0.31113014743187717
47.283314420000785,0.2784881258191965
47.291647750000784,0.2030222621515198
47.29998108000079,0.07974670975735046
47.30831441000079,-0.08953078507638478
47.31664774000079,-0.2937710641746803
47.32498107000079,-0.5132678958720488
47.33331440000079,-0.7232581359004565
47.34164773000079,-0.8995701198898045
47.349981060000786,-1.0246720792828814
47.358314390000785,-1.091776416863954
47.366647720000785,-1.104456706507945
47.37498105000079,-1.0725608842658352
47.38331438000079,-1.0075801502220334
47.39164771000079,-0.9195542036324404
47.39998104000079,-0.8159922457023205
47.40831437000079,-0.7019642347904157
47.41664770000079,-0.580698711736249
47.42498103000079,-0.4541855904934436
47.43331436000079,-0.32366044924841575
47.44164769000079,-0.19007315311954953
47.44998102000079,-0.05450571254592408
47.45831435000079,0.08153135027007191
47.46664768000079,0.21605217012687453
47.47498101000079,0.34674149357618084
47.48331434000079,0.4709938393941774
47.49164767000079,0.5859644352133914
47.49998100000079,0.688892299819978
47.50831433000079,0.7773302860717227
47.51664766000079,0.8491653753102417
47.52498099000079,0.9029378877169123
47.53331432000079,0.9377287084329838
47.54164765000079,0.9530602682589948
47.54998098000079,0.9491190752611927
47.55831431000079,0.9266766578769029
47.566647640000795,0.8869254086918313
47.574980970000794,0.8312800837536404
47.583314300000794,0.7614682630831168
47.59164763000079,0.6795004849721948
47.59998096000079,0.5874626773089036
47.60831429000079,0.4875451552236057
47.61664762000079,0.38207826414650137
47.62498095000079,0.2734928984298509
47.63331428000079,0.1642695701606962
47.641647610000796,0.05716101620731231
47.649980940000795,-0.044837886326472016
47.658314270000794,-0.13824015075851115
47.66664760000079,-0.2188979348467392
47.67498093000079,-0.28174134247191773
47.68331426000079,-0.32065328712428737
47.69164759000079,-0.32876667855571956
47.6999809200008,-0.29903480258520093
47.7083142500008,-0.22599472354213127
47.716647580000796,-0.10835571409275344
47.724980910000795,0.04839487248681946
47.733314240000794,0.23086377636422264
47.741647570000794,0.4192837694523255
47.74998090000079,0.5912722707723189
47.75831423000079,0.7270399604779512
47.76664756000079,0.8145335045677838
47.7749808900008,0.8516062724397849
47.7833142200008,0.8444336750394329
47.791647550000796,0.803080649881898
47.799980880000795,0.7377330183126642
47.808314210000795,0.6565344771564198
47.816647540000794,0.5648815912367471
47.82498087000079,0.46552903983972405
47.8333142000008,0.3593069566937082
47.8416475300008,0.2458729745867744
47.8499808600008,0.12447716354311034
47.8583141900008,-0.0054226085408043065
47.8666475200008,-0.14343472443189725
47.874980850000796,-0.2878264943737209
47.883314180000795,-0.4354934414933709
47.891647510000794,-0.5822990739988703
47.899980840000794,-0.7233087422376637
47.9083141700008,-0.8534729980547037
47.9166475000008,-0.9680272315323619
47.9249808300008,-1.062972030015291
47.9333141600008,-1.1352814909809037
47.9416474900008,-1.18303507227685
47.949980820000796,-1.205447300984361
47.958314150000795,-1.2027777205472747
47.9666474800008,-1.1759097385568398
47.9749808100008,-1.1264569175641284
47.9833141400008,-1.05658754275198
47.9916474700008,-0.9687013657136958
47.9999808000008,-0.8654824596913391
48.0083141300008,-0.7496335405383188
48.0166474600008,-0.6239724983416025
48.0249807900008,-0.4914925481211879
48.033314120000796,-0.35513790798022987
48.0416474500008,-0.2178813575657072
48.0499807800008,-0.08286788010037921
48.0583141100008,0.04649844752966422
48.0666474400008,0.16660207835058866
48.0749807700008,0.27340338594657015
48.0833141000008,0.3623562649503303
48.0916474300008,0.4282969387334936
48.099980760000804,0.46553140753620265
48.1083140900008,0.4684954131799234
48.1166474200008,0.43264955733830696
48.1249807500008,0.35623031409758027
48.1333140800008,0.24214625641794468
48.1416474100008,0.09920735978383287
48.1499807400008,-0.058133695731194195
48.1583140700008,-0.21191475676803834
48.1666474000008,-0.34438600020940324
48.174980730000804,-0.4423393131982548
48.183314060000804,-0.5002026905612491
48.1916473900008,-0.520081904963989
48.1999807200008,-0.5092466376396255
48.2083140500008,-0.47640984778737033
48.2166473800008,-0.42904628847713955
48.2249807100008,-0.3720820414675399
48.233314040000806,-0.30767977822106507
48.241647370000805,-0.2354030741951588
48.249980700000805,-0.1529998712707258
48.258314030000804,-0.05757481407184479
48.2666473600008,0.053447910564956666
48.2749806900008,0.18126339722579426
48.2833140200008,0.32466226224502825
48.2916473500008,0.47967442379206787
48.2999806800008,0.6400992209387291
48.30831401000081,0.7983616666889659
48.316647340000806,0.9465260960532512
48.324980670000805,1.0771658754826516
48.333314000000804,1.1842281426456376
48.341647330000804,1.2634527599792114
48.3499806600008,1.3124790687273484
48.3583139900008,1.3306920236544033
48.36664732000081,1.3187667696507817
48.37498065000081,1.2785915787493913
48.38331398000081,1.2127266645190753
48.391647310000806,1.1241955338940943
48.399980640000805,1.0161499620430574
48.408313970000805,0.891882958316171
48.416647300000804,0.754622170828455
48.4249806300008,0.6076480549552503
48.4333139600008,0.4540897195742907
48.44164729000081,0.2971562330907334
48.44998062000081,0.14015538203160322
48.45831395000081,-0.013578401640958736
48.46664728000081,-0.16052815963998962
48.474980610000806,-0.2970939458906408
48.483313940000805,-0.4194098867805933
48.491647270000804,-0.5234028504850717
48.49998060000081,-0.604733116123059
48.50831393000081,-0.6588465269474427
48.51664726000081,-0.6814652161637041
48.52498059000081,-0.669296621002763
48.53331392000081,-0.6211360632057967
48.54164725000081,-0.539085902894333
48.549980580000806,-0.42932466969625005
48.558313910000805,-0.302108016349698
48.566647240000805,-0.17059328415318645
48.57498057000081,-0.04859244731011954
48.58331390000081,0.05268719991358367
48.59164723000081,0.12698493236094882
48.59998056000081,0.1740008627588824
48.60831389000081,0.1977640365688764
48.61664722000081,0.2043179881602124
48.62498055000081,0.19939132440232166
48.63331388000081,0.18668620190250165
48.64164721000081,0.1672303403605159
48.64998054000081,0.1392535138672081
48.65831387000081,0.09879157987363481
48.66664720000081,0.0406905285187847
48.67498053000081,-0.04003374972127477
48.68331386000081,-0.14656029139146654
48.69164719000081,-0.2785741905109523
48.69998052000081,-0.431436741793803
48.70831385000081,-0.5967471030287039
48.71664718000081,-0.7638673461570396
48.72498051000081,-0.9215279341948472
48.73331384000081,-1.0596315321496443
48.74164717000081,-1.1702328612956072
48.74998050000081,-1.24813029695684
48.75831383000081,-1.2909095570562912
48.766647160000815,-1.298626287536014
48.774980490000814,-1.2731791401135077
48.783313820000814,-1.2176702386054343
48.79164715000081,-1.135751101463231
48.79998048000081,-1.0312932913251596
48.80831381000081,-0.9081235201377958
48.81664714000081,-0.7699178978408738
48.82498047000081,-0.6202093387987896
48.83331380000081,-0.462324328562208
48.841647130000815,-0.2994155256052467
48.849980460000815,-0.1346668052435436
48.858313790000814,0.0286766121281493
48.86664712000081,0.1874914198821392
48.87498045000081,0.3385294692023189
48.88331378000081,0.47851113976610443
48.89164711000081,0.6040278202170863
48.89998044000082,0.7117036164005733
48.90831377000082,0.7980870066179978
48.916647100000816,0.8597517433339789
48.924980430000815,0.893733038463753
48.933313760000814,0.8978382055051439
48.941647090000814,0.8712505568666021
48.94998042000081,0.8152517540825973
48.95831375000081,0.7335996730403475
48.96664708000081,0.6327997942628487
48.97498041000082,0.5214815172379823
48.98331374000082,0.4090401391476724
48.991647070000816,0.30368063233470244
48.999980400000815,0.21101380224208813
49.008313730000815,0.13319626244888466
49.016647060000814,0.06927208217759176
49.02498039000081,0.016536276262769718
49.03331372000082,-0.02783194083707668
49.04164705000082,-0.06556740850533753
49.04998038000082,-0.09630394827565182
49.05831371000082,-0.117149281289704
49.06664704000082,-0.12291849973606195
49.074980370000816,-0.10678694106811143
49.083313700000815,-0.06171523153925033
49.091647030000814,0.017398456002231263
49.099980360000814,0.1313746870424304
49.10831369000082,0.2752177731607495
49.11664702000082,0.4386369392900625
49.12498035000082,0.608063871568988
49.13331368000082,0.7692214642136322
49.14164701000082,0.9092944800953705
49.149980340000816,1.0186691761246602
49.158313670000815,1.0916073433495732
49.16664700000082,1.126204777509329
49.17498033000082,1.1237703158606
49.18331366000082,1.0875721964214835
49.19164699000082,1.0220014294569915
49.19998032000082,0.9317009722645112
49.20831365000082,0.8211320921129523
49.21664698000082,0.6944372572431216
49.22498031000082,0.555332738134609
49.233313640000816,0.4072369926874087
49.24164697000082,0.25319449351733664
49.24998030000082,0.09608638789008161
49.25831363000082,-0.06124390338648992
49.26664696000082,-0.21601054762401184
49.27498029000082,-0.3655881032496784
49.28331362000082,-0.5072843526657385
49.29164695000082,-0.6384823118706264
49.299980280000824,-0.7565655593113029
49.30831361000082,-0.8589137834593015
49.31664694000082,-0.9428746619264143
49.32498027000082,-1.0060302442721838
49.33331360000082,-1.046259443216079
49.34164693000082,-1.0619052454475126
49.34998026000082,-1.052145245687865
49.35831359000082,-1.0171976126276554
49.36664692000082,-0.958637243334234
49.374980250000824,-0.8796189646788151
49.383313580000824,-0.7846005189897092
49.39164691000082,-0.6787815855441647
49.39998024000082,-0.5674911806396677
49.40831357000082,-0.4552882866548116
49.41664690000082,-0.3455237510333307
49.42498023000082,-0.24011162563443553
49.433313560000826,-0.13978561096583958
49.441646890000825,-0.044951829214730905
49.449980220000825,0.043513561684928016
49.458313550000824,0.12355267260128273
49.46664688000082,0.19128864003720394
49.47498021000082,0.2408556170295432
49.48331354000082,0.2646469759613091
49.49164687000082,0.2544915936271464
49.49998020000082,0.20396010839894954
49.50831353000083,0.11110483799620867
49.516646860000826,-0.01922984878036386
49.524980190000825,-0.1756927304373642
49.533313520000824,-0.3426176797382285
49.541646850000824,-0.5032419852335887
49.54998018000082,-0.6426664408752178
49.55831351000082,-0.7498740948160281
49.56664684000083,-0.8188992136854035
49.57498017000083,-0.8486847388425136
49.58331350000083,-0.841811280131382
49.591646830000826,-0.8029960888356602
49.599980160000825,-0.7376324310463812
49.608313490000825,-0.6510565688123959
49.616646820000824,-0.5480053033736606
49.62498015000082,-0.4325246035003692
49.63331348000082,-0.308052007570919
49.64164681000083,-0.17748441838733317
49.64998014000083,-0.04329864370543266
49.65831347000083,0.09227025721138649
49.66664680000083,0.22710416285351728
49.674980130000826,0.35924277305104035
49.683313460000825,0.48689937394329397
49.691646790000824,0.6083099243031237
49.69998012000083,0.7216553977611478
49.70831345000083,0.8251309178218204
49.71664678000083,0.9167815147350715
49.72498011000083,0.9948017967405804
49.73331344000083,1.0572779395241048
49.74164677000083,1.102302647630843
49.749980100000826,1.1280940940373967
49.758313430000825,1.133090173631458
49.766646760000825,1.116046462878318
49.77498009000083,1.0764444918775011
49.78331342000083,1.0144016274178234
49.79164675000083,0.9312110040363756
49.79998008000083,0.8291183103682304
49.80831341000083,0.7112945725596725
49.81664674000083,0.5815752058732055
49.82498007000083,0.4440398250846727
49.83331340000083,0.30265355613487965
49.84164673000083,0.1610030770999032
49.84998006000083,0.022514851239410594
49.85831339000083,-0.1095060023904617
49.86664672000083,-0.23127194028285974
49.87498005000083,-0.33805392532692113
49.88331338000083,-0.4237261177550612
49.89164671000083,-0.48072562091455034
49.89998004000083,-0.5007944273817069
49.90831337000083,-0.4769418877539646
49.91664670000083,-0.40630337061419713
49.92498003000083,-0.2927903789039997
49.93331336000083,-0.1474879030518088
49.94164669000083,0.01327445811214854
49.94998002000083,0.1714356076636129
49.95831335000083,0.3106822310806807
49.966646680000835,0.4192369205562601
49.974980010000834,0.4910027509667648
49.983313340000834,0.5253413006491476
49.99164667000083,0.5256734142578291
49.99998000000083,0.49746644157404213
50.00831333000083,0.4467409035673808
50.01664666000083,0.37893697876801585
50.02497999000083,0.298576348560475
50.03331332000083,0.2092606963276753
50.041646650000835,0.11385896840302373
50.049979980000835,0.014525144236630327
50.058313310000834,-0.08708421338087877
50.06664664000083,-0.18960786366297033
50.07497997000083,-0.2919272941405142
50.08331330000083,-0.3930940534988524
50.09164663000083,-0.49225771995918305
50.09997996000084,-0.5885815001039734
50.10831329000084,-0.6810702915746779
50.116646620000836,-0.7686353977140626
50.124979950000835,-0.8500046340695493
50.133313280000834,-0.9234784743591157
50.141646610000834,-0.9870998178617398
50.14997994000083,-1.0385960256118927
50.15831327000083,-1.0754426638634844
50.16664660000083,-1.0948176929645377
50.17497993000084,-1.0939195977096612
50.18331326000084,-1.0701850769152832
50.191646590000836,-1.021872836983507
50.199979920000835,-0.9481729006644604
50.208313250000835,-0.8496030902845825
50.216646580000834,-0.7280946572769098
50.22497991000083,-0.5870152804274504
50.23331324000084,-0.4309458302508964
50.24164657000084,-0.2650120703263711
50.24997990000084,-0.09459645716626808
50.25831323000084,0.07487013010835628
50.26664656000084,0.2380763749052683
50.274979890000836,0.38968424908211186
50.283313220000835,0.5242266337687431
50.291646550000834,0.6355116550483542
50.29997988000083,0.7164982402460846
50.30831321000084,0.7596314996182388
50.31664654000084,0.7581900235999983
50.32497987000084,0.7087418034096741
50.33331320000084,0.6137425139619554
50.34164653000084,0.48255910673681063
50.349979860000836,0.33041217250506366
50.358313190000835,0.1751451791077881
50.36664652000084,0.03342677193925152
50.37497985000084,-0.08231991713781624
50.38331318000084,-0.16572701952991387
50.39164651000084,-0.2161624870162593
50.39997984000084,-0.2370697743451744
50.40831317000084,-0.23386277825632454
50.41664650000084,-0.2122530493064147
50.42497983000084,-0.17728677134034362
50.433313160000836,-0.1330190871807199
50.44164649000084,-0.08236619425258618
50.44997982000084,-0.027280910412245892
50.45831315000084,0.031020592543322133
50.46664648000084,0.09195857029184838
50.47497981000084,0.15531288639646856
50.48331314000084,0.22107074364751458
50.49164647000084,0.2893656119770974
50.499979800000844,0.3603529117803829
50.50831313000084,0.4339987082702613
50.51664646000084,0.5099346333999195
50.52497979000084,0.5872944679589029
50.53331312000084,0.6646820778780589
50.54164645000084,0.7401573670233903
50.54997978000084,0.810992647119131
50.55831311000084,0.8738583710194497
50.56664644000084,0.9248233413824826
50.574979770000844,0.9596594240944372
50.583313100000844,0.974133321164856
50.59164643000084,0.9644015816587321
50.59997976000084,0.9275678339319138
50.60831309000084,0.8620786028222928
50.61664642000084,0.7679617465218787
50.62497975000084,0.6470340804592073
50.633313080000846,0.5027363233276537
50.641646410000845,0.33982719725421673
50.649979740000845,0.16404745700094908
50.658313070000844,-0.018391152434738198
50.66664640000084,-0.20114242003018817
50.67497973000084,-0.37796449084817646
50.68331306000084,-0.5427782991083485
50.69164639000084,-0.689776795936851
50.69997972000084,-0.8129970503475629
50.70831305000085,-0.9062366076962539
50.716646380000846,-0.9631479456071129
50.724979710000845,-0.977991461498404
50.733313040000844,-0.9473318422382989
50.74164637000084,-0.8720375930269644
50.74997970000084,-0.7587067048989599
50.75831303000084,-0.6194984154113341
50.76664636000085,-0.46998869391430964
50.77497969000085,-0.32569186070132516
50.78331302000085,-0.1988793720239906
50.791646350000846,-0.09647076937653647
50.799979680000845,-0.02001785610356345
50.808313010000845,0.03283324288035244
50.816646340000844,0.06641554486779423
50.82497967000084,0.08534778699262147
50.83331300000084,0.09369597502878343
50.84164633000085,0.0944454665967486
50.84997966000085,0.08946643393354145
50.85831299000085,0.07966059005354538
50.86664632000085,0.0651404036167542
50.874979650000846,0.045412198835236596
50.883312980000845,0.01958133045798232
50.891646310000844,-0.013404005243731322
50.89997964000085,-0.05451086516262779
50.90831297000085,-0.10448578707931702
50.91664630000085,-0.16370602449070612
50.92497963000085,-0.23188468774592283
50.93331296000085,-0.30793404009035513
50.94164629000085,-0.38979794670397205
50.949979620000846,-0.47443887353570247
50.958312950000845,-0.5579388328585948
50.966646280000845,-0.6355776088962766
50.97497961000085,-0.7020897931342259
50.98331294000085,-0.7521715534099196
50.99164627000085,-0.7807866440284152
50.99997960000085,-0.7836769781870618
51.00831293000085,-0.7577822569530213
51.01664626000085,-0.7017714459486828
51.02497959000085,-0.6161293688744752
51.03331292000085,-0.5030521329296019
51.04164625000085,-0.3662255647280472
51.04997958000085,-0.21064391369747956
51.05831291000085,-0.04191008420985768
51.06664624000085,0.13394747225347048
51.07497957000085,0.3107126041544698
51.08331290000085,0.48235216626640803
51.09164623000085,0.643085209866096
51.09997956000085,0.7873019443743283
51.10831289000085,0.9096289462428071
51.11664622000085,1.0048095070332685
51.12497955000085,1.0676957738269701
51.13331288000085,1.0937158862878655
51.14164621000085,1.0796473450909567
51.14997954000085,1.0248627471646639
51.15831287000085,0.9328010605145224
51.166646200000855,0.8113603226994545
51.174979530000854,0.6720575611840275
51.183312860000854,0.5275656980459951
51.19164619000085,0.38908831162081264
51.19997952000085,0.26416857587193515
51.20831285000085,0.1561786640518208
51.21664618000085,0.0650005964631735
51.22497951000085,-0.011483540428123487
51.23331284000085,-0.07598272025655585
51.241646170000855,-0.13092724869946293
51.249979500000855,-0.17799881335103543
51.258312830000854,-0.21792622681900653
51.26664616000085,-0.25057792798445006
51.27497949000085,-0.2751770357956125
51.28331282000085,-0.29030078028017237
51.29164615000085,-0.29413663032003073
51.29997948000086,-0.2848595338132595
51.30831281000086,-0.26093897186399617
51.316646140000856,-0.22137414360587573
51.324979470000855,-0.16592377794113874
51.333312800000854,-0.09537280043644371
51.34164613000085,-0.011672503240174948
51.34997946000085,0.08201787281912577
51.35831279000085,0.181418882912908
51.36664612000085,0.28133532235756986
51.37497945000086,0.37582087242036993
51.38331278000086,0.4587492664716979
51.391646110000856,0.5242195309461324
51.399979440000855,0.5669207241213929
51.408312770000855,0.5829175523249465
51.416646100000854,0.5698215062343005
51.42497943000085,0.527101795690354
51.43331276000086,0.4560451237131759
51.44164609000086,0.3594619308272949
51.44997942000086,0.24126072399063891
51.45831275000086,0.10613019367408502
51.46664608000086,-0.04083569821002471
51.474979410000856,-0.19440721855955562
51.483312740000855,-0.3494061305264665
51.491646070000854,-0.5006974188232558
51.49997940000085,-0.6433481237884429
51.50831273000086,-0.7726944201332976
51.51664606000086,-0.8842950194654446
51.52497939000086,-0.973928819340992
51.53331272000086,-1.0376786792120052
51.54164605000086,-1.0719490323520098
51.549979380000856,-1.07361111125763
51.558312710000855,-1.04090519461419
51.56664604000086,-0.9740758754434174
51.57497937000086,-0.8764229460361905
51.58331270000086,-0.7542607505255347
51.59164603000086,-0.6162215060621695
51.59997936000086,-0.4713263415814179
51.60831269000086,-0.3274071512719001
51.61664602000086,-0.18992312124166325
51.62497935000086,-0.06175851668042804
51.633312680000856,0.05611191184945943
51.64164601000086,0.16377896834533986
51.64997934000086,0.26160220600415557
51.65831267000086,0.3497538961167974
51.66664600000086,0.42789448083415904
51.67497933000086,0.4949948403496198
51.68331266000086,0.5494269203656489
51.69164599000086,0.5891834652723897
51.699979320000864,0.6120162410071203
51.70831265000086,0.6157044365179444
51.71664598000086,0.5984909647263037
51.72497931000086,0.5594404080876418
51.73331264000086,0.49879212373686527
51.74164597000086,0.4181740016330296
51.74997930000086,0.32058331766450626
51.75831263000086,0.21044806039057715
51.76664596000086,0.09333984249736495
51.774979290000864,-0.02445002737460072
51.78331262000086,-0.13621985908720252
51.79164595000086,-0.23543060722521478
51.79997928000086,-0.316122629914115
51.80831261000086,-0.3735296998720246
51.81664594000086,-0.4045368267276227
51.82497927000086,-0.4077873959359425
51.833312600000866,-0.3836636606267001
51.841645930000865,-0.33410165569427025
51.849979260000865,-0.26226199023341085
51.858312590000864,-0.17199008382738235
51.86664592000086,-0.06734802935943779
51.87497925000086,0.047373900629639656
51.88331258000086,0.1680310585049974
51.89164591000086,0.290593093209049
51.89997924000086,0.4113546518199203
51.90831257000087,0.5268449314063851
51.916645900000866,0.6338393042898443
51.924979230000865,0.7292584317312396
51.933312560000864,0.810085750696671
51.94164589000086,0.8734574760936407
51.94997922000086,0.9163230240013084
51.95831255000086,0.9355558589604159
51.96664588000087,0.9281126544836604
51.97497921000087,0.8914828224594438
51.98331254000087,0.8245574899095204
51.991645870000866,0.7284127600735691
51.999979200000865,0.6067375470768037
52.008312530000865,0.4657000100507035
52.016645860000864,0.3126237809739636
52.02497919000086,0.1546813074111205
52.03331252000086,-0.0020019970042554785
52.04164585000087,-0.15295628784650006
52.04997918000087,-0.29509531253231785
52.05831251000087,-0.42637918661390767
52.06664584000087,-0.5452685387862033
52.074979170000866,-0.6503593447011957
52.083312500000865,-0.7399569279384026
52.091645830000864,-0.8120096100287918
52.09997916000087,-0.8643047779015472
52.10831249000087,-0.8945248568957289
52.11664582000087,-0.900569437801134
52.12497915000087,-0.8808755435011626
52.13331248000087,-0.8349221501347762
52.14164581000087,-0.7636172037459823
52.149979140000866,-0.6694484131577597
52.158312470000865,-0.556426873655894
52.166645800000865,-0.4299265925684853
52.17497913000087,-0.29633782681006443
52.18331246000087,-0.16255194168954532
52.19164579000087,-0.035516776616588086
52.19997912000087,0.07839315319457313
52.20831245000087,0.17375284104995872
52.21664578000087,0.24664051301975093
52.22497911000087,0.294844377886564
52.23331244000087,0.3179035614141618
52.24164577000087,0.31697059806424166
52.24997910000087,0.29440785734473945
52.25831243000087,0.2532245194883832
52.26664576000087,0.19684868075154688
52.27497909000087,0.12862244275513887
52.28331242000087,0.051616861582061135
52.29164575000087,-0.03126346936618385
52.29997908000087,-0.1175361701098661
52.30831241000087,-0.20496337089399466
52.31664574000087,-0.29159747699682553
52.32497907000087,-0.3757354911023754
52.33331240000087,-0.45573667193018413
52.34164573000087,-0.529806994567011
52.34997906000087,-0.5958308477248435
52.35831239000087,-0.6509994430853809
52.366645720000875,-0.6917773372779121
52.374979050000874,-0.7136811353962184
52.38331238000087,-0.7116401306846701
52.39164571000087,-0.6809369806412646
52.39997904000087,-0.6183510751019381
52.40831237000087,-0.5234340366449931
52.41664570000087,-0.39905426030924623
52.42497903000087,-0.2512834155449871
52.43331236000087,-0.08812542585508958
52.441645690000875,0.08202292937501693
52.449979020000875,0.25164367048808145
52.458312350000874,0.41460154456628906
52.46664568000087,0.5662534483019763
52.47497901000087,0.7033599610902325
52.48331234000087,0.8233622928226686
52.49164567000087,0.9240100042556052
52.49997900000088,1.0032050622069384
52.50831233000088,1.0587128376887813
52.516645660000876,1.0884340178708547
52.524978990000875,1.0905889506090571
52.533312320000874,1.0640900563421127
52.54164565000087,1.0089478266349243
52.54997898000087,0.9265683910821078
52.55831231000087,0.8200095131018202
52.56664564000087,0.6940104206073329
52.57497897000088,0.5544489458459729
52.58331230000088,0.40809129320105236
52.591645630000876,0.26188699008534244
52.599978960000875,0.12261209063539932
52.608312290000875,-0.0039375426156804255
52.616645620000874,-0.11308538838163137
52.62497895000087,-0.20179879799885567
52.63331228000088,-0.2687258799856538
52.64164561000088,-0.31405117656321113
52.64997894000088,-0.33906007851736364
52.65831227000088,-0.34591749445596703
52.66664560000088,-0.33723040251691466
52.674978930000876,-0.31559549630252526
52.683312260000875,-0.2834937977827431
52.691645590000874,-0.2430480182932455
52.69997892000087,-0.19587251697524358
52.70831225000088,-0.14318069242714224
52.71664558000088,-0.08572253223161508
52.72497891000088,-0.023954756503036558
52.73331224000088,0.0418619378008687
52.74164557000088,0.11140567912109299
52.749978900000876,0.18394975484327272
52.758312230000875,0.25795809455175067
52.76664556000088,0.33073870287400214
52.77497889000088,0.3980573759365193
52.78331222000088,0.45395574503995817
52.79164555000088,0.4911462275994774
52.79997888000088,0.5019396928720191
52.80831221000088,0.4796755277432736
52.81664554000088,0.4205141668293311
52.824978870000876,0.32463291613397277
52.833312200000876,0.19650636241085148
52.84164553000088,0.04406409845188123
52.84997886000088,-0.1230626106144731
52.85831219000088,-0.2952002659865667
52.86664552000088,-0.4637983541500458
52.87497885000088,-0.6220014003602277
52.88331218000088,-0.7647534447683594
52.89164551000088,-0.8884580151344852
52.899978840000884,-0.9905419165683769
52.90831217000088,-1.0689045050298456
52.91664550000088,-1.1217667240529317
52.92497883000088,-1.1474454547336237
52.93331216000088,-1.1445430803984107
52.94164549000088,-1.112330226448485
52.94997882000088,-1.0511540072551142
52.95831215000088,-0.962762681726357
52.96664548000088,-0.8503823364884017
52.974978810000884,-0.7185792509569806
52.98331214000088,-0.57326797306056
52.99164547000088,-0.42086999758644794
52.99997880000088,-0.26803446103428213
53.00831213000088,-0.12089873878281918
53.01664546000088,0.015376981997633824
53.02497879000088,0.1369407875297942
53.033312120000886,0.24129323671734162
53.041645450000885,0.3274215616693791
53.049978780000885,0.39547624698329775
53.058312110000884,0.4465327055506806
53.06664544000088,0.4821139021777356
53.07497877000088,0.5039400692724438
53.08331210000088,0.5137725220747881
53.09164543000088,0.5130488784483329
53.09997876000088,0.5028296477325892
53.10831209000089,0.48375897737564794
53.116645420000886,0.45600414897997227
53.124978750000885,0.4191757802639419
53.133312080000884,0.3727193375560164
53.14164541000088,0.3158513394865267
53.14997874000088,0.2479766528708136
53.15831207000088,0.1690726532684198
53.16664540000089,0.08039476664544053
53.17497873000089,-0.015174183270768034
53.18331206000089,-0.11262708695721262
53.191645390000886,-0.2047132065440793
53.199978720000885,-0.28238902908465446
53.208312050000885,-0.33584454420069404
53.216645380000884,-0.35612909241110524
53.22497871000088,-0.3371658098652524
53.23331204000088,-0.2773067953314624
53.24164537000089,-0.1797877535637113
53.24997870000089,-0.05199210475174461
53.25831203000089,0.09628102616527442
53.26664536000089,0.25465255669505554
53.274978690000886,0.4135237342714995
53.283312020000885,0.5648414402620803
53.291645350000884,0.7023941641355775
53.29997868000089,0.8217266395543418
53.30831201000089,0.919726074930842
53.31664534000089,0.9942914796264903
53.32497867000089,1.04385468934105
53.33331200000089,1.0671092940509768
53.34164533000089,1.0630907550109239
53.349978660000886,1.031346435669865
53.358311990000885,0.9721740525556964
53.366645320000885,0.8870064762680778
53.37497865000089,0.7786315817813696
53.38331198000089,0.6511381084843807
53.39164531000089,0.509503281605393
53.39997864000089,0.35949538169885287
53.40831197000089,0.20700517317345726
53.41664530000089,0.05752670604701074
53.424978630000886,-0.08433164001210947
53.43331196000089,-0.21500937680418195
53.44164529000089,-0.33220036591803115
53.44997862000089,-0.4346866034334295
53.45831195000089,-0.5223074250347842
53.46664528000089,-0.5953839010077
53.47497861000089,-0.6545684655331433
53.48331194000089,-0.7007347445084362
53.49164527000089,-0.7346232128908333
53.49997860000089,-0.7567447409251677
53.50831193000089,-0.7672802054336525
53.51664526000089,-0.7660042380723006
53.52497859000089,-0.7523446434265408
53.53331192000089,-0.7253331452038025
53.54164525000089,-0.6837400153507124
53.54997858000089,-0.6262115527099877
53.55831191000089,-0.5517907180919105
53.566645240000895,-0.46018778161233803
53.574978570000894,-0.3525979573494277
53.58331190000089,-0.2321334318608145
53.59164523000089,-0.10436801692258903
53.59997856000089,0.022569259842325544
53.60831189000089,0.1384740240835686
53.61664522000089,0.23218747818054372
53.62497855000089,0.293479688395387
53.63331188000089,0.31500128536083954
53.641645210000895,0.2940190869162262
53.649978540000895,0.2328126216335449
53.658311870000894,0.13797216683864486
53.66664520000089,0.018707660702437758
53.67497853000089,-0.11482373346079326
53.68331186000089,-0.25303096244287554
53.69164519000089,-0.3877120910727089
53.6999785200009,-0.512339021625498
53.7083118500009,-0.6220957420226924
53.716645180000896,-0.7137269145170834
53.724978510000895,-0.7851400838229972
53.733311840000894,-0.8348290863461816
53.74164517000089,-0.8616890326213683
53.74997850000089,-0.8648787583930212
53.75831183000089,-0.8437530596240139
53.76664516000089,-0.7980700387915453
53.7749784900009,-0.7282939950768913
53.7833118200009,-0.6358809888756833
53.791645150000896,-0.5234814861672654
53.799978480000895,-0.39504426387612795
53.808311810000895,-0.2553513263242802
53.816645140000894,-0.10956099038973442
53.82497847000089,0.037278680337384414
53.8333118000009,0.18060917444209598
53.8416451300009,0.3167526967730073
53.8499784600009,0.44295203072688927
53.8583117900009,0.5573966236615572
53.866645120000896,0.6589374654275282
53.874978450000896,0.747029389213874
53.883311780000895,0.8214962408830724
53.891645110000894,0.8823856650528051
53.89997844000089,0.9297296018556171
53.9083117700009,0.9634238917885282
53.9166451000009,0.9831271777031718
53.9249784300009,0.9882065621005471
53.9333117600009,0.977738220582858
53.9416450900009,0.9504067258859205
53.949978420000896,0.9047135959404665
53.958311750000895,0.839318737368053
53.9666450800009,0.753235251906539
53.9749784100009,0.6463009878315223
53.9833117400009,0.5198160109801968
53.9916450700009,0.3771565025953501
53.9999784000009,0.22405575110958925
54.0083117300009,0.0688702306949718
54.0166450600009,-0.07795687637440847
54.024978390000896,-0.20504419687438113
54.033311720000896,-0.3016761229194308
54.0416450500009,-0.3598644724609776
54.0499783800009,-0.37605954701947353
54.0583117100009,-0.35183486322878005
54.0666450400009,-0.292972397665861
54.0749783700009,-0.20767773320360755
54.0833117000009,-0.10496533643450519
54.0916450300009,0.006474299158381329
54.099978360000904,0.11916930294745234
54.1083116900009,0.2272145656753181
54.1166450200009,0.32618497078136094
54.1249783500009,0.4130147243911698
54.1333116800009,0.4855475791113054
54.1416450100009,0.542180523824844
54.1499783400009,0.5816293109094899
54.1583116700009,0.602594917328301
54.1666450000009,0.6036001031631684
54.174978330000904,0.5831783973475771
54.1833116600009,0.5402858768598715
54.1916449900009,0.4747618118381418
54.1999783200009,0.3877041554158115
54.2083116500009,0.28159127064364936
54.2166449800009,0.16006771970624473
54.2249783100009,0.027763317776606712
54.233311640000906,-0.110364888335311
54.241644970000905,-0.2495009840983122
54.249978300000905,-0.38535290135547673
54.258311630000904,-0.514399260732342
54.2666449600009,-0.6338686654442378
54.2749782900009,-0.7416541085115786
54.2833116200009,-0.8363969633254434
54.2916449500009,-0.9171996100703524
54.2999782800009,-0.9835142502213867
54.30831161000091,-1.0348666129345307
54.316644940000906,-1.0707600193349749
54.324978270000905,-1.0905914801609577
54.333311600000904,-1.0936029107732967
54.3416449300009,-1.0788769725658474
54.3499782600009,-1.0452381851582484
54.3583115900009,-0.991396080628686
54.36664492000091,-0.9161704495934025
54.37497825000091,-0.8187950482428109
54.38331158000091,-0.6994030887416609
54.391644910000906,-0.5593823097125772
54.399978240000905,-0.40205356551044774
54.408311570000905,-0.23299606079267066
54.416644900000904,-0.06010625021802205
54.4249782300009,0.10674287487945543
54.4333115600009,0.25664269352482644
54.44164489000091,0.3791687897292853
54.44997822000091,0.46627728524070955
54.45831155000091,0.5140710233933921
54.466644880000906,0.5232049747318674
54.474978210000906,0.49823226032796
54.483311540000905,0.44610862084557706
54.491644870000904,0.3744376828608241
54.49997820000091,0.29031997961736233
54.50831153000091,0.19995178118444146
54.51664486000091,0.10807214341796119
54.52497819000091,0.018189714753815135
54.53331152000091,-0.0671362891564727
54.54164485000091,-0.1459640116360211
54.549978180000906,-0.21663884335704
54.558311510000905,-0.277338381205462
54.566644840000905,-0.3257277057343738
54.57497817000091,-0.3589460020978606
54.58331150000091,-0.3738378268293063
54.59164483000091,-0.3674624688234246
54.59997816000091,-0.337745800706818
54.60831149000091,-0.2839172056153087
54.61664482000091,-0.20691056107356742
54.624978150000906,-0.10954804746436157
54.63331148000091,0.0038443240959284797
54.64164481000091,0.12804796807342672
54.64997814000091,0.25763809288667283
54.65831147000091,0.38749910497613316
54.66664480000091,0.5131562288635091
54.67497813000091,0.6308861749274355
54.68331146000091,0.7378196601714172
54.69164479000091,0.8319151226779179
54.69997812000091,0.9117479989982306
54.70831145000091,0.976423056810184
54.71664478000091,1.0252039575075715
54.72497811000091,1.0574450195504284
54.73331144000091,1.0725748030331954
54.74164477000091,1.0699741685989343
54.74997810000091,1.0489002052388712
54.75831143000091,1.0084096111907928
54.766644760000915,0.9475396767654224
54.774978090000914,0.8655601098796439
54.78331142000091,0.7619763513518903
54.79164475000091,0.6371684885099075
54.79997808000091,0.4926078583211385
54.80831141000091,0.33130989683046885
54.81664474000091,0.15825297096437138
54.82497807000091,-0.019524825096600584
54.83331140000091,-0.19322093079328262
54.841644730000915,-0.35305886561675837
54.849978060000915,-0.48955253071073596
54.858311390000914,-0.5951821119197291
54.86664472000091,-0.665736877788407
54.87497805000091,-0.7009119488324481
54.88331138000091,-0.7038462004095161
54.89164471000091,-0.6798351016796172
54.89997804000092,-0.634956849381605
54.908311370000916,-0.5747988175317534
54.916644700000916,-0.5039207197444072
54.924978030000915,-0.4255892521995241
54.933311360000914,-0.34210990417441556
54.94164469000091,-0.25510408657361827
54.94997802000091,-0.16598348445410024
54.95831135000091,-0.07645364541633035
54.96664468000091,0.011061791477086616
54.97497801000092,0.0930385850895415
54.98331134000092,0.16488638770732297
54.991644670000916,0.22152788177626712
54.999978000000915,0.25783633471266293
55.008311330000915,0.26933147178982947
55.016644660000914,0.25329421518489476
55.02497799000091,0.20944410379313416
55.03331132000092,0.14003499612006037
55.04164465000092,0.04936823165653718
55.04997798000092,-0.056843822946205616
55.05831131000092,-0.17240569232571906
55.066644640000916,-0.29135347994040983
55.074977970000916,-0.4084027912646885
55.083311300000915,-0.5191421311778448
55.091644630000914,-0.6201508034100038
55.09997796000091,-0.7089410555588636
55.10831129000092,-0.7837903190848239
55.11664462000092,-0.8436303028701427
55.12497795000092,-0.8877222975861856
55.13331128000092,-0.915464848427864
55.14164461000092,-0.9264238596631322
55.149977940000916,-0.9201837583431103
55.158311270000915,-0.8962603262068186
55.16664460000092,-0.8540438306601743
55.17497793000092,-0.7928751700517951
55.18331126000092,-0.7123262823124171
55.19164459000092,-0.6122045384546894
55.19997792000092,-0.4928592848055146
55.20831125000092,-0.35562630767609094
55.21664458000092,-0.20309221245920248
55.224977910000916,-0.039318854082782975
55.233311240000916,0.12988530685081748
55.24164457000092,0.2972090894654072
55.24997790000092,0.4544303097685152
55.25831123000092,0.5933783384435243
55.26664456000092,0.7072606867073928
55.27497789000092,0.7916508666897943
55.28331122000092,0.8451613266271821
55.29164455000092,0.8692669832089938
55.299977880000924,0.8674474109923537
55.30831121000092,0.8438933257831391
55.31664454000092,0.8027531023165407
55.32497787000092,0.7472012489818906
55.33331120000092,0.6792285435540865
55.34164453000092,0.5998641081774867
55.34997786000092,0.5095942308992535
55.35831119000092,0.4090024224772449
55.36664452000092,0.2995866728300958
55.374977850000924,0.18419628854771924
55.38331118000092,0.06739487239455211
55.39164451000092,-0.04457436232761531
55.39997784000092,-0.14447129235043052
55.40831117000092,-0.22462392658531338
55.41664450000092,-0.27846651449231014
55.42497783000092,-0.30138078820372
55.433311160000926,-0.29184115432132285
55.441644490000925,-0.2516389006461631
55.449977820000925,-0.18529829998379846
55.458311150000924,-0.09910069860699731
55.46664448000092,1.2086170371738423e-05
55.47497781000092,0.10535841582602898
55.48331114000092,0.2111093887832061
55.49164447000092,0.3124840887369739
55.49997780000092,0.40574818449045036
55.508311130000926,0.48818621183665306
55.516644460000926,0.5580025937118765
55.524977790000925,0.6140680302716229
55.533311120000924,0.6557788868139691
55.54164445000092,0.6826673821188518
55.54997778000092,0.6943846946515426
55.55831111000092,0.6906559929092573
55.56664444000093,0.671217075257083
55.57497777000093,0.6357905173999183
55.58331110000093,0.5839899308980998
55.591644430000926,0.5154422026918946
55.599977760000925,0.42999110291376164
55.608311090000925,0.32788422721526395
55.616644420000924,0.20996719488232146
55.62497775000092,0.07817521525662531
55.63331108000092,-0.06438810904850398
55.64164441000093,-0.2133101587743628
55.64997774000093,-0.36291954161170964
55.65831107000093,-0.5066707810499841
55.666644400000926,-0.637818141825064
55.674977730000926,-0.7503974146592989
55.683311060000925,-0.839953736236176
55.691644390000924,-0.9041788445832603
55.69997772000093,-0.9428788132162822
55.70831105000093,-0.9575429989376896
55.71664438000093,-0.9506182236288598
55.72497771000093,-0.9245246478741629
55.73331104000093,-0.8810820379179984
55.74164437000093,-0.8212513821734347
55.749977700000926,-0.7451880280308288
55.758311030000925,-0.6526389678508135
55.766644360000925,-0.5433888288385734
55.77497769000093,-0.418260541201211
55.78331102000093,-0.28001445087429394
55.79164435000093,-0.13369917443565146
55.79997768000093,0.013255652934178186
55.80831101000093,0.15157179598599474
55.81664434000093,0.2714466605487026
55.824977670000926,0.36390432590906957
55.83331100000093,0.42267329405819526
55.84164433000093,0.44509507033575474
55.84997766000093,0.43248901553146096
55.85831099000093,0.3896339374765098
55.86664432000093,0.3232937793329977
55.87497765000093,0.24090080761539698
55.88331098000093,0.14954182383306042
55.89164431000093,0.05537135517326601
55.89997764000093,-0.03669313379912556
55.90831097000093,-0.1229703959871279
55.91664430000093,-0.20081349376006896
55.92497763000093,-0.26849716168824844
55.93331096000093,-0.3250048643542521
55.94164429000093,-0.36979523307075746
55.94997762000093,-0.4026056117640642
55.95831095000093,-0.4232208428125564
55.966644280000935,-0.4314391617723521
55.974977610000934,-0.42700812310371933
55.98331094000093,-0.40959725263331787
55.99164427000093,-0.37872149934312593
55.99997760000093,-0.33375621267834177
56.00831093000093,-0.27424711590021017
56.01664426000093,-0.20004876022213966
56.02497759000093,-0.11130547926296924
56.03331092000093,-0.009053109654657847
56.041644250000935,0.10469474718566284
56.049977580000935,0.22683704259801027
56.058310910000934,0.35315486506068783
56.06664424000093,0.47850447918419636
56.07497757000093,0.5972312741804703
56.08331090000093,0.703932442139097
56.09164423000093,0.7939846230470952
56.09997756000094,0.864138084201889
56.108310890000936,0.912641561884522
56.116644220000936,0.9391100915079887
56.124977550000935,0.9441694691797214
56.133310880000934,0.9289405616062378
56.14164421000093,0.894478969240976
56.14997754000093,0.8413307243796094
56.15831087000093,0.7693751997586373
56.16664420000093,0.6780149997567239
56.17497753000094,0.566489434760548
56.18331086000094,0.43499676711895235
56.191644190000936,0.2856017903436022
56.199977520000935,0.12286918564680609
56.208310850000935,-0.04571130404169534
56.216644180000934,-0.2102225537744162
56.22497751000093,-0.35936650389066505
56.23331084000094,-0.48242860740159904
56.24164417000094,-0.5712333125850746
56.24997750000094,-0.6217864726412792
56.25831083000094,-0.6347445742988218
56.266644160000936,-0.6144202180098942
56.274977490000936,-0.5674965090664372
56.283310820000935,-0.5014607846436059
56.291644150000934,-0.42342590141248837
56.29997748000093,-0.3394458933865598
56.30831081000094,-0.2542755024039512
56.31664414000094,-0.17138919453391602
56.32497747000094,-0.09328443184856801
56.33331080000094,-0.021629251130215812
56.34164413000094,0.042585145719645626
56.349977460000936,0.09886200138233746
56.358310790000935,0.14679340912246053
56.36664412000094,0.1859459534971036
56.37497745000094,0.21590034235480135
56.38331078000094,0.2361523996894924
56.39164411000094,0.24603763544943236
56.39997744000094,0.24465652711628658
56.40831077000094,0.23099306640406778
56.41664410000094,0.20411733393808076
56.424977430000936,0.16319116651004778
56.433310760000936,0.10761171945735963
56.44164409000094,0.037587574954844875
56.44997742000094,-0.04579357191960965
56.45831075000094,-0.1404471701823657
56.46664408000094,-0.24311307163487586
56.47497741000094,-0.3494908039712179
56.48331074000094,-0.4546247952915794
56.49164407000094,-0.5533991583445045
56.499977400000944,-0.6410340204063084
56.50831073000094,-0.7135306446182949
56.51664406000094,-0.7679819152775751
56.52497739000094,-0.8028407572370863
56.53331072000094,-0.8176308774988044
56.54164405000094,-0.8125748640466159
56.54997738000094,-0.7881040307400787
56.55831071000094,-0.7444735875712798
56.56664404000094,-0.6814208876900276
56.574977370000944,-0.5981553711924011
56.58331070000094,-0.49385038452381186
56.59164403000094,-0.3680464554027259
56.59997736000094,-0.2217409407161493
56.60831069000094,-0.05820062062520657
56.61664402000094,0.11620444460723685
56.62497735000094,0.2919154170668695
56.633310680000946,0.45723777174632774
56.641644010000945,0.6002182830263031
56.649977340000945,0.7109132990849594
56.658310670000944,0.7836037028184816
56.66664400000094,0.8175269071609899
56.67497733000094,0.8163334423836931
56.68331066000094,0.7862096888603021
56.69164399000094,0.7342189568438714
56.69997732000094,0.6671186216134863
56.708310650000946,0.5906291021470047
56.716643980000946,0.5091512954143645
56.724977310000945,0.4258570327926019
56.733310640000944,0.3429468295199933
56.74164397000094,0.26205673631986093
56.74997730000094,0.1842040177110537
56.75831063000094,0.11014954979671153
56.76664396000095,0.04055904902418079
56.77497729000095,-0.023869893625351916
56.78331062000095,-0.0822914675143995
56.791643950000946,-0.13366314458510253
56.799977280000945,-0.1766779580519178
56.808310610000945,-0.20973810238634036
56.816643940000944,-0.2311385013244515
56.82497727000094,-0.23919234173141074
56.83331060000094,-0.23222943516095848
56.84164393000095,-0.2089905229487396
56.84997726000095,-0.16899074233101383
56.85831059000095,-0.11265108228829644
56.866643920000946,-0.04149142886124634
56.874977250000946,0.04167153577035333
56.883310580000945,0.13287804968750738
56.891643910000944,0.22748293491748817
56.89997724000095,0.3204284013416011
56.90831057000095,0.4067547323879795
56.91664390000095,0.4820165962135943
56.92497723000095,0.5427293520328219
56.93331056000095,0.5864513344270794
56.94164389000095,0.6117970141671374
56.949977220000946,0.6183125374762807
56.958310550000945,0.6060583765572282
56.966643880000944,0.5752085077473607
56.97497721000095,0.5257866205457994
56.98331054000095,0.45751437089364194
56.99164387000095,0.3695725259421584
56.99997720000095,0.2612646891586807
57.00831053000095,0.1325767037804039
57.01664386000095,-0.014791329622069077
57.024977190000946,-0.17657585546428853
57.03331052000095,-0.3452170364313655
57.04164385000095,-0.5102235707650649
57.04997718000095,-0.659628635648486
57.05831051000095,-0.7824738993204353
57.06664384000095,-0.8710753188206517
57.07497717000095,-0.9226185342485799
57.08331050000095,-0.9388196805610726
57.09164383000095,-0.9245534043280462
57.09997716000095,-0.8860123518340385
57.10831049000095,-0.8291339072333443
57.11664382000095,-0.7589853466042483
57.12497715000095,-0.6794911364230316
57.13331048000095,-0.5934411179579391
57.14164381000095,-0.5028694221119101
57.14997714000095,-0.4093349638363433
57.15831047000095,-0.31407812846003336
57.166643800000955,-0.21827665763024942
57.174977130000954,-0.12304869763562219
57.18331046000095,-0.029712772836059692
57.19164379000095,0.06007541548190639
57.19997712000095,0.14431559508555986
57.20831045000095,0.22075557425190354
57.21664378000095,0.2870268464115926
57.22497711000095,0.3406774847069721
57.23331044000095,0.3791690204535416
57.241643770000955,0.40027663877293596
57.249977100000955,0.40235778509859393
57.258310430000954,0.3845186280827416
57.26664376000095,0.34708641827224485
57.27497709000095,0.29167183098232874
57.28331042000095,0.2211042175475326
57.29164375000095,0.13934799221161828
57.29997708000096,0.05104176712689609
57.308310410000956,-0.03883200778544432
57.316643740000956,-0.1253147689112075
57.324977070000955,-0.20401668979707438
57.333310400000954,-0.2713225737721754
57.34164373000095,-0.3246901970929432
57.34997706000095,-0.36250665111025554
57.35831039000095,-0.3839821852606592
57.36664372000095,-0.388934113617583
57.37497705000096,-0.37744905744457063
57.38331038000096,-0.3495232821952602
57.391643710000956,-0.30480897570044246
57.399977040000955,-0.24270845547149048
57.408310370000954,-0.16228184052240785
57.416643700000954,-0.06275554996752489
57.42497703000095,0.05578133494785359
57.43331036000096,0.19132356883124016
57.44164369000096,0.33897160552149846
57.44997702000096,0.49055114859402216
57.45831035000096,0.6353854783770744
57.466643680000956,0.7620850325238985
57.474977010000956,0.8611447092236773
57.483310340000955,0.9270004047397841
57.491643670000954,0.9587673983742562
57.49997700000095,0.9591592141071901
57.50831033000096,0.9329684638729215
57.51664366000096,0.8853538920893267
57.52497699000096,0.8208072717419576
57.53331032000096,0.742924984706137
57.54164365000096,0.6542534275407104
57.549976980000956,0.5567048138825053
57.558310310000955,0.4518437682490501
57.56664364000096,0.34117197005199273
57.57497697000096,0.22616448463822927
57.58331030000096,0.10852234627027364
57.59164363000096,-0.00966241848158473
57.59997696000096,-0.12589890982051363
57.60831029000096,-0.23744451714355835
57.61664362000096,-0.3412864582008316
57.624976950000956,-0.43415679842063076
57.633310280000956,-0.5126340896608964
57.64164361000096,-0.5735760525529563
57.64997694000096,-0.6143352978988142
57.65831027000096,-0.6329959646539947
57.66664360000096,-0.628773700880747
57.67497693000096,-0.6022312121028954
57.68331026000096,-0.5552827417575341
57.69164359000096,-0.4910692438137231
57.699976920000964,-0.413545431125845
57.70831025000096,-0.32730417282328095
57.71664358000096,-0.23722577548745347
57.72497691000096,-0.14784538096794392
57.73331024000096,-0.06331840843605706
57.74164357000096,0.012926473514019064
57.74997690000096,0.07830970411271553
57.75831023000096,0.13110394913998924
57.76664356000096,0.1703668739140895
57.774976890000964,0.19577499898538087
57.78331022000096,0.20737226623608465
57.79164355000096,0.20527272609647543
57.79997688000096,0.18936888727472864
57.80831021000096,0.15897748263887165
57.81664354000096,0.11307334425006098
57.82497687000096,0.050238571569050504
57.833310200000966,-0.03073581897185348
57.841643530000965,-0.1300297914390428
57.849976860000965,-0.245697629362935
57.858310190000964,-0.37262097527552185
57.86664352000096,-0.5025080719174235
57.87497685000096,-0.6249403129478451
57.88331018000096,-0.7293863164254892
57.89164351000096,-0.8075779441490939
57.89997684000096,-0.8552342384533529
57.908310170000966,-0.8721466293968628
57.916643500000966,-0.8608738965671868
57.924976830000965,-0.8253668745825593
57.933310160000964,-0.7695513205855732
57.94164349000096,-0.6967865661208104
57.94997682000096,-0.6095737986843326
57.95831015000096,-0.5097713349531953
57.96664348000097,-0.39910848976613383
57.97497681000097,-0.2791624299719766
57.98331014000097,-0.15173398762566548
57.991643470000966,-0.01909328363504917
57.999976800000965,0.11601337336752111
58.008310130000964,0.25046006484193273
58.016643460000964,0.38064252390349423
58.02497679000096,0.5024590990240351
58.03331012000096,0.611773167663847
58.04164345000097,0.7046964240367809
58.04997678000097,0.7776143905609761
58.05831011000097,0.8276774069099581
58.066643440000966,0.8531610417400229
58.074976770000966,0.8536544861850947
58.083310100000965,0.8301341129105626
58.091643430000964,0.7849120167857272
58.09997676000097,0.7214083190135501
58.10831009000097,0.6436261732547179
58.11664342000097,0.5559688557518275
58.12497675000097,0.46286363514320655
58.13331008000097,0.3685501472066724
58.14164341000097,0.27667779456875274
58.149976740000966,0.19020356582286932
58.158310070000965,0.11143486429005989
58.166643400000964,0.04194110002653782
58.17497673000097,-0.017397582838803327
58.18331006000097,-0.06615745148957027
58.19164339000097,-0.1041695142925442
58.19997672000097,-0.1313038721644559
58.20831005000097,-0.14721588956039192
58.21664338000097,-0.1511324740857218
58.224976710000966,-0.1416923987164471
58.23331004000097,-0.11703476071074759
58.24164337000097,-0.07492619551453981
58.24997670000097,-0.013471254741833522
58.25831003000097,0.06784344729005234
58.26664336000097,0.16688388039472962
58.27497669000097,0.2781349166852683
58.28331002000097,0.39270191835534357
58.29164335000097,0.49989275517110426
58.29997668000097,0.5895443652140242
58.30831001000097,0.6542152371142099
58.31664334000097,0.6903232005630063
58.32497667000097,0.6978301257372898
58.33331000000097,0.6791078222108993
58.34164333000097,0.6373625066781569
58.34997666000097,0.5758421150816787
58.35830999000097,0.4970966191050296
58.366643320000975,0.4031727254656947
58.374976650000974,0.2957364899452408
58.38330998000097,0.17647193064185865
58.39164331000097,0.047398114515176726
58.39997664000097,-0.08900201301524448
58.40830997000097,-0.22969446994369747
58.41664330000097,-0.3708890945703126
58.42497663000097,-0.5080938589859552
58.43330996000097,-0.6366628228639121
58.441643290000975,-0.7518762212124351
58.449976620000974,-0.8491529265531887
58.458309950000974,-0.924751702850779
58.46664328000097,-0.976042039681383
58.47497661000097,-1.0016106455853484
58.48330994000097,-1.0014384850676652
58.49164327000097,-0.9768422221446009
58.49997660000098,-0.9303784902158181
58.508309930000976,-0.8655004310561542
58.516643260000976,-0.7860505193155539
58.524976590000975,-0.6960754961011489
58.533309920000974,-0.5993964536419724
58.54164325000097,-0.4995761338058995
58.54997658000097,-0.3996704376076178
58.55830991000097,-0.3022745419929555
58.56664324000097,-0.20943552496452358
58.57497657000098,-0.12256677595814348
58.58330990000098,-0.042607719893128004
58.591643230000976,0.029814167695848864
58.599976560000975,0.09422103752496216
58.608309890000974,0.15012743277456736
58.616643220000974,0.1969585546185132
58.62497655000097,0.23362218243167512
58.63330988000098,0.2583315522350939
58.64164321000098,0.2686618886879216
58.64997654000098,0.2615768002517131
58.65830987000098,0.2339714098568865
58.666643200000976,0.18349787289692207
58.674976530000976,0.10993466722031675
58.683309860000975,0.016338085653311508
58.691643190000974,-0.0903283169560782
58.69997652000097,-0.19991352163875492
58.70830985000098,-0.30119592925852046
58.71664318000098,-0.38426497312227037
58.72497651000098,-0.44251574787531456
58.73330984000098,-0.4732318755092729
58.74164317000098,-0.47700577259693283
58.749976500000976,-0.4562064566367455
58.758309830000975,-0.41385212724341564
58.76664316000098,-0.352630079466001
58.77497649000098,-0.2746408992845294
58.78330982000098,-0.1817029086859284
58.79164315000098,-0.07536199386855537
58.79997648000098,0.04264785194996329
58.80830981000098,0.17004653335864853
58.81664314000098,0.3036611650458093
58.824976470000976,0.4394132266710085
58.833309800000976,0.5726692086321735
58.84164313000098,0.698300025176553
58.84997646000098,0.8109804129588533
58.85830979000098,0.9059495958661823
58.86664312000098,0.9792050898887799
58.87497645000098,1.027900066596281
58.88330978000098,1.0507685467608496
58.89164311000098,1.048158737268032
58.899976440000984,1.0216442275696698
58.90830977000098,0.9738099373273025
58.91664310000098,0.9079247089841138
58.92497643000098,0.827500217804356
58.93330976000098,0.7360755182086626
58.94164309000098,0.636952181994077
58.94997642000098,0.5331245655236015
58.95830975000098,0.42710056725729534
58.96664308000098,0.32103843722940906
58.974976410000984,0.21667609452209224
58.98330974000098,0.11528709524957542
58.99164307000098,0.017866266700132784
58.99997640000098,-0.07476489260540252
59.00830973000098,-0.16184391899410344
59.01664306000098,-0.24246029376688988
59.02497639000098,-0.3154518061700738
59.033309720000986,-0.37932663268422556
59.041643050000985,-0.4318423178744515
59.049976380000984,-0.47000045757340503
59.058309710000984,-0.49017905219169344
59.06664304000098,-0.4883435742484813
59.07497637000098,-0.4610386700132756
59.08330970000098,-0.4064528174907307
59.09164303000098,-0.3258518243540361
59.09997636000098,-0.22445842462525165
59.108309690000986,-0.11139456572229811
59.116643020000986,0.002007181969295617
59.124976350000985,0.10446485181187454
59.133309680000984,0.18701695858671205
59.14164301000098,0.2445173578368852
59.14997634000098,0.2756435478036485
59.15830967000098,0.2816640203211434
59.16664300000099,0.26527928115641464
59.17497633000099,0.2293214862293168
59.18330966000099,0.17603778386276367
59.191642990000986,0.10715959795438802
59.199976320000985,0.02409928672066326
59.208309650000984,-0.07173491296452991
59.216642980000984,-0.1784676595607201
59.22497631000098,-0.29346739193929294
59.23330964000098,-0.41325547651242095
59.24164297000099,-0.5333315494062684
59.24997630000099,-0.6483999005499329
59.25830963000099,-0.7529952678119234
59.266642960000986,-0.8419558864680112
59.274976290000986,-0.9109332495746886
59.283309620000985,-0.9570151522505402
59.291642950000984,-0.9788346994300964
59.29997628000099,-0.976508009826611
59.30830961000099,-0.9514745420625158
59.31664294000099,-0.9060727813160524
59.32497627000099,-0.843177099840152
59.33330960000099,-0.7657921064798837
59.34164293000099,-0.6768674375449348
59.349976260000986,-0.5791209893100586
59.358309590000985,-0.4750065943712422
59.366642920000984,-0.3665873522820441
59.37497625000099,-0.2556815485132224
59.38330958000099,-0.14386603813231158
59.39164291000099,-0.03244727759915287
59.39997624000099,0.07740444822442505
59.40830957000099,0.18454653242630292
59.41664290000099,0.28778319936709446
59.424976230000986,0.38578542109972863
59.43330956000099,0.4769857673966975
59.44164289000099,0.5593121027909405
59.44997622000099,0.6301155936417169
59.45830955000099,0.6859683490962382
59.46664288000099,0.7228331997902454
59.47497621000099,0.7363516181182509
59.48330954000099,0.7223970953748844
59.49164287000099,0.6783714297703646
59.49997620000099,0.6044941751284539
59.50830953000099,0.5047197124539957
59.51664286000099,0.3869191298646791
59.52497619000099,0.26173717200256974
59.53330952000099,0.1407309015062255
59.54164285000099,0.03394371168504994
59.54997618000099,-0.05167162687519406
59.55830951000099,-0.11291086831962456
59.566642840000995,-0.149683226739703
59.574976170000994,-0.1640346716197321
59.58330950000099,-0.1586625483690074
59.59164283000099,-0.13598804180289978
59.59997616000099,-0.09772704720631994
59.60830949000099,-0.045032489312686594
59.61664282000099,0.021243061424069863
59.62497615000099,0.10009311576383344
59.63330948000099,0.18989470262678762
59.641642810000995,0.28794025455866357
59.649976140000994,0.3902327131319378
59.658309470000994,0.49179842668461743
59.66664280000099,0.587072806644507
59.67497613000099,0.670568334007274
59.68330946000099,0.7375692918787874
59.69164279000099,0.7846752075431384
59.699976120001,0.8099472939380556
59.708309450000996,0.8131050924098414
59.716642780000996,0.79508552339299
59.724976110000995,0.7577003559039348
59.733309440000994,0.703346083580912
59.74164277000099,0.634478331634736
59.74997610000099,0.553498357817611
59.75830943000099,0.4626479675668313
59.76664276000099,0.3640269186348052
59.774976090001,0.25937563274894526
59.783309420001,0.15028183462588832
59.791642750000996,0.03821644393874902
59.799976080000995,-0.07545610969358338
59.808309410000994,-0.18946181070862983
59.816642740000994,-0.30249901034030485
59.82497607000099,-0.4130725806066147
59.833309400001,-0.5194023204489038
59.841642730001,-0.6194887353379174
59.849976060001,-0.7108389196197826
59.858309390001,-0.7904206448214613
59.866642720000996,-0.854541055781945
59.874976050000996,-0.8989286341975306
59.883309380000995,-0.9191219538863018
59.891642710000994,-0.9109606075373506
59.89997604000099,-0.8715158034178154
59.908309370001,-0.8002954947184652
59.916642700001,-0.7003048609741482
59.924976030001,-0.578140415238899
59.933309360001,-0.44334964787133263
59.941642690001,-0.3068050860328628
59.949976020000996,-0.1787889644407456
59.958309350000995,-0.0672546215085672
59.966642680001,0.02315822152132744
59.974976010001,0.09103467691404975
59.983309340001,0.13738381018681192
59.991642670001,0.1643927575154871
