t_s,experiment_z
0.0,-4.507798187979578
0.016689999999996985,-3.966189538754002
0.03337999999999397,-3.251492867020733
0.050069999999990955,-2.416410020128418
0.06675999999998794,-1.513863232556854
0.08344999999998493,-0.5887369849911671
0.10013999999998191,0.2745255865199248
0.1168299999999789,1.0500631258151256
0.13351999999997588,1.6612277713062982
0.15020999999997287,2.124664586061324
0.16689999999996985,2.432132853335969
0.18358999999996684,2.621542907153337
0.20027999999996382,2.6862519359774413
0.2169699999999608,2.6706951530935514
0.2336599999999578,2.569969634962368
0.2503499999999548,2.4095263969847642
0.26703999999995176,2.1926529545045432
0.28372999999994875,1.9520054594258456
0.30041999999994573,1.6850408925601665
0.3171099999999427,1.4136183998927572
0.3337999999999397,1.1617045218518853
0.3504899999999367,0.933548757126851
0.36717999999993367,0.7053709960361209
0.38386999999993066,0.5014720845090627
0.40055999999992764,0.299622492978054
0.4172499999999246,0.11939060689242245
0.4339399999999216,-0.0335150439634238
0.4506299999999186,-0.16396055806605656
0.4673199999999156,-0.3037774359745091
0.48400999999991257,-0.44243598220111385
0.5006999999999096,-0.586628262705757
0.5173899999999065,-0.7161646738520162
0.5340799999999035,-0.8054385234138277
0.5507699999999005,-0.8496437907916009
0.5674599999998975,-0.8666078009913307
0.5841499999998945,-0.8469282392132893
0.6008399999998915,-0.7992589803442376
0.6175299999998884,-0.7320259782402788
0.6342199999998854,-0.6377539963257541
0.6509099999998824,-0.5250568342451044
0.6675999999998794,-0.4334334289606402
0.6842899999998764,-0.39563231018491374
0.7009799999998734,-0.46946550884069765
0.7176699999998704,-0.6848345462543356
0.7343599999998673,-1.0321454892589945
0.7510499999998643,-1.4596154221721394
0.7677399999998613,-1.911017764197772
0.7844299999998583,-2.3168781815889288
0.8011199999998553,-2.6386946288453506
0.8178099999998523,-2.843284489233783
0.8344999999998493,-2.908872039573693
0.8511899999998462,-2.8332687049762484
0.8678799999998432,-2.6204946197687784
0.8845699999998402,-2.25634939957438
0.9012599999998372,-1.7572532774678462
0.9179499999998342,-1.14440869735673
0.9346399999998312,-0.42201417312573725
0.9513299999998281,0.38734826263788236
0.9680199999998251,1.249856344657433
0.9847099999998221,2.0620139108708617
1.001399999999819,2.7539622410387246
1.018089999999816,3.3383537073980794
1.034779999999813,3.801547910610978
1.05146999999981,4.10864290360114
1.068159999999807,4.241229564126661
1.084849999999804,4.125221652594316
1.101539999999801,3.8053298394282615
1.118229999999798,3.3439195285490926
1.134919999999795,2.781059601808939
1.151609999999792,2.1371396891927708
1.168299999999789,1.4381498766954974
1.184989999999786,0.7102464614335641
1.201679999999783,0.007332047734253941
1.21836999999978,-0.668533783488003
1.235059999999777,-1.275092542922558
1.2517499999997739,-1.7904222135666055
1.2684399999997709,-2.2211673476131075
1.2851299999997678,-2.5609335290744335
1.3018199999997648,-2.8111118494017524
1.3185099999997618,-2.9807864684797774
1.3351999999997588,-3.0632871947819327
1.3518899999997558,-3.0654975083750196
1.3685799999997528,-3.0336324838836526
1.3852699999997498,-2.9623028182858224
1.4019599999997467,-2.843380951994599
1.4186499999997437,-2.6886661579333917
1.4353399999997407,-2.4735392268411416
1.4520299999997377,-2.1963772316328787
1.4687199999997347,-1.8515519555569155
1.4854099999997317,-1.4212885470636796
1.5020999999997287,-0.9128145740418346
1.5187899999997256,-0.33240253574553147
1.5354799999997226,0.28091897014636147
1.5521699999997196,0.9113139790077208
1.5688599999997166,1.5077703073756912
1.5855499999997136,2.005365857329567
1.6022399999997106,2.337886423547336
1.6189299999997075,2.476459324009702
1.6356199999997045,2.3877825906265238
1.6523099999997015,2.1337365869561684
1.6689999999996985,1.7561286242171368
1.6856899999996955,1.3109543291584886
1.7023799999996925,0.8711418982426394
1.7190699999996895,0.4727065948681699
1.7357599999996864,0.12673178293921217
1.7524499999996834,-0.1393352645696802
1.7691399999996804,-0.31975374499063386
1.7858299999996774,-0.41850796412157854
1.8025199999996744,-0.42165310738441264
1.8192099999996714,-0.3318706538733536
1.8358999999996684,-0.1660324355045373
1.8525899999996653,0.06853880323233559
1.8692799999996623,0.35130786704338296
1.8859699999996593,0.6623439073203059
1.9026599999996563,0.9732555056120552
1.9193499999996533,1.2440240469587973
1.9360399999996503,1.4283269897666604
1.9527299999996472,1.499523904124628
1.9694199999996442,1.4365855218962535
1.9861099999996412,1.2352969456567886
2.002799999999638,0.901933809286609
2.019489999999635,0.45554288426851114
2.036179999999632,-0.0822877914782641
2.052869999999629,-0.6638493237402556
2.069559999999626,-1.2506174927464868
2.086249999999623,-1.8135335532324035
2.10293999999962,-2.318819809985315
2.119629999999617,-2.7205717025892353
2.136319999999614,-3.0194836075262494
2.153009999999611,-3.1863048762230295
2.169699999999608,-3.2325917904630224
2.186389999999605,-3.1714987398824652
2.203079999999602,-3.008408350654684
2.219769999999599,-2.742837956987347
2.236459999999596,-2.415680093782031
2.253149999999593,-2.028146143914518
2.26983999999959,-1.6267490113582301
2.286529999999587,-1.2065969771542708
2.303219999999584,-0.7869426436335867
2.319909999999581,-0.3606888089016408
2.336599999999578,0.07936846757184585
2.353289999999575,0.5470905190764646
2.369979999999572,1.0490356200053812
2.386669999999569,1.5863859318698927
2.403359999999566,2.144156112371805
2.420049999999563,2.69799315677164
2.43673999999956,3.217605234975232
2.453429999999557,3.67792653384428
2.470119999999554,4.041132379612687
2.4868099999995508,4.242055195899604
2.5034999999995478,4.243475217945492
2.5201899999995447,4.002128368341258
2.5368799999995417,3.529688897804296
2.5535699999995387,2.875369325723763
2.5702599999995357,2.094657285193738
2.5869499999995327,1.2588535888741226
2.6036399999995297,0.4114390690191146
2.6203299999995266,-0.4099401371963064
2.6370199999995236,-1.1646824998609626
2.6537099999995206,-1.8311084372323423
2.6703999999995176,-2.39759274355896
2.6870899999995146,-2.828535693639166
2.7037799999995116,-3.1279345678060895
2.7204699999995086,-3.3049523240278256
2.7371599999995055,-3.354479735947663
2.7538499999995025,-3.274887092247432
2.7705399999994995,-3.0884128399710287
2.7872299999994965,-2.788381790780284
2.8039199999994935,-2.404320191257392
2.8206099999994905,-1.9529289810131172
2.8372999999994875,-1.4444248415060206
2.8539899999994844,-0.9030304389048286
2.8706799999994814,-0.38726421943917017
2.8873699999994784,0.060334255373184605
2.9040599999994754,0.3763430769384556
2.9207499999994724,0.5317570630182137
2.9374399999994694,0.5393107621355049
2.9541299999994663,0.42592112190033277
2.9708199999994633,0.24230530024101418
2.9875099999994603,0.05179907961644058
3.0041999999994573,-0.11291783296257511
3.0208899999994543,-0.23214935540650625
3.0375799999994513,-0.27891972196737325
3.0542699999994483,-0.2567713115069217
3.0709599999994452,-0.17026158211180728
3.0876499999994422,-0.017403151193466516
3.104339999999439,0.1823320987921895
3.121029999999436,0.4045769922211689
3.137719999999433,0.6207549024549278
3.15440999999943,0.8234035564838185
3.171099999999427,0.9817354967313736
3.187789999999424,1.1015429589382828
3.204479999999421,1.187187183909331
3.221169999999418,1.2545132531572736
3.237859999999415,1.3137153070617107
3.254549999999412,1.3874345472789253
3.271239999999409,1.4699480095888782
3.287929999999406,1.5580684029811487
3.304619999999403,1.646490642224703
3.3213099999994,1.731365017196989
3.337999999999397,1.8001403802222686
3.354689999999394,1.8336294333503103
3.371379999999391,1.8096542189651919
3.388069999999388,1.6971523347323596
3.404759999999385,1.4619228900834655
3.421449999999382,1.100803610398794
3.438139999999379,0.6347764026361318
3.454829999999376,0.07646690276860772
3.471519999999373,-0.5425157527647764
3.48820999999937,-1.1844814135625563
3.504899999999367,-1.8227920909639053
3.521589999999364,-2.417388091363156
3.538279999999361,-2.934259624114346
3.554969999999358,-3.3751522648032375
3.571659999999355,-3.72036950711768
3.588349999999352,-3.956876922441193
3.6050399999993488,-4.069991076389569
3.6217299999993458,-4.047419779131811
3.6384199999993427,-3.885500228745655
3.6551099999993397,-3.585239598984102
3.6717999999993367,-3.1427112845291294
3.6884899999993337,-2.5559789340429457
3.7051799999993307,-1.8257972310001078
3.7218699999993277,-0.9769589198219646
3.7385599999993246,-0.03524119095346393
3.7552499999993216,0.9501907544402777
3.7719399999993186,1.900100196485293
3.7886299999993156,2.727637755598522
3.8053199999993126,3.3480213825397356
3.8220099999993096,3.7047230068747643
3.8386999999993066,3.804477126878443
3.8553899999993035,3.693414838398287
3.8720799999993005,3.4381697525010497
3.8887699999992975,3.103281195299066
3.9054599999992945,2.726165610238299
3.9221499999992915,2.3436603644957685
3.9388399999992885,1.9554405622244875
3.9555299999992855,1.5666511894637103
3.9722199999992824,1.1937150140660917
3.9889099999992794,0.8410149660618061
4.005599999999276,0.5075563856671008
4.022289999999273,0.19952190439573508
4.03897999999927,-0.0944915885067215
4.055669999999267,-0.3885920631215012
4.072359999999264,-0.6729485759031246
4.089049999999261,-0.9450199691556135
4.105739999999258,-1.1894594581459
4.122429999999255,-1.395379741296016
4.139119999999252,-1.5348895792119208
4.155809999999249,-1.62083833544128
4.172499999999246,-1.6505850613591848
4.189189999999243,-1.621073299299794
4.20587999999924,-1.5268644992063978
4.222569999999237,-1.3796373194415723
4.239259999999234,-1.1754845293869909
4.255949999999231,-0.955435071720978
4.272639999999228,-0.7369486030626773
4.289329999999225,-0.534777848658038
4.306019999999222,-0.35500315103187247
4.322709999999219,-0.200178717527052
4.339399999999216,-0.08313165520966556
4.356089999999213,-0.016941508448756352
4.37277999999921,-0.0011498691627438353
4.389469999999207,-0.03502683714566628
4.406159999999204,-0.1390736718438873
4.422849999999201,-0.3080349505073913
4.439539999999198,-0.5418311974085838
4.456229999999195,-0.797349536484378
4.472919999999192,-1.0378491083133121
4.489609999999189,-1.216849791011695
4.506299999999186,-1.3234026071533176
4.522989999999183,-1.3307057084321234
4.53967999999918,-1.223511124312826
4.556369999999177,-0.9827034737032777
4.573059999999174,-0.6168411551375022
4.589749999999171,-0.13721838818039298
4.606439999999168,0.4414972680980921
4.623129999999165,1.0950529867013645
4.639819999999162,1.7891043827589193
4.656509999999159,2.4718885110951074
4.673199999999156,3.0735798264367578
4.689889999999153,3.5205423253537647
4.70657999999915,3.7504773753076117
4.723269999999147,3.7197961234133095
4.739959999999144,3.455747820590104
4.756649999999141,2.9933784652846867
4.773339999999138,2.4009394008103517
4.790029999999135,1.7441412470559559
4.806719999999132,1.06111617370439
4.823409999999129,0.37752075161805865
4.840099999999126,-0.26951119923983413
4.856789999999123,-0.8603167213143063
4.87347999999912,-1.3905908715351711
4.890169999999117,-1.8477391105848608
4.906859999999114,-2.2362773434513255
4.923549999999111,-2.5624208115783293
4.940239999999108,-2.819431517188559
4.9569299999991046,-3.0044200058375092
4.9736199999991015,-3.1200268156670905
4.9903099999990985,-3.1554565200520215
5.0069999999990955,-3.10610220533874
5.0236899999990925,-2.969887221191008
5.0403799999990895,-2.7419844983348947
5.0570699999990865,-2.4408396556580954
5.0737599999990834,-2.0597795269297747
5.09044999999908,-1.617747114477057
5.107139999999077,-1.1221556317641812
5.123829999999074,-0.5932030834798842
5.140519999999071,-0.0486371234472187
5.157209999999068,0.48684125075361473
5.173899999999065,1.0118866810011409
5.190589999999062,1.5090308285797815
5.207279999999059,1.9825598279619527
5.223969999999056,2.421336103382743
5.240659999999053,2.8117166231568222
5.25734999999905,3.1070432616881556
5.274039999999047,3.273167478026101
5.290729999999044,3.262909176277488
5.307419999999041,3.055194432217956
5.324109999999038,2.6633008255221977
5.340799999999035,2.133396761857408
5.357489999999032,1.5200026179061232
5.374179999999029,0.8934364525818925
5.390869999999026,0.30384148037891573
5.407559999999023,-0.22165615947495634
5.42424999999902,-0.6511245272909558
5.440939999999017,-0.9770087829719539
5.457629999999014,-1.1883862735475608
5.474319999999011,-1.2780460236626763
5.491009999999008,-1.2449865506182334
5.507699999999005,-1.1044337033010718
5.524389999999002,-0.8704178376448426
5.541079999998999,-0.5702898003581859
5.557769999998996,-0.23628799927769992
5.574459999998993,0.08669606882207728
5.59114999999899,0.3487915330348045
5.607839999998987,0.5045849590236655
5.624529999998984,0.5305775433162491
5.641219999998981,0.4242464687392431
5.657909999998978,0.2022883490654151
5.674599999998975,-0.09472977064119782
5.691289999998972,-0.4244323331604655
5.707979999998969,-0.755531413913502
5.724669999998966,-1.0570776939684736
5.741359999998963,-1.325167159889674
5.75804999999896,-1.556842849173762
5.774739999998957,-1.754892652808686
5.791429999998954,-1.9051092722852134
5.808119999998951,-2.0048551854450247
5.824809999998948,-2.041742091329348
5.841499999998945,-2.001344564553337
5.858189999998942,-1.877863213627644
5.874879999998939,-1.6731153722306513
5.891569999998936,-1.3895307612358219
5.908259999998933,-1.02587891115827
5.92494999999893,-0.604665240549063
5.941639999998927,-0.14705978513491205
5.958329999998924,0.3375946652493809
5.975019999998921,0.8183312276619814
5.991709999998918,1.2689131973864602
6.008399999998915,1.6862085834870155
6.025089999998912,2.0414449392493506
6.041779999998909,2.3458913010527573
6.058469999998906,2.6233536652984815
6.0751599999989025,2.8626908077706985
6.0918499999988995,3.082170368756656
6.1085399999988965,3.274286151941766
6.1252299999988935,3.41246440411693
6.1419199999988905,3.481590345628165
6.1586099999988875,3.434561775719131
6.1752999999988845,3.2240032393031632
6.1919899999988814,2.833081800964503
6.208679999998878,2.2589421687501074
6.225369999998875,1.5294812780144595
6.242059999998872,0.7009037408979403
6.258749999998869,-0.18025179603501
6.275439999998866,-1.0554275315632393
6.292129999998863,-1.87022086594603
6.30881999999886,-2.5735642361162814
6.325509999998857,-3.1445737061181136
6.342199999998854,-3.5654150313273627
6.358889999998851,-3.8387542959790784
6.375579999998848,-3.9619518957666013
6.392269999998845,-3.925408544496967
6.408959999998842,-3.7278351829682657
6.425649999998839,-3.395457059107751
6.442339999998836,-2.9326710126169604
6.459029999998833,-2.374177105211745
6.47571999999883,-1.747510354092162
6.492409999998827,-1.080706670078595
6.509099999998824,-0.42314739149180935
6.525789999998821,0.17049369323772282
6.542479999998818,0.6836005498625866
6.559169999998815,1.0973731839255458
6.575859999998812,1.4092607462522684
6.592549999998809,1.6201693857908404
6.609239999998806,1.7400057267486708
6.625929999998803,1.7594597120503692
6.6426199999988,1.6860134098452093
6.659309999998797,1.5447040206746228
6.675999999998794,1.3603317680139846
6.692689999998791,1.1584122866403057
6.709379999998788,0.979810874931426
6.726069999998785,0.8310465992803733
6.742759999998782,0.728081741127299
6.759449999998779,0.6816613219356792
6.776139999998776,0.6872737950003713
6.792829999998773,0.7349074728685356
6.80951999999877,0.8032055482395478
6.826209999998767,0.8717665052971068
6.842899999998764,0.9290600225864534
6.859589999998761,0.9621525002919487
6.876279999998758,0.9524428724782275
6.892969999998755,0.9070032282323081
6.909659999998752,0.8258602509938683
6.926349999998749,0.7237605731297766
6.943039999998746,0.6273560996092341
6.959729999998743,0.5437522396867959
6.97641999999874,0.48031191626358094
6.993109999998737,0.448021659352045
7.009799999998734,0.4383201381468259
7.026489999998731,0.43421397048910637
7.043179999998728,0.430130726393482
7.059869999998725,0.3937588068210947
7.076559999998722,0.30986448056311167
7.093249999998719,0.15054884973776725
7.109939999998716,-0.10964057100218999
7.126629999998713,-0.46999574312315895
7.14331999999871,-0.9155130056849031
7.160009999998707,-1.4146582803729613
7.176699999998704,-1.918573737464668
7.1933899999987005,-2.3784594877419845
7.2100799999986975,-2.756743615021042
7.2267699999986945,-3.021738488455133
7.2434599999986915,-3.165655891182228
7.2601499999986885,-3.174555120645747
7.2768399999986855,-3.0467898903124566
7.2935299999986825,-2.7855620157217102
7.310219999998679,-2.390485379539143
7.326909999998676,-1.8649387592215372
7.343599999998673,-1.232219749628957
7.36028999999867,-0.515562249112693
7.376979999998667,0.26171891305325334
7.393669999998664,1.0598330313364548
7.410359999998661,1.8489366424608087
7.427049999998658,2.599460692548063
7.443739999998655,3.2645871135558897
7.460429999998652,3.7960737857919034
7.477119999998649,4.15174838768795
7.493809999998646,4.2808438266209725
7.510499999998643,4.17587350093404
7.52718999999864,3.8520514741374465
7.543879999998637,3.360290130332727
7.560569999998634,2.773919999428908
7.577259999998631,2.1514277244346265
7.593949999998628,1.5230989146895477
7.610639999998625,0.9305981209555709
7.627329999998622,0.380274729314158
7.644019999998619,-0.11751139819659029
7.660709999998616,-0.5501589665746129
7.677399999998613,-0.9073730928932675
7.69408999999861,-1.1940748033533153
7.710779999998607,-1.4234952621236094
7.727469999998604,-1.599798624015543
7.744159999998601,-1.7441475599265233
7.760849999998598,-1.8583015259603792
7.777539999998595,-1.9357128708437048
7.794229999998592,-1.977987458311652
7.810919999998589,-1.9920082828941894
7.827609999998586,-1.96503313683015
7.844299999998583,-1.9044879989788832
7.86098999999858,-1.7982084151784414
7.877679999998577,-1.6342376924246493
7.894369999998574,-1.397900169537388
7.911059999998571,-1.0922172078535943
7.927749999998568,-0.7155037656696921
7.944439999998565,-0.2952161042446776
7.961129999998562,0.14179324981570665
7.977819999998559,0.5598762146955749
7.994509999998556,0.9155266630144135
8.011199999998553,1.1610222374259207
8.02788999999855,1.2776427071132301
8.044579999998547,1.2600067067960428
8.061269999998544,1.1402344137264728
8.07795999999854,0.9522370439441056
8.094649999998538,0.7286262661778345
8.111339999998535,0.5022070628603115
8.128029999998532,0.28194107660357287
8.144719999998529,0.08584990988676203
8.161409999998526,-0.052175416773288644
8.178099999998523,-0.1392510789522651
8.19478999999852,-0.1652945117985041
8.211479999998517,-0.11013046225546781
8.228169999998514,0.02194118763557651
8.24485999999851,0.23412389039654447
8.261549999998508,0.5304185004102029
8.278239999998505,0.8847117911357167
8.294929999998502,1.2770897367963379
8.311619999998499,1.6987473315946922
8.328309999998496,2.1121001347004533
8.344999999998493,2.4615243093302577
8.36168999999849,2.6932082028611366
8.378379999998486,2.7450280252857824
8.395069999998483,2.586124663408955
8.41175999999848,2.2291119164412656
8.428449999998477,1.7056484123550608
8.445139999998474,1.0672952051931746
8.461829999998471,0.39115815205297283
8.478519999998468,-0.2945741999368821
8.495209999998465,-0.952904816253096
8.511899999998462,-1.5447991851962606
8.52858999999846,-2.0505726715612056
8.545279999998456,-2.4600632961368314
8.561969999998453,-2.753749150352133
8.57865999999845,-2.937386163819208
8.595349999998447,-3.0172516620025913
8.612039999998444,-2.9867120167058285
8.628729999998441,-2.861068273498351
8.645419999998438,-2.6619326807056662
8.662109999998435,-2.4008005304259745
8.678799999998432,-2.093908621631268
8.69548999999843,-1.7650471984959994
8.712179999998426,-1.4152433974878302
8.728869999998423,-1.0401388664853382
8.74555999999842,-0.6318825367557148
8.762249999998417,-0.17740215479621876
8.778939999998414,0.3237099035457958
8.795629999998411,0.8602746934325585
8.812319999998408,1.417323028838645
8.829009999998405,1.9754217689411766
8.845699999998402,2.506702091298635
8.862389999998399,2.9798806057309704
8.879079999998396,3.3694408689063713
8.895769999998393,3.6408890451403493
8.91245999999839,3.7750048860982437
8.929149999998387,3.761202940959851
8.945839999998384,3.593647648936211
8.962529999998381,3.2699561627738496
8.979219999998378,2.8086729438479683
8.995909999998375,2.231641071847878
9.012599999998372,1.577764539195968
9.029289999998369,0.8906948941915094
9.045979999998366,0.20289698513435134
9.062669999998363,-0.4465095974513112
9.07935999999836,-1.0134186908443779
9.096049999998357,-1.4886319452669152
9.112739999998354,-1.8449059581755003
9.12942999999835,-2.0756836856726397
9.146119999998348,-2.1847585468126587
9.162809999998345,-2.1693547887336964
9.179499999998342,-2.033266092599435
9.196189999998339,-1.8085000007022836
9.212879999998336,-1.4990621621016396
9.229569999998333,-1.1300863107852415
9.24625999999833,-0.7275338401919256
9.262949999998327,-0.3345451769776682
9.279639999998324,0.0020534946199317877
9.29632999999832,0.2406211980441541
9.313019999998318,0.35553121549211986
9.329709999998315,0.3343561009559703
9.346399999998312,0.19108526208217225
9.363089999998309,-0.050213616187279354
9.379779999998306,-0.3425081992984438
9.396469999998303,-0.629672233814604
9.4131599999983,-0.872705050597803
9.429849999998297,-1.0381148044245967
9.446539999998294,-1.111280926637696
9.46322999999829,-1.109231310594306
9.479919999998287,-1.02993976481509
9.496609999998284,-0.8820543689228486
9.513299999998281,-0.6838799148365842
9.529989999998278,-0.43533807038207734
9.546679999998275,-0.15198617487381427
9.563369999998272,0.14223878011629604
9.58005999999827,0.4444417809500321
9.596749999998266,0.7476219424491339
9.613439999998263,1.0464370013673936
9.63012999999826,1.3524842101724004
9.646819999998257,1.650198275064511
9.663509999998254,1.927252617117355
9.680199999998251,2.170380125712138
9.696889999998248,2.3747529536183993
9.713579999998245,2.5289372233433904
9.730269999998242,2.645294277305937
9.74695999999824,2.7045871583094803
9.763649999998236,2.7027801174919768
9.780339999998233,2.6420221680363274
9.79702999999823,2.5190607682435964
9.813719999998227,2.33352358776605
9.830409999998224,2.069056680242514
9.847099999998221,1.7125148728599968
9.863789999998218,1.2516247194624168
9.880479999998215,0.6877135572560843
9.897169999998212,0.039770892810678936
9.913859999998209,-0.6509435238491516
9.930549999998206,-1.347278854471277
9.947239999998203,-2.004476901008408
9.9639299999982,-2.5873456619696156
9.980619999998197,-3.076275897147021
9.997309999998194,-3.4484866840843496
10.013999999998191,-3.6973556730599935
10.030689999998188,-3.8151818988874004
10.047379999998185,-3.7966894062205947
10.064069999998182,-3.635890077061763
10.080759999998179,-3.3308165674243364
10.097449999998176,-2.87547102462002
10.114139999998173,-2.2766767216014103
10.13082999999817,-1.558678509977843
10.147519999998167,-0.7418275073311832
10.164209999998164,0.11742899150091013
10.18089999999816,0.960350693516225
10.197589999998158,1.717286076881354
10.214279999998155,2.3123895704604727
10.230969999998152,2.698067600660478
10.247659999998149,2.8856390313984894
10.264349999998146,2.9053300546875427
10.281039999998143,2.8089437238521064
10.29772999999814,2.635360669560648
10.314419999998137,2.409035956516429
10.331109999998134,2.147164354000406
10.34779999999813,1.8768265006872495
10.364489999998128,1.6105162180305381
10.381179999998125,1.3579386813432928
10.397869999998122,1.1168397867747744
10.414559999998119,0.895781690138707
10.431249999998116,0.6980742613799626
10.447939999998113,0.5313105380045421
10.46462999999811,0.39635380693559746
10.481319999998107,0.29298986802511795
10.498009999998104,0.21076024742079863
10.5146999999981,0.15117929511340072
10.531389999998098,0.10032200584129583
10.548079999998095,0.04320502887195813
10.564769999998092,-0.022870856221027712
10.581459999998089,-0.10252707214465881
10.598149999998085,-0.18394719490554598
10.614839999998082,-0.25208448882729384
10.63152999999808,-0.30284738476684514
10.648219999998076,-0.330521113419752
10.664909999998073,-0.33826638177281754
10.68159999999807,-0.33039182669714523
10.698289999998067,-0.3092852902376256
10.714979999998064,-0.29069316773038606
10.731669999998061,-0.2784471027776771
10.748359999998058,-0.27381288998918973
10.765049999998055,-0.2994507086290965
10.781739999998052,-0.3598908215707047
10.79842999999805,-0.4623159743444716
10.815119999998046,-0.626922298483287
10.831809999998043,-0.8525605840447509
10.84849999999804,-1.1115006812426145
10.865189999998037,-1.389431892480465
10.881879999998034,-1.6461934381531094
10.898569999998031,-1.8401547686256192
10.915259999998028,-1.9457317330375685
10.931949999998025,-1.9380693095394674
10.948639999998022,-1.798676435384979
10.96532999999802,-1.528254435828163
10.982019999998016,-1.123929115321371
10.998709999998013,-0.597230110889398
11.01539999999801,0.033362993102220344
11.032089999998007,0.7480954621787788
11.048779999998004,1.5028802452592493
11.065469999998001,2.252193195073534
11.082159999997998,2.9444966845730844
11.098849999997995,3.514740093094083
11.115539999997992,3.9097484519538623
11.132229999997989,4.096049224521754
11.148919999997986,4.069378066001508
11.165609999997983,3.847556247199982
11.18229999999798,3.4622297288385946
11.198989999997977,2.9450513245764056
11.215679999997974,2.3295741816599778
11.232369999997971,1.6508854914940645
11.249059999997968,0.9533252946884349
11.265749999997965,0.2743226591015827
11.282439999997962,-0.35344268475871765
11.299129999997959,-0.9152278055694939
11.315819999997956,-1.3940335099165508
11.332509999997953,-1.7784405478890235
11.34919999999795,-2.072495332252764
11.365889999997947,-2.278580416687588
11.382579999997944,-2.4003614216522218
11.39926999999794,-2.451135556413585
11.415959999997938,-2.433065445346058
11.432649999997935,-2.3476005721695086
11.449339999997932,-2.2085859985482186
11.466029999997929,-2.021092787434459
11.482719999997926,-1.7932892479814118
11.499409999997923,-1.5231417976992048
11.51609999999792,-1.2258637683290163
11.532789999997917,-0.9068119902546538
11.549479999997914,-0.5723394815528723
11.56616999999791,-0.227654967582718
11.582859999997908,0.12696272575134543
11.599549999997905,0.5036272990572352
11.616239999997902,0.8897067608877428
11.632929999997899,1.2790356898345931
11.649619999997896,1.653668033921216
11.666309999997893,1.9720973896183573
11.68299999999789,2.189973509944093
11.699689999997887,2.2578310093869756
11.716379999997883,2.160324048590891
11.73306999999788,1.9210085203666907
11.749759999997877,1.584672426218902
11.766449999997874,1.185883572552485
11.783139999997871,0.7656137928997725
11.799829999997868,0.36394132536228885
11.816519999997865,0.014579679380106281
11.833209999997862,-0.25277766193278933
11.84989999999786,-0.427454169299319
11.866589999997856,-0.5170724932179268
11.883279999997853,-0.5162305469397445
11.89996999999785,-0.43861381195839294
11.916659999997847,-0.2942484687923814
11.933349999997844,-0.08696698123070502
11.950039999997841,0.16329853273961947
11.966729999997838,0.44624036209510276
11.983419999997835,0.7374120225083504
12.000109999997832,0.9840332664196432
12.01679999999783,1.1700466397087321
12.033489999997826,1.2576841837298065
12.050179999997823,1.199839509178816
12.06686999999782,0.9970811704337481
12.083559999997817,0.657869348503107
12.100249999997814,0.217434667864815
12.116939999997811,-0.26890462368471973
12.133629999997808,-0.7547221076077059
12.150319999997805,-1.2372254495287942
12.167009999997802,-1.6835911832306434
12.183699999997799,-2.0715111707142606
12.200389999997796,-2.386512564796129
12.217079999997793,-2.6170663222357944
12.23376999999779,-2.7533733536303315
12.250459999997787,-2.8051799328539957
12.267149999997784,-2.757514387688849
12.283839999997781,-2.6077323415963223
12.300529999997778,-2.3535819746514437
12.317219999997775,-1.9950656490095682
12.333909999997772,-1.5628135912397678
12.350599999997769,-1.077267594757056
12.367289999997766,-0.5674679460921734
12.383979999997763,-0.062420509918211964
12.40066999999776,0.41535458694578964
12.417359999997757,0.8579115160272575
12.434049999997754,1.2583912633086982
12.45073999999775,1.6255820792424156
12.467429999997748,1.9589280354172118
12.484119999997745,2.271048725154216
12.500809999997742,2.571869985130621
12.517499999997739,2.8580346930533516
12.534189999997736,3.1048512003197404
12.550879999997733,3.2844405150657336
12.56756999999773,3.3511477136904513
12.584259999997727,3.270849885915918
12.600949999997724,3.037230244158425
12.61763999999772,2.648962131884484
12.634329999997718,2.117321822047683
12.651019999997715,1.4733456775553766
12.667709999997712,0.7653709292862825
12.684399999997709,0.033646194833454685
12.701089999997706,-0.6747108725409816
12.717779999997703,-1.3194650796090677
12.7344699999977,-1.8858756080543562
12.751159999997697,-2.3607434355358685
12.767849999997694,-2.7192550293352693
12.78453999999769,-2.9645874024982657
12.801229999997688,-3.086996253606156
12.817919999997684,-3.079064862766493
12.834609999997681,-2.947656889933116
12.851299999997678,-2.6897844252762364
12.867989999997675,-2.3306207018463514
12.884679999997672,-1.8937453497711378
12.90136999999767,-1.4113849515592893
12.918059999997666,-0.9186034119116105
12.934749999997663,-0.4394444632024396
12.95143999999766,0.006912226044894967
12.968129999997657,0.3727663647137029
12.984819999997654,0.6372243100956603
13.001509999997651,0.7822565447049249
13.018199999997648,0.7991938949211551
13.034889999997645,0.7162546554944982
13.051579999997642,0.5548123630893297
13.06826999999764,0.3455566627544545
13.084959999997636,0.11586429577189652
13.101649999997633,-0.09789821022430004
13.11833999999763,-0.26592648481121733
13.135029999997627,-0.3556865094915913
13.151719999997624,-0.3620260094577825
13.168409999997621,-0.29230894218887515
13.185099999997618,-0.15614274500374423
13.201789999997615,0.05075745111424461
13.218479999997612,0.30146693794105817
13.23516999999761,0.5670335665352301
13.251859999997606,0.8357815234520153
13.268549999997603,1.0565877363577407
13.2852399999976,1.2229672366863489
13.301929999997597,1.3429735267046257
13.318619999997594,1.4052417400658734
13.335309999997591,1.4273763595346947
13.351999999997588,1.4372312967871463
13.368689999997585,1.4362717926809518
13.385379999997582,1.4333316145587303
13.402069999997579,1.413311792730766
13.418759999997576,1.3603186519016228
13.435449999997573,1.2757998075407866
13.45213999999757,1.1462818641110906
13.468829999997567,0.965773816951395
13.485519999997564,0.7392104066786539
13.50220999999756,0.45581955428152904
13.518899999997558,0.12139814851028004
13.535589999997555,-0.2708255882186671
13.552279999997552,-0.7208894573536132
13.568969999997549,-1.2051547687882296
13.585659999997546,-1.7029896082550027
13.602349999997543,-2.1798682107002882
13.61903999999754,-2.598216507357477
13.635729999997537,-2.9402266893632354
13.652419999997534,-3.1855505165615248
13.66910999999753,-3.31274437683269
13.685799999997528,-3.3346635438733068
13.702489999997525,-3.2303646860623405
13.719179999997522,-3.006984801392923
13.735869999997519,-2.6665176329549025
13.752559999997516,-2.2005288255521265
13.769249999997513,-1.6184861294172987
13.78593999999751,-0.9506290691891001
13.802629999997507,-0.20654386259588162
13.819319999997504,0.5732044978915586
13.8360099999975,1.3384129678686372
13.852699999997498,2.084046024413771
13.869389999997495,2.747065516314147
13.886079999997492,3.2541946367527594
13.902769999997489,3.5469836409019186
13.919459999997486,3.5780688740595887
13.936149999997482,3.373002573290927
13.95283999999748,3.0103792343818534
13.969529999997476,2.551900167302143
13.986219999997473,2.065432708758478
14.00290999999747,1.5857288818363826
14.019599999997467,1.111570612383484
14.036289999997464,0.6740644204537513
14.052979999997461,0.28141255016980327
14.069669999997458,-0.06295295173030943
14.086359999997455,-0.3439137098243768
14.103049999997452,-0.5607342247862195
14.11973999999745,-0.7318093651806897
14.136429999997446,-0.8732954755304194
14.153119999997443,-0.9877496994641232
14.16980999999744,-1.0743784101255636
14.186499999997437,-1.127918909743062
14.203189999997434,-1.1468364861842026
14.219879999997431,-1.1418600643045647
14.236569999997428,-1.1386895215356478
14.253259999997425,-1.1373311744755743
14.269949999997422,-1.128058570226205
14.28663999999742,-1.1103135637057429
14.303329999997416,-1.060766865371419
14.320019999997413,-0.9684305232388085
14.33670999999741,-0.8360639132678226
14.353399999997407,-0.6716583090839616
14.370089999997404,-0.490336860216326
14.386779999997401,-0.3224321356428386
14.403469999997398,-0.17578411816264639
14.420159999997395,-0.06303907293266524
14.436849999997392,0.0070709354979689365
14.453539999997389,0.021161004081555655
14.470229999997386,-0.017395258244073484
14.486919999997383,-0.10602561304533818
14.50360999999738,-0.21850172839081258
14.520299999997377,-0.34064724620569936
14.536989999997374,-0.46552776627842835
14.553679999997371,-0.5845724100517812
14.570369999997368,-0.6826062352151554
14.587059999997365,-0.7468707633340012
14.603749999997362,-0.7446362834269991
14.620439999997359,-0.6658914746434318
14.637129999997356,-0.504314404793479
14.653819999997353,-0.24542304609981197
14.67050999999735,0.0985226995046313
14.687199999997347,0.519016507714868
14.703889999997344,1.0090026412283644
14.72057999999734,1.5394861792890053
14.737269999997338,2.0821099033488553
14.753959999997335,2.5834364329942234
14.770649999997332,2.95611682883743
14.787339999997329,3.137681651071621
14.804029999997326,3.0925901700710328
14.820719999997323,2.8099402009124406
14.83740999999732,2.341430636615412
14.854099999997317,1.7458870385737084
14.870789999997314,1.0773072649978572
14.88747999999731,0.39192300809638375
14.904169999997308,-0.27701038290935165
14.920859999997305,-0.9099572709129702
14.937549999997302,-1.4846029621631338
14.954239999997299,-1.98187391932295
14.970929999997296,-2.3923587943590707
14.987619999997293,-2.6994859158584013
15.00430999999729,-2.9004631104670966
15.020999999997287,-3.0064422611123893
15.037689999997284,-3.018985705284704
15.05437999999728,-2.9374796664392107
15.071069999997277,-2.770638348102752
15.087759999997274,-2.5264967354723957
15.104449999997271,-2.2290730881453964
15.121139999997268,-1.903683872177772
15.137829999997265,-1.556006793260794
15.154519999997262,-1.1889280825923356
15.17120999999726,-0.796510080164772
15.187899999997256,-0.3797889496123779
15.204589999997253,0.04582844694718324
15.22127999999725,0.46719317070362926
15.237969999997247,0.8824869443841591
15.254659999997244,1.2757564645315511
15.271349999997241,1.641428188351199
15.288039999997238,1.9683798226452076
15.304729999997235,2.239453677887425
15.321419999997232,2.4360449305740923
15.33810999999723,2.5603372072741646
15.354799999997226,2.598777291045749
15.371489999997223,2.5342779168160128
15.38817999999722,2.357084826776703
15.404869999997217,2.0565868894959163
15.421559999997214,1.641911792834102
15.438249999997211,1.1370144765878514
15.454939999997208,0.5982502173188881
15.471629999997205,0.07638406756111833
15.488319999997202,-0.3911446443867551
15.505009999997199,-0.7874638607236278
15.521699999997196,-1.0901198779414734
15.538389999997193,-1.2966321592284018
15.55507999999719,-1.3940985255109088
15.571769999997187,-1.3726513505204652
15.588459999997184,-1.249792867116975
15.605149999997181,-1.0462880215954276
15.621839999997178,-0.7720164672149632
15.638529999997175,-0.4623779322693897
15.655219999997172,-0.15679669268595425
15.671909999997169,0.11148249379765336
15.688599999997166,0.3053000331066528
15.705289999997163,0.3984908925056266
15.72197999999716,0.37918277003714973
15.738669999997157,0.25106643432534137
15.755359999997154,0.02956614161965621
15.77204999999715,-0.2659860026849341
15.788739999997148,-0.6094815495152699
15.805429999997145,-0.9631070371626486
15.822119999997142,-1.2997087677524284
15.838809999997139,-1.5840559788510278
15.855499999997136,-1.7916512376369158
15.872189999997133,-1.9199485473256466
15.88887999999713,-1.975705676731549
15.905569999997127,-1.9470255066330002
15.922259999997124,-1.836444017090392
15.93894999999712,-1.6409141964634728
15.955639999997118,-1.363477660354813
15.972329999997115,-1.0201161702653316
15.989019999997112,-0.630185721259881
16.00570999999711,-0.1999601799489689
16.022399999997106,0.2455649195561988
16.039089999997103,0.6971041264309519
16.0557799999971,1.1406393248253257
16.072469999997097,1.5559574376905603
16.089159999997094,1.914516699858075
16.10584999999709,2.2013011868618237
16.122539999997088,2.3998807020238115
16.139229999997085,2.5114460321698484
16.15591999999708,2.559307784076099
16.17260999999708,2.570379635918773
16.189299999997075,2.5464477812242414
16.205989999997072,2.4956743323472708
16.22267999999707,2.4094146020723093
16.239369999997066,2.2482576824939557
16.256059999997063,1.9932160168040987
16.27274999999706,1.6365549767144516
16.289439999997057,1.156770299026164
16.306129999997054,0.5755224471099949
16.32281999999705,-0.07343440691591697
16.33950999999705,-0.7503640145452214
16.356199999997045,-1.40539116671052
16.372889999997042,-2.002382860306831
16.38957999999704,-2.5249833101641004
16.406269999997036,-2.9519948630799
16.422959999997033,-3.2688477109088154
16.43964999999703,-3.4631144254286212
16.456339999997027,-3.5335611721700886
16.473029999997024,-3.479885527083521
16.48971999999702,-3.2986847534162558
16.506409999997018,-2.9895018463587633
16.523099999997015,-2.5593539765393842
16.539789999997012,-2.0235926186503286
16.55647999999701,-1.407255356581293
16.573169999997006,-0.73845187182469
16.589859999997003,-0.06676978831211221
16.606549999997,0.5446295980754168
16.623239999996997,1.043817575237157
16.639929999996994,1.4018582404776148
16.65661999999699,1.614167223238792
16.673309999996988,1.7006627930322755
16.689999999996985,1.6790756966741553
16.706689999996982,1.5675921656727774
16.72337999999698,1.3973226089960344
16.740069999996976,1.1852870985957278
16.756759999996973,0.9427314430389413
16.77344999999697,0.6982609810310887
16.790139999996967,0.4677976673446921
16.806829999996964,0.2746608252946616
16.82351999999696,0.14902197997929872
16.840209999996958,0.09030313936675204
16.856899999996955,0.08149487737647622
16.873589999996952,0.12625487308274724
16.89027999999695,0.2188699132667425
16.906969999996946,0.3451269975402407
16.923659999996943,0.4873465014134496
16.94034999999694,0.6171775210294461
16.957039999996937,0.6989441775749559
16.973729999996934,0.7186791266177737
16.99041999999693,0.6827906617703876
17.007109999996928,0.603558071792019
17.023799999996925,0.48641864700136317
17.04048999999692,0.35535291774282163
17.05717999999692,0.2302914850364739
17.073869999996916,0.12510810636719458
17.090559999996913,0.04472206869584181
17.10724999999691,-0.01696282854604435
17.123939999996907,-0.07900756235196887
17.140629999996904,-0.15901922221621226
17.1573199999969,-0.2671694681529281
17.174009999996898,-0.4078736951544352
17.190699999996895,-0.5920780621359317
17.20738999999689,-0.8243656452729015
17.22407999999689,-1.0938616217423844
17.240769999996886,-1.396952897366433
17.257459999996883,-1.7087392913565664
17.27414999999688,-1.998956869167966
17.290839999996876,-2.246362032037445
17.307529999996873,-2.431988256823995
17.32421999999687,-2.5314453692607204
17.340909999996867,-2.5304852127303104
17.357599999996864,-2.421176757667547
17.37428999999686,-2.1936910102932865
17.39097999999686,-1.8444928766398134
17.407669999996855,-1.3844316138066755
17.424359999996852,-0.8227396201530595
17.44104999999685,-0.16954299330279046
17.457739999996846,0.5389763110519729
17.474429999996843,1.2613641408231566
17.49111999999684,1.9489267472551384
17.507809999996837,2.5574088438695077
17.524499999996834,3.0499019335340116
17.54118999999683,3.401311468984271
17.55787999999683,3.5884289100411344
17.574569999996825,3.5856767930881595
17.591259999996822,3.379140468269519
17.60794999999682,2.9898097511256596
17.624639999996816,2.4532950316295663
17.641329999996813,1.820969643604254
17.65801999999681,1.1537288315310972
17.674709999996807,0.4995280989948879
17.691399999996804,-0.10308885304364244
17.7080899999968,-0.6268207469430955
17.724779999996798,-1.0637830189859951
17.741469999996795,-1.4075766149533224
17.758159999996792,-1.6551792743106994
17.77484999999679,-1.8156985316875947
17.791539999996786,-1.8985920446823983
17.808229999996783,-1.925566732880227
17.82491999999678,-1.9088020602238196
17.841609999996777,-1.8519662200557112
17.858299999996774,-1.7710638296018215
17.87498999999677,-1.6810158225111642
17.891679999996768,-1.5793697899035342
17.908369999996765,-1.4709495596186342
17.925059999996762,-1.3481340132800301
17.94174999999676,-1.19758057657002
17.958439999996756,-1.0223229279227104
17.975129999996753,-0.821301696094247
17.99181999999675,-0.5892206140299636
18.008509999996747,-0.33700231114217055
18.025199999996744,-0.07540668400851848
18.04188999999674,0.1893058813010562
18.058579999996738,0.4518412097525753
18.075269999996735,0.696823416981271
18.09195999999673,0.8993444288785711
18.10864999999673,1.0244181028055683
18.125339999996726,1.0595542484383214
18.142029999996723,1.0003440594171609
18.15871999999672,0.8620412795973058
18.175409999996717,0.6775811465540118
18.192099999996714,0.4745849886869943
18.20878999999671,0.2740818867894997
18.225479999996708,0.10603548353120373
18.242169999996705,-0.008642098518726195
18.2588599999967,-0.07246725480996269
18.2755499999967,-0.08630006664700945
18.292239999996696,-0.04859451449926262
18.308929999996693,0.04478411445216916
18.32561999999669,0.1984570062976067
18.342309999996687,0.41444975619216473
18.358999999996684,0.6764682745642971
18.37568999999668,0.9670919269841646
18.392379999996677,1.2713079083146182
18.409069999996674,1.5661745693486384
18.42575999999667,1.823181002758541
18.44244999999667,1.9912162448913138
18.459139999996665,2.0208360495502733
18.475829999996662,1.881188986679276
18.49251999999666,1.5506201306708178
18.509209999996656,1.0499952416017726
18.525899999996653,0.4420358234739252
18.54258999999665,-0.2160851057758508
18.559279999996647,-0.8668479300906506
18.575969999996644,-1.4564798362802727
18.59265999999664,-1.9678379499399818
18.60934999999664,-2.388883224190484
18.626039999996635,-2.703874446552583
18.642729999996632,-2.9174008588182336
18.65941999999663,-3.0340396763715285
18.676109999996626,-3.0456796818886316
18.692799999996623,-2.9495212518303737
18.70948999999662,-2.7470894129988155
18.726179999996617,-2.4472731274489554
18.742869999996614,-2.071271653942851
18.75955999999661,-1.640168886945872
18.776249999996608,-1.1775446462387222
18.792939999996605,-0.7110507979297402
18.809629999996602,-0.25519234994034073
18.8263199999966,0.1697774460218351
18.843009999996596,0.5627090782364493
18.859699999996593,0.9436040442858508
18.87638999999659,1.3154766149170596
18.893079999996587,1.6690177113456615
18.909769999996584,2.008610566986717
18.92645999999658,2.315754584742896
18.943149999996578,2.5735790211421556
18.959839999996575,2.7675942996395677
18.976529999996572,2.868466102626991
18.99321999999657,2.8572717591128214
19.009909999996566,2.732626945710325
19.026599999996563,2.502319442237119
19.04328999999656,2.1854097445206917
19.059979999996557,1.7978903126121912
19.076669999996554,1.3479722761248465
19.09335999999655,0.8455547005414197
19.110049999996548,0.30673434159292656
19.126739999996545,-0.237110433728782
19.143429999996542,-0.7535865955194875
19.16011999999654,-1.2199427358533639
19.176809999996536,-1.6237836764407036
19.193499999996533,-1.9442588225663104
19.21018999999653,-2.1568626977270706
19.226879999996527,-2.2536694455427955
19.243569999996524,-2.232369547483801
19.26025999999652,-2.0878799517141333
19.276949999996518,-1.8395989795555778
19.293639999996515,-1.5070377365355117
19.31032999999651,-1.1107111196322383
19.32701999999651,-0.6919555882207052
19.343709999996506,-0.292833639362586
19.360399999996503,0.05028725735893056
19.3770899999965,0.2949932011333147
19.393779999996497,0.4085358538916284
19.410469999996494,0.39212163508805054
19.42715999999649,0.2682275656161073
19.443849999996488,0.06149982317626421
19.460539999996485,-0.19950981932194717
19.47722999999648,-0.4796248492089209
19.49391999999648,-0.7490826891275739
19.510609999996475,-0.966557313079674
19.527299999996472,-1.103443910035831
19.54398999999647,-1.1600757099208823
19.560679999996466,-1.1421222953544379
19.577369999996463,-1.0391051594261913
19.59405999999646,-0.8481553886009384
19.610749999996457,-0.5747436441637681
19.627439999996454,-0.23383561711211245
19.64412999999645,0.1446648538186615
19.66081999999645,0.5268569531757284
19.677509999996445,0.8931257357240582
19.694199999996442,1.2272408716159702
19.71088999999644,1.5148513839267848
19.727579999996436,1.75205861369
19.744269999996433,1.9430898885842771
19.76095999999643,2.0916440787982196
19.777649999996427,2.186524712289551
19.794339999996424,2.225811875816358
19.81102999999642,2.211576632001894
19.827719999996418,2.1342038027139374
19.844409999996415,1.9884110525050662
19.861099999996412,1.7764198090758896
19.87778999999641,1.50856803583967
19.894479999996406,1.2028757289338132
19.911169999996403,0.8740740060723823
19.9278599999964,0.528713850028188
19.944549999996397,0.16214143825493108
19.961239999996394,-0.2325395023944663
19.97792999999639,-0.6567973335744397
19.994619999996388,-1.1121476814704505
20.011309999996385,-1.582050516386688
20.027999999996382,-2.0415295740662565
20.04468999999638,-2.4604642863300206
20.061379999996376,-2.8089959754032354
20.078069999996373,-3.0704483725309397
20.09475999999637,-3.223446663125379
20.111449999996367,-3.2491350922011053
20.128139999996364,-3.141590153916895
20.14482999999636,-2.9045559097328555
20.161519999996358,-2.546470224160875
20.178209999996355,-2.0808470009808424
20.194899999996352,-1.5178033315181014
20.21158999999635,-0.8638802262811931
20.228279999996346,-0.14238633003992016
20.244969999996343,0.6083512156096017
20.26165999999634,1.340252340512774
20.278349999996337,1.9816926118397256
20.295039999996334,2.470619924928186
20.31172999999633,2.765587993001866
20.328419999996328,2.842800787010698
20.345109999996325,2.735047032270866
20.36179999999632,2.4980693291949447
20.37848999999632,2.177701133938634
20.395179999996316,1.822449977460904
20.411869999996313,1.4562800328437824
20.42855999999631,1.0910273118518288
20.445249999996307,0.7504058891687756
20.461939999996304,0.45566687869298145
20.4786299999963,0.2109562981962485
20.495319999996298,0.012547197208317342
20.512009999996295,-0.13663477634376442
20.52869999999629,-0.23958312117958613
20.54538999999629,-0.298790496455015
20.562079999996286,-0.3200797357797764
20.578769999996283,-0.31720522512999266
20.59545999999628,-0.2983146386445847
20.612149999996277,-0.26614377942818795
20.628839999996273,-0.2343875562935074
20.64552999999627,-0.21337673476415933
20.662219999996267,-0.20709123377916952
20.678909999996264,-0.22220503684190682
20.69559999999626,-0.26302460742731687
20.71228999999626,-0.32656479919416026
20.728979999996255,-0.4049590424386844
20.745669999996252,-0.4812079688743967
20.76235999999625,-0.5322781042815146
20.779049999996246,-0.5524776427779814
20.795739999996243,-0.5542726101415194
20.81242999999624,-0.5496834977857915
20.829119999996237,-0.5416807902077797
20.845809999996234,-0.5372608082526988
20.86249999999623,-0.5436465256866909
20.87918999999623,-0.5712651577658572
20.895879999996225,-0.6390630336949567
20.912569999996222,-0.7505354178566912
20.92925999999622,-0.8859048423066239
20.945949999996216,-1.0205766058347765
20.962639999996213,-1.1322899697247073
20.97932999999621,-1.2011305885884531
20.996019999996207,-1.2183501864668045
21.012709999996204,-1.1766591989154873
21.0293999999962,-1.0559696085614856
21.046089999996198,-0.8471890161176319
21.062779999996195,-0.5497444217380474
21.079469999996192,-0.15598195411047971
21.09615999999619,0.32826281529896123
21.112849999996186,0.8848325037090875
21.129539999996183,1.4861194721415494
21.14622999999618,2.0832309663060005
21.162919999996177,2.6192389262929607
21.179609999996174,3.043883173231867
21.19629999999617,3.3044404032146897
21.212989999996168,3.3633458546471924
21.229679999996165,3.2164689650874223
21.246369999996162,2.8900415986873047
21.26305999999616,2.4210650330730634
21.279749999996156,1.8608448004349085
21.296439999996153,1.2489994699672657
21.31312999999615,0.6078894917635703
21.329819999996147,-0.03420589869288041
21.346509999996144,-0.6489347542458885
21.36319999999614,-1.2125627831228127
21.379889999996138,-1.705178332152088
21.396579999996135,-2.1159534457755407
21.413269999996132,-2.434251983674652
21.42995999999613,-2.647739254537037
21.446649999996126,-2.7462641145272273
21.463339999996123,-2.725788056289002
21.48002999999612,-2.605354585330487
21.496719999996117,-2.4077374501746838
21.513409999996114,-2.139129130360732
21.53009999999611,-1.8107676785695646
21.546789999996108,-1.4527711660140499
21.563479999996105,-1.093898368178288
21.5801699999961,-0.7610602893245615
21.5968599999961,-0.4626818302588423
21.613549999996096,-0.1863866558763892
21.630239999996093,0.0727313614434878
21.64692999999609,0.3254792923701083
21.663619999996087,0.5821183365237539
21.680309999996084,0.8389123673025568
21.69699999999608,1.0878965182666687
21.713689999996078,1.318625340269601
21.730379999996075,1.518767589539655
21.74706999999607,1.6842661691930076
21.76375999999607,1.8102891693119727
21.780449999996065,1.8740984064982675
21.797139999996062,1.842965837105827
21.81382999999606,1.7020345926186686
21.830519999996056,1.4622019053036952
21.847209999996053,1.1480577006748416
21.86389999999605,0.7947263561167839
21.880589999996047,0.4345500008762357
21.897279999996044,0.09853788162707118
21.91396999999604,-0.18078747057650035
21.93065999999604,-0.37607853379477635
21.947349999996035,-0.47969515409901764
21.964039999996032,-0.4973384851268846
21.98072999999603,-0.4339734406221796
21.997419999996026,-0.29917973232105544
22.014109999996023,-0.10106957772091985
22.03079999999602,0.1422789970490755
22.047489999996017,0.3888021242879077
22.064179999996014,0.6040957139426018
22.08086999999601,0.7661393284685982
22.097559999996008,0.8589417640892962
22.114249999996005,0.8824806145290756
22.130939999996002,0.8290809075527017
22.147629999996,0.6765285309698881
22.164319999995996,0.4191170464079489
22.181009999995993,0.0657168954994906
22.19769999999599,-0.3576278930549266
22.214389999995987,-0.8170204663246816
22.231079999995984,-1.2808651577281587
22.24776999999598,-1.716982279159869
22.264459999995978,-2.0959475112114134
22.281149999995975,-2.3852957906440446
22.297839999995972,-2.564229227127348
22.31452999999597,-2.6309025602533507
22.331219999995966,-2.5840836656133255
22.347909999995963,-2.429356904053603
22.36459999999596,-2.1810513632255994
22.381289999995957,-1.834666115303102
22.397979999995954,-1.3986425880916753
22.41466999999595,-0.8932284198360707
22.431359999995948,-0.3419124430135901
22.448049999995945,0.21768302192829303
22.464739999995942,0.7490134050453089
22.48142999999594,1.2353164128250964
22.498119999995936,1.6592604161296736
22.514809999995933,2.0008943570026916
22.53149999999593,2.254966437704572
22.548189999995927,2.4255769929843214
22.564879999995924,2.5254512971536895
22.58156999999592,2.577275341028561
22.598259999995918,2.6047926527752483
22.614949999995915,2.6122345202907473
22.63163999999591,2.589207989249176
22.64832999999591,2.511772078598483
22.665019999995906,2.3511086818449325
22.681709999995903,2.0822234864508915
22.6983999999959,1.7019096448417625
22.715089999995897,1.2279206212820934
22.731779999995894,0.6789796516013709
22.74846999999589,0.08639041052317231
22.765159999995888,-0.5013032053178201
22.781849999995885,-1.04402564192341
22.79853999999588,-1.5242749847932455
22.81522999999588,-1.9293895972347637
22.831919999995876,-2.252475625959018
22.848609999995872,-2.484699014379254
22.86529999999587,-2.6138871945026434
22.881989999995866,-2.635028264074224
22.898679999995863,-2.556123537971442
22.91536999999586,-2.3931537670751073
22.932059999995857,-2.14941663788629
22.948749999995854,-1.8182549439531226
22.96543999999585,-1.4105153406249171
22.98212999999585,-0.9497459561703635
22.998819999995845,-0.46218922397244905
23.015509999995842,0.0101945984807147
23.03219999999584,0.4360311814484407
23.048889999995836,0.7875662965097697
23.065579999995833,1.0361400547775002
23.08226999999583,1.155820811309044
23.098959999995827,1.1386081916937716
23.115649999995824,1.0087610770017552
23.13233999999582,0.8097040834677466
23.14902999999582,0.5669937591136373
23.165719999995815,0.3130006165782901
23.182409999995812,0.07479994162795804
23.19909999999581,-0.12237198850017035
23.215789999995806,-0.2564531186489304
23.232479999995803,-0.3117675376289284
23.2491699999958,-0.2918401224364863
23.265859999995797,-0.19019543482968024
23.282549999995794,0.004533291650490659
23.29923999999579,0.28231749628253583
23.315929999995788,0.6018722937656167
23.332619999995785,0.915035963412251
23.349309999995782,1.1776574325022997
23.36599999999578,1.364672541372932
23.382689999995776,1.4746041050221876
23.399379999995773,1.509669177858155
23.41606999999577,1.4823659837786116
23.432759999995767,1.407011412268237
23.449449999995764,1.2984221728832035
23.46613999999576,1.1708515247031246
23.482829999995758,1.0373272691455129
23.499519999995755,0.8993779654247052
23.516209999995752,0.753899392874982
23.53289999999575,0.5849443877972668
23.549589999995746,0.3780851854551232
23.566279999995743,0.12475678193588369
23.58296999999574,-0.17166928528608466
23.599659999995737,-0.5061340394836471
23.616349999995734,-0.8516888815517109
23.63303999999573,-1.1922058477617694
23.649729999995728,-1.5160959400538427
23.666419999995725,-1.80611370831012
23.68310999999572,-2.059226120701858
23.69979999999572,-2.271710331579444
23.716489999995716,-2.421697795990156
23.733179999995713,-2.5073109890136585
23.74986999999571,-2.523786517968898
23.766559999995707,-2.4537627183185657
23.783249999995704,-2.2993324478472386
23.7999399999957,-2.050319029907496
23.816629999995698,-1.6935374392954956
23.833319999995695,-1.2354341699776485
23.85000999999569,-0.686014437798348
23.86669999999569,-0.06687292862800397
23.883389999995686,0.5916331252025757
23.900079999995683,1.2665445509998146
23.91676999999568,1.9182580292353448
23.933459999995677,2.499736572603866
23.950149999995674,2.9732843797713864
23.96683999999567,3.291584341735615
23.983529999995667,3.4186522815606994
24.000219999995664,3.337276920563198
24.01690999999566,3.0471232125200176
24.03359999999566,2.58868876778215
24.050289999995655,2.031138711517569
24.066979999995652,1.4309191072655008
24.08366999999565,0.846509746828886
24.100359999995646,0.3104797146140142
24.117049999995643,-0.15004359560758768
24.13373999999564,-0.5210154702764667
24.150429999995637,-0.8022368156636676
24.167119999995634,-0.9898247358287415
24.18380999999563,-1.0860730998369335
24.20049999999563,-1.1216427063157923
24.217189999995625,-1.1193476229564938
24.233879999995622,-1.1001824115564958
24.25056999999562,-1.086077606699826
24.267259999995616,-1.0692061428345154
24.283949999995613,-1.0425012928464392
24.30063999999561,-1.009118506704781
24.317329999995607,-0.9624087662637018
24.334019999995604,-0.8901981820170717
24.3507099999956,-0.8063473302783957
24.367399999995598,-0.7192573023725558
24.384089999995595,-0.6413977658932815
24.400779999995592,-0.574854379008739
24.41746999999559,-0.5077910127622306
24.434159999995586,-0.4342255513909855
24.450849999995583,-0.3539907243670465
24.46753999999558,-0.26451539612417413
24.484229999995577,-0.17596852457698398
24.500919999995574,-0.08984075228510958
24.51760999999557,-0.014059929571059443
24.534299999995568,0.03584657974080799
24.550989999995565,0.053495332310623096
24.567679999995562,0.042675418366911876
24.58436999999556,0.012266553985869632
24.601059999995556,-0.02675824844156271
24.617749999995553,-0.06635817780406078
24.63443999999555,-0.09645718960686757
24.651129999995547,-0.11148644719286878
24.667819999995544,-0.10408549223581673
24.68450999999554,-0.06645200121944576
24.701199999995538,0.01820254537730677
24.717889999995535,0.16385321649803025
24.734579999995532,0.3702444137324234
24.75126999999553,0.633613708714427
24.767959999995526,0.9494800285089823
24.784649999995523,1.305238832872487
24.80133999999552,1.6887109947374344
24.818029999995517,2.0705008139354146
24.834719999995514,2.3984622272032805
24.85140999999551,2.6179459366392965
24.868099999995508,2.679207666193885
24.884789999995505,2.5545136433106466
24.9014799999955,2.2244868008654644
24.9181699999955,1.708899282926452
24.934859999995496,1.0712906752846538
24.951549999995493,0.37670396280638735
24.96823999999549,-0.31552333116234155
24.984929999995487,-0.9480621163008918
25.001619999995484,-1.5018216682199441
25.01830999999548,-1.96335537585111
25.034999999995478,-2.3183735368711678
25.051689999995475,-2.5794106971773987
25.06837999999547,-2.7543327161838165
25.08506999999547,-2.838249033639915
25.101759999995465,-2.833890598811205
25.118449999995462,-2.7345811018929393
25.13513999999546,-2.5335994317922284
25.151829999995456,-2.2457046799938123
25.168519999995453,-1.8892188691919303
25.18520999999545,-1.4878624305015786
25.201899999995447,-1.0716265158189993
25.218589999995444,-0.6447237712679565
25.23527999999544,-0.21874447964304364
25.25196999999544,0.19977220325591563
25.268659999995435,0.6055446946215127
25.285349999995432,0.9791530005041353
25.30203999999543,1.3047562373758628
25.318729999995426,1.5861336080529087
25.335419999995423,1.8145066986741192
25.35210999999542,1.9896652196503568
25.368799999995417,2.1098740448233007
25.385489999995414,2.1746374116138494
25.40217999999541,2.1929969339677293
25.418869999995408,2.1718568819821766
25.435559999995405,2.1072375983985
25.452249999995402,1.9842445812931135
25.4689399999954,1.7891906887615239
25.485629999995396,1.527749255502637
25.502319999995393,1.2108092227168858
25.51900999999539,0.8429557331417624
25.535699999995387,0.43993073679635314
25.552389999995384,0.0176230316286232
25.56907999999538,-0.39320644413519806
25.585769999995378,-0.7652355041400258
25.602459999995375,-1.0636913565958432
25.619149999995372,-1.2658425480610087
25.63583999999537,-1.3684846661490833
25.652529999995366,-1.3666842626006344
25.669219999995363,-1.2659302657865252
25.68590999999536,-1.0856441798137038
25.702599999995357,-0.833731748820736
25.719289999995354,-0.5334691974161835
25.73597999999535,-0.22702504231075646
25.752669999995348,0.06103142044705472
25.769359999995345,0.28271942113554516
25.786049999995342,0.39272025689468804
25.80273999999534,0.3724018404971281
25.819429999995336,0.23108561908795724
25.836119999995333,-0.00785729380242121
25.85280999999533,-0.2981756232700625
25.869499999995327,-0.6099570446915469
25.886189999995324,-0.9220529740249515
25.90287999999532,-1.2020022669665935
25.919569999995318,-1.4274009350532584
25.936259999995315,-1.592271902631294
25.95294999999531,-1.6890988051173548
25.96963999999531,-1.7135444363437606
25.986329999995306,-1.653505048654618
26.003019999995303,-1.5022027260625679
26.0197099999953,-1.2604463779890926
26.036399999995297,-0.9509991516850232
26.053089999995294,-0.5897837348460356
26.06977999999529,-0.17909873788544892
26.086469999995288,0.27468524273404754
26.103159999995285,0.7547308932855123
26.11984999999528,1.2329481957601223
26.13653999999528,1.6690886827625417
26.153229999995276,2.034182079707411
26.169919999995273,2.3128764246286098
26.18660999999527,2.495830209397292
26.203299999995266,2.580831260370842
26.219989999995263,2.5680023790441706
26.23667999999526,2.4649981962098653
26.253369999995257,2.288148636869029
26.270059999995254,2.0521726023812144
26.28674999999525,1.784632611750268
26.30343999999525,1.5049268734368133
26.320129999995245,1.2210592183396554
26.336819999995242,0.9269326242269602
26.35350999999524,0.62436022323853
26.370199999995236,0.2901276138351523
26.386889999995233,-0.09216173675545965
26.40357999999523,-0.5270794398702836
26.420269999995227,-1.0050667454467965
26.436959999995224,-1.493283908949111
26.45364999999522,-1.9546672231956292
26.47033999999522,-2.3521970978614775
26.487029999995215,-2.665379537706899
26.503719999995212,-2.885083271939772
26.52040999999521,-2.9881902889978345
26.537099999995206,-2.9674578619696677
26.553789999995203,-2.8243730043561976
26.5704799999952,-2.563209091583383
26.587169999995197,-2.1955729881261448
26.603859999995194,-1.7301507698774297
26.62054999999519,-1.1783241656230565
26.637239999995188,-0.5822631315906931
26.653929999995185,0.026248637401102785
26.670619999995182,0.598379777097819
26.68730999999518,1.0970756112675355
26.703999999995176,1.502937203035122
26.720689999995173,1.7902031841569492
26.73737999999517,1.9465549088280616
26.754069999995167,1.9664583592982057
26.770759999995164,1.859778293354706
26.78744999999516,1.6590096967933126
26.804139999995158,1.3937066006102585
26.820829999995155,1.0947344265091379
26.837519999995152,0.8087002356067595
26.85420999999515,0.5481442931612601
26.870899999995146,0.31943751888691313
26.887589999995143,0.13968669648210943
26.90427999999514,0.01278256586541702
26.920969999995137,-0.0654247976758578
26.937659999995134,-0.09319096260400822
26.95434999999513,-0.06605931327597855
26.971039999995128,0.015272432001334671
26.987729999995125,0.15073854067959472
27.00441999999512,0.3340207094117338
27.02110999999512,0.5235527287453197
27.037799999995116,0.6821384285443124
27.054489999995113,0.7793928431553231
27.07117999999511,0.7988197126114913
27.087869999995107,0.7335744058312017
27.104559999995104,0.5897026072030206
27.1212499999951,0.3735553282848595
27.137939999995098,0.125904680476986
27.154629999995095,-0.12056001795121406
27.17131999999509,-0.3390569651166523
27.18800999999509,-0.5051580552015067
27.204699999995086,-0.619159460574818
27.221389999995083,-0.7026023893776441
27.23807999999508,-0.7566466277137506
27.254769999995077,-0.8072143687197925
27.271459999995074,-0.8739563376918178
27.28814999999507,-0.9666368980667355
27.304839999995068,-1.091854497425248
27.321529999995064,-1.2452883896401332
27.33821999999506,-1.3989625332715352
27.35490999999506,-1.537696109625829
27.371599999995055,-1.6363563225926478
27.388289999995052,-1.6902315000990311
27.40497999999505,-1.685057957021882
27.421669999995046,-1.6044218874400848
27.438359999995043,-1.4338453642224418
27.45504999999504,-1.1702264200271775
27.471739999995037,-0.8104717272957815
27.488429999995034,-0.3748272505822024
27.50511999999503,0.12047088523328557
27.52180999999503,0.6591417150738831
27.538499999995025,1.2206261814000257
27.555189999995022,1.7774577824606117
27.57187999999502,2.301145443450969
27.588569999995016,2.7413943415211155
27.605259999995013,3.0622207465891464
27.62194999999501,3.23026075116513
27.638639999995007,3.2301482038933855
27.655329999995004,3.065784154466198
27.672019999995,2.7480284687559196
27.688709999994998,2.306719841901419
27.705399999994995,1.775116750962203
27.722089999994992,1.1720887670699907
27.73877999999499,0.531733797383415
27.755469999994986,-0.1118407634856814
27.772159999994983,-0.7251271025982631
27.78884999999498,-1.2618480294146228
27.805539999994977,-1.6988122109979336
27.822229999994974,-2.0261767401417083
27.83891999999497,-2.243100423567183
27.855609999994968,-2.3475309235621444
27.872299999994965,-2.33989147300804
27.888989999994962,-2.234355998286999
27.90567999999496,-2.044479299677914
27.922369999994956,-1.7884913626924264
27.939059999994953,-1.510544964384777
27.95574999999495,-1.2481748557416898
27.972439999994947,-1.0141542469966935
27.989129999994944,-0.8243884025269705
28.00581999999494,-0.6730411311035455
28.022509999994938,-0.5361135538932867
28.039199999994935,-0.39996273273546373
28.055889999994932,-0.2584913680992328
28.07257999999493,-0.10491615953679527
28.089269999994926,0.07281613854006641
28.105959999994923,0.2603155978948764
28.12264999999492,0.4458512739648927
28.139339999994917,0.6236342471461526
28.156029999994914,0.7841990448385413
28.17271999999491,0.9056119626178541
28.189409999994908,0.9890239620485749
28.206099999994905,1.0192580709231387
28.2227899999949,0.9849909660009433
28.2394799999949,0.8962183942915265
28.256169999994896,0.7679026454965062
28.272859999994893,0.6194474889389057
28.28954999999489,0.46662953017613873
28.306239999994887,0.33373931812256097
28.322929999994884,0.24141936880390416
28.33961999999488,0.1936329292166186
28.356309999994878,0.18916360019025813
28.372999999994875,0.23344767957689902
28.38968999999487,0.3171662821119949
28.40637999999487,0.44650281013029147
28.423069999994865,0.6177313001588431
28.439759999994862,0.8061845602664702
28.45644999999486,0.9913137653781751
28.473139999994856,1.1657695728909585
28.489829999994853,1.3098605059271466
28.50651999999485,1.4118566034947788
28.523209999994847,1.454728437396724
28.539899999994844,1.405195202534225
28.55658999999484,1.2487594501405535
28.57327999999484,0.9806418667230187
28.589969999994835,0.5911955601230514
28.606659999994832,0.08619837953086253
28.62334999999483,-0.5019965355089652
28.640039999994826,-1.1158368087664419
28.656729999994823,-1.684280602750621
28.67341999999482,-2.1652404830935037
28.690109999994817,-2.5410558312540603
28.706799999994814,-2.805081053239144
28.72348999999481,-2.9574531699514903
28.740179999994808,-2.9878516415835823
28.756869999994805,-2.887646762115718
28.773559999994802,-2.6616978338649955
28.7902499999948,-2.3366494654674193
28.806939999994796,-1.9216970725261686
28.823629999994793,-1.4384078939494864
28.84031999999479,-0.9145162230396086
28.857009999994787,-0.3723352959300245
28.873699999994784,0.15990649690018918
28.89038999999478,0.6415933207180947
28.907079999994778,1.0511000921967861
28.923769999994775,1.3900346396405068
28.940459999994772,1.6700039383709842
28.95714999999477,1.9012515308159172
28.973839999994766,2.0898671310496546
28.990529999994763,2.2264651011019416
29.00721999999476,2.312707307106022
29.023909999994757,2.365167499445473
29.040599999994754,2.3772155987923744
29.05728999999475,2.3438395724158854
29.073979999994748,2.2442954843074086
29.090669999994745,2.052124436061728
29.107359999994742,1.7698499728579593
29.12404999999474,1.4283276015725863
29.140739999994736,1.0405532566100082
29.157429999994733,0.6366003707042155
29.17411999999473,0.2369707682694555
29.190809999994727,-0.15683810923307762
29.207499999994724,-0.5452057854815355
29.22418999999472,-0.902595709530228
29.240879999994718,-1.2244868090563568
29.257569999994715,-1.4895898760412725
29.27425999999471,-1.672925525168179
29.29094999999471,-1.7889402192262058
29.307639999994706,-1.8402320941805663
29.324329999994703,-1.8143858504140093
29.3410199999947,-1.719741121628342
29.357709999994697,-1.5452900693427953
29.374399999994694,-1.2795337255846473
29.39108999999469,-0.9551854654143123
29.407779999994688,-0.5846798901270479
29.424469999994685,-0.19083381008408848
29.44115999999468,0.17496335220146303
29.45784999999468,0.468175030135072
29.474539999994676,0.6448009636237716
29.491229999994673,0.6735229239923595
29.50791999999467,0.5594466060438172
29.524609999994667,0.3303682707634657
29.541299999994663,0.038223602397201954
29.55798999999466,-0.2661040535015655
29.574679999994657,-0.5413742304412656
29.591369999994654,-0.7541222975506516
29.60805999999465,-0.8991547742999866
29.62474999999465,-0.9682287004320589
29.641439999994645,-0.9508902748208229
29.658129999994642,-0.8400753175419711
29.67481999999464,-0.6291072185752313
29.691509999994636,-0.3380668984289843
29.708199999994633,0.006938400740719458
29.72488999999463,0.38836997660316364
29.741579999994627,0.7732294377176128
29.758269999994624,1.1381439109558131
29.77495999999462,1.459820949529476
29.79164999999462,1.7108453832372121
29.808339999994615,1.8837202207446908
29.825029999994612,1.9827930887766765
29.84171999999461,2.0100165212998062
29.858409999994606,1.9769338672714631
29.875099999994603,1.8934309389319308
29.8917899999946,1.7659170555296264
29.908479999994597,1.5935227212228729
29.925169999994594,1.372645815193553
29.94185999999459,1.0981359432410263
29.958549999994588,0.7746215096380211
29.975239999994585,0.4140977350889826
29.991929999994582,0.03618277941043603
30.00861999999458,-0.3470833608630069
30.025309999994576,-0.7117354439585242
30.041999999994573,-1.0495206012604523
30.05868999999457,-1.3489601433101468
30.075379999994567,-1.6114682903579054
30.092069999994564,-1.843549548468695
30.10875999999456,-2.0498815966649095
30.125449999994558,-2.2236301355241257
30.142139999994555,-2.37194013946399
30.158829999994552,-2.479065607039372
30.17551999999455,-2.524552221920326
30.192209999994546,-2.494450165179905
30.208899999994543,-2.363848944583213
30.22558999999454,-2.1336408637723734
30.242279999994537,-1.802617790254845
30.258969999994534,-1.373661454054307
30.27565999999453,-0.8506731689978719
30.292349999994528,-0.25188805885277915
30.309039999994525,0.40014500634746186
30.325729999994522,1.0535838102285162
30.34241999999452,1.6659657184499603
30.359109999994516,2.1937244902189756
30.375799999994513,2.572669892724351
30.39248999999451,2.7616339544111645
30.409179999994507,2.7550832588110175
30.425869999994504,2.565762450023681
30.4425599999945,2.2400653089905855
30.459249999994498,1.8372868922100172
30.475939999994495,1.4040159919886195
30.49262999999449,0.9705115798390836
30.50931999999449,0.561838715193996
30.526009999994486,0.19678951077037393
30.542699999994483,-0.09588595393441296
30.55938999999448,-0.3173722811522462
30.576079999994477,-0.4583402425914838
30.592769999994474,-0.5327541984413295
30.60945999999447,-0.5629502671130026
30.626149999994468,-0.5593945474954127
30.642839999994465,-0.5255015620084156
30.65952999999446,-0.4790712894365752
30.67621999999446,-0.4282052381099329
30.692909999994455,-0.3711592316097622
30.709599999994452,-0.32248197195584744
30.72628999999445,-0.28835316483088574
30.742979999994446,-0.26986936832935066
30.759669999994443,-0.2645443662227338
30.77635999999444,-0.26997143521317934
30.793049999994437,-0.28859501338669796
30.809739999994434,-0.33440800840873913
30.82642999999443,-0.40706815847793604
30.84311999999443,-0.50049964909006
30.859809999994425,-0.6018737058158853
30.876499999994422,-0.6927238443968179
30.89318999999442,-0.7579489722871967
30.909879999994416,-0.7972655101405589
30.926569999994413,-0.8032846396777495
30.94325999999441,-0.7766637780000231
30.959949999994407,-0.7350684630848359
30.976639999994404,-0.6922487259484924
30.9933299999944,-0.6589742641093631
31.010019999994398,-0.647241659046464
31.026709999994395,-0.650980188620484
31.043399999994392,-0.6558915271848159
31.06008999999439,-0.651777079661601
31.076779999994386,-0.6203282472034727
31.093469999994383,-0.5439860786525607
31.11015999999438,-0.40669982329982973
31.126849999994377,-0.20431512729923076
31.143539999994374,0.05794537166736105
31.16022999999437,0.3920205302303318
31.176919999994368,0.7808201584732157
31.193609999994365,1.2097928926654191
31.210299999994362,1.6575222475199733
31.22698999999436,2.093473469642908
31.243679999994356,2.4665028259946493
31.260369999994353,2.7363731293247975
31.27705999999435,2.8569203056915375
31.293749999994347,2.784763341886504
31.310439999994344,2.5233730112539057
31.32712999999434,2.104777001805963
31.343819999994338,1.561763929466559
31.360509999994335,0.9477095790489418
31.377199999994332,0.32735536726165093
31.39388999999433,-0.2694738256398974
31.410579999994326,-0.8182566011587332
31.427269999994323,-1.3138867786772666
31.44395999999432,-1.7549110237537473
31.460649999994317,-2.127927660263322
31.477339999994314,-2.4075079027058974
31.49402999999431,-2.5856966265423478
31.510719999994308,-2.661334203284245
31.527409999994305,-2.641974253929167
31.5440999999943,-2.5321682985275307
31.5607899999943,-2.335238267787301
31.577479999994296,-2.04989946252327
31.594169999994293,-1.7069090540194634
31.61085999999429,-1.3222698611188217
31.627549999994287,-0.921458203988283
31.644239999994284,-0.5173403331553453
31.66092999999428,-0.12385450620268633
31.677619999994278,0.22820246668595492
31.694309999994275,0.5191286833871247
31.71099999999427,0.7430646873181012
31.72768999999427,0.8953058027279754
31.744379999994266,0.9939073154818294
31.761069999994263,1.066422289899271
31.77775999999426,1.1284222763384146
31.794449999994256,1.189162033822861
31.811139999994253,1.2510898285896195
31.82782999999425,1.3133153329095637
31.844519999994247,1.3572327236337172
31.861209999994244,1.3881031192333786
31.87789999999424,1.3908072492819754
31.89458999999424,1.3311088590079836
31.911279999994235,1.1827490876077815
31.927969999994232,0.9629344605668623
31.94465999999423,0.6770815832516602
31.961349999994226,0.36638792686396554
31.978039999994223,0.05788185352733107
31.99472999999422,-0.2116242343339841
32.01141999999422,-0.42101895611589446
32.028109999994214,-0.5547875309938437
32.04479999999421,-0.6138040937299499
32.06148999999421,-0.5920539499848188
32.078179999994205,-0.4983478849360639
32.0948699999942,-0.3337811239071843
32.1115599999942,-0.11069950072306596
32.128249999994196,0.13388340170365953
32.14493999999419,0.35904675032060973
32.16162999999419,0.5365527719508897
32.17831999999419,0.6237921093147626
32.195009999994184,0.6072437946699966
32.21169999999418,0.4790334275458574
32.22838999999418,0.2516403106887646
32.245079999994175,-0.042614632804009386
32.26176999999417,-0.3604192420201334
32.27845999999417,-0.6982506508509807
32.295149999994166,-1.026230372418252
32.31183999999416,-1.3508994859194072
32.32852999999416,-1.6628411321126273
32.34521999999416,-1.920091532598152
32.361909999994154,-2.095800508256146
32.37859999999415,-2.1935935598380922
32.39528999999415,-2.197420323454967
32.411979999994145,-2.1103366996401838
32.42866999999414,-1.9291442433229127
32.44535999999414,-1.6488327242054404
32.462049999994136,-1.265994350988364
32.47873999999413,-0.7954736190772757
32.49542999999413,-0.2540058336792804
32.51211999999413,0.32257428688739037
32.528809999994124,0.8950609855221886
32.54549999999412,1.415980736430847
32.56218999999412,1.853174740833178
32.578879999994115,2.1874851513680587
32.59556999999411,2.4099049215741353
32.61225999999411,2.5147718448289185
32.628949999994106,2.5186314844112068
32.6456399999941,2.441022822632695
32.6623299999941,2.3040844825836517
32.6790199999941,2.133725148982459
32.695709999994094,1.9460480344507034
32.71239999999409,1.7534319067473942
32.72908999999409,1.5559236900137334
32.745779999994085,1.3346955736048618
32.76246999999408,1.0719673846974198
32.77915999999408,0.7502297427626508
32.795849999994076,0.3773232670964102
32.81253999999407,-0.04314122235142958
32.82922999999407,-0.48380577157083277
32.84591999999407,-0.9202480414289816
32.86260999999406,-1.344258458103747
32.87929999999406,-1.7344639086982065
32.89598999999406,-2.0610792840471217
32.912679999994054,-2.307978757992931
32.92936999999405,-2.448125422486593
32.94605999999405,-2.4610422272862245
32.962749999994045,-2.3747416221368383
32.97943999999404,-2.184903819291351
32.99612999999404,-1.9036378172405743
33.012819999994036,-1.5621424099248642
33.02950999999403,-1.1778483703144125
33.04619999999403,-0.7717656784446366
33.06288999999403,-0.37297423537594937
33.079579999994024,0.026845320193608378
33.09626999999402,0.41415129066805983
33.11295999999402,0.7497829807322411
33.129649999994015,1.0164343745651325
33.14633999999401,1.1899308839356564
33.16302999999401,1.266564084373701
33.179719999994006,1.2442550831832881
33.196409999994,1.1204152799142661
33.213099999994,0.911089072879661
33.229789999994,0.6402636138502888
33.246479999993994,0.35060450097218293
33.26316999999399,0.09310075937211794
33.27985999999399,-0.10637933080308194
33.296549999993985,-0.23755081789374777
33.31323999999398,-0.29454729285228465
33.32992999999398,-0.28527728119462137
33.346619999993976,-0.20635248020423494
33.36330999999397,-0.04436097210931739
33.37999999999397,0.1847038582212656
33.39668999999397,0.45833872438383344
33.413379999993964,0.7606283228794877
33.43006999999396,1.0552745332766262
33.44675999999396,1.295086149211453
33.463449999993955,1.4518643432826013
33.48013999999395,1.4860262315090964
33.49682999999395,1.4022132309350648
33.513519999993946,1.2285736734308084
33.53020999999394,0.9913653344129093
33.54689999999394,0.7232116405603131
33.56358999999394,0.4458388223681869
33.580279999993934,0.17840828976876444
33.59696999999393,-0.05430048459366208
33.61365999999393,-0.24761044627687553
33.630349999993925,-0.41739593908327915
33.64703999999392,-0.5732430549107927
33.66372999999392,-0.7347526827615101
33.680419999993916,-0.91308499375257
33.69710999999391,-1.112219746758632
33.71379999999391,-1.3191852888348148
33.73048999999391,-1.523901232276192
33.747179999993904,-1.712224563097438
33.7638699999939,-1.8656126339014028
33.7805599999939,-1.9685536274560012
33.797249999993895,-2.0075043432452024
33.81393999999389,-1.9851280764065176
33.83062999999389,-1.8695491072609478
33.847319999993886,-1.6736506930855786
33.86400999999388,-1.4000555287013523
33.88069999999388,-1.060498561514759
33.89738999999388,-0.6665474796673411
33.914079999993874,-0.24193966013243326
33.93076999999387,0.22258416717253204
33.94745999999387,0.718388178849749
33.964149999993865,1.2335341160918851
33.98083999999386,1.737723006833677
33.99752999999386,2.2015319646064997
34.014219999993855,2.5936229287352757
34.03090999999385,2.8732355783562604
34.04759999999385,3.028845104374407
34.064289999993846,3.0173303829652274
34.08097999999384,2.8364324843396607
34.09766999999384,2.492638255405317
34.11435999999384,2.020708341691897
34.131049999993834,1.4614191632687084
34.14773999999383,0.860353609680182
34.16442999999383,0.25415363738743374
34.181119999993825,-0.3078704775542913
34.19780999999382,-0.7886904353225243
34.21449999999382,-1.1720522718333408
34.231189999993816,-1.438058685131841
34.24787999999381,-1.6066111388604913
34.26456999999381,-1.6761228521492564
34.28125999999381,-1.650922294102227
34.297949999993804,-1.53785451436327
34.3146399999938,-1.370984666573227
34.3313299999938,-1.1546647221870447
34.348019999993795,-0.9446161971339052
34.36470999999379,-0.7632797387643773
34.38139999999379,-0.6358804211203547
34.398089999993786,-0.5754267038324645
34.41477999999378,-0.5567020833717556
34.43146999999378,-0.5483380361192344
34.44815999999378,-0.5388046023121766
34.464849999993774,-0.5125344960641078
34.48153999999377,-0.45961888717768423
34.49822999999377,-0.393105116589119
34.514919999993765,-0.3006032901996784
34.53160999999376,-0.19758082729760773
34.54829999999376,-0.09849931514919129
34.564989999993756,-0.016076289554106518
34.58167999999375,0.04968137458235453
34.59836999999375,0.0880974129447104
34.61505999999375,0.11161722687564626
34.631749999993744,0.11910288349865619
34.64843999999374,0.11762354554580744
34.66512999999374,0.11492265494664104
34.681819999993735,0.11015341478196998
34.69850999999373,0.10430019703089198
34.71519999999373,0.1077293317278976
34.731889999993726,0.11607360857186758
34.74857999999372,0.14280374115535663
34.76526999999372,0.2053844766082154
34.78195999999372,0.30294249542062807
34.798649999993714,0.4363550810731156
34.81533999999371,0.6086180304500122
34.83202999999371,0.7970385852516879
34.848719999993705,1.0002022388587668
34.8654099999937,1.213951603663679
34.8820999999937,1.4225560802927835
34.898789999993696,1.6252481655992546
34.91547999999369,1.8018452520681376
34.93216999999369,1.906201697392205
34.94885999999369,1.9080728233657016
34.965549999993684,1.7679982718262859
34.98223999999368,1.4659926600869406
34.99892999999368,1.0180893360225036
35.015619999993675,0.45003419478785517
35.03230999999367,-0.19309608420810828
35.04899999999367,-0.8420816174058039
35.065689999993666,-1.4545076144293507
35.08237999999366,-1.9859869164034607
35.09906999999366,-2.4121760125245135
35.11575999999366,-2.7100351151516304
35.13244999999365,-2.8791927902376697
35.14913999999365,-2.9194434528775215
35.16582999999365,-2.8509813851134713
35.182519999993644,-2.6625790604889175
35.19920999999364,-2.387862619239501
35.21589999999364,-2.026556935626597
35.232589999993635,-1.6080165615975617
35.24927999999363,-1.1571196939931518
35.26596999999363,-0.7014148933652554
35.282659999993626,-0.2491539818009059
35.29934999999362,0.17622709000213524
35.31603999999362,0.5685766959016535
35.33272999999362,0.9327563153067956
35.349419999993614,1.2577022508315139
35.36610999999361,1.5308380988159218
35.38279999999361,1.7457358728318275
35.399489999993605,1.8988731245127164
35.4161799999936,1.9949376878659983
35.4328699999936,2.042309321780208
35.449559999993596,2.037807869923737
35.46624999999359,1.9820247464457494
35.48293999999359,1.880712757878845
35.49962999999359,1.7346202777447965
35.516319999993584,1.567453983649216
35.53300999999358,1.3674286220456022
35.54969999999358,1.1400345995608872
35.566389999993575,0.8914115048622109
35.58307999999357,0.6135688824089549
35.59976999999357,0.30809854481622606
35.616459999993566,-0.003069587394246512
35.63314999999356,-0.2996261739620871
35.64983999999356,-0.5756526454212666
35.66652999999356,-0.8146442102209859
35.683219999993554,-1.014134880324948
35.69990999999355,-1.1655438699800913
35.71659999999355,-1.2732629461501381
35.733289999993545,-1.3077842358695675
35.74997999999354,-1.2712527788192136
35.76666999999354,-1.1649645304366745
35.783359999993536,-0.9654985843011472
35.80004999999353,-0.6963999594423447
35.81673999999353,-0.4087085042752896
35.83342999999353,-0.12204544542081139
35.850119999993524,0.12114930694349835
35.86680999999352,0.28233637573064013
35.88349999999352,0.34797193718530733
35.900189999993515,0.2735295919265255
35.91687999999351,0.06174128345657406
35.93356999999351,-0.23311681685978564
35.950259999993506,-0.5660641484680954
35.9669499999935,-0.8766230560601115
35.9836399999935,-1.1320898055979078
36.0003299999935,-1.325971607100749
36.017019999993494,-1.4465735638663924
36.03370999999349,-1.480178585160185
36.05039999999349,-1.4296013932002103
36.067089999993485,-1.2814243569933612
36.08377999999348,-1.040118977440518
36.10046999999348,-0.7227320774732314
36.117159999993476,-0.3532059674518744
36.13384999999347,0.03877019752213545
36.15053999999347,0.4464041265405846
36.16722999999347,0.8579692584396432
36.18391999999346,1.2794131083153168
36.20060999999346,1.6764092351507047
36.21729999999346,2.0115868662502905
36.233989999993454,2.257097792534261
36.25067999999345,2.410674929109158
36.26736999999345,2.4663589449286083
36.284059999993445,2.4300473087107495
36.30074999999344,2.2938355447250434
36.31743999999344,2.067268528751344
36.334129999993436,1.7665160132779367
36.35081999999343,1.4139183647282183
36.36750999999343,1.054688875673069
36.38419999999343,0.6817091901998278
36.400889999993424,0.3054982302178654
36.41757999999342,-0.04580560197017407
36.43426999999342,-0.39019942127115465
36.450959999993415,-0.7043197535219049
36.46764999999341,-0.9823636681502872
36.48433999999341,-1.2384949527108386
36.501029999993406,-1.4851064679354409
36.5177199999934,-1.7113673825842075
36.5344099999934,-1.939397282775537
36.5510999999934,-2.132854910333931
36.567789999993394,-2.282264269840002
36.58447999999339,-2.378491439683013
36.60116999999339,-2.402371115395482
36.617859999993385,-2.3378261477421054
36.63454999999338,-2.175197503259107
36.65123999999338,-1.9210133020579983
36.667929999993376,-1.564726570800845
36.68461999999337,-1.1170159252998906
36.70130999999337,-0.5885059722145659
36.71799999999337,-0.005548474516161445
36.734689999993364,0.5934712495546308
36.75137999999336,1.1389081835401142
36.76806999999336,1.5991581833289454
36.784759999993355,1.9363690551637465
36.80144999999335,2.1158190250067976
36.81813999999335,2.1357515669937492
36.834829999993346,2.011684646650276
36.85151999999334,1.7894573753777938
36.86820999999334,1.499948669743103
36.88489999999334,1.1694952008167179
36.901589999993334,0.8308233573207788
36.91827999999333,0.5097265774545734
36.93496999999333,0.22701370186945244
36.951659999993325,0.0136620942072917
36.96834999999332,-0.14167583031861403
36.98503999999332,-0.2454417126196236
37.001729999993316,-0.30013917349070385
37.01841999999331,-0.2931283865668877
37.03510999999331,-0.24317875442875198
37.05179999999331,-0.1387489961326934
37.068489999993304,-0.0030718837949833804
37.0851799999933,0.15327322700626134
37.1018699999933,0.29988710404899244
37.118559999993295,0.43384203985101144
37.13524999999329,0.5234974903492762
37.15193999999329,0.5624803823712018
37.168629999993286,0.5351251946094272
37.18531999999328,0.4479516464085427
37.20200999999328,0.2814342529502527
37.21869999999328,0.06002043717307867
37.235389999993274,-0.20035637969193937
37.25207999999327,-0.4752967323696234
37.26876999999327,-0.7251080228474035
37.285459999993265,-0.9377819619104577
37.30214999999326,-1.0998657001266041
37.31883999999326,-1.196021140172713
37.335529999993256,-1.246802783151981
37.35221999999325,-1.249455368914662
37.36890999999325,-1.22291591313184
37.38559999999325,-1.1900679342736606
37.40228999999324,-1.1595768504174695
37.41897999999324,-1.1356446117322503
37.43566999999324,-1.1342254144020039
37.452359999993234,-1.1319697339718249
37.46904999999323,-1.1194593007656788
37.48573999999323,-1.072231478950469
37.502429999993225,-0.9669474388496191
37.51911999999322,-0.7828971722551418
37.53580999999322,-0.5209112495174251
37.552499999993216,-0.18799251698218858
37.56918999999321,0.2049871623367523
37.58587999999321,0.6416413720363175
37.60256999999321,1.1020879500119798
37.619259999993204,1.5641003424701516
37.6359499999932,2.006986781155312
37.6526399999932,2.3865058898478524
37.669329999993195,2.673241080769533
37.68601999999319,2.828044956991203
37.70270999999319,2.826432642090123
37.719399999993186,2.666276941421092
37.73608999999318,2.3803143340224135
37.75277999999318,1.9768391419651195
37.76946999999318,1.4825121640176826
37.786159999993174,0.934828469370567
37.80284999999317,0.362929375425505
37.81953999999317,-0.21199541358350452
37.836229999993165,-0.7395543509321438
37.85291999999316,-1.2130828318348326
37.86960999999316,-1.622819009768282
37.886299999993156,-1.9341469498869144
37.90298999999315,-2.138753041442116
37.91967999999315,-2.2577912762823305
37.93636999999315,-2.2773411195300626
37.953059999993144,-2.222222811626324
37.96974999999314,-2.0838676807073866
37.98643999999314,-1.859895740199905
38.003129999993135,-1.5596942047689335
38.01981999999313,-1.2089919050633935
38.03650999999313,-0.8371675252470077
38.053199999993126,-0.4882499222987435
38.06988999999312,-0.17754102379281012
38.08657999999312,0.06136186827189476
38.10326999999312,0.2045379446867462
38.119959999993114,0.2699983294463558
38.13664999999311,0.2850897450819794
38.15333999999311,0.2741520860964895
38.170029999993105,0.2793552672955755
38.1867199999931,0.31978334802430475
38.2034099999931,0.3919305504004812
38.220099999993096,0.48687495687767707
38.23678999999309,0.6083502504964006
38.25347999999309,0.7295642428886543
38.27016999999309,0.8288141447012062
38.286859999993084,0.8927648546027136
38.30354999999308,0.9050516309810172
38.32023999999308,0.8566720936650514
38.336929999993075,0.7612322762704679
38.35361999999307,0.6275784326887724
38.37030999999307,0.4747465405917045
38.386999999993066,0.32911568159661514
38.40368999999306,0.21276118685204126
38.42037999999306,0.13943574016128138
38.43706999999306,0.11962306749566094
38.45375999999305,0.13574426637043627
38.47044999999305,0.2072298190065731
38.48713999999305,0.31742765607561024
38.503829999993044,0.4575082708573142
38.52051999999304,0.6039891653135463
38.53720999999304,0.7478775626178347
38.553899999993035,0.8536041797409961
38.57058999999303,0.9242050058772072
38.58727999999303,0.9401472791915767
38.603969999993026,0.8883387587270719
38.62065999999302,0.7507785840302973
38.63734999999302,0.5299763620325183
38.65403999999302,0.22652883315229574
38.670729999993014,-0.1292257767086449
38.68741999999301,-0.5237535139302644
38.70410999999301,-0.9252682787778667
38.720799999993005,-1.337607795850927
38.737489999993,-1.7228795972731097
38.754179999993,-2.0651068167341027
38.770869999992996,-2.3353672261281084
38.78755999999299,-2.529151873559534
38.80424999999299,-2.6095387064338516
38.82093999999299,-2.589809789125097
38.837629999992984,-2.445350551830937
38.85431999999298,-2.173651078152101
38.87100999999298,-1.7733926813406693
38.887699999992975,-1.285097712456437
38.90438999999297,-0.7253538231963904
38.92107999999297,-0.12271843300843638
38.937769999992966,0.4740317468038155
38.95445999999296,1.0197945168239269
38.97114999999296,1.496258662210438
38.98783999999296,1.8511313788351236
39.004529999992954,2.0688656826892635
39.02121999999295,2.1822071810084482
39.03790999999295,2.2092691322193576
39.054599999992945,2.171706560650057
39.07128999999294,2.109424942858919
39.08797999999294,2.034033670319031
39.104669999992936,1.9426996524030904
39.12135999999293,1.8313222270129317
39.13804999999293,1.685826951671032
39.15473999999293,1.4902698267462817
39.171429999992924,1.2493257306122099
39.18811999999292,0.9670639104005323
39.20480999999292,0.6559972398188127
39.221499999992915,0.31890998247956376
39.23818999999291,-0.043560799406279195
39.25487999999291,-0.41468272534609607
39.271569999992906,-0.7675656633241458
39.2882599999929,-1.0860091558235714
39.3049499999929,-1.3424380884689209
39.3216399999929,-1.537119255515079
39.338329999992894,-1.6683894147544944
39.35501999999289,-1.7363430454846358
39.37170999999289,-1.7308336794017096
39.388399999992885,-1.6531589427381217
39.40508999999288,-1.5027160698337758
39.42177999999288,-1.3150825011321834
39.438469999992876,-1.0893960316476465
39.45515999999287,-0.8386153159742002
39.47184999999287,-0.5694895683072297
39.48853999999287,-0.29117274513506636
39.505229999992864,-0.012817987603896793
39.52191999999286,0.24304907637324805
39.53860999999286,0.4634431893661821
39.555299999992855,0.6223817103121823
39.57198999999285,0.6865844876221779
39.58867999999285,0.6490002308855637
39.605369999992845,0.5005450013367656
39.62205999999284,0.2717316607469882
39.63874999999284,0.00344621490136369
39.655439999992836,-0.26635430362287366
39.67212999999283,-0.5012358351510299
39.68881999999283,-0.668046081154508
39.70550999999283,-0.757375752156554
39.722199999992824,-0.7626701643954445
39.73888999999282,-0.6646031570422573
39.75557999999282,-0.4830867623852021
39.772269999992815,-0.22826929163946305
39.78895999999281,0.09149798012552707
39.80564999999281,0.4577359656311666
39.822339999992806,0.8395969439313463
39.8390299999928,1.2108368569400756
39.8557199999928,1.52020595751016
39.8724099999928,1.7369886702733865
39.889099999992794,1.843154695433477
39.90578999999279,1.8266450964299634
39.92247999999279,1.7195695511314943
39.939169999992785,1.534769914021497
39.95585999999278,1.2946055472024647
39.97254999999278,1.0267545354676355
39.989239999992776,0.7554121546051626
40.00592999999277,0.4745752754093566
40.02261999999277,0.2073991628775728
40.03930999999277,-0.0654951605158242
40.055999999992764,-0.3447286414753311
40.07268999999276,-0.6259744195468163
40.08937999999276,-0.8924252344502651
40.106069999992755,-1.1496467694534496
40.12275999999275,-1.3850898730152978
40.13944999999275,-1.6035961579835893
40.156139999992746,-1.7952264334112986
40.17282999999274,-1.9403257456258591
40.18951999999274,-2.031812270841896
40.20620999999274,-2.0578701020357353
40.222899999992734,-2.016314604897018
40.23958999999273,-1.9260087317162902
40.25627999999273,-1.778596128383681
40.272969999992725,-1.575797833564876
40.28965999999272,-1.3276993521458267
40.30634999999272,-1.0244670927691033
40.323039999992716,-0.6703805901261621
40.33972999999271,-0.2792773689194635
40.35641999999271,0.15612393266225705
40.37310999999271,0.6221752555894214
40.389799999992704,1.0956609807255453
40.4064899999927,1.5666204688655143
40.4231799999927,1.9947641381249746
40.439869999992695,2.3575776992310566
40.45655999999269,2.5942040076164115
40.47324999999269,2.670484183161789
40.489939999992686,2.5628011104058794
40.50662999999268,2.2887317004344423
40.52331999999268,1.881502094777302
40.54000999999268,1.4093421801743953
40.556699999992674,0.9031256408388543
40.57338999999267,0.4157438822665148
40.59007999999267,-0.021216641270107497
40.606769999992665,-0.40124901264616886
40.62345999999266,-0.698537696381616
40.64014999999266,-0.9172455864408159
40.656839999992656,-1.041655222963272
40.67352999999265,-1.0832473755256926
40.69021999999265,-1.0393937936468511
40.70690999999265,-0.9255902522133755
40.72359999999264,-0.7627068756527366
40.74028999999264,-0.5785180610865567
40.75697999999264,-0.40150754022811536
40.773669999992634,-0.2629220652208299
40.79035999999263,-0.172341927828404
40.80704999999263,-0.1268431271361091
40.823739999992625,-0.11961861675482466
40.84042999999262,-0.14380226026124315
40.85711999999262,-0.18606910947180139
40.873809999992616,-0.22818893936927873
40.89049999999261,-0.27597162726103497
40.90718999999261,-0.3175875817627016
40.92387999999261,-0.35232099349689366
40.940569999992604,-0.39943179055757316
40.9572599999926,-0.45337740664609016
40.9739499999926,-0.5064598114461903
40.990639999992595,-0.5610456802590561
41.00732999999259,-0.5884083439372875
41.02401999999259,-0.5695884440315189
41.040709999992586,-0.52649987436641
41.05739999999258,-0.4558225274614779
41.07408999999258,-0.3666657025595397
41.09077999999258,-0.2680765717327209
41.107469999992574,-0.15927090176030956
41.12415999999257,-0.038523079248342876
41.14084999999257,0.08008028102479063
41.157539999992565,0.19962308971169143
41.17422999999256,0.30865316029519263
41.19091999999256,0.4287391868391897
41.207609999992556,0.5667625170397703
41.22429999999255,0.7335262690326793
41.24098999999255,0.9337549934421312
41.25767999999255,1.1649735971303026
41.274369999992544,1.4227441874434257
41.29105999999254,1.6875969118610936
41.30774999999254,1.952718708702666
41.324439999992535,2.171889295244458
41.34112999999253,2.3027396247560055
41.35781999999253,2.3070722335648117
41.374509999992526,2.1602729756086942
41.39119999999252,1.8405265928467405
41.40788999999252,1.394824343785378
41.42457999999252,0.8396365032451805
41.441269999992514,0.2339352212913215
41.45795999999251,-0.38830489590579853
41.47464999999251,-0.9783444542208777
41.491339999992505,-1.5017842167102697
41.5080299999925,-1.925530456783694
41.5247199999925,-2.252448646190919
41.541409999992496,-2.474275257211147
41.55809999999249,-2.5964955068301823
41.57478999999249,-2.609996789423492
41.59147999999249,-2.507915848012177
41.608169999992484,-2.3202193223859324
41.62485999999248,-2.0463346041458266
41.64154999999248,-1.7199510182342457
41.658239999992475,-1.354047908834183
41.67492999999247,-0.965526280583988
41.69161999999247,-0.5714407584901174
41.708309999992466,-0.19558625719996198
41.72499999999246,0.18099014607198183
41.74168999999246,0.5239748092580746
41.75837999999246,0.8370078427310497
41.77506999999245,1.089538957064879
41.79175999999245,1.272870846086894
41.80844999999245,1.3733926984596934
41.825139999992444,1.4063920192755452
41.84182999999244,1.3915772936274031
41.85851999999244,1.3420657511523433
41.875209999992435,1.2698460136480443
41.89189999999243,1.1982151624337227
41.90858999999243,1.1289074380499597
41.925279999992426,1.0676395651957138
41.94196999999242,1.0234649486780871
41.95865999999242,0.9608334044999345
41.97534999999242,0.8812429310520253
41.992039999992414,0.7665145388929687
42.00872999999241,0.622627089927315
42.02541999999241,0.4439032557590396
42.042109999992405,0.24318912541516505
42.0587999999924,0.02468856368576629
42.0754899999924,-0.17667283370986114
42.092179999992396,-0.3545476042019267
42.10886999999239,-0.4765285884771912
42.12555999999239,-0.5542636586846829
42.14224999999239,-0.5756451540178569
42.158939999992384,-0.5492905476781097
42.17562999999238,-0.46692070260997703
42.19231999999238,-0.341254274578722
42.209009999992375,-0.16299132663555355
42.22569999999237,0.02238225505312777
42.24238999999237,0.195777200431755
42.259079999992366,0.31500652152851966
42.27576999999236,0.3452430918843838
42.29245999999236,0.2591327079736952
42.30914999999236,0.0696419260385175
42.325839999992354,-0.2143097236404138
42.34252999999235,-0.541612557977054
42.35921999999235,-0.8697901186645718
42.375909999992345,-1.1773080907513345
42.39259999999234,-1.441163774433406
42.40928999999234,-1.6431508888882318
42.425979999992336,-1.7762639004820235
42.44266999999233,-1.835407272563624
42.45935999999233,-1.8142338836414644
42.47604999999233,-1.715653353800298
42.492739999992324,-1.5326829292220567
42.50942999999232,-1.2686584136194172
42.52611999999232,-0.9319857490604275
42.542809999992315,-0.5389744449156934
42.55949999999231,-0.10118128906108971
42.57618999999231,0.37884961900603437
42.592879999992306,0.8717098819680207
42.6095699999923,1.355808357383835
42.6262599999923,1.802721071202185
42.6429499999923,2.162729878605682
42.659639999992294,2.4073562903376393
42.67632999999229,2.5209441245880515
42.69301999999229,2.4896229768168636
42.709709999992285,2.349906745206431
42.72639999999228,2.1268802579212296
42.74308999999228,1.8463146404133788
42.759779999992276,1.5410452064262334
42.77646999999227,1.2138665636478134
42.79315999999227,0.8831423708264169
42.80984999999227,0.5828208891077745
42.826539999992264,0.2941618225132186
42.84322999999226,0.036391420613323004
42.85991999999226,-0.21559768225874285
42.876609999992255,-0.46534593555980197
42.89329999999225,-0.7280674161615984
42.90998999999225,-0.9839705331650618
42.926679999992245,-1.2428494256220237
42.94336999999224,-1.4816992604999109
42.96005999999224,-1.7060500113202712
42.976749999992236,-1.887360883135775
42.99343999999223,-2.0198792356731374
43.01012999999223,-2.085747360946364
43.02681999999223,-2.0686744352336643
43.043509999992224,-1.968462713508528
43.06019999999222,-1.7665530845918407
43.07688999999222,-1.4822026710217102
43.093579999992215,-1.1202556507485073
43.11026999999221,-0.6985373298405033
43.12695999999221,-0.25568239565532425
43.143649999992206,0.17865744626253424
43.1603399999922,0.5902407085196629
43.1770299999922,0.9297547825620087
43.1937199999922,1.1781561208035891
43.210409999992194,1.3323132224575998
43.22709999999219,1.3680081479855506
43.24378999999219,1.321139806332823
43.260479999992185,1.1969976687891886
43.27716999999218,1.0183595159599703
43.29385999999218,0.7984304139952123
43.310549999992176,0.560711186274028
43.32723999999217,0.3256100780011493
43.34392999999217,0.12896524573925044
43.36061999999217,-0.041030861551782115
43.377309999992164,-0.1646281199310515
43.39399999999216,-0.23961941751196214
43.41068999999216,-0.263494938244853
43.427379999992155,-0.21963422376439698
43.44406999999215,-0.10344900238946637
43.46075999999215,0.08052903079565815
43.477449999992146,0.3191480141242644
43.49413999999214,0.5865495818497616
43.51082999999214,0.8388487372695294
43.52751999999214,1.0432441966257044
43.544209999992134,1.167431792011796
43.56089999999213,1.1981663381536796
43.57758999999213,1.1231867931708968
43.594279999992125,0.9595737963673124
43.61096999999212,0.7119671840728938
43.62765999999212,0.4238798703086115
43.644349999992116,0.1125693841844692
43.66103999999211,-0.20377760808931447
43.67772999999211,-0.506558452133428
43.69441999999211,-0.776157821359287
43.711109999992104,-1.0091933511049977
43.7277999999921,-1.1819936076012505
43.7444899999921,-1.2930510927135526
43.761179999992095,-1.3534275510295486
43.77786999999209,-1.3760732450442468
43.79455999999209,-1.3841955631533382
43.811249999992086,-1.3919508840166408
43.82793999999208,-1.4011166173376526
43.84462999999208,-1.4121089684202048
43.86131999999208,-1.3976582926636598
43.878009999992074,-1.3570394677334718
43.89469999999207,-1.275567628333529
43.91138999999207,-1.1360690882107178
43.928079999992065,-0.9278889853073387
43.94476999999206,-0.6595380662849993
43.96145999999206,-0.32525497432271633
43.978149999992056,0.053920922227292965
43.99483999999205,0.47649704895716455
44.01152999999205,0.9116730051169255
44.02821999999205,1.3401282436450217
44.04490999999204,1.7440943990320217
44.06159999999204,2.0840039789861255
44.07828999999204,2.3567396827791045
44.094979999992034,2.5519883506443937
44.11166999999203,2.6357542961787757
44.12835999999203,2.597271347911649
44.145049999992025,2.4422246374617314
44.16173999999202,2.1452646950016834
44.17842999999202,1.7364641608554485
44.195119999992016,1.2464801092864661
44.21180999999201,0.7032905591060901
44.22849999999201,0.15491400261680496
44.24518999999201,-0.36726739687101856
44.261879999992004,-0.8497323626578299
44.278569999992,-1.2569406172124464
44.295259999992,-1.5803182230844404
44.311949999991995,-1.8054339775256512
44.32863999999199,-1.9274187277644632
44.34532999999199,-1.9521642064320606
44.362019999991986,-1.8749117061931686
44.37870999999198,-1.7040075979307174
44.39539999999198,-1.4625311071450344
44.41208999999198,-1.1781643596678308
44.428779999991974,-0.8810074379027427
44.44546999999197,-0.5975540851574027
44.46215999999197,-0.3509854333323041
44.478849999991965,-0.17237629714617497
44.49553999999196,-0.06408050381790273
44.51222999999196,-0.015843584272166065
44.528919999991956,-0.025224143883176564
44.54560999999195,-0.06109609379595773
44.56229999999195,-0.09528352845026807
44.57898999999195,-0.12664203290250858
44.595679999991944,-0.12940742731011148
44.61236999999194,-0.08566099984601586
44.62905999999194,-0.026204757190644332
44.645749999991935,0.05545205000712099
44.66243999999193,0.15164912371123498
44.67912999999193,0.23423671011467556
44.695819999991926,0.30042234710078036
44.71250999999192,0.3474053926881305
44.72919999999192,0.3744729884514611
44.74588999999192,0.377056697925529
44.762579999991914,0.37821213919233376
44.77926999999191,0.3833804349105443
44.79595999999191,0.40185390823462
44.812649999991905,0.44398899086633
44.8293399999919,0.5102916035533809
44.8460299999919,0.5756440416647861
44.862719999991896,0.6440325385531617
44.87940999999189,0.7149708590704836
44.89609999999189,0.8022367978529408
44.91278999999189,0.9084720364550136
44.929479999991884,1.0196579188817694
44.94616999999188,1.1253006579601446
44.96285999999188,1.206538813428238
44.979549999991875,1.2598809665106165
44.99623999999187,1.2829206963157096
45.01292999999187,1.2472410266485492
45.029619999991866,1.1381245586510664
45.04630999999186,0.9417315888792753
45.06299999999186,0.648664909613981
45.07968999999186,0.27299244379866955
45.09637999999185,-0.1707766505801406
45.11306999999185,-0.6587986266852524
45.12975999999185,-1.1533656124405878
45.146449999991844,-1.6257730303637572
45.16313999999184,-2.0464337625383537
45.17982999999184,-2.3890763550977696
45.196519999991835,-2.6347014877972073
45.21320999999183,-2.768296782435314
45.22989999999183,-2.7792506662072336
45.246589999991826,-2.6572649954705887
45.26327999999182,-2.417549147517698
45.27996999999182,-2.0748525440982517
45.29665999999182,-1.6309133475688833
45.313349999991814,-1.1112331600525251
45.33003999999181,-0.5413773327317097
45.34672999999181,0.037415949385937466
45.363419999991805,0.5708312572407818
45.3801099999918,1.0117183085839383
45.3967999999918,1.3475538562075733
45.413489999991796,1.5752196984689266
45.43017999999179,1.7181491099783817
45.44686999999179,1.800690704573256
45.46355999999179,1.836432174898371
45.480249999991784,1.8334920926320832
45.49693999999178,1.7958890390795255
45.51362999999178,1.7214183006041877
45.530319999991775,1.6040851080517922
45.54700999999177,1.4535689561145606
45.56369999999177,1.2686052933584608
45.580389999991766,1.064298903783648
45.59707999999176,0.8548936373944981
45.61376999999176,0.6448366103138258
45.63045999999176,0.4356794484944166
45.647149999991754,0.228528901332545
45.66383999999175,0.017832433399191643
45.68052999999175,-0.1950976769344157
45.697219999991745,-0.39631712296377897
45.71390999999174,-0.5846785398288158
45.73059999999174,-0.7461925164514439
45.747289999991736,-0.8846636400857089
45.76397999999173,-0.9945640868988814
45.78066999999173,-1.0630893157033423
45.79735999999173,-1.0873781018739959
45.814049999991724,-1.065812787061376
45.83073999999172,-0.9941287236631267
45.84742999999172,-0.8727986470628581
45.864119999991715,-0.7177478559325164
45.88080999999171,-0.5301821148436832
45.89749999999171,-0.33753065260828646
45.914189999991706,-0.14329074365788394
45.9308799999917,0.037732938163712086
45.9475699999917,0.18271154139098505
45.9642599999917,0.2608753375213085
45.980949999991694,0.2578236225076656
45.99763999999169,0.1531438191936868
46.01432999999169,-0.03544251375405813
46.031019999991685,-0.2952828336955923
46.04770999999168,-0.5810022923815449
46.06439999999168,-0.8412104627633732
46.081089999991676,-1.0464276909948504
46.09777999999167,-1.1688973889243888
46.11446999999167,-1.1989265447585322
46.13115999999167,-1.1524146209604222
46.147849999991664,-1.0027049657539016
46.16453999999166,-0.7519011490289356
46.18122999999166,-0.42522095281958305
46.197919999991655,-0.03006871544889574
46.21460999999165,0.3905902393187754
46.23129999999165,0.8040845431433351
46.247989999991646,1.1877783565197273
46.26467999999164,1.5306966037052485
46.28136999999164,1.8048797154216067
46.29805999999164,2.010406924758434
46.31474999999163,2.1229770189034833
46.33143999999163,2.138243853419194
46.34812999999163,2.0560766117016795
46.364819999991624,1.8816287033567114
46.38150999999162,1.6216894972014297
46.39819999999162,1.3024673703470144
46.414889999991615,0.9473538750460596
46.43157999999161,0.5723381724754125
46.44826999999161,0.20874505585715883
46.464959999991606,-0.13852539695678304
46.4816499999916,-0.46074738946005217
46.4983399999916,-0.7569659903903722
46.5150299999916,-1.011565909050166
46.531719999991594,-1.238801484404437
46.54840999999159,-1.431259838719199
46.56509999999159,-1.5880616207937301
46.581789999991585,-1.7066050537205206
46.59847999999158,-1.7894779259291258
46.61516999999158,-1.820966954271341
46.631859999991576,-1.807751202418826
46.64854999999157,-1.7487108971681729
46.66523999999157,-1.6543948717344452
46.68192999999157,-1.5269583127212036
46.698619999991564,-1.373814666831584
46.71530999999156,-1.1739597184187576
46.73199999999156,-0.9309817597339934
46.748689999991555,-0.6314462018010388
46.76537999999155,-0.27771364346452454
46.78206999999155,0.13429523246710173
46.798759999991546,0.574572527430902
46.81544999999154,1.024053392851805
46.83213999999154,1.4450194857221743
46.84882999999154,1.7963092388454187
46.865519999991534,2.027010848340924
46.88220999999153,2.123396009348994
46.89889999999153,2.0699608210220934
46.915589999991525,1.8752717076702412
46.93227999999152,1.5811513242587338
46.94896999999152,1.2280198721284914
46.965659999991516,0.8524929035839178
46.98234999999151,0.49432656844394607
46.99903999999151,0.1719934662295048
47.01572999999151,-0.10574063828415443
47.032419999991504,-0.32861658574134295
47.0491099999915,-0.4812338305901279
47.0657999999915,-0.5578882929751459
47.082489999991495,-0.5692774784484903
47.09917999999149,-0.5223692191004403
47.11586999999149,-0.4277490410904127
47.132559999991486,-0.30309430703214735
47.14924999999148,-0.14805415336621505
47.16593999999148,0.018470331995771562
47.18262999999148,0.17439188010276563
47.199319999991474,0.30531134607041555
47.21600999999147,0.38412524080123744
47.23269999999147,0.39559197622224873
47.249389999991465,0.3438893457470184
47.26607999999146,0.23591751062475003
47.28276999999146,0.08379183770128308
47.299459999991456,-0.09200960982953901
47.31614999999145,-0.293532242574572
47.33283999999145,-0.4998982315564969
47.34952999999145,-0.7098199050669001
47.36621999999144,-0.8884187104229058
47.38290999999144,-1.0378968766947758
47.39959999999144,-1.1442665260572935
47.416289999991434,-1.198998752422301
47.43297999999143,-1.1925104741636623
47.44966999999143,-1.1247001208925422
47.466359999991425,-1.0016249432761375
47.48304999999142,-0.8455233473600531
47.49973999999142,-0.681087234331666
47.516429999991416,-0.5183176505488548
47.53311999999141,-0.36895977519465295
47.54980999999141,-0.22259927051025558
47.56649999999141,-0.09295613466484236
47.583189999991404,0.049369934207085193
47.5998799999914,0.20343091504112604
47.6165699999914,0.3804225045477642
47.633259999991395,0.5905945536086389
47.64994999999139,0.8429431936059033
47.66663999999139,1.1239036624011856
47.683329999991386,1.4273037618553934
47.70001999999138,1.7350061634099232
47.71670999999138,2.015979729308838
47.73339999999138,2.2363167473441674
47.750089999991374,2.366663666361174
47.76677999999137,2.3810098476169745
47.78346999999137,2.26045564471331
47.800159999991365,2.021913117610256
47.81684999999136,1.6623543242560466
47.83353999999136,1.2010370941383155
47.850229999991356,0.6650437702145073
47.86691999999135,0.10657406911998889
47.88360999999135,-0.450442546290097
47.90029999999135,-0.9608512298403126
47.916989999991344,-1.4132010310010719
47.93367999999134,-1.7856896846041908
47.95036999999134,-2.0704015360188666
47.967059999991335,-2.252766420023872
47.98374999999133,-2.3363299140674
48.00043999999133,-2.3181982140860082
48.017129999991326,-2.213594234665953
48.03381999999132,-2.0237592899120527
48.05050999999132,-1.7634457497151095
48.06719999999132,-1.4518387767590875
48.083889999991314,-1.102333847491648
48.10057999999131,-0.7311519128199112
48.11726999999131,-0.3558628730101239
48.133959999991305,-0.001531238413330115
48.1506499999913,0.31382789224037366
48.1673399999913,0.569755867241359
48.184029999991296,0.749395638852208
48.20071999999129,0.8454267723698973
48.21740999999129,0.8620640367563366
48.23409999999129,0.8118364892123178
48.250789999991284,0.7370387253924156
48.26747999999128,0.6549254766251966
48.28416999999128,0.5920023258569502
48.300859999991275,0.556181139265841
48.31754999999127,0.5517143198138706
48.33423999999127,0.5757272629166533
48.350929999991266,0.6169361597030002
48.36761999999126,0.6495619233138987
48.38430999999126,0.6674074979782963
48.40099999999126,0.6592069822320442
48.417689999991254,0.6178606971329658
48.43437999999125,0.5457778044529076
48.45106999999125,0.44666424208339767
48.467759999991245,0.33613692975287845
48.48444999999124,0.24454786756739202
48.50113999999124,0.17069160721300228
48.517829999991235,0.1143822538802761
48.53451999999123,0.08411627033828777
48.55120999999123,0.08493118639787924
48.567899999991226,0.10844312385148687
48.58458999999122,0.16901286176345395
48.60127999999122,0.2409933102173243
48.61796999999122,0.31692857245614364
48.634659999991214,0.3821424317363104
48.65134999999121,0.42388110235384324
48.66803999999121,0.42230929738542405
48.684729999991205,0.36902175427473305
48.7014199999912,0.24271699316860867
48.7181099999912,0.04945139508719701
48.734799999991196,-0.215020392396228
48.75148999999119,-0.5302632434644758
48.76817999999119,-0.8743990266422944
48.78486999999119,-1.213395743188171
48.801559999991184,-1.5180720091181694
48.81824999999118,-1.7692376643512684
48.83493999999118,-1.9585472458475255
48.851629999991175,-2.07039486612171
48.86831999999117,-2.1020148219300787
48.88500999999117,-2.045021610216592
48.901699999991166,-1.9012104724517427
48.91838999999116,-1.6781666229958905
48.93507999999116,-1.371980083999548
48.95176999999116,-0.9971297346050284
48.968459999991154,-0.5515962960294184
48.98514999999115,-0.04130826843672401
49.00183999999115,0.5021384676458451
49.018529999991145,1.0512615895339008
49.03521999999114,1.5504521701824787
49.05190999999114,1.946344192658072
49.068599999991136,2.21847507667495
49.08528999999113,2.351259817433069
49.10197999999113,2.3484512304758915
49.11866999999113,2.232777459962192
49.135359999991124,2.0370847849083202
49.15204999999112,1.798193209216308
49.16873999999112,1.548790392132702
49.185429999991115,1.2961978834865993
49.20211999999111,1.0398823138460278
49.21880999999111,0.7806728786521028
49.235499999991106,0.536820176486087
49.2521899999911,0.31488310419793025
49.2688799999911,0.10881096295249663
49.2855699999911,-0.08912174952646905
49.302259999991094,-0.29249200873783504
49.31894999999109,-0.4959642661104197
49.33563999999109,-0.7075402738761639
49.352329999991085,-0.898796539206882
49.36901999999108,-1.0681547616463754
49.38570999999108,-1.2203702416928226
49.402399999991076,-1.3379426594847523
49.41908999999107,-1.4177909566361184
49.43577999999107,-1.4615412765479983
49.45246999999107,-1.4301809278218867
49.469159999991064,-1.3250590534900588
49.48584999999106,-1.155425580008513
49.50253999999106,-0.9183446611030582
49.519229999991055,-0.6477095337955344
49.53591999999105,-0.35191640201540075
49.55260999999105,-0.05005621399642101
49.569299999991046,0.2207725563312247
49.58598999999104,0.4499500825770488
49.60267999999104,0.6233529448705454
49.61936999999104,0.7341863228702935
49.63605999999103,0.7931242249859369
49.65274999999103,0.7986061496522462
49.66943999999103,0.7463799459162446
49.686129999991024,0.6367382754221896
49.70281999999102,0.47533098785403877
49.71950999999102,0.286875034728851
49.736199999991015,0.08248235932768916
49.75288999999101,-0.11189800774193703
49.76957999999101,-0.27119440057624644
49.786269999991006,-0.37050952510239693
49.802959999991,-0.4004819326134049
49.819649999991,-0.34547273824574865
49.836339999991,-0.22324126805165745
49.853029999990994,-0.014075887394257832
49.86971999999099,0.2612520332379224
49.88640999999099,0.5897090735415582
49.903099999990985,0.9405950339613792
49.91978999999098,1.2724998142359167
49.93647999999098,1.5123411287583348
49.953169999990976,1.6708137513955472
49.96985999999097,1.7143713249312884
49.98654999999097,1.637919878714011
50.00323999999097,1.4697713762045927
50.019929999990964,1.224477702558157
50.03661999999096,0.8908678778566639
50.05330999999096,0.5276697663967452
50.069999999990955,0.17828953862574087
50.08668999999095,-0.17376843606533482
50.10337999999095,-0.4984867105338006
50.120069999990946,-0.7750367417033743
50.13675999999094,-1.0157675709858704
50.15344999999094,-1.2074053072956985
50.17013999999094,-1.3256212391818203
50.186829999990934,-1.4207059512629463
50.20351999999093,-1.4893536244768302
50.22020999999093,-1.536564398501105
50.236899999990925,-1.5611873966355316
50.25358999999092,-1.5643022669046374
50.27027999999092,-1.5214940744209016
50.286969999990916,-1.445189849604071
50.30365999999091,-1.3434129689416328
50.32034999999091,-1.2229315277066883
50.33703999999091,-0.9210851448120688
50.353729999990904,-0.45467930716896093
50.3704199999909,-0.18258883104203577
50.3871099999909,0.08950164495024952
50.403799999990895,0.3736938487098652
50.42048999999089,0.704328625759035
50.43717999999089,1.0349634025450072
50.453869999990886,1.3503657465522647
50.47055999999088,1.6077355937230295
50.48724999999088,1.865105441150653
50.50393999999088,2.069762074448877
50.520629999990874,2.075044947095775
50.53731999999087,2.080327819633685
50.55400999999087,2.032228267480206
50.570699999990865,1.7836784704317648
50.58738999999086,1.5351286729848923
50.60407999999086,1.25718208941888
50.620769999990856,0.8696429529111153
50.63745999999085,0.4821038163433034
50.65414999999085,0.10531007355455142
50.67083999999085,-0.23171057836009987
50.68752999999084,-0.5687312303105319
50.70421999999084,-0.8606289081697358
50.72090999999084,-0.9866964971418509
50.737599999990834,-1.1127640860230181
50.75428999999083,-1.1903426434344453
50.77097999999083,-1.0909835104314667
50.787669999990825,-0.9916243770426068
50.80435999999082,-0.8776611448574562
50.82104999999082,-0.7107833382602592
50.837739999990816,-0.5439055313452908
50.85442999999081,-0.3919978433304506
50.87111999999081,-0.2939495902586627
50.88780999999081,-0.1959013371588312
50.904499999990804,-0.12111537716546242
50.9211899999908,-0.1294363495395145
50.9378799999908,-0.1377573219304866
50.954569999990795,-0.1594579062983963
50.97125999999079,-0.22862512502921897
50.98794999999079,-0.2977923439594401
51.004639999990786,-0.3638575110314731
51.02132999999078,-0.41899404183706573
51.03801999999078,-0.4741305723479342
51.05470999999078,-0.5108910938177463
51.071399999990774,-0.48336034816408546
51.08808999999077,-0.45582960218624285
51.10477999999077,-0.4120976448822081
51.121469999990765,-0.31207407925415
51.13815999999076,-0.21205051371038525
51.15484999999076,-0.10559581028893594
51.171539999990756,0.02305060590452175
51.18822999999075,0.15169702210449754
51.20491999999075,0.2814702700525504
51.22160999999075,0.41510523328777127
51.238299999990744,0.5487401961498096
51.25498999999074,0.6826249863444542
51.27167999999074,0.8173601107192133
51.288369999990735,0.9520952353831676
51.30505999999073,1.0830076047121397
51.32174999999073,1.2009968536800557
51.338439999990726,1.3189861026408474
51.35512999999072,1.4169520962140376
51.37181999999072,1.4476859579216574
51.38850999999072,1.4784198193032296
51.405199999990714,1.4696975419749583
51.42188999999071,1.3293864790063037
51.43857999999071,1.1890754162531552
51.455269999990705,1.0050227246219385
51.4719599999907,0.6760688239344281
51.4886499999907,0.34711492316608894
51.505339999990696,-0.004149587647466283
51.52202999999069,-0.4288269032772834
51.53871999999069,-0.8535042191594966
51.55540999999069,-1.2558376844266987
51.572099999990684,-1.585139331613492
51.58878999999068,-1.9144409784707173
51.60547999999068,-2.1786345861015546
51.622169999990675,-2.231434151529372
51.63885999999067,-2.2842337168390903
51.65554999999067,-2.2665622347969965
51.672239999990666,-2.0215993238808165
51.68892999999066,-1.7766364128374807
51.70561999999066,-1.4944430477462385
51.72230999999066,-1.0929621832899208
51.738999999990654,-0.6914813187668215
51.75568999999065,-0.29373095560842305
51.77237999999065,0.0921453801550883
51.789069999990645,0.4780217159695162
51.80575999999064,0.8252378391282784
51.82244999999064,1.0502067058419344
51.839139999990635,1.275175572487144
51.85582999999063,1.4516582267774711
51.87251999999063,1.475824392276915
51.889209999990626,1.4999905576909023
51.90589999999062,1.4941846240600254
51.92258999999062,1.3948361393876667
51.93927999999062,1.2954876546627405
51.955969999990614,1.1873867802038278
51.97265999999061,1.0521470454126354
51.98934999999061,0.9169073103175721
52.006039999990605,0.7828388098217528
52.0227299999906,0.6523785129181571
52.0394199999906,0.5219182160165367
52.056109999990596,0.3956384528444188
52.07279999999059,0.28215458146621236
52.08948999999059,0.168670710152898
52.10617999999059,0.058635843156552354
52.122869999990584,-0.0409100422145363
52.13955999999058,-0.14045592760853245
52.15624999999058,-0.23078847724216156
52.172939999990575,-0.2932812122523725
52.18962999999057,-0.3557739472468408
52.20631999999057,-0.4013843508513222
52.223009999990566,-0.3963072745505658
52.23969999999056,-0.39123019822117167
52.25638999999056,-0.3712797699700279
52.27307999999056,-0.30695776607252045
52.289769999990554,-0.2426357621210411
52.30645999999055,-0.18785551165055836
52.32314999999055,-0.16136055396829047
52.339839999990545,-0.1348655963020496
52.35652999999054,-0.13564062336953794
52.37321999999054,-0.21674283976937933
52.389909999990536,-0.2978450560993059
52.40659999999053,-0.40019953298388794
52.42328999999053,-0.5647606259850234
52.43997999999053,-0.7293217190215044
52.456669999990524,-0.8823307745394832
52.47335999999052,-1.0017388219643615
52.49004999999052,-1.121146869370157
52.506739999990515,-1.1963880632194748
52.52342999999051,-1.1439674889582108
52.54011999999051,-1.0915469146244126
52.556809999990506,-0.9808887934573587
52.5734999999905,-0.7029497365975224
52.5901899999905,-0.42501067935375614
52.6068799999905,-0.11798075512469035
52.623569999990494,0.27208915077164625
52.64025999999049,0.6621590566865487
52.65694999999049,1.0331309985424517
52.673639999990485,1.3499261870936252
52.69032999999048,1.6667213756137806
52.70701999999048,1.9220819624462808
52.723709999990476,2.0042447707428614
52.74039999999047,2.0864075786519356
52.75708999999047,2.10268359285124
52.77377999999047,1.9343565165681327
52.790469999990464,1.7660294401795626
52.80715999999046,1.5559119121472307
52.82384999999046,1.2294255063141837
52.840539999990455,0.9029391007032683
52.85722999999045,0.5739994424389822
52.87391999999045,0.2382704226044884
52.890609999990446,-0.09745859732034699
52.90729999999044,-0.40643711537064614
52.92398999999044,-0.6418367253373964
52.94067999999044,-0.8772363349734493
52.95736999999043,-1.0820098526200768
52.97405999999043,-1.2030583494864882
52.99074999999043,-1.3241068460163077
53.007439999990424,-1.4198970063752097
53.02412999999042,-1.447056497848162
53.04081999999042,-1.4742159889930622
53.057509999990415,-1.473712256472323
53.07419999999041,-1.3984994180290184
53.09088999999041,-1.3232865798315063
53.107579999990406,-1.2126620643067352
53.1242699999904,-1.0069810372443178
53.1409599999904,-0.8013000104158468
53.1576499999904,-0.5704305860450349
53.174339999990394,-0.27235519627347493
53.19102999999039,0.02572019361191934
53.20771999999039,0.3134844861894826
53.224409999990385,0.5739029366910534
53.24109999999038,0.8343213868880954
53.25778999999038,1.0502046191671068
53.274479999990376,1.1486856426910126
53.29116999999037,1.2471666658585356
53.30785999999037,1.2931319231682428
53.32454999999037,1.2014853684318447
53.341239999990364,1.1098388136160247
53.35792999999036,0.9858510810167045
53.37461999999036,0.7776226124490121
53.391309999990355,0.5693941435439864
53.40799999999035,0.3727631736226149
53.42468999999035,0.2061609952674014
53.441379999990346,0.039558817045086195
53.45806999999034,-0.08283797221122811
53.47475999999034,-0.09145558009389575
53.49144999999034,-0.10007318791073821
53.508139999990334,-0.07198647543769533
53.52482999999033,0.05001321028540579
53.54151999999033,0.17201289606293374
53.558209999990325,0.2938726545864364
53.57489999999032,0.41537650481058735
53.59158999999032,0.536880355034532
53.608279999990316,0.6255359760267274
53.62496999999031,0.6311334945013548
53.64165999999031,0.6367310126391177
53.65834999999031,0.5949262973073548
53.675039999990304,0.4339673343964561
53.6917299999903,0.27300837161836283
53.7084199999903,0.08353957230649503
53.725109999990295,-0.17717393395517309
53.74179999999029,-0.43788744014288766
53.75848999999029,-0.6818980981553796
53.775179999990286,-0.8844131617566531
53.79186999999028,-1.0869282253336914
53.80855999999028,-1.2443989590452391
53.82524999999028,-1.290616753376085
53.841939999990274,-1.3368345473534515
53.85862999999027,-1.3461643268214316
53.87531999999027,-1.2649160822450682
53.892009999990265,-1.183667837615879
53.90869999999026,-1.0758878392831832
53.92538999999026,-0.9033375388751399
53.942079999990256,-0.7307872387179583
53.95876999999025,-0.5418502866137633
53.97545999999025,-0.3131412142442617
53.99214999999025,-0.0844321417650266
54.00883999999024,0.15417671465298508
54.02552999999024,0.4166746202861432
54.04221999999024,0.6791725260777102
54.058909999990234,0.940677658808272
54.07559999999023,1.1998009442262065
54.09228999999023,1.4589242299315242
54.108979999990225,1.6883297875313965
54.12566999999022,1.8468468090510723
54.14235999999022,2.0053638308178874
54.159049999990216,2.0978822974197677
54.17573999999021,2.033870857215619
54.19242999999021,1.969859417208402
54.20911999999021,1.8360363422157329
54.225809999990204,1.5375870374040808
54.2424999999902,1.2391377324957227
54.2591899999902,0.9044298180119414
54.275879999990195,0.4847067257474123
54.29256999999019,0.06498363372145988
54.30925999999019,-0.33707196692725633
54.325949999990186,-0.697938684773084
54.34263999999018,-1.0588054025945417
54.35932999999018,-1.356484298973235
54.37601999999018,-1.5076880461493434
54.392709999990174,-1.6588917932392075
54.40939999999017,-1.733066965283192
54.42608999999017,-1.6296950840627056
54.442779999990165,-1.5263232030263043
54.45946999999016,-1.3752234920795512
54.47615999999016,-1.1147357378067106
54.492849999990156,-0.8542479831807048
54.50953999999015,-0.5997258181715459
54.52622999999015,-0.3587991028359186
54.54291999999015,-0.11787238733521624
54.559609999990144,0.0842733674136248
54.57629999999014,0.19853584913036643
54.59298999999014,0.3127983308818627
54.609679999990135,0.3892783116091608
54.62636999999013,0.3806187782209872
54.64305999999013,0.37195924478250003
54.659749999990126,0.35274501907107575
54.67643999999012,0.30988008495711894
54.69312999999012,0.26701515074256665
54.70981999999012,0.2375910789148359
54.726509999990114,0.23811647210955153
54.74319999999011,0.23864186529313608
54.75988999999011,0.2569915163071279
54.776579999990105,0.3148361509003416
54.7932699999901,0.3726807856901851
54.8099599999901,0.43187195947514395
54.826649999990096,0.49403017165675484
54.84333999999009,0.556188384128818
54.86002999999009,0.6111093275105273
54.87671999999009,0.6501719338315146
54.893409999990084,0.6892345401430674
54.91009999999008,0.7223354246765734
54.92678999999008,0.7424454328249372
54.943479999990075,0.762555441254238
54.96016999999007,0.7820729660249343
54.97685999999007,0.8003065889053449
54.993549999990066,0.818540212073666
55.01023999999006,0.824903424000003
55.02692999999006,0.8056857868402054
55.04361999999006,0.7864681499538382
55.060309999990054,0.731276182849303
55.07699999999005,0.5989866869785736
55.09368999999005,0.466697191061949
55.110379999990045,0.29602483417605785
55.12706999999004,0.043545854305613134
55.14375999999004,-0.20893312555599913
55.160449999990036,-0.48062274865964183
55.17713999999003,-0.7930317543790574
55.19382999999003,-1.1054407601229104
55.21051999999003,-1.3961427354442972
55.22720999999002,-1.641086128581515
55.24389999999002,-1.8860295216913812
55.26058999999002,-2.0601641334623353
55.277279999990014,-2.0858499086019604
55.29396999999001,-2.1115356833641132
55.31065999999001,-2.042902098519965
55.327349999990005,-1.7776100328936473
55.34403999999,-1.5123179674381675
55.36072999999,-1.1929685237178025
55.377419999989996,-0.7615221957706806
55.39410999998999,-0.3300758677562287
55.41079999998999,0.0918063189513658
55.42748999998999,0.49396356070701947
55.444179999989984,0.8961208022197369
55.46086999998998,1.2355411792533222
55.47755999998998,1.4462764326530642
55.494249999989975,1.657011686264136
55.51093999998997,1.7887759844111155
55.52762999998997,1.7594337795532258
55.544319999989966,1.7300915748872123
55.56100999998996,1.643239723835086
55.57769999998996,1.4396986086703412
55.59438999998996,1.2361574937240674
55.611079999989954,1.0234710730430108
55.62776999998995,0.7923286648766564
55.64445999998995,0.5611862569879569
55.661149999989945,0.344243999648042
55.67783999998994,0.15580438678885553
55.69452999998994,-0.032635225966641195
55.711219999989936,-0.20583286082068125
55.72790999998993,-0.34860126846598705
55.74459999998993,-0.4913696762950763
55.76128999998993,-0.6168359881773416
55.777979999989924,-0.7079457225730107
55.79466999998992,-0.7990554572365666
55.81135999998992,-0.8672142788291064
55.828049999989915,-0.8900440244129888
55.84473999998991,-0.9128737702581439
55.86142999998991,-0.9102299336588634
55.878119999989906,-0.8575438560036832
55.8948099999899,-0.8048577780295617
55.9114999999899,-0.7291943633448602
55.9281899999899,-0.6086336390842811
55.944879999989894,-0.48807291479648945
55.96156999998989,-0.3666148040239849
55.97825999998989,-0.2434125664805382
55.994949999989885,-0.12021032899382057
56.01163999998988,-0.025686262113836858
56.02832999998988,0.013396701530133991
56.045019999989876,0.05247966513759101
56.06170999998987,0.05183121232638111
56.07839999998987,-0.025218458328313348
56.09508999998987,-0.10226812903516383
56.111779999989864,-0.19194260653942377
56.12846999998986,-0.30576505666742193
56.14515999998986,-0.41958750686782376
56.161849999989855,-0.49824642645994394
56.17853999998985,-0.5100029067946507
56.19522999998985,-0.5217593870886794
56.211919999989846,-0.47037259550972854
56.22860999998984,-0.2994841520360418
56.24529999998984,-0.1285957084318481
56.26198999998984,0.08530318262266101
56.27867999998983,0.38017165573651146
56.29536999998983,0.6750401287265817
56.31205999998983,0.9522924409666348
56.328749999989824,1.1965561426971454
56.34543999998982,1.4408198441187743
56.36212999998982,1.6103469326326307
56.378819999989815,1.6406562477855842
56.39550999998981,1.6709655628535922
56.41219999998981,1.6133671913441474
56.428889999989806,1.392876627026941
56.4455799999898,1.1723860628988618
56.4622699999898,0.9057257300479755
56.4789599999898,0.5539620079227007
56.495649999989794,0.20219828539888496
56.51233999998979,-0.14062169930224006
56.52902999998979,-0.4670423006588235
56.545719999989785,-0.7934629019186352
56.56240999998978,-1.071998415419336
56.57909999998978,-1.2631902317296868
56.595789999989776,-1.454382047986484
56.61247999998977,-1.5887080451332387
56.62916999998977,-1.619850870055971
56.64585999998977,-1.65099369520417
56.662549999989764,-1.6348078231599392
56.67923999998976,-1.5331916649579784
56.69592999998976,-1.4315755067036082
56.712619999989755,-1.3021311635881403
56.72930999998975,-1.122717282600345
56.74599999998975,-0.943303401293284
56.762689999989746,-0.7391188611426773
56.77937999998974,-0.4906862321303206
56.79606999998974,-0.24225360314840866
56.81275999998974,0.020169381644428917
56.829449999989734,0.3074537640737493
56.84613999998973,0.5947381464780623
56.86282999998973,0.8629850648757352
56.879519999989725,1.0975770301000898
56.89620999998972,1.332168995303626
56.91289999998972,1.503410945601177
56.929589999989716,1.5632406378709192
56.94627999998971,1.623070330072002
56.96296999998971,1.6069745176312848
56.97965999998971,1.4580403420773012
56.996349999989704,1.3091061661526981
57.0130399999897,1.1083058220853874
57.0297299999897,0.8172293884378515
57.046419999989695,0.5261529547345019
57.06310999998969,0.2428366571587064
57.07979999998969,-0.027042284624815532
57.096489999989686,-0.29692122643456176
57.11317999998968,-0.5056801235935384
57.12986999998968,-0.6091490250662627
57.14655999998968,-0.7126179264738568
57.163249999989674,-0.750447101858326
57.17993999998967,-0.6757815260943818
57.19662999998967,-0.6011159502608183
57.213319999989665,-0.5055070771655116
57.23000999998966,-0.3741893734386754
57.24669999998966,-0.24287166951652017
57.263389999989656,-0.1383624461064718
57.28007999998965,-0.07932802809426805
57.29676999998965,-0.020293610107390874
57.31345999998965,-0.006501715538620628
57.330149999989644,-0.0690611328438609
57.34683999998964,-0.13162055019648758
57.36352999998964,-0.22390086313008264
57.380219999989635,-0.36608174886412004
57.39690999998963,-0.508262634629192
57.41359999998963,-0.6438375490222679
57.430289999989625,-0.7683778494075638
57.44697999998962,-0.8929181494972822
57.46366999998962,-0.9730340656424514
57.480359999989616,-0.9793218984310783
57.49704999998961,-0.9856097308851162
57.51373999998961,-0.941422618278937
57.53042999998961,-0.8137793156898726
57.547119999989604,-0.6861360127601435
57.5638099999896,-0.5341347403355625
57.5804999999896,-0.3420644143125493
57.597189999989595,-0.1499940882644976
57.61387999998959,0.04369164874930627
57.63056999998959,0.24002124954167214
57.647259999989586,0.4363508502778703
57.66394999998958,0.6246120038940564
57.68063999998958,0.7997349302986473
57.69732999998958,0.9748578566949642
57.714019999989574,1.1339173140479677
57.73070999998957,1.266952439495401
57.74739999998957,1.3999875646379716
57.764089999989565,1.4972093019488941
57.78077999998956,1.5367036683788955
57.79746999998956,1.5761980347727942
57.814159999989556,1.5550630012764979
57.83084999998955,1.436693922247942
57.84753999998955,1.318324842869919
57.86422999998955,1.1299535473197833
57.880919999989544,0.8298835361061004
57.89760999998954,0.5298135248223386
57.91429999998954,0.1889908223178548
57.930989999989535,-0.21653072632430903
57.94767999998953,-0.6220522748339907
57.96436999998953,-1.001850546209236
57.981059999989526,-1.3410163764381478
57.99774999998952,-1.6801822066414174
58.01443999998952,-1.930427055349209
58.03112999998952,-2.0409193597779334
58.047819999989514,-2.1514116641188528
58.06450999998951,-2.1589670958149596
58.08119999998951,-2.005555190476882
58.097889999989505,-1.852143285037591
58.1145799999895,-1.6285221868618638
58.1312699999895,-1.2956628960233036
58.147959999989496,-0.9628036051159121
58.16464999998949,-0.6254592249187467
58.18133999998949,-0.2811715156622918
58.19802999998949,0.06311619374272136
58.214719999989484,0.3531932531688109
58.23140999998948,0.559767758571949
58.24809999998948,0.7663422639223858
58.264789999989475,0.8995935048483186
58.28147999998947,0.9204676633430513
58.29816999998947,0.9413418214782724
58.314859999989466,0.9177226116599916
58.33154999998946,0.8262526980962164
58.34823999998946,0.7347827844896031
58.36492999998946,0.6454952608079334
58.381619999989454,0.5595191759707154
58.39830999998945,0.4735430914242923
58.41499999998945,0.40783938294148747
58.431689999989445,0.3727423894506163
58.44837999998944,0.33764539626774603
58.46506999998944,0.3108040877446401
58.481759999989436,0.29636487207284895
58.49844999998943,0.2819256566975639
58.51513999998943,0.2639693986379581
58.53182999998943,0.24075597674052504
58.54851999998942,0.21754255483977158
58.56520999998942,0.18752668165680086
58.58189999998942,0.1473933026554994
58.598589999989414,0.10725992367666812
58.61527999998941,0.07187076104883725
58.63196999998941,0.04350275668439406
58.648659999989405,0.015134752330165917
58.6653499999894,-0.003148601679897012
58.6820399999894,-0.006581374249412117
58.698729999989396,-0.010014146807192759
58.71541999998939,-0.030044803595208662
58.73210999998939,-0.07439614162308797
58.74879999998939,-0.11874747967795363
58.765489999989384,-0.19885997190273905
58.78217999998938,-0.3311131749951156
58.79886999998938,-0.4633663783515323
58.815559999989375,-0.6166162669203366
58.83224999998937,-0.800328307017048
58.84893999998937,-0.9840403468445595
58.865629999989366,-1.149947443123724
58.88231999998936,-1.2901507698875807
58.89900999998936,-1.4303540963463899
58.91569999998936,-1.5015085123835898
58.932389999989354,-1.4734744200513603
58.94907999998935,-1.4454403273672194
58.96576999998935,-1.3269035955592121
58.982459999989345,-1.0790021000299677
58.99914999998934,-0.8311006044180611
59.01583999998934,-0.5208826254776845
59.032529999989336,-0.12202871937097837
59.04921999998933,0.27682518687909996
59.06590999998933,0.6597675066244192
59.08259999998933,1.020189520640737
59.099289999989324,1.3806115343538345
59.11597999998932,1.6516094808208077
59.13266999998932,1.7966653058745468
59.149359999989315,1.941721130847637
59.16604999998931,1.9755394217227873
59.18273999998931,1.8534651106299864
59.199429999989306,1.731390799437316
59.2161199999893,1.5367624840729377
59.2328099999893,1.2409541232364645
59.2494999999893,0.9451457623350367
59.266189999989294,0.6390262282709983
59.28287999998929,0.31859791306961965
59.29956999998929,-0.0018304022711066168
59.316259999989285,-0.28118043615611266
59.33294999998928,-0.5038061098957776
59.34963999998928,-0.7264317835989306
59.366329999989276,-0.901231069242355
59.38301999998927,-1.010311590579744
59.39970999998927,-1.1193921118749603
59.41639999998927,-1.196534710547792
59.433089999989264,-1.2300061636675375
59.44977999998926,-1.2634776167591903
59.46646999998926,-1.2636000442812716
59.483159999989255,-1.2183451556226454
59.49984999998925,-1.1730902666461624
59.51653999998925,-1.0891658154358075
59.533229999989246,-0.9528820132908484
59.54991999998924,-0.8165982111121047
59.56660999998924,-0.6511862509802231
59.58329999998924,-0.44652706881349663
59.59998999998923,-0.2418678862461199
59.61667999998923,-0.04361038692114252
59.63336999998923,0.14606364941525374
59.650059999989224,0.3357376856594296
59.66674999998922,0.48485310941076615
59.68343999998922,0.579852566023404
59.700129999989215,0.6748520226010515
59.71681999998921,0.7097362639689064
59.73350999998921,0.6648022558899923
59.750199999989206,0.6198682480481419
59.7668899999892,0.5393044074291288
59.7835799999892,0.4116635977958518
59.8002699999892,0.2840227881032098
59.816959999989194,0.16756612668181592
59.83364999998919,0.06581483636970852
59.85033999998919,-0.035936453932833276
59.867029999989185,-0.07661019030384686
59.88371999998918,-0.037367790830689966
59.90040999998918,0.0018746086624794429
59.917099999989176,0.0944730839435618
59.93378999998917,0.2565448498340999
59.95047999998917,0.41861661562541935
59.96716999998917,0.5746998142869137
59.983859999989164,0.7230234109942388
60.00054999998916,0.8713470076965261
60.01723999998916,0.9564618448442919
60.033929999989155,0.9600729312838799
60.05061999998915,0.9636840176705166
60.06730999998915,0.881140053556197
60.083999999989146,0.6880441906699787
60.10068999998914,0.4949483277118099
60.11737999998914,0.2479916089801579
60.13406999998914,-0.06774241055477258
60.150759999989134,-0.38347643004797827
60.16744999998913,-0.6776816759071917
60.18413999998913,-0.9445292691774576
60.200829999989125,-1.2113768624297903
60.21751999998912,-1.4061541048306179
60.23420999998912,-1.5097921791344848
60.250899999989116,-1.6134302530902376
60.26758999998911,-1.6462686589035385
60.28427999998911,-1.5900086992299531
60.30096999998911,-1.5337487394982328
60.317659999989104,-1.4206905680187782
60.3343499999891,-1.2365004928842618
60.3510399999891,-1.0523104177032434
60.367729999989095,-0.8378045597910718
60.38441999998909,-0.5855161788696776
60.40110999998909,-0.3332277979237002
60.417799999989086,-0.07188501405368086
60.43448999998908,0.20068765976692662
60.45117999998908,0.47326033350816166
60.46786999998908,0.7319157328517902
60.484559999989074,0.9733934516686935
60.50124999998907,1.2148711701857937
60.51793999998907,1.419076935136917
60.534629999989065,1.5775013940903904
60.55131999998906,1.7359258533025346
60.56800999998906,1.8138468523544888
60.584699999989056,1.7933628226913774
60.60138999998905,1.7728787926750924
60.61807999998905,1.6610861824681924
60.63476999998905,1.4382196541172634
60.651459999989044,1.2153531259820356
60.66814999998904,0.9335371871365653
60.68483999998904,0.5803573262758409
60.701529999989035,0.22717746519491766
60.71821999998903,-0.11656665510296631
60.73490999998903,-0.4489430138460742
60.751599999989025,-0.7813193724661016
60.76828999998902,-1.0381800620417476
60.78497999998902,-1.204501543343221
60.801669999989016,-1.3708230245850712
60.81835999998901,-1.4293519582468277
60.83504999998901,-1.3592663933256866
60.85173999998901,-1.289180828031198
60.868429999989004,-1.157517769833384
60.885119999989,-0.9527364815908052
60.901809999989,-0.7479551935886493
60.918499999988995,-0.5557055451913847
60.93518999998899,-0.3782645274473826
60.95187999998899,-0.2008235095688887
60.968569999988986,-0.0824660669817584
60.98525999998898,-0.03359152525747712
61.00194999998898,0.015283016441139547
61.01863999998898,0.013392230148744699
61.035329999988974,-0.04791181403498147
61.05201999998897,-0.10921585829260466
61.06870999998897,-0.17881765817478804
61.085399999988965,-0.2580840295209364
61.10208999998896,-0.3373504010178076
61.11877999998896,-0.38144944040514805
61.135469999988956,-0.38478531123639614
61.15215999998895,-0.38812118204067464
61.16884999998895,-0.34453328045930964
61.18553999998895,-0.246816537164263
61.202229999988944,-0.14909979371787455
61.21891999998894,-0.026939678161285795
61.23560999998894,0.12328155455891811
61.252299999988935,0.27350278729200134
61.26898999998893,0.41861348537824894
61.28567999998893,0.5578854470883141
61.302369999988926,0.6971574087944472
61.31905999998892,0.8105205989096621
61.33574999998892,0.8944254156656885
61.35243999998892,0.978330232113461
61.369129999988914,1.0341289774353395
61.38581999998891,1.058124428267345
61.40250999998891,1.0821198793669053
61.419199999988905,1.0740201924288184
61.4358899999889,1.0297777007005775
61.4525799999889,0.9855352089482986
61.469269999988896,0.8921751216828498
61.48595999998889,0.7437683773670402
61.50264999998889,0.5953616330146647
61.51933999998889,0.39775531367531086
61.536029999988884,0.1452749438357984
61.55271999998888,-0.1072054261267439
61.56940999998888,-0.3840937261134996
61.586099999988875,-0.6880745197472454
61.60278999998887,-0.9920553133991715
61.61947999998887,-1.2726724930863222
61.636169999988866,-1.527480687016494
61.65285999998886,-1.7822888809294488
61.66954999998886,-1.9413483902403141
61.68623999998886,-1.9951445656332738
61.702929999988854,-2.0489407409559424
61.71961999998885,-1.9742809425738623
61.73630999998885,-1.75907709155361
61.752999999988845,-1.5438732407280529
61.76968999998884,-1.2451062017800003
61.78637999998884,-0.855350459972949
61.803069999988836,-0.4655947178162487
61.81975999998883,-0.07911465020169658
61.83644999998883,0.3038157478232729
61.85313999998883,0.6867461458457038
61.86982999998882,0.9929764813759779
61.88651999998882,1.2164891901051966
61.90320999998882,1.4400018987789265
61.919899999988814,1.5530899657976047
61.93658999998881,1.547660155650864
61.95327999998881,1.542230345424702
61.969969999988805,1.4581148619232487
61.9866599999888,1.28995098852185
62.0033499999888,1.1217871150640593
62.020039999988796,0.9351614028636887
62.03672999998879,0.7289100034115309
62.05341999998879,0.5226586036576183
62.07010999998879,0.34699036285216933
62.086799999988784,0.20367767066239673
62.10348999998878,0.06036497858102137
62.12017999998878,-0.052760024787194645
62.136869999988775,-0.13410069655209805
62.15355999998877,-0.21544136826680316
62.17024999998877,-0.278789211704452
62.186939999988766,-0.32328322030774687
62.20362999998876,-0.36777722895608495
62.22031999998876,-0.402813410276575
62.23700999998876,-0.4279865946694631
62.253699999988754,-0.4531597790556977
62.27038999998875,-0.4679499516500112
62.28707999998875,-0.4719641049370435
62.303769999988745,-0.47597825821681516
62.32045999998874,-0.46280768665771155
62.33714999998874,-0.4318872412597162
62.353839999988736,-0.40096679556107173
62.37052999998873,-0.3614471512496496
62.38721999998873,-0.313087990518298
62.40390999998873,-0.26472882952119886
62.420599999988724,-0.2426248266145221
62.43728999998872,-0.24738064597656834
62.45397999998872,-0.25213646535676004
62.470669999988715,-0.29442445513586596
62.48735999998871,-0.3749253682486121
62.50404999998871,-0.455426281675893
62.520739999988706,-0.5380339068490596
62.5374299999887,-0.6227761979174338
62.5541199999887,-0.707518489275919
62.5708099999887,-0.7423318875630815
62.587499999988694,-0.7267958124170713
62.60418999998869,-0.7112597372369646
62.62087999998869,-0.6082434260693761
62.637569999988685,-0.4174318242153523
62.65425999998868,-0.22662022218643915
62.67094999998868,0.024584410304761852
62.687639999988676,0.3361097464771594
62.70432999998867,0.6476350826328652
62.72101999998867,0.9397310690317006
62.73770999998867,1.2125137711301006
62.754399999988664,1.4852964732153864
62.77108999998866,1.6579037529765435
62.78777999998866,1.7314101980519858
62.804469999988655,1.8049166430600612
62.82115999998865,1.7483675221924324
62.83784999998865,1.5637732067772407
62.854539999988646,1.379178891274914
62.87122999998864,1.109647408911463
62.88791999998864,0.756891608837482
62.90460999998864,0.4041358087067321
62.92129999998863,0.050789259484004354
62.93798999998863,-0.3031333577583194
62.95467999998863,-0.6570559750297514
62.971369999988624,-0.9442727647855158
62.98805999998862,-1.1667526121537437
63.00474999998862,-1.3892324591890863
63.021439999988615,-1.5211032748402207
63.03812999998861,-1.5654600663503555
63.05481999998861,-1.6098168580894894
63.071509999988606,-1.5868404934665414
63.0881999999886,-1.4991420114865723
63.1048899999886,-1.411443529462406
63.1215799999886,-1.2923033163536408
63.138269999988594,-1.1430851990648063
63.15495999998859,-0.993867081755483
63.17164999998859,-0.8205425788191774
63.188339999988585,-0.6242676691177071
63.20502999998858,-0.4279927591119624
63.22171999998858,-0.2098886142384687
63.238409999988576,0.028898539660441366
63.25509999998857,0.26768569354473676
63.27178999998857,0.4917438242299267
63.28847999998857,0.7019131203077045
63.305169999988564,0.9120824166646344
63.32185999998856,1.0581670111318768
63.33854999998856,1.1441117226648627
63.355239999988555,1.2300564338679247
63.37192999998855,1.2321036673255894
63.38861999998855,1.1557947384954586
63.405309999988546,1.0794858096115545
63.42199999998854,0.9420605416343156
63.43868999998854,0.7478288724088061
63.45537999998854,0.5535972028555625
63.472069999988534,0.3613352553195033
63.48875999998853,0.1708953571713791
63.50544999998853,-0.01954454096386537
63.522139999988525,-0.14534205730956445
63.53882999998852,-0.21162990090602185
63.55551999998852,-0.27791774446153505
63.572209999988516,-0.27114233238876806
63.58889999998851,-0.19742722086569278
63.60558999998851,-0.12371210929653298
63.62227999998851,-0.026882243365380927
63.638969999988504,0.09102361859370788
63.6556599999885,0.20892948057308786
63.6723499999885,0.28359587399686564
63.689039999988495,0.31902553822029067
63.70572999998849,0.35445520224345667
63.72241999998849,0.3129399876888712
63.739109999988486,0.2019374940300421
63.75579999998848,0.0909350002367363
63.77248999998848,-0.0772683604108178
63.78917999998848,-0.2968809190390008
63.805869999988474,-0.5164934774429557
63.82255999998847,-0.7300175073300189
63.83924999998847,-0.9380957248952135
63.855939999988465,-1.1461739424566455
63.87262999998846,-1.2765512143890572
63.88931999998846,-1.3377632043944383
63.906009999988456,-1.3989751943519737
63.92269999998845,-1.3602761069206801
63.93938999998845,-1.2330682224015415
63.95607999998845,-1.1058603381097836
63.972769999988444,-0.9230169592862805
63.98945999998844,-0.6911240241172654
64.00614999998844,-0.4592310889142964
64.02283999998843,-0.2190706109612856
64.03952999998843,0.02834372873670753
64.05621999998843,0.27575806843972833
64.07290999998843,0.5034072948899165
64.08959999998842,0.713798094950712
64.10628999998842,0.9241888947110587
64.12297999998842,1.1004010006267784
64.13966999998841,1.246912472075388
64.15635999998841,1.3934239432145958
64.17304999998841,1.482767317552927
64.1897399999884,1.5226714653063633
64.2064299999884,1.562575613314116
64.2231199999884,1.53029820065843
64.2398099999884,1.4358979728136234
64.25649999998839,1.34149774521424
64.27318999998839,1.1635446138059657
64.28987999998839,0.9140278160445305
64.30656999998838,0.6645110185219787
64.32325999998838,0.3615158722435168
64.33994999998838,0.012936517450546563
64.35663999998837,-0.33564283728179944
64.37332999998837,-0.6673848091779171
64.39001999998837,-0.9848439068592373
64.40670999998837,-1.302303004819546
64.42339999998836,-1.5286314737693978
64.44008999998836,-1.678027566501065
64.45677999998836,-1.8274236588904176
64.47346999998835,-1.850165449670713
64.49015999998835,-1.7665008691174728
64.50684999998835,-1.6828362887786061
64.52353999998834,-1.4985581245735389
64.54022999998834,-1.2301585918809452
64.55691999998834,-0.9617590588411807
64.57360999998834,-0.6779134468274518
64.59029999998833,-0.3812158827924708
64.60698999998833,-0.08451831895057185
64.62367999998833,0.1449676444311691
64.64036999998832,0.3187997520711882
64.65705999998832,0.49263185984565044
64.67374999998832,0.5705894323444324
64.69043999998831,0.5695421962777844
64.70712999998831,0.5684949601558417
64.72381999998831,0.5134751455172013
64.7405099999883,0.4141942852147573
64.7571999999883,0.31491342488129737
64.7738899999883,0.23654461354554293
64.7905799999883,0.17524221888797972
64.80726999998829,0.11393982424232363
64.82395999998829,0.10220352924517936
64.84064999998829,0.1307228723242722
64.85733999998828,0.15924221543160846
64.87402999998828,0.21437619864457588
64.89071999998828,0.29102103944023844
64.90740999998827,0.3676658803087446
64.92409999998827,0.4396019643537686
64.94078999998827,0.5077506803639326
64.95747999998827,0.575899396371494
64.97416999998826,0.6146096541205678
64.99085999998826,0.629756442427517
65.00754999998826,0.6449032304292279
65.02423999998825,0.6284272904533087
65.04092999998825,0.5867620941340463
65.05761999998825,0.5450968980857132
65.07430999998824,0.4850597421201165
65.09099999998824,0.4104592066041268
65.10768999998824,0.33585867107794576
65.12437999998824,0.23688830490831103
65.14106999998823,0.11869372080833625
65.15775999998823,0.0004991367265614918
65.17444999998823,-0.14782297174058803
65.19113999998822,-0.31979599247563195
65.20782999998822,-0.49176901325636296
65.22451999998822,-0.6738612588865759
65.24120999998821,-0.8638588113244062
65.25789999998821,-1.0538563637676548
65.27458999998821,-1.2121267658273815
65.2912799999882,-1.3457317584583655
65.3079699999882,-1.4793367510719184
65.3246599999882,-1.533991052598122
65.3413499999882,-1.5275655419336005
65.3580399999882,-1.5211400312259078
65.37472999998819,-1.3938364088479474
65.39141999998819,-1.1734707404989215
65.40810999998818,-0.9531050720840479
65.42479999998818,-0.6381935141253071
65.44148999998818,-0.2508467981525028
65.45817999998818,0.13649991787161547
65.47486999998817,0.5140666300422594
65.49155999998817,0.8841769932967293
65.50824999998817,1.2542873562575663
65.52493999998816,1.5123427883409084
65.54162999998816,1.685382887293096
65.55831999998816,1.858422986473652
65.57500999998815,1.887216662555105
65.59169999998815,1.807105047064212
65.60838999998815,1.7269934317846505
65.62507999998815,1.5432154511406688
65.64176999998814,1.2815517224152162
65.65845999998814,1.019887993634678
65.67514999998814,0.7410656426583792
65.69183999998813,0.44941475106714307
65.70852999998813,0.15776385932245315
65.72521999998813,-0.08196584216517663
65.74190999998812,-0.28306661202054945
65.75859999998812,-0.4841673819352294
65.77528999998812,-0.6215476841743867
65.79197999998811,-0.7117522493676952
65.80866999998811,-0.8019568145273464
65.82535999998811,-0.8497018254484998
65.8420499999881,-0.8661654997527148
65.8587399999881,-0.8826291740346364
65.8754299999881,-0.8724045696900499
65.8921199999881,-0.8426141038728472
65.9088099999881,-0.8128236383303411
65.92549999998809,-0.7592763056609879
65.94218999998809,-0.6883975381501496
65.95887999998808,-0.617518770915611
65.97556999998808,-0.5299029695475058
65.99225999998808,-0.4301368084291879
66.00894999998808,-0.3303706473021903
66.02563999998807,-0.2267513208940151
66.04232999998807,-0.12034849003981093
66.05901999998807,-0.013945659174867748
66.07570999998806,0.0704238596047219
66.09239999998806,0.13895480794398926
66.10908999998806,0.20748575627192842
66.12577999998805,0.23089437978404384
66.14246999998805,0.22202639671141192
66.15915999998805,0.21315841364453408
66.17584999998805,0.16649072005770493
66.19253999998804,0.09291738625475343
66.20922999998804,0.019344052461464683
66.22591999998804,-0.042571001310795505
66.24260999998803,-0.09622860389384526
66.25929999998803,-0.14988620647097503
66.27598999998803,-0.1301572566112157
66.29267999998802,-0.05870540441334333
66.30936999998802,0.012746447801464871
66.32605999998802,0.1572568815705586
66.34274999998802,0.35300513826930124
66.35943999998801,0.5487533949469213
66.37612999998801,0.7357136067068731
66.392819999988,0.9165409612048719
66.409509999988,1.0973683156984635
66.426199999988,1.188103395217469
66.442889999988,1.2162769353796243
66.459579999988,1.2444504754968446
66.47626999998799,1.1463404595774782
66.49295999998799,0.9609706813142876
66.50964999998799,0.7756009029883151
66.52633999998798,0.5015784159902262
66.54302999998798,0.16660158908713443
66.55971999998798,-0.16837523780213143
66.57640999998797,-0.4931352622892629
66.59309999998797,-0.8109053854024876
66.60978999998797,-1.1286755085109481
66.62647999998796,-1.3539119598021225
66.64316999998796,-1.51615469279794
66.65985999998796,-1.6783974257483272
66.67654999998796,-1.7308629081975788
66.69323999998795,-1.7089667146713197
66.70992999998795,-1.6870705213800345
66.72661999998795,-1.572783307899522
66.74330999998794,-1.3962225082722657
66.75999999998794,-1.2196617088888617
66.77668999998794,-0.9961284596269466
66.79337999998793,-0.7410921662544441
66.81006999998793,-0.4860558728591683
66.82675999998793,-0.23262588148047653
66.84344999998793,0.019732171811661984
66.86013999998792,0.2720902251090139
66.87682999998792,0.495593432124237
66.89351999998792,0.6999367912608602
66.91020999998791,0.904280150094776
66.92689999998791,1.0713330244377535
66.9435899999879,1.2137482050573614
66.9602799999879,1.356163385947783
66.9769699999879,1.423306894650977
66.9936599999879,1.440966940967427
67.0103499999879,1.4586269869593709
67.02703999998789,1.3829956732223407
67.04372999998789,1.2463412696182277
67.06041999998789,1.1096868659698456
67.07710999998788,0.9005468720496024
67.09379999998788,0.6442303025014272
67.11048999998788,0.38791373263032164
67.12717999998787,0.126977173020424
67.14386999998787,-0.1369512063189198
67.16055999998787,-0.40087958557406134
67.17724999998786,-0.5873854828882534
67.19393999998786,-0.7240053667119445
67.21062999998786,-0.8606252504993608
67.22731999998786,-0.886416546700603
67.24400999998785,-0.8411554935974164
67.26069999998785,-0.7958944404425037
67.27738999998785,-0.6882179081947679
67.29407999998784,-0.5407277725842189
67.31076999998784,-0.3932376372334774
67.32745999998784,-0.26531494401438854
67.34414999998783,-0.14981115649868665
67.36083999998783,-0.03430736899203631
67.37752999998783,0.007060795164869724
67.39421999998783,0.0016140884298187156
67.41090999998782,-0.00383261833675991
67.42759999998782,-0.07717084628880612
67.44428999998782,-0.19316482041060237
67.46097999998781,-0.3091587944768258
67.47766999998781,-0.4276146212268181
67.49435999998781,-0.5476094055233947
67.5110499999878,-0.6676041895324293
67.5277399999878,-0.7321969528258082
67.5444299999878,-0.7623317044733713
67.5611199999878,-0.7924664560957868
67.57780999998779,-0.7303944798370101
67.59449999998779,-0.6112634417155173
67.61118999998779,-0.4921324035522911
67.62787999998778,-0.3110759148092673
67.64456999998778,-0.09189301118813599
67.66125999998778,0.12728989251864678
67.67794999998777,0.34378490796342975
67.69463999998777,0.5586334294394469
67.71132999998777,0.7734819512031076
67.72801999998777,0.9343273812779749
67.74470999998776,1.0622606087454758
67.76139999998776,1.1901938364775146
67.77808999998776,1.2586611883615915
67.79477999998775,1.2910712718546686
67.81146999998775,1.3234813556099472
67.82815999998775,1.3000946699068086
67.84484999998774,1.2430476854839663
67.86153999998774,1.186000701036467
67.87822999998774,1.0691100375711264
67.89491999998774,0.9163016911297965
67.91160999998773,0.7634933446620739
67.92829999998773,0.5512311375005149
67.94498999998773,0.30346729476593154
67.96167999998772,0.05570345206278352
67.97836999998772,-0.22638420498710127
67.99505999998772,-0.5288628961621826
68.01174999998771,-0.8313415871499409
68.02843999998771,-1.1068872215290557
68.04512999998771,-1.3665143665677664
68.0618199999877,-1.6261415115947528
68.0785099999877,-1.7720622654516192
68.0951999999877,-1.8511223627001585
68.1118899999877,-1.9301824598995219
68.12857999998769,-1.8569328055429117
68.14526999998769,-1.6945826694288073
68.16195999998769,-1.5322325332490034
68.17864999998768,-1.2652141001338988
68.19533999998768,-0.9372797098360208
68.21202999998768,-0.6093453194931738
68.22871999998767,-0.27013537330794696
68.24540999998767,0.07560308789369354
68.26209999998767,0.4213415489849815
68.27878999998767,0.6846278490416817
68.29547999998766,0.9004204577464346
68.31216999998766,1.116213066704753
68.32885999998766,1.2033490749049471
68.34554999998765,1.2167591511589368
68.36223999998765,1.2301692276470415
68.37892999998765,1.1457331852378694
68.39561999998764,1.0055165709370049
68.41230999998764,0.8652999565949866
68.42899999998764,0.7070391608054378
68.44568999998764,0.5385448577752627
68.46237999998763,0.3700505547375071
68.47906999998763,0.25287219463126975
68.49575999998763,0.16464622238355808
68.51244999998762,0.07642025015721834
68.52913999998762,0.0436307484187036
68.54582999998762,0.04195619754270437
68.56251999998761,0.04028164666091544
68.57920999998761,0.05016046191067307
68.59589999998761,0.06649017626876669
68.6125899999876,0.0828198906316499
68.6292799999876,0.0806910330599099
68.6459699999876,0.06830932466627286
68.6626599999876,0.05592761629387946
68.6793499999876,0.022746237811784312
68.69603999998759,-0.02192816771749501
68.71272999998759,-0.06660257325243071
68.72941999998758,-0.11333517017299038
68.74610999998758,-0.16119910346203992
68.76279999998758,-0.20906303675193139
68.77948999998758,-0.2503719869970723
68.79617999998757,-0.28809665541588314
68.81286999998757,-0.32582132383205886
68.82955999998757,-0.3765425775219238
68.84624999998756,-0.4343332039560196
68.86293999998756,-0.49212383039538216
68.87962999998756,-0.569181004039521
68.89631999998755,-0.6566631052673598
68.91300999998755,-0.7441452065029742
68.92969999998755,-0.8181667474639758
68.94638999998755,-0.8849431577899454
68.96307999998754,-0.9517195678217879
68.97976999998754,-0.9489159700955988
68.99645999998754,-0.908857943103715
69.01314999998753,-0.8687999157953458
69.02983999998753,-0.7261202229097115
69.04652999998753,-0.5287843624073395
69.06321999998752,-0.33144850157532013
69.07990999998752,-0.054762335158473306
69.09659999998752,0.26396276547737474
69.11328999998751,0.5826878662598454
69.12997999998751,0.8921090442165294
69.14666999998751,1.196627148812753
69.1633599999875,1.5011452536939731
69.1800499999875,1.6867478374279463
69.1967399999875,1.8100147960056483
69.2134299999875,1.9332817548254677
69.2301199999875,1.8803405333407919
69.24680999998749,1.7355204792235372
69.26349999998749,1.590700425037439
69.28018999998748,1.3202210621531654
69.29687999998748,0.9845680807691863
69.31356999998748,0.6489150993363183
69.33025999998748,0.2977452983872709
69.34694999998747,-0.06142954646687038
69.36363999998747,-0.42060439155825513
69.38032999998747,-0.6915076941403667
69.39701999998746,-0.9171148107195294
69.41370999998746,-1.1427219272646747
69.43039999998746,-1.2495819238946857
69.44708999998745,-1.2958325306065952
69.46377999998745,-1.3420831372729358
69.48046999998745,-1.3110318738759175
69.49715999998745,-1.240736120057249
69.51384999998744,-1.1704403659204687
69.53053999998744,-1.0671164926989105
69.54722999998744,-0.9471147595847402
69.56391999998743,-0.8271130264580168
69.58060999998743,-0.6918254815536109
69.59729999998743,-0.5488606340041823
69.61398999998742,-0.40589578644885316
69.63067999998742,-0.25259051752233086
69.64736999998742,-0.09411968307589011
69.66405999998742,0.06435115137430819
69.68074999998741,0.2121442212312351
69.69743999998741,0.35463192627976975
69.7141299999874,0.4971196316707016
69.7308199999874,0.5924987654752805
69.7475099999874,0.6645977461904197
69.7641999999874,0.7366967265993918
69.7808899999874,0.7455614042530019
69.79757999998739,0.7233457718499604
69.81426999998739,0.7011301394234455
69.83095999998739,0.6269271556287399
69.84764999998738,0.5273101948866856
69.86433999998738,0.42769323383674984
69.88102999998738,0.31933151943059523
69.89771999998737,0.20671812583389343
69.91440999998737,0.0941047323493476
69.93109999998737,0.030930945926711837
69.94778999998736,-0.008336043759663946
69.96447999998736,-0.04760303341062357
69.98116999998736,-0.01133216382522555
69.99785999998736,0.061266584996495746
70.01454999998735,0.13386533386306623
70.03123999998735,0.23507258831587094
70.04792999998735,0.34996327344692896
70.06461999998734,0.4648539584439254
70.08130999998734,0.5205270375728898
70.09799999998734,0.548031175763507
70.11468999998733,0.5755353142214201
70.13137999998733,0.49063508471190814
70.14806999998733,0.35255856120964985
70.16475999998733,0.21448203746486533
70.18144999998732,-0.006931702701193761
70.19813999998732,-0.2675543185161032
70.21482999998732,-0.5281769342191235
70.23151999998731,-0.7830771038326796
70.24820999998731,-1.0352997519632252
70.2648999999873,-1.2875224003804013
70.2815899999873,-1.4284755264547173
70.2982799999873,-1.5176526673880568
70.3149699999873,-1.6068298085707708
70.3316599999873,-1.5572597598381255
70.34834999998729,-1.4434841748798584
70.36503999998729,-1.329708589872718
70.38172999998729,-1.1285255684849334
70.39841999998728,-0.8871183021642207
70.41510999998728,-0.6457110358128546
70.43179999998728,-0.38189330219356493
70.44848999998727,-0.10781959925941609
70.46517999998727,0.16625410365391527
70.48186999998727,0.41811129681539616
70.49855999998726,0.6598577503101501
70.51524999998726,0.9016042037971905
70.53193999998726,1.0833844475413408
70.54862999998726,1.2380259365698827
70.56531999998725,1.3926674252890305
70.58200999998725,1.4703422327653795
70.59869999998725,1.5133786898441226
70.61538999998724,1.556415146896373
70.63207999998724,1.5146065429793405
70.64876999998724,1.4348273823022926
70.66545999998723,1.3550482218848783
70.68214999998723,1.1904638572201096
70.69883999998723,0.9881393410875877
70.71552999998723,0.785814824926037
70.73221999998722,0.5221141492963811
70.74890999998722,0.23125306427821324
70.76559999998722,-0.059608020847097216
70.78228999998721,-0.3466426232359486
70.79897999998721,-0.6319934413203486
70.81566999998721,-0.9173442591147921
70.8323599999872,-1.1171577911754544
70.8490499999872,-1.2795441552269438
70.8657399999872,-1.4419305195385566
70.8824299999872,-1.4640565749040257
70.89911999998719,-1.4251579385561912
70.91580999998719,-1.386259301872875
70.93249999998719,-1.2318594840225097
70.94918999998718,-1.0274917727673465
70.96587999998718,-0.8231240614738073
70.98256999998718,-0.6030912558184781
70.99925999998717,-0.37631990939734383
71.01594999998717,-0.14954856262444172
71.03263999998717,-0.0020841714352248524
71.04932999998717,0.11145936607152535
71.06601999998716,0.22500290353545224
71.08270999998716,0.23514487655209837
71.09939999998716,0.2013124863117212
71.11608999998715,0.1674800960374961
71.13277999998715,0.08977655527836495
71.14946999998715,-0.006477787488639042
71.16615999998714,-0.10273213026983999
71.18284999998714,-0.15744812635341415
71.19953999998714,-0.1947003408178232
71.21622999998714,-0.23195255526877512
71.23291999998713,-0.19231672158806537
71.24960999998713,-0.12054076903566684
71.26629999998713,-0.04876481648730756
71.28298999998712,0.07062941366928159
71.29967999998712,0.20981410705943343
71.31636999998712,0.34899880043586695
71.33305999998711,0.48679335602880325
71.34974999998711,0.6240134938487067
71.36643999998711,0.7612336316681665
71.3831299999871,0.8464679252465785
71.3998199999871,0.9103453964891703
71.4165099999871,0.9742228680039896
71.4331999999871,0.9632439295655744
71.44988999998709,0.9216907270846554
71.46657999998709,0.8801375245800985
71.48326999998709,0.7866659856048801
71.49995999998708,0.6721121897438518
71.51664999998708,0.5575583941551724
71.53333999998708,0.40913743994571855
71.55002999998707,0.24704429389774538
71.56671999998707,0.08495114778131893
71.58340999998707,-0.09736628147825782
71.60009999998707,-0.28780059349453097
71.61678999998706,-0.47823490566142624
71.63347999998706,-0.6723606176784779
71.65016999998706,-0.8679591771948336
71.66685999998705,-1.063557736423666
71.68354999998705,-1.226581865757069
71.70023999998705,-1.3766852588034604
71.71692999998704,-1.5267886521283673
71.73361999998704,-1.5826038589286893
71.75030999998704,-1.6012394298600896
71.76699999998704,-1.6198750010512848
71.78368999998703,-1.4862734032149492
71.80037999998703,-1.2929958511319848
71.81706999998703,-1.0997182987139629
71.83375999998702,-0.7846242644746251
71.85044999998702,-0.4220613598161008
71.86713999998702,-0.05949845506325045
71.88382999998701,0.30531573864045675
71.90051999998701,0.6710020028609947
71.91720999998701,1.0366882667935449
71.933899999987,1.2797309945008066
71.950589999987,1.4755483267317213
71.967279999987,1.6713656592147164
71.983969999987,1.6952096874084872
72.000659999987,1.6532279769864924
72.01734999998699,1.611246266513214
72.03403999998699,1.4463151897928959
72.05072999998698,1.2346043708943637
72.06741999998698,1.0228935516706805
72.08410999998698,0.7818400963642905
72.10079999998698,0.5296892608942682
72.11748999998697,0.27753842567517534
72.13417999998697,0.08528023156271765
72.15086999998697,-0.0844626743256201
72.16755999998696,-0.2542055801963781
72.18424999998696,-0.344594219868898
72.20093999998696,-0.4053311417520126
72.21762999998695,-0.46606806390061667
72.23431999998695,-0.47522090802733535
72.25100999998695,-0.46521516261090123
72.26769999998695,-0.4552094174681666
72.28438999998694,-0.4370209443006774
72.30107999998694,-0.41581177603231406
72.31776999998694,-0.39460260776158707
72.33445999998693,-0.38151496132888124
72.35114999998693,-0.37140720154250373
72.36783999998693,-0.3612994420471267
72.38452999998692,-0.3561615827117303
72.40121999998692,-0.3528361321233212
72.41790999998692,-0.34951068124766826
72.43459999998692,-0.33314743476324044
72.45128999998691,-0.31205865214427375
72.46797999998691,-0.2909698695216013
72.4846699999869,-0.2650651784460734
72.5013599999869,-0.23742566127794718
72.5180499999869,-0.20978614407957027
72.5347399999869,-0.19805661244062425
72.5514299999869,-0.19202308865766265
72.56811999998689,-0.18598956487917268
72.58480999998689,-0.20320934504911659
72.60149999998688,-0.22870284350949407
72.61818999998688,-0.25419634194750723
72.63487999998688,-0.25677816970115896
72.65156999998688,-0.2512582225330919
72.66825999998687,-0.24573827538751952
72.68494999998687,-0.1585000238218845
72.70163999998687,-0.04254457041046458
72.71832999998686,0.07341088305241518
72.73501999998686,0.2632625497933068
72.75170999998686,0.47892114004171993
72.76839999998685,0.6945797302238589
72.78508999998685,0.9013055206387383
72.80177999998685,1.1049311464311495
72.81846999998685,1.3085567722209461
72.83515999998684,1.3990341060287177
72.85184999998684,1.4504884992636853
72.86853999998684,1.5019428924678857
72.88522999998683,1.3854341171770144
72.90191999998683,1.2113611342878732
72.91860999998683,1.037288151353296
72.93529999998682,0.7409524952266611
72.95198999998682,0.4029787878322449
72.96867999998682,0.0650050803763847
72.98536999998682,-0.28428564474315754
73.00205999998681,-0.6374061866453349
73.01874999998681,-0.9905267283773387
73.0354399999868,-1.2345093402340872
73.0521299999868,-1.4417922471775717
73.0688199999868,-1.6490751543809004
73.0855099999868,-1.6976502883239464
73.1021999999868,-1.6931959658123745
73.11888999998679,-1.6887416432588558
73.13557999998679,-1.5613058588176871
73.15226999998679,-1.3930398361766376
73.16895999998678,-1.2247738135032566
73.18564999998678,-1.0058622636730443
73.20233999998678,-0.7702437431024728
73.21902999998677,-0.5346252225184711
73.23571999998677,-0.312103662282377
73.25240999998677,-0.09387482097439762
73.26909999998676,0.1243540203013123
73.28578999998676,0.3020634572077494
73.30247999998676,0.4665775361096723
73.31916999998676,0.6310916150011238
73.33585999998675,0.763003063040289
73.35254999998675,0.8843658409373982
73.36923999998675,1.005728618826033
73.38592999998674,1.0680886835069558
73.40261999998674,1.1114819219159482
73.41930999998674,1.1548751605985392
73.43599999998673,1.1098527886337635
73.45268999998673,1.0365933363343762
73.46937999998673,0.9633338840125327
73.48606999998673,0.8130925250393459
73.50275999998672,0.6384259675955917
73.51944999998672,0.4637594098438954
73.53613999998672,0.2774309305475503
73.55282999998671,0.0874265104779501
73.56951999998671,-0.10257790959457656
73.5862099999867,-0.23008613881135573
73.6028999999867,-0.3380243569494252
73.6195899999867,-0.44596257492767355
73.6362799999867,-0.4543870183891892
73.6529699999867,-0.4318550952228863
73.66965999998669,-0.40932317174324595
73.68634999998669,-0.327924464802442
73.70303999998669,-0.2283347670807742
73.71972999998668,-0.12874506940232658
73.73641999998668,-0.05477827216239425
73.75310999998668,0.011323077092293136
73.76979999998667,0.07742442635808158
73.78648999998667,0.0516336990987126
73.80317999998667,-0.0021772862421005953
73.81986999998666,-0.055988271593746045
73.83655999998666,-0.1899073932037279
73.85324999998666,-0.34809033758468727
73.86993999998666,-0.506273282129379
73.88662999998665,-0.6757348118367777
73.90331999998665,-0.8485895866697556
73.92000999998665,-1.0214443617939657
73.93669999998664,-1.1092258896371987
73.95338999998664,-1.171584750786303
73.97007999998664,-1.2339436119150597
73.98676999998663,-1.1505185114963972
74.00345999998663,-1.0238226463447828
74.02014999998663,-0.897126781447165
74.03683999998663,-0.6650519052075673
74.05352999998662,-0.40191106703040697
74.07021999998662,-0.13877022865538
74.08690999998662,0.13070706314264116
74.10359999998661,0.40203964505539475
74.12028999998661,0.6733722269119035
74.13697999998661,0.8749603158281886
74.1536699999866,1.0562669434363083
74.1703599999866,1.2375735707396491
74.1870499999866,1.3311446523851773
74.2037399999866,1.3993774369643017
74.22042999998659,1.4676102218117477
74.23711999998659,1.447061442590817
74.25380999998659,1.40104871422822
74.27049999998658,1.3550359861338215
74.28718999998658,1.2285513231288272
74.30387999998658,1.0791454775925315
74.32056999998657,0.9297396320376846
74.33725999998657,0.7116803663992465
74.35394999998657,0.474201839546901
74.37063999998657,0.2367233127943968
74.38732999998656,-0.03224241265253114
74.40401999998656,-0.31005258541884057
74.42070999998656,-0.5878627580479411
74.43739999998655,-0.8396663067267071
74.45408999998655,-1.0842159005223666
74.47077999998655,-1.3287654940233087
74.48746999998654,-1.4597862001060005
74.50415999998654,-1.559362791788091
74.52084999998654,-1.6589393834448278
74.53753999998654,-1.60819436276634
74.55422999998653,-1.5161080272548721
74.57091999998653,-1.4240216917100337
74.58760999998653,-1.210087196405482
74.60429999998652,-0.9628791374063506
74.62098999998652,-0.7156710786692378
74.63767999998652,-0.4334938393462187
74.65436999998651,-0.14183523797148426
74.67105999998651,0.1498233633531782
74.68774999998651,0.3649018144603606
74.7044399999865,0.5593647721194575
74.7211299999865,0.7538277300507283
74.7378199999865,0.8060825887293759
74.7545099999865,0.8203289041459911
74.7711999999865,0.8345752195318616
74.78788999998649,0.739665230573868
74.80457999998649,0.615790338758404
74.82126999998648,0.49191544720815233
74.83795999998648,0.3647484920918876
74.85464999998648,0.23671428620237986
74.87133999998647,0.10868008039866073
74.88802999998647,0.062025895258583624
74.90471999998647,0.036654769369815564
74.92140999998647,0.011283643486752695
74.93809999998646,0.05909116537262162
74.95478999998646,0.1258975212453519
74.97147999998646,0.19270387713349862
74.98816999998645,0.26342122720990657
75.00485999998645,0.33514653511703363
75.02154999998645,0.40687184316925057
75.03823999998644,0.4322242980301135
75.05492999998644,0.4457131186306895
75.07161999998644,0.45920193951029514
75.08830999998644,0.41298582879416096
75.10499999998643,0.351607985096273
75.12168999998643,0.29023014109739026
75.13837999998643,0.19699428141848846
75.15506999998642,0.0957281940311571
75.17175999998642,-0.0055378933799377205
75.18844999998642,-0.11358217838847799
75.20513999998641,-0.22332228212929647
75.22182999998641,-0.333062385900362
75.23851999998641,-0.44524845081776027
75.2552099999864,-0.5580418893763606
75.2718999999864,-0.6708353282242175
75.2885899999864,-0.7752307050187545
75.3052799999864,-0.8775563577292486
75.3219699999864,-0.979882010438056
75.33865999998639,-1.041400979631262
75.35534999998639,-1.0929388957598383
75.37203999998638,-1.1444768115916064
75.38872999998638,-1.1149128783728488
75.40541999998638,-1.0656622710510808
75.42210999998638,-1.0164116637132126
75.43879999998637,-0.8612092654438289
75.45548999998637,-0.6804839074264066
75.47217999998637,-0.4997585493881436
75.48886999998636,-0.21919678479410404
75.50555999998636,0.08523084716768624
75.52224999998636,0.38965847923558433
75.53893999998635,0.6966494908977147
75.55562999998635,1.004248568711501
75.57231999998635,1.3118476468141886
75.58900999998635,1.489387206930215
75.60569999998634,1.6363132019170739
75.62238999998634,1.7832391965902175
75.63907999998634,1.7306046197751463
75.65576999998633,1.631361660488236
75.67245999998633,1.5321187014518143
75.68914999998633,1.274412593283485
75.70583999998632,0.9799851351005919
75.72252999998632,0.6855576768878708
75.73921999998632,0.36023254576307906
75.75590999998632,0.027803454412369016
75.77259999998631,-0.30462563682869953
75.78928999998631,-0.5350676467407015
75.8059799999863,-0.7422454950476983
75.8226699999863,-0.9494233433357959
75.8393599999863,-1.0281500519432312
75.8560499999863,-1.0778077297098652
75.8727399999863,-1.1274654074526391
75.88942999998629,-1.090859601863301
75.90611999998629,-1.0348872330834331
75.92280999998628,-0.9789148639989868
75.93949999998628,-0.8889221705777794
75.95618999998628,-0.7913527896829874
75.97287999998628,-0.6937834087818865
75.98956999998627,-0.5995153905402828
76.00625999998627,-0.5059767149228543
76.02294999998627,-0.41243803959469205
76.03963999998626,-0.3252569545224787
76.05632999998626,-0.2394690596821473
76.07301999998626,-0.1536811647563631
76.08970999998625,-0.07260386283043382
76.10639999998625,0.007449546536712208
76.12308999998625,0.08750295591449367
76.13977999998625,0.15057162055393802
76.15646999998624,0.20997860674938335
76.17315999998624,0.2693855929706773
76.18984999998624,0.29722276815236276
76.20653999998623,0.31830974401874856
76.22322999998623,0.33939671959089884
76.23991999998623,0.3276909804943186
76.25660999998622,0.30903137582558204
76.27329999998622,0.29037177115112395
76.28998999998622,0.26148482039767196
76.30667999998622,0.23044708632389702
76.32336999998621,0.1994093522483457
76.34005999998621,0.20656779505323408
76.3567499999862,0.22169184177939738
76.3734399999862,0.2368158885121525
76.3901299999862,0.31931937385604403
76.4068199999862,0.41575671293536004
76.4235099999862,0.5121940517375299
76.44019999998619,0.6260660890621121
76.45688999998619,0.7435131836046849
76.47357999998619,0.860960278150216
76.49026999998618,0.8898957069241198
76.50695999998618,0.9008352520784081
76.52364999998618,0.9117747972178121
76.54033999998617,0.7775915058347904
76.55702999998617,0.6141537903162892
76.57371999998617,0.45071607477355147
76.59040999998616,0.18077915548443146
76.60709999998616,-0.11044229215820774
76.62378999998616,-0.40166373970303226
76.64047999998616,-0.6917028268177845
76.65716999998615,-0.9815076483061873
76.67385999998615,-1.2713124700828153
76.69054999998615,-1.4356629549490794
76.70723999998614,-1.5753722291969205
76.72392999998614,-1.7150815034243057
76.74061999998614,-1.6768918862543845
76.75730999998613,-1.6040648328061617
76.77399999998613,-1.5312377790404887
76.79068999998613,-1.3288358856624913
76.80737999998613,-1.1014266963203685
76.82406999998612,-0.8740175066689914
76.84075999998612,-0.5913727787749168
76.85744999998612,-0.2981619374855968
76.87413999998611,-0.00495109646460676
76.89082999998611,0.2584435722198947
76.9075199999861,0.516185281580888
76.9242099999861,0.773926990850798
76.9408999999861,0.9410045785344747
76.9575899999861,1.0910463454447312
76.9742799999861,1.241088112340802
76.99096999998609,1.2967845463323586
77.00765999998609,1.3349127663808236
77.02434999998609,1.3730409861259778
77.04103999998608,1.3346972633129839
77.05772999998608,1.282242323333598
77.07441999998608,1.2297873836310707
77.09110999998607,1.099968352445749
77.10779999998607,0.9560033714852542
77.12448999998607,0.8120383902242896
77.14117999998606,0.6085852342336606
77.15786999998606,0.3943543196807168
77.17455999998606,0.18012340532083684
77.19124999998606,-0.05567410928799803
77.20793999998605,-0.29534294298096914
77.22462999998605,-0.5350117767347031
77.24131999998605,-0.6994202087049335
77.25800999998604,-0.8504442928388806
77.27469999998604,-1.0014683766729704
77.29138999998604,-1.0158826447619431
77.30807999998603,-1.0062289390610255
77.32476999998603,-0.9965752333399633
77.34145999998603,-0.866166819040202
77.35814999998603,-0.7146836909320343
77.37483999998602,-0.5632005628063564
77.39152999998602,-0.40191091386301436
77.40821999998602,-0.23892597036217314
77.42490999998601,-0.07594102688877814
77.44159999998601,0.001654645201776474
77.45828999998601,0.06462927697202772
77.474979999986,0.12760390872142258
77.491669999986,0.0793182388573213
77.508359999986,0.01216431856326945
77.525049999986,-0.0549896017408336
77.54173999998599,-0.15894925355587547
77.55842999998599,-0.2690904138837116
77.57511999998599,-0.3792315741012709
77.59180999998598,-0.4330460589921008
77.60849999998598,-0.4774924452276833
77.62518999998598,-0.5219388311667726
77.64187999998597,-0.4501555832836408
77.65856999998597,-0.3592305392469847
77.67525999998597,-0.26830549499217576
77.69194999998597,-0.09049924687361152
77.70863999998596,0.10147438937373822
77.72532999998596,0.2934480256330061
77.74201999998596,0.5046401102599944
77.75870999998595,0.7189349647310279
77.77539999998595,0.9332298192044891
77.79208999998595,1.0695231483000969
77.80877999998594,1.193349242335925
77.82546999998594,1.317175336361255
77.84215999998594,1.3157318107012923
77.85884999998594,1.2944676922905893
77.87553999998593,1.2732035741518446
77.89222999998593,1.1540220882414696
77.90891999998593,1.0195049649511398
77.92560999998592,0.8849878413593311
77.94229999998592,0.7059705967658778
77.95898999998592,0.5200550637853998
77.97567999998591,0.33413953051043466
77.99236999998591,0.12356049213469958
78.00905999998591,-0.09080244285042621
78.0257499999859,-0.30516537792552717
78.0424399999859,-0.5121305280020921
78.0591299999859,-0.7179724812846661
78.0758199999859,-0.9238144342776251
78.0925099999859,-1.0904643793155306
78.10919999998589,-1.2512260692508914
78.12588999998589,-1.4119877591812735
78.14257999998588,-1.4649793222567853
78.15926999998588,-1.5019499993756933
78.17595999998588,-1.5389206761924215
78.19264999998587,-1.4179114455627249
78.20933999998587,-1.2736666817508386
78.22602999998587,-1.129421917919287
78.24271999998587,-0.8976809098414558
78.25940999998586,-0.6532088078753752
78.27609999998586,-0.4087367056098424
78.29278999998586,-0.04829363552626556
78.30947999998585,0.32884162333543504
78.32616999998585,0.8846039748403318
78.34285999998585,1.2230287041321246
78.35954999998584,1.4197728720821015
78.37623999998584,1.5955917343542676
78.39292999998584,1.6328829849935727
78.40961999998584,1.6040328898914868
78.42630999998583,1.533003911529597
78.44299999998583,1.3558239472145293
78.45968999998583,1.146179908856536
78.47637999998582,0.9420356137201091
78.49306999998582,0.6894483597046324
78.50975999998582,0.45325930741474707
78.52644999998581,0.2612491206325639
78.54313999998581,0.034000733795682324
78.55982999998581,-0.13878984423073895
78.5765199999858,-0.22507106489056394
78.5932099999858,-0.3148102451136631
78.6098999999858,-0.33690635765964766
78.6265899999858,-0.2814556380557888
78.6432799999858,-0.2486029473060607
78.65996999998579,-0.16709424222115388
78.67665999998579,-0.04509901680415982
78.69334999998578,0.016287279128593395
78.71003999998578,0.08061331670005992
78.72672999998578,0.13580511735812167
78.74341999998578,0.0985296624399349
78.76010999998577,0.016741654153590583
78.77679999998577,-0.08376958669944799
78.79348999998577,-0.23965660180368817
78.81017999998576,-0.36638178124434984
78.82686999998576,-0.4429170446923083
78.84355999998576,-0.5129428216781947
78.86024999998575,-0.5407976272187361
78.87693999998575,-0.5189355445021553
78.89362999998575,-0.5111580101283857
78.91031999998575,-0.4768372328661589
78.92700999998574,-0.4291124632060579
78.94369999998574,-0.4159761473372142
78.96038999998574,-0.4127406361865127
78.97707999998573,-0.4059329995349972
78.99376999998573,-0.44554083301820163
79.01045999998573,-0.4754758865142147
79.02714999998572,-0.4811010594179028
79.04383999998572,-0.5129244165950091
79.06052999998572,-0.5069671153079394
79.07721999998572,-0.43527097963119965
79.09390999998571,-0.3589194305717491
79.11059999998571,-0.2145408849595841
79.1272899999857,-0.0027076226880091768
79.1439799999857,0.19746650085778286
79.1606699999857,0.4481434973988363
79.1773599999857,0.7428847098284695
79.1940499999857,1.0024281183561488
79.21073999998569,1.2566596928998457
79.22742999998569,1.498035212040289
79.24411999998568,1.655665422969149
79.26080999998568,1.7651646085234087
79.27749999998568,1.818653016400119
79.29418999998568,1.752278234418966
79.31087999998567,1.6168760726757692
79.32756999998567,1.4285235788239914
79.34425999998567,1.1401799783100226
79.36094999998566,0.7986962282821507
79.37763999998566,0.4344640575669064
79.39432999998566,-0.0013685832065620962
79.41101999998565,-0.4262595005852574
79.42770999998565,-0.790048464231041
79.44439999998565,-1.1445055481672024
79.46108999998565,-1.4156016737260781
79.47777999998564,-1.5654118417435743
79.49446999998564,-1.6827233722546786
79.51115999998564,-1.7040731885480458
79.52784999998563,-1.6133025123156763
79.54453999998563,-1.5027260256502195
79.56122999998563,-1.3129327776006736
79.57791999998562,-1.0561376043388409
79.59460999998562,-0.8446161673790327
79.61129999998562,-0.587940759113899
79.62798999998562,-0.3060610047548902
79.64467999998561,-0.1894806275274759
79.66136999998561,-0.090157338731802
79.6780599999856,0.009165950077953067
79.6947499999856,0.1234643610903059
79.7114399999856,0.23928499579500442
79.7281299999856,0.3551056306164824
79.7448199999856,0.4655243323490136
79.76150999998559,0.5754017727954637
79.77819999998559,0.6852792132414464
79.79488999998559,0.7365008165324303
79.81157999998558,0.781930203953768
79.82826999998558,0.8273595913701436
79.84495999998558,0.8068187775905324
79.86164999998557,0.7798587727048479
79.87833999998557,0.7528987678136159
79.89502999998557,0.6646557185221466
79.91171999998556,0.5705378662425663
79.92840999998556,0.4764200142465701
79.94509999998556,0.3672301069425596
79.96178999998556,0.25661700222801515
79.97847999998555,0.1460038975412004
79.99516999998555,0.07851235507952777
80.01185999998555,0.0150308073328472
80.02854999998554,-0.04845074041036098
80.04523999998554,-0.040144192041555005
80.06192999998554,-0.025264501966268987
80.07861999998553,-0.010384811893945448
80.09530999998553,0.05197472142898329
80.11199999998553,0.11861395328507471
80.12868999998553,0.1852531851736856
80.14537999998552,0.2212081273168037
80.16206999998552,0.2544409145575998
80.17875999998552,0.28767370168056766
80.19544999998551,0.21547281716356767
80.21213999998551,0.13406795062218274
80.2288299999855,0.05266308404387616
80.2455199999855,-0.13274740582763536
80.2622099999855,-0.32709006386772793
80.2788999999855,-0.5214327221176445
80.2955899999855,-0.7317522527169741
80.31227999998549,-0.9434213564957123
80.32896999998549,-1.1550904602756242
80.34565999998549,-1.261054751326519
80.36234999998548,-1.358238888637311
80.37903999998548,-1.4554230259405523
80.39572999998548,-1.3609347919163692
80.41241999998547,-1.2507947633725038
80.42910999998547,-1.1406547345263518
80.44579999998547,-0.8842015358308335
80.46248999998546,-0.6160054027913153
80.47917999998546,-0.3478092697415685
80.49586999998546,-0.05373577949598503
80.51255999998546,0.24237845905392363
80.52924999998545,0.5384926977208242
80.54593999998545,0.7572312609637117
80.56262999998545,0.96997558209268
80.57931999998544,1.1827199032164215
80.59600999998544,1.2800733953725636
80.61269999998544,1.3686479591681757
80.62938999998543,1.4572225229561255
80.64607999998543,1.4321522813722531
80.66276999998543,1.3985934389206234
80.67945999998543,1.3650345961729473
80.69614999998542,1.2351187936991246
80.71283999998542,1.0981388796379625
80.72952999998542,0.9611589655706297
80.74621999998541,0.7571560459319836
80.76290999998541,0.5483319463332779
80.77959999998541,0.33950784701884873
80.7962899999854,0.10521890027771993
80.8129799999854,-0.13086679641417884
80.8296699999854,-0.36695249296331567
80.8463599999854,-0.5792782494796304
80.86304999998539,-0.7899601404880787
80.87973999998539,-1.0006420314950881
80.89642999998539,-1.1199042808910482
80.91311999998538,-1.2329666056866082
80.92980999998538,-1.3460289304768376
80.94649999998538,-1.3200730978534263
80.96318999998537,-1.2848789973072168
80.97987999998537,-1.2496848970415793
80.99656999998537,-1.0785100415912965
81.01325999998537,-0.8984838542124598
81.02994999998536,-0.7184576668258604
81.04663999998536,-0.49261296468933347
81.06332999998536,-0.26384802577347105
81.08001999998535,-0.035083086797509266
81.09670999998535,0.12232312750865036
81.11339999998535,0.2752779381366653
81.13008999998534,0.42823274870303923
81.14677999998534,0.44170149268098136
81.16346999998534,0.44665741840432444
81.18015999998534,0.4516133441201872
81.19684999998533,0.34965136157758325
81.21353999998533,0.24130824682968918
81.23022999998533,0.13296513193194723
81.24691999998532,0.03809037597118768
81.26360999998532,-0.05599865452226935
81.28029999998532,-0.15008768498616865
81.29698999998531,-0.13129851823896585
81.31367999998531,-0.10607550851234619
81.33036999998531,-0.08085249875117947
81.3470599999853,0.0339254128492397
81.3637499999853,0.15368803768154504
81.3804399999853,0.273450662518239
81.3971299999853,0.3977699057074805
81.4138199999853,0.5223366970403216
81.43050999998529,0.6469034886620468
81.44719999998529,0.6983600734846003
81.46388999998528,0.7459420480643294
81.48057999998528,0.7935240223520184
81.49726999998528,0.7392624490511639
81.51395999998527,0.6797386380266838
81.53064999998527,0.6202148272862281
81.54733999998527,0.4815048647688929
81.56402999998527,0.33880818616840447
81.58071999998526,0.1961115073623295
81.59740999998526,0.025928192023713874
81.61409999998526,-0.14560267687441064
81.63078999998525,-0.3171335457620323
81.64747999998525,-0.4709130133200459
81.66416999998525,-0.6238455838312669
81.68085999998524,-0.7767781543417395
81.69754999998524,-0.8881721495066017
81.71423999998524,-0.997638963069918
81.73092999998524,-1.1071057766315293
81.74761999998523,-1.1566187720324184
81.76430999998523,-1.2034287774589179
81.78099999998523,-1.2502387828829864
81.79768999998522,-1.2091443457847564
81.81437999998522,-1.1642016842546101
81.83106999998522,-1.1192590224323897
81.84775999998521,-0.9551693326369078
81.86444999998521,-0.7860190569297467
81.88113999998521,-0.6168687812179601
81.8978299999852,-0.33266012764951924
81.9145199999852,-0.04371419834866878
81.9312099999852,0.24523173095638068
81.9478999999852,0.5574845725836797
81.9645899999852,0.870666786434361
81.98127999998519,1.1838490005745328
81.99796999998519,1.360687193880858
82.01465999998518,1.5322650702173186
82.03134999998518,1.7038429468379244
82.04803999998518,1.6539597210973662
82.06472999998518,1.5958181567939431
82.08141999998517,1.537676592483186
82.09810999998517,1.298822503123808
82.11479999998517,1.0534623138167836
82.13148999998516,0.8081021247926417
82.14817999998516,0.5181104788567419
82.16486999998516,0.2265693216419866
82.18155999998515,-0.06497183551616452
82.19824999998515,-0.26080904431409485
82.21493999998515,-0.4534462447136992
82.23162999998515,-0.6460834450527231
82.24831999998514,-0.6952163387088591
82.26500999998514,-0.7397343747825955
82.28169999998514,-0.784252410852222
82.29838999998513,-0.7334226715098605
82.31507999998513,-0.6796482817734013
82.33176999998513,-0.6258738920343656
82.34845999998512,-0.5445281313627904
82.36514999998512,-0.4623659452414417
82.38183999998512,-0.380203758830699
82.39852999998512,-0.3247697937861862
82.41521999998511,-0.27009337543312284
82.43190999998511,-0.21541695699408836
82.4485999999851,-0.20109298126668962
82.4652899999851,-0.18786162562484823
82.4819799999851,-0.17463026998398182
82.4986699999851,-0.16852213868320448
82.5153599999851,-0.16259788903935718
82.53204999998509,-0.15667363939567416
82.54873999998509,-0.13978833615928682
82.56542999998508,-0.1226338848620663
82.58211999998508,-0.10547943359345743
82.59880999998508,-0.0751758452419504
82.61549999998508,-0.044565900502746884
82.63218999998507,-0.013955955774816143
82.64887999998507,0.012516664709788048
82.66556999998507,0.0388980765615135
82.68225999998506,0.06527948843913728
82.69894999998506,0.08622633313694641
82.71563999998506,0.10706016543880188
82.73232999998505,0.12789399774053845
82.74901999998505,0.1856134168572681
82.76570999998505,0.2440538738168375
82.78239999998505,0.3024943307481861
82.79908999998504,0.4266553701888152
82.81577999998504,0.5520193487866458
82.83246999998504,0.6773833276742213
82.84915999998503,0.8066377137101698
82.86584999998503,0.9359584811442804
82.88253999998503,1.06527924857834
82.89922999998502,1.083100963917512
82.91591999998502,1.0991582389450676
82.93260999998502,1.1152155136823734
82.94929999998502,0.9613446277220978
82.96598999998501,0.8049945465237909
82.98267999998501,0.6486444653231259
82.999369999985,0.3549993570557502
83.016059999985,0.05952031367819816
83.032749999985,-0.23595872967213458
83.049439999985,-0.5426379316138743
83.066129999985,-0.8494529754712241
83.08281999998499,-1.1562680193286958
83.09950999998499,-1.334033247966773
83.11619999998499,-1.5103915127266838
83.13288999998498,-1.686749777774146
83.14957999998498,-1.6604321073035693
83.16626999998498,-1.6321526610375345
83.18295999998497,-1.6038732144810683
83.19964999998497,-1.4031192640498207
83.21633999998497,-1.2009063141515264
83.23302999998496,-0.9986933645405838
83.24971999998496,-0.719638810460037
83.26640999998496,-0.44002776875180627
83.28309999998496,-0.16041672738971205
83.29978999998495,0.08233854724411496
83.31647999998495,0.32487166536304213
83.33316999998495,0.5674047833663026
83.34985999998494,0.7060107125302059
83.36654999998494,0.8441160891836563
83.38323999998494,0.9822214658366548
83.39992999998493,1.0177017845229919
83.41661999998493,1.0528118384650442
83.43330999998493,1.0879218921180662
83.44999999998493,1.05568835009882
83.46668999998492,1.0232930212845663
83.48337999998492,0.9908976927588329
83.50006999998492,0.8968272190275164
83.51675999998491,0.8026827496970744
83.53344999998491,0.708538280655152
83.5501399999849,0.5571479443925901
83.5668299999849,0.40575760807826355
83.5835199999849,0.25434201956077696
83.6002099999849,0.08187887540162218
83.6168999999849,-0.09058426877671169
83.63358999998489,-0.26291109189270445
83.65027999998489,-0.3784942523859372
83.66696999998489,-0.49407741294317914
83.68365999998488,-0.6092414180289616
83.70034999998488,-0.6082295138354711
83.71703999998488,-0.6072176095367305
83.73372999998487,-0.6057567923207514
83.75041999998487,-0.5110903914041304
83.76710999998487,-0.41642399040298894
83.78379999998486,-0.3217816026784693
83.80048999998486,-0.2311230184115274
83.81717999998486,-0.14046443403273162
83.83386999998486,-0.050377476976171544
83.85055999998485,-0.03922273491029684
83.86724999998485,-0.028067992904518745
83.88393999998485,-0.017777092195122562
83.90062999998484,-0.10960458408978666
83.91731999998484,-0.20143207610319724
83.93400999998484,-0.29361616878173546
83.95069999998483,-0.42264157112075557
83.96738999998483,-0.5516669737819125
83.98407999998483,-0.6799542127592937
84.00076999998483,-0.7405354685362968
84.01745999998482,-0.8011167239630647
84.03414999998482,-0.8599537510095066
84.05083999998482,-0.7749791212360706
84.06752999998481,-0.6900044913319309
84.08421999998481,-0.6031896746234262
84.10090999998481,-0.3786117761853979
84.1175999999848,-0.15403387765084275
84.1342899999848,0.07106093622963222
84.1509799999848,0.3315859849396837
84.1676699999848,0.5921110335090062
84.18435999998479,0.851026066746427
84.20104999998479,1.0082004953885482
84.21773999998479,1.165374923937844
84.23442999998478,1.3198633026542945
84.25111999998478,1.3169299588480428
84.26780999998478,1.3139966146095696
84.28449999998477,1.3087522083464236
84.30118999998477,1.1772467597246186
84.31787999998477,1.0457413109875624
84.33456999998477,0.9131200417506922
84.35125999998476,0.7234175749363315
84.36794999998476,0.5337151080698693
84.38463999998476,0.34377202203477586
84.40132999998475,0.14225799099195985
84.41801999998475,-0.0592560400902942
84.43470999998475,-0.26067106625192304
84.45139999998474,-0.4575951186926777
84.46808999998474,-0.654519170840831
84.48477999998474,-0.8505686370943396
84.50146999998474,-1.0090799351658868
84.51815999998473,-1.1675912332031066
84.53484999998473,-1.3235264418747275
84.55153999998473,-1.3745504054993896
84.56822999998472,-1.425574369028025
84.58491999998472,-1.472548265566882
84.60160999998472,-1.362630287001569
84.61829999998471,-1.2527123085814096
84.63498999998471,-1.1391580788952478
84.65167999998471,-0.8913104851831907
84.6683699999847,-0.6434628910594319
84.6850599999847,-0.39465661333460056
84.7017499999847,-0.11202546344755099
84.7184399999847,0.17060568644186216
84.7351299999847,0.45056702411736865
84.75181999998469,0.6403665730353176
84.76850999998469,0.8301661221590907
84.78519999998468,1.0148572107620601
84.80188999998468,1.0341363461730835
84.81857999998468,1.0534154817209458
84.83526999998467,1.068068594782225
84.85195999998467,0.9388702070016545
84.86864999998467,0.8096718188002703
84.88533999998467,0.6789930238005848
84.90202999998466,0.5040390939624688
84.91871999998466,0.3290851640836764
84.93540999998466,0.15675313616930847
84.95209999998465,0.05994124672986363
84.96878999998465,-0.036870642640134725
84.98547999998465,-0.1293553366474103
85.00216999998464,-0.10164844607679233
85.01885999998464,-0.0739415553956255
85.03554999998464,-0.04441455060427371
85.05223999998464,0.03392184911162164
85.06892999998463,0.11225824887244248
85.08561999998463,0.18876195372759622
85.10230999998463,0.21776338810992688
85.11899999998462,0.2467648224196279
85.13568999998462,0.27238459065022336
85.15237999998462,0.21319851158190295
85.16906999998461,0.15401243243550308
85.18575999998461,0.0927199896751076
85.20244999998461,-0.019731559147484277
85.2191399999846,-0.13218310802302477
85.2358299999846,-0.24428700854925864
85.2525199999846,-0.34820583569638813
85.2692099999846,-0.4521246626627631
85.2858999999846,-0.5544040670036972
85.30258999998459,-0.6192343682369725
85.31927999998459,-0.6840646691469616
85.33596999998458,-0.747256049133452
85.35265999998458,-0.7740952452255381
85.36934999998458,-0.8009344415727071
85.38603999998458,-0.8260727796180659
85.40272999998457,-0.8145507326427128
85.41941999998457,-0.8030286856334821
85.43610999998457,-0.7883767800701316
85.45279999998456,-0.7081213922763936
85.46948999998456,-0.6278660044219931
85.48617999998456,-0.5433513987794848
85.50286999998455,-0.37195966374238126
85.51955999998455,-0.2005679287403363
85.53624999998455,-0.025929517791303557
85.55293999998455,0.2131959948641595
85.56962999998454,0.45232150764301776
85.58631999998454,0.6909187374003262
85.60300999998454,0.9192917616233058
85.61969999998453,1.147664785836814
85.63638999998453,1.3699507690317863
85.65307999998453,1.4773800879713728
85.66976999998452,1.5848094068044594
85.68645999998452,1.681198391427422
85.70314999998452,1.5743681940885734
85.71983999998452,1.4675379965613833
85.73652999998451,1.351113923897784
85.75321999998451,1.062327159905129
85.7699099999845,0.7735403954638396
85.7865999999845,0.4816718544458459
85.8032899999845,0.13573525311318846
85.8199799999845,-0.21020134826969514
85.8366699999845,-0.5496016291975226
85.85335999998449,-0.7769608493317427
85.87004999998449,-1.0043200696503558
85.88673999998448,-1.2203706575413629
85.90342999998448,-1.2469415001341755
85.92011999998448,-1.2735123425508108
85.93680999998448,-1.2915339094471352
85.95349999998447,-1.1694720323376415
85.97018999998447,-1.0474101553864619
85.98687999998447,-0.923016911051593
86.00356999998446,-0.7612504201832851
86.02025999998446,-0.5994839292801959
86.03694999998446,-0.4395909612222737
86.05363999998445,-0.309093567741815
86.07032999998445,-0.17859617449080448
86.08701999998445,-0.051236655794948106
86.10370999998445,0.02791649311806133
86.12039999998444,0.10706964198623414
86.13708999998444,0.18436175591200726
86.15377999998444,0.23364887230699047
86.17046999998443,0.2829359886758633
86.18715999998443,0.33105903499700745
86.20384999998443,0.3620175381771321
86.22053999998442,0.3929760413412389
86.23722999998442,0.4226935213844432
86.25391999998442,0.43447362330763506
86.27060999998442,0.4462537252140777
86.28729999998441,0.45632225959074085
86.30398999998441,0.4421332153722664
86.3206799999844,0.42794417141980046
86.3373699999844,0.41289562755790377
86.3540599999844,0.38589850280025473
86.3707499999844,0.35890137832010116
86.3874399999844,0.33275151834310257
86.40412999998439,0.31815864650671627
86.42081999998439,0.3035657749698132
86.43750999998439,0.2912671659496655
86.45419999998438,0.30968399168157734
86.47088999998438,0.3281008177308975
86.48757999998438,0.34871501172847746
86.50426999998437,0.39821156323400553
86.52095999998437,0.4477081150552686
86.53764999998437,0.49459127981517975
86.55433999998436,0.5077399765801642
86.57102999998436,0.5208886736022191
86.58771999998436,0.5251000260974164
86.60440999998436,0.41598292339334886
86.62109999998435,0.3068658202943747
86.63778999998435,0.1886737167847618
86.65447999998435,-0.042589968653373236
86.67116999998434,-0.27385365419770485
86.68785999998434,-0.5066888827951135
86.70454999998434,-0.758769278214195
86.72123999998433,-1.0108496733626684
86.73792999998433,-1.252988035936656
86.75461999998433,-1.375433639545467
86.77130999998433,-1.4978792433305335
86.78799999998432,-1.6037949815132573
86.80468999998432,-1.5140225388399116
86.82137999998432,-1.4242500959828601
86.83806999998431,-1.3211475411173437
86.85475999998431,-1.0628299659825207
86.8714499999843,-0.8045123907017937
86.8881399999843,-0.5424487944963347
86.9048299999843,-0.23747369015788944
86.9215199999843,0.06750141413432974
86.9382099999843,0.36665395420487273
86.95489999998429,0.600174208610808
86.97158999998429,0.8336944629547933
86.98827999998429,1.0561449778161187
87.00496999998428,1.1557855556867993
87.02165999998428,1.2554261337304944
87.03834999998428,1.3443401317625028
87.05503999998427,1.3161045519566397
87.07172999998427,1.2878689720404313
87.08841999998427,1.25142528370096
87.10510999998426,1.1267155279646675
87.12179999998426,1.002005772433844
87.13848999998426,0.8734202194408615
87.15517999998426,0.703788896871308
87.17186999998425,0.5341575742630312
87.18855999998425,0.36351547159546854
87.20524999998425,0.18232941307823164
87.22193999998424,0.0011433544847885791
87.23862999998424,-0.17876213667251128
87.25531999998424,-0.3455072012210422
87.27200999998423,-0.512252266074679
87.28869999998423,-0.6745963540680769
87.30538999998423,-0.7923732177115561
87.32207999998423,-0.9101500816015802
87.33876999998422,-1.017503611939253
87.35545999998422,-1.0208295302080013
87.37214999998422,-1.0241554486670936
87.38883999998421,-1.0158767453079773
87.40552999998421,-0.8934356915319943
87.42221999998421,-0.7709946376480169
87.4389099999842,-0.6435355462039067
87.4555999999842,-0.4674079234338923
87.4722899999842,-0.2912803003291311
87.4889799999842,-0.12084991998102053
87.50566999998419,-0.004903928197521213
87.52235999998419,0.1110420635400657
87.53904999998419,0.21496960355930847
87.55573999998418,0.2055481196393062
87.57242999998418,0.19612663561188598
87.58911999998418,0.1781373557594027
87.60580999998417,0.08044641877131539
87.62249999998417,-0.01724451830104631
87.63918999998417,-0.11106599284718112
87.65587999998417,-0.16937807004589353
87.67256999998416,-0.227690147239791
87.68925999998416,-0.2746052232231493
87.70594999998416,-0.2183293777967084
87.72263999998415,-0.16205353224343383
87.73932999998415,-0.09524827860836879
87.75601999998415,0.06563222361896474
87.77270999998414,0.22651272590688157
87.78939999998414,0.3889447814298395
87.80608999998414,0.565057884322189
87.82277999998414,0.741170987516205
87.83946999998413,0.9081730069357901
87.85615999998413,0.9958768146384235
87.87284999998413,1.0835806222656383
87.88953999998412,1.156454864600673
87.90622999998412,1.1019141623567252
87.92291999998412,1.0473734602803084
87.93960999998411,0.9802898407022616
87.95629999998411,0.806805219374349
87.97298999998411,0.6333205982338163
87.9896799999841,0.4544505638530842
88.0063699999841,0.23047012998302555
88.0230599999841,0.006489696127719696
88.0397499999841,-0.2131707816518717
88.0564399999841,-0.39709562264071935
88.07312999998409,-0.581020463451029
88.08981999998409,-0.7574506739417158
88.10650999998408,-0.8726472833574583
88.12319999998408,-0.9878438927148065
88.13988999998408,-1.0954213099702697
88.15657999998407,-1.1415068787132878
88.17326999998407,-1.1875924476863706
88.18995999998407,-1.2254926213602666
88.20664999998407,-1.1981296730756694
88.22333999998406,-1.1707667247287799
88.24002999998406,-1.1304326254336325
88.25671999998406,-0.9879162148829748
88.27340999998405,-0.8453998042346983
88.29009999998405,-0.6903982641749276
88.30678999998405,-0.43820984670106167
88.32347999998404,-0.18602142933620117
88.34016999998404,0.07015478010260992
88.35685999998404,0.35700791064987
88.37354999998404,0.6438610410243966
88.39023999998403,0.9179711152580312
88.40692999998403,1.095194546593482
88.42361999998403,1.2724179781248746
88.44030999998402,1.426619431011934
88.45699999998402,1.4078036655846438
88.47368999998402,1.3889878997031189
88.49037999998401,1.349594843680493
88.50706999998401,1.157327069853206
88.52375999998401,0.9650592961681477
88.540449999984,0.7669431431882651
88.557139999984,0.5258706463217961
88.573829999984,0.28479814932754316
88.590519999984,0.05220314098169868
88.607209999984,-0.11882515482652707
88.62389999998399,-0.2898534505467139
88.64058999998399,-0.44464804951942016
88.65727999998398,-0.4828624234852518
88.67396999998398,-0.5210767973392139
88.69065999998398,-0.547461716495767
88.70734999998398,-0.48983453549164024
88.72403999998397,-0.432207354695513
88.74072999998397,-0.3727653585463589
88.75741999998397,-0.30057602995351396
88.77410999998396,-0.22838670175255876
88.79079999998396,-0.1633189158043426
88.80748999998396,-0.14772889391225538
88.82417999998395,-0.13213887203886443
88.84086999998395,-0.12498820646841773
88.85755999998395,-0.17583821168247313
88.87424999998395,-0.2266882169523277
88.89093999998394,-0.2791337972285465
88.90762999998394,-0.34242779610937857
88.92431999998394,-0.40572179520271473
88.94100999998393,-0.46290983207332614
88.95769999998393,-0.47902396422456955
88.97438999998393,-0.49513809633625894
88.99107999998392,-0.5039131118568299
89.00776999998392,-0.4638392371088222
89.02445999998392,-0.42376536231380724
89.04114999998392,-0.38067614256450666
89.05783999998391,-0.3177267635570361
89.07452999998391,-0.2547773847036231
89.0912199999839,-0.19058796965033087
89.1079099999839,-0.11831597683410403
89.1245999999839,-0.04604398403894653
89.1412899999839,0.03012693632072268
89.1579799999839,0.13144942075375143
89.17466999998389,0.2327719052109577
89.19135999998389,0.3400089550463048
89.20804999998388,0.4850102428518347
89.22473999998388,0.6300115309824941
89.24142999998388,0.7738070574367362
89.25811999998388,0.9099819602921316
89.27480999998387,1.046156862851619
89.29149999998387,1.167316089214858
89.30818999998387,1.1945294075186441
89.32487999998386,1.2217427260203066
89.34156999998386,1.2257407836387157
89.35825999998386,1.0859443167647258
89.37494999998385,0.9461478494629835
89.39163999998385,0.7866797918031809
89.40832999998385,0.5065761243355626
89.42501999998385,0.22647245683762018
89.44170999998384,-0.058526268011686984
89.45839999998384,-0.37324794671310574
89.47508999998384,-0.6879696252412335
89.49177999998383,-0.9871882533462092
89.50846999998383,-1.193193161973319
89.52515999998383,-1.3991980702214422
89.54184999998382,-1.576929546184722
89.55853999998382,-1.5863162917630365
89.57522999998382,-1.5957030368895573
89.59191999998382,-1.5782776038146389
89.60860999998381,-1.402748953450079
89.62529999998381,-1.2272203029321886
89.6419899999838,-1.0399523565481597
89.6586799999838,-0.784124998275391
89.6753699999838,-0.5282976402247402
89.6920599999838,-0.2788333957684249
89.7087499999838,-0.06617692004009794
89.72543999998379,0.14647955565232001
89.74212999998379,0.3437454108424631
89.75881999998379,0.45282549235187003
89.77550999998378,0.5619055737756032
89.79219999998378,0.6589095773646358
89.80888999998378,0.687369762813835
89.82557999998377,0.7158299481964672
89.84226999998377,0.7380563464914615
89.85895999998377,0.7252300608577618
89.87564999998376,0.712403775189978
89.89233999998376,0.6966760802579598
89.90902999998376,0.6647850210314868
89.92571999998376,0.6328939617892834
89.94240999998375,0.594716802501546
89.95909999998375,0.5218433177304321
89.97578999998375,0.44896983292548925
89.99247999998374,0.37203629558921636
90.00916999998374,0.272898362956972
90.02585999998374,0.17376043024536578
90.04254999998373,0.07891653559767418
90.05923999998373,0.007343024195698431
90.07592999998373,-0.06423048718359053
90.09261999998373,-0.12575474402570241
90.10930999998372,-0.13331220229092064
90.12599999998372,-0.1408696605035191
90.14268999998372,-0.14123004157859614
90.15937999998371,-0.1032877958897715
90.17606999998371,-0.06534555016357219
90.1927599999837,-0.027772283303313636
90.2094499999837,0.007854828036454497
90.2261399999837,0.0434819393714353
90.2428299999837,0.06765493660224765
90.2595199999837,0.03195026965405412
90.27620999998369,-0.003754397362690277
90.29289999998369,-0.05359502500433593
90.30958999998369,-0.17668087153854223
90.32627999998368,-0.2997667182020772
90.34296999998368,-0.4276957844613566
90.35965999998368,-0.5804997706014176
90.37634999998367,-0.733303756477257
90.39303999998367,-0.8742856529744442
90.40972999998367,-0.9550784432238828
90.42641999998366,-1.035871233414437
90.44310999998366,-1.0902121002656078
90.45979999998366,-1.0110474248551586
90.47648999998366,-0.931882749025318
90.49317999998365,-0.8245412742364996
90.50986999998365,-0.5762144475658569
90.52655999998365,-0.327887620756953
90.54324999998364,-0.07191812984776912
90.55993999998364,0.22196443429528084
90.57662999998364,0.5158469983888869
90.59331999998363,0.7938538119599028
90.61000999998363,0.9937767009539853
90.62669999998363,1.1936995898714764
90.64338999998363,1.36468768593196
90.66007999998362,1.3945677244515315
90.67676999998362,1.4244477625440013
90.69345999998362,1.4295123893011248
90.71014999998361,1.3145780139796375
90.72683999998361,1.1996436385403433
90.74352999998361,1.0723079438848637
90.7602199999836,0.8855062013389665
90.7769099999836,0.6987044584459728
90.7935999999836,0.5100134785851737
90.8102899999836,0.3123388495368211
90.82697999998359,0.11466422036434322
90.84366999998359,-0.08136046790766756
90.86035999998359,-0.26960444222236235
90.87704999998358,-0.4578484164428055
90.89373999998358,-0.6366915763018689
90.91042999998358,-0.7715683425381016
90.92711999998357,-0.9064451084425449
90.94380999998357,-1.0268674059794092
90.96049999998357,-1.0802424560378876
90.97718999998357,-1.1336175060303721
90.99387999998356,-1.166865363774312
91.01056999998356,-1.1075146280960007
91.02725999998356,-1.0481638920378007
91.04394999998355,-0.9690278481635763
91.06063999998355,-0.7996048476264789
91.07732999998355,-0.6301818470002921
91.09401999998354,-0.4521152249198039
91.11070999998354,-0.23492333557892978
91.12739999998354,-0.017731446280304982
91.14408999998354,0.18946213639705647
91.16077999998353,0.35176200650876027
91.17746999998353,0.5140618766627609
91.19415999998353,0.6531438954433517
91.21084999998352,0.6888078367408018
91.22753999998352,0.7244717776474981
91.24422999998352,0.7365465592894958
91.26091999998351,0.6443848257307375
91.27760999998351,0.5522230920690256
91.29429999998351,0.4522432311161112
91.3109899999835,0.3179897085993295
91.3276799999835,0.18373618576000061
91.3443699999835,0.06514069973639304
91.3610599999835,0.014647636891656114
91.3777499999835,-0.035845425891488876
91.39443999998349,-0.06316773681455565
91.41112999998349,0.009498388651618353
91.42781999998348,0.08216451419362718
91.44450999998348,0.1628700802394839
91.46119999998348,0.277997681216863
91.47788999998347,0.3931252822572638
91.49457999998347,0.49698751887666226
91.51126999998347,0.5529896699908381
91.52795999998347,0.6089918210576207
91.54464999998346,0.6435353352379003
91.56133999998346,0.5876172828891113
91.57802999998346,0.531699230450666
91.59471999998345,0.458158617250345
91.61140999998345,0.31089878166889834
91.62809999998345,0.16363894610086308
91.64478999998344,0.011985880775637303
91.66147999998344,-0.15790451162755176
91.67816999998344,-0.3277949041700712
91.69485999998344,-0.48907977478229586
91.71154999998343,-0.6149130634331501
91.72823999998343,-0.7407463520488079
91.74492999998343,-0.8527146500740664
91.76161999998342,-0.9079971172908753
91.77830999998342,-0.9632795841626933
91.79499999998342,-1.002497758432382
91.81168999998341,-0.9765338474278383
91.82837999998341,-0.9505699363585265
91.84506999998341,-0.9105298101223307
91.8617599999834,-0.8138032393731482
91.8784499999834,-0.7170766685675909
91.8951399999834,-0.6056378949171383
91.9118299999834,-0.43539435745057353
91.9285199999834,-0.2651508198102057
91.94520999998339,-0.08497711351771257
91.96189999998339,0.13459217317291147
91.97858999998338,0.35416145987388153
91.99527999998338,0.5739415515461682
92.01196999998338,0.7945517658555978
92.02865999998338,1.0151619798773754
92.04534999998337,1.2154248780721992
92.06203999998337,1.3361537083657082
92.07872999998337,1.4568825385799848
92.09541999998336,1.5385495178446107
92.11210999998336,1.468651945187955
92.12879999998336,1.3987543723801807
92.14548999998335,1.2911830134074553
92.16217999998335,1.0385018667671104
92.17886999998335,0.7858207196932008
92.19555999998335,0.5217196908301055
92.21224999998334,0.21395246504347706
92.22893999998334,-0.09381476072899306
92.24562999998334,-0.38107944255206927
92.26231999998333,-0.5905169380273289
92.27900999998333,-0.7999544337135236
92.29569999998333,-0.9733597400940974
92.31238999998332,-1.0109751680541024
92.32907999998332,-1.0485905955897872
92.34576999998332,-1.0589252790342525
92.36245999998332,-0.96718967766449
92.37914999998331,-0.8754540759040306
92.39583999998331,-0.7764490753516122
92.4125299999833,-0.6504405152191337
92.4292199999833,-0.5244319550596388
92.4459099999833,-0.4063987771545397
92.4625999999833,-0.3177804229606172
92.4792899999833,-0.22916206896939834
92.49597999998329,-0.1525983207222694
92.51266999998329,-0.12017867407493173
92.52935999998328,-0.08775902747179622
92.54604999998328,-0.061640692238072496
92.56273999998328,-0.058434625373489875
92.57942999998328,-0.055228558531846945
92.59611999998327,-0.05145608986169857
92.61280999998327,-0.04563862885213847
92.62949999998327,-0.03982116784052894
92.64618999998326,-0.028094237558718437
92.66287999998326,0.0048191142835706776
92.67956999998326,0.03773246615865683
92.69625999998325,0.07401406697607145
92.71294999998325,0.12228700238045993
92.72963999998325,0.17055993776805042
92.74632999998325,0.21690060601385874
92.76301999998324,0.25641007970338003
92.77970999998324,0.295919553357177
92.79639999998324,0.33394209932951696
92.81308999998323,0.3667443228680058
92.82977999998323,0.39954654640124937
92.84646999998323,0.4351679254920218
92.86315999998322,0.4806184565442962
92.87984999998322,0.5260689876064075
92.89653999998322,0.5732209130233941
92.91322999998322,0.6262640304008272
92.92991999998321,0.6793071480728506
92.94660999998321,0.7210271506451071
92.9632999999832,0.7238088889244482
92.9799899999832,0.7265906274532671
92.9966799999832,0.7007193151065731
93.0133699999832,0.5769879808288177
93.0300599999832,0.45325664645267894
93.04674999998319,0.3020474970021656
93.06343999998319,0.057630704921307736
93.08012999998319,-0.1867860871957027
93.09681999998318,-0.43516855008596195
93.11350999998318,-0.6969117939833437
93.13019999998318,-0.9586550378944062
93.14688999998317,-1.193126799570032
93.16357999998317,-1.3363385214388117
93.18026999998317,-1.4795502429269236
93.19695999998316,-1.577716170453498
93.21364999998316,-1.5261573454681607
93.23033999998316,-1.474598520331754
93.24702999998316,-1.3831933372221472
93.26371999998315,-1.1602335538104194
93.28040999998315,-0.9372737702657656
93.29709999998315,-0.6987456749291189
93.31378999998314,-0.40916150123338363
93.33047999998314,-0.11957732716855733
93.34716999998314,0.15823917095538226
93.36385999998313,0.39772066369060244
93.38054999998313,0.6372021565891446
93.39723999998313,0.8459986245714041
93.41392999998313,0.9554971058392762
93.43061999998312,1.06499558671803
93.44730999998312,1.1427699770847681
93.46399999998312,1.1185626315731672
93.48068999998311,1.0943552856697418
93.49737999998311,1.050716301181639
93.5140699999831,0.9450230130172066
93.5307599999831,0.8393297245012847
93.5474499999831,0.7286392077957282
93.5641399999831,0.6020949842414246
93.5808299999831,0.4755507603825125
93.59751999998309,0.350526048934113
93.61420999998309,0.23029044613852392
93.63089999998309,0.11005484346325389
93.64758999998308,-0.010064835890597206
93.66427999998308,-0.1298215374632122
93.68096999998308,-0.2495782390442214
93.69765999998307,-0.3642828362660283
93.71434999998307,-0.4632711576518495
93.73103999998307,-0.5622594787330668
93.74772999998306,-0.6437440624391085
93.76441999998306,-0.6711300841645117
93.78110999998306,-0.6985161055463418
93.79779999998306,-0.702029144111239
93.81448999998305,-0.6322346566263954
93.83117999998305,-0.5624401687784236
93.84786999998305,-0.4846514352048759
93.86455999998304,-0.38247248927611893
93.88124999998304,-0.28029354326485345
93.89793999998304,-0.1905585363333906
93.91462999998303,-0.1385460983796994
93.93131999998303,-0.08653366043549192
93.94800999998303,-0.056781132481604435
93.96469999998303,-0.09407588188929003
93.98138999998302,-0.13137063133624033
93.99807999998302,-0.18185403320978466
94.01476999998302,-0.2718087371072491
94.03145999998301,-0.3617634409871422
94.04814999998301,-0.4419467323870747
94.06483999998301,-0.49307170314150217
94.081529999983,-0.5441966741550044
94.098219999983,-0.5642333420002326
94.114909999983,-0.49240481046608536
94.131599999983,-0.42057627883844906
94.14828999998299,-0.3189412787931022
94.16497999998299,-0.12978492644277534
94.18166999998299,0.0593714260544861
94.19835999998298,0.2574039715067901
94.21504999998298,0.48133583126710594
94.23173999998298,0.7052676910828757
94.24842999998297,0.9081897844960648
94.26511999998297,1.050193372165591
94.28180999998297,1.1921969597729771
94.29849999998297,1.2918991891698288
94.31518999998296,1.2697144799476425
94.33187999998296,1.2475297708896884
94.34856999998296,1.1842402577113378
94.36525999998295,1.0032501822470314
94.38194999998295,0.8222601066624107
94.39863999998295,0.6261178838868143
94.41532999998294,0.386858375120829
94.43201999998294,0.14759886636852168
94.44870999998294,-0.08110202289790194
94.46539999998294,-0.27994332990273224
94.48208999998293,-0.47878463679042815
94.49877999998293,-0.6581865817135141
94.51546999998293,-0.7829541545455961
94.53215999998292,-0.9077217273217026
94.54884999998292,-1.0152817204059503
94.56553999998292,-1.0747778140427158
94.58222999998291,-1.1342739076302897
94.59891999998291,-1.17324913522026
94.61560999998291,-1.1552580664976255
94.6322999999829,-1.1372669977166396
94.6489899999829,-1.0927956836889545
94.6656799999829,-0.9752651349487509
94.6823699999829,-0.8577345858451463
94.6990599999829,-0.7132949570449904
94.71574999998289,-0.4950665286376168
94.73243999998289,-0.2768381002700644
94.74912999998288,-0.05103534739339404
94.76581999998288,0.19541082106486307
94.78250999998288,0.44185698957335945
94.79919999998287,0.6679047903937131
94.81588999998287,0.8386956795372955
94.83257999998287,1.00948656891285
94.84926999998287,1.1372491224991048
94.86595999998286,1.1491588347902264
94.88264999998286,1.1610685469623834
94.89933999998286,1.1328039515138997
94.91602999998285,0.9970244133003793
94.93271999998285,0.8612448746876741
94.94940999998285,0.7093587486765123
94.96609999998284,0.5146276857448526
94.98278999998284,0.31989662276916064
94.99947999998284,0.13885971260674562
95.01616999998284,-0.00596842235683123
95.03285999998283,-0.15079655730048505
95.04954999998283,-0.2618908403752763
95.06623999998283,-0.2843237602396936
95.08292999998282,-0.30675668009949786
95.09961999998282,-0.30197947863627855
95.11630999998282,-0.22611436313883293
95.13299999998281,-0.1502492475393418
95.14968999998281,-0.0755780624292723
95.16637999998281,-0.004007494153771097
95.1830699999828,0.067563074106989
95.1997599999828,0.11509317377227847
95.2164499999828,0.1005617200206913
95.2331399999828,0.08603026620517665
95.2498299999828,0.04674177476270053
95.26651999998279,-0.0560792003588458
95.28320999998279,-0.15890017557476818
95.29989999998278,-0.26558004231353366
95.31658999998278,-0.38210418793264095
95.33327999998278,-0.4986283333887986
95.34996999998278,-0.5967229389720159
95.36665999998277,-0.6480799182894914
95.38334999998277,-0.6994368978474013
95.40003999998277,-0.7294661890418609
95.41672999998276,-0.7057263089222541
95.43341999998276,-0.6819864287471131
95.45010999998276,-0.6411278197645218
95.46679999998275,-0.557364497437648
95.48348999998275,-0.473601174777724
95.50017999998275,-0.3811713766708208
95.51686999998275,-0.26714791169561725
95.53355999998274,-0.15312444687129267
95.55024999998274,-0.030182732906827294
95.56693999998274,0.11485022736970728
95.58362999998273,0.25988318766909574
95.60031999998273,0.41203015069204374
95.61700999998273,0.5816964527556128
95.63369999998272,0.7513627548371616
95.65038999998272,0.9135394335152272
95.66707999998272,1.0573789146149124
95.68376999998272,1.2012183956956117
95.70045999998271,1.3140202610868987
95.71714999998271,1.3512717161622854
95.7338399999827,1.3885231708707184
95.7505299999827,1.3821380902771803
95.7672199999827,1.27014901677877
95.7839099999827,1.1581599431710252
95.8005999999827,1.0035727907713587
95.81728999998269,0.7464894438607252
95.83397999998269,0.4894060965551289
95.85066999998268,0.21655412608098706
95.86735999998268,-0.09402075111315462
95.88404999998268,-0.4045956284044156
95.90073999998268,-0.6924812141758464
95.91742999998267,-0.9263993553539036
95.93411999998267,-1.1603174961872802
95.95080999998267,-1.3372109758845023
95.96749999998266,-1.3792457286266877
95.98418999998266,-1.4212804812287843
96.00087999998266,-1.4061636859951163
96.01756999998265,-1.256660419428383
96.03425999998265,-1.1071571530105904
96.05094999998265,-0.9353821072831998
96.06763999998265,-0.7115356422053872
96.08432999998264,-0.4876891770734394
96.10101999998264,-0.2769076968449207
96.11770999998264,-0.09649840337143459
96.13439999998263,0.08391089007044986
96.15108999998263,0.23480830757232826
96.16777999998263,0.3174887892538267
96.18446999998262,0.40016927095087607
96.20115999998262,0.4581907698259246
96.21784999998262,0.45953559437577485
96.23453999998262,0.4608804188666056
96.25122999998261,0.4566261293622377
96.26791999998261,0.43957544050484554
96.2846099999826,0.42252475163411735
96.3012999999826,0.40758091277965763
96.3179899999826,0.3974249945727083
96.3346799999826,0.3872690763707577
96.3513699999826,0.3747568560861871
96.36805999998259,0.35691994465277194
96.38474999998259,0.3390830335024691
96.40143999998259,0.3192404567730525
96.41812999998258,0.29489098606211295
96.43481999998258,0.2705415155485182
96.45150999998258,0.2487072315726638
96.46819999998257,0.23249312245090428
96.48488999998257,0.21627901330614493
96.50157999998257,0.20413654617920088
96.51826999998256,0.2010412991242744
96.53495999998256,0.19794605207879984
96.55164999998256,0.19828500853676168
96.56833999998256,0.20621223393303378
96.58502999998255,0.214139459366107
96.60171999998255,0.21552777518211727
96.61840999998255,0.2025480271782249
96.63509999998254,0.1895682791593093
96.65178999998254,0.15964340342507538
96.66847999998254,0.09269148324582285
96.68516999998253,0.025739563004730345
96.70185999998253,-0.06670090656259842
96.71854999998253,-0.2145280910156076
96.73523999998253,-0.3623552754687167
96.75192999998252,-0.5197541526171241
96.76861999998252,-0.6978373126049122
96.78530999998252,-0.8759204723256967
96.80199999998251,-1.0305520210809045
96.81868999998251,-1.1347847290231474
96.83537999998251,-1.2390174369125646
96.8520699999825,-1.2854781262526425
96.8687599999825,-1.2084674137840568
96.8854499999825,-1.13145670118612
96.9021399999825,-0.9997631044286209
96.91882999998249,-0.7518427775092644
96.93551999998249,-0.5039224504679863
96.95220999998249,-0.23673536590551722
96.96889999998248,0.07117790567413781
96.98558999998248,0.3790911771813102
97.00227999998248,0.6602479436661817
97.01896999998247,0.8851563682831373
97.03565999998247,1.1100647931297067
97.05234999998247,1.2810742516730165
97.06903999998246,1.339394944804012
97.08572999998246,1.3977156381052718
97.10241999998246,1.405549696252128
97.11910999998246,1.308405087279111
97.13579999998245,1.2112604779070442
97.15248999998245,1.0916857465681382
97.16917999998245,0.9257251916748502
97.18586999998244,0.7597646370214513
97.20255999998244,0.5857386795543481
97.21924999998244,0.395123991085781
97.23593999998243,0.20450930228222317
97.25262999998243,0.022487691729340228
97.26931999998243,-0.14195574241867706
97.28600999998243,-0.3063991764325885
97.30269999998242,-0.4517886894142061
97.31938999998242,-0.5584121329792895
97.33607999998242,-0.6650355767922086
97.35276999998241,-0.7500651028951933
97.36945999998241,-0.7913982413321552
97.38614999998241,-0.8327313797230561
97.4028399999824,-0.8525192516310444
97.4195299999824,-0.8289443578122838
97.4362199999824,-0.8053694639478343
97.4529099999824,-0.7543566841875807
97.46959999998239,-0.648418783673636
97.48628999998239,-0.5424808828130813
97.50297999998239,-0.42272296700297457
97.51966999998238,-0.27544885585346846
97.53635999998238,-0.1281747446170753
97.55304999998238,0.009469921140951541
97.56973999998237,0.12804484561408047
97.58642999998237,0.24661977004109542
97.60311999998237,0.3326649353901938
97.61980999998237,0.3546345787135887
97.63649999998236,0.37660422168061136
97.65318999998236,0.36593659356918373
97.66987999998236,0.29132537486252214
97.68656999998235,0.21671415634802993
97.70325999998235,0.135430588880213
97.71994999998235,0.04114419300709723
97.73663999998234,-0.0531422028509026
97.75332999998234,-0.117457985299534
97.77001999998234,-0.12367932132910506
97.78670999998234,-0.12990065726832448
97.80339999998233,-0.0943368856328594
97.82008999998233,0.021791506183314123
97.83677999998233,0.1379198980962021
97.85346999998232,0.26708233584887286
97.87015999998232,0.4212418860724745
97.88684999998232,0.57540143643802
97.90353999998231,0.7045366250059499
97.92022999998231,0.7859337013688804
97.93691999998231,0.8673307779698713
97.9536099999823,0.9004499134726202
97.9702999999823,0.8419583027888623
97.9869899999823,0.7834666920080406
98.0036799999823,0.6854495376526212
98.0203699999823,0.512826210273362
98.03705999998229,0.3402028831036178
98.05374999998229,0.15251904052271337
98.07043999998228,-0.06344221731496182
98.08712999998228,-0.27940347515395425
98.10381999998228,-0.47938808442049413
98.12050999998227,-0.6495331457505857
98.13719999998227,-0.8196782067601837
98.15388999998227,-0.9558088209742135
98.17057999998227,-1.0287447867831097
98.18726999998226,-1.1016807522361873
98.20395999998226,-1.1389230865175717
98.22064999998226,-1.1101992049039489
98.23733999998225,-1.0814753229315381
98.25402999998225,-1.028899086231241
98.27071999998225,-0.9324718354940122
98.28740999998224,-0.8360445847101488
98.30409999998224,-0.7205139957202734
98.32078999998224,-0.5700469623256221
98.33747999998224,-0.41957992889378704
98.35416999998223,-0.2527050064357281
98.37085999998223,-0.05597992048498949
98.38754999998223,0.14074516552621857
98.40423999998222,0.34079325134580685
98.42092999998222,0.5468551833453142
98.43761999998222,0.7529171153512273
98.45430999998221,0.9300024463968379
98.47099999998221,1.054920171904243
98.48768999998221,1.1798378973560355
98.5043799999822,1.2491601824665257
98.5210699999822,1.218912706503615
98.5377599999822,1.188665230723252
98.5544499999822,1.1017223020413571
98.5711399999822,0.9137669745747135
98.58782999998219,0.725811647000302
98.60451999998219,0.5136249269028089
98.62120999998218,0.25848987370857346
98.63789999998218,0.0033548206097465025
98.65458999998218,-0.2245092235466255
98.67127999998218,-0.4042877964246711
98.68796999998217,-0.5840663693378213
98.70465999998217,-0.7128880683863228
98.72134999998217,-0.7523250202638879
98.73803999998216,-0.7917619717572718
98.75472999998216,-0.7882273438602759
98.77141999998216,-0.7097044825168567
98.78810999998215,-0.6311816208045733
98.80479999998215,-0.5391170766869838
98.82148999998215,-0.42354328360637966
98.83817999998215,-0.30796949021196784
98.85486999998214,-0.20958186284468217
98.87155999998214,-0.14087687822858147
98.88824999998214,-0.07217189361538302
98.90493999998213,-0.03525620568918833
98.92162999998213,-0.05296219224690407
98.93831999998213,-0.07066817886306545
98.95500999998212,-0.10548028257446954
98.97169999998212,-0.16953384957445702
98.98838999998212,-0.23358741663463273
99.00507999998212,-0.29020072992194534
99.02176999998211,-0.334160795567813
99.03845999998211,-0.37812086148878266
99.0551499999821,-0.3933220142629172
99.0718399999821,-0.3598649410752226
99.0885299999821,-0.3264078678353955
99.1052199999821,-0.2723000139060247
99.1219099999821,-0.1834311186611797
99.13859999998209,-0.09456222340790829
99.15528999998209,-0.0037139609221414497
99.17197999998209,0.09044910721320817
99.18866999998208,0.18461217536402952
99.20535999998208,0.2740030300357017
99.22204999998208,0.35544273675677873
99.23873999998207,0.4368824432960496
99.25542999998207,0.5166785669526737
99.27211999998207,0.5937502164148062
99.28880999998206,0.6708218658740114
99.30549999998206,0.7417568982022815
99.32218999998206,0.8025713821435482
99.33887999998205,0.8633858660739918
99.35556999998205,0.8990130482516556
99.37225999998205,0.8933123311753758
99.38894999998205,0.8876116137659857
99.40563999998204,0.8354697851636853
99.42232999998204,0.7075132076473983
99.43901999998204,0.5795566300495165
99.45570999998203,0.40711802736827807
99.47239999998203,0.16243110335892386
99.48908999998203,-0.08225582061251242
99.50577999998202,-0.3324535949573621
99.52246999998202,-0.5915568347491066
99.53915999998202,-0.8506600742617768
99.55584999998202,-1.06886648009842
99.57253999998201,-1.221318444232098
99.58922999998201,-1.373770408583562
99.605919999982,-1.4604705439938575
99.622609999982,-1.4419882361471192
99.639299999982,-1.4235059278983493
99.655989999982,-1.3399731915945552
99.672679999982,-1.1529052228742454
99.68936999998199,-0.9658372540422421
99.70605999998199,-0.7466086413158617
99.72274999998199,-0.47645071192250293
99.73943999998198,-0.20629278224303857
99.75612999998198,0.046559533580441015
99.77281999998198,0.2721448251973437
99.78950999998197,0.49773011678461543
99.80619999998197,0.6745325731449442
99.82288999998197,0.774858553121689
99.83957999998196,0.875184533304467
99.85626999998196,0.9267312310484459
99.87295999998196,0.9021912259894237
99.88964999998196,0.8776512205595025
99.90633999998195,0.8277737004261269
99.92302999998195,0.7385726663831048
99.93971999998195,0.6493716322975601
99.95640999998194,0.5617239778092178
99.97309999998194,0.47647506338026835
99.98978999998194,0.3912261489539147
100.00647999998193,0.3146224387379001
100.02316999998193,0.25130186123666903
100.03985999998193,0.18798128383646687
100.05654999998193,0.12300189424554997
100.07323999998192,0.05545451148033412
100.08992999998192,-0.01209287131652964
100.10661999998192,-0.0777363779292443
100.12330999998191,-0.14048380699879504
100.13999999998191,-0.2032312360940733
100.15668999998191,-0.2520285906079355
100.1733799999819,-0.27944570933176305
100.1900699999819,-0.3068628279746598
100.2067599999819,-0.31340270531791814
100.2234499999819,-0.28850133138750267
100.24013999998189,-0.26359995745184767
100.25682999998189,-0.23170835428537379
100.27351999998189,-0.18921015888047757
100.29020999998188,-0.14671196346403956
100.30689999998188,-0.1204785941250551
100.32358999998188,-0.11849680889318885
100.34027999998187,-0.11651502371651873
100.35696999998187,-0.14004706187983795
100.37365999998187,-0.20190721275970797
100.39034999998186,-0.26376736368121995
100.40703999998186,-0.33720481673097685
100.42372999998186,-0.4277333906493457
100.44041999998186,-0.5182619648750266
100.45710999998185,-0.5930288171916773
100.47379999998185,-0.6443527511324848
100.49048999998185,-0.6956766847591361
100.50717999998184,-0.7002666016240279
100.52386999998184,-0.6365476526802666
100.54055999998184,-0.5728287036621742
100.55724999998183,-0.4535428922595213
100.57393999998183,-0.25242973011052866
100.59062999998183,-0.05131656798813196
100.60731999998183,0.16959431035235512
100.62400999998182,0.41915672241564345
100.64069999998182,0.6687191344524007
100.65738999998182,0.8861937053695889
100.67407999998181,1.056883352625631
100.69076999998181,1.2275729998306837
100.70745999998181,1.3291380194966116
100.7241499999818,1.331651276612382
100.7408399999818,1.3341645336201973
100.7575299999818,1.2686499446082031
100.7742199999818,1.1049282445436979
100.79090999998179,0.9412065443720762
100.80759999998179,0.7475594502107409
100.82428999998179,0.5114529923141473
100.84097999998178,0.27534653437104134
100.85766999998178,0.05477939934678456
100.87435999998178,-0.14357577757600876
100.89104999998177,-0.3419309545032539
100.90773999998177,-0.5119018496476132
100.92442999998177,-0.6419956920462071
100.94111999998177,-0.7720895344012384
100.95780999998176,-0.8763611701129729
100.97449999998176,-0.9440856016112769
100.99118999998176,-1.0118100327810473
101.00787999998175,-1.0476971839535099
101.02456999998175,-1.0392949375526936
101.04125999998175,-1.0308926911034566
101.05794999998174,-0.9864214368420257
101.07463999998174,-0.8914016735172346
101.09132999998174,-0.7963819101371372
101.10801999998174,-0.672838590105783
101.12470999998173,-0.5100042738335197
101.14139999998173,-0.34716995751840585
101.15808999998173,-0.1743651677625067
101.17477999998172,0.012275615456907423
101.19146999998172,0.19891639867992497
101.20815999998172,0.362700543497125
101.22484999998171,0.4953077155216082
101.24153999998171,0.6279148875119268
101.25822999998171,0.7139126368535923
101.2749199999817,0.7358638681821078
101.2916099999817,0.7578150994404208
101.3082999999817,0.7315291821801068
101.3249899999817,0.6400891444438036
101.3416799999817,0.5486491066360472
101.35836999998169,0.43687792062087893
101.37505999998169,0.2974425695918211
101.39174999998168,0.15800721850343907
101.40843999998168,0.039284302531681574
101.42512999998168,-0.05173500611292399
101.44181999998167,-0.14275431472704647
101.45850999998167,-0.18594265489202685
101.47519999998167,-0.16468364206122885
101.49188999998167,-0.14342462913077636
101.50857999998166,-0.08693054649990543
101.52526999998166,0.01623282787115864
101.54195999998166,0.11939620229934464
101.55864999998165,0.21177718119633793
101.57533999998165,0.28977157902414397
101.59202999998165,0.3677659768938691
101.60871999998164,0.3957974774102849
101.62540999998164,0.35829592530550886
101.64209999998164,0.32079437283997464
101.65878999998164,0.23773308234154847
101.67547999998163,0.09447464107173861
101.69216999998163,-0.04878380029303793
101.70885999998163,-0.1998525193056253
101.72554999998162,-0.3610659929857515
101.74223999998162,-0.5222794669079793
101.75892999998162,-0.657509129601261
101.77561999998161,-0.7587406103696837
101.79230999998161,-0.8599720913893136
101.80899999998161,-0.9171755064180188
101.8256899999816,-0.9177455594473604
101.8423799999816,-0.9183156124143033
101.8590699999816,-0.8830765131661535
101.8757599999816,-0.8014382100935897
101.8924499999816,-0.7197999066811981
101.90913999998159,-0.6140667097427622
101.92582999998159,-0.47764042541696505
101.94251999998158,-0.34121414105720826
101.95920999998158,-0.1938520984369404
101.97589999998158,-0.03245757813207738
101.99258999998158,0.12893694215926638
102.00927999998157,0.2915966224549288
102.02596999998157,0.4558523248732296
102.04265999998157,0.6201080270046266
102.05934999998156,0.7709985031938233
102.07603999998156,0.904905140532595
102.09272999998156,1.0388117781413908
102.10941999998155,1.1345149859685055
102.12610999998155,1.1824896497073873
102.14279999998155,1.2304643133935194
102.15948999998155,1.219811780823592
102.17617999998154,1.1353794203612313
102.19286999998154,1.0509470595286003
102.20955999998154,0.9092219168759169
102.22624999998153,0.6966103953364877
102.24293999998153,0.48399887400750224
102.25962999998153,0.2424292328811553
102.27631999998152,-0.035230877816041485
102.29300999998152,-0.3128909885531866
102.30969999998152,-0.5628660246746414
102.32638999998152,-0.7789176154191523
102.34307999998151,-0.9949692064147506
102.35976999998151,-1.1313506687373238
102.3764599999815,-1.1693976474699583
102.3931499999815,-1.2074446263822973
102.4098399999815,-1.1726742495235503
102.4265299999815,-1.0495379835657137
102.4432199999815,-0.9264017172212484
102.45990999998149,-0.7741261218432193
102.47659999998149,-0.58623147968555
102.49328999998149,-0.39833683748823356
102.50997999998148,-0.2315756379034842
102.52666999998148,-0.09021360233428381
102.54335999998148,0.05114843320661708
102.56004999998147,0.1527761518654538
102.57673999998147,0.20630166406597825
102.59342999998147,0.25982717624196133
102.61011999998146,0.28059258917299307
102.62680999998146,0.26236402552774457
102.64349999998146,0.24413546181031884
102.66018999998145,0.22282642403620997
102.67687999998145,0.19782406418125756
102.69356999998145,0.17282170435106786
102.71025999998145,0.1630175763772311
102.72694999998144,0.17112990198782876
102.74363999998144,0.17924222758948297
102.76032999998144,0.20078811572191782
102.77701999998143,0.2382852589934059
102.79370999998143,0.2757824023114666
102.81039999998143,0.3124622751919278
102.82708999998142,0.3481879580510004
102.84377999998142,0.38391364119767724
102.86046999998142,0.4133478507780384
102.87715999998142,0.4353832216077178
102.89384999998141,0.4574185927178233
102.91053999998141,0.47112855617734556
102.9272299999814,0.47521159452050993
102.9439199999814,0.47929463285294927
102.9606099999814,0.475938950317114
102.9772999999814,0.46391923184491174
102.9939899999814,0.4518995133630529
103.01067999998139,0.4328090749440225
103.02736999998139,0.4056209357067376
103.04405999998139,0.3784327961717379
103.06074999998138,0.3226739431841677
103.07743999998138,0.2339573892527662
103.09412999998138,0.1452408352558123
103.11081999998137,0.01821354845103089
103.12750999998137,-0.1522684956591013
103.14419999998137,-0.3227505399534136
103.16088999998136,-0.5070232350873438
103.17757999998136,-0.7070516161344684
103.19426999998136,-0.9070799974880172
103.21095999998136,-1.0681386054920303
103.22764999998135,-1.1854181939525505
103.24433999998135,-1.3026977820754984
103.26102999998135,-1.339299249405352
103.27771999998134,-1.2846097647652377
103.29440999998134,-1.229920279734397
103.31109999998134,-1.0918343197304274
103.32778999998133,-0.8609565853257939
103.34447999998133,-0.6300788505289524
103.36116999998133,-0.3684789634360825
103.37785999998133,-0.07244840409227517
103.39454999998132,0.22358215517458727
103.41123999998132,0.48788440527781995
103.42792999998132,0.7172215793159246
103.44461999998131,0.9465587533148799
103.46130999998131,1.1023542052391995
103.47799999998131,1.1765192749334448
103.4946899999813,1.2506843448248939
103.5113799999813,1.2507372316179142
103.5280699999813,1.1698982491498606
103.5447599999813,1.0890592668798322
103.56144999998129,0.9700163291675262
103.57813999998129,0.808973068482371
103.59482999998129,0.6479298077500165
103.61151999998128,0.4862430993387007
103.62820999998128,0.32386079396355366
103.64489999998128,0.1614784885011649
103.66158999998127,0.021585307844670783
103.67827999998127,-0.09382034000433243
103.69496999998127,-0.2092259878402885
103.71165999998126,-0.30023648566723854
103.72834999998126,-0.36512661816479647
103.74503999998126,-0.43001675092176295
103.76172999998126,-0.4818722570521087
103.77841999998125,-0.5196704951872224
103.79510999998125,-0.5574687333065489
103.81179999998125,-0.5819576939041382
103.82848999998124,-0.5923322482038382
103.84517999998124,-0.6027068024876748
103.86186999998124,-0.5833274074225565
103.87855999998123,-0.5321662229232778
103.89524999998123,-0.48100503809965606
103.91193999998123,-0.409783065518258
103.92862999998123,-0.3174898723629198
103.94531999998122,-0.2251966791550145
103.96200999998122,-0.13853432776545824
103.97869999998122,-0.0578291432639482
103.99538999998121,0.022876041251062934
104.01207999998121,0.06898360923362633
104.02876999998121,0.0790978131562266
104.0454599999812,0.08921201703830309
104.0621499999812,0.06597404711543202
104.0788399999812,0.0077879096624506915
104.0955299999812,-0.05039822782989907
104.11221999998119,-0.10778820360176683
104.12890999998119,-0.16435780346390383
104.14559999998119,-0.2209274033540315
104.16228999998118,-0.2356134486569506
104.17897999998118,-0.2068306031657376
104.19566999998118,-0.1780477576255452
104.21235999998117,-0.09610422323329673
104.22904999998117,0.04009410652033637
104.24573999998117,0.17629243633517885
104.26242999998117,0.33147213332324504
104.27911999998116,0.5061636616025821
104.29580999998116,0.6808551896154144
104.31249999998116,0.8205154172384834
104.32918999998115,0.9247644865362611
104.34587999998115,1.0290135560827245
104.36256999998115,1.0616659700124949
104.37925999998114,1.0214231191005105
104.39594999998114,0.9811802678174969
104.41263999998114,0.8701500519573182
104.42932999998114,0.6882475940461291
104.44601999998113,0.5063451360550174
104.46270999998113,0.2906249847207182
104.47939999998113,0.040802273472424384
104.49608999998112,-0.2090204377855639
104.51277999998112,-0.43296221063228696
104.52946999998112,-0.6312392338660566
104.54615999998111,-0.8295162570707844
104.56284999998111,-0.9691651845370578
104.57953999998111,-1.0502562293485602
104.5962299999811,-1.1313472738050638
104.6129199999811,-1.1553167845011663
104.6296099999811,-1.123182365211916
104.6462999999811,-1.0910479461477975
104.6629899999811,-1.0266360114769721
104.67967999998109,-0.9302928041666082
104.69636999998109,-0.833949596531336
104.71305999998108,-0.7165978906065548
104.72974999998108,-0.5788088393252907
104.74643999998108,-0.4410197877323162
104.76312999998108,-0.2844710910339389
104.77981999998107,-0.10954105705398705
104.79650999998107,0.0653889769468119
104.81319999998107,0.24453563092514788
104.82988999998106,0.427745122201788
104.84657999998106,0.6109546135409253
104.86326999998106,0.7614706267390048
104.87995999998105,0.8802581400153163
104.89664999998105,0.9990456535442823
104.91333999998105,1.0554831932984683
104.93002999998104,1.0524181238045007
104.94671999998104,1.0493530539542806
104.96340999998104,0.9781686534124086
104.98009999998104,0.8415064469018714
104.99678999998103,0.7048442403170776
105.01347999998103,0.5368806977858874
105.03016999998103,0.3393304610974938
105.04685999998102,0.14178022440433563
105.06354999998102,-0.03137927044409303
105.08023999998102,-0.1813176378510002
105.09692999998101,-0.33125600526035887
105.11361999998101,-0.4216545507220496
105.13030999998101,-0.45631221881043366
105.146999999981,-0.49096988683538023
105.163689999981,-0.47675438142788396
105.180379999981,-0.4164535779294599
105.197069999981,-0.3561527743785724
105.213759999981,-0.27884836395695384
105.23044999998099,-0.1857773292471978
105.24713999998099,-0.0927062944905471
105.26382999998098,-0.03156667938331792
105.28051999998098,-0.00024945632033630724
105.29720999998098,0.031067766709220717
105.31389999998098,0.009322814601738678
105.33058999998097,-0.06115395147533695
105.34727999998097,-0.13163071760508527
105.36396999998097,-0.22532722021055027
105.38065999998096,-0.340502648717329
105.39734999998096,-0.4556780774796269
105.41403999998096,-0.54706804529308
105.43072999998095,-0.6168224968375203
105.44741999998095,-0.6865769483572758
105.46410999998095,-0.7039902115830002
105.48079999998095,-0.6734490906690114
105.49748999998094,-0.6429079699889341
105.51417999998094,-0.567820200522356
105.53086999998094,-0.4525998575959202
105.54755999998093,-0.33737951491242507
105.56424999998093,-0.2088548724387601
105.58093999998093,-0.0682575282707364
105.59762999998092,0.07233981591108225
105.61431999998092,0.20523752514664292
105.63100999998092,0.3312649252590188
105.64769999998092,0.4572923252192053
105.66438999998091,0.5706209775734742
105.68107999998091,0.672536648980289
105.6977699999809,0.7744523200852997
105.7144599999809,0.8547814806576378
105.7311499999809,0.9160336232977325
105.7478399999809,0.9772857659159963
105.7645299999809,0.999161395536999
105.78121999998089,0.9859861315042283
105.79790999998089,0.9728108674313353
105.81459999998089,0.8998723239687094
105.83128999998088,0.7746241237320941
105.84797999998088,0.6493759234356795
105.86466999998088,0.47430462568257165
105.88135999998087,0.25530811706286255
105.89804999998087,0.03631160830621244
105.91473999998087,-0.19490444293935075
105.93142999998086,-0.43671349804409243
105.94811999998086,-0.6785225533632467
105.96480999998086,-0.8829190810377008
105.98149999998085,-1.054647880421157
105.99818999998085,-1.22637667947848
106.01487999998085,-1.317528304898578
106.03156999998085,-1.3394984143737798
106.04825999998084,-1.3614685237695778
106.06494999998084,-1.2916183321069836
106.08163999998084,-1.1423615336155788
106.09832999998083,-0.9931047347444945
106.11501999998083,-0.7948763313025482
106.13170999998083,-0.555005776433084
106.14839999998082,-0.31513522122712273
106.16508999998082,-0.0924194674233279
106.18177999998082,0.11560307512857061
106.19846999998082,0.323625617721313
106.21515999998081,0.4661321121829911
106.23184999998081,0.5534633912124881
106.2485399999808,0.6407946701784886
106.2652299999808,0.6689510604151252
106.2819199999808,0.6469103687228722
106.2986099999808,0.6248696766842102
106.3152999999808,0.578836941739201
106.33198999998079,0.5127932606958352
106.34867999998079,0.44674957962939404
106.36536999998079,0.3943954173289994
106.38205999998078,0.3535422621421695
106.39874999998078,0.312689106968614
106.41543999998078,0.2887561495435086
106.43212999998077,0.2787999419016333
106.44881999998077,0.26884373433359277
106.46550999998077,0.2597453508230841
106.48219999998076,0.25136072218999084
106.49888999998076,0.24297609352884603
106.51557999998076,0.22465830924360192
106.53226999998076,0.19821438124823282
106.54895999998075,0.17177045324349532
106.56564999998075,0.1475742834253798
106.58233999998075,0.1252303646408976
106.59902999998074,0.10288644585855238
106.61571999998074,0.08359538567701773
106.63240999998074,0.06677773704090516
106.64909999998073,0.049960088378793927
106.66578999998073,0.031900522250366437
106.68247999998073,0.012827421712307073
106.69916999998073,-0.006245678824035833
106.71585999998072,-0.04313710252084362
106.73254999998072,-0.09432551779152917
106.74923999998072,-0.14551393304986723
106.76592999998071,-0.21694533256907747
106.78261999998071,-0.3047378006594968
106.79930999998071,-0.392530268884212
106.8159999999807,-0.49251374046788693
106.8326899999807,-0.6021844721644036
106.8493799999807,-0.7118552038721216
106.8660699999807,-0.7949767883085692
106.88275999998069,-0.8568475986010848
106.89944999998069,-0.9187184091577475
106.91613999998069,-0.9144744960640742
106.93282999998068,-0.8582024008647691
106.94951999998068,-0.8019303056053082
106.96620999998068,-0.66185843403054
106.98289999998067,-0.455358812526444
106.99958999998067,-0.2488591911186254
107.01627999998067,-0.0069049119500930855
107.03296999998066,0.262679809563208
107.04965999998066,0.5322645309528544
107.06634999998066,0.7639206750335744
107.08303999998066,0.9658018715644486
107.09972999998065,1.1676830677721524
107.11641999998065,1.2723928282191221
107.13310999998065,1.3021093459349677
107.14979999998064,1.3318258638525107
107.16648999998064,1.265540549932633
107.18317999998064,1.1246212239568927
107.19986999998063,0.9837018978947201
107.21655999998063,0.7958244857169289
107.23324999998063,0.5720583879554397
107.24993999998063,0.3482922901523005
107.26662999998062,0.14074193662411758
107.28331999998062,-0.054324185026370465
107.30000999998062,-0.24939030666235942
107.31669999998061,-0.40030142102347216
107.33338999998061,-0.5177941663822991
107.35007999998061,-0.6352869119908803
107.3667699999806,-0.712400720564931
107.3834599999806,-0.7587293205490544
107.4001499999806,-0.8050579207860641
107.4168399999806,-0.8153609375610588
107.43352999998059,-0.7986636485714573
107.45021999998059,-0.7819663592617948
107.46690999998059,-0.7373063920516552
107.48359999998058,-0.6715347497087374
107.50028999998058,-0.6057631073413209
107.51697999998058,-0.5206224031660077
107.53366999998057,-0.42110653933703185
107.55035999998057,-0.321590675202658
107.56704999998057,-0.2093105771641764
107.58373999998057,-0.08748737632317649
107.60042999998056,0.03433582452903479
107.61711999998056,0.14701608013291512
107.63380999998056,0.2529769361719195
107.65049999998055,0.35893779220309724
107.66718999998055,0.4234286491686151
107.68387999998055,0.4572170035895659
107.70056999998054,0.49100535826339453
107.71725999998054,0.4740839312973556
107.73394999998054,0.4202588022187231
107.75063999998054,0.36643367280845335
107.76732999998053,0.29072186474316514
107.78401999998053,0.19896437127524483
107.80070999998053,0.10720687773087396
107.81739999998052,0.03888917501814601
107.83408999998052,-0.012537379364660543
107.85077999998052,-0.06396393373352253
107.86746999998051,-0.05929603949486351
107.88415999998051,-0.013906011724381601
107.90084999998051,0.03148401609937199
107.9175399999805,0.1139889860948366
107.9342299999805,0.22297741088301795
107.9509199999805,0.33196583570213734
107.9676099999805,0.4193127251852092
107.9842999999805,0.4911026716837113
108.00098999998049,0.5628926178754345
108.01767999998049,0.5646495232884148
108.03436999998048,0.5169250054474871
108.05105999998048,0.4692004875487539
108.06774999998048,0.3545111563212642
108.08443999998048,0.19215661431171058
108.10112999998047,0.02980207210206011
108.11781999998047,-0.1514408551491125
108.13450999998047,-0.345897958078634
108.15119999998046,-0.5403550612258469
108.16788999998046,-0.7034166730130961
108.18457999998046,-0.8443507167483991
108.20126999998045,-0.9852847601691299
108.21795999998045,-1.0625207173034055
108.23464999998045,-1.095633151653264
108.25133999998044,-1.1287455859514268
108.26802999998044,-1.093400736184509
108.28471999998044,-1.010282034111082
108.30140999998044,-0.9271633319817538
108.31809999998043,-0.8007342305145899
108.33478999998043,-0.6446003198766329
108.35147999998043,-0.4884664089151817
108.36816999998042,-0.32305382900917584
108.38485999998042,-0.15122984793388014
108.40154999998042,0.020594133036358344
108.41823999998041,0.1865302560801521
108.43492999998041,0.3484680852255223
108.45161999998041,0.5104059142505969
108.4683099999804,0.6544649274541056
108.4849999999804,0.7862920159549956
108.5016899999804,0.9181191044415231
108.5183799999804,1.0065402173604892
108.5350699999804,1.0657775529499842
108.55175999998039,1.1250148887939293
108.56844999998039,1.1163517447981761
108.58513999998038,1.061693702844965
108.60182999998038,1.0070356605490893
108.61851999998038,0.8819126710393071
108.63520999998038,0.7098833739686117
108.65189999998037,0.5378540768427605
108.66858999998037,0.32915622978304354
108.68527999998037,0.09586586162098426
108.70196999998036,-0.13742450668565773
108.71865999998036,-0.3431075323311392
108.73534999998036,-0.5305960566318131
108.75203999998035,-0.7180845809110771
108.76872999998035,-0.816122404492117
108.78541999998035,-0.8547642489183579
108.80210999998035,-0.8934060932746558
108.81879999998034,-0.8502512511275229
108.83548999998034,-0.7537260952174802
108.85217999998034,-0.6572009392446727
108.86886999998033,-0.5357714107864567
108.88555999998033,-0.39796979241754105
108.90224999998033,-0.26016817376953266
108.91893999998032,-0.14670992709873237
108.93562999998032,-0.04897644240764375
108.95231999998032,0.048757042264901136
108.96900999998032,0.0956273297978454
108.98569999998031,0.10939377565333346
109.00238999998031,0.1231602214697714
109.0190799999803,0.09286684963137719
109.0357699999803,0.03439770034854762
109.0524599999803,-0.024071448981966146
109.0691499999803,-0.0794346081253338
109.0858399999803,-0.1327964691049857
109.10252999998029,-0.18615833011118793
109.11921999998029,-0.2008954370024042
109.13590999998029,-0.19118027770762017
109.15259999998028,-0.18146511835510026
109.16928999998028,-0.1321708702742976
109.18597999998028,-0.057629902006391454
109.20266999998027,0.016911066297125268
109.21935999998027,0.10590018136572732
109.23604999998027,0.20394403177539835
109.25273999998026,0.30198788208038746
109.26942999998026,0.3855474673163872
109.28611999998026,0.459960586078838
109.30280999998025,0.5343737048304714
109.31949999998025,0.5777312776839048
109.33618999998025,0.6018223520888437
109.35287999998025,0.6259134264709801
109.36956999998024,0.6244340954441581
109.38625999998024,0.6069701485712357
109.40294999998024,0.5895062019680762
109.41963999998023,0.550027486849736
109.43632999998023,0.49702906344002873
109.45301999998023,0.4440306403029754
109.46970999998022,0.3583216092845534
109.48639999998022,0.2523707082186465
109.50308999998022,0.1464198072730814
109.51977999998022,-0.0012899116673004121
109.53646999998021,-0.17438480817505236
109.55315999998021,-0.3474797047211156
109.5698499999802,-0.5325199919068283
109.5865399999802,-0.7248775517461981
109.6032299999802,-0.9172351118829126
109.6199199999802,-1.060368048913304
109.6366099999802,-1.1738811788632704
109.65329999998019,-1.2873943087782018
109.66998999998019,-1.3022166487139493
109.68667999998019,-1.2571976041495823
109.70336999998018,-1.212178559802892
109.72005999998018,-1.0708475501636032
109.73674999998018,-0.8721529126881765
109.75343999998017,-0.6734582751446142
109.77012999998017,-0.4254157999179715
109.78681999998017,-0.147755159140368
109.80350999998016,0.12990548175925173
109.82019999998016,0.37554726445502185
109.83688999998016,0.6023131681024284
109.85357999998016,0.8290790714387319
109.87026999998015,0.9629299414426115
109.88695999998015,1.041582003868895
109.90364999998015,1.1202340662295196
109.92033999998014,1.1040925900344576
109.93702999998014,1.0326398929950484
109.95371999998014,0.9611871958899083
109.97040999998013,0.8412834116543159
109.98709999998013,0.6928898345566393
110.00378999998013,0.5444962574250503
110.02047999998013,0.40162908446381584
110.03716999998012,0.2619534356035864
110.05385999998012,0.12227778689149174
110.07054999998012,0.02158424263961477
110.08723999998011,-0.05642208616577548
110.10392999998011,-0.13442841495850777
110.12061999998011,-0.17783406174180902
110.1373099999801,-0.20146323573451252
110.1539999999801,-0.22509240967477503
110.1706899999801,-0.24260274480207863
110.1873799999801,-0.25658853630579187
110.20406999998009,-0.27057432780531554
110.22075999998009,-0.2819630823275692
110.23744999998009,-0.2918827812127571
110.25413999998008,-0.3018024800961842
110.27082999998008,-0.30047185049136776
110.28751999998008,-0.29272758116620046
110.30420999998007,-0.28498331180451036
110.32089999998007,-0.2594191161463177
110.33758999998007,-0.2238790925575571
110.35427999998006,-0.1883390689568577
110.37096999998006,-0.16153740677249367
110.38765999998006,-0.13966591669308928
110.40434999998006,-0.11779442661957443
110.42103999998005,-0.12055386966801833
110.43772999998005,-0.13695894154499244
110.45441999998005,-0.15336401340941264
110.47110999998004,-0.19006707424652725
110.48779999998004,-0.23810365281222656
110.50448999998004,-0.28614023139143363
110.52117999998003,-0.32265814822074723
110.53786999998003,-0.3528611027292838
110.55455999998003,-0.3830640572302656
110.57124999998003,-0.3657564961288282
110.58793999998002,-0.3221966124909075
110.60462999998002,-0.2786367288215589
110.62131999998002,-0.16739254285432506
110.63800999998001,-0.019428684302401203
110.65469999998001,0.12853517429335576
110.67138999998001,0.3063031993761087
110.68807999998,0.5003682202262425
110.70476999998,0.6944332413845663
110.72145999998,0.8466838637531761
110.73814999998,0.9764871613334762
110.75483999997999,1.106290459175661
110.77152999997999,1.1383517456367271
110.78821999997999,1.1175258488596649
110.80490999997998,1.0966999523078822
110.82159999997998,0.9725360433572177
110.83828999997998,0.7934797405208314
110.85497999997997,0.6144234376185906
110.87166999997997,0.3845355194805533
110.88835999997997,0.127431410005593
110.90504999997997,-0.12967269961770422
110.92173999997996,-0.3558958340650784
110.93842999997996,-0.5658881087143804
110.95511999997996,-0.7758803833441961
110.97180999997995,-0.9044405026354957
110.98849999997995,-0.9898587461189293
111.00518999997995,-1.0752769898391978
111.02187999997994,-1.0871490922997222
111.03856999997994,-1.0607745215398954
111.05525999997994,-1.0343999510227622
111.07194999997994,-0.9691754426095112
111.08863999997993,-0.883585761434592
111.10532999997993,-0.7979960805238548
111.12201999997993,-0.6846626054710613
111.13870999997992,-0.557054419669876
111.15539999997992,-0.42944623385151665
111.17208999997992,-0.2840023713286095
111.18877999997991,-0.1293079757607624
111.20546999997991,0.025386419806535748
111.22215999997991,0.1759319095575281
111.2388499999799,0.32436543356221553
111.2555399999799,0.47279895782415976
111.2722299999799,0.5877274702600797
111.2889199999799,0.6854630210239603
111.3056099999799,0.7831985720558906
111.32229999997989,0.8245227261232329
111.33898999997989,0.8374378974054678
111.35567999997988,0.8503530686534645
111.37236999997988,0.7917999097025079
111.38905999997988,0.6969638218495855
111.40574999997988,0.6021277339529179
111.42243999997987,0.4769424883310518
111.43912999997987,0.33663715042462
111.45581999997987,0.19633181258643903
111.47250999997986,0.07523315718940962
111.48919999997986,-0.036218937511424125
111.50588999997986,-0.14767103220061914
111.52257999997985,-0.20161974979134017
111.53926999997985,-0.22722825181659764
111.55595999997985,-0.2528367538365047
111.57264999997984,-0.21978545755715692
111.58933999997984,-0.15758839587230583
111.60602999997984,-0.09539133412334551
111.62271999997984,-0.018523040387828146
111.63940999997983,0.06549780589648228
111.65609999997983,0.14951865216345459
111.67278999997983,0.18144474033277927
111.68947999997982,0.18776571928957939
111.70616999997982,0.19408669821542113
111.72285999997982,0.12547030682530616
111.73954999997981,0.020716266788922518
111.75623999997981,-0.08403777330838491
111.77292999997981,-0.218792956054404
111.7896199999798,-0.36813462505830535
111.8063099999798,-0.5174762940509887
111.8229999999798,-0.6302017503169063
111.8396899999798,-0.7254615973554008
111.8563799999798,-0.8207214443728446
111.87306999997979,-0.836049077759503
111.88975999997979,-0.8129354867019482
111.90644999997978,-0.7898218955978694
111.92313999997978,-0.7007002381069866
111.93982999997978,-0.5804372089764818
111.95651999997978,-0.46017417980824527
111.97320999997977,-0.30970953801261625
111.98989999997977,-0.14487843475602627
112.00658999997977,0.019952668526770773
112.02327999997976,0.17428462952897444
112.03996999997976,0.3237176058441875
112.05665999997976,0.4731505820379941
112.07334999997975,0.599208229050028
112.09003999997975,0.714268143764536
112.10672999997975,0.8293280584657002
112.12341999997975,0.9034435505613511
112.14010999997974,0.9586643751504882
112.15679999997974,1.0138851994280806
112.17348999997974,1.0211157783362992
112.19017999997973,1.0060155144631588
112.20686999997973,0.9909152502742392
112.22355999997973,0.9111137107982661
112.24024999997972,0.8017844510552121
112.25693999997972,0.6924551912762809
112.27362999997972,0.5239547342353271
112.29031999997972,0.3282241373796525
112.30700999997971,0.1324935402889927
112.32369999997971,-0.08206202453028688
112.3403899999797,-0.3051133792836578
112.3570799999797,-0.5281647340473586
112.3737699999797,-0.718013840217404
112.3904599999797,-0.8927525942744933
112.4071499999797,-1.067491348313359
112.42383999997969,-1.1515714241796653
112.44052999997969,-1.1951929043059193
112.45721999997969,-1.2388143840942425
112.47390999997968,-1.1659153795497075
112.49059999997968,-1.0405770943286776
112.50728999997968,-0.9152388090437984
112.52397999997967,-0.7304938935055875
112.54066999997967,-0.5195341343944446
112.55735999997967,-0.3085743752512034
112.57404999997966,-0.12338443447710044
112.59073999997966,0.050337379347647794
112.60742999997966,0.22405919315842285
112.62411999997965,0.32300497298207825
112.64080999997965,0.38932472094733395
112.65749999997965,0.45564446858414276
112.67418999997965,0.4495785737757695
112.69087999997964,0.4116604976470726
112.70756999997964,0.3737424214795063
112.72425999997964,0.3149061138163883
112.74094999997963,0.24704590350825392
112.75763999997963,0.1791856930736426
112.77432999997963,0.14052282676652234
112.79101999997962,0.11456319019141628
112.80770999997962,0.0886035536606874
112.82439999997962,0.10042971816254617
112.84108999997962,0.12837136547083536
112.85777999997961,0.1563130127987776
112.87446999997961,0.1960877805356098
112.8911599999796,0.24095271669205848
112.9078499999796,0.28581765282585986
112.9245399999796,0.3134266924640001
112.9412299999796,0.3337600347380843
112.9579199999796,0.3540933770032961
112.97460999997959,0.3506323327621699
112.99129999997959,0.3370520702870215
113.00798999997959,0.32347180779951196
113.02467999997958,0.2896689405121693
113.04136999997958,0.24743712678047863
113.05805999997958,0.20520531298074152
113.07474999997957,0.15009280909863254
113.09143999997957,0.08956493415303368
113.10812999997957,0.02903705917189071
113.12481999997956,-0.041935129821428226
113.14150999997956,-0.11721051759723206
113.15819999997956,-0.19248590540717134
113.17488999997956,-0.2811928242000688
113.19157999997955,-0.3754819738692116
113.20826999997955,-0.46977112357406076
113.22495999997955,-0.5741904388614356
113.24164999997954,-0.6827352764781781
113.25833999997954,-0.7912801143887339
113.27502999997954,-0.8669262356560763
113.29171999997953,-0.9290569075997218
113.30840999997953,-0.9911875798154621
113.32509999997953,-0.9701391251200573
113.34178999997953,-0.9156093242198832
113.35847999997952,-0.8610795229899626
113.37516999997952,-0.7018003694226193
113.39185999997952,-0.49998609446766434
113.40854999997951,-0.29817181974935897
113.42523999997951,-0.05154440490790828
113.44192999997951,0.21291068321973208
113.4586199999795,0.47736577148472775
113.4753099999795,0.7035949508415904
113.4919999999795,0.9144824138379568
113.5086899999795,1.1253698765269997
113.52537999997949,1.219934661677808
113.54206999997949,1.2687665740225453
113.55875999997949,1.3175984863110515
113.57544999997948,1.2431543788710273
113.59213999997948,1.1198125020463745
113.60882999997948,0.9964706254502675
113.62551999997947,0.8107519978296777
113.64220999997947,0.6007988086357003
113.65889999997947,0.3908456194117477
113.67558999997947,0.1973656326275424
113.69227999997946,0.010343031451770252
113.70896999997946,-0.17667956972183027
113.72565999997946,-0.3107278592302285
113.74234999997945,-0.4244385814848138
113.75903999997945,-0.5381493034256931
113.77572999997945,-0.5912657108711412
113.79241999997944,-0.6209100059174129
113.80910999997944,-0.6505543009348106
113.82579999997944,-0.6402464193033118
113.84248999997943,-0.6147831250425512
113.85917999997943,-0.5893198307631181
113.87586999997943,-0.5512242842967316
113.89255999997943,-0.5082935264273072
113.90924999997942,-0.46536276855192127
113.92593999997942,-0.4143473867354041
113.94262999997942,-0.36030193595773635
113.95931999997941,-0.3062564848877125
113.97600999997941,-0.23953308117869562
113.99269999997941,-0.16801487774934948
114.0093899999794,-0.09649667431408769
114.0260799999794,-0.025742257632213435
114.0427699999794,0.044729344765342766
114.0594599999794,0.11520094714529007
114.07614999997939,0.1524108558980866
114.09283999997939,0.1771921152297434
114.10952999997939,0.20197337454603448
114.12621999997938,0.18679818648350202
114.14290999997938,0.157007178322397
114.15959999997938,0.12721617014323458
114.17628999997937,0.0804481892299251
114.19297999997937,0.027413073137314597
114.20966999997937,-0.025622042963083874
114.22635999997937,-0.04486830799963608
114.24304999997936,-0.051905387752332444
114.25973999997936,-0.05894246751880098
114.27642999997936,-0.0032651145953797394
114.29311999997935,0.07528275117163113
114.30980999997935,0.15383061697848338
114.32649999997935,0.2728474539729669
114.34318999997934,0.40630809463679796
114.35987999997934,0.5397687351454125
114.37656999997934,0.6380649698319791
114.39325999997934,0.7236939933658617
114.40994999997933,0.8093230168840618
114.42663999997933,0.8038547959777723
114.44332999997933,0.7662736888744484
114.46001999997932,0.7286925814426746
114.47670999997932,0.5940861108692801
114.49339999997932,0.4249572121441733
114.51008999997931,0.25582831300117537
114.52677999997931,0.048227873727845184
114.54346999997931,-0.17276613099304874
114.5601599999793,-0.39376013561508055
114.5768499999793,-0.5868321438089749
114.5935399999793,-0.7700918872741129
114.6102299999793,-0.9533516310159088
114.6269199999793,-1.0438785697738429
114.64360999997929,-1.1025239400984022
114.66029999997929,-1.1611693106720262
114.67698999997928,-1.1176297795412045
114.69367999997928,-1.0386265616988828
114.71036999997928,-0.9596233438125357
114.72705999997928,-0.8181057443347257
114.74374999997927,-0.655365364651825
114.76043999997927,-0.49262498523110565
114.77712999997927,-0.32326150325722264
114.79381999997926,-0.15162815676999544
114.81050999997926,0.020005189786444798
114.82719999997926,0.17866080330038547
114.84388999997925,0.33296628070839296
114.86057999997925,0.48727175790892635
114.87726999997925,0.6129101181132957
114.89395999997924,0.7288471763045533
114.91064999997924,0.8447842344838499
114.92733999997924,0.9121578803142335
114.94402999997924,0.963459902518797
114.96071999997923,1.0147619247033677
114.97740999997923,1.001399721045741
114.99409999997923,0.9664310856327535
115.01078999997922,0.9314624501928696
115.02747999997922,0.8226959106570716
115.04416999997922,0.6898189270576667
115.06085999997921,0.5569419434283615
115.07754999997921,0.3833409309649563
115.09423999997921,0.19630585661588104
115.1109299999792,0.009270782146151325
115.1276199999792,-0.15081638909946574
115.1443099999792,-0.30221275462257663
115.1609999999792,-0.45360912030819023
115.1776899999792,-0.5234281595524918
115.19437999997919,-0.5666811116266037
115.21106999997919,-0.609934063378897
115.22775999997918,-0.5719936283262274
115.24444999997918,-0.5082072726032365
115.26113999997918,-0.44442091684800566
115.27782999997918,-0.34936277619928485
115.29451999997917,-0.24425210592907204
115.31120999997917,-0.13914143558849706
115.32789999997917,-0.06452628329669273
115.34458999997916,0.0005079935581841952
115.36127999997916,0.06554227040572058
115.37796999997916,0.07192310827085054
115.39465999997915,0.059694093958829665
115.41134999997915,0.047465079623563375
115.42803999997915,-0.017982204399425675
115.44472999997915,-0.0999296585592721
115.46141999997914,-0.18187711272536522
115.47810999997914,-0.2613502974337988
115.49479999997914,-0.3400486912159502
115.51148999997913,-0.4187470850259999
115.52817999997913,-0.4279561763890803
115.54486999997913,-0.41590523804921475
115.56155999997912,-0.4038542999714235
115.57824999997912,-0.3218039071463234
115.59493999997912,-0.2181223099457905
115.61162999997912,-0.11444071271828964
115.62831999997911,0.020429091913192234
115.64500999997911,0.16471374552455842
115.6616999999791,0.3089983992169886
115.6783899999791,0.43551013579195885
115.6950799999791,0.5566024527821214
115.7117699999791,0.6776947694769377
115.7284599999791,0.7472066462344933
115.74514999997909,0.8013566963937502
115.76183999997909,0.8555067462450542
115.77852999997909,0.8543269916146116
115.79521999997908,0.8365008575497404
115.81190999997908,0.8186747234640055
115.82859999997908,0.7603408924924531
115.84528999997907,0.6901059624191335
115.86197999997907,0.6198710326195042
115.87866999997907,0.5027004945697785
115.89535999997906,0.37159879722676287
115.91204999997906,0.24049709957760865
115.92873999997906,0.07159734591941189
115.94542999997905,-0.10825624948263443
115.96211999997905,-0.28810984489842834
115.97880999997905,-0.47039705630229645
115.99549999997905,-0.65339682118548
116.01218999997904,-0.83639658635838
116.02887999997904,-0.9611798912278997
116.04556999997904,-1.0693235140041732
116.06225999997903,-1.177467137048215
116.07894999997903,-1.186889135660545
116.09563999997903,-1.1678000239235689
116.11232999997902,-1.1487109121507613
116.12901999997902,-1.0163108054880576
116.14570999997902,-0.8519712706858821
116.16239999997902,-0.6876317358437065
116.17908999997901,-0.4612677803754455
116.19577999997901,-0.2172371302981824
116.212469999979,0.026793519714698576
116.229159999979,0.24643867768523972
116.245849999979,0.4593059384974721
116.262539999979,0.6721731993879616
116.279229999979,0.7786534513793544
116.29591999997899,0.8552506291629478
116.31260999997899,0.9318478069088698
116.32929999997899,0.8980675495172765
116.34598999997898,0.8340388187303562
116.36267999997898,0.7700100881940102
116.37936999997898,0.650354039050739
116.39605999997897,0.5152908822551067
116.41274999997897,0.3802277251512909
116.42943999997897,0.2694857801274313
116.44612999997896,0.16531463428423093
116.46281999997896,0.06114348842044418
116.47950999997896,0.010848535528941954
116.49619999997896,-0.024734230252438275
116.51288999997895,-0.06031699600083297
116.52957999997895,-0.05715551604355181
116.54626999997895,-0.04367595532943007
116.56295999997894,-0.03019639457341901
116.57964999997894,-0.022481580321372513
116.59633999997894,-0.01631864459757152
116.61302999997893,-0.010155708875728784
116.62971999997893,-0.021719859113996466
116.64640999997893,-0.0379370342431707
116.66309999997893,-0.05415420936956039
116.67978999997892,-0.07455571906174412
116.69647999997892,-0.09606755259199314
116.71316999997892,-0.11757938612362587
116.72985999997891,-0.13435952717767918
116.74654999997891,-0.1499157085406283
116.76323999997891,-0.16547188993089745
116.7799299999789,-0.18745289661262451
116.7966199999789,-0.21111416752067852
116.8133099999789,-0.2347754384597424
116.8299999999789,-0.26724202985914836
116.84668999997889,-0.3019529849433901
116.86337999997889,-0.3366639401747733
116.88006999997889,-0.3711702558834606
116.89675999997888,-0.4056238311193351
116.91344999997888,-0.4400774063551427
116.93013999997888,-0.45545929102075533
116.94682999997887,-0.46605180822290054
116.96351999997887,-0.4766443254189949
116.98020999997887,-0.4312965676837921
116.99689999997887,-0.37174309010097467
117.01358999997886,-0.31218961221150476
117.03027999997886,-0.1767474427261359
117.04696999997886,-0.022531612901454348
117.06365999997885,0.13168421693546625
117.08034999997885,0.3279504877431907
117.09703999997885,0.5347372438653543
117.11372999997884,0.7415239997123568
117.13041999997884,0.8956785238884499
117.14710999997884,1.0370083538795647
117.16379999997883,1.17833818385442
117.18048999997883,1.2071332025628163
117.19717999997883,1.208193726659107
117.21386999997883,1.209254250720212
117.23055999997882,1.0775596775717917
117.24724999997882,0.9140078257563609
117.26393999997882,0.7504559741893191
117.28062999997881,0.5194538619205655
117.29731999997881,0.27207886426656064
117.31400999997881,0.02470386654269648
117.3306999999788,-0.1946181268126852
117.3473899999788,-0.4073112990928653
117.3640799999788,-0.6200044713936775
117.3807699999788,-0.7343490839780472
117.39745999997879,-0.8251834983591458
117.41414999997879,-0.916017912998967
117.43083999997879,-0.923861191141435
117.44752999997878,-0.9123970774459572
117.46421999997878,-0.9009329637259353
117.48090999997878,-0.8316507848778198
117.49759999997877,-0.7487593202349548
117.51428999997877,-0.6658678558633853
117.53097999997877,-0.5600079537987088
117.54766999997877,-0.448887975317047
117.56435999997876,-0.3377679968286937
117.58104999997876,-0.22515946448714244
117.59773999997876,-0.11220598308632984
117.61442999997875,0.000747498328489139
117.63111999997875,0.09683481200088018
117.64780999997875,0.1891204270325352
117.66449999997874,0.2814060420594295
117.68118999997874,0.3555431743956537
117.69787999997874,0.42554047653538946
117.71456999997874,0.49553777838118557
117.73125999997873,0.5241573494252169
117.74794999997873,0.5435986972130982
117.76463999997873,0.563040045277947
117.78132999997872,0.530732437863044
117.79801999997872,0.48680694320043516
117.81470999997872,0.4428814485230552
117.83139999997871,0.36357676823530494
117.84808999997871,0.27655064517719363
117.86477999997871,0.18952452216696677
117.8814699999787,0.11035773551121783
117.8981599999787,0.03292724706466038
117.9148499999787,-0.04450324137974838
117.9315399999787,-0.0667614914312499
117.9482299999787,-0.07717417339929182
117.96491999997869,-0.08758685535220594
117.98160999997869,-0.03508054679911793
117.99829999997868,0.031101808026693413
118.01498999997868,0.09728416286997164
118.03167999997868,0.16656529095599745
118.04836999997868,0.23650080443208654
118.06505999997867,0.30643631802453736
118.08174999997867,0.31000062526943967
118.09843999997867,0.2993735616732248
118.11512999997866,0.28874649834753907
118.13181999997866,0.18156629396317192
118.14850999997866,0.05433489448320492
118.16519999997865,-0.07289650502240541
118.18188999997865,-0.24493481528946517
118.19857999997865,-0.4263958987536874
118.21526999997864,-0.6078569823455812
118.23195999997864,-0.7418567393510875
118.24864999997864,-0.8661656192106044
118.26533999997864,-0.9904744990577194
118.28202999997863,-1.012021084727199
118.29871999997863,-1.0123167547082024
118.31540999997863,-1.0126124243733254
118.33209999997862,-0.9102060727897447
118.34878999997862,-0.787185429993141
118.36547999997862,-0.6641647871702434
118.38216999997861,-0.4836609903423022
118.39885999997861,-0.29146991927173155
118.41554999997861,-0.09927884804185126
118.4322399999786,0.08425294517345794
118.4489299999786,0.2660764876808902
118.4656199999786,0.44790003030175485
118.4823099999786,0.5768485107562106
118.4989999999786,0.6952295813983461
118.51568999997859,0.8136106520268304
118.53237999997859,0.8712116393283622
118.54906999997858,0.9170305073446245
118.56575999997858,0.9628493753457688
118.58244999997858,0.9524853337803358
118.59913999997858,0.9310860820506573
118.61582999997857,0.9096868305954674
118.63251999997857,0.824541592166346
118.64920999997857,0.7272564260325249
118.66589999997856,0.6299712598831163
118.68258999997856,0.480223407279805
118.69927999997856,0.32035051891442845
118.71596999997855,0.16047763033397644
118.73265999997855,-0.022860987351435148
118.74934999997855,-0.21058899826974056
118.76603999997855,-0.3983170091938456
118.78272999997854,-0.5643472031568066
118.79941999997854,-0.7262636269541081
118.81610999997854,-0.8881800507461204
118.83279999997853,-0.9507768535036976
118.84948999997853,-0.9951298392022236
118.86617999997853,-1.0394828248772785
118.88286999997852,-0.9623999403964522
118.89955999997852,-0.8627042640835636
118.91624999997852,-0.7630085874530012
118.93293999997852,-0.6029556461412545
118.94962999997851,-0.43201790794482614
118.96631999997851,-0.26108016984985105
118.9830099999785,-0.11588176347683624
118.9996999999785,0.024610230603643844
119.0163899999785,0.16510222467818447
119.0330799999785,0.223593386080626
119.0497699999785,0.2675695902496885
119.06645999997849,0.3115457943422813
119.08314999997849,0.2744340513857353
119.09983999997849,0.22276659181572314
119.11652999997848,0.17109913219808037
119.13321999997848,0.1053815576067083
119.14990999997848,0.03722349184599516
119.16659999997847,-0.03093457391792207
119.18328999997847,-0.056006362156951324
119.19997999997847,-0.07348719230851938
119.21666999997846,-0.0909680224502954
119.23335999997846,-0.036632533975310876
119.25004999997846,0.029940938867191628
119.26673999997845,0.09651441175435771
119.28342999997845,0.19509466068871315
119.30011999997845,0.29920805589327515
119.31680999997845,0.4033214508741351
119.33349999997844,0.48189875882070293
119.35018999997844,0.5562081471045515
119.36687999997844,0.6305175356715534
119.38356999997843,0.6437249053359124
119.40025999997843,0.646570194611928
119.41694999997843,0.6494154841632167
119.43363999997842,0.5954668720784049
119.45032999997842,0.5322110306297383
119.46701999997842,0.46895518945776205
119.48370999997842,0.3745686103260765
119.50039999997841,0.275004452165094
119.51708999997841,0.1754402940262816
119.5337799999784,0.06932933540777876
119.5504699999784,-0.03783329980455877
119.5671599999784,-0.14499593504721436
119.5838499999784,-0.2567209803241538
119.6005399999784,-0.3691900005454654
119.61722999997839,-0.48165902070991085
119.63391999997839,-0.5917659267868169
119.65060999997839,-0.701500988050275
119.66729999997838,-0.8112360496019179
119.68398999997838,-0.8816096775080896
119.70067999997838,-0.9456920410810943
119.71736999997837,-1.0097744043573398
119.73405999997837,-0.9740875166362706
119.75074999997837,-0.9230143605956019
119.76743999997836,-0.8719412048236604
119.78412999997836,-0.706935163214656
119.80081999997836,-0.5240851626614141
119.81750999997836,-0.3412351623736988
119.83419999997835,-0.1074042662384775
119.85088999997835,0.1341265032015694
119.86757999997835,0.3756572725940738
119.88426999997834,0.584425072568432
119.90095999997834,0.7881663493096778
119.91764999997834,0.9919076260444011
119.93433999997833,1.0703658653677184
119.95102999997833,1.1302987583636699
119.96771999997833,1.1902316510469007
119.98440999997833,1.1065221097436604
120.00109999997832,1.001231554217913
120.01778999997832,0.8959409986642336
120.03447999997832,0.715347192036998
120.05116999997831,0.5238555895766434
120.06785999997831,0.3323639873907952
120.08454999997831,0.15463736533060854
120.1012399999783,-0.021064716501810497
120.1179299999783,-0.19676679833752192
120.1346199999783,-0.2966318103668441
120.1513099999783,-0.3857592891387763
120.16799999997829,-0.47488676789667195
120.18468999997829,-0.48324849922551594
120.20137999997829,-0.47998527700751165
120.21806999997828,-0.4767220547743829
120.23475999997828,-0.4434359129650107
120.25144999997828,-0.405992436050739
120.26813999997827,-0.36854895941969273
120.28482999997827,-0.3413127031984248
120.30151999997827,-0.315513690683383
120.31820999997827,-0.2897146778815461
120.33489999997826,-0.2789109834323588
120.35158999997826,-0.27013726740682326
120.36827999997826,-0.2613635513839323
120.38496999997825,-0.2455479790447942
120.40165999997825,-0.2287627713593131
120.41834999997825,-0.21197756367255458
120.43503999997824,-0.18054069017499433
120.45172999997824,-0.1471655026238128
120.46841999997824,-0.11379031507010451
120.48510999997823,-0.09310244855675609
120.50179999997823,-0.07412232481943959
120.51848999997823,-0.05514220108435069
120.53517999997823,-0.0588920273842747
120.55186999997822,-0.06557921540188981
120.56855999997822,-0.07226640339446422
120.58524999997822,-0.07789204983569105
120.60193999997821,-0.08337807653778159
120.61862999997821,-0.08886410323968988
120.63531999997821,-0.060185320472181954
120.6520099999782,-0.02719559334108463
120.6686999999782,0.0057941337927811636
120.6853899999782,0.09480705731077314
120.7020799999782,0.19101701095274262
120.71876999997819,0.28722696460403047
120.73545999997819,0.4164501542978498
120.75214999997819,0.5497389041718869
120.76883999997818,0.6830276540512376
120.78552999997818,0.7751914246513633
120.80221999997818,0.8621972411237466
120.81890999997817,0.9492030575894629
120.83559999997817,0.9217496247128633
120.85228999997817,0.8805457178755725
120.86897999997817,0.8393418113089646
120.88566999997816,0.6817573274096148
120.90235999997816,0.5099285491151333
120.91904999997816,0.33809977080201054
120.93573999997815,0.10684748799744076
120.95242999997815,-0.13136537939243598
120.96911999997815,-0.36957824693595787
120.98580999997814,-0.5759210537554956
121.00249999997814,-0.7784591182618208
121.01918999997814,-0.9809971824744973
121.03587999997814,-1.062968983513399
121.05256999997813,-1.1311778797502094
121.06925999997813,-1.1993867759689856
121.08594999997813,-1.138074906170694
121.10263999997812,-1.0616883782867619
121.11932999997812,-0.9853018500944749
121.13601999997812,-0.8358614379546945
121.15270999997811,-0.6782985229976006
121.16939999997811,-0.5207356080298562
121.18608999997811,-0.3592602528889898
121.2027799999781,-0.19734119242236625
121.2194699999781,-0.0354221318395565
121.2361599999781,0.1051161170841146
121.2528499999781,0.24334024094761958
121.2695399999781,0.3815643647502372
121.28622999997809,0.47963441416518987
121.30291999997809,0.5732696154410138
121.31960999997808,0.6669048167110149
121.33629999997808,0.7105158636464504
121.35298999997808,0.7488594667894252
121.36967999997808,0.7872030696368504
121.38636999997807,0.76759083794248
121.40305999997807,0.741748450218804
121.41974999997807,0.715906062486943
121.43643999997806,0.6349363104515096
121.45312999997806,0.5483227400561786
121.46981999997806,0.46170916936476203
121.48650999997805,0.33211059631443873
121.50319999997805,0.19801723156064874
121.51988999997805,0.06392386677196883
121.53657999997804,-0.04980685967797744
121.55326999997804,-0.1615120535320349
121.56995999997804,-0.27321724735456115
121.58664999997804,-0.31892035119814915
121.60333999997803,-0.35791433139947615
121.62002999997803,-0.3969083115919715
121.63671999997803,-0.36319967132383724
121.65340999997802,-0.3224691617195299
121.67009999997802,-0.28173865193281417
121.68678999997802,-0.20185510743979246
121.70347999997801,-0.11810523284917393
121.72016999997801,-0.034355358253462656
121.73685999997801,0.01688217875541703
121.753549999978,0.06507301561279677
121.770239999978,0.11326385245177112
121.786929999978,0.07692295675500448
121.803619999978,0.03247855918836954
121.820309999978,-0.011965838391795125
121.83699999997799,-0.1221686401306451
121.85368999997799,-0.23834557155946914
121.87037999997798,-0.3545225030827724
121.88706999997798,-0.4554743603741483
121.90375999997798,-0.5550103952950932
121.92044999997798,-0.6545464302142558
121.93713999997797,-0.6550070459075357
121.95382999997797,-0.6467485079049116
121.97051999997797,-0.6384899698907803
121.98720999997796,-0.5206656023108578
122.00389999997796,-0.39296528088820554
122.02058999997796,-0.2652649596834438
122.03727999997795,-0.09413770473977558
122.05396999997795,0.08068846336936934
122.07065999997795,0.255514631483548
122.08734999997795,0.4075425594785604
122.10403999997794,0.5575802827408847
122.12072999997794,0.7076180057119128
122.13741999997794,0.7788352792226162
122.15410999997793,0.8435608555573261
122.17079999997793,0.9082864315947858
122.18748999997793,0.8916995243687599
122.20417999997792,0.8682441161559933
122.22086999997792,0.8447887082228307
122.23755999997792,0.7660708693521523
122.25424999997792,0.682956342841241
122.27093999997791,0.5998418160358459
122.28762999997791,0.4753681649891168
122.3043199999779,0.34751716475557026
122.3210099999779,0.21966616422877985
122.3376999999779,0.0633613191116165
122.3543899999779,-0.09512804704496278
122.3710799999779,-0.2536174132042995
122.38776999997789,-0.40819083013529944
122.40445999997789,-0.5624554263706727
122.42114999997789,-0.7167200226056369
122.43783999997788,-0.8243967737136942
122.45452999997788,-0.9286259038784895
122.47121999997788,-1.032855034327472
122.48790999997787,-1.0434740330204717
122.50459999997787,-1.0469711773199735
122.52128999997787,-1.050468321610034
122.53797999997786,-0.9342332440091843
122.55466999997786,-0.8094678217517761
122.57135999997786,-0.6847023997717181
122.58804999997786,-0.4766107382132398
122.60473999997785,-0.26241027168338027
122.62142999997785,-0.04820980523183453
122.63811999997785,0.1417621919102586
122.65480999997784,0.3300744924143786
122.67149999997784,0.5183867927719623
122.68818999997784,0.5994488749677209
122.70487999997783,0.6729435903227932
122.72156999997783,0.74643830595648
122.73825999997783,0.7024638426752728
122.75494999997782,0.6507631176637089
122.77163999997782,0.5990623923532602
122.78832999997782,0.4916409888777525
122.80501999997782,0.38044070321985174
122.82170999997781,0.2692404178455945
122.83839999997781,0.18984015038661967
122.8550899999778,0.11244510712013775
122.8717799999778,0.0350500638273885
122.8884699999778,0.0280776940971725
122.9051599999778,0.025689314800097632
122.9218499999778,0.02330093550912142
122.93853999997779,0.05980397821587554
122.95522999997779,0.09865434317856234
122.97191999997779,0.13750470817323962
122.98860999997778,0.17130828070171097
123.00529999997778,0.2047970310468783
123.02198999997778,0.23828578139165515
123.03867999997777,0.23036679249614334
123.05536999997777,0.22005990472335424
123.07205999997777,0.2097530169185185
123.08874999997776,0.16181483087589268
123.10543999997776,0.11163071327673811
123.12212999997776,0.06144659567459076
123.13881999997776,-0.009333862227105319
123.15550999997775,-0.08124698871703247
123.17219999997775,-0.15316011522296347
123.18888999997775,-0.2214975180835282
123.20557999997774,-0.2896311114185879
123.22226999997774,-0.3577647050131755
123.23895999997774,-0.41573759040850444
123.25564999997773,-0.47317873645291475
123.27233999997773,-0.5306198827852817
123.28902999997773,-0.5653349076633524
123.30571999997773,-0.598815285450102
123.32240999997772,-0.6322956632351759
123.33909999997772,-0.6384119543826092
123.35578999997772,-0.6431686463737273
123.37247999997771,-0.6479253383630301
123.38916999997771,-0.5889074478175149
123.40585999997771,-0.5270143094543123
123.4225499999777,-0.46512117137588427
123.4392399999777,-0.31807233837159843
123.4559299999777,-0.1670168065830844
123.4726199999777,-0.015961274867286122
123.48930999997769,0.18542122199768593
123.50599999997769,0.38927103734239543
123.52268999997769,0.5931208522862704
123.53937999997768,0.7473734747686621
123.55606999997768,0.8994224666236623
123.57275999997768,1.0514714587645122
123.58944999997767,1.0716814486466384
123.60613999997767,1.0866343063604036
123.62282999997767,1.101587164355803
123.63951999997767,0.9650912874481752
123.65620999997766,0.8222614121978529
123.67289999997766,0.6794315369390527
123.68958999997766,0.44997077933080537
123.70627999997765,0.2167175500167295
123.72296999997765,-0.01653567927952801
123.73965999997765,-0.2247156073424752
123.75634999997764,-0.4319119623694999
123.77303999997764,-0.6391083176261405
123.78972999997764,-0.7404695265402889
123.80641999997763,-0.8374732058954342
123.82310999997763,-0.9344768852447399
123.83979999997763,-0.9187785041708285
123.85648999997763,-0.8989500474970564
123.87317999997762,-0.8791215908177662
123.88986999997762,-0.796418788089688
123.90655999997762,-0.7112902174022079
123.92324999997761,-0.6261616464228085
123.93993999997761,-0.5247053512530623
123.95662999997761,-0.4226926588556431
123.9733199999776,-0.3206799667461435
123.9900099999776,-0.2475385864046456
124.0066999999776,-0.1754366450582849
124.0233899999776,-0.10333470371338045
124.04007999997759,-0.06186255183097583
124.05676999997759,-0.021355863130086913
124.07345999997759,0.019150825575278942
124.09014999997758,0.0552263567573156
124.10683999997758,0.09115372539027411
124.12352999997758,0.12708109402306422
124.14021999997757,0.15689990160242043
124.15690999997757,0.18654170395649972
124.17359999997757,0.21618350633920777
124.19028999997757,0.21135921087531895
124.20697999997756,0.20547048977849605
124.22366999997756,0.19958176870910874
124.24035999997756,0.16917475912286362
124.25704999997755,0.13811935685709611
124.27373999997755,0.1070639545615638
124.29042999997755,0.08400779275166294
124.30711999997754,0.06117835003458806
124.32380999997754,0.03834890731781818
124.34049999997754,0.06276585066536598
124.35718999997754,0.08831322916907114
124.37387999997753,0.11386060764543145
124.39056999997753,0.18901142852394598
124.40725999997753,0.265442731760453
124.42394999997752,0.3418740348831522
124.44063999997752,0.4132187174824047
124.45732999997752,0.4844544456091145
124.47401999997751,0.5556901737356776
124.49070999997751,0.526589916238456
124.50739999997751,0.49515197145384604
124.5240899999775,0.46371402666608524
124.5407799999775,0.318750262177235
124.5574699999775,0.171637962588047
124.5741599999775,0.02452566286618855
124.5908499999775,-0.17417098469360848
124.60753999997749,-0.3736202307172113
124.62422999997749,-0.5730694769150289
124.64091999997748,-0.7290556086731603
124.65760999997748,-0.8843270605519676
124.67429999997748,-1.0395985124299432
124.69098999997748,-1.07213281889445
124.70767999997747,-1.1031784994911147
124.72436999997747,-1.1342241803744368
124.74105999997747,-1.0173297340382623
124.75774999997746,-0.8983680805956565
124.77443999997746,-0.7794064268615929
124.79112999997746,-0.5849921517238144
124.80781999997745,-0.3898475425834448
124.82450999997745,-0.19470293341305617
124.84119999997745,-0.0023548273664566427
124.85788999997744,0.18996107654363772
124.87457999997744,0.3822769804978545
124.89126999997744,0.5096938563320808
124.90795999997744,0.6362438353864857
124.92464999997743,0.7627938144397185
124.94133999997743,0.8028993228391064
124.95802999997743,0.8422208728522413
124.97471999997742,0.8815424228642829
124.99140999997742,0.8551884814457477
125.00809999997742,0.8281185137785485
125.02478999997741,0.8010485461103806
125.04147999997741,0.7251771974631768
125.05816999997741,0.648982076101999
125.0748599999774,0.5727869544517166
125.0915499999774,0.45096971069090164
125.1082399999774,0.3287665391878828
125.1249299999774,0.206563368030845
125.1416199999774,0.05800547736090684
125.15830999997739,-0.09066341402090393
125.17499999997739,-0.23933230540286504
125.19168999997738,-0.3611229829345834
125.20837999997738,-0.48275164573597906
125.22506999997738,-0.6043803085372588
125.24175999997738,-0.6460252455215282
125.25844999997737,-0.6875261538316321
125.27513999997737,-0.7290270621415407
125.29182999997737,-0.661350967644792
125.30851999997736,-0.5932809691833072
125.32520999997736,-0.5251780249572519
125.34189999997736,-0.4021217310649144
125.35858999997735,-0.27906543686721147
125.37527999997735,-0.1560091427271369
125.39196999997735,-0.061336995468877574
125.40865999997735,0.03330109753741431
125.42534999997734,0.12768436131856603
125.44203999997734,0.13726042041651434
125.45872999997734,0.1468364793993683
125.47541999997733,0.15632365424354946
125.49210999997733,0.09172579110972512
125.50879999997733,0.027127927878174182
125.52548999997732,-0.0375533165382026
125.54217999997732,-0.11761375950347182
125.55886999997732,-0.19767420248964027
125.57555999997732,-0.2774798880420034
125.59224999997731,-0.2866752803258248
125.60893999997731,-0.2958706725136997
125.6256299999773,-0.3042721770360043
125.6423199999773,-0.2115445807687947
125.6590099999773,-0.1188169844795383
125.6756999999773,-0.02576739355895211
125.6923899999773,0.12070111988123126
125.70907999997729,0.26716963335945815
125.72576999997729,0.41329992869723
125.74245999997729,0.5265633627231547
125.75914999997728,0.6398267967042635
125.77583999997728,0.7517244933672802
125.79252999997728,0.770012265826812
125.80921999997727,0.7883000378702292
125.82590999997727,0.8054441426503575
125.84259999997727,0.7328375876190859
125.85928999997726,0.6602310324655587
125.87597999997726,0.5867782849155692
125.89266999997726,0.4637326177415577
125.90935999997726,0.34068695078875505
125.92604999997725,0.21748479323197328
125.94273999997725,0.08399182803677255
125.95942999997725,-0.04950113717245645
125.97611999997724,-0.18285940269981554
125.99280999997724,-0.3093269373646232
126.00949999997724,-0.43579447184694536
126.02618999997723,-0.5619161042405111
126.04287999997723,-0.6684763576017487
126.05956999997723,-0.7750366109363038
126.07625999997722,-0.8807720646389994
126.09294999997722,-0.9343865206075234
126.10963999997722,-0.9880009762162416
126.12632999997722,-1.0395650934173815
126.14301999997721,-0.9894821177571727
126.15970999997721,-0.9393991419581839
126.1763999999772,-0.8873481415007878
126.1930899999772,-0.7277773894627266
126.2097799999772,-0.5682066375664874
126.2264699999772,-0.4073771990641889
126.2431599999772,-0.1910294718532485
126.25984999997719,0.025318255419129396
126.27653999997719,0.24112983900042903
126.29322999997719,0.43115921686992975
126.30991999997718,0.6211885948195013
126.32660999997718,0.8084341776696715
126.34329999997718,0.8851427287668866
126.35998999997717,0.9618512794242822
126.37667999997717,1.035058202926463
126.39336999997717,0.9579715889832875
126.41005999997716,0.8808849751231946
126.42674999997716,0.8014449617200705
126.44343999997716,0.6370733715323331
126.46012999997716,0.4727017812285242
126.47681999997715,0.308768632474577
126.49350999997715,0.16181987618522162
126.51019999997715,0.01487111995087365
126.52688999997714,-0.12960069756423914
126.54357999997714,-0.19218188383913465
126.56026999997714,-0.25476307000196324
126.57695999997713,-0.31496302818809446
126.59364999997713,-0.2911470470531091
126.61033999997713,-0.267331065658689
126.62702999997713,-0.24258569266391103
126.64371999997712,-0.18950263915646082
126.66040999997712,-0.13641958561016393
126.67709999997712,-0.08444699341711452
126.69378999997711,-0.06843114041415968
126.71047999997711,-0.05241528746048245
126.72716999997711,-0.037821228928030616
126.7438599999771,-0.06343651553036124
126.7605499999771,-0.08905180218784706
126.7772399999771,-0.11481173711968944
126.7939299999771,-0.14419917955854938
126.81061999997709,-0.17358662197352168
126.82730999997709,-0.20252545304106173
126.84399999997709,-0.21963859362293459
126.86068999997708,-0.23675173418856157
126.87737999997708,-0.25354118174933626
126.89406999997708,-0.2613397767506965
126.91075999997707,-0.26913837173970856
126.92744999997707,-0.2764660090077495
126.94413999997707,-0.27217185880982264
126.96082999997707,-0.26787770856706417
126.97751999997706,-0.26270911038364847
126.99420999997706,-0.23814477021807254
127.01089999997706,-0.21358042999699625
127.02758999997705,-0.18770704228826124
127.04427999997705,-0.1314789286884065
127.06096999997705,-0.07525081504681076
127.07765999997704,-0.016917090723204947
127.09434999997704,0.09255745247088364
127.11103999997704,0.20203199570363622
127.12772999997703,0.3127752424912423
127.14441999997703,0.45125617241184285
127.16110999997703,0.5897371020819431
127.17779999997703,0.7260563928883368
127.19448999997702,0.8194401232193211
127.21117999997702,0.9128238534911914
127.22786999997702,1.0005963241386489
127.24455999997701,0.9723541734730835
127.26124999997701,0.9441120226477638
127.27793999997701,0.9100586170261019
127.294629999977,0.7507491143471756
127.311319999977,0.5914396114956886
127.328009999977,0.42846492465382524
127.344699999977,0.1936345346168495
127.36138999997699,-0.041195855519180126
127.37807999997699,-0.27444811532634794
127.39476999997699,-0.475510562044953
127.41145999997698,-0.6765730090076792
127.42814999997698,-0.8711944908320597
127.44483999997698,-0.9457866961941608
127.46152999997697,-1.0203789013906976
127.47821999997697,-1.0878762345268749
127.49490999997697,-1.0180618320746793
127.51159999997697,-0.9482474297216874
127.52828999997696,-0.8746499471877588
127.54497999997696,-0.7338921622416934
127.56166999997696,-0.5931343772030521
127.57835999997695,-0.45199905774279303
127.59504999997695,-0.303914463399631
127.61173999997695,-0.15582986933553766
127.62842999997694,-0.009754019316320304
127.64511999997694,0.10228117640001931
127.66180999997694,0.21431637205500859
127.67849999997694,0.3238099747669568
127.69518999997693,0.38871274285038726
127.71187999997693,0.4536155105835307
127.72856999997693,0.5159219606671885
127.74525999997692,0.5361520066712759
127.76194999997692,0.5563820523285151
127.77863999997692,0.5749098829535041
127.79532999997691,0.5649165543060579
127.81201999997691,0.5549232256191652
127.82870999997691,0.5428248080693143
127.8453999999769,0.49804540758949967
127.8620899999769,0.4532660073531331
127.8787799999769,0.4064884872732932
127.8954699999769,0.32767988738503256
127.9121599999769,0.24887128745242582
127.92884999997689,0.17021959859490202
127.94553999997689,0.09390513840116703
127.96222999997688,0.017590678222279478
127.97891999997688,-0.055865900002809304
127.99560999997688,-0.08541756480526386
128.01229999997688,-0.11496922957573734
128.0289899999769,-0.1406758107691739
128.04567999997687,-0.11135183730040478
128.06236999997685,-0.08202786372653079
128.07905999997686,-0.05119541850374548
128.09574999997687,0.0018798688261531095
128.11243999997686,0.054955156179378885
128.12912999997684,0.1054271297146765
128.14581999997685,0.1200517014688201
128.16250999997686,0.13467627317318698
128.17919999997684,0.1426756702214893
128.19588999997683,0.06515510262110433
128.21257999997684,-0.012365465069105352
128.22926999997685,-0.09408169424054882
128.24595999997683,-0.23145319477979798
128.26264999997682,-0.3688246955115224
128.27933999997683,-0.5039028964586852
128.29602999997684,-0.6104073243844093
128.31271999997682,-0.7169117525589611
128.3294099999768,-0.8153017101503025
128.34609999997681,-0.809880094380482
128.36278999997683,-0.8044584784663972
128.3794799999768,-0.7900674651101
128.3961699999768,-0.6577820830839026
128.4128599999768,-0.525496701182097
128.4295499999768,-0.38810551160449663
128.4462399999768,-0.18764738933401495
128.46292999997678,0.012810733023762075
128.4796199999768,0.2117902289909064
128.4963099999768,0.3920202570142591
128.51299999997678,0.5722502848954457
128.52968999997677,0.7454412869490417
128.54637999997678,0.8346005061737142
128.5630699999768,0.9237597252814744
128.57975999997677,1.005018862164044
128.59644999997676,0.9895333438870729
128.61313999997677,0.9740478251867839
128.62982999997678,0.9521706917245732
128.64651999997676,0.8564776125299525
128.66320999997674,0.7607845335211356
128.67989999997675,0.6623707116199847
128.69658999997677,0.5317474843331397
128.71327999997675,0.40112425671320595
128.72996999997673,0.2691554303139723
128.74665999997674,0.12213947003288658
128.76334999997675,-0.02487649030646151
128.78003999997674,-0.17129800958221467
128.79672999997672,-0.310910073449656
128.81341999997673,-0.4505221373076002
128.83010999997674,-0.5868619704141419
128.84679999997672,-0.6877410344859032
128.8634899999767,-0.7886200987969341
128.88017999997672,-0.8818454730874992
128.89686999997673,-0.8964136698345028
128.9135599999767,-0.9109818661831378
128.9302499999767,-0.9161304456692602
128.9469399999767,-0.8222755992785327
128.96362999997672,-0.7284207527493979
128.9803199999767,-0.6273363979273123
128.99700999997668,-0.4540996467187663
129.0136999999767,-0.2808628955249335
129.0303899999767,-0.10948899893787016
129.0470799999767,0.04288127942250527
129.06376999997667,0.1952515577560847
129.08045999997668,0.3391761356291223
129.0971499999767,0.39499933050665703
129.11383999997668,0.4508225252610726
129.13052999997666,0.4970740854611449
129.14721999997667,0.44848513534506046
129.16390999997668,0.39989618538496347
129.18059999997666,0.34743952465993705
129.19728999997665,0.25581584611944463
129.21397999997666,0.16419216761048086
129.23066999997667,0.07609030129975106
129.24735999997665,0.021905505864639782
129.26404999997663,-0.03227928950563992
129.28073999997665,-0.0784540838033312
129.29742999997666,-0.051122464503885315
129.31411999997664,-0.023790845113184966
129.33080999997662,0.008729290947311811
129.34749999997663,0.08984745967328898
129.36418999997665,0.17096562847589825
129.38087999997663,0.2509225997200247
129.3975699999766,0.31977470095032084
129.41425999997662,0.38862680184765686
129.43094999997663,0.45056140279671647
129.44763999997662,0.4494419401660643
129.4643299999766,0.4483224774471472
129.4810199999766,0.4399849638858236
129.49770999997662,0.3645017555741534
129.5143999999766,0.28901854716837827
129.5310899999766,0.20972892107288627
129.5477799999766,0.09665452035392402
129.5644699999766,-0.016419880397819366
129.5811599999766,-0.12857268642354855
129.59784999997657,-0.2329076461045339
129.61453999997659,-0.3372426058900157
129.6312299999766,-0.43743014488031845
129.64791999997658,-0.501753282966822
129.66460999997656,-0.5660764212917277
129.68129999997657,-0.6267801791611122
129.69798999997658,-0.6555695176306449
129.71467999997657,-0.6843588560553951
129.73136999997655,-0.7093793796063741
129.74805999997656,-0.702631134338711
129.76474999997657,-0.6958828890264045
129.78143999997656,-0.6822188460304454
129.79812999997654,-0.6091345872843751
129.81481999997655,-0.5360503284548248
129.83150999997656,-0.45417288703213693
129.84819999997654,-0.30000673785841603
129.86488999997653,-0.14584058866999858
129.88157999997654,0.013196447574187453
129.89826999997655,0.2130340045761224
129.91495999997653,0.412871561738687
129.9316499999765,0.6079189065369236
129.94833999997653,0.7645409821476741
129.96502999997654,0.921163057415709
129.98171999997652,1.0632107950982468
129.9984099999765,1.0931424015475055
130.0150999999765,1.1230740078391623
130.03178999997652,1.1367816761271372
130.0484799999765,1.0234447499823223
130.0651699999765,0.910107823658612
130.0818599999765,0.7870698597773834
130.0985499999765,0.586684375327953
130.1152399999765,0.3862988907702758
130.13192999997648,0.18730178330460226
130.1486199999765,-0.0010774765750095978
130.1653099999765,-0.18945673644279332
130.18199999997648,-0.3667521399561991
130.19868999997647,-0.45776847159045014
130.21537999997648,-0.5487848031033481
130.2320699999765,-0.6270513369706677
130.24875999997647,-0.6100503463976558
130.26544999997645,-0.5930493556904483
130.28213999997647,-0.5684876575264349
130.29882999997648,-0.4896297023306675
130.31551999997646,-0.4107717467696751
130.33220999997644,-0.33220593383326436
130.34889999997645,-0.2557737781028175
130.36558999997646,-0.1793416223755129
130.38227999997645,-0.1084095925789982
130.39896999997643,-0.07611065955193463
130.41565999997644,-0.04381172660827676
130.43234999997645,-0.015555686459757297
130.44903999997643,-0.016171817901239036
130.46572999997642,-0.016787949386365793
130.48241999997643,-0.016593941609697092
130.49910999997644,-0.01051639762692669
130.51579999997642,-0.004438853638747396
130.5324899999764,0.003945275861386356
130.54917999997642,0.028442395298668214
130.56586999997643,0.052939514741446266
130.5825599999764,0.07656852878877542
130.5992499999764,0.09403230880945924
130.6159399999764,0.11149608885035509
130.63262999997642,0.1274980969990362
130.6493199999764,0.13350789903901894
130.66600999997638,0.1395177010937349
130.6826999999764,0.14641775865320245
130.6993899999764,0.15918136292418691
130.7160799999764,0.1719449672322922
130.73276999997637,0.1890456924290761
130.74945999997638,0.23516715316408832
130.7661499999764,0.28128861394016846
130.78283999997637,0.3307759580259925
130.79952999997636,0.40197625436416085
130.81621999997637,0.47317655073329823
130.83290999997638,0.5415318735281432
130.84959999997636,0.5912468256172776
130.86628999997635,0.6409617776801182
130.88297999997636,0.6786605547723628
130.89966999997637,0.6363801106717226
130.91635999997635,0.5940996664579098
130.93304999997633,0.5374848777104196
130.94973999997634,0.3888754514108622
130.96642999997636,0.24026602483672757
130.98311999997634,0.0835231108111663
130.99980999997632,-0.12623402192931385
131.01649999997633,-0.33599115480272956
131.03318999997634,-0.539699482262472
131.04987999997633,-0.7053716547994364
131.0665699999763,-0.8710438272825103
131.08325999997632,-1.0207479727355713
131.09994999997633,-1.0684969714062218
131.11663999997631,-1.1162459699322456
131.1333299999763,-1.1423950008896706
131.1500199999763,-1.0354214827392465
131.16670999997632,-0.9284479646882416
131.1833999999763,-0.808666324271502
131.20008999997629,-0.6087503888596696
131.2167799999763,-0.40883445333402785
131.2334699999763,-0.21035269629892622
131.2501599999763,-0.02053652324470529
131.26684999997627,0.16927964981420524
131.28353999997628,0.34792537330118745
131.3002299999763,0.4580685533250604
131.31691999997628,0.5682117329627898
131.33360999997626,0.6672050203293017
131.35029999997627,0.7001317234688406
131.36698999997628,0.7330584268031591
131.38367999997627,0.7570857466657407
131.40036999997625,0.7301210342783853
131.41705999997626,0.7031563221070967
131.43374999997627,0.670942872935218
131.45043999997625,0.6082224793509275
131.46712999997624,0.5455020857233648
131.48381999997625,0.4792173856902741
131.50050999997626,0.3928905336138742
131.51719999997624,0.30656368150923546
131.53388999997622,0.21796388480249176
131.55057999997624,0.11640191388995991
131.56726999997625,0.014839942956238777
131.58395999997623,-0.08493128394690837
131.6006499999762,-0.17434385732769858
131.61733999997622,-0.2637564306650274
131.63402999997624,-0.34523098820770526
131.65071999997622,-0.3822777566365802
131.6674099999762,-0.4193245252909354
131.6840999999762,-0.44488546174500937
131.70078999997622,-0.4052528136451528
131.7174799999762,-0.3656201657410394
131.7341699999762,-0.3208377869982234
131.7508599999762,-0.2477619445900318
131.7675499999762,-0.17468610222818842
131.7842399999762,-0.10419958570247179
131.80092999997618,-0.047493382791820415
131.8176199999762,0.0092128201078258
131.8343099999762,0.05652167207916368
131.85099999997618,0.05313523568581057
131.86768999997616,0.0497487992201993
131.88437999997618,0.035743020255984415
131.9010699999762,-0.03633986127252055
131.91775999997617,-0.10842274285503757
131.93444999997615,-0.18314880935643318
131.95113999997616,-0.2718787689348667
131.96782999997617,-0.36060872864892596
131.98451999997616,-0.4364282363918294
132.00120999997614,-0.44291566056176507
132.01789999997615,-0.4494030846326426
132.03458999997616,-0.43785813169614257
132.05127999997615,-0.3324643751611725
132.06796999997613,-0.22707061863662872
132.08465999997614,-0.11181137204573535
132.10134999997615,0.05548277164347385
132.11803999997613,0.2227769154065467
132.13472999997612,0.38555447007749494
132.15141999997613,0.5252362067912556
132.16810999997614,0.6649179434719787
132.18479999997612,0.7886880824604497
132.2014899999761,0.8300125717191696
132.21817999997612,0.8713370608600955
132.23486999997613,0.895280026981501
132.2515599999761,0.8318761330728438
132.2682499999761,0.7684722387504669
132.2849399999761,0.6944138709333876
132.30162999997611,0.566111010284338
132.3183199999761,0.4378081495580388
132.33500999997608,0.3081267630228962
132.3516999999761,0.17163614432365198
132.3683899999761,0.035145525730343186
132.38507999997609,-0.09908118449493923
132.40176999997607,-0.22198020919851877
132.41845999997608,-0.34487923391495123
132.4351499999761,-0.46240718728409624
132.45183999997607,-0.5538524649982332
132.46852999997606,-0.6452977426751715
132.48521999997607,-0.727461567512841
132.50190999997608,-0.7658563497329081
132.51859999997606,-0.8042511318902169
132.53528999997604,-0.8290713695962809
132.55197999997606,-0.789071980881675
132.56866999997607,-0.7490725923627506
132.58535999997605,-0.6961898230198433
132.60204999997603,-0.581007349103441
132.61873999997604,-0.4658248750976038
132.63542999997605,-0.33975570111003184
132.65211999997604,-0.1625599099619691
132.66880999997602,0.014635881311147113
132.68549999997603,0.1895256310269335
132.70218999997604,0.3534497553087606
132.71887999997602,0.5173738798343662
132.735569999976,0.6637543857339842
132.75225999997602,0.7290916432936914
132.76894999997603,0.794428900737029
132.785639999976,0.8372859760152385
132.802329999976,0.7792040739608425
132.819019999976,0.7211221717611728
132.83570999997602,0.6493775895410149
132.852399999976,0.5155381680060664
132.86908999997598,0.3816987463820994
132.885779999976,0.25075604905469356
132.902469999976,0.1326134880596152
132.919159999976,0.014470927068924878
132.93584999997597,-0.08719482214760908
132.95253999997598,-0.11517410755922303
132.969229999976,-0.14315339286480466
132.98591999997598,-0.15793056968913508
133.00260999997596,-0.1129485331592366
133.01929999997597,-0.0679664965431934
133.03598999997598,-0.02131038323790474
133.05267999997596,0.032713834686282146
133.06936999997595,0.08673805262405015
133.08605999997596,0.13192931065913205
133.10274999997597,0.13777637107065377
133.11943999997595,0.14362343142547357
133.13612999997594,0.13881562370784756
133.15281999997595,0.08784806767415444
133.16950999997596,0.036880511545101996
133.18619999997594,-0.019822683258464736
133.20288999997592,-0.10070518017083038
133.21957999997593,-0.1815876770834316
133.23626999997595,-0.25950936441357336
133.25295999997593,-0.32480324538986083
133.2696499999759,-0.39009712634795574
133.28633999997592,-0.44744636973952934
133.30302999997593,-0.47051222554817096
133.31971999997592,-0.4935780810186971
133.3364099999759,-0.507593360333845
133.3530999999759,-0.4836018582430261
133.36978999997592,-0.4596103560972819
133.3864799999759,-0.42943907458416003
133.4031699999759,-0.3730134473274077
133.4198599999759,-0.3165878203214083
133.4365499999759,-0.2554694903784213
133.4532399999759,-0.17494502883229784
133.46992999997588,-0.09442056728715426
133.4866199999759,-0.007738732865441171
133.5033099999759,0.10470080744191713
133.51999999997588,0.21714034776896
133.53668999997586,0.3335929907685146
133.55337999997587,0.4663907938639786
133.57006999997589,0.5991885969833001
133.58675999997587,0.7236909759256633
133.60344999997585,0.815283234172541
133.62013999997586,0.9068754926608161
133.63682999997587,0.9770607347198582
133.65351999997586,0.9613607686087069
133.67020999997584,0.9456608023734109
133.68689999997585,0.9050840145405632
133.70358999997586,0.7635676376882773
133.72027999997584,0.6220512604016993
133.73696999997583,0.46353077154566025
133.75365999997584,0.237801151851835
133.77034999997585,0.012071531974395752
133.78703999997583,-0.20701257425873526
133.80372999997581,-0.39953452254123883
133.82041999997583,-0.5920564705835558
133.83710999997584,-0.760142424693594
133.85379999997582,-0.8330641552871078
133.8704899999758,-0.9059858857429971
133.8871799999758,-0.9523863947939085
133.90386999997583,-0.8981129567344035
133.9205599999758,-0.8438395182403374
133.9372499999758,-0.7739898746721939
133.9539399999758,-0.6443637218482737
133.9706299999758,-0.5147375686491794
133.9873199999758,-0.3845977827014204
134.00400999997578,-0.25246504241807377
134.0206999999758,-0.12033230198750235
134.0373899999758,0.002165867273092278
134.05407999997578,0.08822382432659921
134.07076999997577,0.17428178136511285
134.08745999997578,0.24979160974589304
134.1041499999758,0.2849685645091216
134.12083999997577,0.3201455192715649
134.13752999997575,0.34879523626277237
134.15421999997577,0.35311111453367655
134.17090999997578,0.35742699276924106
134.18759999997576,0.3604839041038069
134.20428999997574,0.358963072088599
134.22097999997575,0.35744224006674147
134.23766999997576,0.35546181245719133
134.25435999997575,0.3517923396336686
134.27104999997573,0.3481228668076986
134.28773999997574,0.3396405472991932
134.30442999997575,0.31390337987202854
134.32111999997574,0.28816621239099127
134.33780999997572,0.26090758492672594
134.35449999997573,0.2281362991148701
134.37118999997574,0.19536501326613057
134.38787999997572,0.16764510554790024
134.4045699999757,0.1584234010032722
134.42125999997572,0.14920169651438117
134.43794999997573,0.14679931041560207
134.4546399999757,0.1687596400801117
134.4713299999757,0.19071996978008923
134.4880199999757,0.21379721393763815
134.50470999997572,0.24090707472088674
134.5213999999757,0.26801693550991446
134.53808999997568,0.2851136307449219
134.5547799999757,0.2669335907442685
134.5714699999757,0.2487535506922232
134.5881599999757,0.21195246770137766
134.60484999997567,0.10885843622120175
134.62153999997568,0.005764404647214687
134.6382299999757,-0.10901684174987475
134.65491999997568,-0.26440567671258663
134.67160999997566,-0.4197945117058211
134.68829999997567,-0.5661349437385893
134.70498999997568,-0.6807081438053889
134.72167999997566,-0.7952813441145477
134.73836999997565,-0.8848362942771703
134.75505999997566,-0.8886523077676471
134.77174999997567,-0.8924683208443237
134.78843999997565,-0.8677507360257913
134.80512999997563,-0.74423366019659
134.82181999997565,-0.6207165839345343
134.83850999997566,-0.4799709127987385
134.85519999997564,-0.2809826413213024
134.87188999997562,-0.08199436981693921
134.88857999997563,0.11418079651803366
134.90526999997564,0.30106836546043164
134.92195999997563,0.4879559346487567
134.9386499999756,0.6524545500123102
134.95533999997562,0.7422845512903291
134.97202999997563,0.8321145524594025
134.98871999997561,0.8950584376296922
135.0054099999756,0.8704166852800683
135.0220999999756,0.8457749325137225
135.03878999997562,0.8044161614531222
135.0554799999756,0.7080502341907313
135.07216999997559,0.6116843068481332
135.0888599999756,0.5096975168223937
135.1055499999756,0.3890279120502726
135.1222399999756,0.26835830733783295
135.13892999997557,0.1481617030637362
135.15561999997558,0.02950084593265584
135.1723099999756,-0.08916001116731141
135.18899999997558,-0.2043750379251157
135.20568999997556,-0.3082895081263553
135.22237999997557,-0.4122039782536851
135.23906999997558,-0.5089958129816339
135.25575999997557,-0.5829665071436192
135.27244999997555,-0.6569372012723477
135.28913999997556,-0.7179685909824776
135.30582999997557,-0.738484584202418
135.32251999997555,-0.7590005773629535
135.33920999997554,-0.7584658651986957
135.35589999997555,-0.6913668265443463
135.37258999997556,-0.6242677877925138
135.38927999997554,-0.5438971623829567
135.40596999997553,-0.42114415708307723
135.42265999997554,-0.2983911517210561
135.43934999997555,-0.17972889158350555
135.45603999997553,-0.07383379678690859
135.4727299999755,0.03206129796212412
135.48941999997552,0.12075677975289939
135.50610999997554,0.15524353066641142
135.52279999997552,0.1897302814715753
135.5394899999755,0.20660221510994972
135.5561799999755,0.1692084523351227
135.57286999997552,0.1318146894805745
135.5895599999755,0.08644443508894671
135.6062499999755,0.01704883458472953
135.6229399999755,-0.052346765960528154
135.6396299999755,-0.11294603353712104
135.6563199999755,-0.14679422535276604
135.67300999997548,-0.18064241712908513
135.6896999999755,-0.1947003114746164
135.7063899999755,-0.14798751154599676
135.72307999997548,-0.10127471152825043
135.73976999997546,-0.03887881223939467
135.75645999997548,0.07060399457196936
135.7731499999755,0.1800868014527197
135.78983999997547,0.2855723305160978
135.80652999997545,0.37894050772961235
135.82321999997546,0.4723086849545035
135.83990999997548,0.5453923332848141
135.85659999997546,0.5583451221593376
135.87328999997544,0.5712979109454698
135.88997999997545,0.5610942222712291
135.90666999997546,0.4815872944054797
135.92335999997545,0.40208036672670006
135.94004999997543,0.3069012539002159
135.95673999997544,0.16584873202986275
135.97342999997545,0.024796210227850266
135.99011999997543,-0.11438577681230473
136.00680999997542,-0.24821162608026637
136.02349999997543,-0.3820374752539755
136.04018999997544,-0.5025791325247029
136.05687999997542,-0.5847235910775461
136.0735699999754,-0.6668680495740349
136.09025999997542,-0.7364975276919741
136.10694999997543,-0.7696102914120813
136.1236399999754,-0.8027230550783986
136.1403299999754,-0.8236638327200441
136.1570199999754,-0.809859633079609
136.17370999997542,-0.7960554336766243
136.1903999999754,-0.7641595597414486
136.20708999997538,-0.6801344194970329
136.2237799999754,-0.5961092791757405
136.2404699999754,-0.49554055815147685
136.25715999997539,-0.3483318103684866
136.27384999997537,-0.2011230625745276
136.29053999997538,-0.046908858813151266
136.3072299999754,0.12724022565580534
136.32391999997537,0.3013893102696269
136.34060999997536,0.4665750438731515
136.35729999997537,0.606801606034497
136.37398999997538,0.7470281681592307
136.39067999997536,0.8599412982201429
136.40736999997534,0.8984131327733246
136.42405999997536,0.936884967216599
136.44074999997537,0.9405997875918456
136.45743999997535,0.8487132918251068
136.47412999997533,0.7568267962060422
136.49081999997534,0.6426626296094966
136.50750999997535,0.46665524450263196
136.52419999997534,0.2906478593049542
136.54088999997532,0.11678074234635667
136.55757999997533,-0.05127094653695077
136.57426999997534,-0.21932263541166228
136.59095999997533,-0.36327217546154117
136.6076499999753,-0.44112994822953544
136.62433999997532,-0.5189877209001025
136.64102999997533,-0.5674065454682883
136.6577199999753,-0.53680161523767
136.6744099999753,-0.5061966846015257
136.6910999999753,-0.4615945533882702
136.70778999997532,-0.3802041265565698
136.7244799999753,-0.2988136999593721
136.74116999997528,-0.22214585215553218
136.7578599999753,-0.15800265635415708
136.7745499999753,-0.09385946054258035
136.7912399999753,-0.04712614424037362
136.80792999997527,-0.045605985063331196
136.82461999997528,-0.04408582595319424
136.8413099999753,-0.051675931493260094
136.85799999997528,-0.08313848772528627
136.87468999997526,-0.11460104399269336
136.89137999997527,-0.14352799748771833
136.90806999997528,-0.16575055153386492
136.92475999997527,-0.1879731055700787
136.94144999997525,-0.2025945831898627
136.95813999997526,-0.19753499400044786
136.97482999997527,-0.19247540478184982
136.99151999997525,-0.18155539684055375
137.00820999997524,-0.15532472775460202
137.02489999997525,-0.12909405864594087
137.04158999997526,-0.0969268228314795
137.05827999997524,-0.04957007717840854
137.07496999997522,-0.002213331521940472
137.09165999997523,0.04805788353235554
137.10834999997525,0.10585293275811075
137.12503999997523,0.16364798202379383
137.1417299999752,0.22545156056512658
137.15841999997522,0.29739087075430637
137.17510999997523,0.36933018121845923
137.19179999997522,0.4426459174444104
137.2084899999752,0.5194730036827269
137.2251799999752,0.5963000899265192
137.24186999997522,0.6625609057933628
137.2585599999752,0.7024171213922243
137.2752499999752,0.7422733369518087
137.2919399999752,0.7588857350460885
137.3086299999752,0.7168982129428967
137.3253199999752,0.6749106907527305
137.34200999997518,0.6044739879279515
137.3586999999752,0.46377194796009613
137.3753899999752,0.32306990788778095
137.39207999997518,0.16342203774084318
137.40876999997516,-0.042076294625558106
137.42545999997517,-0.24757462708968947
137.4421499999752,-0.44562580579515837
137.45883999997517,-0.6254967164188705
137.47552999997515,-0.8053676270158615
137.49221999997516,-0.9491169896766829
137.50890999997517,-1.006453623379013
137.52559999997516,-1.063790256952535
137.54228999997514,-1.0765296004632587
137.55897999997515,-0.9816517605665712
137.57566999997516,-0.8867739205096897
137.59235999997514,-0.7645927776875582
137.60904999997513,-0.5759511254400296
137.62573999997514,-0.38730947309347136
137.64242999997515,-0.2019644170050458
137.65911999997513,-0.024483046917722115
137.67580999997512,0.15299832314057768
137.69249999997513,0.3081158832215476
137.70918999997514,0.4094233782749386
137.72587999997512,0.5107308729594834
137.7425699999751,0.5883464547643531
137.75925999997511,0.6100929778804836
137.77594999997513,0.6318395012019742
137.7926399999751,0.6371262011897827
137.8093299999751,0.6043658883512633
137.8260199999751,0.571605575455987
137.8427099999751,0.5323909575796897
137.8593999999751,0.47812917666043425
137.87608999997508,0.42386739600749074
137.8927799999751,0.3680592884508899
137.9094699999751,0.30861513948859853
137.92615999997508,0.249170990463251
137.94284999997507,0.18920973920967485
137.95953999997508,0.12805659273655318
137.9762299999751,0.06690344626154732
137.99291999997507,0.008215532429525142
138.00960999997505,-0.044741452100241344
138.02629999997507,-0.0976984365956493
138.04298999997508,-0.1424954528155981
138.05967999997506,-0.16869607745853848
138.07636999997504,-0.19489670210252794
138.09305999997505,-0.2100019946137482
138.10974999997507,-0.19960556507075433
138.12643999997505,-0.18920913551853324
138.14312999997503,-0.17047875073902877
138.15981999997504,-0.13296853690244975
138.17650999997505,-0.09545832303782377
138.19319999997504,-0.06350944651494975
138.20988999997502,-0.044198981859294384
138.22657999997503,-0.024888517202295984
138.24326999997504,-0.022084842969281624
138.25995999997502,-0.056062257115927654
138.276649999975,-0.09003967133494521
138.29333999997502,-0.14041289467129986
138.31002999997503,-0.22762884112481122
138.326719999975,-0.31484478754687123
138.343409999975,-0.40124983240308254
138.360099999975,-0.4858680916846743
138.37678999997502,-0.5704863509634442
138.393479999975,-0.6267584773854065
138.41016999997498,-0.6200452771123146
138.426859999975,-0.6133320767448348
138.443549999975,-0.5681628910938934
138.460239999975,-0.4391962823057607
138.47692999997497,-0.31022967310352834
138.49361999997498,-0.16143997947294803
138.510309999975,0.029715968901806153
138.52699999997498,0.22087191736891573
138.54368999997496,0.4030786652438785
138.56037999997497,0.5659998011283365
138.57706999997498,0.7289209369841384
138.59375999997496,0.8582372327400705
138.61044999997495,0.9145300832101797
138.62713999997496,0.970822933570734
138.64382999997497,0.9868128587872778
138.66051999997495,0.916903866472807
138.67720999997493,0.8469948737409171
138.69389999997495,0.7549153129926718
138.71058999997496,0.6151899471383118
138.72727999997494,0.4754645809241983
138.74396999997492,0.3299687530693728
138.76065999997493,0.17230874855536923
138.77734999997494,0.014648743962475555
138.79403999997493,-0.13205767642131588
138.8107299999749,-0.25611192348529715
138.82741999997492,-0.3801661704579447
138.84410999997493,-0.4872422305129157
138.86079999997492,-0.5589182993223418
138.8774899999749,-0.6305943683673861
138.8941799999749,-0.6851926602459391
138.91086999997492,-0.7048563029450382
138.9275599999749,-0.72451994559154
138.9442499999749,-0.7289341795911793
138.9609399999749,-0.701898256919515
138.9776299999749,-0.6748623342005523
138.9943199999749,-0.6267611764322101
139.01100999997487,-0.5348583209539601
139.02769999997489,-0.44295546569835625
139.0443899999749,-0.33639140049245436
139.06107999997488,-0.19991739939233577
139.07776999997486,-0.06344339813154354
139.09445999997487,0.0715371610891804
139.11114999997488,0.20344604373042174
139.12783999997487,0.3353549264536389
139.14452999997485,0.4429696830579701
139.16121999997486,0.5015568719306427
139.17790999997487,0.5601440610179931
139.19459999997486,0.585057630083926
139.21128999997484,0.5432854047852613
139.22797999997485,0.5015131790974294
139.24466999997486,0.43865043148833244
139.26135999997484,0.33368236812299884
139.27804999997483,0.22871430478098773
139.29473999997484,0.13133038397286534
139.31142999997485,0.04921057682668998
139.32811999997483,-0.03290923029634121
139.3448099999748,-0.08945376161358798
139.36149999997482,-0.09548598309481693
139.37818999997484,-0.10151820449984394
139.39487999997482,-0.08465958293761938
139.4115699999748,-0.022224390183474243
139.4282599999748,0.04021080262810218
139.44494999997482,0.10475954346946778
139.4616399999748,0.1734381197650508
139.4783299999748,0.24211669606674788
139.4950199999748,0.29013517426426
139.5117099999748,0.2974584055055567
139.5283999999748,0.30478163668535857
139.54508999997478,0.2842654339951654
139.5617799999748,0.2099295876610493
139.5784699999748,0.13559374121677265
139.59515999997478,0.047297222221000294
139.61184999997477,-0.06749064266000365
139.62853999997478,-0.18227850758141342
139.6452299999748,-0.2928473192725332
139.66191999997477,-0.39534617951790435
139.67860999997475,-0.4978450397512605
139.69529999997476,-0.5797402881145913
139.71198999997478,-0.621910325931708
139.72867999997476,-0.6640803639772752
139.74536999997474,-0.6822138825891422
139.76205999997475,-0.6548571417894166
139.77874999997476,-0.6275004012095362
139.79543999997475,-0.5848416067702809
139.81212999997473,-0.5129916122761646
139.82881999997474,-0.4411416174491898
139.84550999997475,-0.36121681160260544
139.86219999997473,-0.2661708446850997
139.87888999997472,-0.1711248776581279
139.89557999997473,-0.06573484751223894
139.91226999997474,0.05867207426326608
139.92895999997472,0.1830789960675607
139.9456499999747,0.31199873126728106
139.96233999997472,0.44928067077925815
139.97902999997473,0.5865626103041428
139.9957199999747,0.7083058681883011
140.0124099999747,0.8010275673593835
140.0290999999747,0.8937492664864803
140.04578999997472,0.950831065344384
140.0624799999747,0.9425629628186754
140.07916999997468,0.9342948599052708
140.0958599999747,0.8843957469971689
140.1125499999747,0.7575574122149606
140.1292399999747,0.6307190773163591
140.14592999997467,0.47805181679034564
140.16261999997468,0.2785179042269507
140.1793099999747,0.07898399170757181
140.19599999997467,-0.11515150572986704
140.21268999997466,-0.2996688268361834
140.22937999997467,-0.48418614784193453
140.24606999997468,-0.6331340172798712
140.26275999997466,-0.7182117818913855
140.27944999997464,-0.8032895464058447
140.29613999997466,-0.844470711625843
140.31282999997467,-0.808251415715235
140.32951999997465,-0.7720321196871789
140.34620999997463,-0.7069365362432979
140.36289999997464,-0.5905266844453418
140.37958999997466,-0.47411683256955006
140.39627999997464,-0.3576931088386927
140.41296999997462,-0.24124454200263082
140.42965999997463,-0.12479597502199988
140.44634999997464,-0.025330108907037737
140.46303999997463,0.044268659930575535
140.4797299999746,0.11386742870561915
140.49641999997462,0.15962742540406522
140.51310999997463,0.16313498015721672
140.5297999999746,0.16664253484611466
140.5464899999746,0.15991286166800625
140.5631799999746,0.13536469645059754
140.57986999997462,0.11081653123497019
140.5965599999746,0.09334242766926876
140.61324999997458,0.08827711553551497
140.6299399999746,0.08321180339178583
140.6466299999746,0.08775677393553089
140.6633199999746,0.10885714177636885
140.68000999997457,0.12995750967124928
140.69669999997458,0.1487584467708277
140.7133899999746,0.16356742117453799
140.73007999997458,0.17837639554330423
140.74676999997456,0.19383814939014943
140.76345999997457,0.2104129080868647
140.78014999997458,0.2269876667853046
140.79683999997457,0.2452079522439716
140.81352999997455,0.2662556494325829
140.83021999997456,0.28730334659663687
140.84690999997457,0.31005321240403944
140.86359999997455,0.3356756596228404
140.88028999997454,0.36129810655730965
140.89697999997455,0.38002320244625837
140.91366999997456,0.3873149502625078
140.93035999997454,0.3946066980612871
140.94704999997452,0.3848538549169549
140.96373999997454,0.3466297270749421
140.98042999997455,0.30840559947815355
140.99711999997453,0.23998480096929958
141.0138099999745,0.12201661706663836
141.03049999997452,0.004048433059108503
141.04718999997453,-0.12856968853999054
141.06387999997452,-0.2854102826849596
141.0805699999745,-0.4422508768671547
141.0972599999745,-0.5854289476891519
141.11394999997452,-0.705843421237604
141.1306399999745,-0.8262578947508741
141.1473299999745,-0.908064976973705
141.1640199999745,-0.9266852388487081
141.1807099999745,-0.9453055009157191
141.1973999999745,-0.9151248666827262
141.21408999997448,-0.8044614846638596
141.2307799999745,-0.6937981025218659
141.2474699999745,-0.5455256999645316
141.26415999997448,-0.33632314109045136
141.28084999997446,-0.12712058244047578
141.29753999997448,0.07846486833674336
141.3142299999745,0.27829327611721877
141.33091999997447,0.4781216839754903
141.34760999997445,0.6394265341487037
141.36429999997446,0.738949453668855
141.38098999997447,0.8384723733829195
141.39767999997446,0.8942165790238292
141.41436999997444,0.8792149314058023
141.43105999997445,0.8642132839681355
141.44774999997446,0.818877010561179
141.46443999997445,0.7253815787166387
141.48112999997443,0.6318861467985296
141.49781999997444,0.5314275788243463
141.51450999997445,0.4198301614956095
141.53119999997443,0.30823274415001
141.54788999997442,0.20143607866053997
141.56457999997443,0.1021845084394842
141.58126999997444,0.002932938221163206
141.59795999997442,-0.08788791497052417
141.6146499999744,-0.16535795766392997
141.63133999997441,-0.24282800036600447
141.64802999997443,-0.3117478924611522
141.6647199999744,-0.3673646406067123
141.6814099999744,-0.4229813887317891
141.6980999999744,-0.46308297025570877
141.7147899999744,-0.4788615449580901
141.7314799999744,-0.49464011933443186
141.74816999997438,-0.4884903489820937
141.7648599999744,-0.448563583739351
141.7815499999744,-0.4086368187334495
141.79823999997438,-0.3539546205265795
141.81492999997437,-0.27637217065933994
141.83161999997438,-0.19878972061236658
141.8483099999744,-0.12570896863745376
141.86499999997437,-0.05949313597896856
141.88168999997436,0.006722696654663038
141.89837999997437,0.05424522072644967
141.91506999997438,0.0730459588890173
141.93175999997436,0.09184669700740332
141.94844999997434,0.0875773624225832
141.96513999997435,0.048477421517353445
141.98182999997437,0.00937748056729003
141.99851999997435,-0.0385663493780368
142.01520999997433,-0.09963124687511356
142.03189999997434,-0.16069614439236704
142.04858999997435,-0.20528229832490782
142.06527999997434,-0.22523654830509268
142.08196999997432,-0.24519079824744214
142.09865999997433,-0.22881183425067939
142.11534999997434,-0.15771483145618256
142.13203999997432,-0.08661782857754385
142.1487299999743,0.013142535429398873
142.16541999997432,0.15532297057126132
142.18210999997433,0.29750340589990876
142.1987999999743,0.4290979252682884
142.2154899999743,0.5449083701388504
142.2321799999743,0.6607188152737801
142.24886999997432,0.7354747581299643
142.2655599999743,0.7500740301226967
142.28224999997428,0.7646733020227964
142.2989399999743,0.7362455362878255
142.3156299999743,0.6442986275457037
142.3323199999743,0.5523517184172885
142.34900999997427,0.43193695801346604
142.36569999997428,0.27022082066379466
142.3823899999743,0.1085046833656632
142.39907999997428,-0.047656767979663714
142.41576999997426,-0.19589794760401813
142.43245999997427,-0.3441391271589379
142.44914999997428,-0.4682272382953832
142.46583999997426,-0.557619553928164
142.48252999997425,-0.6470118697959877
142.49921999997426,-0.713418564254501
142.51590999997427,-0.7465601440773695
142.53259999997425,-0.7797017241374685
142.54928999997423,-0.7898877470859945
142.56597999997425,-0.7674229050670579
142.58266999997426,-0.7449580632863948
142.59935999997424,-0.6975282608771624
142.61604999997422,-0.6143250526338936
142.63273999997423,-0.5311218443352905
142.64942999997425,-0.43165510255611605
142.66611999997423,-0.30928329713529273
142.6828099999742,-0.18691149176552188
142.69949999997422,-0.05573167782032825
142.71618999997423,0.08764093664188963
142.73287999997422,0.23101355112293986
142.7495699999742,0.3654384975701497
142.7662599999742,0.48738549087088406
142.78294999997422,0.6093324838634506
142.7996399999742,0.6977253990009925
142.8163299999742,0.7401244427233279
142.8330199999742,0.7825234863745455
142.8497099999742,0.778925617563628
142.8663999999742,0.7118113278635718
142.88308999997417,0.6446970377767454
142.89977999997419,0.5443418775878119
142.9164699999742,0.397744761907047
142.93315999997418,0.25114764589498084
142.94984999997416,0.10449336002958949
142.96653999997417,-0.042239098581809055
142.98322999997418,-0.18897155719357842
142.99991999997417,-0.29718315573545234
143.01660999997415,-0.35233254352181403
143.03329999997416,-0.40748193093737184
143.04998999997417,-0.42066969518844016
143.06667999997416,-0.37704059204605656
143.08336999997414,-0.33341148881579746
143.10005999997415,-0.2745176188573258
143.11674999997416,-0.19480226104015433
143.13343999997414,-0.11508690316212161
143.15012999997413,-0.05203667146537577
143.16681999997414,-0.01133126547851899
143.18350999997415,0.02937414045639103
143.20019999997413,0.037952023519584245
143.21688999997411,0.0031351253104687916
143.23357999997413,-0.03168177296023889
143.25026999997414,-0.08331924047820627
143.26695999997412,-0.1572902951740383
143.2836499999741,-0.23126134993347233
143.3003399999741,-0.2968629494101581
143.31702999997412,-0.3512701093158264
143.3337199999741,-0.4056772692039428
143.3504099999741,-0.4411754755506037
143.3670999999741,-0.45181142348376563
143.3837899999741,-0.46244737137829667
143.4004799999741,-0.4489004835945397
143.41716999997408,-0.4040952866943738
143.4338599999741,-0.35929008974563864
143.4505499999741,-0.2965171513330097
143.46723999997408,-0.21034897383265586
143.48392999997407,-0.1241807963247276
143.50061999997408,-0.03269027551093874
143.5173099999741,0.06561313568121512
143.53399999997407,0.16391654685508325
143.55068999997405,0.25861273174919885
143.56737999997407,0.3486576235341881
143.58406999997408,0.4387025153409657
143.60075999997406,0.5200023258733792
143.61744999997404,0.5899431672226692
143.63413999997405,0.6598840085542986
143.65082999997406,0.7103920840701913
143.66751999997405,0.7360856041300529
143.68420999997403,0.7617791244399562
143.70089999997404,0.7544208432265985
143.71758999997405,0.7045479845140062
143.73427999997404,0.6546751257353984
143.75096999997402,0.56574796984658
143.76765999997403,0.4274332895345556
143.78434999997404,0.28911860914542575
143.80103999997402,0.1259606370709399
143.817729999974,-0.06808449210955766
143.83441999997402,-0.2621296213387909
143.85110999997403,-0.4461778109138621
143.867799999974,-0.6177062167477482
143.884489999974,-0.7892346222731893
143.901179999974,-0.9097327992546309
143.91786999997402,-0.9658554433978721
143.934559999974,-1.0219780874406144
143.95124999997398,-1.0175773838653221
143.967939999974,-0.9381114806243858
143.984629999974,-0.8586455769778188
144.001319999974,-0.7421164179687123
144.01800999997397,-0.5792831645949
144.03469999997398,-0.41644991085971717
144.051389999974,-0.25535750106580984
144.06807999997397,-0.09640337776278042
144.08476999997396,0.06255074553718787
144.10145999997397,0.19121214554136026
144.11814999997398,0.28239340635218185
144.13483999997396,0.37357466713340576
144.15152999997395,0.4281901618736283
144.16821999997396,0.43832459188765976
144.18490999997397,0.4484590215435471
144.20159999997395,0.43823326722133904
144.21828999997393,0.40305949983286143
144.23497999997394,0.3678857326940919
144.25166999997396,0.3290049408405703
144.26835999997394,0.2856580905644877
144.28504999997392,0.2423112401948388
144.30173999997393,0.20872392859210795
144.31842999997394,0.18698008923988385
144.33511999997393,0.16523624987728763
144.3518099999739,0.15105194745773146
144.36849999997392,0.1458874342882246
144.38518999997393,0.1407229211039428
144.40187999997391,0.13237044957576502
144.4185699999739,0.12018653997805419
144.4352599999739,0.10800263037435376
144.45194999997392,0.09126476080603843
144.4686399999739,0.06914547971558004
144.48532999997389,0.04702619861674666
144.5020199999739,0.0293534484445435
144.5187099999739,0.01684719864725046
144.5353999999739,0.004340948855168733
144.55208999997387,-0.001474818784942958
144.56877999997388,0.000539626812010305
144.5854699999739,0.002554072421221141
144.60215999997388,-0.0013369492384599129
144.61884999997386,-0.012189637979470576
144.63553999997387,-0.02304232673227908
144.65222999997388,-0.05430489669222841
144.66891999997387,-0.10922497469972901
144.68560999997385,-0.16414505274434676
144.70229999997386,-0.23824102342054518
144.71898999997387,-0.3347254716792848
144.73567999997385,-0.43120991959750543
144.75236999997384,-0.5211097135728492
144.76905999997385,-0.6034502907549071
144.78574999997386,-0.6857908676363027
144.80243999997384,-0.7240628013144298
144.81912999997382,-0.7125888808149531
144.83581999997384,-0.7011149605261869
144.85250999997385,-0.6362202097149127
144.86919999997383,-0.5105857694401231
144.8858899999738,-0.3849513290699596
144.90257999997382,-0.22936525170330993
144.91926999997384,-0.04029263572816976
144.93595999997382,0.1487799802994903
144.9526499999738,0.32927088321597053
144.9693399999738,0.5000977935322864
144.98602999997382,0.670924703544472
145.0027199999738,0.7955724580297948
145.0194099999738,0.8678405302426256
145.0360999999738,0.9401086023732158
145.0527899999738,0.9529909766135072
145.0694799999738,0.8996383508941113
145.08616999997378,0.8462857250708332
145.1028599999738,0.7517955909991458
145.1195499999738,0.6110911819157433
145.13623999997378,0.4703867730484465
145.15292999997376,0.3217009049303468
145.16961999997378,0.16419819160290688
145.1863099999738,0.006695478362373598
145.20299999997377,-0.12919694954464672
145.21968999997375,-0.2416152048182659
145.23637999997376,-0.35403345993990487
145.25306999997377,-0.43825305303051854
145.26975999997376,-0.4916204078074677
145.28644999997374,-0.5449877625358328
145.30313999997375,-0.5781349782583707
145.31982999997376,-0.5889992943627198
145.33651999997375,-0.5998636104319699
145.35320999997373,-0.5934413807317066
145.36989999997374,-0.5682866648950402
145.38658999997375,-0.5431319487402321
145.40327999997373,-0.49890640253510055
145.41996999997372,-0.43386545118245384
145.43665999997373,-0.36882450008549883
145.45334999997374,-0.286554060839271
145.47003999997372,-0.18579135135882985
145.4867299999737,-0.08502864182025294
145.50341999997372,0.0178667665375169
145.52010999997373,0.1230677233972178
145.5367999999737,0.2282686802457588
145.5534899999737,0.3020970024824941
145.5701799999737,0.3425749341156288
145.58686999997371,0.3830528656961042
145.6035599999737,0.38728169409284735
145.62024999997368,0.3536177705510252
145.6369399999737,0.3199538472381234
145.6536299999737,0.26780808862640504
145.67031999997369,0.19620298075414375
145.68700999997367,0.12459787287997476
145.70369999997368,0.06459030846125217
145.7203899999737,0.01688186740682694
145.73707999997367,-0.03082657363397712
145.75376999997366,-0.0457573780457801
145.77045999997367,-0.026506362861771736
145.78714999997368,-0.007255347609337666
145.80383999997366,0.04259389322570697
145.82052999997364,0.12458254811993631
145.83721999997366,0.20657120309376775
145.85390999997367,0.28599800641447226
145.87059999997365,0.36277870708987103
145.88728999997363,0.43955940784756176
145.90397999997364,0.4804087331104615
145.92066999997365,0.4847625430106222
145.93735999997364,0.4891163528531634
145.95404999997362,0.44544978463216567
145.97073999997363,0.35265691382792147
145.98742999997364,0.259864043292284
146.00411999997362,0.1385306934955927
146.0208099999736,-0.01221115515336024
146.03749999997362,-0.16295300384930103
146.05418999997363,-0.3005599998879333
146.0708799999736,-0.4248578567478955
146.0875699999736,-0.5491557138752796
146.1042599999736,-0.6375773047754605
146.12094999997362,-0.6893842558480489
146.1376399999736,-0.741191206862536
146.15432999997358,-0.7498565399622515
146.1710199999736,-0.7152248830854749
146.1877099999736,-0.6805932258515358
146.2043999999736,-0.6243150391917481
146.22108999997357,-0.5466737892559081
146.23777999997358,-0.46903253928600724
146.2544699999736,-0.38107068601521704
146.27115999997358,-0.2828498816609715
146.28784999997356,-0.184629077203729
146.30453999997357,-0.07611122201080567
146.32122999997358,0.04247187835128317
146.33791999997356,0.16105497872931251
146.35460999997355,0.284292586018278
146.37129999997356,0.4121127519612881
146.38798999997357,0.5399329177958794
146.40467999997355,0.6450857297161494
146.42136999997354,0.7277605333844059
146.43805999997355,0.8104353367283592
146.45474999997356,0.850935160244379
146.47143999997354,0.8503081390645261
146.48812999997352,0.849681117530874
146.50481999997353,0.7958687524476883
146.52150999997355,0.6898185259271918
146.53819999997353,0.5837682990352105
146.5548899999735,0.4438079502024117
146.57157999997352,0.2710957752311988
146.58826999997353,0.09838360023657736
146.60495999997352,-0.06900161334076815
146.6216499999735,-0.23120468835294092
146.6383399999735,-0.3934077634146224
146.65502999997352,-0.512005038991575
146.6717199999735,-0.5888879734987289
146.6884099999735,-0.6657709082282125
146.7050999999735,-0.6880896872429973
146.7217899999735,-0.6578342965511973
146.7384799999735,-0.6275789060646733
146.75516999997348,-0.559218257442682
146.7718599999735,-0.4547532096215703
146.7885499999735,-0.3502881620315832
146.80523999997348,-0.2500246411291424
146.82192999997346,-0.1537707738922804
146.83861999997347,-0.05751690663259455
146.85530999997349,0.00556411625623806
146.87199999997347,0.03751429311140782
146.88868999997345,0.06946446992294392
146.90537999997346,0.06748719717091417
146.92206999997347,0.03420129845614297
146.93875999997346,0.0009153996772546443
146.95544999997344,-0.038162711134849765
146.97213999997345,-0.0826245659375117
146.98882999997346,-0.12708642071980344
147.00551999997344,-0.14747347306991976
147.02220999997343,-0.14585637664585166
147.03889999997344,-0.14423928018678264
147.05558999997345,-0.11814404802375848
147.07227999997343,-0.06951428338299652
147.08896999997341,-0.020884518700536665
147.10565999997343,0.03321938039385203
147.12234999997344,0.09239918014522151
147.13903999997342,0.1515789798758064
147.1557299999734,0.20538262409704658
147.1724199999734,0.25428429824283194
147.18910999997343,0.30318597229412075
147.2057999999734,0.34622121118423743
147.2224899999734,0.3838687693550571
147.2391799999734,0.4215163278059554
147.2558699999734,0.44806834146477875
147.2725599999734,0.46460020570704574
147.28924999997338,0.48113206964469213
147.3059399999734,0.48397142048773906
147.3226299999734,0.47465169559366405
147.33931999997338,0.4653319709688744
147.35600999997337,0.43093764480292124
147.37269999997338,0.3741156390471703
147.3893899999734,0.31729363296686997
147.40607999997337,0.22768608354926764
147.42276999997335,0.10854167164107878
147.43945999997337,-0.01060274030598591
147.45614999997338,-0.1465755108541633
147.47283999997336,-0.2974561155746697
147.48952999997334,-0.44833672046303996
147.50621999997335,-0.5838189069162529
147.52290999997336,-0.7055612349495298
147.53959999997335,-0.8273035632491111
147.55628999997333,-0.8987209499169625
147.57297999997334,-0.9259837195543934
147.58966999997335,-0.9532464891212943
147.60635999997334,-0.9104291174274604
147.62304999997332,-0.8056786188834881
147.63973999997333,-0.7009281199515651
147.65642999997334,-0.545309234346832
147.67311999997332,-0.3454866884755232
147.6898099999733,-0.14566414273533232
147.70649999997332,0.0500389282754685
147.72318999997333,0.24213630169026995
147.7398799999733,0.43423367506978483
147.7565699999733,0.5727537950170215
147.7732599999733,0.66516283406448
147.78994999997332,0.7575718727493027
147.8066399999733,0.7889633831313685
147.82332999997328,0.7674593851824134
147.8400199999733,0.7459553868601735
147.8567099999733,0.6879811869506689
147.8733999999733,0.5989202885283151
147.89008999997327,0.5098593900561009
147.90677999997328,0.41943006822687434
147.9234699999733,0.3278258532417354
147.94015999997328,0.2362216379660495
147.95684999997326,0.15788472031502945
147.97353999997327,0.09074804068097134
147.99022999997328,0.02361136107917998
148.00691999997326,-0.030346231347306303
148.02360999997325,-0.07336460330729164
148.04029999997326,-0.11638297522088083
148.05698999997327,-0.14933439607992383
148.07367999997325,-0.17386900404239578
148.09036999997323,-0.19840361202020507
148.10705999997325,-0.21351168401039272
148.12374999997326,-0.22068107276688856
148.14043999997324,-0.22785046151065078
148.15712999997322,-0.22905385489450428
148.17381999997323,-0.22531716880531413
148.19050999997324,-0.22158048270819306
148.20719999997323,-0.20835101045643095
148.2238899999732,-0.18720392858625592
148.24057999997322,-0.16605684670330778
148.25726999997323,-0.14665107365825653
148.27395999997321,-0.12867328776438314
148.2906499999732,-0.11069550190169769
148.3073399999732,-0.10671692117027398
148.32402999997322,-0.1143022354233874
148.3407199999732,-0.1218875496950449
148.35740999997319,-0.14333752471859526
148.3740999999732,-0.17604783235104685
148.3907899999732,-0.20875814000158083
148.4074799999732,-0.24746027537653123
148.42416999997317,-0.29094683340415967
148.44085999997318,-0.3344333917571521
148.4575499999732,-0.3539772656737883
148.47423999997318,-0.35426345585991614
148.49092999997316,-0.35454964630378566
148.50761999997317,-0.30356740286416595
148.52430999997318,-0.21104771851377704
148.54099999997317,-0.11852803418321424
148.55768999997315,0.009248414703697338
148.57437999997316,0.16510883127467624
148.59106999997317,0.32096924785305747
148.60775999997315,0.46178581546098374
148.62444999997314,0.5905315621184472
148.64113999997315,0.7192773087564855
148.65782999997316,0.7921991409686753
148.67451999997314,0.8210841016479118
148.69120999997313,0.8499690619676907
148.70789999997314,0.815565605639812
148.72458999997315,0.7320799615414006
148.74127999997313,0.6485943173640035
148.7579699999731,0.5225010375469176
148.77465999997312,0.36312196301528243
148.79134999997314,0.20374288860295353
148.80803999997312,0.04611708604985351
148.8247299999731,-0.11016218873606459
148.8414199999731,-0.26644146349094683
148.85810999997312,-0.39310447042862506
148.8747999999731,-0.4968549978103943
148.8914899999731,-0.6006055254437421
148.9081799999731,-0.663609490684756
148.9248699999731,-0.6948589385042421
148.9415599999731,-0.7261083862725196
148.95824999997308,-0.7217132109071379
148.9749399999731,-0.6900093502519248
148.9916299999731,-0.6583054892639518
149.00831999997308,-0.5998357380084601
149.02500999997307,-0.5207090838829181
149.04169999997308,-0.44158242972379386
149.0583899999731,-0.3466634051057826
149.07507999997307,-0.239762814148881
149.09176999997305,-0.13286222305700865
149.10845999997306,-0.022054349854367848
149.12514999997308,0.09173974428168509
149.14183999997306,0.20553383842217132
149.15852999997304,0.3088688494671718
149.17521999997305,0.4043458298388583
149.19190999997306,0.4998228099090168
149.20859999997305,0.5655138411286449
149.22528999997303,0.6086616122407522
149.24197999997304,0.6518093830278738
149.25866999997305,0.6416064509999198
149.27535999997303,0.5917110416804714
149.29204999997302,0.5418156320081936
149.30873999997303,0.45184102188617203
149.32542999997304,0.33182801702536036
149.34211999997302,0.21181501194280483
149.358809999973,0.10050675202404095
149.37549999997302,-0.004388438587040786
149.39218999997303,-0.10928362917602234
149.408879999973,-0.1704266564406686
149.425569999973,-0.19988552382005265
149.442259999973,-0.22934439114817892
149.45894999997302,-0.2141142653683173
149.475639999973,-0.16628201374120957
149.49232999997298,-0.11844976209028116
149.509019999973,-0.05395463819359244
149.525709999973,0.022489068025440095
149.542399999973,0.09893277427534937
149.55908999997297,0.14670428214255954
149.57577999997298,0.1737631594017566
149.592469999973,0.20082203662745618
149.60915999997297,0.18487779490207226
149.62584999997296,0.13763832237989646
149.64253999997297,0.09039884983574453
149.65922999997298,0.014677453687787041
149.67591999997296,-0.08141744603896009
149.69260999997294,-0.17751234579565128
149.70929999997296,-0.26638274951672225
149.72598999997297,-0.3500470472041117
149.74267999997295,-0.4337113448827762
149.75936999997293,-0.48633781212278343
149.77605999997294,-0.5169804728567063
149.79274999997295,-0.5476231338436559
149.80943999997294,-0.5315250648722538
149.82612999997292,-0.48288898812855274
149.84281999997293,-0.43425291133193633
149.85950999997294,-0.35229096551371514
149.87619999997293,-0.2469567490613046
149.8928899999729,-0.1416225324842242
149.90957999997292,-0.03163609358722235
149.92626999997293,0.08163734495374429
149.9429599999729,0.19491078349965954
149.9596499999729,0.2931048871066108
149.9763399999729,0.3808276557914896
149.99302999997292,0.46855042445920747
150.0097199999729,0.5445462654610328
150.02640999997288,0.612338034445747
150.0430999999729,0.680129803128596
150.0597899999729,0.7276487445826916
150.0764799999729,0.761228835840404
150.09316999997287,0.7948089270755525
150.10985999997288,0.7852494265458559
150.1265499999729,0.7458072265718504
150.14323999997288,0.7063650265492981
150.15992999997286,0.6170733859925094
150.17661999997287,0.49384597282352616
150.19330999997288,0.37061855959914375
150.20999999997287,0.21349619725148258
150.22668999997285,0.033126692817539355
150.24337999997286,-0.1472428116253438
150.26006999997287,-0.31330864012923465
150.27675999997285,-0.4697334749266211
150.29344999997284,-0.6261583099967285
150.31013999997285,-0.7234462910268651
150.32682999997286,-0.7805759457917816
150.34351999997284,-0.837705600202626
150.36020999997282,-0.8193775013227883
150.37689999997284,-0.7506939778258486
150.39358999997285,-0.6820104539581475
150.41027999997283,-0.5711255808942048
150.4269699999728,-0.4318668537145202
150.44365999997282,-0.29260812677683523
150.46034999997283,-0.1571364069191384
150.47703999997282,-0.024166749270189743
150.4937299999728,0.1088029083860058
150.5104199999728,0.20667974744399772
150.52710999997282,0.28177399553461746
150.5437999999728,0.35686824350125296
150.5604899999728,0.3855975781654085
150.5771799999728,0.38399902050455725
150.5938699999728,0.382400462794281
150.6105599999728,0.3508349324945032
150.62724999997278,0.29951979686910507
150.6439399999728,0.24820466126907967
150.6606299999728,0.2060304247316086
150.67731999997278,0.16977566492137422
150.69400999997276,0.13352090512072506
150.71069999997277,0.12372209931739453
150.7273899999728,0.13118514883820528
150.74407999997277,0.13864819838717696
150.76076999997275,0.15980868616665206
150.77745999997276,0.18975061916036992
150.79414999997277,0.21969255216837769
150.81083999997276,0.24234454721021545
150.82752999997274,0.2604047355368404
150.84421999997275,0.2784649238848332
150.86090999997276,0.28001453791658115
150.87759999997274,0.2710853544822203
150.89428999997273,0.2621561710018979
150.91097999997274,0.24404662995222426
150.92766999997275,0.2202127607857458
150.94435999997273,0.1963788916387855
150.96104999997272,0.17021210889809285
150.97773999997273,0.14257957358341672
150.99442999997274,0.11494703826629735
151.01111999997272,0.07641447805052395
151.0278099999727,0.030981412747250196
151.04449999997271,-0.01445165254998453
151.06118999997273,-0.08296287078324276
151.0778799999727,-0.16582784804485246
151.0945699999727,-0.24869282530091996
151.1112599999727,-0.3468589431326635
151.1279499999727,-0.45461437216159206
151.1446399999727,-0.5623698012060138
151.16132999997268,-0.6497721168643885
151.1780199999727,-0.724643377445985
151.1947099999727,-0.7995146380072018
151.21139999997268,-0.8190196419150044
151.22808999997267,-0.8050387078297819
151.24477999997268,-0.7910577734010458
151.2614699999727,-0.7099513150884704
151.27815999997267,-0.5879351828512843
151.29484999997266,-0.46591905083560775
151.31153999997267,-0.3012993190236428
151.32822999997268,-0.11051586768012571
151.34491999997266,0.08026758376333655
151.36160999997264,0.26242510472499964
151.37829999997265,0.4393788943926308
151.39498999997267,0.6163326839648271
151.41167999997265,0.7364492090587517
151.42836999997263,0.8220143718720871
151.44505999997264,0.9075795343403001
151.46174999997265,0.9102594546567757
151.47843999997264,0.8634461772822506
151.49512999997262,0.8166328998265657
151.51181999997263,0.7139152148153045
151.52850999997264,0.577558312935277
151.54519999997262,0.4412014112887505
151.5618899999726,0.2979177264788589
151.57857999997262,0.15054004224115888
151.59526999997263,0.0031623580171957055
151.6119599999726,-0.11219977608583237
151.6286499999726,-0.20897712567853852
151.6453399999726,-0.30575447524073557
151.66202999997262,-0.3670064764151433
151.6787199999726,-0.407476316948385
151.69540999997258,-0.447946157736212
151.7120999999726,-0.46612726817038386
151.7287899999726,-0.4711686413617243
151.7454799999726,-0.47621001453149425
151.76216999997257,-0.4687154830654229
151.77885999997258,-0.4539626984827056
151.7955499999726,-0.43920991359936923
151.81223999997258,-0.4068846033471145
151.82892999997256,-0.3643058742296814
151.84561999997257,-0.32172714538392
151.86230999997258,-0.2642256505473914
151.87899999997256,-0.1981727499309128
151.89568999997255,-0.1321198493293607
151.91237999997256,-0.06545153224188537
151.92906999997257,0.0015631006546848528
151.94575999997255,0.06857773354582318
151.96244999997253,0.10903861408950567
151.97913999997255,0.13443990162004002
151.99582999997256,0.1598411891258011
152.01251999997254,0.15396233619138547
152.02920999997252,0.1302049094388915
152.04589999997253,0.106447482656906
152.06258999997254,0.07199886845630116
152.07927999997253,0.0315495877276276
152.0959699999725,-0.008899692990779412
152.11265999997252,-0.03297953873911379
152.12934999997253,-0.04779975092977184
152.14603999997252,-0.06261996307626475
152.1627299999725,-0.043777048511858124
152.1794199999725,-0.006235882549615087
152.19610999997252,0.03130528345493334
152.2127999999725,0.10546054905560445
152.2294899999725,0.19958405991372094
152.2461799999725,0.2937075707182799
152.2628699999725,0.3830544748354262
152.2795599999725,0.4697757977578927
152.29624999997247,0.5564971203875169
152.31293999997249,0.590800165859071
152.3296299999725,0.5968147492833239
152.34631999997248,0.6028293329496115
152.36300999997246,0.5419942493866802
152.37969999997247,0.4447969039319883
152.39638999997248,0.34759955870579484
152.41307999997247,0.20840744136355369
152.42976999997245,0.04619221597463184
152.44645999997246,-0.11602300948114765
152.46314999997247,-0.2735121491673605
152.47983999997246,-0.42845747877366813
152.49652999997244,-0.5834028082600478
152.51321999997245,-0.6818928522845022
152.52990999997246,-0.7497551210463846
152.54659999997244,-0.8176173900462779
152.56328999997243,-0.8240013337303541
152.57997999997244,-0.7976419999362708
152.59666999997245,-0.7712826660880561
152.61335999997243,-0.7058902725957902
152.6300499999724,-0.6195436673293275
152.64673999997243,-0.5331970617392917
152.66342999997244,-0.4235148226241894
152.68011999997242,-0.30153493931176917
152.6968099999724,-0.17955505592150986
152.7134999999724,-0.05075466859015163
152.73018999997242,0.08166872040977172
152.7468799999724,0.21409210941523482
152.7635699999724,0.3335176535928697
152.7802599999724,0.44616583480107036
152.7969499999724,0.5588140157093981
152.8136399999724,0.6383021625861937
152.83032999997238,0.7003615891773137
152.8470199999724,0.7624210157398262
152.8637099999724,0.779145840706282
152.88039999997238,0.7724827875286405
152.89708999997237,0.7658197340236487
152.91377999997238,0.7071670790440288
152.9304699999724,0.6221911681385466
152.94715999997237,0.5372152574781593
152.96384999997235,0.419034345517859
152.98053999997236,0.28390536033370095
152.99722999997238,0.14877637509282451
153.01391999997236,0.018530966217276987
153.03060999997234,-0.10926826277219862
153.04729999997235,-0.23706749173452782
153.06398999997236,-0.32522317868117784
153.08067999997235,-0.3933604854223414
153.09736999997233,-0.46149779184170375
153.11405999997234,-0.4669594227149963
153.13074999997235,-0.4405165272663505
153.14743999997233,-0.41407363176484074
153.16412999997232,-0.3456760806400142
153.18081999997233,-0.25632004870892305
153.19750999997234,-0.1669640168872502
153.21419999997232,-0.08829361594838243
153.2308899999723,-0.015004537309095855
153.24757999997232,0.05828454133858499
153.26426999997233,0.08351557087545362
153.2809599999723,0.08499723300747043
153.2976499999723,0.08647889512895962
153.3143399999723,0.04685944788178444
153.33102999997232,-0.012688918266489877
153.3477199999723,-0.0722372844361711
153.36440999997228,-0.13763423016479978
153.3810999999723,-0.2058902495511877
153.3977899999723,-0.27414626897130556
153.4144799999723,-0.30157485258032835
153.43116999997227,-0.30888186444893817
153.44785999997228,-0.31618887599549783
153.4645499999723,-0.280931892607356
153.48123999997227,-0.22509285265203022
153.49792999997226,-0.16925381263356942
153.51461999997227,-0.09031127086576345
153.53130999997228,-0.00010525711598700904
153.54799999997226,0.0901007566585302
153.56468999997225,0.1788890520337925
153.58137999997226,0.26699925351827597
153.59806999997227,0.3551094551169477
153.61475999997225,0.42659662078398863
153.63144999997223,0.490067527017166
153.64813999997224,0.553538433237128
153.66482999997226,0.5884062867439414
153.68151999997224,0.609742598649997
153.69820999997222,0.631078910822265
153.71489999997223,0.621268994928531
153.73158999997224,0.59660260394794
153.74827999997223,0.5719362129426315
153.7649699999722,0.5184275503754131
153.78165999997222,0.4514236471384433
153.79834999997223,0.3844197438791118
153.8150399999722,0.28320194693655654
153.8317299999722,0.16584267420538684
153.8484199999722,0.04848340144733424
153.86510999997222,-0.08693994337396538
153.8817999999722,-0.23072247325340942
153.89848999997218,-0.3745050030312947
153.9151799999722,-0.5001960329239671
153.9318699999722,-0.617445422533286
153.9485599999722,-0.7346948118398796
153.96524999997217,-0.7950456646670676
153.98193999997218,-0.8293573613663342
153.9986299999722,-0.8636690583109143
154.01531999997218,-0.8143681931692336
154.03200999997216,-0.7275432870601228
154.04869999997217,-0.6407183808881578
154.06538999997218,-0.49414336084663163
154.08207999997217,-0.3205273838650257
154.09876999997215,-0.14691140669430083
154.11545999997216,0.024059341997828845
154.13214999997217,0.19385621336015596
154.14883999997215,0.36365308468530577
154.16552999997214,0.476776724928562
154.18221999997215,0.5645374965461539
154.19890999997216,0.6522982678327527
154.21559999997214,0.6693230493729986
154.23228999997212,0.6544243703831157
154.24897999997214,0.6395256916285728
154.26566999997215,0.5813538439944765
154.28235999997213,0.5040325904294919
154.2990499999721,0.42671133712108394
154.31573999997212,0.3469637591012583
154.33242999997213,0.26613337631498996
154.34911999997212,0.1853029934694548
154.3658099999721,0.12285935441937351
154.3824999999721,0.06846090571353312
154.39918999997212,0.014062457012579103
154.4158799999721,-0.012214514379464388
154.4325699999721,-0.026429105381594712
154.4492599999721,-0.04064369636071161
154.4659499999721,-0.040104779940035265
154.4826399999721,-0.033183230179750105
154.49932999997208,-0.026261680434770517
154.5160199999721,-0.02574126659128851
154.5327099999721,-0.02801377524341787
154.54939999997208,-0.030286283911764394
154.56608999997206,-0.03965752080913163
154.58277999997208,-0.05206499739935596
154.5994699999721,-0.06447247396581737
154.61615999997207,-0.07710260692588682
154.63284999997205,-0.08982879149169934
154.64953999997206,-0.10255497605767264
154.66622999997207,-0.11682681022929141
154.68291999997206,-0.1317522183198
154.69960999997204,-0.14667762641137727
154.71629999997205,-0.1708133548170224
154.73298999997206,-0.19876590243667605
154.74967999997205,-0.22671845006267144
154.76636999997203,-0.2676991623416623
154.78305999997204,-0.3141258025079632
154.79974999997205,-0.3605524427412019
154.81643999997203,-0.40475869043283885
154.83312999997202,-0.44805540225321044
154.84981999997203,-0.4913521140722052
154.86650999997204,-0.49313161245590253
154.88319999997202,-0.47775581806719386
154.899889999972,-0.46238002393843086
154.91657999997202,-0.3787140748589086
154.93326999997203,-0.26658423255557745
154.949959999972,-0.15445439020488363
154.966649999972,-0.0037911182117502753
154.983339999972,0.1626107024358766
155.000029999972,0.32901252297711653
155.016719999972,0.47551142215872505
155.03340999997198,0.6138100484452796
155.050099999972,0.752108674429884
155.066789999972,0.8178890678353834
155.08347999997198,0.8543938080378256
155.10016999997197,0.8908985481912237
155.11685999997198,0.8442336340530517
155.133549999972,0.7636977724410102
155.15023999997197,0.6831619110607631
155.16692999997196,0.5475096434555102
155.18361999997197,0.3898662533461507
155.20030999997198,0.23222286331556372
155.21699999997196,0.06785115998150125
155.23368999997194,-0.09922883082802035
155.25037999997195,-0.26630882161322733
155.26706999997197,-0.3872650501345142
155.28375999997195,-0.49003379628038374
155.30044999997193,-0.5928025426843812
155.31713999997194,-0.6370958377687534
155.33382999997195,-0.6581262852621093
155.35051999997194,-0.6791567330050314
155.36720999997192,-0.6517864165343351
155.38389999997193,-0.6055555191072334
155.40058999997194,-0.5593246213596542
155.41727999997192,-0.4931604902503756
155.4339699999719,-0.4193893885614491
155.45065999997192,-0.34561828657105786
155.46734999997193,-0.2665757851760914
155.4840399999719,-0.18550346687763622
155.5007299999719,-0.10443114860477061
155.5174199999719,-0.02833788988352998
155.53410999997192,0.045877951133545314
155.5507999999719,0.12009379213001554
155.56748999997188,0.1978643819081224
155.5841799999719,0.2769874815733635
155.6008699999719,0.35611058121215067
155.6175599999719,0.4037036016542901
155.63424999997187,0.43919179017542015
155.65093999997188,0.4746799786762845
155.6676299999719,0.4595548557926118
155.68431999997188,0.4254027993811807
155.70100999997186,0.39125074293764645
155.71769999997187,0.32198316862101156
155.73438999997188,0.23939491412656713
155.75107999997186,0.15680665966768007
155.76776999997185,0.08366900161149189
155.78445999997186,0.0140413432404612
155.80114999997187,-0.055586315118754136
155.81783999997185,-0.0818183079814171
155.83452999997183,-0.09227328169792913
155.85121999997185,-0.10272825541672728
155.86790999997186,-0.06325393824596538
155.88459999997184,-0.005459946545628758
155.90128999997182,0.052334045197237875
155.91797999997183,0.11715387166661939
155.93466999997185,0.18457521828339452
155.95135999997183,0.2519965649045599
155.9680499999718,0.278439471964095
155.98473999997182,0.29002978532583706
156.00142999997183,0.3016200984315359
156.01811999997182,0.25692085192134767
156.0348099999718,0.19163123428042583
156.0514999999718,0.12634161660472085
156.06818999997182,0.01685949290512134
156.0848799999718,-0.10844419539969244
156.1015699999718,-0.23374788372254662
156.1182599999718,-0.34907531451951446
156.1349499999718,-0.46079794719393474
156.1516399999718,-0.5725205801509318
156.16832999997177,-0.626998426698454
156.1850199999718,-0.6612339963336333
156.2017099999718,-0.6954695662233076
156.21839999997178,-0.6591378082654128
156.23508999997176,-0.5976198251760672
156.25177999997177,-0.5361018417552559
156.26846999997179,-0.4280745203324366
156.28515999997177,-0.3038046487889384
156.30184999997175,-0.17953477739138535
156.31853999997176,-0.05092569949274896
156.33522999997177,0.07921300141502956
156.35191999997176,0.20935170235382067
156.36860999997174,0.31249632636631547
156.38529999997175,0.406331147558202
156.40198999997176,0.5001659687343296
156.41867999997174,0.5722093563966714
156.43536999997173,0.6366662269208765
156.45205999997174,0.7011230977211257
156.46874999997175,0.72919477018974
156.48543999997173,0.7448750180011852
156.50212999997171,0.7605552657916823
156.51881999997173,0.7307656562773884
156.53550999997174,0.6858315332833018
156.55219999997172,0.6408974102637074
156.5688899999717,0.5417726387740831
156.5855799999717,0.4244252311520136
156.60226999997172,0.3070778232105701
156.6189599999717,0.16214388311831554
156.6356499999717,0.007844691459927925
156.6523399999717,-0.1464545002319109
156.6690299999717,-0.28556544897261615
156.6857199999717,-0.41963385248424306
156.70240999997168,-0.5537022559875541
156.7190999999717,-0.627419784749816
156.7357899999717,-0.6809076998036996
156.75247999997168,-0.7343956148232716
156.76916999997167,-0.7169477680655634
156.78585999997168,-0.6762496953370266
156.8025499999717,-0.6355516222802798
156.81923999997167,-0.5380110662409147
156.83592999997165,-0.4222575308157086
156.85261999997167,-0.3065039956482466
156.86930999997168,-0.19411234189434265
156.88599999997166,-0.08280843432553991
156.90268999997164,0.028495473232566515
156.91937999997165,0.1005950985395464
156.93606999997166,0.1602965239774438
156.95275999997165,0.21999794942305634
156.96944999997163,0.21999783281581772
156.98613999997164,0.20093097842242216
157.00282999997165,0.18186412399659
157.01951999997164,0.1307611858907571
157.03620999997162,0.06932648369992307
157.05289999997163,0.007891781502867519
157.06958999997164,-0.032632120712478944
157.08627999997162,-0.06656475412349538
157.1029699999716,-0.10049738752325207
157.11965999997162,-0.08610351618134188
157.13634999997163,-0.05632608902520616
157.1530399999716,-0.02654866185743442
157.1697299999716,0.028274809437800776
157.1864199999716,0.09088950902033201
157.20310999997162,0.15350420863632447
157.2197999999716,0.20884159195723798
157.23648999997158,0.2619673533854347
157.2531799999716,0.31509311481005
157.2698699999716,0.3419664708632384
157.2865599999716,0.36078114045999476
157.30324999997157,0.37959580975440727
157.31993999997158,0.3733741185674422
157.3366299999716,0.359389976260105
157.35331999997157,0.34540583422821525
157.37000999997156,0.3124843630572841
157.38669999997157,0.27382699522298043
157.40338999997158,0.23516962735009853
157.42007999997156,0.17535918185893862
157.43676999997155,0.10907702004499026
157.45345999997156,0.04279485819114345
157.47014999997157,-0.04559380082211204
157.48683999997155,-0.1405886038887951
157.50352999997153,-0.23558340693786126
157.52021999997154,-0.3393962975443005
157.53690999997156,-0.44587112270521506
157.55359999997154,-0.5523459478706672
157.57028999997152,-0.6297497441787564
157.58697999997153,-0.6985833377776743
157.60366999997154,-0.767416931650752
157.62035999997153,-0.775556800473772
157.6370499999715,-0.7656207001281956
157.65373999997152,-0.7556845994631098
157.67042999997153,-0.6666573979435972
157.68711999997151,-0.5546307728855864
157.7038099999715,-0.44260414778852164
157.7204999999715,-0.2745730983569741
157.73718999997152,-0.09008803551379774
157.7538799999715,0.09439702732827368
157.77056999997149,0.27492475276087786
157.7872599999715,0.4543174517140398
157.8039499999715,0.6337101504057691
157.8206399999715,0.7422556186512139
157.83732999997147,0.8302696250101177
157.85401999997148,0.9182836313342528
157.8707099999715,0.9021697967266208
157.88739999997148,0.8566024292737793
157.90408999997146,0.8110350617705526
157.92077999997147,0.6980639062584043
157.93746999997148,0.5664897171778668
157.95415999997147,0.43491552806597117
157.97084999997145,0.30340092110461764
157.98753999997146,0.17190293309003615
158.00422999997147,0.04040494516230695
158.02091999997145,-0.04824636223128022
158.03760999997144,-0.12482030248463612
158.05429999997145,-0.20139424271747336
158.07098999997146,-0.23413546119692666
158.08767999997144,-0.25482184382753814
158.10436999997142,-0.2755082264375743
158.12105999997144,-0.2716977959495719
158.13774999997145,-0.261078526769648
158.15443999997143,-0.25045925757807125
158.1711299999714,-0.23621016566242314
158.18781999997142,-0.22097690244316487
158.20450999997144,-0.2057436392222465
158.22119999997142,-0.18338045475521328
158.2378899999714,-0.15913216227561697
158.2545799999714,-0.13488386979279127
158.27126999997142,-0.11063815310744612
158.2879599999714,-0.08639312486224913
158.3046499999714,-0.062148096617053325
158.3213399999714,-0.0424087323991887
158.3380299999714,-0.023843427146379926
158.3547199999714,-0.005278121904242453
158.37140999997138,0.0013568064635414167
158.3880999999714,0.004848834586290274
158.4047899999714,0.008340862701634848
158.42147999997138,-0.0025307425226602258
158.43816999997136,-0.017227564276622157
158.45485999997138,-0.03192438603401844
158.4715499999714,-0.05054771069853163
158.48823999997137,-0.07019044446977919
158.50492999997135,-0.0898331782138748
158.52161999997136,-0.09183462444994353
158.53830999997137,-0.08920556628341705
158.55499999997136,-0.08657650810895108
158.57168999997134,-0.04853732587400144
158.58837999997135,-0.0014391200481910008
158.60506999997136,0.04565908580644827
158.62175999997135,0.1422953184341733
158.63844999997133,0.2517456864552185
158.65513999997134,0.36119605438316593
158.67182999997135,0.46251134537887995
158.68851999997133,0.5617760840519364
158.70520999997132,0.6610408227216421
158.72189999997133,0.6914833299440485
158.73858999997134,0.7043839293515546
158.75527999997132,0.7172845287288757
158.7719699999713,0.6388988440140105
158.78865999997132,0.5378452108671926
158.80534999997133,0.4367915779702253
158.8220399999713,0.27606745097827007
158.8387299999713,0.10035860455291537
158.8554199999713,-0.07535024189848598
158.87210999997131,-0.24628682897618473
158.8887999999713,-0.4160561519643634
158.90548999997128,-0.5858254749219589
158.9221799999713,-0.6774784483654833
158.9388699999713,-0.7505295307628065
158.95555999997129,-0.8235806134168012
158.97224999997127,-0.8247078205967077
158.98893999997128,-0.8085091271545634
159.0056299999713,-0.7923104336825623
159.02231999997127,-0.7201124307540744
159.03900999997126,-0.6347844119362194
159.05569999997127,-0.549456392807093
159.07238999997128,-0.4365080758652263
159.08907999997126,-0.31700787201357544
159.10576999997124,-0.19750766809311474
159.12245999997126,-0.08080012903107735
159.13914999997127,0.03523725344790277
159.15583999997125,0.15127463589666487
159.17252999997123,0.2440201628725008
159.18921999997124,0.3313257590125042
159.20590999997125,0.41863135505668153
159.22259999997124,0.47739051218488887
159.23928999997122,0.529404251332475
159.25597999997123,0.5814179904686135
159.27266999997124,0.5919829179408918
159.28935999997123,0.593017978482699
159.3060499999712,0.5940530387194148
159.32273999997122,0.5479865630772157
159.33942999997123,0.49138785245838
159.3561199999712,0.43478914153290216
159.3728099999712,0.34199227672768034
159.3894999999712,0.24100361822269983
159.40618999997122,0.14001495958812146
159.4228799999712,0.03561060358382195
159.43956999997118,-0.06954530568966857
159.4562599999712,-0.17470121499368033
159.4729499999712,-0.2328237869670515
159.4896399999712,-0.28047153488264176
159.50632999997117,-0.3281192828091102
159.52301999997118,-0.30809126032111883
159.5397099999712,-0.27280886037665275
159.55639999997118,-0.23752646046357923
159.57308999997116,-0.16879464034200384
159.58977999997117,-0.09273277912732156
159.60646999997118,-0.016670917923192415
159.62315999997116,0.03214520396031001
159.63984999997115,0.07491779790172409
159.65653999997116,0.11769039183269213
159.67322999997117,0.1032571897622394
159.68991999997115,0.07649120109439247
159.70660999997114,0.04972521243411644
159.72329999997115,-0.02020063796095301
159.73998999997116,-0.09954604959467687
159.75667999997114,-0.17889146127932207
159.77336999997112,-0.2531050407888145
159.79005999997113,-0.3262303886890945
159.80674999997115,-0.3993557365010163
159.82343999997113,-0.42050471732201156
159.8401299999711,-0.43049428903738995
159.85681999997112,-0.44048386073346063
159.87350999997113,-0.3896185124128645
159.89019999997112,-0.3260622028710516
159.9068899999711,-0.2625058934805891
159.9235799999711,-0.15549351020697177
159.94026999997112,-0.03930426353667154
159.9569599999711,0.07688498312044167
159.9736499999711,0.19660275851586168
159.9903399999711,0.3170440733657604
160.0070299999711,0.4374853882748505
160.0237199999711,0.5242893387806513
160.04040999997108,0.6041078158933636
160.0570999999711,0.683926293282916
160.0737899999711,0.7106060244973536
160.09047999997108,0.7265738415923491
160.10716999997106,0.7425416586688203
160.12385999997107,0.718498281019679
160.14054999997109,0.6866303647389833
160.15723999997107,0.6547624484448317
160.17392999997105,0.5857737791029176
160.19061999997106,0.5094302440594818
160.20730999997107,0.43308670900341306
160.22399999997106,0.32623153122055326
160.24068999997104,0.21325207367902013
160.25737999997105,0.10027261624214423
160.27406999997106,-0.03680243962866824
160.29075999997104,-0.17856897932354607
160.30744999997103,-0.32033551914226477
160.32413999997104,-0.4416021939649134
160.34082999997105,-0.5588247774448918
160.35751999997103,-0.6760473612065189
160.37420999997101,-0.7282038648961292
160.39089999997103,-0.7679137520519392
160.40758999997104,-0.8076236388973961
160.42427999997102,-0.7531112524866455
160.440969999971,-0.6811329469996157
160.457659999971,-0.6091546414822483
160.47434999997103,-0.47494719386460493
160.491039999971,-0.329046868387078
160.507729999971,-0.18314654248512796
160.524419999971,-0.03509924519676115
160.541109999971,0.11335692611277523
160.557799999971,0.2618130974518884
160.57448999997098,0.35012052272727456
160.591179999971,0.4273288181332033
160.607869999971,0.5045371135199657
160.62455999997098,0.5078204536075317
160.64124999997097,0.49727572570515427
160.65793999997098,0.486730997490032
160.674629999971,0.4216772089797649
160.69131999997097,0.3467477515943806
160.70800999997095,0.2718182944228862
160.72469999997097,0.19618166283921568
160.74138999997098,0.12042102674230973
160.75807999997096,0.04466039064544595
160.77476999997094,0.008647493556225008
160.79145999997095,-0.020296645280704587
160.80814999997096,-0.04924078409667185
160.82483999997095,-0.031215929585789275
160.84152999997093,-0.0051100332105264755
160.85821999997094,0.02099586319332266
160.87490999997095,0.05508437033347756
160.89159999997094,0.09056604250946676
160.90828999997092,0.12604771465907436
160.92497999997093,0.1350670767594573
160.94166999997094,0.13940234858114553
160.95835999997092,0.1437376203946589
160.9750499999709,0.1174057499556013
160.99173999997092,0.08582280383471588
161.00842999997093,0.05423985767586082
161.0251199999709,0.01436146406491407
161.0418099999709,-0.026957840647313543
161.0584999999709,-0.06827714537366836
161.07518999997092,-0.1086032050132391
161.0918799999709,-0.14876244952460518
161.10856999997088,-0.18892169403574902
161.1252599999709,-0.22849672390594916
161.1419499999709,-0.26797219966710956
161.1586399999709,-0.3074476755724294
161.17532999997087,-0.34974267375468465
161.19201999997088,-0.39250201753208885
161.2087099999709,-0.4352613615990427
161.22539999997088,-0.4657524393578117
161.24208999997086,-0.49419308689258434
161.25877999997087,-0.5226337341351117
161.27546999997088,-0.5020847842708225
161.29215999997086,-0.4736265883895676
161.30884999997085,-0.44516839220588955
161.32553999997086,-0.35137501293195283
161.34222999997087,-0.2468746820931879
161.35891999997085,-0.14237435123591202
161.37560999997083,0.004761697761685584
161.39229999997085,0.1586437176128668
161.40898999997086,0.31252573737795003
161.42567999997084,0.4476066429239086
161.44236999997082,0.5798180414107034
161.45905999997083,0.712029439892935
161.47574999997084,0.771850761477545
161.49243999997083,0.8204503684924197
161.5091299999708,0.8690499754876051
161.52581999997082,0.8146675680416617
161.54250999997083,0.7448945971675139
161.55919999997082,0.6751216265553533
161.5758899999708,0.5307442083704745
161.5925799999708,0.3750396824213571
161.60926999997082,0.21933515676996237
161.6259599999708,0.05683571198268089
161.64264999997079,-0.10671163526359628
161.6593399999708,-0.2702589825122631
161.6760299999708,-0.3745421327618566
161.6927199999708,-0.47001518895153216
161.70940999997077,-0.5654882451259623
161.72609999997078,-0.5855686919014093
161.7427899999708,-0.5942622550655584
161.75947999997078,-0.6029558179211076
161.77616999997076,-0.5630773373325237
161.79285999997077,-0.5161314076030055
161.80954999997078,-0.46918547757251655
161.82623999997077,-0.41431389064759877
161.84292999997075,-0.35833249497247255
161.85961999997076,-0.3023510995840679
161.87630999997077,-0.2499562190775026
161.89299999997075,-0.19807194451651142
161.90968999997074,-0.14618766998528063
161.92637999997075,-0.0942771563586715
161.94306999997076,-0.04236284547235201
161.95975999997074,0.009551465448614105
161.97644999997073,0.05810553390475681
161.99313999997074,0.10619169145426358
162.00982999997075,0.15427784900303154
162.02651999997073,0.18473989145109176
162.0432099999707,0.21270659059452932
162.05989999997072,0.24067328973358998
162.07658999997074,0.23515996886239965
162.09327999997072,0.22508844229488445
162.1099699999707,0.21501691569052458
162.1266599999707,0.18019877068211765
162.14334999997072,0.14195391096812499
162.1600399999707,0.10370905127705363
162.1767299999707,0.07863355518178394
162.1934199999707,0.055310398114320945
162.2101099999707,0.03198724102102821
162.2267999999707,0.04325670756942598
162.24348999997068,0.05920912126394385
162.2601799999707,0.07516153496673796
162.2768699999707,0.12208808334452972
162.29355999997068,0.17304105962667338
162.31024999997067,0.2239940359448396
162.32693999997068,0.2823578129835853
162.3436299999707,0.3417019877147705
162.36031999997067,0.4010461623897433
162.37700999997065,0.4183322523399849
162.39369999997066,0.43027943570592825
162.41038999997068,0.4422266190624596
162.42707999997066,0.377940485282518
162.44376999997064,0.30380281941431325
162.46045999997065,0.22966515373073532
162.47714999997066,0.0993624799404863
162.49383999997065,-0.03789936003353602
162.51052999997063,-0.1751612000200222
162.52721999997064,-0.3084985930813717
162.54390999997065,-0.44137041853496667
162.56059999997063,-0.5742422439877426
162.57728999997062,-0.6385530353131298
162.59397999997063,-0.6945757223421555
162.61066999997064,-0.750598409645158
162.62735999997062,-0.7085675616590472
162.6440499999706,-0.6544614797352272
162.66073999997062,-0.6003553977901448
162.67742999997063,-0.48543000049861385
162.6941199999706,-0.36333501210176417
162.7108099999706,-0.24124002357683577
162.7274999999706,-0.11385243302708395
162.74418999997062,0.014170980175917895
162.7608799999706,0.1421943933858126
162.77756999997058,0.24368600866780712
162.7942599999706,0.34212921425690934
162.8109499999706,0.44057241955214005
162.8276399999706,0.5017792399077052
162.84432999997057,0.5589009514419387
162.86101999997058,0.6160226629691669
162.8777099999706,0.6343157684780566
162.89439999997057,0.64826296707091
162.91108999997056,0.66221016565608
162.92777999997057,0.6277737534442654
162.94446999997058,0.5881717169254097
162.96115999997056,0.5485696803975756
162.97784999997054,0.46019733638558197
162.99453999997056,0.36651048702113614
163.01122999997057,0.2728236374741146
163.02791999997055,0.15790396935626705
163.04460999997053,0.0406235283733439
163.06129999997054,-0.07665691264301021
163.07798999997055,-0.18316061634228312
163.09467999997054,-0.28852165731797114
163.11136999997052,-0.3938826982340895
163.12805999997053,-0.45068406851814813
163.14474999997054,-0.5022296441173697
163.16143999997053,-0.5537752199958007
163.1781299999705,-0.5321258110472311
163.19481999997052,-0.5029295299983352
163.21150999997053,-0.4737332489361487
163.2281999999705,-0.3886108858225202
163.2448899999705,-0.29800629476643153
163.2615799999705,-0.20740170370050728
163.27826999997052,-0.1193162578233879
163.2949599999705,-0.03148322466450764
163.31164999997048,0.056349808494076455
163.3283399999705,0.09518320819989258
163.3450299999705,0.12900013266887705
163.3617199999705,0.16281705712899427
163.37840999997047,0.1263060763076465
163.39509999997048,0.08295188020305912
163.4117899999705,0.03959768411515662
163.42847999997048,-0.029920568477276418
163.44516999997046,-0.10204143812529214
163.46185999997047,-0.17416230780677938
163.47854999997048,-0.20206573029414635
163.49523999997047,-0.22579386580484603
163.51192999997045,-0.2495220013369845
163.52861999997046,-0.20548849960262316
163.54530999997047,-0.15491034538140863
163.56199999997045,-0.1043321911487006
163.57868999997044,-0.018748301218517782
163.59537999997045,0.07004082298174005
163.61206999997046,0.1588299471733924
163.62875999997044,0.24149581056414654
163.64544999997042,0.32358786889559427
163.66213999997044,0.40567992760157146
163.67882999997045,0.45113122080742796
163.69551999997043,0.4933319308549413
163.7122099999704,0.5355326406079598
163.72889999997042,0.5291432771146712
163.74558999997043,0.518339521204999
163.76227999997042,0.507535765287538
163.7789699999704,0.457078348539846
163.7956599999704,0.4032154125210485
163.81234999997042,0.34935247649621376
163.8290399999704,0.2610606964582151
163.8457299999704,0.1697389984976893
163.8624199999704,0.07841730056034782
163.8791099999704,-0.02854937572888484
163.8957999999704,-0.13681557008362633
163.91248999997038,-0.24508176444085591
163.9291799999704,-0.3426113870760923
163.9458699999704,-0.43930178131091796
163.96255999997038,-0.5359921755442543
163.97924999997036,-0.5985150470637224
163.99593999997037,-0.658295670575638
164.0126299999704,-0.7180762940825811
164.02931999997037,-0.7146165950533253
164.04600999997035,-0.7059483865710852
164.06269999997036,-0.697280178079594
164.07938999997037,-0.6086681692290697
164.09607999997036,-0.5138629671296729
164.11276999997034,-0.4190577650192864
164.12945999997035,-0.2626500741776631
164.14614999997036,-0.10134127964999386
164.16283999997034,0.059967514915247114
164.17952999997033,0.21937496313930296
164.19621999997034,0.378640391998039
164.21290999997035,0.537905820770194
164.22959999997033,0.6215635275232348
164.24628999997032,0.6999383868998179
164.26297999997033,0.7783132462670086
164.27966999997034,0.7463400902600352
164.29635999997032,0.7064292472866425
164.3130499999703,0.6665184042992056
164.32973999997031,0.5619317683599614
164.34642999997033,0.4530030872349201
164.3631199999703,0.34407440610234497
164.3798099999703,0.23897787381612243
164.3964999999703,0.13414647424045884
164.4131899999703,0.029315074665088463
164.4298799999703,-0.027238456711544113
164.44656999997028,-0.08035242219737712
164.4632599999703,-0.13346638765417682
164.4799499999703,-0.13618943647780404
164.49663999997028,-0.13556382358542027
164.51332999997027,-0.1349382106582097
164.53001999997028,-0.11040648632715622
164.5467099999703,-0.08423714733255894
164.56339999997027,-0.05806780836400035
164.58008999997026,-0.04244562974800701
164.59677999997027,-0.027495672996976975
164.61346999997028,-0.012545716250057615
164.63015999997026,-0.015415050561840815
164.64684999997024,-0.01945640727911208
164.66353999997025,-0.02349776399847789
164.68022999997027,-0.04160070038389632
164.69691999997025,-0.060561813312765944
164.71360999997023,-0.07952292627206309
164.73029999997024,-0.09892405320379825
164.74698999997025,-0.11835292624237174
164.76367999997024,-0.13778179928099468
164.78036999997022,-0.14432187672799737
164.79705999997023,-0.15011003959397057
164.81374999997024,-0.1558982024874586
164.83043999997022,-0.16233784063603546
164.8471299999702,-0.16881679910814573
164.86381999997022,-0.17529575755145957
164.88050999997023,-0.17870300327739233
164.8971999999702,-0.18193927447998096
164.9138899999702,-0.18517554565339814
164.9305799999702,-0.16870237786945946
164.94726999997022,-0.15122387969255055
164.9639599999702,-0.13374538151384752
164.98064999997018,-0.06854794953964037
164.9973399999702,-0.000821564442002437
165.0140299999702,0.0669048206683511
165.0307199999702,0.18124374169935176
165.04740999997017,0.2978371636642122
165.06409999997018,0.4144305856046304
165.0807899999702,0.522624295772258
165.09747999997018,0.6303951125148467
165.11416999997016,0.7381659295451624
165.13085999997017,0.7525460964477948
165.14754999997018,0.7620388580599861
165.16423999997016,0.7715316199520722
165.18092999997015,0.6761210140147318
165.19761999997016,0.5757056019271941
165.21430999997017,0.4752901895420413
165.23099999997015,0.30988712048292166
165.24768999997013,0.14125510444026088
165.26437999997015,-0.02737691152503459
165.28106999997016,-0.18713541269461398
165.29775999997014,-0.34649385552634443
165.31444999997012,-0.5058522985596973
165.33113999997013,-0.589684509182464
165.34782999997014,-0.6704561179175844
165.36451999997013,-0.7512277269356182
165.3812099999701,-0.7392249907975733
165.39789999997012,-0.7232818079258119
165.41458999997013,-0.707338624758352
165.43127999997012,-0.6272131983026477
165.4479699999701,-0.54465299776091
165.4646599999701,-0.4620927969260078
165.48134999997012,-0.3525747912896422
165.4980399999701,-0.24198183247773944
165.5147299999701,-0.1313888736925911
165.5314199999701,-0.04069061256841126
165.5481099999701,0.04917559805520351
165.5647999999701,0.13904180870619434
165.58148999997007,0.19107362779680867
165.59817999997009,0.24169459310853345
165.6148699999701,0.29231555847554774
165.63155999997008,0.3184552191079333
165.64824999997006,0.34363452933753685
165.66493999997007,0.3688138398540846
165.68162999997008,0.37363603434182463
165.69831999997007,0.37775147228313205
165.71500999997005,0.38186691022316527
165.73169999997006,0.3523802218248472
165.74838999997007,0.32166215140941695
165.76507999997006,0.29094408070316474
165.78176999997004,0.2309913531507624
165.79845999997005,0.17009848814390616
165.81514999997006,0.10920562313525872
165.83183999997004,0.037654824538369845
165.84852999997003,-0.034259162682847843
165.86521999997004,-0.1061731498760957
165.88190999997005,-0.13956284413295034
165.89859999997003,-0.17181178185253185
165.91528999997,-0.20406071959887756
165.93197999997003,-0.1753426856228349
165.94866999997004,-0.14470294836810477
165.96535999997002,-0.11406321111002647
165.98204999997,-0.05930565141174965
165.99873999997,-0.003895055212890482
166.01542999997002,0.05151554099868858
166.03211999997,0.07226579762246145
166.04880999997,0.09201171626060696
166.06549999997,0.11175763492588194
166.08218999997,0.07197111706352485
166.09887999997,0.030722783498593108
166.11556999996998,-0.010525550080581796
166.13225999997,-0.1008310354482138
166.14894999997,-0.19212606010551472
166.16563999996998,-0.2834210847934618
166.18232999996997,-0.36791859979734837
166.19901999996998,-0.4522662613434891
166.21570999997,-0.5366139231778825
166.23239999996997,-0.5627742705023672
166.24908999996995,-0.5875424059599021
166.26577999996996,-0.6123105414149312
166.28246999996998,-0.5537176827843497
166.29915999996996,-0.49349528675452
166.31584999996994,-0.43327289072175984
166.33253999996995,-0.3037882158471422
166.34922999996996,-0.17281995453691132
166.36591999996995,-0.04185169328174316
166.38260999996993,0.09747723518614217
166.39929999996994,0.23694881980033283
166.41598999996995,0.3764204042995515
166.43267999996993,0.4619023230329648
166.44936999996992,0.54669626607217
166.46605999996993,0.631490209398802
166.48274999996994,0.6474580834665211
166.49943999996992,0.6624218083034912
166.5161299999699,0.6773855328499604
166.53281999996992,0.6368032696603907
166.54950999996993,0.5953076433665774
166.5661999999699,0.5538120167825228
166.5828899999699,0.48115740251261757
166.5995799999699,0.40812487416910664
166.61626999996992,0.33509234582478986
166.6329599999699,0.23376598442737706
166.64964999996988,0.13204426567034167
166.6663399999699,0.030322546941113408
166.6830299999699,-0.08828112376303808
166.6997199999699,-0.20704820122626594
166.71640999996987,-0.3258152786033909
166.73309999996988,-0.4230473293416351
166.7497899999699,-0.5201626237936819
166.76647999996987,-0.6172779182451874
166.78316999996986,-0.6454636144540411
166.79985999996987,-0.6731501220700334
166.81654999996988,-0.7008366296850768
166.83323999996986,-0.6386597435576087
166.84992999996985,-0.5762128348472517
166.86661999996986,-0.513765926424967
166.88330999996987,-0.38948505505062453
166.89999999996985,-0.26490636784122107
166.91668999996983,-0.1403276806599345
166.93337999996984,-0.02183435950591113
166.95006999996986,0.09661858828926388
166.96675999996984,0.2150715360554994
166.98344999996982,0.2689565134195142
167.00013999996983,0.3226863724113091
167.01682999996984,0.37641623105633254
167.03351999996983,0.35812336193083905
167.0502099999698,0.33952714749230023
167.06689999996982,0.3209309330532128
167.08358999996983,0.2569144391598643
167.1002799999698,0.1928979452423245
167.1169699999698,0.12888145132478473
167.1336599999698,0.07446972437313452
167.15034999996982,0.020075292976392996
167.1670399999698,-0.0341711523851337
167.18372999996978,-0.0268183557792145
167.2004199999698,-0.019465559067653918
167.2171099999698,-0.012079695568747852
167.2337999999698,0.0504617391104042
167.25048999996977,0.11300317388353177
167.26717999996978,0.1755137827709493
167.2838699999698,0.23162417051773848
167.30055999996978,0.28773455822407545
167.31724999996976,0.3437082530948783
167.33393999996977,0.3541904889647916
167.35062999996978,0.3646727250409626
167.36731999996977,0.37478202601459953
167.38400999996975,0.3333952295744782
167.40069999996976,0.29200843304105084
167.41738999996977,0.2502998078247949
167.43407999996975,0.18064290827498852
167.45076999996974,0.1109860086457945
167.46745999996975,0.0413271807837664
167.48414999996976,-0.028530861809122492
167.50083999996974,-0.09838890437916009
167.51752999996972,-0.16813200395578365
167.53421999996974,-0.22964918143722998
167.55090999996975,-0.2911663588749958
167.56759999996973,-0.3525871823870872
167.5842899999697,-0.40606361485617254
167.60097999996972,-0.4595400473110318
167.61766999996973,-0.5126783044058316
167.63435999996972,-0.5329538464607282
167.6510499999697,-0.5532293887446564
167.6677399999697,-0.5726162694813516
167.68442999996972,-0.5310928207245095
167.7011199999697,-0.4895693721459039
167.7178099999697,-0.44720611011721373
167.7344999999697,-0.3389374920667609
167.7511899999697,-0.2306688739544025
167.7678799999697,-0.12164618976808111
167.78456999996968,0.03157015831521054
167.8012599999697,0.18478650647898842
167.8179499999697,0.33755770443260286
167.83463999996968,0.46954674827201826
167.85132999996966,0.6015357920739324
167.86801999996968,0.731898501089487
167.8847099999697,0.7790640199515418
167.90139999996967,0.8262295389510923
167.91808999996965,0.8714117463961883
167.93477999996966,0.8044342614956321
167.95146999996967,0.7374567761025369
167.96815999996966,0.668733644113691
167.98484999996964,0.520826014476149
168.00153999996965,0.3729183849832587
168.01822999996966,0.2248835915842378
168.03491999996965,0.07054456297884926
168.05160999996963,-0.0837944656379942
168.06829999996964,-0.2363317413677495
168.08498999996965,-0.3154926252691743
168.10167999996963,-0.394653508835082
168.11836999996962,-0.47195171243793665
168.13505999996963,-0.46709061487878495
168.15174999996964,-0.4622295168813944
168.16843999996962,-0.4562576852612963
168.1851299999696,-0.40926442530377954
168.20181999996962,-0.3622711649829204
168.21850999996963,-0.31532453840076347
168.2351999999696,-0.2702296006133282
168.2518899999696,-0.22513466271387408
168.2685799999696,-0.18046944385245536
168.28526999996961,-0.15031619531143076
168.3019599999696,-0.1201629467968754
168.31864999996958,-0.0903961677890172
168.3353399999696,-0.07457664470057111
168.3520299999696,-0.058757121637538594
168.36871999996958,-0.043091729967049665
168.38540999996957,-0.03221923158929591
168.40209999996958,-0.021346733208691727
168.4187899999696,-0.010539935478498663
168.43547999996957,-0.001905281432773089
168.45216999996956,0.006729372611318609
168.46885999996957,0.015013435924833951
168.48554999996958,0.0131992335875611
168.50223999996956,0.011385031234763613
168.51892999996954,0.009527994804719452
168.53561999996955,0.00657902938143589
168.55230999996957,0.0036300639561640032
168.56899999996955,0.0009929165752948492
168.58568999996953,0.006717690209247009
168.60237999996954,0.012442463861346264
168.61906999996955,0.019036981314406048
168.63575999996954,0.05022846517407432
168.65244999996952,0.08141994911040958
168.66913999996953,0.11346455011236332
168.68582999996954,0.1669037292847944
168.70251999996952,0.2203429085251486
168.7192099999695,0.27396136995264925
168.73589999996952,0.3323058280092697
168.75258999996953,0.3906502863342259
168.7692799999695,0.44675364580155863
168.7859699999695,0.4500923165317289
168.8026599999695,0.4534309868768196
168.81934999996952,0.4528771780310506
168.8360399999695,0.3695951987019855
168.85272999996948,0.28631321925076436
168.8694199999695,0.1999759477154286
168.8861099999695,0.04587059631502889
168.9027999999695,-0.10823475520893633
168.91948999996947,-0.2617075590332814
168.93617999996948,-0.40244933920085885
168.9528699999695,-0.5431911193742585
168.96955999996948,-0.6799864469903892
168.98624999996946,-0.7340620528062465
169.00293999996947,-0.788137658470999
169.01962999996948,-0.8373946201712958
169.03631999996946,-0.781301495561382
169.05300999996945,-0.7252083707588856
169.06969999996946,-0.6659432522406343
169.08638999996947,-0.5436744054792241
169.10307999996945,-0.4214055586028934
169.11976999996944,-0.298477132802307
169.13645999996945,-0.161911700814314
169.15314999996946,-0.025346268758056675
169.16983999996944,0.10938864089621653
169.18652999996942,0.20958333505349064
169.20321999996943,0.3097780290035422
169.21990999996945,0.40725883585606854
169.23659999996943,0.45767904604983467
169.2532899999694,0.5080992564462019
169.26997999996942,0.5559609866960412
169.28666999996943,0.5578573008631709
169.30335999996942,0.5597536146574036
169.3200499999694,0.5594749693751155
169.3367399999694,0.5186653159861178
169.35342999996942,0.47785566252285355
169.3701199999694,0.43554550993926755
169.3868099999694,0.3675148429298062
169.4034999999694,0.29948417616176654
169.4201899999694,0.23089268699281915
169.4368799999694,0.1523450294751191
169.45356999996937,0.07379737193917592
169.4702599999694,-0.004669349438145436
169.4869499999694,-0.0818098983722462
169.50363999996938,-0.15895044729236804
169.52032999996936,-0.23427555000976935
169.53701999996937,-0.2788356709280695
169.55370999996939,-0.32339579181883543
169.57039999996937,-0.36422983412025633
169.58708999996935,-0.3466017005746565
169.60377999996936,-0.3289735669217349
169.62046999996937,-0.30833715544351725
169.63715999996936,-0.23894803541922977
169.65384999996934,-0.16955891521896316
169.67053999996935,-0.10062518315152978
169.68722999996936,-0.038544167056929035
169.70391999996934,0.02353684904519279
169.72060999996933,0.08173398256933224
169.73729999996934,0.07963479862511684
169.75398999996935,0.07753561457010644
169.77067999996933,0.07154299072971373
169.78736999996931,0.009275740408263337
169.80405999996933,-0.052991510011027566
169.82074999996934,-0.11592715649354265
169.83743999996932,-0.18881872171553188
169.8541299999693,-0.26171028698455706
169.8708199999693,-0.33055239588331875
169.88750999996932,-0.3430998280677921
169.9041999999693,-0.35564726014868825
169.9208899999693,-0.36237846516034516
169.9375799999693,-0.29335208736946555
169.9542699999693,-0.2243257096413112
169.9709599999693,-0.15228481803158372
169.98764999996928,-0.03988582334495715
170.0043399999693,0.07251317144495215
170.0210299999693,0.18450043823225093
170.03771999996928,0.29081824644797943
170.05440999996927,0.39713605456686213
170.07109999996928,0.49982412806304855
170.0877899999693,0.5556583742012848
170.10447999996927,0.6114926202532701
170.12116999996925,0.6620543492724361
170.13785999996927,0.642676359008359
170.15454999996928,0.6232983689041129
170.17123999996926,0.599343496256392
170.18792999996924,0.5183621421809201
170.20461999996925,0.4373807880003734
170.22130999996926,0.3543505465381597
170.23799999996925,0.24726542907324364
170.25468999996923,0.14018031162177935
170.27137999996924,0.03362725199253718
170.28806999996925,-0.06652033046080295
170.30475999996924,-0.16666791287347402
170.32144999996922,-0.26480954361138
170.33813999996923,-0.3401576191468795
170.35482999996924,-0.41550569452500347
170.37151999996922,-0.48878079371420036
170.3882099999692,-0.537918280255396
170.40489999996922,-0.5870557670407418
170.42158999996923,-0.6325505990808601
170.4382799999692,-0.6345594742496895
170.4549699999692,-0.636568349338316
170.4716599999692,-0.6324439546741979
170.48834999996922,-0.5591849804552734
170.5050399999692,-0.4859260061089788
170.52172999996918,-0.4078313642854586
170.5384199999692,-0.2738902175128379
170.5551099999692,-0.13994907055052663
170.5717999999692,-0.005691629932890349
170.58848999996917,0.1320201892928507
170.60517999996918,0.269732008528324
170.6218699999692,0.40187673329359525
170.63855999996917,0.4717675223272219
170.65524999996916,0.5416583112460489
170.67193999996917,0.6030691429371151
170.68862999996918,0.5746748657583335
170.70531999996916,0.5462805884137188
170.72200999996915,0.5122787616742309
170.73869999996916,0.41750859341857016
170.75538999996917,0.3227384250506878
170.77207999996915,0.22870497729449296
170.78876999996913,0.14224282477941289
170.80545999996914,0.05578067227817477
170.82214999996916,-0.027059303092828047
170.83883999996914,-0.07182894707884387
170.85552999996912,-0.11659859100325466
170.87221999996913,-0.1559728169251962
170.88890999996914,-0.14149935016341303
170.90559999996913,-0.12702588333091216
170.9222899999691,-0.10981117767087066
170.93897999996912,-0.0646321560013657
170.95566999996913,-0.01945313426285372
170.97235999996911,0.023630441938701178
170.9890499999691,0.04639088257958023
171.0057399999691,0.06915132318572637
171.02242999996912,0.08779505419721392
171.0391199999691,0.06840341862260191
171.05580999996909,0.04901178297761671
171.0724999999691,0.026640824585011113
171.0891899999691,-0.023828872243926717
171.1058799999691,-0.0742985691334514
171.12256999996907,-0.12469959180176277
171.13925999996908,-0.17443924235137376
171.1559499999691,-0.22417889289984405
171.17263999996908,-0.27132063781820814
171.18932999996906,-0.29462184567127153
171.20601999996907,-0.31792305330704335
171.22270999996908,-0.3390171144284277
171.23939999996907,-0.33943802341369084
171.25608999996905,-0.3398589320719843
171.27277999996906,-0.33916596988314507
171.28946999996907,-0.32852109783510175
171.30615999996905,-0.31787622576863905
171.32284999996904,-0.30385381462938055
171.33953999996905,-0.2609968672005108
171.35622999996906,-0.21813991971816782
171.37291999996904,-0.17049472537270738
171.38960999996903,-0.08117507899502005
171.40629999996904,0.008144567463142554
171.42298999996905,0.10129962445895074
171.43967999996903,0.22638072520243496
171.456369999969,0.3514618258321386
171.47305999996902,0.4734328075704931
171.48974999996904,0.5690207887991064
171.50643999996902,0.6646087699784226
171.523129999969,0.75143835515707
171.539819999969,0.7625305962063285
171.55650999996902,0.7736228371148569
171.573199999969,0.7731285036276275
171.589889999969,0.6767874514082405
171.606579999969,0.5804463992994474
171.623269999969,0.47738053194514507
171.639959999969,0.31762865197333684
171.65664999996898,0.15787677172310935
171.673339999969,-0.0011968780959081484
171.690029999969,-0.15479676636960749
171.70671999996898,-0.30839665454249604
171.72340999996896,-0.4543563444949912
171.74009999996898,-0.5375060052711975
171.756789999969,-0.6206556659307446
171.77347999996897,-0.6927109483010193
171.79016999996895,-0.6773684944168881
171.80685999996896,-0.6620260406588995
171.82354999996898,-0.6382184137135579
171.84023999996896,-0.5465063672427286
171.85692999996894,-0.45479432093444777
171.87361999996895,-0.36170853519214297
171.89030999996896,-0.2580549753256557
171.90699999996895,-0.15440141538196003
171.92368999996893,-0.054378192189572294
171.94037999996894,0.017216996578379638
171.95706999996895,0.08881218528199403
171.97375999996893,0.15533795597054875
171.99044999996892,0.1837654978934931
172.00713999996893,0.21219303974562237
172.02382999996894,0.23772133037580648
172.04051999996892,0.24107710882535238
172.0572099999689,0.24443288723362308
172.07389999996892,0.24706118422549966
172.09058999996893,0.24434613002579217
172.1072799999689,0.2416310757872727
172.1239699999689,0.23760203325078502
172.1406599999689,0.2242925513259048
172.15734999996891,0.21098306938374217
172.1740399999689,0.1947116392740727
172.19072999996888,0.15716935575626015
172.2074199999689,0.11962707222762285
172.2241099999689,0.0821614987151109
172.24079999996889,0.04525617575586725
172.25748999996887,0.008350852794717848
172.27417999996888,-0.024517664988582898
172.2908699999689,-0.029031507456235915
172.30755999996887,-0.033545349868129425
172.32424999996886,-0.03389372696135795
172.34093999996887,-0.004494585573930026
172.35762999996888,0.0249045558805152
172.37431999996886,0.05507797428164931
172.39100999996884,0.09057272066278617
172.40769999996886,0.12606746705385477
172.42438999996887,0.15719922255170307
172.44107999996885,0.15944359494114174
172.45776999996883,0.16168796727671422
172.47445999996884,0.1555715606572025
172.49114999996885,0.09321343171980977
172.50783999996884,0.0308553026774475
172.52452999996882,-0.037105536443647426
172.54121999996883,-0.14336471361289516
172.55790999996884,-0.2496238908538691
172.57459999996883,-0.3546625001515462
172.5912899999688,-0.4516620045363645
172.60797999996882,-0.5486615089061649
172.62466999996883,-0.6372543616795356
172.6413599999688,-0.6695962524201492
172.6580499999688,-0.7019381433442915
172.6747399999688,-0.7208428152706499
172.69142999996882,-0.6530654281007248
172.7081199999688,-0.585288040768952
172.72480999996878,-0.5073415006017911
172.7414999999688,-0.3660908816214101
172.7581899999688,-0.22484026249379657
172.7748799999688,-0.08301016022441007
172.79156999996877,0.062482377758937384
172.80825999996878,0.20797491574962843
172.8249499999688,0.3453323095500428
172.84163999996878,0.43304801320475567
172.85832999996876,0.5207637167667978
172.87501999996877,0.5981124855256353
172.89170999996878,0.6112488176504557
172.90839999996876,0.6243851496550572
172.92508999996875,0.6298564551428352
172.94177999996876,0.5871284666680571
172.95846999996877,0.5444004783917306
172.97515999996875,0.4977235942879216
172.99184999996874,0.4270688817896585
173.00853999996875,0.35641416953506666
173.02522999996876,0.28266967163325013
173.04191999996874,0.18988254720782818
173.05860999996872,0.09709542271774321
173.07529999996873,0.003757001659059231
173.09198999996875,-0.09286393124052636
173.10867999996873,-0.18948486412605417
173.1253699999687,-0.2828496630690164
173.14205999996872,-0.3565402683874131
173.15874999996873,-0.43023087372653024
173.17543999996872,-0.4961895388535982
173.1921299999687,-0.5169924031012255
173.2088199999687,-0.5377952675528559
173.22550999996872,-0.5493107320679074
173.2421999999687,-0.5057954609996682
173.2588899999687,-0.4622801898283252
173.2755799999687,-0.41220512118659397
173.2922699999687,-0.32454346928960454
173.3089599999687,-0.2368818175243591
173.32564999996868,-0.1481583006999881
173.3423399999687,-0.05326296491277279
173.3590299999687,0.041632370915052896
173.37571999996868,0.12895929833853864
173.39240999996866,0.1737289445058328
173.40909999996867,0.21849859059341575
173.42578999996869,0.25215247431629517
173.44247999996867,0.2252919751220286
173.45916999996865,0.19843147581424553
173.47585999996866,0.16565686347372283
173.49254999996867,0.1002391189048756
173.50923999996866,0.03482137424607024
173.52592999996864,-0.027879292315544688
173.54261999996865,-0.07605443855535919
173.55930999996866,-0.12422958474191012
173.57599999996864,-0.16209112423566693
173.59268999996863,-0.14406084816348785
173.60937999996864,-0.1260305719862647
173.62606999996865,-0.09741333338010592
173.64275999996863,-0.0106295922230267
173.65944999996861,0.07615414905500224
173.67613999996863,0.16174976035561417
173.69282999996864,0.2410221799971987
173.70951999996862,0.3202945995111589
173.7262099999686,0.39124116175443036
173.7428999999686,0.41727275156901916
173.75958999996863,0.4433043412990463
173.7762799999686,0.45937582651561
173.7929699999686,0.4233797507427143
173.8096599999686,0.38738367458317535
173.8263499999686,0.34428541560615405
173.8430399999686,0.2651855435606187
173.85972999996858,0.1860856715339995
173.8764199999686,0.10531400059993551
173.8931099999686,0.015955921055143638
173.90979999996858,-0.0734021585115788
173.92648999996857,-0.16029727212429795
173.94317999996858,-0.23437397548158825
173.9598699999686,-0.30845067869939563
173.97655999996857,-0.37808612209452547
173.99324999996855,-0.42530607544644683
174.00993999996857,-0.4725260284674839
174.02662999996858,-0.5131953471500651
174.04331999996856,-0.5203676477619323
174.06000999996854,-0.5275399483106983
174.07669999996855,-0.5264721412164552
174.09338999996857,-0.4845275136926442
174.11007999996855,-0.44258288580324984
174.12676999996853,-0.39285743756273883
174.14345999996854,-0.30403125822859295
174.16014999996855,-0.21520507893605223
174.17683999996854,-0.11985507751847468
174.19352999996852,0.0073100425045374475
174.21021999996853,0.134475162582185
174.22690999996854,0.2599841151320199
174.24359999996852,0.3773124250454944
174.2602899999685,0.4946407351742803
174.27697999996852,0.6016984973047605
174.29366999996853,0.659507554942306
174.3103599999685,0.7173166124867303
174.3270499999685,0.7568655353868111
174.3437399999685,0.7077406805138612
174.36042999996852,0.6586158254735314
174.3771199999685,0.5960510145911876
174.39380999996848,0.47010668486140605
174.4104999999685,0.34416235501182363
174.4271899999685,0.21633575105601766
174.4438799999685,0.07952112494387864
174.46056999996847,-0.05729350118545225
174.47725999996848,-0.18146988707295014
174.4939499999685,-0.247023623998754
174.51063999996848,-0.3125773606983805
174.52732999996846,-0.36406308050849495
174.54401999996847,-0.35212665066576454
174.56070999996848,-0.3401902207031714
174.57739999996846,-0.3211435472078049
174.59408999996845,-0.26965046257299347
174.61077999996846,-0.21815737793458373
174.62746999996847,-0.16875979078992043
174.64415999996845,-0.1290424142233352
174.66084999996843,-0.089325037703898
174.67753999996845,-0.054394800030864394
174.69422999996846,-0.04095944604065222
174.71091999996844,-0.02752409209973052
174.72760999996842,-0.018641124446520958
174.74429999996843,-0.03044807218159387
174.76098999996844,-0.04225501996160434
174.77767999996843,-0.054489682945453935
174.7943699999684,-0.06861434734209663
174.81105999996842,-0.08273901174231513
174.82774999996843,-0.095350176852616
174.84443999996842,-0.1014556974351127
174.8611299999684,-0.10756121800529068
174.8778199999684,-0.11164437048208628
174.89450999996842,-0.10693151801886668
174.9111999999684,-0.10221866556787322
174.9278899999684,-0.0949859605228029
174.9445799999684,-0.07708930250214023
174.9612699999684,-0.059192644490150395
174.9779599999684,-0.039278659824782174
174.99464999996837,-0.01072719737207754
175.01133999996838,0.01782426509419399
175.0280299999684,0.049393208096291726
175.04471999996838,0.09403468682021875
175.06140999996836,0.13867616556897652
175.07809999996837,0.18680203702987727
175.09478999996838,0.2496168017053034
175.11147999996837,0.31243156649495607
175.12816999996835,0.3739205819744682
175.14485999996836,0.4297552974085449
175.16154999996837,0.4855900131204661
175.17823999996835,0.5301612140792337
175.19492999996834,0.5279749228012282
175.21161999996835,0.5257886317232633
175.22830999996836,0.5052504315053525
175.24499999996834,0.41052838220471227
175.26168999996833,0.3158063324746405
175.27837999996834,0.20919047217675388
175.29506999996835,0.05394778222694901
175.31175999996833,-0.10129490781510347
175.3284499999683,-0.25371988063904294
175.34513999996832,-0.3944925088901119
175.36182999996834,-0.5352651370899495
175.37851999996832,-0.6583063205125931
175.3952099999683,-0.7099410522426659
175.4118999999683,-0.7615757835484894
175.42858999996832,-0.7926167889441876
175.4452799999683,-0.7397806113354987
175.4619699999683,-0.6869444335676378
175.4786599999683,-0.6201602904269962
175.4953499999683,-0.49804091531166533
175.5120399999683,-0.37592153980280807
175.52872999996828,-0.25214316259506664
175.5454199999683,-0.12170885057490605
175.5621099999683,0.008725461423486042
175.57879999996828,0.1323667177251546
175.59548999996827,0.2294551177710605
175.61217999996828,0.32654351788230096
175.6288699999683,0.4113645548660981
175.64555999996827,0.44769856694123816
175.66224999996825,0.4840325786355026
175.67893999996826,0.5105040218013621
175.69562999996828,0.4989873726898066
175.71231999996826,0.487470723794697
175.72900999996824,0.47079184481604625
175.74569999996825,0.43400903345530506
175.76238999996826,0.3972262220563231
175.77907999996825,0.35911629687973246
175.79576999996823,0.3159686788625285
175.81245999996824,0.27282106100879483
175.82914999996825,0.22839752658271675
175.84583999996823,0.1790774316070447
175.86252999996822,0.12975733659310798
175.87921999996823,0.07975423626586017
175.89590999996824,0.027195686924716373
175.91259999996822,-0.02536286241534032
175.9292899999682,-0.0735788436738448
175.94597999996822,-0.10594868499461198
175.96266999996823,-0.1383185262562615
175.9793599999682,-0.16100818246214904
175.9960499999682,-0.14799535792555676
176.0127399999682,-0.13498253332093105
176.02942999996822,-0.11411473567208114
176.0461199999682,-0.06396324202892044
176.06280999996818,-0.01381174836176087
176.0794999999682,0.03198229900347106
176.0961899999682,0.06193218719189546
176.1128799999682,0.0918820753789944
176.12956999996817,0.10974198112396602
176.14625999996818,0.08317035419729389
176.1629499999682,0.05659872721470027
176.17963999996817,0.01942680084120387
176.19632999996816,-0.05574894652881815
176.21301999996817,-0.130924693977097
176.22970999996818,-0.20564652696224342
176.24639999996816,-0.27872370585371176
176.26308999996814,-0.35180088477078547
176.27977999996816,-0.4114680717172313
176.29646999996817,-0.4237265634380622
176.31315999996815,-0.4359850553571173
176.32984999996813,-0.4301756568274564
176.34653999996814,-0.3620199904337246
176.36322999996815,-0.29386432392085976
176.37991999996814,-0.21277482801205166
176.39660999996812,-0.08659076967467111
176.41329999996813,0.039593288749223465
176.42998999996814,0.16610107888773637
176.44667999996813,0.2937493871720351
176.4633699999681,0.42139769586242637
176.48005999996812,0.5357703370267846
176.49674999996813,0.6044902182031537
176.5134399999681,0.6732100992920614
176.5301299999681,0.7218370961310286
176.5468199999681,0.7006507456707779
176.56350999996812,0.6794643953657199
176.5801999999681,0.6422233514909323
176.59688999996808,0.5505230976461929
176.6135799999681,0.4588228436972437
176.6302699999681,0.36230333294578976
176.6469599999681,0.24926796124071285
176.66364999996807,0.13623258959048692
176.68033999996808,0.02759896313319782
176.6970299999681,-0.06630486470800888
176.71371999996808,-0.16020869252681993
176.73040999996806,-0.24843346030407704
176.74709999996807,-0.3174597257221052
176.76378999996808,-0.38648599101666853
176.78047999996807,-0.4487716510240856
176.79716999996805,-0.48880288951689294
176.81385999996806,-0.5288341282557699
176.83054999996807,-0.5592058991093389
176.84723999996805,-0.557362718724056
176.86392999996804,-0.5555195379884996
176.88061999996805,-0.5382766617630561
176.89730999996806,-0.4708669198219281
176.91399999996804,-0.40345717778477647
176.93068999996802,-0.3251096577274576
176.94737999996804,-0.21077150600636158
176.96406999996805,-0.09643335412952073
176.98075999996803,0.016053548331319608
176.997449999968,0.1225893383392317
177.01413999996802,0.22912512830687615
177.03082999996803,0.3225902405962513
177.04751999996802,0.37499461361727243
177.064209999968,0.42739898655954106
177.080899999968,0.4606440913665512
177.09758999996802,0.43310641670581157
177.114279999968,0.40556874192861575
177.130969999968,0.3658545995891272
177.147659999968,0.2871266858650089
177.164349999968,0.20839877218154865
177.181039999968,0.1316992779590742
177.19772999996798,0.061351146679822
177.214419999968,-0.00899698460769778
177.231109999968,-0.06826078418988914
177.24779999996798,-0.09247487620338596
177.26448999996796,-0.11668896812085003
177.28117999996797,-0.12657102420648408
177.297869999968,-0.09215725327114217
177.31455999996797,-0.057743482250905385
177.33124999996795,-0.016155080236514636
177.34793999996796,0.047112809473601816
177.36462999996797,0.11038069919638788
177.38131999996796,0.16415583988998636
177.39800999996794,0.18896887936286777
177.41469999996795,0.21378191875134112
177.43138999996796,0.2225371555773729
177.44807999996794,0.18338725282357876
177.46476999996793,0.14423734997777893
177.48145999996794,0.09490981827769462
177.49814999996795,0.014927072333861658
177.51483999996793,-0.06505567367462996
177.53152999996792,-0.1426739226976241
177.54821999996793,-0.21310135275373404
177.56490999996794,-0.2835287827958991
177.58159999996792,-0.3440164398948642
177.5982899999679,-0.37494510507638606
177.61497999996791,-0.40587376991241164
177.63166999996793,-0.42799775660509026
177.6483599999679,-0.42368659291702304
177.6650499999679,-0.41937542888947293
177.6817399999679,-0.40870128030742914
177.6984299999679,-0.3793433666946088
177.7151199999679,-0.34998545333458353
177.73180999996788,-0.3148757804433408
177.7484999999679,-0.26271576189932805
177.7651899999679,-0.2105557433224166
177.78187999996788,-0.14838759388155948
177.79856999996787,-0.05720054138620851
177.81525999996788,0.03398651119416069
177.8319499999679,0.12986553993417402
177.84863999996787,0.23947825905661127
177.86532999996786,0.3490909782052895
177.88201999996787,0.4534789856990094
177.89870999996788,0.5429064178971554
177.91539999996786,0.6323338500661826
177.93208999996784,0.7025454692955841
177.94877999996785,0.7172148782449075
177.96546999996787,0.7318842870872567
177.98215999996785,0.7232395752606151
177.99884999996783,0.6486629570122754
178.01553999996784,0.5740863389253632
178.03222999996785,0.48290560568286406
178.04891999996784,0.3443283681612737
178.06560999996782,0.2057511304904283
178.08229999996783,0.06461622561509939
178.09898999996784,-0.08366270875384867
178.11567999996782,-0.23194164313606327
178.1323699999678,-0.3641840979211459
178.14905999996782,-0.4525863334907499
178.16574999996783,-0.5409885686869517
178.1824399999678,-0.6018241956830415
178.1991299999678,-0.5866033017253582
178.2158199999678,-0.5713824076209312
178.23250999996782,-0.5371920924922899
178.2491999999678,-0.45017989689380417
178.26588999996778,-0.3631677011934934
178.2825799999678,-0.27431311735076497
178.2992699999678,-0.180437203018319
178.3159599999678,-0.08656128867618482
178.33264999996777,-0.0013555724100604404
178.34933999996778,0.06000222797580232
178.3660299999678,0.12136002831860326
178.38271999996778,0.16993642666115402
178.39940999996776,0.18409918250967122
178.41609999996777,0.19826193832059844
178.43278999996778,0.2071884192871514
178.44947999996776,0.2023112126426512
178.46616999996775,0.19743400600036937
178.48285999996776,0.19337658993770832
178.49954999996777,0.19149988884184976
178.51623999996775,0.18962318775020565
178.53292999996773,0.18803721940818263
178.54961999996775,0.18723167277034475
178.56630999996776,0.18642612610514728
178.58299999996774,0.18341419237773177
178.59968999996772,0.1746032978296004
178.61637999996773,0.16579240327023081
178.63306999996774,0.15749600916129555
178.64975999996773,0.15056411073076365
178.6664499999677,0.14363221230288084
178.68313999996772,0.14072289230258583
178.69982999996773,0.1482601392680689
178.71651999996772,0.1557973862248687
178.7332099999677,0.1676090010634757
178.7498999999677,0.19029257500198807
178.76658999996772,0.21297614896151235
178.7832799999677,0.23458551489881382
178.7999699999677,0.25343820589824506
178.8166599999677,0.2722908968923756
178.8333499999677,0.2829085400431115
178.8500399999677,0.2728258732721271
178.86672999996767,0.2627432064610804
178.88341999996769,0.238488533267987
178.9001099999677,0.17829341132418314
178.91679999996768,0.11809828931079072
178.93348999996766,0.04360534317565122
178.95017999996767,-0.06747052216738846
178.96686999996768,-0.17854638758113378
178.98355999996767,-0.2885286672423202
179.00024999996765,-0.3957700905858535
179.01693999996766,-0.503011513635409
179.03362999996767,-0.5915014575003223
179.05031999996766,-0.6325775124475576
179.06700999996764,-0.6736535673029891
179.08369999996765,-0.6853740388526656
179.10038999996766,-0.6243782827818044
179.11707999996764,-0.563382526858691
179.13376999996763,-0.48014472715314527
179.15045999996764,-0.34132513322969843
179.16714999996765,-0.20250553905387425
179.18383999996763,-0.06259464876885526
179.2005299999676,0.07998811318995207
179.21721999996763,0.2225708751539419
179.23390999996764,0.3494057447011944
179.25059999996762,0.43734561180129006
179.2672899999676,0.525285478537128
179.2839799999676,0.5911620770974902
179.30066999996762,0.6036437569468732
179.3173599999676,0.6161254369812231
179.3340499999676,0.611948720198684
179.3507399999676,0.56710490706147
179.3674299999676,0.5222610938453078
179.3841199999676,0.4697570722406727
179.40080999996758,0.3989277140734663
179.4174999999676,0.3280983561591092
179.4341899999676,0.2551469929365711
179.45087999996758,0.17722018678918744
179.46756999996757,0.09929338066087876
179.48425999996758,0.0226218182218425
179.5009499999676,-0.051081194060707165
179.51763999996757,-0.1247842063314645
179.53432999996755,-0.18973277709855435
179.55101999996756,-0.23438775152515995
179.56770999996758,-0.2790427259410905
179.58439999996756,-0.3159064043671433
179.60108999996754,-0.3345540323156115
179.61777999996755,-0.35320166022871713
179.63446999996756,-0.3610302082269863
179.65115999996755,-0.34334575468994843
179.66784999996753,-0.325661301103308
179.68453999996754,-0.29641193405752925
179.70122999996755,-0.24043017733987407
179.71791999996753,-0.18444842065683137
179.73460999996752,-0.12700160469386537
179.75129999996753,-0.06613924143644992
179.76798999996754,-0.0052768781493967055
179.78467999996752,0.04337976490330367
179.8013699999675,0.06414105108001149
179.81805999996752,0.08490233720242278
179.83474999996753,0.08810232468110511
179.8514399999675,0.05195136292050935
179.8681299999675,0.01580040110647437
179.8848199999675,-0.029392714028582057
179.90150999996752,-0.09501897657454461
179.9181999999675,-0.16064523916016718
179.93488999996748,-0.21638736344308537
179.9515799999675,-0.24960374989635103
179.9682699999675,-0.28282013630579006
179.9849599999675,-0.2947505950200512
180.00164999996747,-0.2591177297017023
180.01833999996748,-0.22348486443490537
180.0350299999675,-0.1711368117763628
180.05171999996747,-0.08112256646530894
180.06840999996746,0.008891678895877358
180.08509999996747,0.09378095606368872
180.10178999996748,0.16734602449753655
180.11847999996746,0.2409110929090534
180.13516999996745,0.296943724045005
180.15185999996746,0.31390987916657836
180.16854999996747,0.33087603450064446
180.18523999996745,0.32775450446409177
180.20192999996743,0.2807390820224749
180.21861999996744,0.2337236594373785
180.23530999996746,0.17359776157146042
180.25199999996744,0.08458352247033951
180.26868999996742,-0.004430716678600671
180.28537999996743,-0.1015518386878448
180.30206999996744,-0.21619181184686767
180.31875999996743,-0.3308317849819556
180.3354499999674,-0.4374574780975009
180.35213999996742,-0.5266196727550622
180.36882999996743,-0.6157818673783612
180.3855199999674,-0.6953687859280555
180.4022099999674,-0.7544912516535052
180.4188999999674,-0.8136137173389829
180.43558999996742,-0.8542577763080174
180.4522799999674,-0.8550806946086339
180.46896999996738,-0.8559036128315378
180.4856599999674,-0.830319822107803
180.5023499999674,-0.7489173709395337
180.5190399999674,-0.6675149196622372
