frequency_Hz,experiment_amplitude
0.0,0.00400416412317119
0.005539069745363872,0.00513425578183149
0.011078139490727744,0.0034855201946867205
0.016617209236091616,0.004485203716373104
0.022156278981455488,0.007372426035744811
0.02769534872681936,0.008587872352804483
0.03323441847218323,0.005905365056324332
0.0387734882175471,0.006939845425693893
0.044312557962910976,0.006110404813030696
0.04985162770827485,0.007081067821607286
0.05539069745363872,0.0014801980715967722
0.06092976719900259,0.005506490117309224
0.06646883694436646,0.006373311181565961
0.07200790668973034,0.005827361677866185
0.0775469764350942,0.008950642507633758
0.08308604618045808,0.004795365607633301
0.08862511592582195,0.0025723086099020877
0.09416418567118583,0.003704558676051782
0.0997032554165497,0.002397746762727217
0.10524232516191356,0.003182405157433292
0.11078139490727744,0.006064318409661402
0.11632046465264131,0.007852408223585182
0.12185953439800518,0.004487918947261468
0.12739860414336907,0.0035677190499936442
0.13293767388873293,0.002386774559268002
0.1384767436340968,0.0009835423615719495
0.14401581337946068,0.0011792180382394985
0.14955488312482454,0.0011788586719443605
0.1550939528701884,0.0019008237791889825
0.1606330226155523,0.008942448261189125
0.16617209236091615,0.009381705476679124
0.17171116210628004,0.00413816213443144
0.1772502318516439,0.001385900252786827
0.18278930159700776,0.002883531871529028
0.18832837134237165,0.002937672708869805
0.19386744108773551,0.0029374673545245543
0.1994065108330994,0.002250902449038829
0.20494558057846327,0.004742536105407122
0.21048465032382713,0.0060434085837099616
0.21602372006919102,0.005132912597083695
0.22156278981455488,0.0050972710275818236
0.22710185955991874,0.0030432739887754356
0.23264092930528263,0.0034444902936150456
0.2381799990506465,0.006250278071985741
0.24371906879601035,0.003505687217256782
0.24925813854137424,0.00349603941006498
0.25479720828673813,0.003261942011106474
0.26033627803210196,0.0056022529433134
0.26587534777746585,0.0029814180991641864
0.27141441752282974,0.0014613514470654652
0.2769534872681936,0.0032794944977696697
0.28249255701355747,0.003899883135324555
0.28803162675892136,0.004935054544879715
0.2935706965042852,0.003824791013661625
0.2991097662496491,0.0018186105727158496
0.30464883599501297,0.001996715479472091
0.3101879057403768,0.004652060682994731
0.3157269754857407,0.004577904689224174
0.3212660452311046,0.00834844318526653
0.32680511497646847,0.005051231256009222
0.3323441847218323,0.001991576880088437
0.3378832544671962,0.0034432322122694135
0.3434223242125601,0.0033941278093527773
0.3489613939579239,0.003971384680476921
0.3545004637032878,0.005966049248725088
0.3600395334486517,0.0036602121638965868
0.36557860319401553,0.002663204037307826
0.3711176729393794,0.003339563257049363
0.3766567426847433,0.0008046916461082618
0.38219581243010714,0.004466096263609908
0.38773488217547103,0.003850566986186033
0.3932739519208349,0.0031711773242028528
0.3988130216661988,0.005614449824794849
0.40435209141156264,0.003408611544096683
0.40989116115692653,0.002102776407792279
0.4154302309022904,0.0035013200841856446
0.42096930064765425,0.0013228037431246929
0.42650837039301814,0.002191685237119816
0.43204744013838203,0.0033275921098452547
0.43758650988374587,0.006226627313019686
0.44312557962910976,0.003942543611144208
0.44866464937447365,0.002798167030196382
0.4542037191198375,0.001461526310304884
0.45974278886520137,0.005894758031773505
0.46528185861056526,0.0040581089780695676
0.4708209283559291,0.0025621520655035386
0.476359998101293,0.004037802693999204
0.48189906784665687,0.0045553697112427185
0.4874381375920207,0.005469891782533303
0.4929772073373846,0.003498583763900121
0.4985162770827485,0.0012483059962532645
0.5040553468281124,0.0004768506657649404
0.5095944165734763,0.003348667908526431
0.51513348631884,0.004551829589389317
0.5206725560642039,0.0024216122395064195
0.5262116258095678,0.0013588727967783819
0.5317506955549317,0.0027435008846012614
0.5372897653002956,0.006727355193009922
0.5428288350456595,0.006193985623342521
0.5483679047910234,0.0016051875824548928
0.5539069745363872,0.002861044562378698
0.559446044281751,0.0038569849920460433
0.5649851140271149,0.0032427817589846665
0.5705241837724788,0.0036232722080359924
0.5760632535178427,0.003224982965673928
0.5816023232632066,0.0034934787214824514
0.5871413930085704,0.0025626883660955
0.5926804627539343,0.0019302891185592327
0.5982195324992982,0.0018452018944440233
0.603758602244662,0.0041787787632791284
0.6092976719900259,0.0031106867508392073
0.6148367417353898,0.0013258315901685492
0.6203758114807536,0.003588764984573485
0.6259148812261175,0.004763482062290204
0.6314539509714814,0.0026316867890538707
0.6369930207168453,0.00044505458439052253
0.6425320904622092,0.001826928073249999
0.648071160207573,0.0028710655643038917
0.6536102299529369,0.0023111592591763767
0.6591492996983007,0.0012502116998706144
0.6646883694436646,0.000756773948911673
0.6702274391890285,0.0018329377191486685
0.6757665089343924,0.004171472462082435
0.6813055786797563,0.002741682166310508
0.6868446484251202,0.0023931188737441795
0.6923837181704839,0.0013975654265979524
0.6979227879158478,0.002616512546225925
0.7034618576612117,0.006293933788305044
0.7090009274065756,0.005298532958220909
0.7145399971519395,0.001119011710284133
0.7200790668973034,0.0017933502251592584
0.7256181366426673,0.003179315392810241
0.7311572063880311,0.002706087314309331
0.736696276133395,0.0012527410010728108
0.7422353458787588,0.0020466902436456587
0.7477744156241227,0.004120461633114829
0.7533134853694866,0.0037931088230671265
0.7588525551148505,0.003562189914036696
0.7643916248602143,0.002720372184406303
0.7699306946055782,0.001405084426339738
0.7754697643509421,0.0030403073416461653
0.781008834096306,0.0011658216949702812
0.7865479038416698,0.0022320996936035357
0.7920869735870337,0.0017275119621600883
0.7976260433323976,0.0022448754790804683
0.8031651130777614,0.0033489689141797518
0.8087041828231253,0.0016382054698997255
0.8142432525684892,0.0017275769990912691
0.8197823223138531,0.0029641566728973757
0.825321392059217,0.002382892947130123
0.8308604618045808,0.002706782769749458
0.8363995315499446,0.0044076883595320525
0.8419386012953085,0.006450020290902772
0.8474776710406724,0.003209603512800532
0.8530167407860363,0.0015828023806978256
0.8585558105314002,0.0035131187774758354
0.8640948802767641,0.001585116695124862
0.8696339500221278,0.0011739253147778645
0.8751730197674917,0.002106603062230161
0.8807120895128556,0.0016600091296875607
0.8862511592582195,0.0007167590405625898
0.8917902290035834,0.00238151167352131
0.8973292987489473,0.003342087950416928
0.9028683684943112,0.000748212695786373
0.908407438239675,0.0019268491991545026
0.9139465079850388,0.0012426172801930913
0.9194855777304027,0.0015312868398898196
0.9250246474757666,0.0017032479783115884
0.9305637172211305,0.001407403725993006
0.9361027869664944,0.0011727679586612469
0.9416418567118582,0.0011544865607014858
0.9471809264572221,0.0003161842310060868
0.952719996202586,0.0021952584798918774
0.9582590659479499,0.0026431265564446837
0.9637981356933137,0.0014217795008808192
0.9693372054386776,0.001199008129283608
0.9748762751840414,0.0022397435879071693
0.9804153449294053,0.0018091264100774534
0.9859544146747692,0.0001689161368598284
0.9914934844201331,0.0011901607140629307
0.997032554165497,0.0033162756639884237
1.0025716239108609,0.003079401976847454
1.0081106936562247,0.0010195951411624685
1.0136497634015886,0.0038173081056380167
1.0191888331469525,0.005400410681862712
1.0247279028923164,0.004395420040756155
1.03026697263768,0.0027102564228586395
1.035806042383044,0.0006358681010799208
1.0413451121284079,0.0004848784925232972
1.0468841818737717,0.002852311923092153
1.0524232516191356,0.002042123358706875
1.0579623213644995,0.0008861459853341713
1.0635013911098634,0.0025192976593605815
1.0690404608552273,0.0032680693039196197
1.0745795306005912,0.00851134754348054
1.080118600345955,0.026300153409401093
1.085657670091319,0.02814867160589497
1.0911967398366829,0.008511521154829048
1.0967358095820468,0.0029919815927513496
1.1022748793274104,0.0036098451877713497
1.1078139490727743,0.0024093329845390646
1.1133530188181382,0.0008193789089979188
1.118892088563502,0.0008840316828735215
1.124431158308866,0.002320965762425921
1.1299702280542299,0.002092673296020872
1.1355092977995938,0.00047242932513880695
1.1410483675449576,0.001656307392357769
1.1465874372903215,0.001685885445872184
1.1521265070356854,0.000203764226504875
1.1576655767810493,0.0015881791690981516
1.1632046465264132,0.002208375544861458
1.168743716271777,0.0009760987785038702
1.1742827860171408,0.0008729759509629696
1.1798218557625046,0.001635901902242458
1.1853609255078685,0.0021016573138532943
1.1908999952532324,0.0006704035895500177
1.1964390649985963,0.0014652995823003852
1.2019781347439602,0.0013897716433686341
1.207517204489324,0.0011855260698765283
1.213056274234688,0.0018330326889705727
1.2185953439800519,0.0026146634037097142
1.2241344137254158,0.003411473290569623
1.2296734834707796,0.0014856002045657993
1.2352125532161435,0.0024903399286307277
1.2407516229615072,0.0028594176627132276
1.246290692706871,0.0017664006649360047
1.251829762452235,0.0022078467502243113
1.2573688321975989,0.0023940918362271267
1.2629079019429628,0.0038420424556651553
1.2684469716883267,0.0032580889602485123
1.2739860414336905,0.01015203699053552
1.2795251111790544,0.012901970233163994
1.2850641809244183,0.004968961166832943
1.2906032506697822,0.002717433070853474
1.296142320415146,0.0026772829881322566
1.30168139016051,0.0007502245242739558
1.3072204599058739,0.001606632065606603
1.3127595296512375,0.0010116079653651187
1.3182985993966014,0.0016586142205739054
1.3238376691419653,0.0015317760753934644
1.3293767388873292,0.002071303266963196
1.334915808632693,0.002619775468557209
1.340454878378057,0.0013511324357570252
1.3459939481234209,0.0006638754664066573
1.3515330178687848,0.000822426964496463
1.3570720876141487,0.003388495937964287
1.3626111573595125,0.0009514313414937462
1.3681502271048764,0.0013806711826025054
1.3736892968502403,0.01580522316793842
1.3792283665956042,0.0310293733972169
1.3847674363409679,0.06403741458066824
1.3903065060863318,0.36427791179227315
1.3958455758316957,0.8112282048883218
1.4013846455770596,0.49316124439597475
1.4069237153224234,0.03478294884959155
1.4124627850677873,0.001974045517138907
1.4180018548131512,0.005703840393674349
1.423540924558515,0.002875354187440776
1.429079994303879,0.0021736925666381865
1.4346190640492429,0.001200275410796775
1.4401581337946068,0.0008944959738543546
1.4456972035399707,0.0007724296740139335
1.4512362732853346,0.0020291194533519235
1.4567753430306982,0.0027410089740504203
1.4623144127760621,0.0022209422772100497
1.467853482521426,0.0014093488861602734
1.47339255226679,0.00024055085635079149
1.4789316220121538,0.0020252232848746716
1.4844706917575177,0.0014907970754170661
1.4900097615028816,0.0007096622680925783
1.4955488312482454,0.002220302897279265
1.5010879009936093,0.0021867358280602857
1.5066269707389732,0.0012556855406820337
1.5121660404843371,0.0011165633465059564
1.517705110229701,0.0014665396455360161
1.523244179975065,0.001643951971347899
1.5287832497204286,0.0009284760526577058
1.5343223194657925,0.0010921994788291541
1.5398613892111563,0.002023800712831408
1.5454004589565202,0.001987248523991534
1.5509395287018841,0.0023672394721487204
1.556478598447248,0.0027480186347786932
1.562017668192612,0.0009521672824649922
1.5675567379379758,0.0006516807584144265
1.5730958076833397,0.0014513334920203107
1.5786348774287036,0.0007882716109281414
1.5841739471740675,0.0009743781946084276
1.5897130169194313,0.0004292919910554354
1.5952520866647952,0.0005613813656534848
1.600791156410159,0.0011338166617853578
1.6063302261555228,0.0010867132811008895
1.6118692959008867,0.0010409546826377113
1.6174083656462506,0.0012672327602301307
1.6229474353916145,0.001229840224651504
1.6284865051369783,0.0030187372739750268
1.6340255748823422,0.0017019286346062693
1.6395646446277061,0.0003289541382633829
1.64510371437307,0.0013140495887085752
1.650642784118434,0.0011259133416528793
1.6561818538637978,0.0011443973093551143
1.6617209236091617,0.0013383197419277921
1.6672599933545253,0.0008830045552544444
1.6727990630998892,0.0012083846852999132
1.6783381328452531,0.00045706525192055586
1.683877202590617,0.0012191906051296252
1.689416272335981,0.0017936457151999337
1.6949553420813448,0.0017125813033552974
1.7004944118267087,0.001395364136197914
1.7060334815720726,0.0016367529643648573
1.7115725513174365,0.0005965842984142145
1.7171116210628004,0.0006221193298359982
1.7226506908081642,0.001530251267616613
1.7281897605535281,0.0007920618267813395
1.733728830298892,0.0012840974440284064
1.7392679000442557,0.0015262151493242986
1.7448069697896196,0.001310222922813151
1.7503460395349835,0.0007954942982867677
1.7558851092803474,0.0010484942236254975
1.7614241790257112,0.0014453161361139774
1.7669632487710751,0.0007177050808970736
1.772502318516439,0.0007278800111032173
1.778041388261803,0.0007265738277675239
1.7835804580071668,0.0016887390824634472
1.7891195277525307,0.001125136520076359
1.7946585974978946,0.0006898139344950594
1.8001976672432585,0.000664140714482441
1.8057367369886224,0.0014752967840558253
1.811275806733986,0.0010046128588885128
1.81681487647935,0.0003874205953507967
1.8223539462247138,0.0009354774584987425
1.8278930159700777,0.0008204594262406595
1.8334320857154416,0.0013547627475824031
1.8389711554608055,0.001910660688363829
1.8445102252061694,0.0005217680435822123
1.8500492949515333,0.0008388146904585364
1.8555883646968971,0.0010568669680304764
1.861127434442261,0.0002953280767377091
1.866666504187625,0.0016453991283469041
1.8722055739329888,0.006124965348667244
1.8777446436783527,0.006654983735532785
1.8832837134237164,0.001994975886322227
1.8888227831690803,0.00152794732785885
1.8943618529144441,0.0014977405787315432
1.899900922659808,0.0011416746534145884
1.905439992405172,0.0011113245493639444
1.9109790621505358,0.0006822682742904291
1.9165181318958997,0.0011215394415570715
1.9220572016412636,0.0011120857630488896
1.9275962713866275,0.0014692390840955268
1.9331353411319914,0.001258839236200001
1.9386744108773553,0.0009404075083112218
1.9442134806227191,0.0016133735310931352
1.9497525503680828,0.0016843892864542346
1.9552916201134467,0.001254749331188961
1.9608306898588106,0.001977853943579225
1.9663697596041745,0.0014481964607742713
1.9719088293495384,0.0013906047345941801
1.9774478990949023,0.0021710743813228425
1.9829869688402662,0.0012412481715835624
1.98852603858563,0.0008767836384791097
1.994065108330994,0.002694667338137929
1.9996041780763578,0.0033732087224323626
2.0051432478217217,0.002457628300298643
2.0106823175670856,0.002058719917501436
2.0162213873124495,0.002272229732008198
2.0217604570578134,0.0021139684469275205
2.0272995268031773,0.0020599115126935983
2.032838596548541,0.0005235183341858882
2.038377666293905,0.0002997890643321154
2.043916736039269,0.0011198546177010641
2.049455805784633,0.0015756065237608884
2.0549948755299967,0.0009532059530402543
2.06053394527536,0.0014421104741357156
2.066073015020724,0.0017386992185957244
2.071612084766088,0.0006619104528355167
2.077151154511452,0.0005988357134019169
2.0826902242568157,0.0007398778417208606
2.0882292940021796,0.002558208301792085
2.0937683637475435,0.0022026277401513616
2.0993074334929074,0.002226955348946715
2.1048465032382713,0.0010491791664255117
2.110385572983635,0.0010537183057013973
2.115924642728999,0.00041536990987937336
2.121463712474363,0.0023960190803056173
2.127002782219727,0.00475491742941986
2.1325418519650907,0.0036838648572767637
2.1380809217104546,0.0027628234428016684
2.1436199914558185,0.0013255959517324215
2.1491590612011824,0.003771595775824163
2.1546981309465463,0.004381904548320357
2.16023720069191,0.0047890609155382576
2.165776270437274,0.014667414520697811
2.171315340182638,0.025462789015913777
2.176854409928002,0.05020572313719621
2.1823934796733657,0.30809125658998987
2.1879325494187296,0.6937248262091325
2.1934716191640935,0.384555631865802
2.199010688909457,0.009566637564383878
2.204549758654821,0.008120775858708316
2.2100888284001847,0.00779418911693989
2.2156278981455486,0.004475541323038711
2.2211669678909125,0.004219156277516804
2.2267060376362764,0.004335096370055209
2.2322451073816403,0.0018542819921736169
2.237784177127004,0.0028725411131094686
2.243323246872368,0.004706656863118385
2.248862316617732,0.0043009566466897554
2.254401386363096,0.0035489855690243855
2.2599404561084597,0.001253746839181711
2.2654795258538236,0.0018209716352265998
2.2710185955991875,0.0019921397707950137
2.2765576653445514,0.0024601286708981554
2.2820967350899153,0.0018247443359706143
2.287635804835279,0.002171931180649151
2.293174874580643,0.002178905576470588
2.298713944326007,0.001104678920737838
2.304253014071371,0.0013823428293334471
2.3097920838167347,0.0018504648078191313
2.3153311535620986,0.0022159394226437578
2.3208702233074625,0.0025403984787597126
2.3264092930528264,0.002006273803544023
2.3319483627981903,0.0002703955023463853
2.337487432543554,0.00035070439854881176
2.3430265022889176,0.002428593778347467
2.3485655720342815,0.003159517198841583
2.3541046417796454,0.003483236143780841
2.3596437115250093,0.005206150451753033
2.365182781270373,0.003603073138111677
2.370721851015737,0.00032769691583035804
2.376260920761101,9.753953849533147e-05
2.381799990506465,0.0016308491392669142
2.3873390602518287,0.0019378952440520555
2.3928781299971926,0.002208280299037579
2.3984171997425565,0.0015926636955970912
2.4039562694879204,0.0024399474544675058
2.4094953392332843,0.001479206039712967
2.415034408978648,0.0016907099496010665
2.420573478724012,0.0014192528344983823
2.426112548469376,0.0020766574295820964
2.43165161821474,0.0012440725785377138
2.4371906879601037,0.000956699852599361
2.4427297577054676,0.0014591059157761307
2.4482688274508315,0.0016259798662615482
2.4538078971961954,0.0012605315884381438
2.4593469669415593,0.0013132881037503784
2.464886036686923,0.0012961405806995617
2.470425106432287,0.0014112253620067435
2.475964176177651,0.0006494798884919395
2.4815032459230144,0.001489101036007045
2.4870423156683783,0.0010291832731647145
2.492581385413742,0.002220504257956723
2.498120455159106,0.0015749180484442812
2.50365952490447,0.0010331559732415692
2.509198594649834,0.0009709728266912493
2.5147376643951977,0.0013478174471093392
2.5202767341405616,0.0014111402463707126
2.5258158038859255,0.0010062057343676034
2.5313548736312894,0.0009821522810582871
2.5368939433766533,0.0008750349534667138
2.542433013122017,0.0009020762122952323
2.547972082867381,0.0007856231168030277
2.553511152612745,0.0006449068833586428
2.559050222358109,0.00045384687001718627
2.5645892921034728,0.0004998697336078137
2.5701283618488366,0.000572939500007144
2.5756674315942005,0.0004184504234210804
2.5812065013395644,0.0007226183069000737
2.5867455710849283,0.001228513301733015
2.592284640830292,0.00140529018929518
2.597823710575656,0.0016204954724697309
2.60336278032102,0.0008349900391091591
2.608901850066384,0.0009360037950361329
2.6144409198117478,0.0002847998046195007
2.6199799895571116,0.0005003234016996814
2.625519059302475,0.00048158290995519077
2.631058129047839,0.0004831490780481721
2.636597198793203,0.0011727376695239253
2.6421362685385668,0.0015024502005604049
2.6476753382839306,0.0010656968062820228
2.6532144080292945,0.0027898038331812046
2.6587534777746584,0.00417996314235019
2.6642925475200223,0.00279925193463807
2.669831617265386,0.0026727670692583342
2.67537068701075,0.0034037104931442315
2.680909756756114,0.0011651580746164316
2.686448826501478,0.0008418072435624502
2.6919878962468418,0.001891417239709421
2.6975269659922056,0.0012369052475096412
2.7030660357375695,0.0003982371837099961
2.7086051054829334,0.0006673658741562489
2.7141441752282973,0.0013416198991053551
2.719683244973661,0.0014392384869255019
2.725222314719025,0.00023154314595736793
2.730761384464389,0.0020366757132232313
2.736300454209753,0.0019014254569581174
2.7418395239551168,0.0002168698883496843
2.7473785937004807,0.00020346144424169445
2.7529176634458445,0.000525163929519589
2.7584567331912084,0.0005264568909865164
2.7639958029365723,0.0007052986544958537
2.7695348726819358,0.0009020386112969635
2.7750739424272997,0.0010510246850059363
2.7806130121726635,0.0009751175336953518
2.7861520819180274,0.0004906317609974666
2.7916911516633913,0.0024195583951727388
2.797230221408755,0.001760054510812829
2.802769291154119,0.0014896182730826484
2.808308360899483,0.0011765440814860556
2.813847430644847,0.0010387562373862945
2.8193865003902108,0.0002974594167509227
2.8249255701355747,0.001132751170896155
2.8304646398809385,0.001809667978266615
2.8360037096263024,0.0018607779084877018
2.8415427793716663,0.0016188404360015613
2.84708184911703,0.0009649722989865086
2.852620918862394,0.0012453361800936686
2.858159988607758,0.0014316304990638217
2.863699058353122,0.0012580857461644852
2.8692381280984858,0.0011647590895240672
2.8747771978438497,0.0009086198756737159
2.8803162675892136,0.0007143491188729157
2.8858553373345774,0.00078918181521417
2.8913944070799413,0.0011580116177370991
2.896933476825305,0.0014671052380770004
2.902472546570669,0.0017696410752098164
2.9080116163160326,0.001334742885533263
2.9135506860613964,0.000545587026645472
2.9190897558067603,0.0015744079607769527
2.9246288255521242,0.002294539877988974
2.930167895297488,0.002012983923870679
2.935706965042852,0.0016273973688215333
2.941246034788216,0.0012794600283234127
2.94678510453358,0.0019118506719528845
2.9523241742789437,0.0022491002844194172
2.9578632440243076,0.0019717083365483165
2.9634023137696714,0.002046278529887173
2.9689413835150353,0.002617317140903678
2.9744804532603992,0.0028862296628897974
2.980019523005763,0.002254125828231713
2.985558592751127,0.0014648029761780209
2.991097662496491,0.001989104094831644
2.996636732241855,0.0020151871309824067
3.0021758019872187,0.002484923859915992
3.0077148717325826,0.0026589349108588228
3.0132539414779465,0.0017490131835032846
3.0187930112233103,0.0011235310912152115
3.0243320809686742,0.0014853503587952798
3.029871150714038,0.0014917282429229963
3.035410220459402,0.0020981368018705227
3.040949290204766,0.00149156023864467
3.04648835995013,0.00025898783821751414
3.0520274296954932,0.0003690224302417275
3.057566499440857,0.0012621231181049208
3.063105569186221,0.002526694566603831
3.068644638931585,0.003523327724729954
3.074183708676949,0.0026271513862682803
3.0797227784223127,0.0013052706517481909
3.0852618481676766,0.0006422746978054259
3.0908009179130405,0.000947422139401336
3.0963399876584043,0.0022438418456855558
3.1018790574037682,0.0028951596453039375
3.107418127149132,0.0021050154646272672
3.112957196894496,0.001879914523385479
3.11849626663986,0.0014180225266319517
3.124035336385224,0.0013108982464816287
3.1295744061305877,0.0021452268564109795
3.1351134758759516,0.0036446549293766297
3.1406525456213155,0.003866121874742998
3.1461916153666794,0.003757922068795535
3.1517306851120432,0.004871476060847192
3.157269754857407,0.003343272623860331
3.162808824602771,0.0012507713183097123
3.168347894348135,0.002678444747868285
3.173886964093499,0.0037591285991382156
3.1794260338388627,0.0033883593320026195
3.1849651035842266,0.002223530045462251
3.1905041733295905,0.00048745035726455394
3.196043243074954,0.0022475690746746485
3.201582312820318,0.0040691013021911405
3.2071213825656817,0.004328614053700518
3.2126604523110456,0.0040778425090954905
3.2181995220564095,0.003184651817022597
3.2237385918017734,0.002412043981219111
3.2292776615471372,0.0029251304310361093
3.234816731292501,0.005009355522283051
3.240355801037865,0.00577549307296855
3.245894870783229,0.007580236859620848
3.251433940528593,0.009828410852967437
3.2569730102739567,0.01533140920413362
3.2625120800193206,0.027714853594957192
3.2680511497646845,0.1584566725652007
3.2735902195100484,0.19446869207765585
3.2791292892554122,0.045346079147268854
3.284668359000776,0.015554224197238535
3.29020742874614,0.014685056885718967
3.295746498491504,0.01015391482065258
3.301285568236868,0.0069338916162102774
3.3068246379822317,0.004899597668545546
3.3123637077275956,0.0015271090597517257
3.3179027774729595,0.0018960121147122149
3.3234418472183234,0.003373159329075647
3.3289809169636873,0.003916273618269192
3.3345199867090507,0.00433162994728913
3.3400590564544146,0.0030210764248370364
3.3455981261997785,0.0009600427627036098
3.3511371959451424,0.0013824419237978083
3.3566762656905063,0.0025434073516788806
3.36221533543587,0.0038816985371028815
3.367754405181234,0.004231906937353517
3.373293474926598,0.003276430321163711
3.378832544671962,0.0017024483304435263
3.3843716144173257,0.0003664785447189355
3.3899106841626896,0.0018355682221438492
3.3954497539080535,0.003322697732211536
3.4009888236534174,0.0037171956748146395
3.4065278933987813,0.00260193016056388
3.412066963144145,0.0020083054258446527
3.417606032889509,0.0019136298191838436
3.423145102634873,0.0019440445182598914
3.428684172380237,0.0025319472939750965
3.4342232421256007,0.002703006102147124
3.4397623118709646,0.0030377959334281796
3.4453013816163285,0.0025984593626101663
3.4508404513616924,0.0015178077906524865
3.4563795211070563,0.001412184753256576
3.46191859085242,0.001788229296856487
3.467457660597784,0.0026774875662419415
3.472996730343148,0.003066901249950217
3.4785358000885114,0.002176442525293681
3.4840748698338753,0.001285707437000637
3.489613939579239,0.001516985771816409
3.495153009324603,0.0017978516365377503
3.500692079069967,0.00174998990987308
3.506231148815331,0.0022719034543725015
3.5117702185606947,0.0024867734659371663
3.5173092883060586,0.0017681390298010223
3.5228483580514225,0.0014566644773684474
3.5283874277967864,0.0012314253899588369
3.5339264975421503,0.0014541421343745317
3.539465567287514,0.00153632881401108
3.545004637032878,0.0012867036715228108
3.550543706778242,0.0010287915005003923
3.556082776523606,0.001222613147630868
3.5616218462689697,0.002065729320315239
3.5671609160143336,0.001299040531085378
3.5726999857596975,0.003070857230841831
3.5782390555050614,0.007486913251092077
3.5837781252504253,0.010865989607593877
3.589317194995789,0.006326313971396202
3.594856264741153,0.0003370044658901593
3.600395334486517,0.0021282452103741265
3.605934404231881,0.0019497977387730409
3.6114734739772447,0.0022194054406167044
3.617012543722608,0.0023021678394373533
3.622551613467972,0.001200349775385458
3.628090683213336,0.0008579120901402209
3.6336297529587,0.0014334748236575446
3.6391688227040637,0.0018857609837961105
3.6447078924494276,0.0019330781966961288
3.6502469621947915,0.001849957210863701
3.6557860319401554,0.0013346896646190803
3.6613251016855193,0.0006542867612594573
3.666864171430883,0.0007240641310301342
3.672403241176247,0.001652839857495575
3.677942310921611,0.0015453661990576621
3.683481380666975,0.0011778691149022158
3.6890204504123387,0.0007351340751506516
3.6945595201577026,0.0004155252986676489
3.7000985899030665,0.00011005586948131423
3.7056376596484304,0.00048460313862181597
3.7111767293937943,0.0011454472490978864
3.716715799139158,0.0012596902569465872
3.722254868884522,0.0014736315817880487
3.727793938629886,0.0015253837632357929
3.73333300837525,0.00022010434070250496
3.7388720781206137,0.0016245343676678935
3.7444111478659776,0.0011335926895708044
3.7499502176113415,0.0009361780691145061
3.7554892873567054,0.0017918207141929023
3.761028357102069,0.0010294001818492245
3.7665674268474327,0.00013749634295486692
3.7721064965927966,0.0005645987125552795
3.7776455663381605,0.001383246143720213
3.7831846360835244,0.0017555952584679916
3.7887237058288883,0.0010366214200612706
3.794262775574252,0.0009703014411729213
3.799801845319616,0.0002741934226866648
3.80534091506498,0.0006777077022274579
3.810879984810344,0.001151238814056983
3.8164190545557077,0.001183432718600701
3.8219581243010716,0.0012521738518306437
3.8274971940464355,0.000882183111257702
3.8330362637917994,0.0002369479268129694
3.8385753335371633,0.0003127488966849818
3.844114403282527,0.0004039338869599258
3.849653473027891,0.0009502359690600077
3.855192542773255,0.0007119985625241655
3.860731612518619,0.0004282641736640697
3.8662706822639827,0.0005821559742133425
3.8718097520093466,0.0002911237691982879
3.8773488217547105,0.0002512146538919102
3.8828878915000744,0.00042572017923342463
3.8884269612454383,0.0006982329733853249
3.893966030990802,0.0008130821480476001
3.8995051007361656,0.0006528813677711324
3.9050441704815295,0.0005808986330749717
3.9105832402268934,0.000640860042481114
3.9161223099722573,0.0003678986451784104
3.921661379717621,0.00025490741538295646
3.927200449462985,0.00031991882924868186
3.932739519208349,0.0005762604996453063
3.938278588953713,0.0007247506536107969
3.9438176586990767,0.0005590372962223882
3.9493567284444406,0.00014116131641671965
3.9548957981898045,0.0005762077326006514
3.9604348679351684,0.0009151393111201862
3.9659739376805323,0.0006764491561966102
3.971513007425896,0.0005151158032785133
3.97705207717126,0.0006172072436095003
3.982591146916624,0.0004197098816920005
3.988130216661988,0.00041724757316717804
3.9936692864073517,0.0010806084693461935
3.9992083561527156,0.0014700184075494727
4.0047474258980795,0.0009899184658041945
4.010286495643443,0.0007111627786781396
4.015825565388807,0.0007159820445077413
4.021364635134171,0.0005528850683466036
4.026903704879535,0.0003427982513107508
4.032442774624899,0.00021045027734512104
4.037981844370263,0.0008044593705015282
4.043520914115627,0.0012116105815731012
4.049059983860991,0.0009752905051736804
4.0545990536063545,0.0004599597401494919
4.060138123351718,0.00034572600963123486
4.065677193097082,0.0005987476970885007
4.071216262842446,0.0007110142100642195
4.07675533258781,0.0007530521721182727
4.082294402333174,0.0010690686906440284
4.087833472078538,0.0010807431396069554
4.093372541823902,0.0005421611005150582
4.098911611569266,0.0005856706731790694
4.1044506813146295,0.0014282199491480498
4.109989751059993,0.0014601261220158887
4.115528820805356,0.001003586521999553
4.12106789055072,0.000743013710481341
4.126606960296084,0.0004979830785967851
4.132146030041448,0.0005336823678342037
4.137685099786812,0.0008880365934743409
4.143224169532176,0.0011606572347833855
4.14876323927754,0.0010958513354917272
4.154302309022904,0.0007242803273413184
4.1598413787682675,0.00022321258393756966
4.165380448513631,0.0003707396455600711
4.170919518258995,0.0007620609797076131
4.176458588004359,0.000995836283246849
4.181997657749723,0.0010316645365710973
4.187536727495087,0.0007335996496262753
4.193075797240451,0.00023099199117168796
4.198614866985815,0.00019741700767328047
4.204153936731179,0.000753332625189055
4.2096930064765425,0.0007208443311868518
4.215232076221906,0.0002654517910308714
4.22077114596727,0.00013927415792093793
4.226310215712634,0.0005595324348400448
4.231849285457998,0.000575769535235517
4.237388355203362,0.0002897058841433027
4.242927424948726,0.0005873140387770221
4.24846649469409,0.0008408378785138764
4.254005564439454,0.0007273933178245897
4.2595446341848175,0.000351440555327961
4.265083703930181,0.00014374374603411398
4.270622773675545,0.0004605432098889893
4.276161843420909,0.0006681051959630767
4.281700913166273,0.0006745559298834368
4.287239982911637,0.0007146089549092074
4.292779052657001,0.0006404682471689632
4.298318122402365,0.00042441295537995965
4.303857192147729,0.0006965252903211362
4.3093962618930926,0.0010141181332863384
4.314935331638456,0.0007474260151652952
4.32047440138382,0.0006338946979967778
4.326013471129184,0.0008117208378588585
4.331552540874548,0.0006137106975955334
4.337091610619912,0.0004869690103214805
4.342630680365276,0.00029585541946790424
4.34816975011064,0.00013204058114025345
4.353708819856004,0.00036808156502914595
4.3592478896013676,0.0014427643483078737
4.364786959346731,0.0023430553823317987
4.370326029092095,0.002953867302982404
4.375865098837459,0.003983773265597531
4.381404168582823,0.0024221964713384988
4.386943238328187,0.0021141108267664784
4.392482308073551,0.0017398524479976206
4.398021377818914,0.0005137852732232467
4.403560447564278,0.0004942718892636363
4.409099517309642,0.0004192852075147351
4.414638587055006,0.001214424106000452
4.4201776568003694,0.0014623729541558147
4.425716726545733,0.001345429592115893
4.431255796291097,0.0008462619243580949
4.436794866036461,0.0003060208071486519
4.442333935781825,0.0008665322956546859
4.447873005527189,0.0010732371636990353
4.453412075272553,0.0012367449225762
4.458951145017917,0.0011585280626814902
4.464490214763281,0.0009750842495136566
4.4700292845086445,0.0009234592932153014
4.475568354254008,0.0006141549267818736
4.481107423999372,0.0010883071636280759
4.486646493744736,0.001343338337029313
4.4921855634901,0.0015274599328935874
4.497724633235464,0.0012514843622559659
4.503263702980828,0.0008934119366568651
4.508802772726192,0.0010740517007391127
4.514341842471556,0.0024291912760584173
4.5198809122169195,0.004305233552675395
4.525419981962283,0.006509769267048768
4.530959051707647,0.009492003730985054
4.536498121453011,0.007776850543911693
4.542037191198375,0.0061610372707545345
4.547576260943739,0.018443805430525616
4.553115330689103,0.015399837576757188
4.558654400434467,0.006190286655513696
4.564193470179831,0.004877514669336398
4.5697325399251945,0.0036313492609398724
4.575271609670558,0.002399757915884098
4.580810679415922,0.0016853860287562828
4.586349749161286,0.0013390957359054039
4.59188881890665,0.0007596285489866982
4.597427888652014,0.0006153797991441137
4.602966958397378,0.0009918417670501767
4.608506028142742,0.0010777734457111628
4.614045097888106,0.0009208656246527069
4.6195841676334695,0.0009470322530211892
4.625123237378833,0.0008938467967811311
4.630662307124197,0.00035374178156911956
4.636201376869561,0.0001503981046693465
4.641740446614925,0.0005019410749838661
4.647279516360289,0.0014993944888570347
4.652818586105653,0.002574902928636807
4.658357655851017,0.0025348241513692502
4.663896725596381,0.0025060770931552303
4.6694357953417445,0.003183070143863248
4.674974865087108,0.002273228168158935
4.680513934832471,0.0016957226482288152
4.686053004577835,0.0007533215603134048
4.691592074323199,0.0003982812383560437
4.697131144068563,0.000408726902461982
4.702670213813927,0.0007076053887227305
4.708209283559291,0.0008351885691628387
4.713748353304655,0.00082572255072784
4.719287423050019,0.0009151569544544228
4.7248264927953825,0.0008248589265152256
4.730365562540746,0.0004917188410423907
4.73590463228611,0.0005614478559364468
4.741443702031474,0.0009209321581089226
4.746982771776838,0.0008920001208646489
4.752521841522202,0.0007585970112834069
4.758060911267566,0.0009109743989739776
4.76359998101293,0.0009996074233089708
4.769139050758294,0.000573346872852471
4.7746781205036575,0.00047451835906560526
4.780217190249021,0.0007996654648551915
4.785756259994385,0.0009220353976333993
4.791295329739749,0.0009831271957921987
4.796834399485113,0.0009841748600991618
4.802373469230477,0.0005618642049168079
4.807912538975841,0.0003563078334815907
4.813451608721205,0.0007831366002270269
4.818990678466569,0.0010569382851443158
4.8245297482119325,0.001120884399552628
4.830068817957296,0.0009233442839981698
4.83560788770266,0.0006405571812171587
4.841146957448024,0.0005086690032047097
4.846686027193388,0.0006924631141088858
4.852225096938752,0.0009159880749573036
4.857764166684116,0.0009048616360024631
4.86330323642948,0.0009290839295852608
4.868842306174844,0.0010334218137850728
4.8743813759202075,0.0007648180979973165
4.879920445665571,0.00032458616912739186
4.885459515410935,0.0006876367603592865
4.890998585156299,0.0011874465699322923
4.896537654901663,0.0012231909931258644
4.902076724647027,0.0008650567854330146
4.907615794392391,0.0005161981554789099
4.913154864137755,0.0005292069672491238
4.918693933883119,0.0007308960142232266
4.9242330036284825,0.0009999870460215157
4.929772073373846,0.001094131320803124
4.93531114311921,0.0008761546970015325
4.940850212864574,0.0006035650109925102
4.946389282609938,0.0005060710210332866
4.951928352355302,0.0006513889575145066
4.957467422100666,0.0008682654760985133
4.963006491846029,0.000860716716935596
4.968545561591393,0.0008811872823943685
4.974084631336757,0.0009128587520107466
4.9796237010821205,0.0005502140691026469
4.985162770827484,0.00023731790734592522
4.990701840572848,0.0007604949662334803
4.996240910318212,0.0011299163783072934
5.001779980063576,0.0010961140309108952
5.00731904980894,0.0006484540045961041
5.012858119554304,0.00036985063233860977
5.018397189299668,0.000642444990904544
5.023936259045032,0.0006698246583805365
5.0294753287903955,0.0007644202115218129
5.035014398535759,0.0009018345420233249
5.040553468281123,0.00073146912383327
5.046092538026487,0.0004845570387470483
5.051631607771851,0.0004855270679115247
5.057170677517215,0.0005007792916002244
5.062709747262579,0.0006460345387255202
5.068248817007943,0.0008266843358972393
5.073787886753307,0.0007868196332525135
5.0793269564986705,0.0005650545159205164
5.084866026244034,0.00034651158830777633
5.090405095989398,0.00045167723476094174
5.095944165734762,0.000625128106256944
5.101483235480126,0.000663250770161201
5.10702230522549,0.0006462911845730772
5.112561374970854,0.0005376884946934851
5.118100444716218,0.000412370783888208
5.123639514461582,0.0004598220871537091
5.1291785842069455,0.00043927226607768874
5.134717653952309,0.00046985951194426697
5.140256723697673,0.0006113753595251275
5.145795793443037,0.0005837919756240012
5.151334863188401,0.0005012424900551679
5.156873932933765,0.0004653391422202119
5.162413002679129,0.0002796976632424647
5.167952072424493,0.00032929642033155914
5.173491142169857,0.0006363973166484349
5.1790302119152205,0.0006888282611657885
5.184569281660584,0.0005069247721562141
5.190108351405948,0.0003553139700543836
5.195647421151312,0.00034357527782868913
5.201186490896676,0.0002677023230167706
5.20672556064204,0.0003936839605626914
5.212264630387404,0.0006260025819859072
5.217803700132768,0.0006269266948074063
5.223342769878132,0.0004231573216024449
5.2288818396234955,0.00028621816216923814
5.234420909368859,0.0002854716397864081
5.239959979114223,0.0003728418706479294
5.245499048859587,0.0005106643781709412
5.25103811860495,0.0005270885574965988
5.256577188350314,0.0004054558903377607
5.262116258095678,0.0003546788386522456
5.267655327841042,0.0003977335280265268
5.273194397586406,0.00036865280169780257
5.27873346733177,0.0003580795400835295
5.2842725370771335,0.0003896743723595736
5.289811606822497,0.0004461319609092741
5.295350676567861,0.0006199273971830997
5.300889746313225,0.0006650933360471584
5.306428816058589,0.0004038575143888736
5.311967885803953,0.00015792421976040488
5.317506955549317,0.000628288643583453
5.323046025294681,0.0008328738862141434
5.328585095040045,0.0006505275208099097
5.3341241647854085,0.00031238638686773815
5.339663234530772,0.0004484223010067923
5.345202304276136,0.0005696871693820146
5.3507413740215,0.00030294058907710575
5.356280443766864,0.0003629314725337217
5.361819513512228,0.0008618081194527393
5.367358583257592,0.0010794285867041988
5.372897653002956,0.0008354419498454162
5.37843672274832,0.00040474718780338537
5.3839757924936835,0.0001320077699537696
5.389514862239047,0.0006200495645751335
5.395053931984411,0.0009820390579909325
5.400593001729775,0.00115219998543829
5.406132071475139,0.0009900631276192262
5.411671141220503,0.0007371859013455956
5.417210210965867,0.0003028502866464055
5.422749280711231,0.0007571712069090783
5.428288350456595,0.0011858498643392537
5.4338274202019585,0.0018395094697606306
5.439366489947322,0.002630805761676119
5.444905559692686,0.0029475694304221703
5.45044462943805,0.003317405193494258
5.455983699183414,0.003929010978254158
5.461522768928778,0.003891060891464098
5.467061838674142,0.003583200827749377
5.472600908419506,0.001963070480683715
5.47813997816487,0.0015977900023428143
5.4836790479102335,0.001699798369440858
5.489218117655597,0.001831558533803167
5.494757187400961,0.0013961525383073335
5.500296257146325,0.0006208431449000141
5.505835326891689,0.00017956598320093825
5.511374396637053,0.0006037904016527078
5.516913466382417,0.0009114464004997269
5.522452536127781,0.0009268546334027776
5.527991605873145,0.0008973986481569027
5.533530675618508,0.0009799813824147325
5.5390697453638715,0.000828237810178475
5.544608815109235,0.0003210886302681192
5.550147884854599,0.0006076503631180923
5.555686954599963,0.001139514668536894
5.561226024345327,0.001247242572236561
5.566765094090691,0.0009609063380964992
5.572304163836055,0.0005576036217305965
5.577843233581419,0.0005411595712077849
5.583382303326783,0.000654451539705066
5.5889213730721465,0.0008041099758203181
5.59446044281751,0.0009612045445002731
5.599999512562874,0.0008818722803828192
5.605538582308238,0.0005414275053315666
5.611077652053602,0.0006089983566577248
5.616616721798966,0.0008486961000352337
5.62215579154433,0.0006988274153213094
5.627694861289694,0.000747704286897614
5.633233931035058,0.001138784407601399
5.6387730007804215,0.0009621832294141511
5.644312070525785,0.0004312270855678115
5.649851140271149,0.00032377979964601033
5.655390210016513,0.0008117029205495296
5.660929279761877,0.00099915010145491
5.666468349507241,0.0008854805245627675
5.672007419252605,0.0006638389179845303
5.677546488997969,0.0004613888213121398
5.683085558743333,0.000629088371599177
5.6886246284886965,0.0008085134443222257
5.69416369823406,0.0007921356596476717
5.699702767979424,0.0006547078908278904
5.705241837724788,0.0006212858805339892
5.710780907470152,0.0006013958522386076
5.716319977215516,0.0005529238831017495
5.72185904696088,0.0006657463618328807
5.727398116706244,0.0007615199185077432
5.732937186451608,0.0007532241711032363
5.7384762561969715,0.0007752758025019922
5.744015325942335,0.0006963320008082981
5.749554395687699,0.0004428843337603571
5.755093465433063,0.0004988101153187773
5.760632535178427,0.0006315809026955539
5.766171604923791,0.0007576410520077118
5.771710674669155,0.0007790515917903313
5.777249744414519,0.0005563706870919358
5.782788814159883,0.0003509609763883926
5.7883278839052466,0.0005124034173946842
5.79386695365061,0.0005997845948420009
5.799406023395974,0.0006132372855150367
5.804945093141338,0.0005861628351826462
5.810484162886702,0.0005210266914683787
5.816023232632065,0.00033291042783410013
5.821562302377429,0.0004015673324299948
5.827101372122793,0.000675439255281604
5.832640441868157,0.000858413447880926
5.838179511613521,0.0007926583419683427
5.843718581358885,0.0004836795222130266
5.8492576511042484,8.515977637810013e-05
5.854796720849612,0.00022826350349586027
5.860335790594976,0.0004591549474850444
5.86587486034034,0.0005378299203633443
5.871413930085704,0.0006562010077688074
5.876952999831068,0.0006420138887456202
5.882492069576432,0.0004276608112008187
5.888031139321796,6.131194886785061e-05
5.89357020906716,0.0005361390284661858
5.8991092788125234,0.0013311216915942471
5.904648348557887,0.0020428781193820547
5.910187418303251,0.00226563914560855
5.915726488048615,0.0019342121285139768
5.921265557793979,0.0017317488982542886
5.926804627539343,0.0002969332272464963
5.932343697284707,0.0016934983467427839
5.937882767030071,0.001379508952301582
5.943421836775435,0.00043337215306633994
5.9489609065207985,0.0017677025717951667
5.954499976266162,0.0016722280344353612
5.960039046011526,0.0015846643306722755
5.96557811575689,0.0014998826624678652
5.971117185502254,0.0010260646019043494
5.976656255247618,0.0005997388378569233
5.982195324992982,0.0006097818064405598
5.987734394738346,0.0006836706405457984
5.99327346448371,0.0009441474787943418
5.9988125342290735,0.001023036065728071
6.004351603974437,0.0007879031759971311
6.009890673719801,0.0005697106542114172
6.015429743465165,0.0003758568883978567
6.020968813210529,0.00038578944881297804
6.026507882955893,0.0005657534762160746
6.032046952701257,0.0008548931970611209
6.037586022446621,0.0007748084706083183
6.043125092191985,0.0004596742656474057
6.0486641619373485,0.00031436537501300816
6.054203231682712,0.00017097434521596734
6.059742301428076,0.0004519404731646168
6.06528137117344,0.0008465214896623108
6.070820440918804,0.0006699711699657174
6.076359510664168,0.00034372855935211537
6.081898580409532,7.88789552422997e-05
6.087437650154896,3.765116115485272e-05
6.09297671990026,0.00034618796965226194
6.098515789645623,0.0001793797485066676
6.1040548593909865,0.0003635449486697017
6.10959392913635,0.0005640720308224563
6.115132998881714,0.00042661345242711016
6.120672068627078,0.00013880678294534508
6.126211138372442,0.0001852909159847569
6.131750208117806,0.00028524068140034796
6.13728927786317,0.00014124281463696666
6.142828347608534,0.0004368194127760916
6.148367417353898,0.0003951336992692477
6.1539064870992615,0.00020430719186370746
6.159445556844625,0.00031923377097634845
6.164984626589989,0.00012005598389915979
6.170523696335353,0.00019024398005548153
6.176062766080717,0.000321064981719145
6.181601835826081,0.0005898010317513355
6.187140905571445,0.0004971744887628865
6.192679975316809,0.00032288064271795416
6.198219045062173,0.00012274039477532192
6.2037581148075365,0.0004778330780329718
6.2092971845529,0.0005374078700984965
6.214836254298264,0.00041590843722036906
6.220375324043628,0.000501978930810294
6.225914393788992,0.0001444867389973828
6.231453463534356,0.00024365920190014777
6.23699253327972,0.0002744747101426537
6.242531603025084,0.0005627748928135685
6.248070672770448,0.0004911028815278729
6.2536097425158115,0.0002699198440673611
6.259148812261175,0.00029337132652893096
6.264687882006539,0.0003441664835399909
6.270226951751903,0.0002678694424976595
6.275766021497267,0.0006346807698678753
6.281305091242631,0.0006549253991705664
6.286844160987995,0.0006658655219787574
6.292383230733359,0.0003560746423033158
6.297922300478723,9.662099772471903e-05
6.3034613702240865,0.00026550459606026734
6.30900043996945,0.0005604255388956487
6.314539509714814,0.0006501090931421737
6.320078579460178,0.0004563371051030058
6.325617649205542,0.00043210787976613753
6.331156718950906,0.00033301226594177976
6.33669578869627,0.0003475706184202542
6.342234858441634,0.00043666362870387195
6.347773928186998,0.0004944148263545154
6.3533129979323615,0.000543123680588353
6.358852067677725,0.00031174351090962343
6.364391137423089,0.00015280757461736378
6.369930207168453,0.00046010275772046146
6.375469276913817,0.00043763343284287454
6.381008346659181,9.299063963381602e-05
6.386547416404544,0.00022191976334928043
6.392086486149908,0.0005477786953596489
6.397625555895272,0.0005654515864445177
6.403164625640636,0.00041890739899351715
6.4087036953859995,0.00033602101128776395
6.414242765131363,0.000258587391894105
6.419781834876727,0.00031857549934428893
6.425320904622091,0.00059083209623465
6.430859974367455,0.0004374756844848302
6.436399044112819,0.00021809996514741243
6.441938113858183,0.00015259349908448613
6.447477183603547,0.0002653138281454824
6.453016253348911,0.00044448428785306575
6.4585553230942745,0.000566693032945423
6.464094392839638,0.000351817497681259
6.469633462585002,0.00011010859472421707
6.475172532330366,0.00027779387554037986
6.48071160207573,0.00044561532597417095
6.486250671821094,0.00043977212893524774
6.491789741566458,0.00017484407113299675
6.497328811311822,0.0001035658242478035
6.502867881057186,5.625535066425779e-05
6.5084069508025495,0.0003456363112659703
6.513946020547913,0.0004098297078652139
6.519485090293277,0.0005698647182861443
6.525024160038641,0.0008717938507549959
6.530563229784005,0.0008549485498278505
6.536102299529369,0.0011271338250532978
6.541641369274733,0.0008376455604799528
6.547180439020097,0.0012919213055518951
6.552719508765461,0.0012247900182087066
6.5582585785108245,0.0010562530404966426
6.563797648256188,0.0010509291590835392
6.569336718001552,0.0008362839028276998
6.574875787746916,0.0007044786006431251
6.58041485749228,0.000382122851993632
6.585953927237644,0.00033217800465772915
6.591492996983008,0.0003747493792584915
6.597032066728372,0.0003346703461008943
6.602571136473736,0.00021542902081541585
6.6081102062190995,0.0002490734130081908
6.613649275964463,0.0001670831109860233
6.619188345709827,0.00023350310560124853
6.624727415455191,0.00010598750462233198
6.630266485200555,7.324679954723182e-05
6.635805554945919,0.00010860074027956705
6.641344624691283,0.0004294497516074486
6.646883694436647,0.00040235781233545227
6.652422764182011,0.0002027799680582953
6.6579618339273745,0.00017329137718819667
6.663500903672738,0.00018620331499724776
6.669039973418101,0.00029084525016183257
6.674579043163465,0.00018283908777287769
6.680118112908829,0.00042478531142029906
6.685657182654193,0.0004670346789904593
6.691196252399557,8.668661512936956e-05
6.696735322144921,0.000424708358225546
6.702274391890285,0.0003101232693228372
6.707813461635649,0.00036214651631504474
6.7133525313810125,0.0006108320144886055
6.718891601126376,0.000792940355905891
6.72443067087174,0.0009396670105880719
6.729969740617104,0.0013394396826962344
6.735508810362468,0.0009743888632794672
6.741047880107832,0.0010515683732509901
6.746586949853196,0.0012689595252780013
6.75212601959856,0.001049930418208156
6.757665089343924,0.0008848720033978678
6.7632041590892875,0.0005774963127023952
6.768743228834651,0.0004186296061125303
6.774282298580015,0.0003648865298738106
6.779821368325379,0.00014487599943024411
6.785360438070743,0.0004094504243078163
6.790899507816107,0.0002499885730051361
6.796438577561471,0.0002928404663955476
6.801977647306835,0.0004544912442309719
6.807516717052199,0.00028405468359570923
6.8130557867975625,2.889087753527073e-05
6.818594856542926,0.00031193194161686656
6.82413392628829,0.00044312601570088136
6.829672996033654,0.00042295160298799615
6.835212065779018,0.0003914936097278292
6.840751135524382,0.000503722152979436
6.846290205269746,0.000382014813062647
6.85182927501511,0.00029084793843343106
6.857368344760474,0.000489218300252407
6.8629074145058375,0.0007657833421692943
6.868446484251201,0.000866745131943273
6.873985553996565,0.0004802091901956381
6.879524623741929,0.00015526944476289625
6.885063693487293,0.0004381313907004201
6.890602763232657,0.0005301768424862795
6.896141832978021,0.0005088508373848612
6.901680902723385,0.00035660294400288424
6.907219972468749,0.00030976748592605153
6.9127590422141125,0.00014341494504555445
6.918298111959476,0.00010895770543337962
6.92383718170484,0.0002896115144201005
6.929376251450204,0.00043489076620438304
6.934915321195568,0.0004428220798925067
6.940454390940932,0.00034546464397109056
6.945993460686296,0.0005545352676152774
6.951532530431659,0.0004280122276583076
6.957071600177023,0.00029030631096446766
6.962610669922387,0.00045907098148137925
6.9681497396677505,0.0005229461556391347
6.973688809413114,0.0005800183225483534
6.979227879158478,0.0005533658122183659
6.984766948903842,0.00022886161281911792
6.990306018649206,0.00015911768876459708
6.99584508839457,0.0002444942441700285
7.001384158139934,0.0004541727765805018
7.006923227885298,0.0005508292424049438
7.012462297630662,0.0004248353335762591
7.0180013673760255,0.00031938970497016016
7.023540437121389,7.361481975621829e-05
7.029079506866753,0.0004716222110161753
7.034618576612117,0.0007552689209700044
7.040157646357481,0.0009048473046122674
7.045696716102845,0.000638746794607547
7.051235785848209,0.0002641226281588434
7.056774855593573,0.0003958626104371797
7.062313925338937,0.0004937884331780237
7.0678529950843005,0.0004931671096636359
7.073392064829664,0.0004360853271378465
7.078931134575028,0.0005101197462266536
7.084470204320392,0.0002113105369154125
7.090009274065756,0.00020195149912557512
7.09554834381112,0.0005110159564828035
7.101087413556484,0.0005506418470451545
7.106626483301848,0.00042089552474616044
7.112165553047212,0.00037119973998632293
7.1177046227925755,0.00047012282160495693
7.123243692537939,0.00046209285977924665
7.128782762283303,0.00039904531941403916
7.134321832028667,0.00023781956113079827
7.139860901774031,0.00024934189712491357
7.145399971519395,0.0005547082259596607
7.150939041264759,0.0005433575662687607
7.156478111010123,0.00032018617443298116
7.162017180755487,0.00021403843557946464
7.1675562505008505,0.000461096427516799
7.173095320246214,0.0005497151313955238
7.178634389991578,0.00035497100059302925
7.184173459736942,0.0003714390895897391
7.189712529482306,0.00031373476207604867
7.19525159922767,0.0002798384520401459
7.200790668973034,0.0002496290656991153
7.206329738718398,0.0002575217501111866
7.211868808463762,0.0004175902885776435
7.2174078782091255,0.0005239762178498049
7.222946947954489,0.0004371560586273823
7.228486017699853,0.00025203979604309566
7.234025087445216,0.00021097794412033207
7.23956415719058,0.00021032552977401212
7.245103226935944,0.0002504743364771003
7.250642296681308,0.00033679849050768685
7.256181366426672,0.0002543456013848422
7.261720436172036,0.0002223615780147607
7.2672595059174,7.17012324495727e-05
7.2727985756627636,7.588893729048126e-05
7.278337645408127,0.00031636093540543655
7.283876715153491,0.00048598919896111715
7.289415784898855,0.00033790081113247285
7.294954854644219,0.00018505032378952525
7.300493924389583,0.00023037128566544016
7.306032994134947,0.00010427014599308099
7.311572063880311,0.00016649782637356112
7.317111133625675,0.00029929849156825705
7.322650203371039,0.00040428879768426325
7.3281892731164024,0.0002664997567287905
7.333728342861766,0.00012705148741829457
7.33926741260713,4.046976365265154e-05
7.344806482352494,0.00010014387579302033
7.350345552097858,0.00021171664630134104
7.355884621843222,0.00023185865205259306
7.361423691588586,0.0002051894945468761
7.36696276133395,0.00018904402439355903
7.372501831079314,0.00020135797779251725
7.3780409008246775,0.00012722357018721934
7.383579970570041,0.00014666990077889577
7.389119040315405,0.00028943052777513764
7.394658110060769,0.0004383480280271312
7.400197179806133,0.00047470753843254887
7.405736249551497,0.0002671996068213737
7.411275319296861,0.00015536697590055198
7.416814389042225,0.00025902914622358855
7.422353458787589,0.00036079520232188826
7.4278925285329525,0.00037149992762277955
7.433431598278316,0.0003672724090465042
7.43897066802368,0.00021794400482177555
7.444509737769044,8.131594820694606e-05
7.450048807514408,0.00010607766862874823
7.455587877259772,0.00019664688965667233
7.461126947005136,0.00019488243771692055
7.4666660167505,0.0003873966746042436
7.472205086495864,0.0002819111268768418
7.4777441562412275,9.873549193740511e-05
7.483283225986591,8.550088056276746e-05
7.488822295731955,0.00013845842566967488
7.494361365477319,0.0001113470253924614
7.499900435222683,0.0002604375011577899
7.505439504968047,0.00033945227287434266
7.510978574713411,0.0003554354135800811
7.516517644458774,0.0001406392249019493
7.522056714204138,0.00017549164301218517
7.527595783949502,0.00011863629653589495
7.5331348536948655,4.768841284426434e-05
7.538673923440229,0.0002045493155382424
7.544212993185593,0.00042140255396010064
7.549752062930957,0.00040135812306453126
7.555291132676321,0.00033245796671679915
7.560830202421685,0.00016773412239938807
7.566369272167049,0.00011020324918869708
7.571908341912413,0.0003732843930315164
7.577447411657777,0.0005483152087306044
7.5829864814031405,0.0003884117264347521
7.588525551148504,0.0001920199662818077
7.594064620893868,2.1523805478285145e-05
7.599603690639232,0.0002659732335395192
7.605142760384596,0.00042789950617116545
7.61068183012996,0.0004092591231732852
7.616220899875324,0.0004255094557564262
7.621759969620688,0.0002695293167689446
7.627299039366052,0.00018579883278791346
7.6328381091114155,0.0003168035778929327
7.638377178856779,0.0003430543257137876
7.643916248602143,0.0005552532531835277
7.649455318347507,0.0006932868761135088
7.654994388092871,0.0005785594189952011
7.660533457838235,0.0002581092559108611
7.666072527583599,0.00023578316668949024
7.671611597328963,0.0005400649511127548
7.677150667074327,0.0005246976609975926
7.6826897368196905,0.0004492637688578328
7.688228806565054,0.0004717541114087255
7.693767876310418,0.00046848670660553515
7.699306946055782,0.00025789117055721755
7.704846015801146,0.00016773623717583136
7.71038508554651,0.0002890647047875331
7.715924155291874,0.00039727802969136855
7.721463225037238,0.0004519961474900456
7.727002294782602,0.0004008661642705409
7.7325413645279655,0.000302091938470018
7.738080434273329,0.0002063625911217147
7.743619504018693,0.00035034751461694274
7.749158573764057,0.0004983145029615854
7.754697643509421,0.000497366319905501
7.760236713254785,0.0004396054389421579
7.765775783000149,0.0003497276830206185
7.771314852745513,0.00025130767998454343
7.776853922490877,0.0002594500496919095
7.7823929922362405,0.0003994170651386463
7.787932061981604,0.000612034032489021
7.793471131726968,0.0006961023657311071
7.799010201472331,0.00048314139618834713
7.804549271217695,0.00020516979196413216
7.810088340963059,0.0005282645028437327
7.815627410708423,0.0009689631134166237
7.821166480453787,0.0007281334489521261
7.826705550199151,0.0003212084215021685
7.832244619944515,0.00024019764923863358
7.8377836896898785,0.0005527576971803937
7.843322759435242,0.0004862376324201868
7.848861829180606,0.00039791372737749164
7.85440089892597,0.00037945774392798777
7.859939968671334,0.0003091112880336416
7.865479038416698,0.0003377349820049724
7.871018108162062,0.00042701005083684365
7.876557177907426,0.0003170518554491937
7.88209624765279,0.00021828525727913848
7.8876353173981535,0.000236324049968561
7.893174387143517,0.0003690072639701848
7.898713456888881,0.0004639744816378377
7.904252526634245,0.00044739338215451585
7.909791596379609,0.0002569750040818172
7.915330666124973,0.00026451098867153383
7.920869735870337,0.00043327234032123865
7.926408805615701,0.000506580103060079
7.931947875361065,0.0003458392304768999
7.9374869451064285,0.00024730760793027507
7.943026014851792,0.0003070020443385021
7.948565084597156,0.00034566487533351723
7.95410415434252,0.0003385930154632721
7.959643224087884,0.0002515767729290991
7.965182293833248,0.00017239354240993027
7.970721363578612,0.00029565618414657374
7.976260433323976,0.000342706722828025
7.98179950306934,0.00024216809959037283
7.9873385728147035,0.00015231360442158028
7.992877642560067,0.00019884233081918934
7.998416712305431,0.0003266823490773404
8.003955782050795,0.0003897920418014466
8.009494851796159,0.00031414363629041436
8.015033921541523,0.00018349906469848013
8.020572991286887,0.00012868232862525374
8.02611206103225,0.00023483868190652549
8.031651130777615,0.0003347550711089911
8.037190200522979,0.00035586592611130637
8.042729270268342,0.0002479195712290123
8.048268340013706,0.00011578056962379573
8.05380740975907,0.00011070413919859784
8.059346479504434,0.0002728652454704499
8.064885549249798,0.00033950543661246025
8.070424618995162,0.00023945224108517363
8.075963688740526,0.00012690190688430955
8.08150275848589,0.00011564077288461767
8.087041828231254,7.42739855414582e-05
8.092580897976617,0.0003075361698975321
8.098119967721981,0.0004658560820261815
8.103659037467345,0.0002888711666916628
8.109198107212709,0.00017602003615236963
8.114737176958073,0.00038891429835532766
8.120276246703437,0.0003323585816863862
8.1258153164488,0.00018366718180886656
8.131354386194165,7.542045229120055e-05
8.136893455939529,1.9694944368410523e-05
8.142432525684892,0.00011485254112717321
8.147971595430256,0.00019952528406554237
8.15351066517562,0.00028313714434393197
8.159049734920984,0.00030859079874571765
8.164588804666348,0.0002474223893284493
8.170127874411712,0.00019144174743341782
8.175666944157076,0.00032796128210173795
8.18120601390244,0.0003600994996975002
8.186745083647804,0.00023027504576749618
8.192284153393167,0.00011817910357460733
8.197823223138531,3.6807337158856506e-05
8.203362292883895,1.2682688513308195e-05
8.208901362629259,9.250016292242212e-05
8.214440432374623,0.0001659175521297886
8.219979502119987,0.0002072290279950592
8.225518571865349,0.00017654591112017113
8.231057641610713,0.0001333705822204463
8.236596711356077,7.023391499942092e-05
8.24213578110144,5.46116604071789e-05
8.247674850846805,0.00012018295103056763
8.253213920592168,0.00020215920077548582
8.258752990337532,0.00022982633868914718
8.264292060082896,0.00023819317724047473
8.26983112982826,0.0001628282242444877
8.275370199573624,0.00010827004689815266
8.280909269318988,7.2581311475195e-05
8.286448339064352,0.00015203443581897827
8.291987408809716,0.0002442981581006163
8.29752647855508,0.00027747008230835494
8.303065548300443,0.00023528384154021366
8.308604618045807,0.00013030759612923468
8.314143687791171,0.00018561758373883988
8.319682757536535,0.00022356672036428704
8.325221827281899,0.0001345677900511683
8.330760897027263,6.78367950413311e-05
8.336299966772627,0.0002427571791877031
8.34183903651799,0.0002655757955075582
8.347378106263355,0.00015350616232141684
8.352917176008718,3.732222242807637e-05
8.358456245754082,0.00014375997834841457
8.363995315499446,0.00020087105427800744
8.36953438524481,0.00024527498269243006
8.375073454990174,0.000246128658073434
8.380612524735538,0.00015525619989788846
8.386151594480902,1.557079469950831e-05
8.391690664226266,0.00012152588897769183
8.39722973397163,0.00021842405180333497
8.402768803716993,0.00028051610895440975
8.408307873462357,0.00027253604970263625
8.413846943207721,0.00018117198620522452
8.419386012953085,7.156023958377117e-05
8.424925082698449,9.240401774895083e-05
8.430464152443813,0.00019307105726604126
8.436003222189177,0.0003164911730878627
8.44154229193454,0.00035196587698617035
8.447081361679905,0.00022848066458201134
8.452620431425268,2.9699855387980935e-05
8.458159501170632,0.00016060997484274148
8.463698570915996,0.00024436915013079997
8.46923764066136,0.00025492360271875885
8.474776710406724,0.000207502659952536
8.480315780152088,0.00020023167142069057
8.485854849897452,0.0002590903160831775
8.491393919642816,0.0001857470419328232
8.49693298938818,7.584638787027933e-05
8.502472059133543,0.000329694820051012
8.508011128878907,0.0004327070796309672
8.513550198624271,0.00036606777738101674
8.519089268369635,0.00013618673355875264
8.524628338114999,0.00010793273473789633
8.530167407860363,0.00025280834965500437
8.535706477605727,0.000281384524449284
8.54124554735109,0.00023006346015122742
8.546784617096455,0.00020747189381033914
8.552323686841818,0.0002113051225617498
8.557862756587182,0.0001964913360861099
8.563401826332546,0.00017232529860930523
8.56894089607791,0.0001477801702609304
8.574479965823274,0.00023536319714649855
8.580019035568638,0.0003103649572688562
8.585558105314002,0.00026578951483057953
8.591097175059366,0.0002115695638659121
8.59663624480473,0.00019885790482930286
8.602175314550093,9.624793763713176e-05
8.607714384295457,0.00018382385612113487
8.613253454040821,0.0003836827771333824
8.618792523786185,0.0004094235055358584
8.624331593531549,0.00023740992434097315
8.629870663276913,4.7891584400059336e-05
8.635409733022277,9.260312160759043e-05
8.64094880276764,0.00019205638921312431
8.646487872513005,0.00028063092701561317
8.652026942258368,0.00031534755602820905
8.657566012003732,0.0002697425192207928
8.663105081749096,0.00015018746367409083
8.66864415149446,4.330518338497572e-05
8.674183221239824,0.00018163248213016664
8.679722290985188,0.0003371013687098384
8.685261360730552,0.00040642632357877314
8.690800430475916,0.00036746043508984627
8.69633950022128,0.00015008657671457037
8.701878569966643,0.00014052860581204222
8.707417639712007,0.0002813869152615224
8.712956709457371,0.0003355052088010058
8.718495779202735,0.00030826754400312063
8.724034848948099,0.00011477584512666141
8.729573918693463,0.00012307914288436298
8.735112988438827,0.00017334958714292407
8.74065205818419,0.00011301649359136185
8.746191127929555,0.00016460622122856582
8.751730197674918,0.00023785474528382228
8.757269267420282,0.00016288822665704955
8.762808337165646,9.561631854157523e-05
8.76834740691101,0.00021214374891394456
8.773886476656374,0.00019647629191936705
8.779425546401738,0.00011896142468370754
8.784964616147102,8.510078640613388e-05
8.790503685892466,0.00021414330521210667
8.796042755637828,0.00025987638196384004
8.801581825383192,0.00019137973894741507
8.807120895128556,8.2345474149154e-05
8.81265996487392,0.00011557071737897019
8.818199034619283,0.00014407425954514788
8.823738104364647,0.00014707527948660352
8.829277174110011,0.00010999472451453835
8.834816243855375,8.425589567219713e-05
8.840355313600739,9.169352916646307e-05
8.845894383346103,7.464640355284059e-05
8.851433453091467,3.755604683290984e-05
8.85697252283683,0.0001455829707452433
8.862511592582194,0.00019411555888005936
8.868050662327558,0.00023331597856182318
8.873589732072922,0.0001731717387438073
8.879128801818286,5.785461917125426e-05
8.88466787156365,3.74616071443711e-05
8.890206941309014,7.913298820343895e-05
8.895746011054378,0.0001510286483731421
8.901285080799742,0.0002151574548779433
8.906824150545106,0.0001932462212918523
8.91236322029047,0.00018642421407094088
8.917902290035833,0.000141553275319192
8.923441359781197,0.00014564702205403533
8.928980429526561,0.00014180960598325664
8.934519499271925,8.903375953210022e-05
8.940058569017289,6.644806518384148e-05
8.945597638762653,0.00011752745763590244
8.951136708508017,0.000156728825162358
8.95667577825338,0.00010564659425105532
8.962214847998744,4.0900888419439745e-05
8.967753917744108,0.00014641718481819612
8.973292987489472,0.0002171795494739896
8.978832057234836,0.00019900319526900285
8.9843711269802,0.00021110543160573854
8.989910196725564,0.00011425321003070186
8.995449266470928,9.745109772895683e-05
9.000988336216292,0.00010638884836200568
9.006527405961656,9.296983142076613e-05
9.01206647570702,8.912193472661794e-05
9.017605545452383,0.00021088475789852684
9.023144615197747,0.00021984268343939466
9.028683684943111,0.00012027563447424827
9.034222754688475,3.295536824604267e-05
9.039761824433839,9.581941112932282e-05
9.045300894179203,0.0002247123364931685
9.050839963924567,0.000260938234786791
9.05637903366993,0.0002189930144213209
9.061918103415294,8.559128322703796e-05
9.067457173160658,0.0001014169051180291
9.072996242906022,9.497719743382758e-05
9.078535312651386,0.00015619673963386204
9.08407438239675,0.00016692122002571737
9.089613452142114,0.00021927405185249557
9.095152521887478,0.000184505548735365
9.100691591632842,0.00013324581182035534
9.106230661378206,5.8301699756105236e-05
9.11176973112357,0.00020086947290238417
9.117308800868933,0.00022895051264062627
9.122847870614297,0.00023550838003362398
9.128386940359661,0.00025296741044455664
9.133926010105025,0.00014104296998469925
9.139465079850389,5.505032815526631e-05
9.145004149595753,0.00015989751753601322
9.150543219341117,0.00023794477507291004
9.15608228908648,0.00025305446728911843
9.161621358831844,0.00016557572779595471
9.167160428577208,0.00015157521364032612
9.172699498322572,6.616458303977264e-05
9.178238568067936,0.00014292559159746927
9.1837776378133,0.0003451624589461316
9.189316707558664,0.0004019748649578995
9.194855777304028,0.0002931256021352701
9.200394847049392,0.00020354384299257127
9.205933916794756,7.062046321533996e-05
9.21147298654012,0.00028251877827903816
9.217012056285483,0.0003856542509826211
9.222551126030847,0.0003995014204282065
9.228090195776211,0.0002886606500891949
9.233629265521575,0.0002436242354640894
9.239168335266939,0.00020728140491747634
9.244707405012303,0.00011127602726337976
9.250246474757667,0.00020959459374973445
9.25578554450303,0.000335169125000264
9.261324614248394,0.0003332349234508688
9.266863683993758,0.0003253562796763984
9.272402753739122,0.0001578140480595612
9.277941823484486,0.0001926523327096461
9.28348089322985,0.00023007330898669503
9.289019962975214,0.00023770303884603825
9.294559032720578,0.00012844082371271453
9.300098102465942,0.00015995224237180962
9.305637172211306,0.00022471570112886935
9.31117624195667,0.00014623249816983684
9.316715311702033,5.21406394658956e-05
9.322254381447397,0.00015042051682714433
9.327793451192761,0.00031814795265813474
9.333332520938125,0.0003117594795247156
9.338871590683489,0.00022184341979822648
9.344410660428853,0.000166923205311541
9.349949730174217,0.00012774224707473074
9.35548879991958,0.00016459897766010016
9.361027869664943,0.0002394966311135018
9.366566939410307,0.00017639363313833782
9.37210600915567,9.90951089187678e-05
9.377645078901034,0.00018772122211775034
9.383184148646398,0.0002555300241695141
9.388723218391762,0.0001961392861052177
9.394262288137126,0.0002409019359401747
9.39980135788249,0.0002908123751590307
9.405340427627854,0.00034385967214328446
9.410879497373218,0.0001861499099429776
9.416418567118582,4.272651075814275e-05
9.421957636863945,9.123489923199671e-05
9.42749670660931,0.0001860986350265811
9.433035776354673,0.00029395734021653465
9.438574846100037,0.000382109912576119
9.444113915845401,0.0003081958249028541
9.449652985590765,0.00011333407358348483
9.455192055336129,7.880603152423585e-05
9.460731125081493,8.015215371434518e-05
9.466270194826857,0.00020963902344063622
9.47180926457222,0.00025255430021224243
9.477348334317584,0.00017653688311535234
9.482887404062948,9.055891750258072e-05
9.488426473808312,0.00010668020056815025
9.493965543553676,0.00023153085290712996
9.49950461329904,0.0002647051640440182
9.505043683044404,0.00013573699836213284
9.510582752789768,0.00014958417872547005
9.516121822535132,0.00019974476467776855
9.521660892280496,0.00023334274517460636
9.52719996202586,0.00015466929342642613
9.532739031771223,7.935034941180452e-05
9.538278101516587,0.0001482021933464366
9.543817171261951,0.00021798955758143385
9.549356241007315,0.0002444731847938146
9.554895310752679,0.00016067660097208972
9.560434380498043,0.00013946254768930247
9.565973450243407,0.00010349287624901928
9.57151251998877,0.00010242739644497456
9.577051589734134,0.0001731664035678508
9.582590659479498,0.00013861318168044916
9.588129729224862,0.0001667190655149613
9.593668798970226,0.0001133701268455619
9.59920786871559,4.789676707676024e-05
9.604746938460954,0.00017703668948119782
9.610286008206318,0.00017366265655524685
9.615825077951682,0.00027530317481008754
9.621364147697046,0.00029381730931688036
9.62690321744241,0.00011444406510843193
9.632442287187773,7.219812648961818e-05
9.637981356933137,5.538122529749683e-05
9.643520426678501,0.00017466515336908906
9.649059496423865,0.00015403906077905317
9.654598566169229,0.00011115663568229766
9.660137635914593,0.00012023874732695144
9.665676705659957,0.00015629339294140077
9.67121577540532,0.0001025562159887402
9.676754845150684,4.5093300951011247e-05
9.682293914896048,0.00016352775458887504
9.687832984641412,0.00024209781564034138
9.693372054386776,0.0001484483627077359
9.69891112413214,9.174086738640298e-05
9.704450193877504,7.907028476572164e-05
9.709989263622868,5.761383196925111e-05
9.715528333368232,9.973124761976662e-05
9.721067403113596,8.727536129321774e-05
9.72660647285896,0.00017979275637923343
9.732145542604323,0.00023326797445370225
9.737684612349687,0.0002099399235158298
9.743223682095051,0.00012455972229317064
9.748762751840415,8.923029935988703e-05
9.754301821585779,0.00023068435988509006
9.759840891331143,0.0002196192253840292
9.765379961076507,0.00020611673939516784
9.77091903082187,0.0001462863371090322
9.776458100567234,6.345564921008814e-05
9.781997170312598,0.00010647787431607625
9.787536240057962,8.533370615858697e-05
9.793075309803326,0.00011404860864323967
9.79861437954869,0.00029096143911099914
9.804153449294054,0.00024324502134153106
9.809692519039418,9.518914510508135e-05
9.815231588784782,9.692634618313809e-05
9.820770658530146,0.00010565185082773946
9.82630972827551,0.00018409878811388483
9.831848798020873,0.00015893904752385275
9.837387867766237,0.00012561270422419013
9.842926937511601,0.00015865375082587624
9.848466007256965,0.00015198788510114195
9.854005077002329,8.405384608485534e-05
9.859544146747693,9.541202550234954e-05
9.865083216493057,0.0002725836742142496
9.87062228623842,0.0002765778871217143
9.876161355983784,0.00019203125611229338
9.881700425729148,6.71514568333016e-05
9.887239495474512,8.771359933555972e-05
9.892778565219876,0.00014428410709755416
9.89831763496524,0.00023958191035086522
9.903856704710604,0.00021056811937394048
9.909395774455968,0.00018473299491265119
9.914934844201332,0.00017065230527769828
9.920473913946696,0.00020031988600699508
9.926012983692058,0.00020647982280413721
9.931552053437422,0.00017162462533577974
9.937091123182785,0.00012595100496531488
9.94263019292815,0.00023128185109343904
9.948169262673513,0.00025655902093033175
9.953708332418877,0.0002054640955609515
9.959247402164241,9.039772472263765e-05
9.964786471909605,0.00010480699965647512
9.970325541654969,0.00023539208409945162
9.975864611400333,0.00023265697504200666
9.981403681145697,0.00014433386763982036
9.98694275089106,0.00014377518854465576
9.992481820636424,0.00011331898924947533
9.998020890381788,6.050201607605976e-05
10.003559960127152,9.250749648805179e-05
10.009099029872516,0.0002456395404248947
10.01463809961788,0.0002495885328050488
10.020177169363244,0.00016048002753078902
10.025716239108608,0.0001046839708343672
10.031255308853972,0.0001057919943132992
10.036794378599335,0.00013433637906398214
10.0423334483447,0.00014808149457716394
10.047872518090063,0.0001574459937267021
10.053411587835427,0.00023270178408321527
10.058950657580791,0.00028429638177688475
10.064489727326155,0.00019822574028804013
10.070028797071519,0.0001455181475830853
10.075567866816883,0.0002551313494268811
10.081106936562247,0.0003171314240743777
10.08664600630761,0.00032909601937514496
10.092185076052974,0.00024428877694217396
10.097724145798338,0.0001157185423254409
10.103263215543702,3.3019038528524674e-05
10.108802285289066,0.00016587573266888865
10.11434135503443,0.0002052116699187828
10.119880424779794,0.00025350744025793475
10.125419494525158,0.00017885490506446786
10.130958564270522,7.729213367950462e-05
10.136497634015885,8.628472447951878e-05
10.14203670376125,0.00010374203682338146
10.147575773506613,0.00017884866586911474
10.153114843251977,0.0002649607856724894
10.158653912997341,0.00025612285704561326
10.164192982742705,0.00015078050810047282
10.169732052488069,6.0995065637037344e-05
10.175271122233433,9.280959630946063e-05
10.180810191978797,0.00028572260563591964
10.18634926172416,0.00037651957243468377
10.191888331469524,0.0001984574482666468
10.197427401214888,6.798135949982067e-05
10.202966470960252,6.568014044092942e-05
10.208505540705616,0.0001287361049589214
10.21404461045098,0.00019168549854586673
10.219583680196344,0.00015071737123636316
10.225122749941708,0.00016765752008441538
10.230661819687072,0.00026557532339197844
10.236200889432435,0.0001966503229808429
10.2417399591778,5.598968664708859e-05
10.247279028923163,0.0001788944607085796
10.252818098668527,0.00024859980920484447
10.258357168413891,0.00020744556335291326
10.263896238159255,0.0001759705700715151
10.269435307904619,0.00020002323458994908
10.274974377649983,0.00011826595403279217
10.280513447395347,4.604048127317555e-05
10.28605251714071,9.241033101869679e-05
10.291591586886074,0.00022143778942437182
10.297130656631438,0.00032121124429545784
10.302669726376802,0.00022924851820668957
10.308208796122166,0.00014324971135235156
10.31374786586753,5.479045889073853e-05
10.319286935612894,0.0001746826884818958
10.324826005358258,0.00017329774099924378
10.330365075103622,0.00017863282747839404
10.335904144848985,0.00014836585875980068
10.34144321459435,0.0001273298062650713
10.346982284339713,6.822203854194527e-05
10.352521354085077,4.327056422656618e-05
10.358060423830441,0.00018418448611905234
10.363599493575805,0.00026507452747005365
10.369138563321169,0.00022073795708127644
10.374677633066533,0.00014856034785500056
10.380216702811897,0.00013608833793847332
10.38575577255726,8.88407740853744e-05
10.391294842302624,0.00019351755182425704
10.396833912047988,0.00022064338680379106
10.402372981793352,0.00014635934617159485
10.407912051538716,0.00017135650001606065
10.41345112128408,9.99729312581563e-05
10.418990191029444,1.3867876487932522e-05
10.424529260774808,4.004189670956403e-05
10.430068330520172,7.08037179618615e-05
10.435607400265535,0.00018481676630998257
10.4411464700109,0.0002128872338360897
10.446685539756263,0.00020631075856296276
10.452224609501627,8.973540109886097e-05
10.457763679246991,6.340638620370802e-05
10.463302748992355,0.00012265740629100236
10.468841818737719,0.0001703646583462309
10.474380888483083,0.00013524151590394573
10.479919958228447,0.00010290715314247965
10.48545902797381,0.00015278362043574152
10.490998097719174,9.123499848915703e-05
10.496537167464536,9.612429184951357e-05
10.5020762372099,8.510003800336599e-05
10.507615306955264,0.0001334601352530756
10.513154376700628,0.00017662228607542092
10.518693446445992,0.00016868904697647398
10.524232516191356,1.0993701538853266e-05
10.52977158593672,4.4597366015176094e-05
10.535310655682084,0.00010261421113135062
10.540849725427448,0.000166449561582184
10.546388795172811,0.00017067073771875153
10.551927864918175,0.00014479524414752617
10.55746693466354,8.491432349983577e-05
10.563006004408903,3.228942697828239e-05
10.568545074154267,5.302551325492767e-05
10.574084143899631,0.00013521893952212329
10.579623213644995,0.00013795009494461548
10.585162283390359,9.990056853993719e-05
10.590701353135723,0.00017083264672171255
10.596240422881086,0.00019883432492606942
10.60177949262645,9.208493445722505e-05
10.607318562371814,0.00010260462484668585
10.612857632117178,0.0001359727270010234
10.618396701862542,0.0001897964293255675
10.623935771607906,0.00018233944564227135
10.62947484135327,9.918060126416058e-05
10.635013911098634,8.746535961197536e-05
10.640552980843998,0.0001427041331085481
10.646092050589361,0.00012986930235987456
10.651631120334725,0.00016577969966164832
10.65717019008009,0.00018680202423062496
10.662709259825453,0.0001391030245989742
10.668248329570817,7.36573779726284e-05
10.673787399316181,8.342754576862459e-05
10.679326469061545,0.0001880433007736464
10.684865538806909,0.00014904794267111635
10.690404608552273,0.00010599672031954806
10.695943678297636,0.00011973264410966637
10.701482748043,0.00013113178845110124
10.707021817788364,0.00018278443547063597
10.712560887533728,0.00015509925231176012
10.718099957279092,0.00017733045241316751
10.723639027024456,0.00023015095528637093
10.72917809676982,0.0002577343234544885
10.734717166515184,0.00017967332069149236
10.740256236260548,0.00016707090057936766
10.745795306005911,0.00011733715618502894
10.751334375751275,0.0001523995849288392
10.75687344549664,0.00018980329625662958
10.762412515242003,0.000151069633619081
10.767951584987367,0.0001379678138020977
10.773490654732731,0.00011634765136163852
10.779029724478095,4.281618621682768e-05
10.784568794223459,9.467147764475054e-05
10.790107863968823,0.00012520305581422415
10.795646933714186,0.00018508005278325805
10.80118600345955,0.00021861467452251857
10.806725073204914,0.0001507925304721851
10.812264142950278,3.0033140014445867e-05
10.817803212695642,8.430050387055818e-05
10.823342282441006,7.456297910700941e-05
10.82888135218637,0.00013442959723931913
10.834420421931734,0.000213400097892204
10.839959491677098,0.00020000437380005793
10.845498561422461,0.0001282915022325472
10.851037631167825,4.944543272928976e-05
10.85657670091319,0.00012259913284347828
10.862115770658553,0.00013976509169271717
10.867654840403917,0.0001556057842226975
10.873193910149281,0.00018000724674769222
10.878732979894645,0.00013052843996338225
10.884272049640009,2.5243748712093794e-05
10.889811119385373,0.00010071377967233275
10.895350189130736,0.00017810503059464844
10.9008892588761,0.00016463491077604606
10.906428328621464,0.0001460626592860532
10.911967398366828,0.00013482274098884986
10.917506468112192,0.00015048153623558664
10.923045537857556,5.138659522454535e-05
10.92858460760292,5.565078060044964e-05
10.934123677348284,0.00012258930767213453
10.939662747093648,0.00015624926982842793
10.945201816839011,0.0001373909609556808
10.950740886584375,0.00014774827485819356
10.95627995632974,0.00010123870698981857
10.961819026075103,0.00011759528281009067
10.967358095820467,0.00017044558735299263
10.972897165565831,0.000160864941289579
10.978436235311195,0.0001407454651975535
10.983975305056559,0.00010537882787328039
10.989514374801923,0.00010261289767762696
10.995053444547287,5.442057387030262e-05
11.00059251429265,7.43118935138377e-05
11.006131584038014,0.0001366268829977569
11.011670653783378,0.0002050819708326377
11.017209723528742,0.00021042591081704562
11.022748793274106,0.0001617118571676808
11.02828786301947,5.7282185732299825e-05
11.033826932764834,0.0001038165684380467
11.039366002510198,0.0001796084382835278
11.044905072255562,0.00021587645762107885
11.050444142000925,0.0002095814125566099
11.05598321174629,0.00013803463723296294
11.061522281491651,7.558609660381028e-05
11.067061351237015,0.00013417286884027038
11.07260042098238,0.00017987286781692854
11.078139490727743,0.0001729196029498056
11.083678560473107,0.00016822894909722272
11.08921763021847,0.00014004046314643992
11.094756699963835,5.0040284289879515e-05
11.100295769709199,4.075142723412341e-05
11.105834839454563,6.414068031306197e-05
11.111373909199926,5.914368879059672e-05
11.11691297894529,9.000184772127539e-05
11.122452048690654,0.00012088266984976119
11.127991118436018,0.00012103275161269186
11.133530188181382,7.882359829304893e-05
11.139069257926746,7.778339543282725e-05
11.14460832767211,0.00011877159706289521
11.150147397417474,0.00012682823194833437
11.155686467162838,0.00015038650181225084
11.161225536908201,0.00011635653252355216
11.166764606653565,9.930977301683889e-05
11.17230367639893,5.170350388064567e-05
11.177842746144293,5.3693247633278e-05
11.183381815889657,0.0001232940316783195
11.18892088563502,0.00016411722211296713
11.194459955380385,0.0001454912890038405
11.199999025125749,0.00010954920612492162
11.205538094871113,5.256409182901509e-05
11.211077164616476,3.946352210085096e-05
11.21661623436184,4.663473325555984e-05
11.222155304107204,0.00014417379922509986
11.227694373852568,0.00019849142378742135
11.233233443597932,0.00017607340092490494
11.238772513343296,0.00010031306178708051
11.24431158308866,6.962089034706445e-05
11.249850652834024,7.735936424161922e-05
11.255389722579388,0.00012532678475659655
11.260928792324751,0.00018487476908690158
11.266467862070115,0.00016343696963843913
11.27200693181548,0.00011850761020524462
11.277546001560843,5.519249141908856e-05
11.283085071306207,4.169509151449458e-05
11.28862414105157,6.941274493654476e-05
11.294163210796935,0.00010495118094888929
11.299702280542299,0.00017363135567153388
11.305241350287663,0.00021445060797471008
11.310780420033026,0.00017935498798798125
11.31631948977839,7.0103323963849e-05
11.321858559523754,9.781892249403872e-05
11.327397629269118,0.00016041285429209097
11.332936699014482,0.00017300438947015517
11.338475768759846,0.00017871013839557476
11.34401483850521,0.0001542449150268582
11.349553908250574,8.376864078764475e-05
11.355092977995938,2.9592737072723918e-05
11.360632047741301,0.00014547450763104444
11.366171117486665,0.00020486220049831865
11.37171018723203,0.00017791119277080764
11.377249256977393,0.00015869694721766596
11.382788326722757,0.00014392394252371956
11.38832739646812,0.00010405423806338878
11.393866466213485,1.8740320634168007e-05
11.399405535958849,0.00015424168974264592
11.404944605704213,0.000267677673459007
11.410483675449576,0.0002828259798527765
11.41602274519494,0.00020423818474430905
11.421561814940304,7.262496707112469e-05
11.427100884685668,9.801158540767506e-05
11.432639954431032,0.00023950425769267005
11.438179024176396,0.0002965066824974626
11.44371809392176,0.00023959128901870487
11.449257163667124,0.00012570761841027613
11.454796233412488,7.216521362574184e-05
11.460335303157851,0.00010590581647032737
11.465874372903215,0.00015609519678170595
11.47141344264858,0.00020293505562385495
11.476952512393943,0.00020924203509332365
11.482491582139307,0.0001795027233172377
11.48803065188467,0.00013887470372540592
11.493569721630035,0.0001066748353894421
11.499108791375399,0.0001039404279850927
11.504647861120763,0.0001731573701715525
11.510186930866126,0.00023663269041717693
11.51572600061149,0.00023575254242366088
11.521265070356854,0.00016495424554161054
11.526804140102218,7.626323317441773e-05
11.532343209847582,9.727205322315012e-05
11.537882279592946,0.0001731464087781901
11.54342134933831,0.00022316978462206876
11.548960419083674,0.00022397089664785645
11.554499488829038,0.0001774243062700752
11.560038558574401,0.00011548755105618669
11.565577628319765,9.591875543930121e-05
11.57111669806513,0.00012098420814649053
11.576655767810493,0.00018972107075221098
11.582194837555857,0.0002557403652419007
11.58773390730122,0.00024166093139577158
11.593272977046585,0.00013692969294925778
11.598812046791949,4.363658089440876e-05
11.604351116537313,0.0001493135937121989
11.609890186282676,0.00022130122500874693
11.61542925602804,0.00022879221994374173
11.620968325773404,0.00018162183014674448
11.626507395518768,0.000119323527123865
11.63204646526413,0.0001025626454216026
11.637585535009494,0.0001198297627302409
11.643124604754858,0.00013931730902245478
11.648663674500222,0.0001714396040617715
11.654202744245586,0.0002070026771930658
11.65974181399095,0.00019086461846511482
11.665280883736314,0.00010927593612273731
11.670819953481677,6.608055780689088e-05
11.676359023227041,0.00015020285380976228
11.681898092972405,0.00019619107773169434
11.68743716271777,0.0001846736434913262
11.692976232463133,0.00013470152288396945
11.698515302208497,0.00012446127082974603
11.70405437195386,0.0001407478056379109
11.709593441699225,9.343610121476512e-05
11.715132511444589,9.507415232113984e-05
11.720671581189952,0.0001905057856980092
11.726210650935316,0.00021577282654406673
11.73174972068068,0.00016443547405891847
11.737288790426044,7.541654941785649e-05
11.742827860171408,4.831207312216011e-05
11.748366929916772,9.350486456215435e-05
11.753905999662136,0.00015509987600979467
11.7594450694075,0.00020511346400203234
11.764984139152864,0.00019598895151023578
11.770523208898227,9.952709660687784e-05
11.776062278643591,2.1209094403255832e-05
11.781601348388955,0.0001004508295172679
11.78714041813432,0.00014984092560537337
11.792679487879683,0.00017766525993137154
11.798218557625047,0.00015430922983310577
11.80375762737041,9.866208571724244e-05
11.809296697115775,2.9795500495736057e-05
11.814835766861139,4.219522925081788e-05
11.820374836606502,0.00011692990085284977
11.825913906351866,0.0001681761034966505
11.83145297609723,0.00017675476171188426
11.836992045842594,0.00013657859924543877
11.842531115587958,3.867824641693526e-05
11.848070185333322,6.234450069543563e-05
11.853609255078686,0.00010475971222763453
11.85914832482405,0.00011653740581792325
11.864687394569414,0.00011594395363869951
11.870226464314777,0.00012903485139918706
11.875765534060141,0.00010362645360672981
11.881304603805505,4.7798694626876254e-05
11.88684367355087,7.075567667741963e-05
11.892382743296233,0.0001312958092345454
11.897921813041597,0.00015159058158116997
11.90346088278696,0.0001539308156962533
11.908999952532325,9.54391817222287e-05
11.914539022277689,4.024394392030013e-05
11.920078092023052,6.300861388906783e-05
11.925617161768416,7.573939388114462e-05
11.93115623151378,8.517302270239117e-05
11.936695301259144,9.200309746912964e-05
11.942234371004508,0.00011758183058359378
11.947773440749872,0.00010391939743017601
11.953312510495236,4.2058821352620983e-05
11.9588515802406,6.536200740291325e-05
11.964390649985964,8.868840610097368e-05
11.969929719731327,0.00013637430476614825
11.975468789476691,0.00013064655121353542
11.981007859222055,0.0001063364407555839
11.98654692896742,5.893868279932236e-05
11.992085998712783,2.416696671097633e-05
11.997625068458147,5.411547368242364e-05
12.00316413820351,0.00013280627249734675
12.008703207948875,0.00016902163732392166
12.014242277694239,0.00014387932713543012
12.019781347439602,0.00010177222670612249
12.025320417184966,7.660947709693559e-05
12.03085948693033,6.340532093645533e-05
12.036398556675694,8.062723181506119e-05
12.041937626421058,9.300646016937028e-05
12.047476696166422,0.00010409824478725076
12.053015765911786,9.58373886555085e-05
12.05855483565715,5.376574451696746e-05
12.064093905402514,9.980099279601963e-06
12.069632975147877,2.9921459549529107e-05
12.075172044893241,7.027663826723784e-05
12.080711114638605,0.0001370683117100667
12.08625018438397,0.000165801392707415
12.091789254129333,0.00011518712981199243
12.097328323874697,3.9992806183114284e-05
12.10286739362006,2.2100330425933622e-05
12.108406463365425,3.337392492336478e-05
12.113945533110789,8.413613872330065e-05
12.119484602856152,0.00016688183071054383
12.125023672601516,0.00015396680675541845
12.13056274234688,0.00010581330018231835
12.136101812092244,5.272182320462328e-05
12.141640881837608,2.471253263751048e-05
12.147179951582972,0.00011431733872746666
12.152719021328336,0.00011910155458816686
12.1582580910737,5.0150658215647405e-05
12.163797160819064,8.350274544091738e-05
12.169336230564427,4.3242599172142955e-05
12.174875300309791,6.0191661770467317e-05
12.180414370055155,9.682708422332528e-05
12.18595343980052,0.00011395567523335656
12.191492509545883,0.00015671022161293157
12.197031579291245,0.00015433674130536272
12.202570649036609,0.00011468538214018159
12.208109718781973,5.322035123276158e-05
12.213648788527337,4.7120993775390154e-05
12.2191878582727,9.687086561109041e-05
12.224726928018065,0.00012874148242510996
12.230265997763428,0.00015506030509479234
12.235805067508792,0.00014462303938632856
12.241344137254156,6.492503798775645e-05
12.24688320699952,7.718860377709938e-05
12.252422276744884,0.00015751358007117154
12.257961346490248,0.00017126474823403784
12.263500416235612,0.000142263990129272
12.269039485980976,0.00010125498961584007
12.27457855572634,7.960082504087534e-05
12.280117625471703,5.4007899398238584e-05
12.285656695217067,9.70506389963877e-05
12.291195764962431,0.00017491995792529984
12.296734834707795,0.00018231841847177156
12.302273904453159,0.00015655523814807023
12.307812974198523,0.00014113172071947083
12.313352043943887,9.783938907121043e-05
12.31889111368925,8.535853080611208e-05
12.324430183434615,0.000130845898192892
12.329969253179978,0.00015338881986517506
12.335508322925342,0.0001475757065038907
12.341047392670706,0.0001222626200025205
12.34658646241607,8.468255840448423e-05
12.352125532161434,5.8985167768922735e-05
12.357664601906798,7.446572143538578e-05
12.363203671652162,0.0001252502694852619
12.368742741397526,0.0001526261458655798
12.37428181114289,0.00014991617652796837
12.379820880888253,0.0001394315833842649
12.385359950633617,4.796780847802919e-05
12.390899020378981,8.317042624224845e-05
12.396438090124345,0.00011010298209009433
12.401977159869709,0.00012464027075738437
12.407516229615073,0.00013948944228332056
12.413055299360437,0.00010709823410269224
12.4185943691058,6.99239734234325e-05
12.424133438851165,8.45726271230592e-05
12.429672508596529,0.00011538447436619282
12.435211578341892,0.00012172052184324217
12.440750648087256,0.00015381453651343695
12.44628971783262,0.00012578037050116686
12.451828787577984,5.2977558294760924e-05
12.457367857323348,2.711761545638309e-05
12.462906927068712,7.174960005653832e-05
12.468445996814076,0.00016052864039070496
12.47398506655944,0.00016676507908916377
12.479524136304804,0.00012132773009329207
12.485063206050167,9.328954838614604e-05
12.490602275795531,4.431845028750035e-05
12.496141345540895,6.653089468738637e-05
12.501680415286259,0.00012075027868566882
12.507219485031623,0.00011235685871877823
12.512758554776987,0.00013177782712513094
12.51829762452235,0.0001093369729383482
12.523836694267715,1.4164286023844456e-05
12.529375764013079,7.034171880214347e-05
12.534914833758442,0.00012976354277932065
12.540453903503806,0.00013277038863700606
12.54599297324917,0.00010353026269024214
12.551532042994534,7.742137448609226e-05
12.557071112739898,2.233945909978577e-05
12.562610182485262,4.8520780942695e-05
12.568149252230626,0.00012476697167301227
12.57368832197599,0.00011334915440090053
12.579227391721354,8.617438095245473e-05
12.584766461466717,0.00010880846022719367
12.590305531212081,5.988001308932067e-05
12.595844600957445,2.791365107208651e-05
12.601383670702809,5.5755864039559496e-05
12.606922740448173,8.577247544694224e-05
12.612461810193537,0.0001129302542598878
12.6180008799389,0.00010536538025938352
12.623539949684265,0.00011513160566248543
12.629079019429629,8.306090632868254e-05
12.634618089174992,7.673612474225045e-06
12.640157158920356,7.102563924863702e-05
12.64569622866572,9.362759769819682e-05
12.651235298411084,8.51803927737563e-05
12.656774368156448,3.7219943301400855e-05
12.662313437901812,4.0241568977509134e-05
12.667852507647176,2.3502680554417894e-05
12.67339157739254,9.055999154931049e-06
12.678930647137904,8.670904237453056e-05
12.684469716883267,0.00014665616308351411
12.690008786628631,8.95015734390558e-05
12.695547856373995,5.1376089251945384e-05
12.701086926119359,7.494179033334194e-05
12.706625995864723,3.18085442706971e-05
12.712165065610087,6.655416037863051e-05
12.71770413535545,0.00011517633353878476
12.723243205100815,0.00014485929642032752
12.728782274846179,8.289319482048804e-05
12.734321344591542,5.392094237556399e-05
12.739860414336906,4.937830784169728e-05
12.74539948408227,3.033373724418619e-05
12.750938553827634,3.663002726850327e-05
12.756477623572998,3.2611037241120517e-05
12.762016693318362,5.5481137331379294e-05
12.767555763063724,8.135120249369235e-05
12.773094832809088,0.00011516822452000154
12.778633902554452,6.65585582654103e-05
12.784172972299816,8.18107919070923e-05
12.78971204204518,0.00010544145121200459
12.795251111790543,0.00010660540766927476
12.800790181535907,7.394612452021377e-05
12.806329251281271,8.27639023896005e-05
12.811868321026635,0.0001229186299532208
12.817407390771999,2.9301969149743513e-05
12.822946460517363,3.7374932317594456e-05
12.828485530262727,5.8660698102756406e-05
12.83402460000809,0.0001012271799257258
12.839563669753455,0.0001307856163447912
12.845102739498818,0.00010364704271310705
12.850641809244182,4.589224048089917e-05
12.856180878989546,2.398615355924953e-05
12.86171994873491,3.6695746819201804e-05
12.867259018480274,0.00012709445396766908
12.872798088225638,0.00013959550343096226
12.878337157971002,0.00011472653662829718
12.883876227716366,8.241418521553083e-05
12.88941529746173,2.5091947271166042e-05
12.894954367207093,4.645749572877537e-05
12.900493436952457,9.400331840689594e-05
12.906032506697821,0.00011625840809570434
12.911571576443185,9.417567826251595e-05
12.917110646188549,0.00011821109919815931
12.922649715933913,5.973538424128356e-05
12.928188785679277,1.3702854216437087e-05
12.93372785542464,0.00010605135600786013
12.939266925170005,0.00018385659960515964
12.944805994915368,0.00016210203445509257
12.950345064660732,0.00012635527497301458
12.955884134406096,5.150389596446172e-05
12.96142320415146,4.787072386533649e-05
12.966962273896824,8.407154983421726e-05
12.972501343642188,9.102437234421575e-05
12.978040413387552,0.00010944742858413843
12.983579483132916,9.850953263546964e-05
12.98911855287828,4.385854714917061e-05
12.994657622623643,1.9306194685025355e-05
13.000196692369007,6.691918628498738e-05
13.005735762114371,0.00013878383369608015
13.011274831859735,0.0001458925037746232
13.016813901605099,0.00012723701083304246
13.022352971350463,9.427099478817961e-05
13.027892041095827,7.129316811812151e-05
13.03343111084119,0.00013586756796612305
13.038970180586555,0.00013215536970515783
13.044509250331918,0.0001436827389423908
13.050048320077282,0.00018616151433678186
13.055587389822646,0.00011502198469521183
13.06112645956801,3.0104664795812507e-05
13.066665529313374,5.6661689212285616e-05
13.072204599058738,0.00010076309275642594
13.077743668804102,0.00013311641480171697
13.083282738549466,0.0001241582863448589
13.08882180829483,0.00010957461523995354
13.094360878040193,1.628653523293884e-05
13.099899947785557,1.8452614735884063e-05
13.105439017530921,3.504853730602447e-05
13.110978087276285,0.00012235197113830102
13.116517157021649,0.00018130402696978274
13.122056226767013,0.00013333055645759102
13.127595296512377,6.440729362865485e-05
13.13313436625774,2.8471514131830343e-05
13.138673436003105,5.7105142460121366e-05
13.144212505748468,0.00011226505730260402
13.149751575493832,0.00012000206803367168
13.155290645239196,0.0001690006396101368
13.16082971498456,0.00010696875888414413
13.166368784729924,4.9983960043891145e-05
13.171907854475288,0.00011856545987241856
13.177446924220652,0.0001552754111306635
13.182985993966016,0.00014350899977663627
13.18852506371138,0.00010439924751366899
13.194064133456743,0.00010825415305480509
13.199603203202107,0.00012666692232565226
13.205142272947471,7.98827710345329e-05
13.210681342692835,0.00011630638653163871
13.216220412438199,0.00011507285940983259
13.221759482183563,8.985890934522428e-05
13.227298551928927,6.15266001237673e-05
13.23283762167429,4.422362715397675e-05
13.238376691419655,0.00014509979116920867
13.243915761165018,0.00016127242743412733
13.249454830910382,0.00010038736914753425
13.254993900655746,8.837590575741191e-05
13.26053297040111,0.00014022473947127527
13.266072040146474,0.00015099430240890494
13.271611109891838,2.4777325104091766e-05
13.277150179637202,4.205357825649282e-05
13.282689249382566,0.0001376285577289845
13.28822831912793,0.00010104908214817719
13.293767388873293,2.4823542342921796e-05
13.299306458618657,4.880464917959035e-05
13.304845528364021,4.807712087668898e-05
13.310384598109385,5.386511464311235e-05
13.315923667854749,6.981949214210099e-05
13.321462737600113,5.237123877966152e-05
13.327001807345477,9.102778671907177e-05
13.332540877090839,8.71941293747632e-05
13.338079946836203,8.33594946880074e-06
13.343619016581567,4.2129588428673343e-05
13.34915808632693,1.0521995457444483e-05
13.354697156072294,6.72715471922605e-05
13.360236225817658,0.00012211047738465783
13.365775295563022,9.947522043143988e-05
13.371314365308386,7.80137298796792e-05
13.37685343505375,5.111014694127323e-05
13.382392504799114,1.555905264876454e-05
13.387931574544478,5.4869604178716456e-05
13.393470644289842,8.665827035304011e-05
13.399009714035206,0.00010916900079505727
13.40454878378057,7.247426378384223e-05
13.410087853525933,7.690870647987538e-05
13.415626923271297,5.4891732722541e-05
13.421165993016661,8.62346442446042e-05
13.426705062762025,0.00011424311988407336
13.432244132507389,0.00018815580058193133
13.437783202252753,0.00025135971743337247
13.443322271998117,0.00014782447774928592
13.44886134174348,0.00010671344722593419
13.454400411488844,9.789522709192287e-05
13.459939481234208,4.8802402263758116e-05
13.465478550979572,7.724597002108022e-05
13.471017620724936,5.53968742047448e-05
13.4765566904703,8.107878538531451e-05
13.482095760215664,7.793460663858678e-05
13.487634829961028,4.1437456852124304e-05
13.493173899706392,7.745227996297238e-05
13.498712969451756,6.244888982178968e-05
13.50425203919712,6.742606614635054e-05
13.509791108942483,5.827794305304362e-05
13.515330178687847,6.562016720817854e-05
13.520869248433211,0.00010236266605711683
13.526408318178575,8.325774235251891e-05
13.531947387923939,5.119293535069828e-05
13.537486457669303,4.67883774041133e-05
13.543025527414667,3.874589779249405e-05
13.54856459716003,6.721334319487606e-05
13.554103666905394,9.731337570554898e-05
13.559642736650758,0.00013712974762137995
13.565181806396122,9.1652047875438e-05
13.570720876141486,1.8319949865596106e-05
13.57625994588685,2.7557415481341084e-05
13.581799015632214,9.688447423900389e-05
13.587338085377578,0.00012880458121580101
13.592877155122942,0.00011485053505136339
13.598416224868306,5.493409193830977e-05
13.60395529461367,2.8831457489561207e-05
13.609494364359033,5.8877781173447155e-05
13.615033434104397,0.00011667089359793064
13.620572503849761,0.00010830816370262405
13.626111573595125,0.00013955049662087447
13.631650643340489,9.731717057397152e-05
13.637189713085853,3.757831687859604e-05
13.642728782831217,7.335793077797815e-06
13.64826785257658,5.591064781244414e-05
13.653806922321944,0.0001304152960866511
13.659345992067308,0.00011274537747989862
13.664885061812672,0.00010018799488317711
13.670424131558036,0.00010390260296969458
13.6759632013034,6.289379213390623e-05
13.681502271048764,6.953763117141027e-05
13.687041340794128,8.461151731118073e-05
13.692580410539492,0.00014375902255725403
13.698119480284856,0.0001035646253871421
13.70365855003022,7.33563323581114e-05
13.709197619775583,5.4698983781746995e-05
13.714736689520947,2.3575104714612754e-05
13.720275759266311,0.00010747247930894832
13.725814829011675,0.00013778301229909142
13.731353898757039,0.00013025951523748262
13.736892968502403,0.00012029066766238216
13.742432038247767,6.83672363626631e-05
13.74797110799313,5.28072498849488e-05
13.753510177738494,9.470586200975242e-05
13.759049247483858,0.0001215140169355306
13.764588317229222,0.000132148830320549
13.770127386974586,6.392166705322306e-05
13.77566645671995,6.943128994258778e-05
13.781205526465314,5.870554016579792e-05
13.786744596210678,7.759168725944241e-05
13.792283665956042,0.00013672068432579734
13.797822735701406,0.0001739487195938868
13.80336180544677,0.0001733393038945041
13.808900875192133,8.96329483881067e-05
13.814439944937497,3.345621836232108e-05
13.819979014682861,8.013244076745167e-05
13.825518084428225,0.00015501882826820656
13.831057154173589,0.00013339467025419248
13.836596223918953,0.00016761929563941126
13.842135293664317,0.00013315131748524713
13.84767436340968,3.835701126767874e-05
13.853213433155044,1.827284094414346e-05
13.858752502900408,9.549712605980737e-05
13.864291572645772,0.00014074543364213694
13.869830642391136,0.00015135792322422382
13.8753697121365,0.00013915180604127903
13.880908781881864,0.00011218734728776657
13.886447851627228,7.391936686590836e-05
13.891986921372592,0.00011088820225751508
13.897525991117954,0.00011934422855542928
13.903065060863318,0.00012275270006377716
13.908604130608682,8.713237027758429e-05
13.914143200354046,7.754585620413238e-05
13.91968227009941,4.416702506722489e-05
13.925221339844773,4.305311529224857e-05
13.930760409590137,0.00011379782163983201
13.936299479335501,0.00013994763593471864
13.941838549080865,0.00010491825835162869
13.947377618826229,9.641951019631555e-05
13.952916688571593,5.6785469161046864e-05
13.958455758316957,3.693192900644627e-05
13.96399482806232,0.00010211962135191576
13.969533897807684,0.00013765753595708585
13.975072967553048,0.00013376482368207491
13.980612037298412,7.613351084378639e-05
13.986151107043776,4.011069470272365e-05
13.99169017678914,3.3699414197978586e-05
13.997229246534504,7.706601819163881e-05
14.002768316279868,0.00011142112700355549
14.008307386025232,0.0001426685311649643
14.013846455770596,0.0001122905997460069
14.01938552551596,9.293170238864716e-05
14.024924595261323,4.3893598543797026e-05
14.030463665006687,0.0002256824595214394
14.036002734752051,0.0002828278330454061
14.041541804497415,8.572850987045485e-05
14.047080874242779,0.0004375051071349319
14.052619943988143,0.00039990705022591665
14.058159013733507,0.00020749094341272913
14.06369808347887,5.33388914657797e-05
14.069237153224234,4.965733548734442e-05
14.074776222969598,8.341874198247677e-05
14.080315292714962,0.00010795754482097341
14.085854362460326,7.508753820021593e-05
14.09139343220569,4.744306078558787e-05
14.096932501951054,1.2481750564725734e-05
14.102471571696418,2.572874399513525e-05
14.108010641441782,5.872017225651643e-05
14.113549711187146,0.00010146933022952821
14.11908878093251,0.00011679913052474722
14.124627850677873,8.854191096124911e-05
14.130166920423237,3.321178888310609e-05
14.135705990168601,4.789763120195411e-05
14.141245059913965,8.457111700665327e-05
14.146784129659329,7.122105483133575e-05
14.152323199404693,7.266012461474764e-05
14.157862269150057,6.736570041358152e-05
14.16340133889542,5.193287099435343e-05
14.168940408640784,3.514750281290534e-05
14.174479478386148,5.661624632293633e-05
14.180018548131512,7.054982293844976e-05
14.185557617876876,6.703406245683821e-05
14.19109668762224,7.130219560846092e-05
14.196635757367604,4.5756247014011994e-05
14.202174827112968,5.414003164510524e-05
14.207713896858332,4.152729818521902e-05
14.213252966603696,4.034231133860628e-05
14.21879203634906,6.828967369098814e-05
14.224331106094423,7.400006766377538e-05
14.229870175839787,4.2670935936176945e-05
14.235409245585151,5.8343219097977554e-05
14.240948315330515,7.00192279033204e-05
14.246487385075879,8.831171084565353e-05
14.252026454821243,6.671468555545767e-05
14.257565524566607,6.722366290337109e-05
14.26310459431197,6.696771080800413e-05
14.268643664057334,8.929157193775423e-05
14.274182733802698,7.39481906563799e-05
14.279721803548062,6.146724533576841e-05
14.285260873293426,5.333241140732015e-05
14.29079994303879,3.7135785691450305e-05
14.296339012784154,6.353150381126616e-05
14.301878082529518,9.189662621876882e-05
14.307417152274882,0.00010481951131034252
14.312956222020246,7.401235359529609e-05
14.31849529176561,4.281517074704418e-05
14.324034361510973,1.763350137787995e-05
14.329573431256337,6.216377146679184e-05
14.335112501001701,8.789183033783061e-05
14.340651570747065,8.798633604099814e-05
14.346190640492429,0.00010543566676618627
14.351729710237793,7.891402479036019e-05
14.357268779983157,3.643643895085456e-05
14.36280784972852,2.8537610236387336e-05
14.368346919473884,8.270892348237188e-05
14.373885989219248,0.00010789986610013621
14.379425058964612,0.00010813995900233807
14.384964128709976,7.466850695863875e-05
14.39050319845534,3.0380221715868962e-05
14.396042268200704,1.8719869298897492e-05
14.401581337946068,8.043754738379221e-05
14.407120407691432,0.00011929739681849657
14.412659477436796,0.0001305031002707542
14.41819854718216,0.00010760565329933876
14.423737616927523,5.53114788662134e-05
14.429276686672887,5.758882722312406e-06
14.434815756418251,6.651161260944248e-05
14.440354826163615,0.00011772830627988991
14.445893895908979,0.0001336916128226463
14.451432965654343,0.00013446405136362165
14.456972035399707,9.081214616905899e-05
14.46251110514507,2.2390537604924934e-05
14.468050174890433,5.878290563628342e-05
14.473589244635797,0.00010794085299439341
14.47912831438116,0.00013119081217672992
14.484667384126524,0.00013563952579185968
14.490206453871888,0.00011276322021802229
14.495745523617252,4.1648199000812484e-05
14.501284593362616,4.539477978959629e-05
14.50682366310798,0.00010358722090417171
14.512362732853344,0.00018460761646470222
14.517901802598708,0.00020617189648495433
14.523440872344072,0.00010655853346690894
14.528979942089435,4.19133982214453e-05
14.5345190118348,4.9257696974935854e-05
14.540058081580163,9.012071162054599e-05
14.545597151325527,0.00012563206905264162
14.551136221070891,0.00013845150432816418
14.556675290816255,0.00010790781121189163
14.562214360561619,6.83484554311935e-05
14.567753430306983,2.6530285785792514e-05
14.573292500052347,7.679663121813676e-05
14.57883156979771,0.00011832438713431011
14.584370639543074,0.0001401424849192915
14.589909709288438,0.0001230638909361209
14.595448779033802,8.26404699324223e-05
14.600987848779166,2.58476151441451e-05
14.60652691852453,5.105240741390598e-05
14.612065988269894,0.00010016244986941686
14.617605058015258,0.0001337838149857602
14.623144127760622,0.00012609045644803896
14.628683197505985,8.851907990560673e-05
14.63422226725135,4.2283380475668774e-05
14.639761336996713,4.051955561656237e-05
14.645300406742077,8.645430299945225e-05
14.650839476487441,0.00011790729626913796
14.656378546232805,0.0001253123304775596
14.661917615978169,0.00011112241372506469
14.667456685723533,7.079669155488929e-05
14.672995755468897,2.57193241308509e-05
14.67853482521426,6.860123725301258e-05
14.684073894959624,0.00011571833507443233
14.689612964704988,0.00013319053230962885
14.695152034450352,0.00011712734578196918
14.700691104195716,8.20674414418482e-05
14.70623017394108,3.2673895635269566e-05
14.711769243686444,4.5983141305283795e-05
14.717308313431808,0.0001026290069275475
14.722847383177172,0.00013091102482700438
14.728386452922535,0.00012566074527702563
14.7339255226679,9.108071837607843e-05
14.739464592413263,3.95252322347307e-05
14.745003662158627,3.265384634020644e-05
14.750542731903991,8.112539195977262e-05
14.756081801649355,0.00011622368874369687
14.761620871394719,0.00012306694009103937
14.767159941140083,0.00010460169487666693
14.772699010885447,5.912707229600406e-05
14.77823808063081,1.5820673116164933e-05
14.783777150376174,6.184947987464155e-05
14.789316220121538,9.923720886066258e-05
14.794855289866902,0.0001163437888540599
14.800394359612266,0.00010706615054120044
14.80593342935763,7.070224271721037e-05
14.811472499102994,1.882688895369821e-05
14.817011568848358,3.9240176328566735e-05
14.822550638593722,8.491556765264118e-05
14.828089708339085,0.00010874340000676129
14.83362877808445,0.00010703880790315358
14.839167847829813,8.039345089396431e-05
14.844706917575177,3.431109573321205e-05
14.850245987320541,1.8485225162223803e-05
14.855785057065905,6.507847297103192e-05
14.861324126811269,9.54961115376522e-05
14.866863196556633,0.0001021050260518798
14.872402266301997,8.71488819335633e-05
14.87794133604736,5.292332005227198e-05
14.883480405792724,1.5084714447466418e-05
14.889019475538088,4.84636008536202e-05
14.894558545283452,8.553518125322578e-05
14.900097615028816,0.00010285536209621743
14.90563668477418,9.23040813213543e-05
14.911175754519544,6.160806852442719e-05
14.916714824264908,3.0456038759080175e-05
14.922253894010272,3.765825894585718e-05
14.927792963755635,6.953262173436061e-05
14.933332033501,8.584201261774352e-05
14.938871103246363,8.165857031609742e-05
14.944410172991727,6.290063576867497e-05
14.949949242737091,3.905622565677381e-05
14.955488312482455,3.2855743410602496e-05
14.961027382227819,5.3921925208068925e-05
14.966566451973183,6.83990900624205e-05
14.972105521718547,7.916075062220456e-05
14.97764459146391,7.086443882959443e-05
14.983183661209274,5.668154292541475e-05
14.988722730954638,3.8276393220827506e-05
14.994261800700002,3.713829986656261e-05
14.999800870445366,5.8852724837806074e-05
15.00533994019073,6.61641069109182e-05
15.010879009936094,7.698208597172216e-05
15.016418079681458,6.061481980880638e-05
15.021957149426822,5.715362161161112e-05
15.027496219172185,3.582996120134394e-05
15.033035288917548,3.560615012301732e-05
15.038574358662911,5.016364460463702e-05
15.044113428408275,6.485681307818002e-05
15.04965249815364,6.703624442619382e-05
15.055191567899003,6.460359842837393e-05
15.060730637644367,5.4039494148819244e-05
15.066269707389731,3.935120903146926e-05
15.071808777135095,3.920892650302297e-05
15.077347846880459,5.373862481230516e-05
15.082886916625823,6.744568182061637e-05
15.088425986371186,7.729935582359291e-05
15.09396505611655,6.71891278856559e-05
15.099504125861914,4.010586537691446e-05
15.105043195607278,3.055995277216977e-05
15.110582265352642,3.5146847394179524e-05
15.116121335098006,7.018843879611159e-05
15.12166040484337,8.112679104570333e-05
15.127199474588734,8.414904591568436e-05
15.132738544334098,6.259803128205221e-05
15.138277614079461,2.583216131470357e-05
15.143816683824825,3.225605798976375e-05
15.14935575357019,5.464424237870438e-05
15.154894823315553,8.969630556042797e-05
15.160433893060917,9.969111809712285e-05
15.165972962806281,7.29464693214598e-05
15.171512032551645,3.3689147235155744e-05
15.177051102297009,1.5899148652062137e-05
15.182590172042373,5.849154113507034e-05
15.188129241787736,8.610889899761495e-05
15.1936683115331,9.147057457994659e-05
15.199207381278464,8.452362699560172e-05
15.204746451023828,5.615373080492503e-05
15.210285520769192,1.699950391755665e-05
15.215824590514556,3.395983449366483e-05
15.22136366025992,8.710863765192992e-05
15.226902730005284,9.622361393051658e-05
15.232441799750648,9.625002087952362e-05
15.237980869496011,8.535706257699222e-05
15.243519939241375,4.4880278317121584e-05
15.24905900898674,1.8410623751096934e-05
15.254598078732103,4.9345021760943155e-05
15.260137148477467,9.109121533237418e-05
15.265676218222831,0.00010011823652566865
15.271215287968195,8.403823834628058e-05
15.276754357713559,5.012202959487301e-05
15.282293427458923,1.6736741720951863e-05
15.287832497204286,5.850055559161546e-05
15.29337156694965,8.857333954169261e-05
15.298910636695014,9.668159843259108e-05
15.304449706440378,5.586051982910077e-05
15.309988776185742,6.150048634414436e-05
15.315527845931106,6.148765494665622e-05
15.32106691567647,2.2557756862722517e-05
15.326605985421834,6.992951629355321e-05
15.332145055167198,0.00010719492421021043
15.337684124912562,0.00011835744544324488
15.343223194657925,9.638529290660704e-05
15.34876226440329,5.245944680745826e-05
15.354301334148653,1.7655149036967358e-05
15.359840403894017,5.182031887689083e-05
15.365379473639381,7.977356109669329e-05
15.370918543384745,0.00010206029541442848
15.376457613130109,0.0001045802235009266
15.381996682875473,7.755525025448146e-05
15.387535752620837,3.689493686701167e-05
15.3930748223662,3.5715298094389856e-05
15.398613892111564,5.538946756090692e-05
15.404152961856928,0.0001268556722132706
15.409692031602292,0.00016665585092280887
15.415231101347656,0.00017471049470680047
15.42077017109302,0.00023800523820638757
15.426309240838384,0.0006052671691743784
15.431848310583748,0.0008642550731472247
15.437387380329112,0.0006256783539194043
15.442926450074475,0.00037383029603187747
15.44846551981984,0.0001757915866840019
15.454004589565203,4.5233660278722735e-05
15.459543659310567,6.975430920536148e-05
15.465082729055931,9.898841094207583e-05
15.470621798801295,0.00012904945690260487
15.476160868546659,0.00014102143579556325
15.481699938292023,9.959124380880954e-05
15.487239008037387,5.6537598875151724e-05
15.49277807778275,1.4963560468097506e-05
15.498317147528114,6.649790122437265e-05
15.503856217273478,0.00011500164479184467
15.509395287018842,0.00011188041061869213
15.514934356764206,0.00011127553903099568
15.52047342650957,9.125354384387415e-05
15.526012496254934,3.389517425693295e-05
15.531551566000298,2.443095136066123e-05
15.537090635745662,8.458574297408336e-05
15.542629705491025,0.00014137899353631493
15.54816877523639,0.00014628258110757742
15.553707844981753,0.00010634364038241129
15.559246914727117,5.229238114733561e-05
15.564785984472481,2.1827557109802158e-05
15.570325054217845,9.317382001656403e-05
15.575864123963209,0.00010282287931294623
15.581403193708573,0.00013383333088896933
15.586942263453937,0.00012210236165407118
15.5924813331993,7.984975706157118e-05
15.598020402944663,0.00012163940411074746
15.603559472690026,9.340641685068339e-05
15.60909854243539,9.538010367363957e-06
15.614637612180754,8.14716401295966e-05
15.620176681926118,9.752266480843941e-05
15.625715751671482,7.564042004006561e-05
15.631254821416846,5.4645738899450444e-05
15.63679389116221,1.8269589541359938e-05
15.642332960907574,2.7195579887948796e-05
15.647872030652938,7.17229304173605e-05
15.653411100398301,8.210708906123128e-05
15.658950170143665,7.159561047411265e-05
15.66448923988903,3.7184743662581434e-05
15.670028309634393,2.68734462246001e-05
15.675567379379757,5.2196725554190425e-05
15.68110644912512,6.564747837036005e-05
15.686645518870485,7.435793037626566e-05
15.692184588615849,8.621374263323203e-05
15.697723658361213,8.143385763467005e-05
15.703262728106576,3.928665711910877e-05
15.70880179785194,1.8080652523994646e-05
15.714340867597304,3.961231810014122e-05
15.719879937342668,7.317611750293245e-05
15.725419007088032,8.779944269790406e-05
15.730958076833396,9.17781320658497e-05
15.73649714657876,8.099500937227445e-05
15.742036216324124,5.088866083067735e-05
15.747575286069488,2.3482756918142184e-05
15.753114355814851,4.7770109584822734e-05
15.758653425560215,0.00011821403048005003
15.76419249530558,0.0001315775640516944
15.769731565050943,7.580268679000889e-05
15.775270634796307,5.847423498422462e-05
15.78080970454167,2.6570518275607633e-05
15.786348774287035,3.516824813109866e-05
15.791887844032399,6.397429935038174e-05
15.797426913777763,8.189934671212778e-05
15.802965983523126,8.2414546563262e-05
15.80850505326849,7.653359588537146e-05
15.814044123013854,6.19561231950726e-05
15.819583192759218,1.421159410712956e-05
15.825122262504582,6.060145978266438e-05
15.830661332249946,7.301421991147186e-05
15.83620040199531,8.014593126317846e-05
15.841739471740674,0.00010250843727721138
15.847278541486038,9.053783118010973e-05
15.852817611231401,4.31560722850687e-05
15.858356680976765,1.3830840995505676e-05
15.86389575072213,6.551148337136285e-05
15.869434820467493,7.94770745124467e-05
15.874973890212857,6.743528284906101e-05
15.88051295995822,8.125187506996668e-05
15.886052029703585,6.0848259925707555e-05
15.891591099448949,1.4701287261641239e-05
15.897130169194313,3.8535652546659594e-05
15.902669238939676,8.976591535811918e-05
15.90820830868504,0.00012490868887900575
15.913747378430404,0.00011703259798419038
15.919286448175768,8.509473350934778e-05
15.924825517921132,3.9083097839547355e-05
15.930364587666496,3.2310604412944086e-05
15.93590365741186,8.234932624811893e-05
15.941442727157224,0.00011269896907200687
15.946981796902588,0.00013029726540383048
15.952520866647951,0.000105616180097752
15.958059936393315,2.2574301409251007e-05
15.96359900613868,1.9138945426870237e-05
15.969138075884043,5.3320317101874575e-05
15.974677145629407,8.900494754344792e-05
15.98021621537477,8.890448808490466e-05
15.985755285120135,9.994924541871042e-05
15.991294354865499,6.398170668103594e-05
15.996833424610863,1.2774598188638987e-05
16.002372494356226,5.436008784803866e-05
16.00791156410159,0.00011953938668919844
16.013450633846954,0.00013524342610354202
16.018989703592318,0.00010654713456034504
16.024528773337682,8.155547354894947e-05
16.030067843083046,4.1818900486415914e-05
16.03560691282841,3.470847227356685e-05
16.041145982573774,9.581634349352394e-05
16.046685052319138,0.00013155050017097452
16.0522241220645,0.00014075821880805308
16.057763191809865,0.00013076545644778885
16.06330226155523,6.481803386827896e-05
16.068841331300593,6.479649380740398e-06
16.074380401045957,5.2291121994844495e-05
16.07991947079132,0.00011745259708786994
16.085458540536685,0.0001424522108168035
16.09099761028205,0.00013595112442025135
16.096536680027413,9.372618841931332e-05
16.102075749772776,4.198017271764591e-05
16.10761481951814,6.386282667865852e-05
16.113153889263504,0.00010644901543207772
16.118692959008868,0.00014526673253037665
16.124232028754232,0.0001407908479002522
16.129771098499596,0.00010433267955769144
16.13531016824496,6.803945238342838e-05
16.140849237990324,4.627700368919445e-05
16.146388307735688,9.948214562252141e-05
16.15192737748105,0.00012858647959010995
16.157466447226415,0.00014342738719647877
16.16300551697178,0.00013630890098667115
16.168544586717143,8.426872323552529e-05
16.174083656462507,1.6867005343021245e-05
16.17962272620787,7.654692143283888e-05
16.185161795953235,0.00013146532116793092
16.1907008656986,0.00018072797771827079
16.196239935443963,0.0001483598257449864
16.201779005189326,7.860743556060473e-05
16.20731807493469,3.755182292794677e-05
16.212857144680054,6.297234185811389e-05
16.218396214425418,0.0001592974443550466
16.223935284170782,0.00016800041752926132
16.229474353916146,0.00017651023046557187
16.23501342366151,0.00018992096819763003
16.240552493406874,0.00011210561782950946
16.246091563152238,4.5298532268156524e-05
16.2516306328976,7.612427024874788e-05
16.257169702642965,0.0001518128645983687
16.26270877238833,0.0001845511765253404
16.268247842133693,0.00015494831109815222
16.273786911879057,0.00011957949821987573
16.27932598162442,7.654169158245076e-05
16.284865051369785,9.528446073762593e-05
16.29040412111515,0.00015185152338049538
16.295943190860513,0.00018701990307909224
16.301482260605876,0.00019201045402759986
16.30702133035124,0.00013061924435914748
16.312560400096604,5.549913525149541e-05
16.318099469841968,6.216481856914328e-05
16.323638539587332,0.00011971117456143115
16.329177609332696,0.0001466088802137968
16.33471667907806,0.00015448206465769226
16.340255748823424,0.00015034022593834743
16.345794818568788,0.00010904996206362192
16.35133388831415,3.576687789626483e-05
16.356872958059515,9.254769347997358e-05
16.36241202780488,0.00013260537393751273
16.367951097550243,0.00017113379532516994
16.373490167295607,0.00018977608605861058
16.37902923704097,0.00013774365274676561
16.384568306786335,5.939459591237042e-05
16.3901073765317,0.0001308560842787149
16.395646446277063,0.00010693282895036154
16.401185516022426,4.556690271689457e-05
16.40672458576779,0.00011226941903940324
16.412263655513154,0.00013658792515009252
16.417802725258518,0.0001297492408847061
16.423341795003882,0.00011166909698535405
16.428880864749246,0.00013081406811112092
16.43441993449461,0.00017666977033200536
16.439959004239974,0.00021665017735436354
16.445498073985338,0.00020959846966967554
16.451037143730698,0.0001341709847594112
16.456576213476062,6.242704224474518e-05
16.462115283221426,9.813262688782488e-05
16.46765435296679,0.00015377753337797573
16.473193422712153,0.00019586467679363925
16.478732492457517,0.0002017764804159252
16.48427156220288,0.00014789659412693098
16.489810631948245,9.556143083023733e-05
16.49534970169361,6.829240256086634e-05
16.500888771438973,0.00013506584351685857
16.506427841184337,0.00019269960791313452
16.5119669109297,0.00021653607188911443
16.517505980675065,0.00019978771876098467
16.52304505042043,0.0001130563534816765
16.528584120165792,4.368104447327018e-05
16.534123189911156,0.00010116736537145372
16.53966225965652,0.00018663687220863033
16.545201329401884,0.0002499521805394326
16.550740399147248,0.00021371897927924643
16.556279468892612,0.00014320056488349343
16.561818538637976,9.331636194896902e-05
16.56735760838334,0.00010401920520703724
16.572896678128703,0.0001968152036791387
16.578435747874067,0.00023439176985326046
16.58397481761943,0.00025457826454816174
16.589513887364795,0.00021013705494067614
16.59505295711016,0.00011207399374443114
16.600592026855523,6.833911523329443e-05
16.606131096600887,0.00017690283683173292
16.61167016634625,0.00026942255234698934
16.617209236091615,0.00028339224860773557
16.62274830583698,0.00025412081125469996
16.628287375582342,0.00013700063990451907
16.633826445327706,6.536862419157655e-05
16.63936551507307,0.00021514292302817712
16.644904584818434,0.0002925735854415921
16.650443654563798,0.00038008689673793263
16.655982724309162,0.00030618661163832355
16.661521794054526,0.0001474303230378751
16.66706086379989,0.0002452477122681105
16.672599933545253,0.0002916264703236909
16.678139003290617,0.0006708803943332875
16.68367807303598,0.00041601214829691457
16.689217142781345,0.0005144831809389646
16.69475621252671,0.0007681411963392255
16.700295282272073,0.002287272395805687
16.705834352017437,0.005346600001709828
16.7113734217628,0.004968291264157109
16.716912491508165,0.0018470898422176722
16.72245156125353,0.0007164880585824482
16.727990630998892,0.00042415022712195024
16.733529700744256,0.00037084379433739294
16.73906877048962,0.0005881269514892143
16.744607840234984,0.0004402493672753678
16.750146909980348,0.00026923486971028017
16.755685979725712,6.457820836925934e-05
16.761225049471076,0.00020153524628185366
16.76676411921644,0.0003230224094864902
16.772303188961803,0.00033536835821650394
16.777842258707167,0.00028326537574675206
16.78338132845253,0.00016157895990039382
16.788920398197895,5.870237081616596e-05
16.79445946794326,0.00014445051812545304
16.799998537688623,0.00023159488004969225
16.805537607433987,0.00026069108617603155
16.81107667717935,0.00023340480004984348
16.816615746924715,0.00014484437153402936
16.82215481667008,3.962269445746372e-05
16.827693886415442,2.6630781570127652e-05
16.833232956160806,9.964127915260502e-05
16.83877202590617,0.00018258765241319718
16.844311095651534,0.0002203678075302358
16.849850165396898,0.00018053249422302257
16.855389235142262,9.753836514669053e-05
16.860928304887626,8.784287650121168e-05
16.86646737463299,0.0001668824323521607
16.872006444378354,0.00021642343267963614
16.877545514123717,0.00019380250186317913
16.88308458386908,0.00015872485481331126
16.888623653614445,0.00011919289017763006
16.89416272335981,0.00010605018671728676
16.899701793105173,0.00012876602439024446
16.905240862850537,0.0001454148238377615
16.9107799325959,0.00015864830663372978
16.916319002341265,0.00017083176255736223
16.92185807208663,0.00012623391001747892
16.927397141831992,7.589440542783235e-05
16.932936211577356,0.0001511941283243342
16.93847528132272,0.00018457075262253564
16.944014351068084,0.0001781712506278696
16.949553420813448,0.0001545293912277683
16.955092490558812,8.80552415917436e-05
16.960631560304176,6.638261360616593e-05
16.96617063004954,9.569841238784229e-05
16.971709699794904,0.00010290950272935835
16.977248769540267,0.00012388441063710727
16.98278783928563,0.00012910324850142182
16.988326909030995,9.369080407177529e-05
16.99386597877636,5.6007197232811125e-05
16.999405048521723,4.483913856173437e-05
17.004944118267087,8.190693817352296e-05
17.01048318801245,0.00011556114928574143
17.016022257757815,0.00011629566090781317
17.02156132750318,8.259105430929312e-05
17.027100397248542,4.496352317200524e-05
17.032639466993906,3.1015624841597456e-05
17.03817853673927,8.641381195054071e-05
17.043717606484634,0.0001100900687829511
17.049256676229998,9.908142686461489e-05
17.054795745975362,5.69723560621459e-05
17.060334815720726,2.0568586577324738e-05
17.06587388546609,3.954333443340654e-05
17.071412955211454,7.175075145103446e-05
17.076952024956817,0.000108816026917137
17.08249109470218,0.00011972148624782517
17.088030164447545,9.317471292038952e-05
17.09356923419291,4.688280410902534e-05
17.099108303938273,1.1904604878172694e-05
17.104647373683637,4.494468190238337e-05
17.110186443429,7.136371220385789e-05
17.115725513174365,6.80545670140117e-05
17.12126458291973,4.446033967094682e-05
17.126803652665092,1.2463468424872261e-05
17.132342722410456,1.593438117667587e-05
17.13788179215582,7.686038607956729e-06
17.143420861901184,5.856995134148942e-05
17.148959931646548,6.18318428541373e-05
17.154499001391912,6.007066201990378e-05
17.160038071137276,4.6431218868045456e-05
17.16557714088264,1.230617131543723e-05
17.171116210628004,2.9447547994631397e-05
17.176655280373367,3.262759780536479e-05
17.18219435011873,8.761036302802661e-05
17.187733419864095,9.68554139757288e-05
17.19327248960946,4.071787073896781e-05
17.198811559354823,1.838917159305135e-05
17.204350629100187,4.580955081513472e-05
17.20988969884555,7.949433091277755e-05
17.215428768590915,8.6528712518104e-05
17.22096783833628,5.4348849393151804e-05
17.226506908081642,1.712472140426788e-05
17.232045977827006,4.39026189370939e-05
17.23758504757237,0.00010514940271018577
17.243124117317734,9.638558366341608e-05
17.248663187063098,6.202440620171788e-05
17.254202256808462,4.205061671298727e-05
17.259741326553826,5.633983798775438e-05
17.26528039629919,0.0001058778495992007
17.270819466044554,0.00011035556560397366
17.276358535789917,9.014199476804035e-05
17.28189760553528,8.203967513055853e-05
17.287436675280645,6.783774687508263e-05
17.29297574502601,3.755383531285265e-05
17.298514814771373,3.6589956561610484e-05
17.304053884516737,5.68199799610523e-05
17.3095929542621,8.920840390842468e-05
17.315132024007465,0.00011245145010635055
17.32067109375283,8.174553758776955e-05
17.326210163498192,5.850089181049837e-05
17.331749233243556,8.715387631524828e-05
17.33728830298892,0.0001277773211536991
17.342827372734284,0.00016766855182578474
17.348366442479648,0.00016471537743404158
17.353905512225012,0.0001363990708998126
17.359444581970376,0.00010251827400465422
17.36498365171574,7.882588748802334e-05
17.370522721461104,0.00012416633047703356
17.376061791206467,0.000184939941414127
17.38160086095183,0.00017431748937437368
17.387139930697195,0.0001399082688018344
17.39267900044256,9.875596443268574e-05
17.398218070187923,9.952006445839072e-05
17.403757139933287,0.00015570979401813759
17.40929620967865,0.00018910978308873453
17.414835279424015,0.00019903566811037255
17.42037434916938,0.000188442164316257
17.425913418914742,0.00015221365436334154
17.431452488660106,0.00012908228817006025
17.43699155840547,0.00014715634979583226
17.442530628150834,0.0001919908792562054
17.448069697896198,0.00020589994078916348
17.453608767641562,0.000204731870977219
17.459147837386926,0.00017885473465067652
17.46468690713229,0.0001480083833356536
17.470225976877654,0.00014965779960426042
17.475765046623017,0.0001811228960430402
17.48130411636838,0.00021301830837588628
17.486843186113745,0.00024217444519318408
17.49238225585911,0.000243914723394369
17.497921325604473,0.00018699161570190327
17.503460395349837,0.00014910416662409763
17.5089994650952,0.0001851715560787879
17.514538534840565,0.00023667366710634612
17.52007760458593,0.00025846794902117313
17.525616674331292,0.00024473312689088903
17.531155744076656,0.00020307581633377864
17.53669481382202,0.00015498985564166355
17.542233883567384,0.00014464795507469086
17.547772953312748,0.00019973587520794657
17.553312023058112,0.00026316945421479685
17.558851092803476,0.0002947373264645961
17.56439016254884,0.00023177931072175618
17.569929232294204,0.00016811453795442945
17.575468302039567,0.00015480511072225457
17.58100737178493,0.00021261530003588764
17.58654644153029,0.00027790572178889705
17.592085511275656,0.00028941784148827184
17.59762458102102,0.00024509815105005996
17.603163650766383,0.00019459298675383386
17.608702720511747,0.00016551497558017913
17.61424179025711,0.00017258425974868736
17.619780860002475,0.00020334638656278856
17.62531992974784,0.0002631378333587618
17.630858999493203,0.00027116113990943095
17.636398069238567,0.0002408370868696481
17.64193713898393,0.00018007256161024955
17.647476208729294,0.0001657706711562472
17.65301527847466,0.00026872648218591896
17.658554348220022,0.00033397550335529833
17.664093417965386,0.00034340685253780856
17.66963248771075,0.00030308173965266027
17.675171557456114,0.00018727797255892482
17.680710627201478,0.00011910434162843251
17.68624969694684,0.00023357373045598034
17.691788766692206,0.0003825252301499394
17.69732783643757,0.00042465614330152335
17.702866906182933,0.00034846346779521736
17.708405975928297,0.00023171183858194795
17.71394504567366,0.0001077231551410983
17.719484115419025,0.0002703816259055104
17.72502318516439,0.0003779475858273996
17.730562254909753,0.000459184524604916
17.736101324655117,0.00045735641140580815
17.74164039440048,0.00015533411044335214
17.747179464145844,0.000228148805097904
17.75271853389121,0.0002895584284161066
17.758257603636572,0.0007201620333541065
17.763796673381936,0.0009907202456951052
17.7693357431273,0.0005610524689936392
17.774874812872664,0.0010878015250013872
17.780413882618028,0.0012709111376976179
17.78595295236339,0.005202878896156762
17.791492022108756,0.007894727176833004
17.79703109185412,0.005060234860712766
17.802570161599483,0.0015662848919069162
17.808109231344847,0.0009393844971461998
17.81364830109021,0.00043964782405993594
17.819187370835575,0.000691038807148676
17.82472644058094,0.0006994317836489686
17.830265510326303,0.00045064895271280215
17.835804580071667,0.0002886579238707595
17.84134364981703,7.917932500568755e-05
17.846882719562394,0.00035825827696551527
17.85242178930776,0.00045340224997633607
17.857960859053122,0.00046861452201569695
17.863499928798486,0.0003979977961881316
17.86903899854385,0.0001562264997993427
17.874578068289214,7.345464596365693e-05
17.880117138034578,0.00024791554145218075
17.88565620777994,0.0003864627372177028
17.891195277525306,0.00037480594924521284
17.89673434727067,0.0002939424090801568
17.902273417016033,0.00019930994999024988
17.907812486761397,0.0001024286264007852
17.91335155650676,0.0001601073057865722
17.918890626252125,0.00027847580130546635
17.92442969599749,0.00036650952915112
17.929968765742853,0.00034445565026542264
17.935507835488217,0.00020551538461157428
17.94104690523358,5.294312097854284e-05
17.946585974978944,0.00016077357105349685
17.95212504472431,0.000264911949656771
17.957664114469672,0.00028608054711067634
17.963203184215036,0.00024180088764725436
17.9687422539604,0.00017190766679628738
17.974281323705764,8.5170101501445e-05
17.979820393451128,9.487969667682585e-05
17.98535946319649,0.00015928824889624468
17.990898532941856,0.00023110128599035889
17.99643760268722,0.00025475831826167364
18.001976672432583,0.0001961632868096557
18.007515742177947,0.00011868212768295901
18.01305481192331,6.167188942889604e-05
18.018593881668675,0.000138751831423671
18.02413295141404,0.00021937311707129667
18.029672021159403,0.00024073702041620056
18.035211090904767,0.00019684617663234786
18.04075016065013,0.0001255179613726469
18.046289230395494,7.447979567257197e-05
18.05182830014086,0.00010106870774218196
18.057367369886222,0.00016724615135663184
18.062906439631586,0.00021578262898269742
18.06844550937695,0.0002065769093174069
18.073984579122314,0.00015392759507426237
18.079523648867678,9.27052696372562e-05
18.08506271861304,0.00010089528682915799
18.090601788358406,0.0001563374654274859
18.09614085810377,0.00020756486580417944
18.101679927849133,0.0002482962529683171
18.107218997594497,0.00021708951564985884
18.11275806733986,0.00011918070326455893
18.118297137085225,6.683318513974299e-05
18.12383620683059,0.00012171770003933863
18.129375276575953,0.00017585793116910872
18.134914346321317,0.0001945720504662369
18.14045341606668,0.00018212629485498026
18.145992485812044,0.0001063742423350499
18.15153155555741,4.0323936425245444e-05
18.157070625302772,0.00011202234125389764
18.162609695048136,0.0001587025664349369
18.1681487647935,0.0001631879589037045
18.173687834538864,0.0001355181713847364
18.179226904284228,8.663606728009869e-05
18.18476597402959,4.0349467677427434e-05
18.190305043774956,7.986714825728332e-05
18.19584411352032,0.00012029385526843354
18.201383183265683,0.00016288483122179148
18.206922253011047,0.0001476955563335241
18.21246132275641,8.827883743369697e-05
18.218000392501775,2.7999857711826226e-05
18.22353946224714,6.050499366485779e-05
18.229078531992503,0.00012218256656887122
18.234617601737867,0.0001509679768347663
18.24015667148323,0.00013106827905156294
18.245695741228594,7.359634376697835e-05
18.25123481097396,2.0363649714963414e-05
18.256773880719322,6.934663773628932e-05
18.262312950464686,0.0001281843231305099
18.26785202021005,0.00014478535654609986
18.273391089955414,0.00012706762502609934
18.278930159700778,9.068100982792654e-05
18.28446922944614,5.474223567538504e-05
18.290008299191506,7.338149466054242e-05
18.29554736893687,0.00012041612174684955
18.301086438682233,0.00013575747294884542
18.306625508427597,0.0001139049741055176
18.31216457817296,8.105510271239884e-05
18.317703647918325,4.764499684929072e-05
18.32324271766369,5.419907187349846e-05
18.328781787409053,8.759827360917206e-05
18.334320857154417,0.00011735068855111477
18.33985992689978,0.00012532735541949437
18.345398996645145,0.00010472128204333738
18.35093806639051,7.722924849953265e-05
18.356477136135872,7.468157556448463e-05
18.362016205881236,9.398396712202864e-05
18.3675552756266,0.00011255343952020268
18.373094345371964,0.0001274504860675037
18.378633415117328,0.00011416713661412238
18.38417248486269,8.060183122912574e-05
18.389711554608056,8.262145530787484e-05
18.39525062435342,0.00010799282564238552
18.400789694098783,0.0001229981144791575
18.406328763844147,0.00012446657276023266
18.41186783358951,0.00011360233814637971
18.417406903334875,0.00010878579753755626
18.42294597308024,0.00011949665721032621
18.428485042825603,0.00011125881873916595
18.434024112570967,8.965254267676509e-05
18.43956318231633,0.00010341479334196188
18.445102252061695,0.00013374767706085164
18.45064132180706,0.0001336248371570308
18.456180391552422,9.62260582876032e-05
18.461719461297786,8.460409496115598e-05
18.46725853104315,0.00012462232993835774
18.472797600788514,0.0001309368705770861
18.478336670533878,0.00011323269524737268
18.48387574027924,0.00012611904589330164
18.489414810024606,0.00014905097590779128
18.49495387976997,0.0001325274065549072
18.500492949515333,0.00010167758698937641
18.506032019260697,0.00010358631172330931
18.51157108900606,0.00013079746127465092
18.517110158751425,0.0001445472574085073
18.52264922849679,0.00016732484304696045
18.528188298242153,0.00017536955940790458
18.533727367987517,7.478204737683756e-05
18.53926643773288,6.741513530693141e-05
18.544805507478245,0.00013447943300099813
18.55034457722361,0.00036111555937751557
18.555883646968972,0.0005268776697710005
18.561422716714336,0.00038679266680319735
18.5669617864597,0.00040249598730794276
18.572500856205064,0.000640817385598635
18.578039925950428,0.0024866888497083
18.58357899569579,0.0035235038301603527
18.589118065441156,0.0021761910511242234
18.59465713518652,0.0007634178544984251
18.600196204931883,0.00046939380739475156
18.605735274677247,0.00024692029786862953
18.61127434442261,0.00036508475192636194
18.616813414167975,0.0003310836616417683
18.62235248391334,0.00018316946626307327
18.627891553658703,0.00010875061212816513
18.633430623404067,0.00011753015420885209
18.63896969314943,0.00024792474748136734
18.644508762894795,0.0002709635564320962
18.65004783264016,0.00024432338286130734
18.655586902385522,0.00017791313733678144
18.661125972130886,4.073299642430266e-05
18.66666504187625,0.00010671510929121464
18.672204111621614,0.00020806605790650936
18.677743181366978,0.00026221121486790205
18.68328225111234,0.00022766760277337223
18.688821320857706,0.0001282175867494794
18.69436039060307,1.5246659521408646e-05
18.699899460348433,8.01220309773876e-05
18.705438530093797,0.00012523919811655758
18.71097759983916,0.00016573260699194234
18.716516669584525,0.00018927051835485482
18.722055739329885,0.00015965153136874959
18.72759480907525,7.668298580941675e-05
18.733133878820613,4.4030187040718366e-05
18.738672948565977,0.0001175928703043017
18.74421201831134,0.0001688763300346486
18.749751088056705,0.00018016495159936427
18.75529015780207,0.00014134076571047503
18.760829227547433,8.198540267494654e-05
18.766368297292797,4.147749525986069e-05
18.77190736703816,7.043298392252046e-05
18.777446436783524,0.00012841337873397823
18.782985506528888,0.0001726515360440316
18.788524576274252,0.00018416008416639366
18.794063646019616,0.00013664491351013733
18.79960271576498,3.610206417628319e-05
18.805141785510344,6.255869822844985e-05
18.810680855255708,0.00014677423510911497
18.81621992500107,0.0001867794912556511
18.821758994746435,0.00017516166560365218
18.8272980644918,0.00012163646379048925
18.832837134237163,3.869826304651739e-05
18.838376203982527,5.8107642227291677e-05
18.84391527372789,0.00013846838702740496
18.849454343473255,0.00017549135675830167
18.85499341321862,0.0001644717001527452
18.860532482963983,0.00011633588456116133
18.866071552709347,4.794172623056659e-05
18.87161062245471,3.213170735564361e-05
18.877149692200074,0.00010335656022124413
18.882688761945438,0.00015700453511039727
18.888227831690802,0.0001746265467109744
18.893766901436166,0.00017657626170679684
18.89930597118153,0.00011229862329648309
18.904845040926894,3.0587277834569774e-05
18.910384110672258,8.389160336782954e-05
18.91592318041762,0.00011802583054389018
18.921462250162985,0.00012121673836411948
18.92700131990835,9.701177395487645e-05
18.932540389653713,6.02640130153737e-05
18.938079459399077,4.20047634540622e-05
18.94361852914444,5.570361236570582e-05
18.949157598889805,8.384932192696465e-05
18.95469666863517,0.00011326323825827863
18.960235738380533,0.00010804095254249661
18.965774808125897,6.586982357030878e-05
18.97131387787126,1.758146540464875e-05
18.976852947616624,5.597347591855406e-05
18.982392017361988,0.00010086871938716813
18.987931087107352,0.00011068554716292501
18.993470156852716,0.00010314729933264917
18.99900922659808,8.594128352698365e-05
19.004548296343444,4.09428674054518e-05
19.010087366088808,2.3925018169148476e-05
19.01562643583417,8.46385113632886e-05
19.021165505579535,0.00012523712346556196
19.0267045753249,0.00012947624097313717
19.032243645070263,9.03629090778976e-05
19.037782714815627,2.9281435425845336e-05
19.04332178456099,4.083595091763624e-05
19.048860854306355,8.864280384599878e-05
19.05439992405172,0.00010643262716648663
19.059938993797083,9.610950592271607e-05
19.065478063542447,7.714886332616628e-05
19.07101713328781,3.8070493058194004e-05
19.076556203033174,2.3300689131266355e-05
19.08209527277854,8.232899679279686e-05
19.087634342523902,0.00010861768113952336
19.093173412269266,9.477292962965434e-05
19.09871248201463,6.856325361388848e-05
19.104251551759994,2.961880713246029e-05
19.109790621505358,2.146186790372796e-05
19.11532969125072,5.275576735680451e-05
19.120868760996085,7.411975045434512e-05
19.12640783074145,8.431482569075255e-05
19.131946900486813,7.317714652687033e-05
19.137485970232177,3.7353976002059865e-05
19.14302503997754,8.214593672192338e-06
19.148564109722905,3.636474757939868e-05
19.15410317946827,7.766746851599453e-05
19.159642249213633,9.514098968509955e-05
19.165181318958997,8.921776817776457e-05
19.17072038870436,6.116894584991333e-05
19.176259458449724,1.7597015772461233e-05
19.18179852819509,6.418167638811406e-05
19.187337597940452,9.228730120668667e-05
19.192876667685816,9.718460717826698e-05
19.19841573743118,6.888343127545656e-05
19.203954807176544,2.347943861356444e-05
19.209493876921908,1.0315560910586197e-05
19.21503294666727,3.823117295327497e-05
19.220572016412635,6.163027559672254e-05
19.226111086158,7.402543862001156e-05
19.231650155903363,7.474549239111804e-05
19.237189225648727,5.072689513902364e-05
19.24272829539409,8.333745211576298e-06
19.248267365139455,4.15416728161752e-05
19.25380643488482,6.864117101778274e-05
19.259345504630183,7.043353352404914e-05
19.264884574375547,6.328264035434994e-05
19.27042364412091,4.182179170706202e-05
19.275962713866274,5.000190085970383e-06
19.28150178361164,2.9619573871522736e-05
19.287040853357002,5.726246962249975e-05
19.292579923102366,6.8361687457773e-05
19.29811899284773,6.744552718993014e-05
19.303658062593094,5.792189626514263e-05
19.309197132338458,2.2515776597364765e-05
19.31473620208382,2.7784761487368838e-05
19.320275271829185,6.348512061072484e-05
19.32581434157455,7.549190906215833e-05
19.331353411319913,7.063732882702809e-05
19.336892481065277,4.833596084607165e-05
19.34243155081064,1.7806993704318634e-05
19.347970620556005,2.0312960826115646e-05
19.35350969030137,5.663837443790778e-05
19.359048760046733,8.609709255139713e-05
19.364587829792097,8.884397497425928e-05
19.37012689953746,5.737029858350168e-05
19.375665969282824,1.150075947057604e-05
19.38120503902819,4.7728189105520476e-05
19.386744108773552,7.348543207093017e-05
19.392283178518916,8.092466379533477e-05
19.39782224826428,6.885136599194576e-05
19.403361318009644,4.3555709864956366e-05
19.408900387755008,7.4987716634460225e-06
19.41443945750037,4.200253507951807e-05
19.419978527245735,7.113243595950214e-05
19.4255175969911,8.355022671821065e-05
19.431056666736463,7.32656163374255e-05
19.436595736481827,3.5365384681862507e-05
19.44213480622719,1.7110624250137175e-05
19.447673875972555,5.24898807721545e-05
19.45321294571792,7.553661521316068e-05
19.458752015463283,6.958204813504352e-05
19.464291085208647,4.946230456933018e-05
19.46983015495401,5.773856308800126e-05
19.475369224699374,6.862030626786527e-05
19.48090829444474,4.4658726105116346e-05
19.486447364190102,3.748797800320321e-05
19.491986433935466,7.8182665721656e-05
19.49752550368083,0.00010447284928016856
19.503064573426194,0.00010113340051121373
19.508603643171558,6.14426925994025e-05
19.51414271291692,2.565852277319303e-05
19.519681782662285,7.811533081110374e-05
19.52522085240765,0.0001107866359435413
19.530759922153013,0.0001103643289098645
19.536298991898377,8.891111173030157e-05
19.54183806164374,6.588097754504103e-05
19.547377131389105,6.406953618994388e-05
19.55291620113447,7.948348710410988e-05
19.558455270879833,9.981079095968731e-05
19.563994340625197,0.000115083166139539
19.56953341037056,0.00011044461431632395
19.575072480115924,8.789126009078307e-05
19.58061154986129,7.373511919525103e-05
19.586150619606652,8.015113682424853e-05
19.591689689352016,0.00010334354677143412
19.59722875909738,0.00013281807563837524
19.602767828842744,0.00013207475260138224
19.608306898588108,9.95213018532158e-05
19.61384596833347,8.792157172069423e-05
19.619385038078835,0.00010094432580696228
19.6249241078242,0.00010861317182425187
19.630463177569563,0.00012712969708788426
19.636002247314927,0.00014709669183466024
19.64154131706029,0.00014140329940290128
19.647080386805655,0.0001047232043043141
19.65261945655102,8.986403719810983e-05
19.658158526296383,0.0001319380363497799
19.663697596041747,0.00015907685309255102
19.66923666578711,0.00015604608892727837
19.674775735532474,0.00013985386177005127
19.68031480527784,0.00012544087522882436
19.685853875023202,0.0001222428260270134
19.691392944768566,0.00013160775833135054
19.69693201451393,0.00015099361071705062
19.702471084259294,0.0001669993481580226
19.708010154004658,0.0001654690357512315
19.71354922375002,0.00015116216112983573
19.719088293495385,0.00013511544441990457
19.72462736324075,0.00013377743861782494
19.730166432986113,0.00015644013627062644
19.735705502731477,0.00018016074285148146
19.74124457247684,0.00018762591293145555
19.746783642222205,0.00017030658657835938
19.75232271196757,0.00014539032459971716
19.757861781712933,0.00015022135289125742
19.763400851458297,0.00016348984517064184
19.76893992120366,0.00017560336794357863
19.774478990949024,0.00020048729857461567
19.78001806069439,0.0002024507022039721
19.785557130439752,0.00016949224781818997
19.791096200185116,0.0001467748202523083
19.79663526993048,0.00016385700618234213
19.802174339675844,0.00019561978412907492
19.807713409421208,0.00021735799094060344
19.81325247916657,0.00021440075229066995
19.818791548911936,0.00018593485912441051
19.8243306186573,0.0001586691752724836
19.829869688402663,0.00016632332815728982
19.835408758148027,0.0002063979437109555
19.84094782789339,0.00023322877014008247
19.846486897638755,0.00021653357845215503
19.852025967384115,0.00019147068834534604
19.85756503712948,0.00018765502298381202
19.863104106874843,0.00018185670816709752
19.868643176620207,0.00019399224612269463
19.87418224636557,0.00022547094663324718
19.879721316110935,0.0002393942345619329
19.8852603858563,0.00022265262785148773
19.890799455601663,0.00018888689575602245
19.896338525347026,0.00018360352816045088
19.90187759509239,0.00020712172917243537
19.907416664837754,0.00022564002326660367
19.912955734583118,0.00023919782376800476
19.918494804328482,0.00023505146948312925
19.924033874073846,0.00021087253834226359
19.92957294381921,0.0001979520994651189
19.935112013564574,0.0002016477551271158
19.940651083309938,0.00021503247642076114
19.9461901530553,0.0002410318000102521
19.951729222800665,0.0002558669710858432
19.95726829254603,0.000240982965146237
19.962807362291393,0.00020387006159506093
19.968346432036757,0.0001786445178819799
19.97388550178212,0.0002161817227346343
19.979424571527485,0.00026764665443837206
19.98496364127285,0.00026885614348732005
19.990502711018213,0.00023154202201366427
19.996041780763576,0.00020627984732584772
20.00158085050894,0.00020081446222750977
20.007119920254304,0.00020837980836370856
20.012658989999668,0.00024222427875542985
20.018198059745032,0.00027590996203692464
20.023737129490396,0.00026700913202684336
20.02927619923576,0.0002149630558531785
20.034815268981124,0.00017735542724227753
20.040354338726488,0.000206851356380442
20.04589340847185,0.0002573994368333653
20.051432478217215,0.00028235620545500494
20.05697154796258,0.00026072075196234107
20.062510617707943,0.0002059739223238246
20.068049687453307,0.00018497779735873493
20.07358875719867,0.00021955529374638068
20.079127826944035,0.00025204824810228876
20.0846668966894,0.00025587997856562207
20.090205966434763,0.0002404070459064215
20.095745036180126,0.00022827579304065133
20.10128410592549,0.00021633067698751808
20.106823175670854,0.00020050275794816804
20.112362245416218,0.0002131291614674675
20.117901315161582,0.0002468838969035069
20.123440384906946,0.000260593459920598
20.12897945465231,0.0002425764145405202
20.134518524397674,0.00020798987335339774
20.140057594143038,0.00018904904761819836
20.1455966638884,0.000204855967311408
20.151135733633765,0.00023310844154298945
20.15667480337913,0.000257525092105845
20.162213873124493,0.00025662775895465254
20.167752942869857,0.00020757931780809614
20.17329201261522,0.00016435031466877987
20.178831082360585,0.00020353351201194339
20.18437015210595,0.00024014914696487684
20.189909221851313,0.00023558810028234312
20.195448291596676,0.00022383281659486219
20.20098736134204,0.00021435608198447955
20.206526431087404,0.00019537671088807422
20.212065500832768,0.00017932186743541557
20.217604570578132,0.00019230051876500912
20.223143640323496,0.00022413511891261005
20.22868271006886,0.00023775220364949707
20.234221779814224,0.00022443774427091326
20.239760849559588,0.00018898761511991458
20.24529991930495,0.000152105145122207
20.250838989050315,0.00017317079936045584
20.25637805879568,0.00021863597974369523
20.261917128541043,0.00023294456070623224
20.267456198286407,0.00021692639813361724
20.27299526803177,0.00017983011975526597
20.278534337777135,0.00014972248530771716
20.2840734075225,0.00015448340316459886
20.289612477267863,0.00018521563938014247
20.295151547013226,0.00022269966243371758
20.30069061675859,0.00022440355968075888
20.306229686503954,0.00017513020436114594
20.311768756249318,0.0001300018529407531
20.317307825994682,0.00013865028531694946
20.322846895740046,0.00016660581209883315
20.32838596548541,0.00019673399485381802
20.333925035230774,0.00020612928655857165
20.339464104976138,0.00017420312387899693
20.3450031747215,0.0001251275580403739
20.350542244466865,0.000117901053728046
20.35608131421223,0.00014562824765826686
20.361620383957593,0.00016853344960555874
20.367159453702957,0.00017918357910049588
20.37269852344832,0.0001761024275410804
20.378237593193685,0.0001444004276968638
20.38377666293905,8.809875798451289e-05
20.389315732684413,9.655457128220404e-05
20.394854802429776,0.00016614714808582933
20.40039387217514,0.00019649398390562037
20.405932941920504,0.00016782628998709195
20.411472011665868,0.00010965546855253567
20.417011081411232,7.906636366928354e-05
20.422550151156596,9.796508048201301e-05
20.42808922090196,0.00012484183169987902
20.433628290647324,0.00014578191406241622
20.439167360392688,0.00014976447790304435
20.44470643013805,0.00013283145567070332
20.450245499883415,7.96744576628316e-05
20.45578456962878,3.791920728604786e-05
20.461323639374143,0.00011085283603372214
20.466862709119507,0.00015328284711493386
20.47240177886487,0.00014498884024171342
20.477940848610235,9.855574839833465e-05
20.4834799183556,4.854313515601793e-05
20.489018988100963,5.446378478699738e-05
20.494558057846326,7.641158458771627e-05
20.50009712759169,9.548773551510446e-05
20.505636197337054,0.0001023524052482974
20.511175267082418,9.005277670352529e-05
20.516714336827782,7.515374667345953e-05
20.522253406573146,5.7473785469031665e-05
20.52779247631851,2.131302784285737e-05
20.533331546063874,5.63162436701812e-05
20.538870615809238,0.00010404063157934928
20.5444096855546,0.0001212281826544827
20.549948755299965,9.960389079187437e-05
20.55548782504533,4.953396616580331e-05
20.561026894790693,3.227775203014984e-05
20.566565964536057,7.525678905153823e-05
20.57210503428142,9.213029690029158e-05
20.577644104026785,8.74842821637289e-05
20.58318317377215,6.57996537671205e-05
20.588722243517513,3.906450317670328e-05
20.594261313262876,1.5225744326182094e-05
20.59980038300824,2.9751873942197802e-05
20.605339452753604,5.076002191748739e-05
20.610878522498968,7.477920640485487e-05
20.616417592244332,7.446609015542866e-05
20.621956661989696,5.3450421134737067e-05
20.62749573173506,2.365327621620987e-05
20.633034801480424,7.791419367270287e-06
20.638573871225788,1.2702802117263851e-05
20.64411294097115,2.9734956039640307e-05
20.649652010716515,4.640779930438984e-05
20.65519108046188,5.788005792571666e-05
20.660730150207243,5.8955330436119995e-05
20.666269219952607,4.5748562651334517e-05
20.67180828969797,1.9582853197648884e-05
20.677347359443335,2.7022562944610225e-05
20.6828864291887,4.9150515047943783e-05
20.688425498934063,5.1485565849410153e-05
20.693964568679426,5.401408274411516e-05
20.69950363842479,6.215557311866321e-05
20.705042708170154,5.864230566289681e-05
20.710581777915518,3.061592601180777e-05
20.716120847660882,1.6978537338671255e-05
20.721659917406246,6.751423542724303e-05
20.72719898715161,0.00010524471582012057
20.732738056896974,0.00011163171410396303
20.738277126642338,7.966429511798604e-05
20.7438161963877,2.4590887462956723e-05
20.749355266133065,4.316545507227641e-05
20.75489433587843,6.981623888595184e-05
20.760433405623793,8.833812528534184e-05
20.765972475369157,0.00010498789307091362
20.77151154511452,9.915731666143186e-05
20.777050614859885,6.798552638584262e-05
20.78258968460525,3.287872556676801e-05
20.788128754350613,5.9749424630972576e-05
20.793667824095976,0.00010706192860075621
20.79920689384134,0.00013390528812013279
20.804745963586704,0.000126211917081021
20.810285033332068,8.136229273272779e-05
20.815824103077432,3.9913201707133135e-05
20.821363172822796,5.8911987561645205e-05
20.82690224256816,0.00010255057173898919
20.832441312313524,0.00013513387135840693
20.837980382058888,0.00013718906013159614
20.84351945180425,0.00010699094785179062
20.849058521549615,6.526710726911469e-05
20.85459759129498,6.468140200524321e-05
20.860136661040343,0.0001097760638678125
20.865675730785707,0.00013531688528209114
20.87121480053107,0.000138465126631895
20.876753870276435,0.00012411833456063892
20.8822929400218,9.783313875474645e-05
20.887832009767163,7.39488018509761e-05
20.893371079512526,7.555210149314165e-05
20.89891014925789,0.00012312265202278256
20.904449219003254,0.00016780291113137607
20.909988288748618,0.00016171529285848645
20.915527358493982,0.00011153368662037296
20.921066428239346,7.142624692776447e-05
20.92660549798471,8.576208026809822e-05
20.932144567730074,0.0001326707897242812
20.937683637475438,0.00016593506569711184
20.9432227072208,0.00016572938003014888
20.948761776966165,0.0001397950928829505
20.95430084671153,9.280817811657263e-05
20.959839916456893,7.560561275543742e-05
20.965378986202257,0.00012452902264703956
20.97091805594762,0.00016552435992046738
20.976457125692985,0.00017995450828426374
20.98199619543835,0.00015192961574538011
20.98753526518371,9.414298891116645e-05
20.993074334929073,7.10792134580854e-05
20.998613404674437,0.0001021537087530202
21.0041524744198,0.0001436815373144032
21.009691544165165,0.00018287683508032174
21.01523061391053,0.00018168627572887506
21.020769683655892,0.00011380352117637514
21.026308753401256,4.330749545085787e-05
21.03184782314662,0.00012654544287730668
21.037386892891984,0.00018641351757695646
21.042925962637348,0.00018165889194214266
21.048465032382712,0.0001417432963516826
21.054004102128076,9.865414338018653e-05
21.05954317187344,8.805143680040234e-05
21.065082241618803,0.00010962671757767284
21.070621311364167,0.00013289287350715687
21.07616038110953,0.0001643887126400263
21.081699450854895,0.00017549771449454718
21.08723852060026,0.00016668555882373744
21.092777590345623,0.00010982426612299456
21.098316660090987,3.394345057441031e-05
21.10385572983635,0.00012784691236531793
21.109394799581715,0.0002027633955856216
21.11493386932708,0.00020837216334992884
21.120472939072442,0.0001543819591960084
21.126012008817806,6.655298417132072e-05
21.13155107856317,5.6685767789712955e-05
21.137090148308534,0.00011989295209158896
21.142629218053898,0.00015744053599173798
21.148168287799262,0.00016591504373560703
21.153707357544626,0.00014549594879833736
21.15924642728999,0.00010550431099606068
21.164785497035354,6.266682752955263e-05
21.170324566780717,8.313746163542813e-05
21.17586363652608,0.00012993717116755802
21.181402706271445,0.00016196323160835708
21.18694177601681,0.00015813380069311218
21.192480845762173,0.00012207563949875189
21.198019915507537,7.670732124271825e-05
21.2035589852529,4.3592097251688384e-05
21.209098054998265,0.00011826702854861101
21.21463712474363,0.0001755981915650618
21.220176194488992,0.00017812856621074623
21.225715264234356,0.000145421673598637
21.23125433397972,7.919763815740547e-05
21.236793403725084,1.7905122471168588e-05
21.242332473470448,0.00011052560784660328
21.247871543215812,0.00016928751716598872
21.253410612961176,0.00018739273215907624
21.25894968270654,0.00016989125681710792
21.264488752451904,9.090356150879491e-05
21.270027822197267,1.7732328518483107e-05
21.27556689194263,0.00011794068704152996
21.281105961687995,0.00018161134840877284
21.28664503143336,0.00018980466651318827
21.292184101178723,0.00017257931324740055
21.297723170924087,0.00010117938798124437
21.30326224066945,6.200597553563831e-05
21.308801310414815,0.000131819883344061
21.31434038016018,0.00017442321665083182
21.319879449905542,0.00021528465436766178
21.325418519650906,0.00012169136662825748
21.33095758939627,0.00015093197898806833
21.336496659141634,0.00020858271381553748
21.342035728886998,0.000269896256817303
21.347574798632362,0.0005266854478182142
21.353113868377726,0.0005491615013774694
21.35865293812309,0.0005717773269846854
21.364192007868454,0.0006065678909854133
21.369731077613817,0.0013714665174085312
21.37527014735918,0.002584643320501315
21.380809217104545,0.0022313455064510716
21.38634828684991,0.0007462546292095388
21.391887356595273,0.00028723246938787937
21.397426426340637,0.00010843951336807344
21.402965496086,0.00013554067034468692
21.408504565831365,0.0002041290260056963
21.41404363557673,0.00011784898696723369
21.419582705322092,7.121966747502242e-05
21.425121775067456,2.887090745311271e-05
21.43066084481282,5.9796620127861945e-05
21.436199914558184,6.250195943001715e-05
21.441738984303548,6.576668438262552e-05
21.447278054048912,8.768982116530414e-05
21.452817123794276,7.520295445087257e-05
21.45835619353964,3.1251590184695693e-05
21.463895263285004,4.1869526991512334e-05
21.469434333030367,7.91335872761452e-05
21.47497340277573,7.857268783934103e-05
21.480512472521095,5.846509946152188e-05
21.48605154226646,5.9197915387499236e-05
21.491590612011823,6.356787567890082e-05
21.497129681757187,4.700741532097522e-05
21.50266875150255,4.17802414632554e-05
21.508207821247915,7.024126240554107e-05
21.51374689099328,9.197111951868308e-05
21.519285960738642,7.135986547766902e-05
21.524825030484006,4.056415369332976e-05
21.53036410022937,6.0556600066978726e-05
21.535903169974734,8.378632885266563e-05
21.541442239720098,7.557362040974271e-05
21.546981309465462,7.37660038149321e-05
21.552520379210826,8.344741551681252e-05
21.55805944895619,9.235970514099783e-05
21.563598518701554,7.899775259878444e-05
21.569137588446917,5.701826237060777e-05
21.57467665819228,7.268657551254558e-05
21.580215727937645,9.634598120931158e-05
21.58575479768301,0.0001011653161049737
21.591293867428373,9.5805453946517e-05
21.596832937173737,8.012807104445742e-05
21.6023720069191,6.819884959747569e-05
21.607911076664465,8.232820613039439e-05
21.61345014640983,0.00010053095145571664
21.618989216155192,0.00011136884634175613
21.624528285900556,0.00010739439577384018
21.63006735564592,8.537299879832726e-05
21.635606425391284,6.639752305522924e-05
21.641145495136648,7.29786546230023e-05
21.646684564882012,9.691042984934196e-05
21.652223634627376,0.0001119613570677291
21.65776270437274,0.00011894089261949151
21.663301774118104,0.0001149536053602699
21.668840843863467,9.73429340936953e-05
21.67437991360883,9.426579482955578e-05
21.679918983354195,0.00011186250001109273
21.68545805309956,0.0001252528720820779
21.690997122844923,0.00012526438909955876
21.696536192590287,0.00012639716347979585
21.70207526233565,0.0001268290129540686
21.707614332081015,9.876909007494828e-05
21.71315340182638,7.83369536911318e-05
21.718692471571742,0.00011554045516112972
21.724231541317106,0.00015305718164377398
21.72977061106247,0.00015682123383881322
21.735309680807834,0.00012405423612691876
21.740848750553198,8.913284839693262e-05
21.746387820298562,9.919678217900476e-05
21.751926890043926,0.00013831036493967957
21.75746595978929,0.00016565336430073585
21.763005029534654,0.00015586707811240458
21.768544099280017,0.00013547257504950493
21.77408316902538,0.00011482901043798322
21.779622238770745,0.00011154581740683687
21.78516130851611,0.00013969378337195512
21.790700378261473,0.00016491828677345983
21.796239448006837,0.00016137615877414682
21.8017785177522,0.00015260327318424193
21.807317587497565,0.0001476893672875536
21.81285665724293,0.00013644146819711528
21.818395726988292,0.00013694912328663015
21.823934796733656,0.00015693791259923203
21.82947386647902,0.00018774268396095874
21.835012936224384,0.00019364528017638745
21.840552005969748,0.00016495422854921585
21.846091075715112,0.0001438038846515917
21.851630145460476,0.00015203737968555076
21.85716921520584,0.00017352874274437183
21.862708284951204,0.0001874521323489256
21.868247354696567,0.00019940767564584797
21.87378642444193,0.00020353960788379368
21.879325494187295,0.00016222413525535695
21.88486456393266,9.630153255455728e-05
21.890403633678023,0.00011648364069195865
21.895942703423387,0.00019568531127522347
21.90148177316875,0.00022173373759213169
21.907020842914115,0.00019045135889183363
21.91255991265948,0.00014202943919607442
21.918098982404842,0.0001021112158619086
21.923638052150206,0.00013059422663874097
21.92917712189557,0.00018062385743994889
21.934716191640934,0.00020835398234772946
21.940255261386298,0.00020434490633967954
21.945794331131662,0.00016240549230588504
21.951333400877026,0.00010471768302419602
21.95687247062239,0.00010173756686203814
21.962411540367754,0.00016385221933471887
21.967950610113117,0.00021191066176618124
21.97348967985848,0.00021415165655046852
21.979028749603845,0.0001916015785265346
21.98456781934921,0.00013558173793243512
21.990106889094573,9.05626231184605e-05
21.995645958839937,0.00014032073319393575
22.0011850285853,0.0002233331574123109
22.006724098330665,0.0002583313976432826
22.01226316807603,0.00022636823881487587
22.017802237821392,0.0001528155732352894
22.023341307566756,0.00010054591014166153
22.02888037731212,0.00015873266507598766
22.034419447057484,0.00023965313909620403
22.039958516802848,0.0002676978487785043
22.045497586548212,0.0002589090685733809
22.051036656293576,0.0001884804645844185
22.05657572603894,9.147695583982612e-05
22.062114795784304,0.00011716109202567248
22.067653865529667,0.00022767035090725157
22.07319293527503,0.0003148419011229367
22.078732005020395,0.00028080366776585475
22.08427107476576,0.00021603424404198994
22.089810144511123,0.00010562837004931388
22.095349214256487,0.0001443520556108882
22.10088828400185,0.00027974448214144787
22.106427353747215,0.0003245203644827467
22.11196642349258,0.00039065811363548194
22.117505493237942,0.00019818263877608813
22.123044562983303,0.00021081393740708
22.128583632728667,0.00035609085209027897
22.13412270247403,0.0005497493840423219
22.139661772219394,0.0011726128256093764
22.14520084196476,0.0012362619691158245
22.150739911710122,0.0010660453678503234
22.156278981455486,0.0009449460112014045
22.16181805120085,0.002606576370897248
22.167357120946214,0.0048755305285645015
22.172896190691578,0.003976051550977576
22.17843526043694,0.0011796936455391066
22.183974330182306,0.0006424585629352612
22.18951339992767,0.00028850130151042034
22.195052469673033,0.00035919217554849754
22.200591539418397,0.0004915533512563543
22.20613060916376,0.0002820952398064647
22.211669678909125,0.0001762692783556516
22.21720874865449,1.3982778489519716e-05
22.222747818399853,0.00021725784451313423
22.228286888145217,0.0002845597447194921
22.23382595789058,0.00026790414184616054
22.239365027635944,0.00023534100803718612
22.24490409738131,0.00013690589986522752
22.250443167126672,8.890699415227513e-05
22.255982236872036,0.00013583347482579546
22.2615213066174,0.00021740660236288831
22.267060376362764,0.0002583813748442086
22.272599446108128,0.00021080670824666557
22.27813851585349,0.0001315447913722532
22.283677585598856,6.252155437921883e-05
22.28921665534422,0.00013074813794774335
22.294755725089583,0.00020125701090375046
22.300294794834947,0.00020934980390583752
22.30583386458031,0.00018337319684238706
22.311372934325675,0.00012215118403369378
22.31691200407104,6.640431569398724e-05
22.322451073816403,0.00010142553827787164
22.327990143561767,0.0001461755875785526
22.33352921330713,0.00016296785255453196
22.339068283052494,0.0001304842319017961
22.34460735279786,0.00010735541053781138
22.350146422543222,8.251084159130921e-05
22.355685492288586,0.0001097561553094215
22.36122456203395,0.00014724579096535832
22.366763631779314,0.0001593408896448564
22.372302701524678,0.0001422697825128167
22.37784177127004,0.00010947010324389277
22.383380841015406,9.652619133916821e-05
22.38891991076077,0.00010843995421079093
22.394458980506133,0.00011506771518118923
22.399998050251497,0.00011993890408978462
22.40553711999686,0.00012135325307747692
22.411076189742225,0.0001330823587533843
22.41661525948759,0.00012617430362904847
22.422154329232953,8.036835045342434e-05
22.427693398978317,7.521044858785316e-05
22.43323246872368,0.0001320560098771611
22.438771538469044,0.00016317378877669502
22.44431060821441,0.0001390884642556612
22.449849677959772,9.409170024079068e-05
22.455388747705136,8.879955306423833e-05
22.4609278174505,0.0001156352246414172
22.466466887195864,0.00012957938682100508
22.472005956941228,0.00012206516915984762
22.47754502668659,0.00011186172521764483
22.483084096431956,0.00010927608965393489
22.48862316617732,9.298013930049962e-05
22.494162235922683,8.585347991321803e-05
22.499701305668047,0.00010089373202662763
22.50524037541341,0.00011623251175502061
22.510779445158775,0.00011001365311490534
22.51631851490414,0.00010175013022536878
22.521857584649503,9.202472055151037e-05
22.527396654394867,9.3461244639805e-05
22.53293572414023,9.615204962940812e-05
22.538474793885594,9.586631248662937e-05
22.54401386363096,0.00010585915898576653
22.549552933376322,0.00010742152229615885
22.555092003121686,9.822141600096295e-05
22.56063107286705,7.665013051689603e-05
22.566170142612414,7.208252093625692e-05
22.571709212357778,8.483753336729446e-05
22.57724828210314,9.110727745906689e-05
22.582787351848506,9.659669530733345e-05
22.58832642159387,9.106933888757611e-05
22.593865491339233,8.132669666870395e-05
22.599404561084597,7.845799470581454e-05
22.60494363082996,7.799208996211273e-05
22.610482700575325,8.488718287876963e-05
22.61602177032069,9.672383929005818e-05
22.621560840066053,9.206810306879274e-05
22.627099909811417,6.943528098829839e-05
22.63263897955678,4.230490587298376e-05
22.638178049302145,4.014246545951759e-05
22.64371711904751,6.321918061734037e-05
22.649256188792872,7.198867135561868e-05
22.654795258538236,5.156179750421169e-05
22.6603343282836,4.5268149093378486e-05
22.665873398028964,5.327365990582636e-05
22.671412467774328,6.179117096032323e-05
22.67695153751969,7.986073111109451e-05
22.682490607265056,8.907473569984903e-05
22.68802967701042,8.331137999688517e-05
22.693568746755783,7.556030456717943e-05
22.699107816501147,7.376564740247029e-05
22.70464688624651,7.299280367073415e-05
22.710185955991875,7.052652635028093e-05
22.71572502573724,7.365048939825425e-05
22.721264095482603,8.312013918743524e-05
22.726803165227967,6.38404299724094e-05
22.73234223497333,5.018549305344883e-05
22.737881304718695,6.958687840227299e-05
22.74342037446406,9.368013376823387e-05
22.748959444209422,0.00010338285623086463
22.754498513954786,8.340442759844425e-05
22.76003758370015,5.3970814129090735e-05
22.765576653445514,6.115463518217969e-05
22.771115723190878,9.923894028200016e-05
22.77665479293624,9.085414417272975e-05
22.782193862681606,5.7933132746143656e-05
22.78773293242697,5.051017860721517e-05
22.793272002172333,5.3774832587020605e-05
22.798811071917697,5.670383315517279e-05
22.80435014166306,5.4500849204999e-05
22.809889211408425,4.833815601732664e-05
22.81542828115379,5.359232710364776e-05
22.820967350899153,5.353435242701038e-05
22.826506420644517,6.554823660176325e-05
22.83204549038988,7.200164620018161e-05
22.837584560135245,5.3024357597947075e-05
22.84312362988061,5.2241513037581476e-05
22.848662699625972,8.174905979229041e-05
22.854201769371336,8.969665475117819e-05
22.8597408391167,7.08937441324513e-05
22.865279908862064,3.9340539218648396e-05
22.870818978607428,4.201789773406592e-05
22.87635804835279,6.971899561888845e-05
22.881897118098156,7.694804922712954e-05
22.88743618784352,7.275280290316436e-05
22.892975257588883,6.407230235679862e-05
22.898514327334247,4.071235698531107e-05
22.90405339707961,4.5143094208466506e-05
22.909592466824975,6.781493658746887e-05
22.91513153657034,7.185910071734709e-05
22.920670606315703,5.814097263814624e-05
22.926209676061067,3.738700754924605e-05
22.93174874580643,3.6329966703240146e-05
22.937287815551795,4.288104959841494e-05
22.94282688529716,3.923803011120482e-05
22.948365955042522,4.887980673050762e-05
22.953905024787886,6.0538467155965104e-05
22.95944409453325,5.7724258510112674e-05
22.964983164278614,4.3978227638478595e-05
22.970522234023978,2.6833645363737133e-05
22.97606130376934,4.420120508020843e-05
22.981600373514706,7.906627012884459e-05
22.98713944326007,8.82557856973635e-05
22.992678513005433,7.6512135983431e-05
22.998217582750797,4.542790981065563e-05
23.00375665249616,3.600206923322451e-05
23.009295722241525,7.766435132848591e-05
23.01483479198689,9.826558477712586e-05
23.020373861732253,0.0001024268885567343
23.025912931477617,8.903337463846726e-05
23.03145200122298,5.421071777694634e-05
23.036991070968345,4.3651019538113714e-05
23.04253014071371,5.848318248811946e-05
23.048069210459072,7.351934528105823e-05
23.053608280204436,8.423500911125873e-05
23.0591473499498,8.598297194481993e-05
23.064686419695164,7.03466260590424e-05
23.070225489440528,3.884693242958302e-05
23.07576455918589,5.5809379231624247e-05
23.081303628931256,8.669970383566535e-05
23.08684269867662,0.0001210478704833025
23.092381768421983,9.889807397767304e-05
23.097920838167347,3.914752378576646e-05
23.10345990791271,1.2891268068145455e-05
23.108998977658075,5.7167413541882734e-05
23.11453804740344,9.089964077616845e-05
23.120077117148803,8.563559034279035e-05
23.125616186894167,6.677744949678441e-05
23.13115525663953,5.5258642272890144e-05
23.136694326384895,3.053206526994193e-05
23.14223339613026,3.125636053375843e-05
23.147772465875622,9.599706546315696e-05
23.153311535620986,0.00014797478204981232
23.15885060536635,0.00015125335967584402
23.164389675111714,0.0001014660975980645
23.169928744857078,5.2434408315465396e-05
23.17546781460244,5.5111673407658434e-05
23.181006884347806,0.00013777499922527166
23.18654595409317,0.00016905289758238108
23.192085023838533,0.00019527071884430433
23.197624093583897,0.00019325357973889844
23.20316316332926,4.8770752277895355e-05
23.208702233074625,0.0001914306686320589
23.21424130281999,0.000248269408030345
23.219780372565353,0.0005776977878638038
23.225319442310717,0.0009618343590673291
23.23085851205608,0.000837841055904447
23.236397581801445,0.0006101709638508574
23.24193665154681,0.0007683235729757731
23.247475721292172,0.0022262038830870965
23.253014791037536,0.002868229240129881
23.258553860782897,0.0015799671408303398
23.26409293052826,0.000429871371977506
23.269632000273624,0.00033793868673280596
23.275171070018988,6.683843799919964e-05
23.280710139764352,0.00025368538989918344
23.286249209509716,0.00019036220505546113
23.29178827925508,0.00012735231149282297
23.297327349000444,0.000111038219555914
23.302866418745808,7.109296042750043e-05
23.30840548849117,0.00017360031882104125
23.313944558236535,0.00016309589126336631
23.3194836279819,0.00014295760072471686
23.325022697727263,9.885608889274145e-05
23.330561767472627,7.614348246489988e-06
23.33610083721799,8.831376299342423e-05
23.341639906963355,0.00012742100914683817
23.34717897670872,0.00014579615067156516
23.352718046454083,0.0001182918410484209
23.358257116199447,5.8589399959130984e-05
23.36379618594481,1.4031337230172704e-05
23.369335255690174,6.98706383415496e-05
23.37487432543554,0.00011899130907474857
23.380413395180902,0.00011755246771509624
23.385952464926266,0.00011357273788597254
23.39149153467163,7.82291677818188e-05
23.397030604416994,2.360250710756672e-05
23.402569674162358,6.204553131449321e-05
23.40810874390772,8.885811284702359e-05
23.413647813653085,0.00011785925138737286
23.41918688339845,0.00010326198235048992
23.424725953143813,5.739588139977496e-05
23.430265022889177,2.1770311881584926e-05
23.43580409263454,2.632322821697544e-05
23.441343162379905,7.224757709454418e-05
23.44688223212527,9.518882316231153e-05
23.452421301870633,8.903068468614839e-05
23.457960371615997,7.530561235936636e-05
23.46349944136136,4.383318345146956e-05
23.469038511106724,2.2801202371384923e-05
23.47457758085209,4.782654929403263e-05
23.480116650597452,8.157964286864719e-05
23.485655720342816,9.48142139789417e-05
23.49119479008818,8.254768884231904e-05
23.496733859833544,6.657680541374242e-05
23.502272929578908,2.91557490436471e-05
23.50781199932427,3.7947332004463555e-05
23.513351069069635,8.185349854410456e-05
23.518890138815,0.00010362374750796126
23.524429208560363,9.555729215095221e-05
23.529968278305727,7.112534403049812e-05
23.53550734805109,4.635906389312772e-05
23.541046417796455,6.60433286663477e-05
23.54658548754182,8.289175764926291e-05
23.552124557287183,7.352181125558521e-05
23.557663627032547,5.9111747611857685e-05
23.56320269677791,3.5723854846778674e-05
23.568741766523274,7.377769218861508e-05
23.57428083626864,5.878534450654256e-05
23.579819906014002,6.482578857049738e-05
23.585358975759366,9.30366441662959e-05
23.59089804550473,9.056354315216595e-05
23.596437115250094,5.8098056182334276e-05
23.601976184995458,3.5275587341371296e-05
23.60751525474082,6.397808738023462e-06
23.613054324486185,4.489436393649364e-05
23.61859339423155,6.976381634534786e-05
23.624132463976913,7.472187601081215e-05
23.629671533722277,6.717785589110846e-05
23.63521060346764,5.698222487703003e-05
23.640749673213005,2.5169376340540324e-05
23.64628874295837,2.242313888029766e-05
23.651827812703733,5.051128758195831e-05
23.657366882449097,7.873979089824552e-05
23.66290595219446,7.978799650693601e-05
23.668445021939824,6.46250416578151e-05
23.67398409168519,5.174015575042566e-05
23.679523161430552,4.018071879660902e-05
23.685062231175916,5.052026291653983e-05
23.69060130092128,5.957546239430824e-05
23.696140370666644,7.321461690144754e-05
23.701679440412008,8.018579231645763e-05
23.70721851015737,4.8651371752107436e-05
23.712757579902735,1.8248550942368565e-05
23.7182966496481,2.742531107409771e-05
23.723835719393463,6.572109824991296e-05
23.729374789138827,7.717396859808324e-05
23.73491385888419,5.7229102614770167e-05
23.740452928629555,6.367319293004471e-05
23.74599199837492,3.8962379492951465e-05
23.751531068120283,1.757533880035845e-05
23.757070137865647,3.360287072573852e-05
23.76260920761101,4.594622891276313e-05
23.768148277356374,7.58463113856321e-05
23.77368734710174,6.244787449962413e-05
23.779226416847102,3.402110576229453e-05
23.784765486592466,1.376313681143818e-05
23.79030455633783,2.1541259774271236e-05
23.795843626083194,4.8532596047609776e-05
23.801382695828558,6.35232413656517e-05
23.80692176557392,6.27460505600288e-05
23.812460835319285,5.241862533835443e-05
23.81799990506465,3.491519336830071e-05
23.823538974810013,2.8516110590934244e-05
23.829078044555377,4.287720634477656e-05
23.83461711430074,5.890286338665849e-05
23.840156184046105,7.064283237102555e-05
23.84569525379147,6.230332146169853e-05
23.851234323536833,4.490687157533211e-05
23.856773393282197,2.4941900124045274e-05
23.86231246302756,3.7344764328593005e-05
23.867851532772924,6.243752172336332e-05
23.87339060251829,7.411892812887693e-05
23.878929672263652,7.214217731364357e-05
23.884468742009016,4.195558174074834e-05
23.89000781175438,1.4015494501110448e-05
23.895546881499744,3.0454143920474246e-05
23.901085951245108,5.803531983982503e-05
23.90662502099047,6.99945703841852e-05
23.912164090735835,6.693576694615393e-05
23.9177031604812,5.672487472727683e-05
23.923242230226563,3.31428042430173e-05
23.928781299971927,1.713932055121431e-05
23.93432036971729,4.5707780851304414e-05
23.939859439462655,5.585414964111096e-05
23.94539850920802,6.294368419034778e-05
23.950937578953383,5.5864689022511477e-05
23.956476648698747,3.923465043891871e-05
23.96201571844411,2.5667746599472492e-05
23.967554788189474,3.3532703024681917e-05
23.97309385793484,5.4535882261535434e-05
23.978632927680202,5.659752422804952e-05
23.984171997425566,5.9498524532351526e-05
23.98971106717093,5.0689021190453914e-05
23.995250136916294,2.5553179890255758e-05
24.000789206661658,2.2565740538121464e-05
24.00632827640702,4.9585476367314864e-05
24.011867346152385,7.186672133195476e-05
24.01740641589775,7.108007399070265e-05
24.022945485643113,6.336838339269816e-05
24.028484555388477,4.8305389883105414e-05
24.03402362513384,3.711313186115346e-05
24.039562694879205,5.0298429742275055e-05
24.04510176462457,6.44177504933978e-05
24.050640834369933,7.951696747665217e-05
24.056179904115297,7.332723460043105e-05
24.06171897386066,4.897213451803988e-05
24.067258043606024,2.7053091363396168e-05
24.07279711335139,3.646028758085984e-05
24.078336183096752,5.569397006936836e-05
24.083875252842116,5.842407172037518e-05
24.08941432258748,5.6911320516377414e-05
24.094953392332844,5.3693567229438044e-05
24.100492462078208,3.369731184580878e-05
24.10603153182357,3.1248630786347156e-05
24.111570601568936,5.596931967081327e-05
24.1171096713143,7.348053861973598e-05
24.122648741059663,6.623071526966244e-05
24.128187810805027,4.99624133641842e-05
24.13372688055039,3.4026509073501455e-05
24.139265950295755,2.6882208917366586e-05
24.14480502004112,3.812014465018041e-05
24.150344089786483,5.168763220676019e-05
24.155883159531847,6.437582967850574e-05
24.16142222927721,6.340354744668033e-05
24.166961299022574,4.646874642317211e-05
24.17250036876794,3.2617411605496875e-05
24.178039438513302,3.0387360066984802e-05
24.183578508258666,4.874630304868558e-05
24.18911757800403,5.4923905759131315e-05
24.194656647749394,6.220574740074843e-05
24.200195717494758,6.845116873763438e-05
24.20573478724012,5.882492953662731e-05
24.211273856985486,3.811339227142241e-05
24.21681292673085,2.8198831855192063e-05
24.222351996476213,4.7944959364244595e-05
24.227891066221577,6.652964564803907e-05
24.23343013596694,6.743306543026544e-05
24.238969205712305,5.2909763560524844e-05
24.24450827545767,2.5367999870955965e-05
24.250047345203033,1.7632362913338226e-05
24.255586414948397,3.72286223465709e-05
24.26112548469376,5.813640583547105e-05
24.266664554439124,5.7353631892763325e-05
24.27220362418449,3.941709608970165e-05
24.277742693929852,1.757171789365368e-05
24.283281763675216,1.670814579248966e-05
24.28882083342058,3.0573838355814756e-05
24.294359903165944,3.975456492194174e-05
24.299898972911308,4.624305994831989e-05
24.30543804265667,3.837146813027841e-05
24.310977112402036,2.997153224702238e-05
24.3165161821474,2.592827898166156e-05
24.322055251892763,2.8281037551144166e-05
24.327594321638127,4.42265872092367e-05
24.33313339138349,6.332155535030676e-05
24.338672461128855,6.169414327088623e-05
24.34421153087422,4.33534286468454e-05
24.349750600619583,2.8623738761440494e-05
24.355289670364947,4.813817124771643e-05
24.36082874011031,7.330036725304328e-05
24.366367809855674,6.3572941825518e-05
24.37190687960104,4.696307143441974e-05
24.377445949346402,5.290491018193737e-05
24.382985019091766,2.7240023350752813e-05
24.38852408883713,1.6743232321013598e-05
24.39406315858249,1.3828231023297735e-05
24.399602228327854,3.6199205038785975e-05
24.405141298073218,5.071699141652261e-05
24.410680367818582,4.75725092425591e-05
24.416219437563946,4.321366714665502e-05
24.42175850730931,2.630483562096008e-05
24.427297577054674,1.4970292566098854e-05
24.432836646800038,2.8167343432928427e-05
24.4383757165454,4.0772637239459065e-05
24.443914786290765,5.0041506369022434e-05
24.44945385603613,4.193457605864187e-05
24.454992925781493,2.449708722472263e-05
24.460531995526857,1.5940068952292487e-05
24.46607106527222,1.70215107186155e-05
24.471610135017585,3.5392735959148485e-05
24.47714920476295,3.785582731484876e-05
24.482688274508313,2.679913679052138e-05
24.488227344253676,3.2011100488952306e-05
24.49376641399904,5.827537381586621e-05
24.499305483744404,0.00010712051369312191
24.504844553489768,0.00013617479702385487
24.510383623235132,0.00011192644894452889
24.515922692980496,0.00011684580182387238
24.52146176272586,0.0001828841211362433
24.527000832471224,0.0003112846674449596
24.532539902216588,0.00027444327619030465
24.53807897196195,0.00010620507393693996
24.543618041707315,4.035982502720356e-05
24.54915711145268,3.759193095172006e-05
24.554696181198043,5.072061398648274e-05
24.560235250943407,4.211831208567848e-05
24.56577432068877,2.5948644642669492e-05
24.571313390434135,2.2327669714146093e-05
24.5768524601795,3.424503079021713e-05
24.582391529924863,4.674169925814414e-05
24.587930599670226,5.243290573028065e-05
24.59346966941559,4.3837354279958215e-05
24.599008739160954,2.7945813183982368e-05
24.604547808906318,1.4836775940432226e-05
24.610086878651682,2.8600588850860217e-05
24.615625948397046,4.392841759860724e-05
24.62116501814241,5.453585829435773e-05
24.626704087887774,4.281439002193052e-05
24.632243157633138,2.777870568164374e-05
24.6377822273785,1.9324734972257757e-05
24.643321297123865,2.7019775620394205e-05
24.64886036686923,3.8520509478239894e-05
24.654399436614593,3.350588197939481e-05
24.659938506359957,4.497351186670402e-05
24.66547757610532,4.753699133337128e-05
24.671016645850685,3.588429653965596e-05
24.67655571559605,1.856448219706356e-05
24.682094785341413,2.44744024986719e-05
24.687633855086776,3.942932133283717e-05
24.69317292483214,4.9900616786085584e-05
24.698711994577504,5.27975817606738e-05
24.704251064322868,4.0490658478629025e-05
24.709790134068232,1.9301685520997603e-05
24.715329203813596,1.8518590216405285e-05
24.72086827355896,4.171232943689098e-05
24.726407343304324,5.253906018183807e-05
24.731946413049688,5.004874538868545e-05
24.73748548279505,4.4718117586648054e-05
24.743024552540415,3.348228278398957e-05
24.74856362228578,1.8315111947753764e-05
24.754102692031143,2.7331783743756505e-05
24.759641761776507,4.44707345070988e-05
24.76518083152187,5.164489082298875e-05
24.770719901267235,4.717049182534924e-05
24.7762589710126,3.7469720582901314e-05
24.781798040757963,2.1022157114513514e-05
24.787337110503326,2.2870412957146197e-05
24.79287618024869,3.940846814812187e-05
24.798415249994054,5.151862955634721e-05
24.803954319739418,5.564093754119325e-05
24.809493389484782,4.2432555379152745e-05
24.815032459230146,2.3131025972765787e-05
24.82057152897551,1.7466662082591343e-05
24.826110598720874,3.294484921954084e-05
24.831649668466238,4.817336333680229e-05
24.8371887382116,5.085302128197463e-05
24.842727807956965,4.697207345266717e-05
24.84826687770233,3.4358239304517824e-05
24.853805947447693,1.729942278311203e-05
24.859345017193057,2.370777970700977e-05
24.86488408693842,4.007658637405242e-05
24.870423156683785,5.116058040216147e-05
24.87596222642915,4.957531061763063e-05
24.881501296174513,3.6640720671722455e-05
24.887040365919876,1.8033697499439775e-05
24.89257943566524,1.6858223677099432e-05
24.898118505410604,3.548752462281672e-05
24.903657575155968,4.73214037260013e-05
24.909196644901332,4.9020230997872565e-05
24.914735714646696,4.0003225172199195e-05
24.92027478439206,2.1439479479623668e-05
24.925813854137424,1.0849761914188624e-05
24.931352923882788,2.6940097772876824e-05
24.93689199362815,4.1403975450902916e-05
24.942431063373515,4.2682232164705716e-05
24.94797013311888,3.947641399303347e-05
24.953509202864243,2.88031996875729e-05
24.959048272609607,1.411964991333401e-05
24.96458734235497,1.3836058807237135e-05
24.970126412100335,2.953869805436203e-05
24.9756654818457,4.1264648390552603e-05
24.981204551591063,4.4142086680409234e-05
24.986743621336426,3.4484505855495686e-05
24.99228269108179,1.62155989998746e-05
24.997821760827154,8.121600600385053e-06
25.003360830572518,2.6724710216371865e-05
25.008899900317882,3.645327978550465e-05
25.014438970063246,4.0532481290781274e-05
25.01997803980861,3.48099812324424e-05
25.025517109553974,2.038997435380217e-05
25.031056179299338,3.980127591903046e-06
25.0365952490447,1.4478617554883358e-05
25.042134318790065,2.8813333649461876e-05
25.04767338853543,3.584971452660472e-05
25.053212458280793,3.398009395041094e-05
25.058751528026157,2.5914592102399672e-05
25.06429059777152,1.2681484594469822e-05
25.069829667516885,4.328890300276149e-06
25.07536873726225,1.8809689765015744e-05
25.080907807007613,2.8759353936815122e-05
25.086446876752976,3.2880955527702044e-05
25.09198594649834,2.9440678132394096e-05
25.097525016243704,2.012805877132182e-05
25.103064085989068,6.993590359202518e-06
25.108603155734432,8.570438561380174e-06
25.114142225479796,2.1107196456681638e-05
25.11968129522516,2.921922342001653e-05
25.125220364970524,3.162211128480868e-05
25.130759434715888,2.7060404592402582e-05
25.13629850446125,1.6766932645633616e-05
25.141837574206615,4.252760630289899e-06
25.14737664395198,1.1640708997022008e-05
25.152915713697343,2.4333852034275066e-05
25.158454783442707,3.131025145833652e-05
25.16399385318807,3.250799447283043e-05
25.169532922933435,2.6362375519650534e-05
25.1750719926788,1.4164010922063759e-05
25.180611062424163,1.5016041698236114e-06
25.186150132169526,1.7012671569871178e-05
25.19168920191489,2.9656115914405104e-05
25.197228271660254,3.481385206854228e-05
25.202767341405618,3.271553033341111e-05
25.208306411150982,2.3144407707443175e-05
25.213845480896346,7.82088386186775e-06
25.21938455064171,9.097305875760075e-06
25.224923620387074,2.442762125356195e-05
25.230462690132438,3.46260892706961e-05
25.2360017598778,3.74780392124831e-05
25.241540829623165,3.122150820786308e-05
25.24707989936853,1.864286169964915e-05
25.252618969113893,6.511599291663718e-06
25.258158038859257,2.071915717520103e-05
25.26369710860462,3.50383413662978e-05
25.269236178349985,4.32452385662066e-05
25.27477524809535,4.163972688505009e-05
25.280314317840713,2.7918312722357398e-05
25.285853387586076,1.2659851589925537e-05
25.29139245733144,1.8222274431359493e-05
25.296931527076804,3.500938983491778e-05
25.302470596822168,4.3692474974579505e-05
25.308009666567532,4.3493444774681344e-05
25.313548736312896,3.5601414529961274e-05
25.31908780605826,2.2306618337080404e-05
25.324626875803624,1.6072001722148897e-05
25.330165945548988,2.8931116957307583e-05
25.33570501529435,4.2994955818683725e-05
25.341244085039715,4.932578396844628e-05
25.34678315478508,4.3283046809988474e-05
25.352322224530443,2.889101866273147e-05
25.357861294275807,1.7244656023244072e-05
25.36340036402117,2.4078284118002785e-05
25.368939433766535,3.941575447914723e-05
25.3744785035119,5.05947874462937e-05
25.380017573257263,4.900603526423471e-05
25.385556643002626,4.01485322448248e-05
25.39109571274799,2.7831674908544285e-05
25.396634782493354,2.3252704112821285e-05
25.402173852238718,3.354111035329871e-05
25.407712921984082,4.501872866749219e-05
25.413251991729446,4.393266530395903e-05
25.41879106147481,4.423232248448934e-05
25.424330131220174,3.835322910474087e-05
25.429869200965538,2.127984661214129e-05
25.4354082707109,1.9289058429419937e-05
25.440947340456265,4.746134723890137e-05
25.44648641020163,6.541303202942007e-05
25.452025479946993,5.265062000728357e-05
25.457564549692357,3.49666040556423e-05
25.46310361943772,2.3996244484774045e-05
25.468642689183085,3.667543455818745e-05
25.47418175892845,5.478512093880752e-05
25.479720828673813,6.527109632290105e-05
25.485259898419176,6.387401310721111e-05
25.49079896816454,5.001787711978439e-05
25.496338037909904,3.4541411522211266e-05
25.501877107655268,3.468199409762254e-05
25.507416177400632,5.151728470204996e-05
25.512955247145996,6.237666147637373e-05
25.51849431689136,6.555544780233568e-05
25.524033386636724,5.810845322362538e-05
25.529572456382084,3.7892420791802006e-05
25.535111526127448,2.9125278155158293e-05
25.540650595872812,4.3298457689529415e-05
25.546189665618176,5.907877904225002e-05
25.55172873536354,6.326110026973033e-05
25.557267805108904,6.0678172053933835e-05
25.562806874854267,4.41368859510489e-05
25.56834594459963,2.841541267103327e-05
25.573885014344995,3.316699702940683e-05
25.57942408409036,5.070690483597291e-05
25.584963153835723,6.217555603314935e-05
25.590502223581087,6.199444862863522e-05
25.59604129332645,4.468944604267288e-05
25.601580363071815,2.578733615323568e-05
25.60711943281718,2.8450173809181583e-05
25.612658502562542,4.6937345507951176e-05
25.618197572307906,5.2786891735882895e-05
25.62373664205327,5.401318535474554e-05
25.629275711798634,5.047724623816905e-05
25.634814781543998,3.7320299317918055e-05
25.640353851289362,2.582321241217387e-05
25.645892921034726,3.3523786752746567e-05
25.65143199078009,4.956535900908072e-05
25.656971060525454,5.453799007466184e-05
25.662510130270817,5.175316829511356e-05
25.66804920001618,4.2226846747276155e-05
25.673588269761545,2.2309762058589463e-05
25.67912733950691,2.0915341200309528e-05
25.684666409252273,4.040508719690507e-05
25.690205478997637,5.647207845490283e-05
25.695744548743,5.214083166309727e-05
25.701283618488365,3.8217470978153135e-05
25.70682268823373,2.2479489975260173e-05
25.712361757979092,2.1453841925489838e-05
25.717900827724456,3.079353320603839e-05
25.72343989746982,4.14238046919915e-05
25.728978967215184,4.609438304744036e-05
25.734518036960548,3.6687848921599266e-05
25.740057106705912,2.438198274106263e-05
25.745596176451276,1.1175251020559194e-05
25.75113524619664,2.0398449911481206e-05
25.756674315942004,3.902113094641244e-05
25.762213385687367,4.284198168406964e-05
25.76775245543273,4.103624024703723e-05
25.773291525178095,3.542852945288372e-05
25.77883059492346,1.4766177562480363e-05
25.784369664668823,9.0931296691394e-06
25.789908734414187,2.767542929679391e-05
25.79544780415955,4.1681261662028195e-05
25.800986873904915,3.866360937322913e-05
25.80652594365028,3.393470585662694e-05
25.812065013395642,2.051546172840647e-05
25.817604083141006,3.783493867277765e-06
25.82314315288637,1.3696232972414232e-05
25.828682222631734,2.051404596574692e-05
25.834221292377098,3.0430993678871308e-05
25.839760362122462,3.096029231879836e-05
25.845299431867826,2.8616003776115554e-05
25.85083850161319,1.0314582925824665e-05
25.856377571358554,1.2718929498398649e-05
25.861916641103917,2.349009425409676e-05
25.86745571084928,3.084035643016506e-05
25.872994780594645,2.4487861840499528e-05
25.87853385034001,2.3535761220874255e-05
25.884072920085373,4.723759196583013e-05
25.889611989830737,4.9679694112058056e-05
25.8951510595761,2.8593496908182803e-05
25.900690129321465,1.3462360372375359e-05
25.90622919906683,5.747060628486084e-05
25.911768268812192,0.00012317570636497449
25.917307338557556,7.95552592926543e-05
25.92284640830292,3.3690571919950964e-05
25.928385478048284,6.646170762256097e-05
25.933924547793648,1.2948762200805867e-05
25.939463617539012,3.086991112769869e-05
25.945002687284376,3.993822919429989e-05
25.95054175702974,4.229464672786633e-05
25.956080826775104,3.3279416280393746e-05
25.961619896520467,2.196205004706983e-05
25.96715896626583,7.159371370281806e-06
25.972698036011195,1.6315478028630076e-05
25.97823710575656,2.70400121027496e-05
25.983776175501923,3.902410309143548e-05
25.989315245247287,4.716816407033785e-05
25.99485431499265,3.5572054972674e-05
26.000393384738015,2.0188831348616068e-05
26.00593245448338,8.381211088825911e-06
26.011471524228742,3.619773836707748e-05
26.017010593974106,4.816772676988356e-05
26.02254966371947,4.695617547675438e-05
26.028088733464834,3.9130254243617194e-05
26.033627803210198,2.2396625575003586e-05
26.039166872955562,1.0604480429639346e-05
26.044705942700926,2.4955421312307467e-05
26.05024501244629,3.14061119799543e-05
26.055784082191654,4.283778573658984e-05
26.061323151937017,3.84783186646393e-05
26.06686222168238,3.962448324704852e-05
26.072401291427745,3.4760939837915635e-05
26.07794036117311,2.2336143770665245e-05
26.083479430918473,3.5133437213143115e-05
26.089018500663837,4.573128057417235e-05
26.0945575704092,5.559124035443438e-05
26.100096640154565,5.066093104649475e-05
26.10563570989993,1.972025069407305e-05
26.111174779645292,2.840629794000434e-06
26.116713849390656,2.9150056563392595e-05
26.12225291913602,5.364200840246338e-05
26.127791988881384,4.530043025330571e-05
26.133331058626748,5.354556454809311e-05
26.138870128372112,5.0254899869521566e-05
26.144409198117476,1.7111521538713034e-05
26.14994826786284,1.3422577807340107e-05
26.155487337608204,4.809070327460473e-05
26.161026407353567,6.286263536261581e-05
26.16656547709893,5.1542182831574244e-05
26.172104546844295,4.471632817144915e-05
26.17764361658966,2.378470506941627e-05
26.183182686335023,2.2874333486597185e-05
26.188721756080387,2.4698379677819756e-05
26.19426082582575,4.6095123062282205e-05
26.199799895571115,5.5954780019836075e-05
26.20533896531648,3.598048585933792e-05
26.210878035061842,2.852549655951937e-05
26.216417104807206,2.0597962974914103e-05
26.22195617455257,4.224730846995868e-05
26.227495244297934,5.3499472422942336e-05
26.233034314043298,5.1534623767549275e-05
26.238573383788662,5.261804487323126e-05
26.244112453534026,4.206060388872851e-05
26.24965152327939,2.0167822494812576e-05
26.255190593024754,2.530782677467133e-05
26.260729662770117,4.613331489705054e-05
26.26626873251548,6.614176545067984e-05
26.271807802260845,5.029313270727177e-05
26.27734687200621,3.7684599549708125e-05
26.282885941751573,4.6424501921180834e-05
26.288425011496937,4.244836559644058e-05
26.2939640812423,3.724150838039931e-05
26.299503150987665,4.306116736896482e-05
26.30504222073303,6.563404671950846e-05
26.310581290478392,6.318084687264059e-05
26.316120360223756,2.9530394991685888e-05
26.32165942996912,1.356979796213445e-05
26.327198499714484,3.376989266184295e-05
26.332737569459848,5.575140111471902e-05
26.338276639205212,5.1542289992285104e-05
26.343815708950576,5.369923392196051e-05
26.34935477869594,5.254593084744758e-05
26.354893848441304,3.5446477617322725e-05
26.360432918186667,2.6516635728210015e-05
26.36597198793203,4.090374678454894e-05
26.371511057677395,5.740332147832619e-05
26.37705012742276,6.12404056997338e-05
26.382589197168123,4.3149928365513184e-05
26.388128266913487,3.159436680469833e-05
26.39366733665885,3.3882637615922794e-05
26.399206406404215,3.8175733816617835e-05
26.40474547614958,4.294765200431984e-05
26.410284545894942,4.729496815512214e-05
26.415823615640306,4.9617184447507204e-05
26.42136268538567,2.850585482470207e-05
26.426901755131034,1.0463020049047054e-05
26.432440824876398,2.3661096417058276e-05
26.437979894621762,4.69461026610885e-05
26.443518964367126,4.956191623168699e-05
26.44905803411249,3.3834205244087684e-05
26.454597103857854,3.03401800320696e-05
26.460136173603217,1.937861832291454e-05
26.46567524334858,1.593610040525584e-05
26.471214313093945,2.6564972057944966e-05
26.47675338283931,4.0238269132960455e-05
26.482292452584673,5.3025866397080125e-05
26.487831522330037,3.670173870353846e-05
26.4933705920754,1.921947772570464e-05
26.498909661820765,1.6552024928009154e-05
26.50444873156613,1.6624704420857743e-05
26.509987801311492,3.7720915007911255e-05
26.515526871056856,3.904174478331235e-05
26.52106594080222,4.8352677494127904e-05
26.526605010547584,4.935027574314071e-05
26.532144080292948,1.7477376962322782e-05
26.537683150038312,3.934370659026868e-06
26.543222219783676,1.707215689387475e-05
26.54876128952904,2.604512190795087e-05
26.554300359274404,2.8748092501064e-05
26.559839429019767,2.0080559553865097e-05
26.56537849876513,2.2815885003118967e-05
26.570917568510495,1.4216465986322385e-05
26.57645663825586,1.051115928767075e-05
26.581995708001223,3.185223306568429e-06
26.587534777746587,2.7458552275733548e-05
26.59307384749195,4.569101722689867e-05
26.598612917237315,3.5552933720935545e-05
26.60415198698268,2.4604614481283202e-05
26.609691056728042,7.810169415334253e-06
26.615230126473406,2.761328136864271e-05
26.62076919621877,4.5373069736337284e-05
26.626308265964134,2.5454806757350886e-05
26.631847335709498,3.023707673603882e-05
26.637386405454862,2.452265262654351e-05
26.642925475200226,7.157052617961032e-06
26.64846454494559,1.5617305125187862e-05
26.654003614690954,1.3018203190515514e-05
26.659542684436314,3.739305546118636e-05
26.665081754181678,3.30735629308539e-05
26.67062082392704,7.1936908856369486e-06
26.676159893672406,1.7381703526432486e-05
26.68169896341777,4.037034430506971e-06
26.687238033163133,2.1925044679996835e-05
26.692777102908497,2.0544489812695563e-05
26.69831617265386,2.32477206261214e-05
26.703855242399225,1.6882871799368334e-05
26.70939431214459,6.8894498043688865e-06
26.714933381889953,2.0421866199292608e-05
26.720472451635317,2.9463359358892238e-05
26.72601152138068,1.3145869225231918e-05
26.731550591126044,1.3718168923983823e-05
26.73708966087141,3.832683519903828e-05
26.742628730616772,4.199301405024581e-05
26.748167800362136,2.7650443645892624e-05
26.7537068701075,2.8371775044878624e-05
26.759245939852864,1.6532410691131595e-05
26.764785009598228,4.354763314413485e-05
26.77032407934359,3.516018819270666e-05
26.775863149088956,4.027104900315196e-05
26.78140221883432,3.6885803210861154e-05
26.786941288579683,3.195455775110652e-05
26.792480358325047,2.2798204490931188e-05
26.79801942807041,2.3444214690399604e-05
26.803558497815775,4.22915785466501e-05
26.80909756756114,5.416319656343111e-05
26.814636637306503,4.4182774828740304e-05
26.820175707051867,4.433558208141846e-05
26.82571477679723,1.8875707832554364e-05
26.831253846542594,2.5012518245300553e-05
26.83679291628796,4.454344562248141e-05
26.842331986033322,5.460518478483801e-05
26.847871055778686,5.8620723219681704e-05
26.85341012552405,3.458801331450947e-05
26.858949195269414,1.5767518049968893e-05
26.864488265014778,1.3489046141373045e-05
26.87002733476014,2.885940849306268e-05
26.875566404505506,4.323729845982627e-05
26.88110547425087,4.704908524012913e-05
26.886644543996233,5.047648087313115e-05
26.892183613741597,3.0348744226830612e-05
26.89772268348696,6.836079760107516e-06
26.903261753232325,2.59582049096054e-05
26.90880082297769,6.12562108589205e-05
26.914339892723053,6.492015292479741e-05
26.919878962468417,4.2791191658436176e-05
26.92541803221378,4.16250292498736e-05
26.930957101959144,3.759760006935231e-05
26.93649617170451,3.7902222811959764e-05
26.942035241449872,3.8910233544073605e-05
26.947574311195236,3.373445546381115e-05
26.9531133809406,4.003863249619017e-05
26.958652450685964,3.7937628949334365e-05
26.964191520431328,2.3019412735551852e-05
26.96973059017669,1.2774273211330475e-05
26.975269659922056,2.3497334848112426e-05
26.98080872966742,3.5512393512627684e-05
26.986347799412783,4.3391286507949146e-05
26.991886869158147,4.065778317144679e-05
26.99742593890351,4.843187075805821e-05
27.002965008648875,4.067684965889353e-05
27.00850407839424,3.203633581380029e-05
27.014043148139603,4.445787964285662e-05
27.019582217884967,7.129306757730891e-05
27.02512128763033,7.403212058406084e-05
27.030660357375695,4.765219033642024e-05
27.03619942712106,1.8119873581374167e-05
27.041738496866422,3.297723057054013e-05
27.047277566611786,5.1884723636839876e-05
27.05281663635715,5.010787025720353e-05
27.058355706102514,4.590304698840689e-05
27.063894775847878,2.912760674400964e-05
27.06943384559324,3.454279513534837e-05
27.074972915338606,3.9648014086904004e-05
27.08051198508397,2.7133052274620802e-05
27.086051054829333,3.257730698913785e-05
27.091590124574697,5.8769076627068236e-05
27.09712919432006,6.877222672492853e-05
27.102668264065425,4.601479294718636e-05
27.10820733381079,1.67074958403209e-05
27.113746403556153,2.309816122829334e-05
27.119285473301517,5.243821526057814e-05
27.12482454304688,7.354804274348546e-05
27.130363612792245,5.443287148960339e-05
27.13590268253761,3.0482146631770203e-05
27.141441752282972,1.7225409562004745e-05
27.146980822028336,2.8036729892213273e-05
27.1525198917737,4.1633558868209895e-05
27.158058961519064,4.657871862304803e-05
27.163598031264428,5.619750011786685e-05
27.16913710100979,3.805611581778191e-05
27.174676170755156,2.0884817714605116e-05
27.18021524050052,1.8797533971421648e-05
27.185754310245883,3.574142179133787e-05
27.191293379991247,3.775222881767503e-05
27.19683244973661,3.7280834504896055e-05
27.202371519481975,3.242099321350535e-05
27.20791058922734,2.1600531610834553e-05
27.213449658972703,1.0983755667785485e-05
27.218988728718067,1.2383362146151852e-05
27.22452779846343,2.6075905224006766e-05
27.230066868208795,3.343937666576895e-05
27.23560593795416,4.0056952720784416e-05
27.241145007699522,2.7457445467628437e-05
27.246684077444886,8.125324131299962e-06
27.25222314719025,5.463209455290354e-06
27.257762216935614,2.7143207097190197e-05
27.263301286680978,3.340494309892553e-05
27.26884035642634,1.8935830193598695e-05
27.274379426171706,2.238066796241633e-05
27.27991849591707,2.5855543600113066e-05
27.285457565662433,1.2427641953961282e-05
27.290996635407797,6.461573925903168e-06
27.29653570515316,2.036207572841906e-05
27.302074774898525,2.911870403056158e-05
27.30761384464389,2.981674400867791e-05
27.313152914389253,2.075161337644517e-05
27.318691984134617,7.051642022506535e-06
27.32423105387998,1.4501349051473262e-05
27.329770123625345,2.2136358576709787e-05
27.33530919337071,2.2759382892167655e-05
27.340848263116072,2.701720551660777e-05
27.346387332861436,2.8685484095943894e-05
27.3519264026068,3.0686237961031634e-05
27.357465472352164,1.5006487582613885e-05
27.363004542097528,8.274910550142998e-06
27.36854361184289,1.6112013570889083e-05
27.374082681588256,2.6794213653555678e-05
27.37962175133362,3.4299968647548393e-05
27.385160821078983,2.758893695210222e-05
27.390699890824347,2.278915008691812e-05
27.39623896056971,2.0199224529896267e-05
27.401778030315075,1.9889967654562454e-05
27.40731710006044,3.153761099248639e-05
27.412856169805803,3.869672772769565e-05
27.418395239551167,3.921913670092902e-05
27.42393430929653,3.1719361753538684e-05
27.429473379041895,8.013748609817786e-06
27.43501244878726,1.0985834000162085e-05
27.440551518532622,1.6325271774549697e-05
27.446090588277986,3.703380947560913e-05
27.45162965802335,3.6953957120136155e-05
27.457168727768714,3.0019226176509567e-05
27.462707797514078,2.5817430673669328e-05
27.46824686725944,1.7268281192261358e-05
27.473785937004806,2.1721876995225645e-05
27.47932500675017,2.8322233753958214e-05
27.484864076495533,2.988206917361289e-05
27.490403146240897,3.550554328458222e-05
27.49594221598626,3.747719417222115e-05
27.501481285731625,2.5600610319958657e-05
27.50702035547699,1.3049036591861734e-05
27.512559425222353,7.26472056686313e-06
27.518098494967717,4.0134976457919275e-05
27.52363756471308,5.879604925805479e-05
27.529176634458445,5.460371126745561e-05
27.53471570420381,3.2502202385673014e-05
27.540254773949172,9.587481758787488e-06
27.545793843694536,2.799105455650822e-05
27.5513329134399,4.3490975460151034e-05
27.556871983185264,4.907297641996298e-05
27.562411052930628,3.638324888057666e-05
27.56795012267599,2.643678357212172e-05
27.573489192421356,2.590030246450109e-05
27.57902826216672,3.140471057988939e-05
27.584567331912083,3.6898465613822656e-05
27.590106401657447,4.748501285192382e-05
27.59564547140281,5.8307410878424216e-05
27.601184541148175,4.7507761739903804e-05
27.60672361089354,3.359645649229914e-05
27.612262680638903,3.1245490688900716e-05
27.617801750384267,4.120490643317143e-05
27.62334082012963,5.0954360419943836e-05
27.628879889874995,4.8766961700278495e-05
27.63441895962036,5.028264562265954e-05
27.639958029365722,5.7571552754212005e-05
27.645497099111086,5.6790247796024067e-05
27.65103616885645,3.3489696476129506e-05
27.656575238601814,2.9632698699025046e-05
27.662114308347178,4.8094700017932215e-05
27.66765337809254,6.95160151969702e-05
27.673192447837906,6.631835951174158e-05
27.67873151758327,4.197484017499766e-05
27.684270587328633,2.0853689936226455e-05
27.689809657073997,2.0405865495084627e-05
27.69534872681936,5.155118735768613e-05
27.700887796564725,7.090712804226501e-05
27.70642686631009,6.469573449669093e-05
27.711965936055453,4.240685403018236e-05
27.717505005800817,1.7564313576078135e-05
27.72304407554618,3.7845687499617505e-05
27.728583145291545,5.450421697681056e-05
27.73412221503691,5.6319659094817176e-05
27.739661284782272,6.16585175634081e-05
27.745200354527636,5.014750600464328e-05
27.750739424273,2.8906294702180733e-05
27.756278494018364,2.5012682441253953e-05
27.761817563763728,4.3934191864604e-05
27.767356633509092,5.7146428739135846e-05
27.772895703254456,5.1801617259873864e-05
27.77843477299982,3.5992419375591705e-05
27.783973842745183,2.446839633864354e-05
27.789512912490547,2.0404845494231366e-05
27.795051982235908,2.2508494881390843e-05
27.80059105198127,2.917445953796409e-05
27.806130121726635,3.896964498131801e-05
27.811669191472,5.262856858814988e-05
27.817208261217363,5.339630000311295e-05
27.822747330962727,3.150650930334124e-05
27.82828640070809,1.2030141622539883e-05
27.833825470453455,3.806558671353117e-05
27.83936454019882,6.748464173753545e-05
27.844903609944183,7.193256310947084e-05
27.850442679689547,4.6218703789490143e-05
27.85598174943491,1.7493358471274816e-05
27.861520819180274,2.0940197477729596e-05
27.86705988892564,4.830461678780938e-05
27.872598958671002,5.5139951334086345e-05
27.878138028416366,5.558918672043045e-05
27.88367709816173,5.0991562299052894e-05
27.889216167907094,3.0828921518564815e-05
27.894755237652458,1.5870870103395596e-05
27.90029430739782,3.370007422212565e-05
27.905833377143185,4.987459814670659e-05
27.91137244688855,4.634147475921112e-05
27.916911516633913,3.384398136723082e-05
27.922450586379277,2.144633157245461e-05
27.92798965612464,1.8556584458413124e-05
27.933528725870005,1.541855072825502e-05
27.93906779561537,1.6142136042831303e-05
27.944606865360733,3.01373235935399e-05
27.950145935106097,4.246149262255671e-05
27.95568500485146,4.2913944512174175e-05
27.961224074596824,2.802432946014726e-05
27.96676314434219,3.698918663701264e-06
27.972302214087552,3.2337572541877846e-05
27.977841283832916,4.980587155660521e-05
27.98338035357828,4.47918865990633e-05
27.988919423323644,2.9075001462351008e-05
27.994458493069008,1.5773107835994447e-05
27.99999756281437,2.3741823885018096e-05
28.005536632559735,2.317986909301367e-05
28.0110757023051,1.3967276019955182e-05
28.016614772050463,2.089616179690785e-05
28.022153841795827,3.5478131307208984e-05
28.02769291154119,3.669668992766328e-05
28.033231981286555,2.9807785657976134e-05
28.03877105103192,1.1752155491498448e-05
28.044310120777283,1.0131873771510324e-05
28.049849190522647,2.3853170886866032e-05
28.05538826026801,3.6509151351354585e-05
28.060927330013374,3.99926271287724e-05
28.06646639975874,3.614883436441019e-05
28.072005469504102,2.2824032029875822e-05
28.077544539249466,1.3197933596110903e-05
28.08308360899483,2.7646280763496517e-05
28.088622678740194,3.5110100895566425e-05
28.094161748485558,3.28354402268182e-05
28.09970081823092,2.886967779507455e-05
28.105239887976285,1.8733694923685075e-05
28.11077895772165,1.010059834604886e-05
28.116318027467013,8.60967188052965e-06
28.121857097212377,2.2321756036140727e-05
28.12739616695774,3.870795068407652e-05
28.132935236703105,4.323331159844477e-05
28.13847430644847,3.896821795762056e-05
28.144013376193833,2.9481603880045532e-05
28.149552445939197,2.368019187603813e-05
28.15509151568456,3.4082427893477164e-05
28.160630585429924,4.285868398835568e-05
28.16616965517529,4.670711260348167e-05
28.171708724920652,4.190415150384979e-05
28.177247794666016,2.3792908689054576e-05
28.18278686441138,1.3439751861333281e-05
28.188325934156744,1.9532901507922954e-05
28.193865003902108,3.141964107424222e-05
28.19940407364747,3.470058645016945e-05
28.204943143392835,3.359875574325893e-05
28.2104822131382,2.699702965467756e-05
28.216021282883563,1.1296927337150733e-05
28.221560352628927,7.415002077534317e-06
28.22709942237429,2.0605381189712435e-05
28.232638492119655,2.702145931296354e-05
28.23817756186502,3.317553295034139e-05
28.243716631610383,3.598672843450584e-05
28.249255701355747,2.8964789700591875e-05
28.25479477110111,1.4820074761418719e-05
28.260333840846474,8.29711591367637e-06
28.26587291059184,3.351382549741539e-05
28.271411980337202,4.9345026220624375e-05
28.276951050082566,5.16786906948691e-05
28.28249011982793,3.762148740803627e-05
28.288029189573294,6.933408565925689e-06
28.293568259318658,2.7568027099299375e-05
28.29910732906402,4.5176727743854845e-05
28.304646398809385,4.4458025040846594e-05
28.31018546855475,3.137712173134668e-05
28.315724538300113,2.2485497089687218e-05
28.321263608045477,2.664052023708932e-05
28.32680267779084,2.848717929518567e-05
28.332341747536205,2.3304059766425837e-05
28.33788081728157,2.65533296724534e-05
28.343419887026933,3.736776620522256e-05
28.348958956772297,4.262306216378106e-05
28.35449802651766,3.844446485349817e-05
28.360037096263024,2.7336821810831724e-05
28.36557616600839,1.917172699047297e-05
28.371115235753752,2.743474728586957e-05
28.376654305499116,4.023147571039428e-05
28.38219337524448,4.9289986722166466e-05
28.387732444989844,4.915913654171592e-05
28.393271514735208,3.433946391673068e-05
28.39881058448057,1.0809960335926273e-05
28.404349654225935,3.161994274930046e-05
28.4098887239713,5.284444779689661e-05
28.415427793716663,5.574465121894341e-05
28.420966863462027,4.2394558576422266e-05
28.42650593320739,2.330126871638102e-05
28.432045002952755,2.1489355163759348e-05
28.43758407269812,3.618342046913631e-05
28.443123142443483,4.493028160027762e-05
28.448662212188847,4.226984916714325e-05
28.45420128193421,3.408553275720475e-05
28.459740351679574,3.4073701927186104e-05
28.46527942142494,3.958887587882751e-05
28.470818491170302,3.763715126054097e-05
28.476357560915666,2.5960037134127352e-05
28.48189663066103,2.882930825922189e-05
28.487435700406394,4.692587080251035e-05
28.492974770151758,5.770240064187371e-05
28.49851383989712,4.6354953251555745e-05
28.504052909642486,2.21174370695457e-05
28.50959197938785,1.856959352358175e-05
28.515131049133213,4.229488762001943e-05
28.520670118878577,5.6039269042911996e-05
28.52620918862394,5.430448850375049e-05
28.531748258369305,3.9308917627854104e-05
28.53728732811467,2.1964319472726775e-05
28.542826397860033,2.9176724856960177e-05
28.548365467605397,4.389360554646948e-05
28.55390453735076,4.610048254440356e-05
28.559443607096124,4.362983428581282e-05
28.56498267684149,3.640252010647244e-05
28.570521746586852,3.127362757644666e-05
28.576060816332216,2.949346906354546e-05
28.58159988607758,2.7495894439641713e-05
28.587138955822944,3.208045854360076e-05
28.592678025568308,4.183705519085836e-05
28.59821709531367,4.67937801763852e-05
28.603756165059036,3.5512518103475366e-05
28.6092952348044,2.099948405172565e-05
28.614834304549763,1.3345335420469527e-05
28.620373374295127,3.295618120034794e-05
28.62591244404049,4.928065196966622e-05
28.631451513785855,4.908214224300072e-05
28.63699058353122,3.842923550249985e-05
28.642529653276583,1.8320701522681404e-05
28.648068723021947,1.0956368439107844e-05
28.65360779276731,3.850699334180803e-05
28.659146862512674,5.3620474989333955e-05
28.66468593225804,4.969516047868702e-05
28.670225002003402,3.273568716939323e-05
28.675764071748766,7.555798565428763e-06
28.68130314149413,2.467541101117747e-05
28.686842211239494,3.955318906246847e-05
28.692381280984858,3.826746914757503e-05
28.69792035073022,2.8612637043384627e-05
28.703459420475586,1.752121954117181e-05
28.70899849022095,1.9673418005631417e-05
28.714537559966313,2.7465564285862915e-05
28.720076629711677,2.8376165706436464e-05
28.72561569945704,1.967576694729932e-05
28.731154769202405,2.0193488584009e-05
28.73669383894777,3.1107257898796495e-05
28.742232908693133,3.2578174724553604e-05
28.747771978438497,2.692062281679102e-05
28.75331104818386,2.1167485419908756e-05
28.758850117929224,1.484967647490333e-05
28.76438918767459,2.3202561964563838e-05
28.769928257419952,3.122294589125258e-05
28.775467327165316,3.245280527057141e-05
28.78100639691068,2.7493567211283468e-05
28.786545466656044,1.99034498195461e-05
28.792084536401408,2.1905133157556583e-05
28.79762360614677,2.3032649648903394e-05
28.803162675892136,1.9470422901296134e-05
28.8087017456375,1.661375126281583e-05
28.814240815382863,2.8589956299647018e-05
28.819779885128227,4.233274811025723e-05
28.82531895487359,3.755795166407289e-05
28.830858024618955,1.4531076151787555e-05
28.83639709436432,1.4946664396381641e-05
28.841936164109683,3.7706006015718097e-05
28.847475233855047,5.788708278950847e-05
28.85301430360041,5.294755845812709e-05
28.858553373345774,2.965252937941668e-05
28.86409244309114,1.6895627179161534e-05
28.869631512836502,2.928636494995894e-05
28.875170582581866,4.9320917342849634e-05
28.88070965232723,4.772206893633661e-05
28.886248722072594,3.6384550499574686e-05
28.891787791817958,1.5213064370056455e-05
28.89732686156332,1.4875231846559957e-05
28.902865931308686,2.799515389411776e-05
28.90840500105405,3.078004255158668e-05
28.913944070799413,2.629391193750283e-05
28.919483140544777,3.486129937812522e-05
28.92502221029014,4.218616150569492e-05
28.9305612800355,3.429293997850646e-05
28.936100349780865,1.508924814322009e-05
28.94163941952623,2.1111115529200513e-05
28.947178489271593,3.9769659525631846e-05
28.952717559016957,4.0845348617875344e-05
28.95825662876232,3.377209845159727e-05
28.963795698507685,2.961997376335374e-05
28.96933476825305,2.2849028840694973e-05
28.974873837998413,2.0659902975134955e-05
28.980412907743776,3.214204342931839e-05
28.98595197748914,4.175138939307916e-05
28.991491047234504,3.931189024399607e-05
28.997030116979868,3.8367193726132054e-05
29.002569186725232,3.0411688650094188e-05
29.008108256470596,2.6844954535810175e-05
29.01364732621596,3.269976514468866e-05
29.019186395961324,4.507220680362639e-05
29.024725465706688,4.0781782415571176e-05
29.03026453545205,2.2595483046545275e-05
29.035803605197415,1.7517877949375423e-05
29.04134267494278,4.0431071903113346e-05
29.046881744688143,4.327194872959649e-05
29.052420814433507,3.131484925386522e-05
29.05795988417887,2.7025091946221683e-05
29.063498953924235,3.829159717900174e-05
29.0690380236696,4.633698306463115e-05
29.074577093414963,3.643696489686177e-05
29.080116163160326,2.700614220227324e-05
29.08565523290569,2.8845911329700017e-05
29.091194302651054,4.071402540297407e-05
29.096733372396418,3.944290719416011e-05
29.102272442141782,3.7121273839270276e-05
29.107811511887146,3.953090205112559e-05
29.11335058163251,3.4829954836945596e-05
29.118889651377874,2.3211013905324244e-05
29.124428721123238,2.8488922813810097e-05
29.1299677908686,4.5885898808063e-05
29.135506860613965,4.8009183282944595e-05
29.14104593035933,3.4874539638135045e-05
29.146585000104693,2.2490052732394992e-05
29.152124069850057,2.48946064074672e-05
29.15766313959542,3.8809027814380594e-05
29.163202209340785,4.7107962917042395e-05
29.16874127908615,4.237711365947089e-05
29.174280348831513,3.110902283479169e-05
29.179819418576876,3.2648081256782244e-05
29.18535848832224,4.350102115465794e-05
29.190897558067604,4.511915701058051e-05
29.196436627812968,4.1828995971883674e-05
29.201975697558332,4.0733297601257424e-05
29.207514767303696,4.430576424548422e-05
29.21305383704906,5.060811193568468e-05
29.218592906794424,5.460967019015686e-05
29.224131976539788,5.12616660820813e-05
29.22967104628515,4.056883215109378e-05
29.235210116030515,3.8624216124348366e-05
29.24074918577588,4.880038494865978e-05
29.246288255521243,5.9124477132610695e-05
29.251827325266607,4.4780268573382224e-05
29.25736639501197,3.0931461698800366e-05
29.262905464757335,2.972252041177142e-05
29.2684445345027,2.956211415176455e-05
29.273983604248063,3.270715873874091e-05
29.279522673993426,4.6780536897608724e-05
29.28506174373879,5.38356972760382e-05
29.290600813484154,3.595002516651723e-05
29.296139883229518,2.5622409178089475e-05
29.301678952974882,3.468295320215551e-05
29.307218022720246,4.073832178032293e-05
29.31275709246561,4.550732088346723e-05
29.318296162210974,5.1838315808812695e-05
29.323835231956338,4.217082399548626e-05
29.3293743017017,1.91650693384843e-05
29.334913371447065,1.9824043688690807e-05
29.34045244119243,4.653158420233813e-05
29.345991510937793,5.214263333104242e-05
29.351530580683157,3.655291273791481e-05
29.35706965042852,3.733365357912009e-05
29.362608720173885,3.9761350338194864e-05
29.36814778991925,3.4564189428587504e-05
29.373686859664613,2.24525870262292e-05
29.379225929409976,2.9375090877782237e-05
29.38476499915534,4.770521790393942e-05
29.390304068900704,5.3852082690512646e-05
29.395843138646068,3.8729931031429464e-05
29.401382208391432,2.13636704881223e-05
29.406921278136796,2.055907054160063e-05
29.41246034788216,3.682158704124047e-05
29.417999417627524,4.8167339589782464e-05
29.423538487372888,4.2632313484738765e-05
29.42907755711825,2.998091359516832e-05
29.434616626863615,1.5756172872462947e-05
29.44015569660898,1.2682781270264047e-05
29.445694766354343,2.4662630732413796e-05
29.451233836099707,5.118317734279647e-05
29.45677290584507,5.165726982066722e-05
29.462311975590435,3.887575758928644e-05
29.4678510453358,2.2056701566599737e-05
29.473390115081163,2.9075268272958707e-05
29.478929184826526,4.4744766420597746e-05
29.48446825457189,4.02344239483752e-05
29.490007324317254,3.870124043607158e-05
29.495546394062618,2.170113386683782e-05
29.501085463807982,3.235091021475907e-05
29.506624533553346,4.1892998041080435e-05
29.51216360329871,3.298800817175941e-05
29.517702673044074,2.174916579503015e-05
29.523241742789438,2.5980497721653865e-05
29.5287808125348,4.4248285603122356e-05
29.534319882280165,3.017049062894708e-05
29.53985895202553,2.6105156825372257e-06
29.545398021770893,8.052939552113179e-06
29.550937091516257,3.349642796963374e-05
29.55647616126162,3.475370084436178e-05
29.562015231006985,1.508899489053374e-05
29.56755430075235,1.6552430377905013e-05
29.573093370497713,2.5615708928939656e-05
29.578632440243076,2.864771086836942e-05
29.58417150998844,1.4096586984733689e-05
29.589710579733804,5.548058041620463e-06
29.595249649479168,2.3556693650062894e-05
29.600788719224532,4.2193215009767214e-05
29.606327788969896,3.373249502960305e-05
29.61186685871526,1.6896199309943802e-05
29.617405928460624,1.1626019646619718e-05
29.622944998205988,1.95810171888585e-05
29.62848406795135,3.081283811741652e-05
29.634023137696715,2.2874048363849826e-05
29.63956220744208,1.7837513950784812e-05
29.645101277187443,2.7198270665120267e-05
29.650640346932807,3.232544117064051e-05
29.65617941667817,2.577244730831039e-05
29.661718486423535,1.0707792611528788e-05
29.6672575561689,1.7896772930915692e-05
29.672796625914263,3.91698476496334e-05
29.678335695659626,4.7102175034390835e-05
29.68387476540499,4.189004431082918e-05
29.689413835150354,2.956455058042568e-05
29.694952904895718,3.344118724005959e-06
29.700491974641082,3.6564022622498524e-05
29.706031044386446,6.016364438573059e-05
29.71157011413181,5.3208372966053084e-05
29.717109183877174,3.120144424664445e-05
29.722648253622538,8.092159752799037e-06
29.7281873233679,2.680803384744289e-05
29.733726393113265,3.540482310545035e-05
29.73926546285863,1.826862012158338e-05
29.744804532603993,1.554100426679147e-05
29.750343602349357,2.0057554286355683e-05
29.75588267209472,3.1165156140421485e-05
29.761421741840085,2.205834082422596e-05
29.76696081158545,2.0005161052479007e-05
29.772499881330813,1.1137636013780814e-05
29.778038951076176,3.704415031186673e-05
29.78357802082154,4.4767718069595253e-05
29.789117090566904,3.508855964404553e-05
29.794656160312268,2.1897180249064657e-05
29.800195230057632,1.131671867631015e-05
29.805734299802996,2.4571015978604378e-05
29.81127336954836,2.7399653153705796e-05
29.816812439293724,2.6704848094808483e-05
29.822351509039088,2.852651944701463e-05
29.82789057878445,2.8340594257913175e-05
29.833429648529815,2.2820858201684622e-05
29.83896871827518,4.453004909771511e-06
29.844507788020543,2.142365882162744e-05
29.850046857765907,3.5729344882052e-05
29.85558592751127,5.1748014151413365e-05
29.861124997256635,4.152173858699028e-05
29.866664067002,2.2827675145850088e-05
29.872203136747363,2.245697148442716e-05
29.877742206492726,4.327285107469607e-05
29.88328127623809,4.388428781854318e-05
29.888820345983454,4.35290876126467e-05
29.894359415728818,4.0877014659137424e-05
29.899898485474182,3.0715689745984036e-05
29.905437555219546,1.8167695068302513e-05
29.91097662496491,1.75140725245043e-05
29.916515694710274,2.9271868561406772e-05
29.922054764455638,3.8749997024019305e-05
29.927593834201,4.347597543683879e-05
29.933132903946365,3.4941230449269574e-05
29.93867197369173,1.4349912892631163e-05
29.944211043437093,1.5152868451210391e-05
29.949750113182457,3.39735586278078e-05
29.95528918292782,4.872681491378488e-05
