t_s,theory_z
0.0,-5.344068600844224
0.008333330000000139,-5.325055709688372
0.016666660000000277,-5.267731016695811
0.024999990000000416,-5.172217928294023
0.033333320000000555,-5.038721031518393
0.04166665000000069,-4.867533223881673
0.04999998000000083,-4.659044729319343
0.05833331000000097,-4.413756203745088
0.06666664000000111,-4.132292495752725
0.07499997000000125,-3.815417046623783
0.08333330000000139,-3.4640503139882677
0.09166663000000153,-3.079285825224994
0.09999996000000166,-2.6624076920602127
0.1083332900000018,-2.215092071764334
0.11666662000000194,-1.7395735276357123
0.12499995000000208,-1.2383907621974233
0.13333328000000222,-0.7146144189048762
0.14166661000000236,-0.17355487151088556
0.1499999400000025,0.37511853419616153
0.15833327000000263,0.9113850724295545
0.16666660000000277,1.3898257204543634
0.1749999300000029,1.747630478101173
0.18333326000000305,1.9731301937110037
0.1916665900000032,2.067488517755546
0.19999992000000333,2.0838633970061595
0.20833325000000347,2.07014088580348
0.2166665800000036,2.044676631292487
0.22499991000000374,2.01461799606301
0.23333324000000388,1.9827434818492067
0.24166657000000402,1.9498906846727786
0.24999990000000416,1.9162351545589367
0.2583332300000043,1.8817313753692584
0.26666656000000444,1.8462599225512102
0.2749998900000046,1.8096512734355594
0.2833332200000047,1.7717480513700754
0.29166655000000485,1.732442825324897
0.299999880000005,1.6916870408506888
0.30833321000000513,1.6494947408052343
0.31666654000000527,1.605941171398743
0.3249998700000054,1.5611567790202119
0.33333320000000555,1.5153185178003639
0.3416665300000057,1.4686386974666983
0.3499998600000058,1.421356503904808
0.35833319000000596,1.373727970574379
0.3666665200000061,1.3260056215587905
0.37499985000000624,1.2784251295475693
0.3833331800000064,1.2311863276016388
0.3916665100000065,1.1844465166529994
0.39999984000000666,1.1383217370534988
0.4083331700000068,1.09288794215411
0.41666650000000693,1.0481847691075228
0.4249998300000071,1.0042215972652155
0.4333331600000072,0.9609854858274768
0.44166649000000735,0.9184494114377073
0.4499998200000075,0.8765809148665031
0.4583331500000076,0.8353544505682701
0.46666648000000777,0.7947464964032981
0.4749998100000079,0.7547259166643646
0.48333314000000804,0.7152949530986777
0.4916664700000082,0.6765060627170426
0.4999998000000083,0.6384750000303178
0.5083331300000085,0.6013937958196192
0.5166664600000086,0.5655423392386175
0.5249997900000087,0.531298166322353
0.5333331200000089,0.49914346130849246
0.541666450000009,0.46965883156769883
0.5499997800000092,0.44346941513691635
0.5583331100000093,0.42125662085841536
0.5666664400000094,0.4037741314126101
0.5749997700000096,0.39181673317970545
0.5833331000000097,0.38611991908697396
0.5916664300000098,0.3873840238366378
0.59999976000001,0.3962783089089399
0.6083330900000101,0.4133560143665987
0.6166664200000103,0.4390749274301124
0.6249997500000104,0.4738197683808692
0.6333330800000105,0.5178467893374206
0.6416664100000107,0.5712737552388655
0.6499997400000108,0.6341142529350972
0.658333070000011,0.7062649879377144
0.6666664000000111,0.7874814136105954
0.6749997300000112,0.8773244483210396
0.6833330600000114,0.975032505141924
0.6916663900000115,1.079114366634374
0.6999997200000116,1.186178794802637
0.7083330500000118,1.288398460814194
0.7166663800000119,1.365652375781044
0.7249997100000121,1.3641889883079907
0.7333330400000122,1.2381667857279406
0.7416663700000123,0.9942467893714363
0.7499997000000125,0.6312766888104052
0.7583330300000126,0.18149931931760935
0.7666663600000128,-0.29260311015445395
0.7749996900000129,-0.7622285637897964
0.783333020000013,-1.2151131062191005
0.7916663500000132,-1.6453004965169409
0.7999996800000133,-2.0497977999377284
0.8083330100000135,-2.426414266190654
0.8166663400000136,-2.773206402192516
0.8249996700000137,-3.088606707168817
0.8333330000000139,-3.371512598156175
0.841666330000014,-3.6210191711191992
0.8499996600000141,-3.836371201016966
0.8583329900000143,-4.016948711532983
0.8666663200000144,-4.16225632105993
0.8749996500000146,-4.271913109121332
0.8833329800000147,-4.345642523543196
0.8916663100000148,-4.383266185819974
0.899999640000015,-4.3846990567267525
0.9083329700000151,-4.349947420063523
0.9166663000000153,-4.279111934316325
0.9249996300000154,-4.172390449411391
0.9333329600000155,-4.030082838221003
0.9416662900000157,-3.852597544409177
0.9499996200000158,-3.640459189047192
0.958332950000016,-3.3943197013090978
0.9666662800000161,-3.114968979121744
0.9749996100000162,-2.803345525513969
0.9833329400000164,-2.4605519323119234
0.9916662700000165,-2.0880007017885083
0.9999996000000166,-1.6875558651341944
1.0083329300000168,-1.261352054898684
1.016666260000017,-0.8117448055224686
1.024999590000017,-0.3412664434682831
1.0333329200000172,0.147291328031628
1.0416662500000173,0.6492438908033438
1.0499995800000175,1.1559739941578187
1.0583329100000176,1.6503800745680155
1.0666662400000178,2.094317867281601
1.074999570000018,2.420709777275067
1.083332900000018,2.605223348033204
1.0916662300000182,2.6520662760839486
1.0999995600000183,2.616537112288157
1.1083328900000184,2.545771878920539
1.1166662200000186,2.458426053674216
1.1249995500000187,2.362157519283392
1.1333328800000189,2.260171339150078
1.141666210000019,2.1538831246544654
1.1499995400000191,2.0441772372533857
1.1583328700000193,1.9317765887200695
1.1666662000000194,1.8173827050961215
1.1749995300000196,1.701720166842143
1.1833328600000197,1.5855257697656502
1.1916661900000198,1.4695365943425025
1.19999952000002,1.3544849580978777
1.20833285000002,1.2410889480879166
1.2166661800000202,1.1300195206176933
1.2249995100000204,1.021885112567317
1.2333328400000205,0.9172286323469786
1.2416661700000207,0.8165300422059201
1.2499995000000208,0.7201871422466767
1.258332830000021,0.6285134585417201
1.266666160000021,0.5417405924269858
1.2749994900000212,0.4600220581053944
1.2833328200000214,0.38341752866085665
1.2916661500000215,0.31186846708137234
1.2999994800000216,0.2452386856798743
1.3083328100000218,0.18332423729678268
1.316666140000022,0.12581703084078524
1.324999470000022,0.07226982349713564
1.3333328000000222,0.02217306964413873
1.3416661300000223,-0.025054657940720267
1.3499994600000225,-0.07009217726335974
1.3583327900000226,-0.1135779463354799
1.3666661200000227,-0.1560469330199029
1.3749994500000229,-0.19789066890313414
1.383332780000023,-0.23919729196461093
1.3916661100000232,-0.27966305955181786
1.3999994400000233,-0.318554376150883
1.4083327700000234,-0.3547643071553057
1.4166661000000236,-0.3869089668634539
1.4249994300000237,-0.4133592844017645
1.4333327600000239,-0.43242639841857183
1.441666090000024,-0.44246483994843644
1.4499994200000241,-0.44196095039333905
1.4583327500000243,-0.4295848954024382
1.4666660800000244,-0.4042226404467984
1.4749994100000245,-0.36499386426902114
1.4833327400000247,-0.31125774719279914
1.4916660700000248,-0.2425753239811717
1.499999400000025,-0.15873423685979746
1.508332730000025,-0.05969743739397526
1.5166660600000252,0.05438341774632162
1.5249993900000254,0.18316513043236934
1.5333327200000255,0.3261488528527346
1.5416660500000257,0.48268195199822633
1.5499993800000258,0.6519455414651983
1.558332710000026,0.8329370354929585
1.566666040000026,1.0244278576465462
1.5749993700000262,1.224843666115346
1.5833327000000263,1.4317459244688218
1.5916660300000265,1.640516236529081
1.5999993600000266,1.8406562041132635
1.6083326900000268,2.002525714625902
1.616666020000027,2.056151003925228
1.624999350000027,1.9781410316299493
1.6333326800000272,1.7743657141285152
1.6416660100000273,1.4420932802834359
1.6499993400000275,1.021068588949836
1.6583326700000276,0.5772343132035437
1.6666660000000277,0.13674862220491077
1.6749993300000279,-0.289957759381838
1.683332660000028,-0.6983071418532044
1.6916659900000282,-1.0858898173398184
1.6999993200000283,-1.450529357817288
1.7083326500000284,-1.7902160631027753
1.7166659800000286,-2.103135712779331
1.7249993100000287,-2.3876848016002055
1.7333326400000288,-2.642475879815985
1.741665970000029,-2.866444629407551
1.7499993000000291,-3.0588064885701245
1.7583326300000293,-3.218915574261426
1.7666659600000294,-3.3462526617137955
1.7749992900000295,-3.440418114338584
1.7833326200000297,-3.5011245903532053
1.7916659500000298,-3.5281928967368805
1.79999928000003,-3.521548780252142
1.80833261000003,-3.481222354574835
1.8166659400000302,-3.4073510657116644
1.8249992700000304,-3.3001817990494877
1.8333326000000305,-3.160074935290205
1.8416659300000306,-2.9875094318079363
1.8499992600000308,-2.783088421632763
1.858332590000031,-2.547547603635015
1.866665920000031,-2.2818273379183958
1.8749992500000312,-1.9872293959715839
1.8833325800000313,-1.6653009875489486
1.8916659100000315,-1.3177976373096119
1.8999992400000316,-0.9466650655416694
1.9083325700000318,-0.5540127242478284
1.916665900000032,-0.14249539228825145
1.924999230000032,0.2828861333446994
1.9333325600000322,0.7130738783470693
1.9416658900000323,1.1299348800770417
1.9499992200000325,1.4949397061921592
1.9583325500000326,1.746315772554653
1.9666658800000327,1.8619366989192274
1.9749992100000329,1.8550539604927905
1.983332540000033,1.7832922185830467
1.9916658700000331,1.6847116040447696
1.9999992000000333,1.5752084358874838
2.0083325300000334,1.4615612409382301
2.0166658600000336,1.3466917720432
2.0249991900000337,1.2320751407048316
2.033332520000034,1.118720715780796
2.041665850000034,1.0074887685325131
2.049999180000034,0.8991843741128853
2.0583325100000343,0.7945966357986229
2.0666658400000344,0.6944804476531702
2.0749991700000345,0.5995397643419497
2.0833325000000347,0.5104186926571246
2.091665830000035,0.42770336566673134
2.099999160000035,0.3519103038398936
2.108332490000035,0.2834721042892866
2.1166658200000352,0.22273334724426053
2.1249991500000354,0.16994776783976795
2.1333324800000355,0.12527588389807018
2.1416658100000356,0.08878043622994104
2.149999140000036,0.06041886647740388
2.158332470000036,0.04003054965765598
2.166665800000036,0.02730226708429115
2.174999130000036,0.021682751571033335
2.1833324600000363,0.022382777144547436
2.1916657900000365,0.028305195042595037
2.1999991200000366,0.03792343190140662
2.2083324500000368,0.04926239367691456
2.216665780000037,0.05992658032458303
2.224999110000037,0.06723954624275165
2.233332440000037,0.06853326174052997
2.2416657700000373,0.06163150978638809
2.2499991000000374,0.045441374401282
2.2583324300000376,0.020337937610345577
2.2666657600000377,-0.011797380736727927
2.274999090000038,-0.04798269510189734
2.283332420000038,-0.08468247802727981
2.291665750000038,-0.1182873923191639
2.2999990800000383,-0.14552621717849512
2.3083324100000384,-0.16361722916355192
2.3166657400000386,-0.17033195648357824
2.3249990700000387,-0.1639460728151485
2.333332400000039,-0.14318038199379335
2.341665730000039,-0.10713508048522262
2.349999060000039,-0.055227952387045746
2.3583323900000392,0.012858279230863745
2.3666657200000394,0.097199936569109
2.3749990500000395,0.1974951626139157
2.3833323800000397,0.3131976212003542
2.39166571000004,0.443664908976487
2.39999904000004,0.5881686804826719
2.40833237000004,0.7458968646202982
2.41666570000004,0.915960333049791
2.4249990300000404,1.0973984574493658
2.4333323600000405,1.2891859343018401
2.4416656900000406,1.4902377407715808
2.4499990200000408,1.699274660408416
2.458332350000041,1.9142704449644656
2.466665680000041,2.1318903807730756
2.474999010000041,2.345356011288824
2.4833323400000413,2.5366939008764233
2.4916656700000415,2.6499220746153926
2.4999990000000416,2.624895580523789
2.5083323300000417,2.4637092928133058
2.516665660000042,2.168010347927772
2.524998990000042,1.7451835780602245
2.533332320000042,1.2668376478960517
2.5416656500000423,0.7796759554570887
2.5499989800000424,0.30014018240236595
2.5583323100000426,-0.16476382822752556
2.5666656400000427,-0.6118981822109537
2.574998970000043,-1.0387537245300682
2.583332300000043,-1.4429516272050635
2.591665630000043,-1.8222806062636157
2.5999989600000433,-2.174729333209214
2.6083322900000434,-2.4985048146593494
2.6166656200000435,-2.792076426550311
2.6249989500000437,-3.0543198901104245
2.633332280000044,-3.2843430291500004
2.641665610000044,-3.481398141286282
2.649998940000044,-3.644872269112997
2.6583322700000442,-3.774275987018605
2.6666656000000444,-3.8692357314748147
2.6749989300000445,-3.9294868605283977
2.6833322600000447,-3.9548673626302095
2.691665590000045,-3.9453149301974224
2.699998920000045,-3.900866762477512
2.708332250000045,-3.821662416930814
2.716665580000045,-3.707946954779702
2.7249989100000453,-3.5600747766992638
2.7333322400000455,-3.378516435856415
2.7416655700000456,-3.1638660695633325
2.7499989000000458,-2.916849211637118
2.758332230000046,-2.638370574526557
2.766665560000046,-2.3297283292034496
2.774998890000046,-1.9925186151444736
2.7833322200000463,-1.62855517577678
2.7916655500000465,-1.2400175510606382
2.7999988800000466,-0.8305174772818036
2.8083322100000467,-0.406004036504214
2.816665540000047,0.023028278421422375
2.824998870000047,0.4366762483681792
2.833332200000047,0.7976299630902426
2.8416655300000473,1.053052070214287
2.8499988600000474,1.1835002843453082
2.8583321900000476,1.21738373829635
2.8666655200000477,1.2029552331193722
2.874998850000048,1.1676275089726786
2.883332180000048,1.12365143482184
2.891665510000048,1.0762636921704285
2.8999988400000483,1.027795404587811
2.9083321700000484,0.9795515728955462
2.9166655000000485,0.9325506018518198
2.9249988300000487,0.8877189650758613
2.933332160000049,0.8458896768580669
2.941665490000049,0.8078473548319602
2.949998820000049,0.7743278857498771
2.9583321500000492,0.7459906718877027
2.9666654800000494,0.7233634767067503
2.9749988100000495,0.70687120446449
2.9833321400000496,0.6968456274881534
2.99166547000005,0.6935183338548521
2.99999880000005,0.6970141469974603
3.00833213000005,0.7073431404646211
3.01666546000005,0.7243885509176311
3.0249987900000503,0.7478887471539377
3.0333321200000505,0.7774101482684342
3.0416654500000506,0.8123022408595494
3.0499987800000508,0.851560256168974
3.058332110000051,0.8937452618874109
3.066665440000051,0.9368002922413095
3.074998770000051,0.9778755668920931
3.0833321000000513,1.013125329353056
3.0916654300000515,1.0377077963295327
3.0999987600000516,1.0462605464763588
3.1083320900000517,1.0338833645184948
3.116665420000052,0.9976579204122017
3.124998750000052,0.9379012395290649
3.133332080000052,0.8582426469568889
3.1416654100000523,0.76447142551534
3.1499987400000524,0.6630548965768933
3.1583320700000526,0.5599243607189137
3.1666654000000527,0.460010338111633
3.174998730000053,0.36717165241372046
3.183332060000053,0.28434524501407776
3.191665390000053,0.21373885212609162
3.1999987200000533,0.15699670046775446
3.2083320500000534,0.11533484811317882
3.2166653800000535,0.08944426950126577
3.2249987100000537,0.07950962269781277
3.233332040000054,0.08559383183653617
3.241665370000054,0.10766844759385695
3.249998700000054,0.14561193884873877
3.2583320300000542,0.19921082410952864
3.2666653600000544,0.26816305864051526
3.2749986900000545,0.352078299210777
3.2833320200000546,0.4504784976724062
3.291665350000055,0.5628047477278796
3.299998680000055,0.6884199412864946
3.308332010000055,0.8266112550284537
3.316665340000055,0.9765963262182937
3.3249986700000553,1.1375268319381107
3.3333320000000555,1.308462253936496
3.3416653300000556,1.4877355587313597
3.3499986600000558,1.6721206325046423
3.358331990000056,1.8547969939110374
3.366665320000056,2.0174629931347714
3.374998650000056,2.1047076859784957
3.3833319800000563,2.0598396383206237
3.3916653100000564,1.8882163397762892
3.3999986400000566,1.5921620327200954
3.4083319700000567,1.172779395789949
3.416665300000057,0.6933277068961701
3.424998630000057,0.20454942145137164
3.433331960000057,-0.27517259719921455
3.4416652900000573,-0.7378967283250503
3.4499986200000574,-1.1799010334536055
3.4583319500000576,-1.5987112640378756
3.4666652800000577,-1.992044496893846
3.474998610000058,-2.3578331747999566
3.483331940000058,-2.694245752903626
3.491665270000058,-2.9997583148245908
3.4999986000000582,-3.2732668771290085
3.5083319300000584,-3.5138725071087396
3.5166652600000585,-3.7208231293056215
3.5249985900000587,-3.8935026015207783
3.533331920000059,-4.031418300361199
3.541665250000059,-4.134192421905212
3.549998580000059,-4.201554108173311
3.558331910000059,-4.233332323005854
3.5666652400000594,-4.229452262039771
3.5749985700000595,-4.189934309961192
3.5833319000000596,-4.114896862898289
3.5916652300000598,-4.004559603051785
3.59999856000006,-3.859247458988514
3.60833189000006,-3.679397670999862
3.61666522000006,-3.465567725635705
3.6249985500000603,-3.2184439163422978
3.6333318800000605,-2.938853157083857
3.6416652100000606,-2.6278426213896457
3.6499985400000607,-2.2868709773866405
3.658331870000061,-1.9176717455933385
3.666665200000061,-1.5221980825413874
3.674998530000061,-1.102688449299126
3.6833318600000613,-0.6625482301074006
3.6916651900000614,-0.2070763871000297
3.6999985200000616,0.25512950394920975
3.7083318500000617,0.708770552972744
3.716665180000062,1.125785705844692
3.724998510000062,1.4600973841785425
3.733331840000062,1.669670099458953
3.7416651700000623,1.7691144160098866
3.7499985000000624,1.8052491557558563
3.7583318300000625,1.8104527667780983
3.7666651600000627,1.800429139379859
3.774998490000063,1.7820323447789121
3.783331820000063,1.7584970846572667
3.791665150000063,1.7317235485147666
3.7999984800000632,1.7030750641810644
3.8083318100000634,1.673696737559231
3.8166651400000635,1.6445538106286446
3.8249984700000637,1.6164668156110986
3.833331800000064,1.5901639007676258
3.841665130000064,1.566226323534167
3.849998460000064,1.5450920937457358
3.858331790000064,1.5270939298278643
3.8666651200000643,1.5124556854368953
3.8749984500000645,1.5012899609769177
3.8833317800000646,1.4935962697614698
3.8916651100000648,1.4892556846468676
3.899998440000065,1.4880230992742465
3.908331770000065,1.4894900899213042
3.916665100000065,1.4929925684666077
3.9249984300000653,1.4976008068647648
3.9333317600000655,1.5019272842029396
3.9416650900000656,1.5039349383612823
3.9499984200000657,1.5006337407682813
3.958331750000066,1.487760450329448
3.966665080000066,1.4595850854016514
3.974998410000066,1.4092590306244412
3.9833317400000663,1.33025806963111
3.9916650700000664,1.2187262264201955
3.9999984000000666,1.0755481319465428
4.008331730000067,0.9064583888014633
4.016665060000067,0.7198612951709864
4.024998390000067,0.5244471397934416
4.033331720000067,0.3277684112437412
4.041665050000067,0.13582122800784374
4.049998380000067,-0.04682278478353468
4.0583317100000675,-0.21672044932705775
4.066665040000068,-0.37126117667734976
4.074998370000068,-0.5084478252585403
4.083331700000068,-0.626769165982534
4.091665030000068,-0.7253337942499195
4.099998360000068,-0.8035852611726233
4.108331690000068,-0.861080460828485
4.1166650200000685,-0.8974926544608066
4.124998350000069,-0.9126111938226003
4.133331680000069,-0.9063437911336293
4.141665010000069,-0.8787185133815947
4.149998340000069,-0.8298844161087149
4.158331670000069,-0.7601116293127357
4.166665000000069,-0.6697891296553635
4.1749983300000695,-0.5594227224145956
4.18333166000007,-0.4296341144382275
4.19166499000007,-0.2811558604790026
4.19999832000007,-0.11482684517439179
4.20833165000007,0.06841172741657049
4.21666498000007,0.26750977602751175
4.22499831000007,0.4808275665063313
4.2333316400000705,0.70537488353045
4.241664970000071,0.9354220193615604
4.249998300000071,1.1569573869508694
4.258331630000071,1.3294376020654173
4.266664960000071,1.3858213573394036
4.274998290000071,1.3252130433490679
4.283331620000071,1.1535338423874655
4.291664950000071,0.8648169599904859
4.299998280000072,0.4805672876276264
4.308331610000072,0.06907923942370787
4.316664940000072,-0.3393193506130302
4.324998270000072,-0.7329250288679909
4.333331600000072,-1.1064522041617155
4.341664930000072,-1.457421323513117
4.349998260000072,-1.783879381643129
4.3583315900000725,-2.0840536407137624
4.366664920000073,-2.3563704359961224
4.374998250000073,-2.59946135863658
4.383331580000073,-2.81217106599503
4.391664910000073,-2.9936581411529866
4.399998240000073,-3.1433012544260297
4.408331570000073,-3.2606044990564844
4.4166649000000735,-3.345190440104622
4.424998230000074,-3.396794760950274
4.433331560000074,-3.4152613673351824
4.441664890000074,-3.4005404300696815
4.449998220000074,-3.352688941296876
4.458331550000074,-3.271873279514233
4.466664880000074,-3.1583718618207643
4.4749982100000745,-3.012578360849698
4.483331540000075,-2.8350074608462656
4.491664870000075,-2.6263018852979094
4.499998200000075,-2.3873221861022382
4.508331530000075,-2.1192411367450643
4.516664860000075,-1.8234411367785874
4.524998190000075,-1.501499304699686
4.533331520000075,-1.155180652410848
4.541664850000076,-0.7864191552202717
4.549998180000076,-0.39729127130051933
4.558331510000076,0.009613225367223418
4.566664840000076,0.429837669280724
4.574998170000076,0.8562494491395402
4.583331500000076,1.276486362921339
4.591664830000076,1.6675852408094496
4.5999981600000766,1.988991177569529
4.608331490000077,2.1902487210069985
4.616664820000077,2.2677980109840337
4.624998150000077,2.2684785949344506
4.633331480000077,2.2302886957373396
4.641664810000077,2.173167233476872
4.649998140000077,2.106154571788764
4.6583314700000775,2.033383228989739
4.666664800000078,1.9570913620326054
4.674998130000078,1.8788147441651208
4.683331460000078,1.7997429189318022
4.691664790000078,1.7209247620368748
4.699998120000078,1.6433027145640144
4.708331450000078,1.5676722986467742
4.7166647800000785,1.4947037803374024
4.724998110000079,1.4249673279323525
4.733331440000079,1.358935937348228
4.741664770000079,1.2969749493061624
4.749998100000079,1.2393399868306156
4.758331430000079,1.18618032414076
4.766664760000079,1.1375368418236333
4.7749980900000795,1.0932982237921363
4.78333142000008,1.0532143478192018
4.79166475000008,1.016908694176191
4.79999808000008,0.9837848983683324
4.80833141000008,0.952931905581163
4.81666474000008,0.9229781666883776
4.82499807000008,0.8918067882935963
4.83333140000008,0.8561585528813863
4.841664730000081,0.8111640759718642
4.849998060000081,0.7501206228284752
4.858331390000081,0.6651094826158449
4.866664720000081,0.548989809005119
4.874998050000081,0.3986696477900634
4.883331380000081,0.2172354558325913
4.891664710000081,0.012936035598054386
4.8999980400000815,-0.20386626359031398
4.908331370000082,-0.423454621183043
4.916664700000082,-0.6379397953000855
4.924998030000082,-0.8413693233292858
4.933331360000082,-1.0293784575558134
4.941664690000082,-1.198778097406525
4.949998020000082,-1.3472192795543654
4.9583313500000825,-1.4729524956036508
4.966664680000083,-1.5747525887047509
4.974998010000083,-1.6519605754899436
4.983331340000083,-1.7041261413383337
4.991664670000083,-1.7309328217123199
4.999998000000083,-1.7322002814687092
5.008331330000083,-1.7078852129871847
5.0166646600000835,-1.6580838417615518
5.024997990000084,-1.5830331033615066
5.033331320000084,-1.4831110397163059
5.041664650000084,-1.3588370305452773
5.049997980000084,-1.2108710776680263
5.058331310000084,-1.0400128414648822
5.066664640000084,-0.8471985754211677
5.0749979700000845,-0.6334959944108877
5.083331300000085,-0.4000993856143695
5.091664630000085,-0.1483214091095673
5.099997960000085,0.12041633900735257
5.108331290000085,0.4045160267598367
5.116664620000085,0.7008393940565363
5.124997950000085,1.0021724350652723
5.133331280000085,1.2902202973130776
5.141664610000086,1.5119128533459596
5.149997940000086,1.6097790265980567
5.158331270000086,1.5890299343304422
5.166664600000086,1.4507156407009
5.174997930000086,1.1885133972411934
5.183331260000086,0.8542590512846527
5.191664590000086,0.505779445836677
5.1999979200000865,0.16350132636656606
5.208331250000087,-0.1645800204649088
5.216664580000087,-0.4753498335104707
5.224997910000087,-0.7670329164084417
5.233331240000087,-1.0379871215782062
5.241664570000087,-1.2867027583155035
5.249997900000087,-1.51181244119129
5.2583312300000875,-1.7120962133481603
5.266664560000088,-1.8864874687183695
5.274997890000088,-2.0340758046135625
5.283331220000088,-2.154105533349975
5.291664550000088,-2.2459744971413915
5.299997880000088,-2.309231620972561
5.308331210000088,-2.343572584341849
5.3166645400000885,-2.3488390355872397
5.324997870000089,-2.325016777859587
5.333331200000089,-2.2722373122000605
5.341664530000089,-2.1907811343477293
5.349997860000089,-2.0810787835145224
5.358331190000089,-1.9437149104865004
5.366664520000089,-1.7794310150710628
5.3749978500000894,-1.5891268608940414
5.38333118000009,-1.3738614332741566
5.39166451000009,-1.1348491077869343
5.39999784000009,-0.873450869213406
5.40833117000009,-0.5911638424109884
5.41666450000009,-0.2896240243802702
5.42499783000009,0.02866473545109309
5.43333116000009,0.35930255794435256
5.441664490000091,0.6952422923087987
5.449997820000091,1.0243556871093364
5.458331150000091,1.3251538193640102
5.466664480000091,1.5631190912877326
5.474997810000091,1.7013482621499683
5.483331140000091,1.7362844313324657
5.491664470000091,1.7007439647389244
5.4999978000000915,1.627562883433392
5.508331130000092,1.5363201032562885
5.516664460000092,1.4368265766571706
5.524997790000092,1.333846677654373
5.533331120000092,1.2299879994733989
5.541664450000092,1.126971813130259
5.549997780000092,1.0261467561468904
5.5583311100000925,0.9286859978016256
5.566664440000093,0.8355969034404177
5.574997770000093,0.7477747707210404
5.583331100000093,0.6660095598645948
5.591664430000093,0.5909791244749516
5.599997760000093,0.5232489370494734
5.608331090000093,0.4632783653142507
5.6166644200000935,0.41141363940849046
5.624997750000094,0.3678919327010209
5.633331080000094,0.33284978662812575
5.641664410000094,0.30633082592107086
5.649997740000094,0.28829205019756043
5.658331070000094,0.27860603692659336
5.666664400000094,0.2770531048738172
5.674997730000094,0.28327339635911425
5.683331060000095,0.29666415431600845
5.691664390000095,0.31629063168256993
5.699997720000095,0.3405599844599638
5.708331050000095,0.36670758646511564
5.716664380000095,0.3899332363873017
5.724997710000095,0.402343586029018
5.733331040000095,0.3922975672014875
5.7416643700000956,0.3459338035652461
5.749997700000096,0.25255615018997835
5.758331030000096,0.11191937781688942
5.766664360000096,-0.0649444196309199
5.774997690000096,-0.2623364860865999
5.783331020000096,-0.46596653588813924
5.791664350000096,-0.6651971189216864
5.7999976800000965,-0.8527864600919836
5.808331010000097,-1.0239268450358219
5.816664340000097,-1.1753925339338547
5.824997670000097,-1.3049817906030787
5.833331000000097,-1.4114538309985918
5.841664330000097,-1.4941554352702526
5.849997660000097,-1.5525805331761175
5.8583309900000975,-1.5863592277056122
5.866664320000098,-1.5952613544439131
5.874997650000098,-1.5791975357188668
5.883330980000098,-1.5382211336777298
5.891664310000098,-1.4725294361806314
5.899997640000098,-1.3824631647197765
5.908330970000098,-1.2685058168471384
5.9166643000000985,-1.1312826481274754
5.924997630000099,-0.9715572293295492
5.933330960000099,-0.7902286170646048
5.941664290000099,-0.5883251281431002
5.949997620000099,-0.36699585786951067
5.958330950000099,-0.12750272809425478
5.966664280000099,0.12879065116031074
5.974997610000099,0.4004300335543764
5.9833309400001,0.6858762971649148
5.9916642700001,0.9832271996181178
5.9999976000001,1.2874260706211595
6.0083309300001,1.5857689628985625
6.0166642600001,1.842231325915624
6.0249975900001,1.983491006453271
6.0333309200001,1.9948669925271403
6.0416642500001005,1.8797147293100023
6.049997580000101,1.6338348040610695
6.058330910000101,1.3031599466664918
6.066664240000101,0.9515014205956691
6.074997570000101,0.6021659641730956
6.083330900000101,0.26412822792444346
6.091664230000101,-0.059081825647381236
6.0999975600001015,-0.3656158819853878
6.108330890000102,-0.6537567188390492
6.116664220000102,-0.9218946192450141
6.124997550000102,-1.1685392037763556
6.133330880000102,-1.3923291707513807
6.141664210000102,-1.5920439892742837
6.149997540000102,-1.7666120411478536
6.1583308700001025,-1.915113385349128
6.166664200000103,-2.0367820228749105
6.174997530000103,-2.1310054541895473
6.183330860000103,-2.1973220641043665
6.191664190000103,-2.235418963688907
6.199997520000103,-2.245130468095776
6.208330850000103,-2.226437401530526
6.2166641800001035,-2.1794688245375595
6.224997510000104,-2.10450326751001
6.233330840000104,-2.001971299612271
6.241664170000104,-1.8724571437806123
6.249997500000104,-1.7166991455101144
6.258330830000104,-1.5355896540604548
6.266664160000104,-1.3301706804483038
6.274997490000104,-1.1016254772491514
6.283330820000105,-0.8515847283022834
6.291664150000105,-0.5829123650279705
6.299997480000105,-0.2999084630680117
6.308330810000105,-0.009259908877910068
6.316664140000105,0.27816390810393044
6.324997470000105,0.544911697616319
6.333330800000105,0.7659473047559514
6.3416641300001055,0.9153572825369746
6.349997460000106,0.984602911712637
6.358330790000106,0.990126691920847
6.366664120000106,0.9561143490433037
6.374997450000106,0.9008741309615989
6.383330780000106,0.8351392882338895
6.391664110000106,0.764711455479601
6.3999974400001065,0.6928470343886864
6.408330770000107,0.6216993601811364
6.416664100000107,0.5529161488596727
6.424997430000107,0.4879392692205247
6.433330760000107,0.4280296059813646
6.441664090000107,0.37434383534520804
6.449997420000107,0.3279453690298376
6.4583307500001075,0.2897251955790866
6.466664080000108,0.2604652621084952
6.474997410000108,0.24082945907915856
6.483330740000108,0.23131396630180165
6.491664070000108,0.2322896521090746
6.499997400000108,0.244013727176564
6.508330730000108,0.2666242926298741
6.5166640600001084,0.30013700957351225
6.524997390000109,0.3444411140896511
6.533330720000109,0.39929368411715555
6.541664050000109,0.4642981716830646
6.549997380000109,0.5388624628508725
6.558330710000109,0.6221187718285973
6.566664040000109,0.7127391678513948
6.574997370000109,0.8084916181238774
6.58333070000011,0.9054021837637536
6.59166403000011,0.9962399903473163
6.59999736000011,1.0682000942787566
6.60833069000011,1.1009020383579375
6.61666402000011,1.0697766859607583
6.62499735000011,0.9614960330528376
6.63333068000011,0.7879142613144424
6.6416640100001105,0.5746199067068612
6.649997340000111,0.34443190858935757
6.658330670000111,0.11261633784446534
6.666664000000111,-0.11154022959198505
6.674997330000111,-0.32239530884260853
6.683330660000111,-0.516363162869946
6.691663990000111,-0.6914365227410098
6.6999973200001115,-0.8465658841318183
6.708330650000112,-0.9808591064474459
6.716663980000112,-1.0935452384727384
6.724997310000112,-1.1839807707628522
6.733330640000112,-1.2516523595083835
6.741663970000112,-1.2961796480703591
6.749997300000112,-1.317315274095383
6.7583306300001125,-1.3149444197151785
6.766663960000113,-1.2890851835305825
6.774997290000113,-1.2398885916737896
6.783330620000113,-1.1676375027578492
6.791663950000113,-1.072744880424512
6.799997280000113,-0.9557520943141335
6.808330610000113,-0.8173260022330828
6.816663940000113,-0.6582553959167926
6.824997270000114,-0.4794455776332283
6.833330600000114,-0.28191371124653214
6.841663930000114,-0.06678237654243631
6.849997260000114,0.16472651942763902
6.858330590000114,0.4112942485126736
6.866663920000114,0.6712507436162389
6.874997250000114,0.9400050939868415
6.8833305800001146,1.2062253246946506
6.891663910000115,1.4394327215656424
6.899997240000115,1.5700055511254807
6.908330570000115,1.5740770358443554
6.916663900000115,1.4567204712717752
6.924997230000115,1.2133392974534505
6.933330560000115,0.885693757170022
6.9416638900001155,0.5364875984841543
6.949997220000116,0.19013347125370952
6.958330550000116,-0.1437032572543029
6.966663880000116,-0.460739391563965
6.974997210000116,-0.7590058244765109
6.983330540000116,-1.0368341041043994
6.991663870000116,-1.2926861976307982
6.9999972000001165,-1.5251661077700187
7.008330530000117,-1.733026038410564
7.016663860000117,-1.915172891490853
7.024997190000117,-2.070671239548105
7.033330520000117,-2.1987417692385
7.041663850000117,-2.2987601089977763
7.049997180000117,-2.3702544679854816
7.0583305100001175,-2.4129012069184452
7.066663840000118,-2.4265236625046303
7.074997170000118,-2.411090506880518
7.083330500000118,-2.3667169117762006
7.091663830000118,-2.293666234230534
7.099997160000118,-2.1923515844859582
7.108330490000118,-2.063337963373825
7.116663820000118,-1.9073433653509972
7.124997150000119,-1.7252377217829213
7.133330480000119,-1.5180410080447941
7.141663810000119,-1.2869445538118112
7.149997140000119,-1.033765275009838
7.158330470000119,-0.7612477238006413
7.166663800000119,-0.4732371475094871
7.174997130000119,-0.17536446964350205
7.1833304600001195,0.12380720202919239
7.19166379000012,0.41117078487299785
7.19999712000012,0.6678699356584836
7.20833045000012,0.8715484645288075
7.21666378000012,1.006181640562049
7.22499711000012,1.0738166525040187
7.23333044000012,1.091350854026978
7.2416637700001205,1.0773486989392076
7.249997100000121,1.0454802377834786
7.258330430000121,1.0043067095044238
7.266663760000121,0.9591359354019737
7.274997090000121,0.9134486778845295
7.283330420000121,0.8697264867009856
7.291663750000121,0.8298858116882337
7.2999970800001215,0.795455671099157
7.308330410000122,0.7676824913787117
7.316663740000122,0.7475533487161082
7.324997070000122,0.7358634724251886
7.333330400000122,0.7331900047541787
7.341663730000122,0.7399661775701881
7.349997060000122,0.7564725813239587
7.3583303900001225,0.7828135174210592
7.366663720000123,0.8189569766743345
7.374997050000123,0.8647421327150421
7.383330380000123,0.9198787612882604
7.391663710000123,0.9839471315522909
7.399997040000123,1.0563931726783147
7.408330370000123,1.1364802988161986
7.416663700000123,1.2232753951494766
7.424997030000124,1.3155967898644338
7.433330360000124,1.4117586289061674
7.441663690000124,1.509158933318199
7.449997020000124,1.6032873450226455
7.458330350000124,1.6856633835841668
7.466663680000124,1.7403233231496578
7.474997010000124,1.739938993148804
7.4833303400001245,1.6515200123819564
7.491663670000125,1.4642078059809913
7.499997000000125,1.2038274929038617
7.508330330000125,0.9051601977671249
7.516663660000125,0.5928257193484157
7.524996990000125,0.2813046525071856
7.533330320000125,-0.021025179071087224
7.5416636500001255,-0.30902676832173115
7.549996980000126,-0.5794858954186529
7.558330310000126,-0.830661441718305
7.566663640000126,-1.0611435619542866
7.574996970000126,-1.2696426887443335
7.583330300000126,-1.4549987833910187
7.591663630000126,-1.6161907039806453
7.5999969600001265,-1.7523417067390026
7.608330290000127,-1.862720625397193
7.616663620000127,-1.946743046482112
7.624996950000127,-2.003970485577687
7.633330280000127,-2.0341085904738927
7.641663610000127,-2.0370058381598923
7.649996940000127,-2.01265310778828
7.6583302700001274,-1.9611849687110996
7.666663600000128,-1.882880745117761
7.674996930000128,-1.7781654206315927
7.683330260000128,-1.6476110740980214
7.691663590000128,-1.4919377045020876
7.699996920000128,-1.3120127072672974
7.708330250000128,-1.1088509172450842
7.716663580000128,-0.8836117385927026
7.724996910000129,-0.6375938737452334
7.733330240000129,-0.37222854982991394
7.741663570000129,-0.08965603474483355
7.749996900000129,0.2049579113430468
7.758330230000129,0.5000807340227134
7.766663560000129,0.7666388305922652
7.774996890000129,0.9397964705313184
7.7833302200001295,0.9938725831739199
7.79166355000013,0.9342750668429313
7.79999688000013,0.7549533540334086
7.80833021000013,0.4947392319419457
7.81666354000013,0.2129143541848215
7.82499687000013,-0.06609618018052425
7.83333020000013,-0.3324573585853009
7.8416635300001305,-0.5816053290024844
7.849996860000131,-0.811525464021571
7.858330190000131,-1.020923153075258
7.866663520000131,-1.20863414044423
7.874996850000131,-1.3736259113167222
7.883330180000131,-1.5150000905142733
7.891663510000131,-1.6319958903317533
7.8999968400001315,-1.7239920750065052
7.908330170000132,-1.7905066472081148
7.916663500000132,-1.8311972906952625
7.924996830000132,-1.8458610394128303
7.933330160000132,-1.8344336376395098
7.941663490000132,-1.7969907409393262
7.949996820000132,-1.7337489496350258
7.958330150000132,-1.6450661740124297
7.966663480000133,-1.5314418470986222
7.974996810000133,-1.39351574160405
7.983330140000133,-1.232067159805025
7.991663470000133,-1.0480113697330784
7.999996800000133,-0.8423936243023707
8.008330130000132,-0.6163829295207308
8.016663460000133,-0.37150133154234644
8.024996790000134,-0.11032068482479343
8.033330120000134,0.16348228639874304
8.041663450000133,0.4445474778552987
8.049996780000134,0.7246694416214399
8.058330110000135,0.9910693799844316
8.066663440000134,1.224851937349878
8.074996770000133,1.4030433914071818
8.083330100000135,1.5092288017305144
8.091663430000136,1.5467081036915538
8.099996760000135,1.5344401387060023
8.108330090000134,1.4925175411845322
8.116663420000135,1.4353021059975164
8.124996750000136,1.3716392463389095
8.133330080000135,1.3067644806980954
8.141663410000135,1.2438817483391247
8.149996740000136,1.1850743462329862
8.158330070000137,1.1317930143719828
8.166663400000136,1.0850819043813886
8.174996730000135,1.0457460759498762
8.183330060000136,1.014398513358227
8.191663390000137,0.9914651759710014
8.199996720000136,0.9772376305711001
8.208330050000136,0.9718790739983396
8.216663380000137,0.9754252075289418
8.224996710000138,0.9877854083119962
8.233330040000137,1.008744590338586
8.241663370000136,1.0379655634034777
8.249996700000137,1.0749626178932046
8.258330030000138,1.1190793990779795
8.266663360000138,1.169532469820785
8.274996690000137,1.2253389563170891
8.283330020000138,1.2852750829954902
8.291663350000139,1.3477662787558602
8.299996680000138,1.4106478440330232
8.308330010000137,1.470612189837796
8.316663340000138,1.5219266456595322
8.32499667000014,1.5538224635490496
8.333330000000139,1.5466111285119568
8.341663330000138,1.4699475918363198
8.349996660000139,1.2972146416358747
8.35832999000014,1.0339971696742145
8.36666332000014,0.7130392064700107
8.374996650000138,0.36565243039512463
8.38332998000014,0.012284127786329388
8.39166331000014,-0.33499436480503525
8.39999664000014,-0.668951915086162
8.408329970000139,-0.9849559378621888
8.41666330000014,-1.279917698220144
8.424996630000141,-1.551984990132007
8.43332996000014,-1.799670661631494
8.44166329000014,-2.021637045279866
8.44999662000014,-2.2167066784675344
8.458329950000142,-2.38386559001026
8.466663280000141,-2.5222646916847844
8.47499661000014,-2.631217332254375
8.483329940000141,-2.710193726781445
8.491663270000142,-2.758816403015792
8.499996600000141,-2.7768565482829732
8.50832993000014,-2.7642297031476275
8.516663260000142,-2.7209964681879564
8.524996590000143,-2.6473641632022424
8.533329920000142,-2.5436894949883317
8.541663250000141,-2.410482473855905
8.549996580000142,-2.248410060850249
8.558329910000143,-2.0583017320784367
8.566663240000143,-1.8411531399230106
8.574996570000142,-1.598127193250701
8.583329900000143,-1.3305544996348573
8.591663230000144,-1.0399278062985509
8.599996560000143,-0.7278910079143843
8.608329890000142,-0.3962954136877185
8.616663220000143,-0.0484343067350122
8.624996550000144,0.3090698963122133
8.633329880000144,0.6620783406303759
8.641663210000143,0.9760734638486189
8.649996540000144,1.185157053211058
8.658329870000145,1.2701894784304513
8.666663200000144,1.2311382214999966
8.674996530000143,1.0761771202679258
8.683329860000145,0.8702914156193982
8.691663190000146,0.653647435858505
8.699996520000145,0.44177277149635125
8.708329850000144,0.2413400205118451
8.716663180000145,0.05534636590453503
8.724996510000146,-0.11501393117898485
8.733329840000145,-0.26878414154864827
8.741663170000145,-0.40510323205776083
8.749996500000146,-0.5232104997843668
8.758329830000147,-0.6224476806441849
8.766663160000146,-0.7022635795452814
8.774996490000145,-0.7622167164794101
8.783329820000146,-0.8019783406295282
8.791663150000147,-0.821332165019831
8.799996480000146,-0.8201769179359549
8.808329810000146,-0.7985273743197236
8.816663140000147,-0.7565156989889076
8.824996470000148,-0.6943901488613763
8.833329800000147,-0.6125141081664993
8.841663130000146,-0.5113663429469438
8.849996460000147,-0.39153547599314953
8.858329790000148,-0.2537184260110341
8.866663120000148,-0.09871446045997505
8.874996450000147,0.07249219478308132
8.883329780000148,0.25793619451446775
8.891663110000149,0.4544616194848332
8.899996440000148,0.6574271922635899
8.908329770000147,0.8597563670578885
8.916663100000148,1.05057966661282
8.92499643000015,1.2141577296751846
8.933329760000149,1.3315735844398806
8.941663090000148,1.3883227109887557
8.949996420000149,1.3845603674972367
8.95832975000015,1.3345052553781938
8.96666308000015,1.2558014715183352
8.974996410000148,1.1625365316664626
8.98332974000015,1.0640162523219838
8.99166307000015,0.9660063067203403
8.99999640000015,0.8720425108330508
9.008329730000149,0.7843833207720925
9.01666306000015,0.7045568902167507
9.024996390000151,0.6336219087597638
9.03332972000015,0.5723702431189633
9.04166305000015,0.5214059823568484
9.04999638000015,0.48116854084091254
9.058329710000152,0.4519490251482314
9.06666304000015,0.43389920981351
9.07499637000015,0.42703562103863485
9.083329700000151,0.43124176189894975
9.091663030000152,0.4462691336264586
9.099996360000151,0.47173809993209653
9.10832969000015,0.5071375381216503
9.116663020000152,0.5517782704440775
9.124996350000153,0.6047750281136509
9.133329680000152,0.6650756477012308
9.141663010000151,0.7313637987596778
9.149996340000152,0.802027845372105
9.158329670000153,0.8749791411060087
9.166663000000153,0.9473504655914852
9.174996330000152,1.0146944426434323
9.183329660000153,1.0693349515445396
9.191662990000154,1.0973592115363722
9.199996320000153,1.0755955584358172
9.208329650000152,0.9752251113978917
9.216662980000153,0.7830947954161439
9.224996310000154,0.5176871784616894
9.233329640000154,0.2108595832245978
9.241662970000153,-0.11185842312629674
9.249996300000154,-0.4342455793370363
9.258329630000155,-0.746557167636531
9.266662960000154,-1.0427893761763665
9.274996290000153,-1.3190132739197948
9.283329620000154,-1.5725695418398915
9.291662950000156,-1.801861855283397
9.299996280000155,-2.005641714848701
9.308329610000154,-2.1828110023573903
9.316662940000155,-2.332428654235156
9.324996270000156,-2.453712740990453
9.333329600000155,-2.5460378382529205
9.341662930000155,-2.608932672606202
9.349996260000156,-2.642076288846613
9.358329590000157,-2.6452949820502565
9.366662920000156,-2.618560389530288
9.374996250000155,-2.5619906418402794
9.383329580000156,-2.475851916406792
9.391662910000157,-2.3605613732796824
9.399996240000156,-2.2166895850492594
9.408329570000156,-2.044965007190175
9.416662900000157,-1.8462770869746328
9.424996230000158,-1.6216774125841233
9.433329560000157,-1.372380522666002
9.441662890000156,-1.0997594435132643
9.449996220000157,-0.80533663080274
9.458329550000158,-0.4907742401543889
9.466662880000158,-0.1578585756012442
9.474996210000157,0.19150877727955365
9.483329540000158,0.5544924055361948
9.491662870000159,0.9251491598040479
9.499996200000158,1.2912531262228606
9.508329530000157,1.6235491982795092
9.516662860000158,1.8567598693447158
9.52499619000016,1.9549757030189368
9.533329520000159,1.9176653508954864
9.541662850000158,1.7599509616188789
9.549996180000159,1.5500847111733995
9.55832951000016,1.3266657209341886
9.56666284000016,1.1046891910269026
9.574996170000158,0.8906939605021099
9.58332950000016,0.6874992788006401
9.59166283000016,0.4963160730072674
9.59999616000016,0.31820633705404067
9.608329490000159,0.1541607668937648
9.61666282000016,0.0050927799641756755
9.624996150000161,-0.12816747638263506
9.63332948000016,-0.2448759788171574
9.64166281000016,-0.3443813835701575
9.64999614000016,-0.42612981698924857
9.658329470000162,-0.4896680981681098
9.66666280000016,-0.5346466387843993
9.67499613000016,-0.5608244075193246
9.683329460000161,-0.5680696517710297
9.691662790000162,-0.5563610685551307
9.699996120000161,-0.5257890348930472
9.70832945000016,-0.4765564393425339
9.716662780000162,-0.4089747401421588
9.724996110000163,-0.3234942220077309
9.733329440000162,-0.22125624425198792
9.741662770000161,-0.10435882900346212
9.749996100000162,0.024138536374929968
9.758329430000163,0.15971655185129685
9.766662760000163,0.2956752464375084
9.774996090000162,0.4223878187186363
9.783329420000163,0.5272671546303301
9.791662750000164,0.5969274420931371
9.799996080000163,0.622446447543068
9.808329410000162,0.6044712347945171
9.816662740000163,0.5524980848459419
9.824996070000164,0.4791695830277932
9.833329400000164,0.3956198616406947
9.841662730000163,0.30996892934259035
9.849996060000164,0.22764141551165792
9.858329390000165,0.15214792134236527
9.866662720000164,0.08576756819182188
9.874996050000163,0.03001904497085149
9.883329380000164,-0.014066437399454186
9.891662710000166,-0.045761378011425866
9.899996040000165,-0.06460444970536951
9.908329370000164,-0.07032011963433696
9.916662700000165,-0.06278720949916208
9.924996030000166,-0.042031749321000005
9.933329360000165,-0.008225076427110702
9.941662690000165,0.03831517208232092
9.949996020000166,0.09712250813736958
9.958329350000167,0.16755187534914362
9.966662680000166,0.24875227809783013
9.974996010000165,0.339708291800518
9.983329340000166,0.43919434387028294
9.991662670000167,0.5457190755051736
9.999996000000166,0.6575507188395885
10.008329330000166,0.7726335429923206
10.016662660000167,0.8885060661746579
10.024995990000168,1.0021268998205077
10.033329320000167,1.1093491444673675
10.041662650000166,1.2038615200808298
10.049995980000167,1.2749780864808065
10.058329310000168,1.3048651287028126
10.066662640000168,1.2687256139414442
10.074995970000167,1.1473900215011519
10.083329300000168,0.9464232224498894
10.091662630000169,0.6921018903858458
10.099995960000168,0.41115434888571617
10.108329290000167,0.12239107145977714
10.116662620000168,-0.16247115200313528
10.12499595000017,-0.43620092393326837
10.133329280000169,-0.6941425546458703
10.141662610000168,-0.9331413956614001
10.149995940000169,-1.1513228018128472
10.15832927000017,-1.3474518321216078
10.16666260000017,-1.520430505475083
10.174995930000168,-1.669294733629503
10.18332926000017,-1.7932192327972922
10.19166259000017,-1.8915218611351263
10.19999592000017,-1.963665253985884
10.208329250000169,-2.0092561103779794
10.21666258000017,-2.0280447163343855
10.224995910000171,-2.0199244073098224
10.23332924000017,-1.9849316446612075
10.24166257000017,-1.9232475070665136
10.24999590000017,-1.8351982227647639
10.258329230000172,-1.7212557437574671
10.26666256000017,-1.582038431571027
10.27499589000017,-1.4183101911376133
10.283329220000171,-1.2309799207854812
10.291662550000172,-1.02109776370435
10.299995880000171,-0.7898486667976673
10.30832921000017,-0.5385458342599437
10.316662540000172,-0.2686204107031697
10.324995870000173,0.018390159010532175
10.333329200000172,0.3208509091386064
10.341662530000171,0.6368625285623261
10.349995860000172,0.9623378990939699
10.358329190000173,1.288668818160369
10.366662520000173,1.596489533598242
10.374995850000172,1.8379682857961654
10.383329180000173,1.950513405071808
10.391662510000174,1.9266668765110686
10.399995840000173,1.770725696852044
10.408329170000172,1.5412206077075397
10.416662500000173,1.289192659333458
10.424995830000174,1.035095587023439
10.433329160000174,0.7876481156580674
10.441662490000173,0.551073233454391
10.449995820000174,0.327200301441035
10.458329150000175,0.11727788046727632
10.466662480000174,-0.0775244193767049
10.474995810000173,-0.256123045003004
10.483329140000174,-0.417526237057661
10.491662470000175,-0.5608417981466036
10.499995800000175,-0.6852831808870392
10.508329130000174,-0.790174784985232
10.516662460000175,-0.8749552836880524
10.524995790000176,-0.9391834941303305
10.533329120000175,-0.9825380673712759
10.541662450000175,-1.0048192853677191
10.549995780000176,-1.0059499557328186
10.558329110000177,-0.9859737400810875
10.566662440000176,-0.9450602254761148
10.574995770000175,-0.8837554181679619
10.583329100000176,-0.8032979916706503
10.591662430000177,-0.7054958351517618
10.599995760000176,-0.5929107008098187
10.608329090000176,-0.4691759965460504
10.616662420000177,-0.33939766781400166
10.624995750000178,-0.21052162523642293
10.633329080000177,-0.09134252591286894
10.641662410000176,0.008510203664176994
10.649995740000177,0.08098402988921234
10.658329070000178,0.12277297945623936
10.666662400000178,0.13663240486018152
10.674995730000177,0.1297457481985882
10.683329060000178,0.11063165625512508
10.691662390000179,0.0867794097134326
10.699995720000178,0.06385311896186344
10.708329050000177,0.04577991377428343
10.716662380000178,0.035154572770342354
10.72499571000018,0.033628444709053566
10.733329040000179,0.0422329810310785
10.741662370000178,0.061563880418769874
10.749995700000179,0.09188973488377962
10.75832903000018,0.13325958020877585
10.76666236000018,0.18553379076696647
10.774995690000178,0.24840371420890628
10.78332902000018,0.3214096608027883
10.79166235000018,0.40394549284886455
10.79999568000018,0.4952625680724865
10.808329010000179,0.5944733745437141
10.81666234000018,0.7005230291581639
10.824995670000181,0.8122041035896446
10.83332900000018,0.9281970731627609
10.84166233000018,1.0470359242709133
10.84999566000018,1.1671464586151294
10.858328990000182,1.2868792246415905
10.86666232000018,1.4044673214822048
10.87499565000018,1.5180982339614246
10.883328980000181,1.6256607005536188
10.891662310000182,1.7243797490734436
10.899995640000181,1.8097713469729948
10.90832897000018,1.8735194472567338
10.916662300000182,1.9002081983719596
10.924995630000183,1.8660599084076608
10.933328960000182,1.7478939052062428
10.941662290000181,1.5441554231440329
10.949995620000182,1.278506161679083
10.958328950000183,0.9793597796048815
10.966662280000183,0.6674647063875053
10.974995610000182,0.35578480879963964
10.983328940000183,0.05226334933945024
10.991662270000184,-0.23800614702057574
10.999995600000183,-0.5116394036581192
11.008328930000182,-0.7667392424429343
11.016662260000183,-1.0018763480288324
11.024995590000184,-1.2157347398081
11.033328920000184,-1.4071212904175798
11.041662250000183,-1.5749756892033298
11.049995580000184,-1.7183775435689357
11.058328910000185,-1.836548905948081
11.066662240000184,-1.9288565848359742
11.074995570000183,-1.9948124580888984
11.083328900000184,-2.0340715399631053
11.091662230000185,-2.04643174536939
11.099995560000185,-2.031832653673592
11.108328890000184,-1.9903560313006257
11.116662220000185,-1.9222273123171376
11.124995550000186,-1.8278162857675564
11.133328880000185,-1.707637830907282
11.141662210000185,-1.5623526883760266
11.149995540000186,-1.3927667119975806
11.158328870000187,-1.1998306973145785
11.166662200000186,-0.984637267173673
11.174995530000185,-0.7484153485939518
11.183328860000186,-0.49252434110413434
11.191662190000187,-0.21844303828610778
11.199995520000186,0.071875614030462
11.208328850000186,0.3740195765053435
11.216662180000187,0.6791133469977805
11.224995510000188,0.9677257455892759
11.233328840000187,1.1951824611179025
11.241662170000186,1.3015180533855655
11.249995500000187,1.2770469759086183
11.258328830000188,1.1316013499271902
11.266662160000187,0.9259779984040316
11.274995490000187,0.7031717727707972
11.283328820000188,0.48141015937146286
11.291662150000189,0.2687360436749789
11.299995480000188,0.06916336323131606
11.308328810000187,-0.11522592139787212
11.316662140000188,-0.2833420509740612
11.32499547000019,-0.43425752737768797
11.333328800000189,-0.5671444320111977
11.341662130000188,-0.6812807971813734
11.349995460000189,-0.7760531402707036
11.35832879000019,-0.8509614970935815
11.36666212000019,-0.9056192818479107
11.374995450000188,-0.9397565388726064
11.38332878000019,-0.9532206381221556
11.39166211000019,-0.9459765624297719
11.39999544000019,-0.9181138206102367
11.408328770000189,-0.8700822796072737
11.41666210000019,-0.8027963965167794
11.424995430000191,-0.7175286232207773
11.43332876000019,-0.6159918123225644
11.44166209000019,-0.5004624387029872
11.44999542000019,-0.3739323698902278
11.458328750000192,-0.2402644838888757
11.46666208000019,-0.10429294667557151
11.47499541000019,0.028288671235943447
11.483328740000191,0.15139913280509096
11.491662070000192,0.2595988452428335
11.499995400000191,0.3492714840551296
11.50832873000019,0.41965051711463464
11.516662060000192,0.47283302720855724
11.524995390000193,0.5127239162841124
11.533328720000192,0.543746612673481
11.541662050000191,0.5699000776274423
11.549995380000192,0.5943401809636633
11.558328710000193,0.619355046301171
11.566662040000192,0.6464748390892621
11.574995370000192,0.676670457244529
11.583328700000193,0.7104719416936581
11.591662030000194,0.7481607603457094
11.599995360000193,0.7898479201659531
11.608328690000192,0.8355249204669045
11.616662020000193,0.8850865067547673
11.624995350000194,0.9383625377879281
11.633328680000194,0.9951465668222059
11.641662010000193,1.0551968943642687
11.649995340000194,1.1182369406822186
11.658328670000195,1.1839525838793032
11.666662000000194,1.2519888130206922
11.674995330000193,1.3219456593154228
11.683328660000194,1.3933765363214694
11.691661990000195,1.4657939637740112
11.699995320000195,1.5386580378811032
11.708328650000194,1.611368294077256
11.716661980000195,1.6832371431938586
11.724995310000196,1.7534200014642893
11.733328640000195,1.8208563479820905
11.741661970000195,1.884049956615224
11.749995300000196,1.9403817607864864
11.758328630000197,1.984717411420628
11.766661960000196,2.0066701686322266
11.774995290000195,1.9867648910811924
11.783328620000196,1.8957782378585888
11.791661950000197,1.7095444301709992
11.799995280000196,1.4354923852529233
11.808328610000196,1.105478042898608
11.816661940000197,0.7493040164830774
11.824995270000198,0.386353052398949
11.833328600000197,0.028133738814542664
11.841661930000196,-0.31835281868615245
11.849995260000197,-0.6485500830925199
11.858328590000198,-0.9596170689266676
11.866661920000197,-1.2497647168401793
11.874995250000197,-1.517385500548923
11.883328580000198,-1.7610073759081644
11.891661910000199,-1.9793083077856195
11.899995240000198,-2.1711258415314916
11.908328570000197,-2.335459555044911
11.916661900000198,-2.4714721360198926
11.9249952300002,-2.5784870428648237
11.933328560000199,-2.6559832587289116
11.941661890000198,-2.7035910867593214
11.949995220000199,-2.7210890790939333
11.9583285500002,-2.708400358775997
11.9666618800002,-2.665593289511216
11.974995210000198,-2.5928835486965824
11.9833285400002,-2.4906379932392095
11.9916618700002,-2.359377836970282
11.9999952000002,-2.199783599141262
12.008328530000199,-2.0127013452071845
12.0166618600002,-1.799146969972438
12.024995190000201,-1.560307357537845
12.0333285200002,-1.297538745875866
12.0416618500002,-1.0123552692700861
12.0499951800002,-0.7065852502619742
12.058328510000202,-0.38381442073483396
12.0666618400002,-0.050698439802307496
12.0749951700002,0.2797990131849374
12.083328500000201,0.580809115974153
12.091661830000202,0.8012205972865069
12.099995160000201,0.8984899026275145
12.1083284900002,0.8738603128638848
12.116661820000202,0.7742054619386776
12.124995150000203,0.646698319710668
12.133328480000202,0.5144739845029077
12.141661810000201,0.38796364295985014
12.149995140000202,0.2720141413748214
12.158328470000203,0.1690440396654918
12.166661800000202,0.08038538448399891
12.174995130000202,0.00675551943115164
12.183328460000203,-0.051436016356631774
12.191661790000204,-0.09387610991108866
12.199995120000203,-0.12034182548277741
12.208328450000202,-0.13074014360177155
12.216661780000203,-0.12525633302878564
12.224995110000204,-0.10427320031369773
12.233328440000204,-0.0683676465377341
12.241661770000203,-0.018350702342603928
12.249995100000204,0.04472398529709311
12.258328430000205,0.11951952570264503
12.266661760000204,0.20436625642842324
12.274995090000203,0.29723986867271396
12.283328420000204,0.39571897279407053
12.291661750000205,0.49701339422287794
12.299995080000205,0.5980074194783889
12.308328410000204,0.695446973756822
12.316661740000205,0.7861852692263512
12.324995070000206,0.8675121261047467
12.333328400000205,0.9374743446880452
12.341661730000204,0.9951454581742483
12.349995060000206,1.0405608033167648
12.358328390000207,1.0745269129369965
12.366661720000206,1.0982470333962715
12.374995050000205,1.113061981220695
12.383328380000206,1.1202596478166202
12.391661710000207,1.1209542357036548
12.399995040000206,1.1161733897983102
12.408328370000206,1.1068175919127723
12.416661700000207,1.0937652875238955
12.424995030000208,1.0779615066388968
12.433328360000207,1.0603617006241601
12.441661690000206,1.0419381992327663
12.449995020000207,1.023719961091634
12.458328350000208,1.006672228498123
12.466661680000207,0.991726719556735
12.474995010000207,0.9797474106648335
12.483328340000208,0.971456102375462
12.491661670000209,0.9674887557564837
12.499995000000208,0.9683612710407099
12.508328330000207,0.9744176244386923
12.516661660000208,0.9858732072228369
12.52499499000021,1.0028176395302715
12.533328320000209,1.0252102159528387
12.541661650000208,1.0528798471993617
12.549994980000209,1.0855289319539705
12.55832831000021,1.122739249340819
12.56666164000021,1.1639731876816302
12.574994970000208,1.2085163220070918
12.58332830000021,1.255446860604738
12.59166163000021,1.3035340265569193
12.59999496000021,1.350820566043183
12.608328290000209,1.393748373885091
12.61666162000021,1.4250639034059343
12.624994950000211,1.4300422626917066
12.63332828000021,1.3819413588359906
12.64166161000021,1.245843140216527
12.64999494000021,1.0072339638732208
12.658328270000212,0.6919595418159451
12.66666160000021,0.337347639778092
12.67499493000021,-0.029938993596435926
12.683328260000211,-0.39421230687924336
12.691661590000212,-0.7464484384022371
12.699994920000211,-1.0811592148472784
12.70832825000021,-1.3948285329615782
12.716661580000212,-1.6854212754175164
12.724994910000213,-1.951339207740765
12.733328240000212,-2.191138078378127
12.741661570000211,-2.4035421174963156
12.749994900000212,-2.5874511178898247
12.758328230000213,-2.7419389722730134
12.766661560000212,-2.866250417299745
12.774994890000212,-2.9598118543373526
12.783328220000213,-3.022271955072746
12.791661550000214,-3.0534194762950713
12.799994880000213,-3.053154127441937
12.808328210000212,-3.0214855840697865
12.816661540000213,-2.9585358947514506
12.824994870000214,-2.8645410456954457
12.833328200000214,-2.7398644101261
12.841661530000213,-2.5850849680508006
12.849994860000214,-2.400984225842656
12.858328190000215,-2.1885205266886425
12.866661520000214,-1.9488334024237326
12.874994850000213,-1.683242828291185
12.883328180000214,-1.3932435329013255
12.891661510000215,-1.0804880296089776
12.899994840000215,-0.7471334942775908
12.908328170000214,-0.39712103127930554
12.916661500000215,-0.03699782728190951
12.924994830000216,0.3217006981292772
12.933328160000215,0.6578507881631144
12.941661490000214,0.9356756183350575
12.949994820000216,1.1132721105060097
12.958328150000217,1.1838094137824833
12.966661480000216,1.1841861743240607
12.974994810000215,1.1514031939119045
12.983328140000216,1.107110326813963
12.991661470000217,1.062002706190218
12.999994800000216,1.0210529601788145
13.008328130000216,0.9864283160360046
13.016661460000217,0.9590154185021048
13.024994790000218,0.939130248526681
13.033328120000217,0.9267715365742372
13.041661450000216,0.9217430597470541
13.049994780000217,0.9237150542715932
13.058328110000218,0.9322291267998768
13.066661440000217,0.9466688326640711
13.074994770000217,0.9663365571943977
13.083328100000218,0.9904165355746595
13.091661430000219,1.017975230050071
13.099994760000218,1.0480191844593596
13.108328090000217,1.0794405963052591
13.116661420000218,1.1111197340847965
13.12499475000022,1.1418693264337134
13.133328080000219,1.170518046715193
13.141661410000218,1.1959250502736565
13.149994740000219,1.2169555074415364
13.15832807000022,1.2325645524773743
13.16666140000022,1.2417256780401946
13.174994730000218,1.243433389841036
13.18332806000022,1.2367913522218483
13.19166139000022,1.221004330864604
13.19999472000022,1.1954018574332663
13.208328050000219,1.1595993351412204
13.21666138000022,1.1135910817902446
13.224994710000221,1.0578166869600263
13.23332804000022,0.9931960779553038
13.24166137000022,0.9210986376775397
13.24999470000022,0.8432050749307173
13.258328030000222,0.7614593296088021
13.26666136000022,0.6778454421476185
13.27499469000022,0.594335612615563
13.283328020000221,0.5127771904471623
13.291661350000222,0.43488690708429284
13.299994680000221,0.3621502939749633
13.30832801000022,0.29589067481827885
13.316661340000222,0.23720987962223677
13.324994670000223,0.18704844605308402
13.333328000000222,0.14618738969408734
13.341661330000221,0.11521229193133545
13.349994660000222,0.09456708107515933
13.358327990000223,0.08457523909295847
13.366661320000222,0.08543884517007704
13.374994650000222,0.09724220144560315
13.383327980000223,0.11995659832259405
13.391661310000224,0.15344515963996802
13.399994640000223,0.19746937982306198
13.408327970000222,0.25169538464028496
13.416661300000223,0.315689867374027
13.424994630000224,0.38891014052682077
13.433327960000224,0.4706738208250816
13.441661290000223,0.5600713209894786
13.449994620000224,0.6556956831154295
13.458327950000225,0.7550532158517179
13.466661280000224,0.8529482755804861
13.474994610000223,0.9380423120523913
13.483327940000224,0.986878739602145
13.491661270000225,0.9587295167651871
13.499994600000225,0.8136428463406606
13.508327930000224,0.5647803114890639
13.516661260000225,0.2594641034440458
13.524994590000226,-0.06602179085140558
13.533327920000225,-0.39126289593797714
13.541661250000224,-0.7054451836815221
13.549994580000225,-1.0025445462799476
13.558327910000227,-1.279063449351295
13.566661240000226,-1.533188028063294
13.574994570000225,-1.7634847633224666
13.583327900000226,-1.9686678657970078
13.591661230000227,-2.147612208825195
13.599994560000226,-2.2993592209988027
13.608327890000226,-2.4231154551607332
13.616661220000227,-2.518250040449065
13.624994550000228,-2.584289909460574
13.633327880000227,-2.620914588568723
13.641661210000226,-2.627951954201332
13.649994540000227,-2.605376524780226
13.658327870000228,-2.553310600036742
13.666661200000227,-2.472025823640741
13.674994530000227,-2.361945797543534
13.683327860000228,-2.2236497440748266
13.691661190000229,-2.0578759702608793
13.699994520000228,-1.8655237341868791
13.708327850000227,-1.64765472760131
13.716661180000228,-1.4054895477867198
13.72499451000023,-1.140399099206817
13.733327840000229,-0.8538938000620752
13.741661170000228,-0.5476317447395805
13.749994500000229,-0.22415515803385638
13.75832783000023,0.11232069838674885
13.766661160000229,0.4553941421012214
13.774994490000228,0.7947441787244034
13.78332782000023,1.1134451263846212
13.79166115000023,1.3859917047535892
13.79999448000023,1.5839530988464092
13.808327810000229,1.6963015398220676
13.81666114000023,1.7398477438991562
13.824994470000231,1.7409990245413591
13.83332780000023,1.7196352603435467
13.84166113000023,1.6870947583909583
13.84999446000023,1.649068396706352
13.858327790000232,1.608233863052017
13.86666112000023,1.5658575009175775
13.87499445000023,1.5226171782050664
13.883327780000231,1.4789255183939267
13.891661110000232,1.4350960015182896
13.899994440000231,1.3914182439079565
13.90832777000023,1.3481731667315278
13.916661100000232,1.305626675667091
13.924994430000233,1.2640133936149687
13.933327760000232,1.2235183300778465
13.941661090000231,1.1842493936870975
13.949994420000232,1.1461870728521075
13.958327750000233,1.1091785758267605
13.966661080000232,1.072933735431828
13.974994410000232,1.0370251577639542
13.983327740000233,1.0008245612895992
13.991661070000234,0.9635360260782726
13.999994400000233,0.9242521632585796
14.008327730000232,0.8819421224471694
14.016661060000233,0.8355966692379703
14.024994390000234,0.7842343568354587
14.033327720000234,0.7270952401209806
14.041661050000233,0.6636554346276213
14.049994380000234,0.5936815754827217
14.058327710000235,0.517298284037102
14.066661040000234,0.434958713666692
14.074994370000233,0.34739961480792964
14.083327700000234,0.2556016352844511
14.091661030000235,0.16077558011249365
14.099994360000235,0.06426304838663527
14.108327690000234,-0.0324666774371449
14.116661020000235,-0.12780058423903076
14.124994350000236,-0.2200597348265265
14.133327680000235,-0.30751485852190297
14.141661010000234,-0.3884538420954189
14.149994340000235,-0.4612209686093328
14.158327670000237,-0.5242492240605873
14.166661000000236,-0.5761188643593359
14.174994330000235,-0.6155569083046143
14.183327660000236,-0.6414617166927677
14.191660990000237,-0.6529195206704433
14.199994320000236,-0.6491902256212609
14.208327650000236,-0.6297036431560893
14.216660980000237,-0.5940798968494919
14.224994310000238,-0.5420818195763558
14.233327640000237,-0.4736550924277939
14.241660970000236,-0.3889069600178339
14.249994300000237,-0.2880866412299168
14.258327630000238,-0.17159039508555518
14.266660960000237,-0.03997281510536701
14.274994290000237,0.10602787199031734
14.283327620000238,0.2654536695477138
14.291660950000239,0.437037558679651
14.299994280000238,0.6189689422250577
14.308327610000237,0.8081784896117369
14.316660940000238,0.9986619508743834
14.32499427000024,1.1775976516771807
14.333327600000239,1.3169949072745666
14.341660930000238,1.3633947099917472
14.349994260000239,1.2783250977057639
14.35832759000024,1.0727457055713026
14.366660920000239,0.8022861731596613
14.374994250000238,0.5098989746936006
14.38332758000024,0.2165927998895559
14.39166091000024,-0.0674688819614921
14.39999424000024,-0.33692994611330807
14.408327570000239,-0.5892084548154094
14.41666090000024,-0.8228499744387154
14.424994230000241,-1.0365357544163156
14.43332756000024,-1.2290663465307452
14.44166089000024,-1.3993702121670644
14.44999422000024,-1.546509684865264
14.458327550000242,-1.6696831052461074
14.46666088000024,-1.7682276070633027
14.47499421000024,-1.8416203616220095
14.483327540000241,-1.8894777749325837
14.491660870000242,-1.9115557980459872
14.499994200000241,-1.907749626702847
14.50832753000024,-1.8780939481431786
14.516660860000242,-1.8227646507032924
14.524994190000243,-1.7420790407467444
14.533327520000242,-1.6364961747268465
14.541660850000241,-1.5066166385892243
14.549994180000242,-1.3531805342042857
14.558327510000243,-1.17706550198535
14.566660840000242,-0.9792815755337966
14.574994170000242,-0.7609632391365214
14.583327500000243,-0.5233613863506233
14.591660830000244,-0.26795321366219116
14.599994160000243,0.0026813154085995475
14.608327490000242,0.2846630071225361
14.616660820000243,0.572343071791695
14.624994150000244,0.8571095294517111
14.633327480000244,1.1257226261332625
14.641660810000243,1.3591352242476347
14.649994140000244,1.5353208740531892
14.658327470000245,1.640444622814515
14.666660800000244,1.6795023008788539
14.674994130000243,1.6705977323121035
14.683327460000244,1.6319479890949335
14.691660790000245,1.5761413709278393
14.699994120000245,1.5106502528206558
14.708327450000244,1.4397514533510767
14.716660780000245,1.3659655205430454
14.724994110000246,1.2909167952996452
14.733327440000245,1.215760537991411
14.741660770000244,1.1414184466189128
14.749994100000245,1.068631930234458
14.758327430000246,0.9979590473228438
14.766660760000246,0.9297821830725039
14.774994090000245,0.8643092754209788
14.783327420000246,0.8015899406099365
14.791660750000247,0.7415426897581427
14.799994080000246,0.6839893846064042
14.808327410000246,0.6286786070322085
14.816660740000247,0.5752639529644872
14.824994070000248,0.5234041872039153
14.833327400000247,0.47281849706523643
14.841660730000246,0.42327612877952764
14.849994060000247,0.37457280348051203
14.858327390000248,0.32655800274409075
14.866660720000247,0.2790814831556349
14.874994050000247,0.23190918753709353
14.883327380000248,0.18459422875556467
14.891660710000249,0.13633412240040207
14.899994040000248,0.08600406452964326
14.908327370000247,0.032117819311237424
14.916660700000248,-0.026933658668176434
14.92499403000025,-0.09257895304396711
14.933327360000249,-0.16556086974310874
14.941660690000248,-0.2456166497534993
14.949994020000249,-0.3313009028359748
14.95832735000025,-0.4201137712321866
14.966660680000249,-0.5088382975018131
14.974994010000248,-0.5939819725143282
14.98332734000025,-0.6721765001355656
14.99166067000025,-0.7404035141535125
14.99999400000025,-0.7961081932964638
15.008327330000249,-0.8372182515948834
15.01666066000025,-0.8621032206233585
15.024993990000251,-0.8695283372833001
15.03332732000025,-0.8585917638864677
15.04166065000025,-0.8286793297618892
15.04999398000025,-0.7794375100965916
15.058327310000251,-0.7108653041165339
15.06666064000025,-0.6232997414017198
15.07499397000025,-0.517201289818168
15.083327300000251,-0.3931417087622321
15.091660630000252,-0.2518014702604481
15.099993960000251,-0.093962227244439
15.10832729000025,0.07949415369696558
15.116660620000252,0.26759411846851583
15.124993950000253,0.46927922159668806
15.133327280000252,0.6834118383120459
15.141660610000251,0.9085877628178822
15.149993940000252,1.1423928506466903
15.158327270000253,1.380917855778946
15.166660600000252,1.6170239107460587
15.174993930000252,1.8357039537487834
15.183327260000253,2.003152321788392
15.191660590000254,2.0565716935714944
15.199993920000253,1.9683680484701067
15.208327250000252,1.7517386630053489
15.216660580000253,1.4682166417629787
15.224993910000254,1.1616485890478943
15.233327240000254,0.8518704773024913
15.241660570000253,0.548302586912013
15.249993900000254,0.2560159897247065
15.258327230000255,-0.02243390806747994
15.266660560000254,-0.28547187450851663
15.274993890000253,-0.531629130651058
15.283327220000254,-0.7595309842038568
15.291660550000255,-0.9679071323868179
15.299993880000255,-1.1556012363076047
15.308327210000254,-1.3215772200018399
15.316660540000255,-1.464926542259713
15.324993870000256,-1.5848732908591543
15.333327200000255,-1.6807759671577929
15.341660530000254,-1.752129975108301
15.349993860000255,-1.7985683640228078
15.358327190000256,-1.8198615897143988
15.366660520000256,-1.815917702650773
15.374993850000255,-1.7867827399435565
15.383327180000256,-1.7326420220157657
15.391660510000257,-1.65382058500076
15.399993840000256,-1.5507818309056107
15.408327170000256,-1.4241269695737389
15.416660500000257,-1.274592149431145
15.424993830000258,-1.1030434226382075
15.433327160000257,-0.9104712937800541
15.441660490000256,-0.6981568087121052
15.449993820000257,-0.46836286116397646
15.458327150000258,-0.22435381478415378
15.466660480000257,0.0292175121104916
15.474993810000257,0.28549073181564477
15.483327140000258,0.5342704945141951
15.491660470000259,0.7611108009340689
15.499993800000258,0.9483384817383722
15.508327130000257,1.080897488013835
15.516660460000258,1.1550827988510055
15.52499379000026,1.1805799137828112
15.533327120000259,1.1725048138440073
15.541660450000258,1.1439298979142616
15.549993780000259,1.1036254811166548
15.55832711000026,1.0566713444768046
15.566660440000259,1.0058173522211986
15.574993770000258,0.9525934992994126
15.58332710000026,0.8978595318582272
15.59166043000026,0.8421754594171036
15.59999376000026,0.7860025158749342
15.608327090000259,0.7297949433562883
15.61666042000026,0.6740502138130694
15.624993750000261,0.6193350881103677
15.63332708000026,0.5663042870873666
15.64166041000026,0.5156990878328587
15.64999374000026,0.4683010587310471
15.658327070000261,0.42485989589326606
15.66666040000026,0.38610348372342346
15.67499373000026,0.3527063474055926
15.683327060000261,0.32523082780239565
15.691660390000262,0.3040498325799924
15.699993720000261,0.28925181016885737
15.70832705000026,0.28052732104732353
15.716660380000262,0.2770718430061051
15.724993710000263,0.2774050907193115
15.733327040000262,0.27916942097823894
15.741660370000261,0.27899542434269503
15.749993700000262,0.27259078473231363
15.758327030000263,0.2551741866557318
15.766660360000262,0.2223939042845579
15.774993690000262,0.17167690317209758
15.783327020000263,0.10333979367000373
15.791660350000264,0.020654319118051157
15.799993680000263,-0.07117015856170211
15.808327010000262,-0.1662564395230663
15.816660340000263,-0.2591227913058296
15.824993670000264,-0.34517121099118464
15.833327000000263,-0.42078801465004717
15.841660330000263,-0.4832401469564445
15.849993660000264,-0.5305044110002395
15.858326990000265,-0.5611087245914271
15.866660320000264,-0.5740183302012312
15.874993650000263,-0.5687613146479856
15.883326980000264,-0.5453240516499741
15.891660310000265,-0.5038164505215514
15.899993640000265,-0.4444548478572434
15.908326970000264,-0.3675616510698341
15.916660300000265,-0.27356392091566817
15.924993630000266,-0.16298727558618312
15.933326960000265,-0.036455445735395914
15.941660290000264,0.10531552173343005
15.949993620000265,0.2615226825082233
15.958326950000266,0.4312815156702165
15.966660280000266,0.6136306384272432
15.974993610000265,0.8075394318117752
15.983326940000266,1.0118785965476755
15.991660270000267,1.224833137025636
15.999993600000266,1.4435001073024276
16.008326930000266,1.663428072839582
16.016660260000265,1.8767291590354431
16.024993590000268,2.06739294987794
16.033326920000267,2.2009255042414932
16.041660250000266,2.2166723196114964
16.04999358000027,2.0893886010057954
16.058326910000268,1.839169067177969
16.066660240000267,1.5270622150537623
16.074993570000267,1.1920553778149046
16.083326900000266,0.8527188271470072
16.09166023000027,0.5184148215469668
16.099993560000268,0.1945386045830696
16.108326890000267,-0.11548494269120521
16.11666022000027,-0.4096703528058633
16.12499355000027,-0.6863839186389971
16.13332688000027,-0.9440913215347527
16.141660210000268,-1.181370184853749
16.149993540000267,-1.396921076640023
16.15832687000027,-1.5895750016235097
16.16666020000027,-1.7583012641342413
16.17499353000027,-1.9022126173565104
16.18332686000027,-2.020566244848557
16.19166019000027,-2.1127651639945455
16.19999352000027,-2.1783579171618883
16.20832685000027,-2.217036794244429
16.216660180000268,-2.22863704056954
16.22499351000027,-2.2131360687918717
16.23332684000027,-2.1706540578751814
16.24166017000027,-2.10145519137396
16.249993500000272,-2.0059471531231012
16.25832683000027,-1.8846808994452093
16.26666016000027,-1.7383490308521095
16.27499349000027,-1.5677820003587577
16.28332682000027,-1.3739816341642999
16.291660150000272,-1.1585291052043005
16.29999348000027,-0.923693022523492
16.30832681000027,-0.672472875017248
16.316660140000273,-0.4089220374396566
16.324993470000273,-0.1386189091692899
16.333326800000272,0.13072904846628972
16.34166013000027,0.388799226214674
16.34999346000027,0.6228881426238427
16.358326790000273,0.820042042031626
16.366660120000272,0.9715267371472313
16.37499345000027,1.0764837126895686
16.383326780000274,1.1410926156565082
16.391660110000274,1.174122242129824
16.399993440000273,1.1833586738824802
16.408326770000272,1.1745565707870234
16.41666010000027,1.1518202299320826
16.424993430000274,1.118343990944946
16.433326760000273,1.076920528003346
16.441660090000273,1.0301517162515048
16.449993420000276,0.9804963322443181
16.458326750000275,0.9302294659926772
16.466660080000274,0.8813781329221035
16.474993410000273,0.8356992182107518
16.483326740000273,0.7946629605379758
16.491660070000275,0.759479120550694
16.499993400000275,0.7311067546799624
16.508326730000274,0.7102594956757007
16.516660060000277,0.6973775704747258
16.524993390000276,0.6926537393968296
16.533326720000275,0.6959908391363314
16.541660050000274,0.70693680765912
16.549993380000274,0.7245263894512527
16.558326710000276,0.7471439150939195
16.566660040000276,0.772263495117045
16.574993370000275,0.7961559638360493
16.583326700000278,0.8135690483989086
16.591660030000277,0.8177664669581275
16.599993360000276,0.8013022694754486
16.608326690000276,0.7578897172963778
16.616660020000275,0.6850039233880634
16.624993350000278,0.5852676011752599
16.633326680000277,0.4653843635795727
16.641660010000276,0.3336744229569362
16.64999334000028,0.19799254759047777
16.658326670000278,0.06474852127220859
16.666660000000277,-0.06119696068449406
16.674993330000277,-0.17626945170618086
16.683326660000276,-0.27786136823335084
16.69165999000028,-0.36406516910179043
16.699993320000278,-0.4335329915890688
16.708326650000277,-0.4856387483819953
16.71665998000028,-0.5200789534346995
16.72499331000028,-0.536650399577659
16.73332664000028,-0.5352527703841319
16.741659970000278,-0.5158889207238325
16.749993300000277,-0.4786649230123407
16.75832663000028,-0.42378971930918713
16.76665996000028,-0.3515744488372204
16.77499329000028,-0.26242990729823834
16.78332662000028,-0.15686151657230718
16.79165995000028,-0.03547003961910521
16.79999328000028,0.10105614487773254
16.80832661000028,0.2519418672565484
16.816659940000278,0.4163326074597352
16.82499327000028,0.5932446593167925
16.83332660000028,0.7810243072267911
16.84165993000028,0.9772195324607869
16.849993260000282,1.1783802828668501
16.85832659000028,1.3791429170957623
16.86665992000028,1.5700782276704324
16.87499325000028,1.732961266831335
16.88332658000028,1.8324074868285511
16.891659910000282,1.815297938765
16.89999324000028,1.6621691618025325
16.90832657000028,1.409598193095071
16.916659900000283,1.10870572074494
16.924993230000283,0.7894520668201871
16.933326560000282,0.46744574652499615
16.94165989000028,0.15120454742052297
16.94999322000028,-0.1540631368578643
16.958326550000283,-0.44478327024650044
16.966659880000282,-0.7183124777758169
16.97499321000028,-0.9728668447468577
16.983326540000284,-1.2070574736050637
16.991659870000284,-1.419619207071188
16.999993200000283,-1.609415739041658
17.008326530000282,-1.7754441599107254
17.01665986000028,-1.9168398353750458
17.024993190000284,-2.032878897628053
17.033326520000283,-2.1229777750465613
17.041659850000283,-2.1866936725330537
17.049993180000286,-2.2237235711879975
17.058326510000285,-2.2339025958167853
17.066659840000284,-2.21720382063614
17.074993170000283,-2.173738857811835
17.083326500000283,-2.1037583649937845
17.091659830000285,-2.0076523872226133
17.099993160000285,-1.885949225319848
17.108326490000284,-1.739315330569076
17.116659820000287,-1.5685532117619798
17.124993150000286,-1.3746055787619953
17.133326480000285,-1.158783452324647
17.141659810000284,-0.9228940045273272
17.149993140000284,-0.6691807386971762
17.158326470000286,-0.40045710022105474
17.166659800000286,-0.1203231092888929
17.174993130000285,0.16650881615240737
17.183326460000288,0.45373079355015483
17.191659790000287,0.7328395831383592
17.199993120000286,0.9926597741737314
17.208326450000285,1.2196620550099986
17.216659780000285,1.4005111543630924
17.224993110000288,1.526875927949054
17.233326440000287,1.5996370117113905
17.241659770000286,1.627587981118484
17.24999310000029,1.6223056052122695
17.258326430000288,1.59423847889908
17.266659760000287,1.5514848658401614
17.274993090000287,1.4999848180733697
17.283326420000286,1.4440689722139635
17.29165975000029,1.3869121729572276
17.299993080000288,1.3308749430195017
17.308326410000287,1.2777338144687822
17.31665974000029,1.2288418745809546
17.32499307000029,1.1852069082443841
17.33332640000029,1.1475961018859238
17.341659730000288,1.116510227663881
17.349993060000287,1.0922385590571857
17.35832639000029,1.074864386833034
17.36665972000029,1.0642407641690745
17.37499305000029,1.059895942308434
17.38332638000029,1.0609795138011544
17.39165971000029,1.0660741786346084
17.39999304000029,1.0729499140748806
17.40832637000029,1.0781966066560484
17.416659700000288,1.0768167703537659
17.42499303000029,1.0618919429497429
17.43332636000029,1.0248696166037077
17.44165969000029,0.9573531022674633
17.449993020000292,0.8543761649750516
17.45832635000029,0.7171144751273933
17.46665968000029,0.5526833740849787
17.47499301000029,0.370977990440056
17.48332634000029,0.1816494329134998
17.491659670000292,-0.007378875338980947
17.49999300000029,-0.19011879389559957
17.50832633000029,-0.36218504012165426
17.516659660000293,-0.5203748907066835
17.524992990000293,-0.6623210117070157
17.533326320000292,-0.7862507736865082
17.54165965000029,-0.8910271214605447
17.54999298000029,-0.9760327075565778
17.558326310000293,-1.0407877413420064
17.566659640000292,-1.0849246446231182
17.57499297000029,-1.1081929327997604
17.583326300000294,-1.1104582637548428
17.591659630000294,-1.0917036308375925
17.599992960000293,-1.0520314208761719
17.608326290000292,-0.9916626168369876
17.61665962000029,-0.9109350976734795
17.624992950000294,-0.8103037317287374
17.633326280000293,-0.690336757422793
17.641659610000293,-0.551712959394962
17.649992940000296,-0.395216516227961
17.658326270000295,-0.22173367108783953
17.666659600000294,-0.03227038717677888
17.674992930000293,0.17159977793288708
17.683326260000293,0.3874841764446329
17.691659590000295,0.6120842790904713
17.699992920000295,0.840512723642743
17.708326250000294,1.0648482220961855
17.716659580000297,1.2712017323707412
17.724992910000296,1.434633201554677
17.733326240000295,1.515467992054946
17.741659570000294,1.475539668466377
17.749992900000294,1.325907937700967
17.758326230000296,1.1093839037588193
17.766659560000296,0.8599191474340442
17.774992890000295,0.5974723746921781
17.783326220000298,0.33336536986637766
17.791659550000297,0.07445337007439101
17.799992880000296,-0.1746824594791291
17.808326210000295,-0.4107181217783866
17.816659540000295,-0.6310913785311203
17.824992870000298,-0.8337542711553821
17.833326200000297,-1.017089417937071
17.841659530000296,-1.1800046017693175
17.8499928600003,-1.3216188341499213
17.858326190000298,-1.4411685897100102
17.866659520000297,-1.538012208926875
17.874992850000297,-1.611632003047403
17.883326180000296,-1.6616364068247031
17.8916595100003,-1.6877600124650398
17.899992840000298,-1.6898654001376099
17.908326170000297,-1.6679433759920057
17.9166595000003,-1.622114512401288
17.9249928300003,-1.5526295887809216
17.9333261600003,-1.4598690329388284
17.941659490000298,-1.3443418636238829
17.949992820000297,-1.206684517406646
17.9583261500003,-1.0476587113735072
17.9666594800003,-0.8681477184967957
17.9749928100003,-0.6691510961490791
17.9833261400003,-0.4518171397036275
17.9916594700003,-0.21782969396794508
17.9999928000003,0.03051427904342042
18.0083261300003,0.290261085449127
18.016659460000298,0.5574555452198628
18.0249927900003,0.826555397319263
18.0333261200003,1.0895184751112819
18.0416594500003,1.3345829929155009
18.049992780000302,1.5456421281341206
18.0583261100003,1.7045664958324536
18.0666594400003,1.7993012983117849
18.0749927700003,1.8320462401752096
18.0833261000003,1.816798039315565
18.091659430000302,1.7699687525120371
18.0999927600003,1.7044914699295808
18.1083260900003,1.6290361622858254
18.116659420000303,1.549152102499142
18.124992750000303,1.4684257583779694
18.1333260800003,1.389244364749707
18.1416594100003,1.3132755731134131
18.1499927400003,1.2417050644700551
18.158326070000303,1.1754242378310031
18.166659400000302,1.1151094591972346
18.1749927300003,1.0612251983990992
18.183326060000304,1.0140653305018394
18.191659390000304,0.9737512075029755
18.199992720000303,0.9402080714645598
18.208326050000302,0.9131655523751533
18.2166593800003,0.8920945791534225
18.224992710000304,0.8760611898763987
18.233326040000303,0.863575264189091
18.241659370000303,0.8522974321203369
18.249992700000305,0.8386145940249806
18.258326030000305,0.8171394280929234
18.266659360000304,0.7804418331089252
18.274992690000303,0.7194663566528118
18.283326020000302,0.6256754294295256
18.291659350000305,0.49485214418190976
18.299992680000305,0.32977073113270444
18.308326010000304,0.13905950357009778
18.316659340000307,-0.06644324790183898
18.324992670000306,-0.2766917215619534
18.333326000000305,-0.48367956407941815
18.341659330000304,-0.6814606366958107
18.349992660000304,-0.8657217070274542
18.358325990000306,-1.0333254681639983
18.366659320000306,-1.1819594507701854
18.374992650000305,-1.3098972386506103
18.383325980000308,-1.416013007318249
18.391659310000307,-1.4996809601221577
18.399992640000306,-1.5604256998093489
18.408325970000305,-1.5978972671915934
18.416659300000305,-1.6118746114946152
18.424992630000308,-1.6022653477051652
18.433325960000307,-1.5691081454075717
18.441659290000306,-1.5125742048704747
18.44999262000031,-1.4329666735599667
18.458325950000308,-1.3307193398581503
18.466659280000307,-1.2063967856316775
18.474992610000307,-1.0606900487946695
18.483325940000306,-0.8944147172182838
18.49165927000031,-0.7085054935881038
18.499992600000308,-0.5040091981261978
18.508325930000307,-0.28209900942171273
18.51665926000031,-0.04451971134239682
18.52499259000031,0.20614442872270228
18.53332592000031,0.4664475747164946
18.541659250000308,0.731576795153815
18.549992580000307,0.9944083496780317
18.55832591000031,1.2438299837005615
18.56665924000031,1.462158119602757
18.57499257000031,1.62294290570319
18.58332590000031,1.6959229435986944
18.59165923000031,1.667018741446526
18.59999256000031,1.5524602644182195
18.60832589000031,1.3811067270012527
18.616659220000308,1.176995192221608
18.62499255000031,0.9562150666341697
18.63332588000031,0.7292869014665563
18.64165921000031,0.5033059939116041
18.649992540000312,0.283289908101253
18.65832587000031,0.07295093693195975
18.66665920000031,-0.12486541618148328
18.67499253000031,-0.30791862302003503
18.68332586000031,-0.4745494649880892
18.691659190000312,-0.6237556123554095
18.69999252000031,-0.7547086067790969
18.70832585000031,-0.8666804392305388
18.716659180000313,-0.9590488875339963
18.724992510000313,-1.0313004767639584
18.73332584000031,-1.0830346882201614
18.74165917000031,-1.113964952254097
18.74999250000031,-1.1239204586681215
18.758325830000313,-1.1128478634953027
18.766659160000312,-1.080812447005898
18.77499249000031,-1.0279986849067821
18.783325820000314,-0.9547094735103241
18.791659150000314,-0.8613634643277199
18.799992480000313,-0.7484951299443712
18.808325810000312,-0.6167500793854694
18.81665914000031,-0.46688241507437556
18.824992470000314,-0.2997485279012863
18.833325800000313,-0.11632579697185394
18.841659130000313,0.08175087816211024
18.849992460000315,0.2918375528433752
18.858325790000315,0.5102247268586141
18.866659120000314,0.7315001032123433
18.874992450000313,0.947538098060805
18.883325780000312,1.1462096104344792
18.891659110000315,1.3109609888208864
18.899992440000315,1.423939170032826
18.908325770000314,1.4747918715813944
18.916659100000317,1.4682341351347301
18.924992430000316,1.4196685443523553
18.933325760000315,1.3452721985552234
18.941659090000314,1.2571866696998382
18.949992420000314,1.1633541507078489
18.958325750000316,1.0686931270713644
18.966659080000316,0.9762905740391367
18.974992410000315,0.8881653415192063
18.983325740000318,0.8056977806848634
18.991659070000317,0.7299134953442173
18.999992400000316,0.6615574098218423
19.008325730000315,0.6011957008004256
19.016659060000315,0.5492489807684781
19.024992390000317,0.5060028183876434
19.033325720000317,0.47160943674638317
19.041659050000316,0.4460801456145647
19.04999238000032,0.42925362863929084
19.058325710000318,0.4207052706486868
19.066659040000317,0.41971205120875416
19.074992370000317,0.42505575248817296
19.083325700000316,0.4347602248096472
19.09165903000032,0.44566250614491637
19.099992360000318,0.4528638144344331
19.108325690000317,0.4491537341225427
19.11665902000032,0.42501387258827744
19.12499235000032,0.3702072832180304
19.13332568000032,0.27755601998604307
19.141659010000318,0.14717364450175932
19.149992340000317,-0.013218660360751576
19.15832567000032,-0.19211768454211978
19.16665900000032,-0.37823620936882063
19.174992330000318,-0.562481314998407
19.18332566000032,-0.7381999858761684
19.19165899000032,-0.9006983522515989
19.19999232000032,-1.0466719402289075
19.20832565000032,-1.1737666537684228
19.216658980000318,-1.2802884791701927
19.22499231000032,-1.3652234556082825
19.23332564000032,-1.4280590951297911
19.24165897000032,-1.4684259736865586
19.249992300000322,-1.4860805708484592
19.25832563000032,-1.4809068565666643
19.26665896000032,-1.4529183110317119
19.27499229000032,-1.4022583229268129
19.28332562000032,-1.3292000613169925
19.291658950000322,-1.2341454161221264
19.29999228000032,-1.117621169196067
19.30832561000032,-0.9802785567621187
19.316658940000323,-0.8228880052587484
19.324992270000322,-0.6463342030642958
19.33332560000032,-0.45161119462679744
19.34165893000032,-0.23981640577332802
19.34999226000032,-0.012371137032153413
19.358325590000323,0.22859382134586853
19.366658920000322,0.4804012067976383
19.37499225000032,0.7396882399999206
19.383325580000324,1.002133152485247
19.391658910000324,1.2620312276204857
19.399992240000323,1.5116926520530394
19.408325570000322,1.7406139654404378
19.41665890000032,1.934445365487699
19.424992230000324,2.074532320825084
19.433325560000323,2.140165468409894
19.441658890000323,2.117087886776542
19.449992220000325,2.008861142196692
19.458325550000325,1.835172933238494
19.466658880000324,1.6191669882817807
19.474992210000323,1.3795642007734412
19.483325540000322,1.1293772238287525
19.491658870000325,0.8773612821194865
19.499992200000325,0.6294834425847885
19.508325530000324,0.3899746729686756
19.516658860000327,0.16197438470407433
19.524992190000326,-0.0522898576539678
19.533325520000325,-0.25150739461343874
19.541658850000324,-0.4345681483206457
19.549992180000324,-0.6004526845070138
19.558325510000326,-0.7482371303367513
19.566658840000326,-0.8770996907628039
19.574992170000325,-0.986326531586444
19.583325500000328,-1.07531517320585
19.591658830000327,-1.1435778927045266
19.599992160000326,-1.1907451597958625
19.608325490000325,-1.2165675578331383
19.616658820000325,-1.2209164647385502
19.624992150000327,-1.2037844543595775
19.633325480000327,-1.165286409609422
19.641658810000326,-1.105660471278942
19.64999214000033,-1.0252670406282158
19.658325470000328,-0.9245850355914468
19.666658800000327,-0.8042099805754386
19.674992130000327,-0.6648544783611113
19.683325460000326,-0.5077251460495434
19.69165879000033,-0.3349905703611444
19.699992120000328,-0.1497378722545346
19.708325450000327,0.04356383081535308
19.71665878000033,0.23830421434909363
19.72499211000033,0.42472412301870105
19.73332544000033,0.5892777019501243
19.741658770000328,0.7159969318085353
19.749992100000327,0.7921314165277328
19.75832543000033,0.815465200121699
19.76665876000033,0.7954547773896576
19.774992090000328,0.7465327249280729
19.78332542000033,0.6816944803086112
19.79165875000033,0.6102392347024828
19.79999208000033,0.5382503705777151
19.80832541000033,0.4696068221246321
19.816658740000328,0.40683840564500584
19.82499207000033,0.3516515237953377
19.83332540000033,0.30525795979080395
19.84165873000033,0.2685436271148921
19.849992060000332,0.2421312668246766
19.85832539000033,0.22646780066489938
19.86665872000033,0.22183015157264732
19.87499205000033,0.22831666895225114
19.88332538000033,0.24582776146360172
19.891658710000332,0.27403547716378984
19.89999204000033,0.3123416860593525
19.90832537000033,0.3597647260050587
19.916658700000333,0.41473868802983016
19.924992030000332,0.47484513630651043
19.93332536000033,0.5363317633767989
19.94165869000033,0.593515652945216
19.94999202000033,0.6381299863089451
19.958325350000333,0.659413968201825
19.966658680000332,0.6459603020995157
19.97499201000033,0.5903929721225626
19.983325340000334,0.49367245736107945
19.991658670000334,0.36481364769454805
19.999992000000333,0.21614924883902853
20.008325330000332,0.05905833172409228
20.01665866000033,-0.09771154998967145
20.024991990000334,-0.2479431034723716
20.033325320000333,-0.38732836604919846
20.041658650000333,-0.5128685573828573
20.049991980000335,-0.6224396258663336
20.058325310000335,-0.71451379434728
20.066658640000334,-0.788119242042941
20.074991970000333,-0.8428000351276975
20.083325300000332,-0.8782468880716382
20.091658630000335,-0.8942588150968189
20.099991960000335,-0.8907450872100071
20.108325290000334,-0.8677248531078373
20.116658620000337,-0.8253275690066469
20.124991950000336,-0.7637924068394487
20.133325280000335,-0.6834674393337956
20.141658610000334,-0.5848049372219706
20.149991940000334,-0.46836086456139014
20.158325270000336,-0.3347909704406466
20.166658600000336,-0.18484723980997575
20.174991930000335,-0.019499956429240198
20.183325260000338,0.15982724756724012
20.191658590000337,0.3514221090144399
20.199991920000336,0.5532696515927542
20.208325250000335,0.7629876668904084
20.216658580000335,0.9777510885804379
20.224991910000337,1.1941955593354945
20.233325240000337,1.4082813741612579
20.241658570000336,1.6150996746351038
20.24999190000034,1.8085463137219757
20.258325230000338,1.9806337976305075
20.266658560000337,2.1200453728887556
20.274991890000337,2.210078130554793
20.283325220000336,2.228162916909318
20.29165855000034,2.1548988474388846
20.299991880000338,1.992135382741138
20.308325210000337,1.7633485706725287
20.31665854000034,1.495362803226638
20.32499187000034,1.2082062830408415
20.33332520000034,0.9147947037835704
20.341658530000338,0.6233444306729863
20.349991860000337,0.33929963298806415
20.35832519000034,0.06649671410186639
20.36665852000034,-0.1922732600655928
20.374991850000338,-0.4352924033481215
20.38332518000034,-0.6612118106065181
20.39165851000034,-0.868779616247598
20.39999184000034,-1.0568500763712236
20.40832517000034,-1.2243897833769264
20.416658500000338,-1.3704849725186554
20.42499183000034,-1.4943472670587954
20.43332516000034,-1.595316550240864
20.44165849000034,-1.6728633881498824
20.449991820000342,-1.726591779544488
20.45832515000034,-1.7562380809698492
20.46665848000034,-1.7616721004975169
20.47499181000034,-1.742897491374879
20.48332514000034,-1.7000519119393895
20.491658470000342,-1.6334077758090049
20.49999180000034,-1.5433708734762943
20.50832513000034,-1.430478388478156
20.516658460000343,-1.295404603242347
20.524991790000342,-1.1392855690449804
20.53332512000034,-0.9640251382989034
20.54165845000034,-0.772279593538704
20.54999178000034,-0.567820082175433
20.558325110000343,-0.3561388725368522
20.566658440000342,-0.1452698314220922
20.57499177000034,0.053472273876281576
20.583325100000344,0.22584856615360233
20.591658430000344,0.35787774550724993
20.599991760000343,0.44232482273877405
20.608325090000342,0.48301984813627874
20.61665842000034,0.4918480939373108
20.624991750000344,0.48205628835548137
20.633325080000343,0.4642383235674121
20.641658410000343,0.445650893903706
20.649991740000345,0.4309325653897174
20.658325070000345,0.4229652789590154
20.666658400000344,0.4235201488152006
20.674991730000343,0.4336713250067973
20.683325060000342,0.4540306321888236
20.691658390000345,0.4848628658388093
20.699991720000344,0.5261819587503536
20.708325050000344,0.5777571358167617
20.716658380000347,0.6391078235800295
20.724991710000346,0.7094842317429391
20.733325040000345,0.7877634339229372
20.741658370000344,0.8723374470706126
20.749991700000344,0.9609176273756398
20.758325030000346,1.0502055929299392
20.766658360000346,1.1354548216475269
20.774991690000345,1.2099532797210604
20.783325020000348,1.2646804484014778
20.791658350000347,1.2891206849808428
20.799991680000346,1.2738831503689358
20.808325010000345,1.2149007213170862
20.816658340000345,1.115876403415581
20.824991670000347,0.986184066235776
20.833325000000347,0.8367665912524037
20.841658330000346,0.6772104822120906
20.84999166000035,0.514867729317417
20.858324990000348,0.3550827052798402
20.866658320000347,0.20172012006295842
20.874991650000347,0.057616538146603356
20.883324980000346,-0.07509711017382503
20.89165831000035,-0.1947720693189327
20.899991640000348,-0.3001235938590738
20.908324970000347,-0.390124564812373
20.91665830000035,-0.46398984211977845
20.92499163000035,-0.5211039293801956
20.93332496000035,-0.5610106892021787
20.941658290000348,-0.5834077980773078
20.949991620000347,-0.5881409101656998
20.95832495000035,-0.5751994455817535
20.96665828000035,-0.54471486359502
20.974991610000348,-0.4969594341046021
20.98332494000035,-0.43234583623814427
20.99165827000035,-0.35142673547847647
20.99999160000035,-0.2548900643768657
21.00832493000035,-0.14359288699927997
21.016658260000348,-0.018574528280924207
21.02499159000035,0.11897392540116182
21.03332492000035,0.26763508848444856
21.04165825000035,0.42579753355368466
21.049991580000352,0.5915859902157629
21.05832491000035,0.7628561058128068
21.06665824000035,0.9371274411999341
21.07499157000035,1.1115021336667965
21.08332490000035,1.2825148082712752
21.091658230000352,1.4458372360982341
21.09999156000035,1.595634542142914
21.10832489000035,1.7233725105274964
21.116658220000353,1.8156717249049978
21.124991550000352,1.8526955611712386
21.13332488000035,1.812039788344904
21.14165821000035,1.6834958715955994
21.14999154000035,1.4803988165841
21.158324870000353,1.2283766901086541
21.166658200000352,0.9502211454875334
21.17499153000035,0.6616124960096549
21.183324860000354,0.3726294774798184
21.191658190000354,0.08985692682530118
21.199991520000353,-0.18217836011437516
21.208324850000352,-0.44017442291970604
21.21665818000035,-0.6816115840918364
21.224991510000354,-0.9047608835032507
21.233324840000353,-1.108386161867769
21.241658170000353,-1.2913751278252223
21.249991500000355,-1.4527345129191302
21.258324830000355,-1.591594351912136
21.266658160000354,-1.7072130960577083
21.274991490000353,-1.7989805919926847
21.283324820000352,-1.866419661005972
21.291658150000355,-1.9091867998125562
21.299991480000354,-1.9270736238349
21.308324810000354,-1.9200066764228159
21.316658140000357,-1.8880487824546257
21.324991470000356,-1.8314005098189672
21.333324800000355,-1.7503997017016106
21.341658130000354,-1.645521326684148
21.349991460000354,-1.5173745622676662
21.358324790000356,-1.3667270189991358
21.366658120000356,-1.194887670683372
21.374991450000355,-1.0038653706441993
21.383324780000358,-0.7964045844833786
21.391658110000357,-0.5763185621310364
21.399991440000356,-0.3489881423205687
21.408324770000355,-0.12196138176614889
21.416658100000355,0.09467928295692304
21.424991430000357,0.28894418449019066
21.433324760000357,0.449733299360181
21.441658090000356,0.571372645420394
21.44999142000036,0.6566724123408724
21.458324750000358,0.714760222581413
21.466658080000357,0.7562235486794134
21.474991410000356,0.789929780549557
21.483324740000356,0.8221987848902051
21.49165807000036,0.8571105813969163
21.499991400000358,0.8971397039996153
21.508324730000357,0.9436737457686484
21.51665806000036,0.9973577753748708
21.52499139000036,1.0582925342053187
21.53332472000036,1.1261788713990148
21.541658050000358,1.2003618586396048
21.549991380000357,1.279826374909424
21.55832471000036,1.3631203610029383
21.56665804000036,1.448254464469951
21.574991370000358,1.532506705143327
21.58332470000036,1.6121553205388988
21.59165803000036,1.682198200613472
21.59999136000036,1.7361102629375356
21.60832469000036,1.7659946050787247
21.616658020000358,1.763685589351729
21.62499135000036,1.7230158780682567
21.63332468000036,1.6423482110729966
21.64165801000036,1.525286911855583
21.649991340000362,1.37900653330407
21.65832467000036,1.2116640388502347
21.66665800000036,1.030736173512391
21.67499133000036,0.8423717621186866
21.68332466000036,0.6514263215854792
21.691657990000362,0.4617391982506566
21.69999132000036,0.2763969337000212
21.70832465000036,0.09793941324771382
21.716657980000363,-0.07147997853825591
21.724991310000362,-0.23004266781558086
21.73332464000036,-0.37615683637483516
21.74165797000036,-0.508478562752802
21.74999130000036,-0.6258292496161619
21.758324630000363,-0.7272085661938686
21.766657960000362,-0.8117981920070273
21.77499129000036,-0.8789273185771062
21.783324620000364,-0.9280620442493765
21.791657950000364,-0.95880844588508
21.799991280000363,-0.970913936651923
21.808324610000362,-0.9642664830403819
21.81665794000036,-0.9388958800346985
21.824991270000364,-0.8949759192452382
21.833324600000363,-0.8328274706012342
21.841657930000363,-0.7529222566826339
21.849991260000365,-0.6558821570391606
21.858324590000365,-0.5424864020526579
21.866657920000364,-0.4136822423833171
21.874991250000363,-0.27063449241651244
21.883324580000362,-0.11472450350265483
21.891657910000365,0.05241228992425086
21.899991240000364,0.2288287972431619
21.908324570000364,0.41219293342756563
21.916657900000367,0.5996956724936361
21.924991230000366,0.7878837316751724
21.933324560000365,0.9724171019849275
21.941657890000364,1.1476441940153668
21.949991220000364,1.3058289122715951
21.958324550000366,1.4359590615482767
21.966657880000366,1.5223242209464725
21.974991210000365,1.5454248748789072
21.983324540000368,1.4900617825256122
21.991657870000367,1.357548985702001
21.999991200000366,1.1660513202251475
22.008324530000365,0.9381432782616762
22.016657860000365,0.6919581154459101
22.024991190000367,0.4399931982749379
22.033324520000367,0.19051558382918884
22.041657850000366,-0.050899116802528545
22.04999118000037,-0.28033535261747033
22.058324510000368,-0.49490866599926375
22.066657840000367,-0.6925013745638563
22.074991170000366,-0.8718352961640636
22.083324500000366,-1.0319160128249683
22.09165783000037,-1.171857415453922
22.099991160000368,-1.290887960838678
22.108324490000367,-1.3883541317508934
22.11665782000037,-1.4637255416741377
22.12499115000037,-1.5165970946376164
22.13332448000037,-1.5466916590848139
22.141657810000368,-1.5538608495829342
22.149991140000367,-1.5380853294624257
22.15832447000037,-1.4994758164097135
22.16665780000037,-1.4382740452223206
22.174991130000368,-1.3548509502621555
22.18332446000037,-1.249703237572834
22.19165779000037,-1.123449936641285
22.19999112000037,-0.9769569060847293
22.20832445000037,-0.8118097976111924
22.216657780000368,-0.6302150296358713
22.22499111000037,-0.4351035097273785
22.23332444000037,-0.2303892204973215
22.24165777000037,-0.0212809968797289
22.249991100000372,0.18548284619308103
22.25832443000037,0.38177388289718694
22.26665776000037,0.5590581526442823
22.27499109000037,0.7105000825889936
22.28332442000037,0.83331748122837
22.291657750000372,0.9297639797491067
22.29999108000037,1.0057048550205372
22.30832441000037,1.0680613659741958
22.316657740000373,1.1229463069968615
22.324991070000372,1.1749534680032536
22.33332440000037,1.227168947904883
22.34165773000037,1.2814291670404845
22.34999106000037,1.338579089309269
22.358324390000373,1.398711646530493
22.366657720000372,1.4612564436683542
22.37499105000037,1.5251039383787037
22.383324380000374,1.5886250254574996
22.391657710000374,1.6496389247922048
22.399991040000373,1.7053649419410726
22.408324370000372,1.752365010324854
22.41665770000037,1.7865647154286253
22.424991030000374,1.8034223666607987
22.433324360000373,1.7983523785813003
22.441657690000373,1.767410326088698
22.449991020000375,1.7080749445908983
22.458324350000375,1.6197390595403494
22.466657680000374,1.503790098049531
22.474991010000373,1.3630647337199615
22.483324340000372,1.2012525390706665
22.491657670000375,1.022407702922635
22.499991000000374,0.8306671827852431
22.508324330000374,0.6300283397621671
22.516657660000376,0.42433034630873007
22.524990990000376,0.21717708303911268
22.533324320000375,0.011920290569053747
22.541657650000374,-0.18838676194619206
22.549990980000373,-0.3809904152445348
22.558324310000376,-0.5634356913407178
22.566657640000376,-0.7335677953053235
22.574990970000375,-0.8895132137229116
22.583324300000378,-1.0296492198488207
22.591657630000377,-1.1526064129104465
22.599990960000376,-1.2572329071033843
22.608324290000375,-1.3425719375688627
22.616657620000375,-1.4078785018744664
22.624990950000377,-1.4525832941685028
22.633324280000377,-1.476279598041287
22.641657610000376,-1.4787209473421727
22.64999094000038,-1.4598228197079384
22.658324270000378,-1.4196634446225855
22.666657600000377,-1.358485552668854
22.674990930000376,-1.2766960899587187
22.683324260000376,-1.1748706880720072
22.69165759000038,-1.0537593446776081
22.699990920000378,-0.91428401948377
22.708324250000377,-0.7575621544342496
22.71665758000038,-0.5849486291832363
22.72499091000038,-0.39800955365476137
22.73332424000038,-0.19858939700825678
22.741657570000378,0.011193863288307924
22.749990900000377,0.22888966099681282
22.75832423000038,0.45168831303579726
22.76665756000038,0.676359181790252
22.774990890000378,0.8991547251438494
22.78332422000038,1.1155674469619201
22.79165755000038,1.3198202190591184
22.79999088000038,1.5036575267986405
22.80832421000038,1.6542557176092554
22.816657540000378,1.7520358013457271
22.82499087000038,1.7739647649620354
22.83332420000038,1.708154190788913
22.84165753000038,1.5668848484000237
22.849990860000382,1.3759784302913904
22.85832419000038,1.1586380466916077
22.86665752000038,0.930573323760468
22.87499085000038,0.7016086942556666
22.88332418000038,0.47794182937979923
22.891657510000382,0.2636764861912451
22.89999084000038,0.06168119694941241
22.90832417000038,-0.12630599888445312
22.916657500000383,-0.299217318337974
22.924990830000382,-0.4560905739277371
22.93332416000038,-0.5960538243839504
22.94165749000038,-0.7183311490750265
22.94999082000038,-0.8222494962965922
22.958324150000383,-0.9072401518848651
22.966657480000382,-0.9728456932825876
22.97499081000038,-1.0187197002881077
22.983324140000384,-1.0446292719167083
22.991657470000384,-1.0504567407449654
22.999990800000383,-1.036199614606101
23.008324130000382,-1.0019698251437419
23.01665746000038,-0.9479909126422124
23.024990790000384,-0.8746057551186592
23.033324120000383,-0.7825467468005926
23.041657450000383,-0.6731145206574376
23.049990780000385,-0.5480166054920361
23.058324110000385,-0.4094468929086896
23.066657440000384,-0.2601966435070268
23.074990770000383,-0.10375993189155336
23.083324100000382,0.05560554871512138
23.091657430000385,0.21297141939233416
23.099990760000384,0.3631213390963476
23.108324090000384,0.5012537106552358
23.116657420000386,0.6239706181620253
23.124990750000386,0.7300532028510377
23.133324080000385,0.8204841677225619
23.141657410000384,0.8979309828414316
23.149990740000383,0.9657399597730524
23.158324070000386,1.0270962480125903
23.166657400000386,1.0845173408167228
23.174990730000385,1.1396489742303828
23.183324060000388,1.1932919139202876
23.191657390000387,1.2454349250186394
23.199990720000386,1.2954346262033667
23.208324050000385,1.3420984684793018
23.216657380000385,1.3838975026074438
23.224990710000387,1.4190350329393862
23.233324040000387,1.4456296109180473
23.241657370000386,1.461808849500649
23.24999070000039,1.4658686840435702
23.258324030000388,1.456281808825057
23.266657360000387,1.4317694277837716
23.274990690000386,1.3911623163941105
23.283324020000386,1.3334501025968761
23.29165735000039,1.257721359696944
23.299990680000388,1.1632257924778617
23.308324010000387,1.0496927505734468
23.31665734000039,0.9175792107997526
23.32499067000039,0.7682384181306923
23.33332400000039,0.6039969658088875
23.341657330000388,0.4279660438502507
23.349990660000387,0.24381462292237818
23.35832399000039,0.05537628440585489
23.36665732000039,-0.13359188846541167
23.374990650000388,-0.31960747003470985
23.38332398000039,-0.49953692266526745
23.39165731000039,-0.6706319298585912
23.39999064000039,-0.8305134822343413
23.40832397000039,-0.9771523858376822
23.416657300000388,-1.1088113245928557
23.42499063000039,-1.2240483581595847
23.43332396000039,-1.321640257806276
23.44165729000039,-1.400601586502444
23.449990620000392,-1.4601477595519048
23.45832395000039,-1.4996586147097108
23.46665728000039,-1.5186862957135374
23.47499061000039,-1.5169617227871122
23.48332394000039,-1.4943667929922433
23.491657270000392,-1.4509286636107699
23.49999060000039,-1.3868184379035542
23.50832393000039,-1.3023517077679003
23.516657260000393,-1.1979902601572097
23.524990590000392,-1.0743430065167778
23.53332392000039,-0.9321632325751362
23.54165725000039,-0.77235443380604
23.54999058000039,-0.595965835724137
23.558323910000393,-0.4042093812301132
23.566657240000392,-0.19848588622477564
23.57499057000039,0.019637937222704963
23.583323900000394,0.24842565130962624
23.591657230000393,0.4858955483388898
23.599990560000393,0.7298242789600085
23.608323890000392,0.9776150670995244
23.61665722000039,1.2261168016464494
23.624990550000394,1.47116421832767
23.633323880000393,1.7065691197706685
23.641657210000393,1.9220816084684893
23.649990540000395,2.0998579518941036
23.658323870000395,2.211682601491234
23.666657200000394,2.2268259241227706
23.674990530000393,2.13971594955788
23.683323860000392,1.9776364381397815
23.691657190000395,1.7727452675899387
23.699990520000394,1.5472083839866062
23.708323850000394,1.3140774760660467
23.716657180000396,1.0809973987877683
23.724990510000396,0.8527244893360768
23.733323840000395,0.6324776430948361
23.741657170000394,0.4225951399585849
23.749990500000393,0.2246301772358727
23.758323830000396,0.03969385265127289
23.766657160000396,-0.13118820452986804
23.774990490000395,-0.28707268023681604
23.783323820000398,-0.4271037158763972
23.791657150000397,-0.5505172516782598
23.799990480000396,-0.6566490899806464
23.808323810000395,-0.7449343207912557
23.816657140000395,-0.8149119189554501
23.824990470000397,-0.8662276210988846
23.833323800000397,-0.8986423080176265
23.841657130000396,-0.9122191263508672
23.8499904600004,-0.907341358897222
23.858323790000398,-0.884613809995534
23.866657120000397,-0.8448724571355235
23.874990450000396,-0.7892267704246758
23.883323780000396,-0.7190853757233913
23.8916571100004,-0.6361820087143149
23.899990440000398,-0.5425947865174688
23.908323770000397,-0.4407350487764994
23.9166571000004,-0.3332820936721743
23.9249904300004,-0.22306246953816508
23.9333237600004,-0.11283816815916507
23.941657090000398,-0.005036645856035342
23.949990420000397,0.09845197700289106
23.9583237500004,0.19653524493740668
23.9666570800004,0.2889013294101829
23.974990410000398,0.37587729735484265
23.9833237400004,0.4581737770347777
23.9916570700004,0.536563646513378
23.9999904000004,0.6117552986819474
24.0083237300004,0.6841592420247338
24.016657060000398,0.7538891901828569
24.0249903900004,0.8207967861565211
24.0333237200004,0.8845162422053265
24.0416570500004,0.9445372216937641
24.049990380000402,1.0002850183498442
24.0583237100004,1.0511535041141489
24.0666570400004,1.0964955163566348
24.0749903700004,1.1355802505590629
24.0833237000004,1.1674643326466123
24.091657030000402,1.1909293909298888
24.0999903600004,1.2044692591057613
24.1083236900004,1.2061919772052458
24.116657020000403,1.1939757265328441
24.124990350000402,1.1656560905999032
24.1333236800004,1.1193579325238983
24.1416570100004,1.0538952365936616
24.1499903400004,0.9690541463051857
24.158323670000403,0.8656165915835927
24.166657000000402,0.7452649626738653
24.1749903300004,0.6104038249106011
24.183323660000404,0.4638291351993638
24.191656990000403,0.3086219863542602
24.199990320000403,0.14791965087455472
24.208323650000402,-0.01516510582236688
24.2166569800004,-0.17758467796756297
24.224990310000404,-0.3364654631620359
24.233323640000403,-0.48911661824590724
24.241656970000403,-0.6330785716132922
24.249990300000405,-0.7661393358910822
24.258323630000405,-0.8863526022405477
24.266656960000404,-0.9920177285038115
24.274990290000403,-1.081684928038908
24.283323620000402,-1.1541362331361706
24.291656950000405,-1.208368218730301
24.299990280000404,-1.243582160481371
24.308323610000404,-1.2591729267679896
24.316656940000406,-1.2546952113678254
24.324990270000406,-1.229892034075457
24.333323600000405,-1.1846584475929547
24.341656930000404,-1.119033135955925
24.349990260000403,-1.033258521888015
24.358323590000406,-0.9277817201134317
24.366656920000406,-0.803167426425176
24.374990250000405,-0.6600883402933833
24.383323580000408,-0.4993264541647795
24.391656910000407,-0.32176594779043644
24.399990240000406,-0.12838980861646254
24.408323570000405,0.0796772970444105
24.416656900000405,0.3009989209192588
24.424990230000407,0.5338865054141331
24.433323560000407,0.776319051275626
24.441656890000406,1.0257904178345885
24.44999022000041,1.2789773927383403
24.458323550000408,1.531063314424185
24.466656880000407,1.7743428138878203
24.474990210000406,1.9955502395161218
24.483323540000406,2.1718077640580975
24.49165687000041,2.269527709933581
24.499990200000408,2.2609285334348823
24.508323530000407,2.154590914022368
24.51665686000041,1.9843336959813687
24.52499019000041,1.7794877627922026
24.53332352000041,1.5581083202055344
24.541656850000408,1.3304078019651624
24.549990180000407,1.1023777058532562
24.55832351000041,0.8778504421640123
24.56665684000041,0.6595409746227242
24.574990170000408,0.4495488836340139
24.58332350000041,0.24956659876272538
24.59165683000041,0.06103441450192196
24.59999016000041,-0.1148124247575267
24.60832349000041,-0.27692145848314803
24.616656820000408,-0.42441224791249893
24.62499015000041,-0.5565645404624582
24.63332348000041,-0.6728125615287234
24.64165681000041,-0.7727324792894575
24.649990140000412,-0.8560414776055958
24.65832347000041,-0.9226148702468229
24.66665680000041,-0.9725079961764754
24.67499013000041,-1.005914995035673
24.68332346000041,-1.0232053541142043
24.691656790000412,-1.0249251217293103
24.69999012000041,-1.0117788978580822
24.70832345000041,-0.9846576460726573
24.716656780000413,-0.9445816784703798
24.724990110000412,-0.8927411650846706
24.73332344000041,-0.8304136685883611
24.74165677000041,-0.758966089685063
24.74999010000041,-0.6797527941741489
24.758323430000413,-0.5941304420599498
24.766656760000412,-0.5033492547587527
24.77499009000041,-0.40849396845933733
24.783323420000414,-0.3104846787742204
24.791656750000413,-0.21007808834468314
24.799990080000413,-0.1078659849391846
24.808323410000412,-0.0043056782181343746
24.81665674000041,0.10022898956196784
24.824990070000414,0.20541224338614997
24.833323400000413,0.310933506551667
24.841656730000413,0.41646912223550847
24.849990060000415,0.5216711407065461
24.858323390000415,0.6261382469058985
24.866656720000414,0.7293696599944254
24.874990050000413,0.830725651424467
24.883323380000412,0.9293803121443265
24.891656710000415,1.024287757461652
24.899990040000414,1.1141619601741874
24.908323370000414,1.1974248574469468
24.916656700000416,1.2721201462647003
24.924990030000416,1.3360621786290154
24.933323360000415,1.386945891576975
24.941656690000414,1.4226867726280297
24.949990020000413,1.4416547304983236
24.958323350000416,1.442984753961141
24.966656680000415,1.4265864402708806
24.974990010000415,1.3929493731738078
24.983323340000418,1.3427837214384881
24.991656670000417,1.276601008218322
24.999990000000416,1.194430903110633
25.008323330000415,1.09586700560202
25.016656660000415,0.9803384206341419
25.024989990000417,0.8477004105913722
25.033323320000417,0.6988635934772107
25.041656650000416,0.5360916612779297
25.04998998000042,0.3628439536124477
25.058323310000418,0.18341851089158784
25.066656640000417,0.0023303620339806697
25.074989970000416,-0.176094147447767
25.083323300000416,-0.3479935537573814
25.09165663000042,-0.5100660715216626
25.099989960000418,-0.6595615518679598
25.108323290000417,-0.7942257876028819
25.11665662000042,-0.9122305150817689
25.12498995000042,-1.0121059665975305
25.13332328000042,-1.0926983075549401
25.141656610000418,-1.1533034090729306
25.149989940000417,-1.1935654576796364
25.15832327000042,-1.2132449903378717
25.16665660000042,-1.2122153997266878
25.174989930000418,-1.1904653412534723
25.18332326000042,-1.14809994663043
25.19165659000042,-1.085341532859263
25.19998992000042,-1.002529487628315
25.20832325000042,-0.900120095569961
25.216656580000418,-0.7786821242332064
25.22498991000042,-0.6388959097863626
25.23332324000042,-0.48154814315852046
25.24165657000042,-0.3075278601604213
25.249989900000422,-0.11781919793868678
25.25832323000042,0.08650406571374196
25.26665656000042,0.3042507104876853
25.27498989000042,0.5334806355398248
25.28332322000042,0.7710630909177257
25.291656550000422,1.012378878491752
25.29998988000042,1.2501094764973701
25.30832321000042,1.472012365736056
25.316656540000423,1.6577660055726815
25.324989870000422,1.7782213114925494
25.33332320000042,1.807553294206094
25.34165653000042,1.7469501996878838
25.34998986000042,1.6223792017754053
25.358323190000423,1.460745962549855
25.366656520000422,1.2799264803698052
25.37498985000042,1.090225059162499
25.383323180000424,0.8976058149096677
25.391656510000423,0.7058146748921832
25.399989840000423,0.5174992498113815
25.408323170000422,0.3347274376681168
25.41665650000042,0.15923074337849247
25.424989830000424,-0.007529489718734757
25.433323160000423,-0.16426427094185406
25.441656490000423,-0.30984317054616084
25.449989820000425,-0.44328845846517245
25.458323150000425,-0.5637796577230734
25.466656480000424,-0.6706399479881683
25.474989810000423,-0.7633416233056144
25.483323140000422,-0.8415028001663593
25.491656470000425,-0.904881242686908
25.499989800000424,-0.9533655755601872
25.508323130000424,-0.986971802220491
25.516656460000426,-1.0058520291275246
25.524989790000426,-1.0103229493023789
25.533323120000425,-1.0008185382717383
25.541656450000424,-0.9778683484907571
25.549989780000423,-0.9421194022003645
25.558323110000426,-0.8943421294951819
25.566656440000425,-0.8353632430745555
25.574989770000425,-0.766030534656507
25.583323100000428,-0.6872258927004373
25.591656430000427,-0.5998491252624454
25.599989760000426,-0.5047621409549153
25.608323090000425,-0.40276224173948727
25.616656420000425,-0.2945701624643029
25.624989750000427,-0.1808492289509888
25.633323080000427,-0.062219860562391684
25.641656410000426,0.06072399513794839
25.64998974000043,0.18740014420442544
25.658323070000428,0.3171779909587911
25.666656400000427,0.4493208374113999
25.674989730000426,0.582935714485797
25.683323060000426,0.7169374565690705
25.69165639000043,0.8499807460918269
25.699989720000428,0.9803892269451175
25.708323050000427,1.1060893435873227
25.71665638000043,1.2246697164029665
25.72498971000043,1.333370659191735
25.73332304000043,1.429292131464741
25.741656370000428,1.5097608843561527
25.749989700000427,1.5726821105435016
25.75832303000043,1.617003469137455
25.76665636000043,1.6428969819320935
25.774989690000428,1.651755451451425
25.78332302000043,1.6458318808202141
25.79165635000043,1.6277819749873317
25.79998968000043,1.6002053198225692
25.80832301000043,1.5652773314418786
25.816656340000428,1.5244263519123333
25.82498967000043,1.478087101778275
25.83332300000043,1.425441558025524
25.84165633000043,1.3641452387908068
25.849989660000432,1.2902919434924978
25.85832299000043,1.1987137958182559
25.86665632000043,1.0839708253890619
25.87498965000043,0.9421763426141744
25.88332298000043,0.7729146822174905
25.89165631000043,0.5799602405270722
25.89998964000043,0.37011366140805435
25.90832297000043,0.15119478481696222
25.916656300000433,-0.06947967870830926
25.924989630000432,-0.2858137702157665
25.93332296000043,-0.4930016421574632
25.94165629000043,-0.6873447062754569
25.94998962000043,-0.8660028538869826
25.958322950000433,-1.0267815209435702
25.966656280000432,-1.168088941186629
25.97498961000043,-1.2890274989708461
25.983322940000434,-1.3889153163328543
25.991656270000433,-1.4671864159152472
25.999989600000433,-1.5233955525913871
26.008322930000432,-1.5572194711367158
26.01665626000043,-1.5684608476903028
26.024989590000434,-1.5570493909957845
26.033322920000433,-1.5230426010595843
26.041656250000432,-1.4666268569985446
26.049989580000435,-1.388117209739106
26.058322910000435,-1.2879568641095354
26.066656240000434,-1.1667136245719472
26.074989570000433,-1.0250776168300795
26.083322900000432,-0.8638572259893408
26.091656230000435,-0.6839734192925443
26.099989560000434,-0.4864523785179997
26.108322890000434,-0.2725927386184247
26.116656220000436,-0.04470861303937005
26.124989550000436,0.1938279509175586
26.133322880000435,0.4381401703946077
26.141656210000434,0.680820860611427
26.149989540000433,0.9102766292958258
26.158322870000436,1.1090045155322092
26.166656200000435,1.254343303581418
26.174989530000435,1.327166135322926
26.183322860000438,1.3259613284660292
26.191656190000437,1.2670702354082959
26.199989520000436,1.1710255233580307
26.208322850000435,1.0533865602588
26.216656180000435,0.9240953698629044
26.224989510000437,0.7892312037483571
26.233322840000437,0.652713840278459
26.241656170000436,0.5173027321262169
26.24998950000044,0.3850690636947787
26.258322830000438,0.25771172060140596
26.266656160000437,0.1365815970566931
26.274989490000436,0.022809018277799194
26.283322820000436,-0.08265413746924954
26.29165615000044,-0.1790373575898875
26.299989480000438,-0.2657358315106652
26.308322810000437,-0.34228280814480605
26.31665614000044,-0.40833618182664594
26.32498947000044,-0.4636659809407965
26.33332280000044,-0.508135328631425
26.341656130000437,-0.5416833166831846
26.349989460000437,-0.5643091911454795
26.35832279000044,-0.5760581348848549
26.36665612000044,-0.5770098670981759
26.374989450000438,-0.5672691472164882
26.38332278000044,-0.54695896084783
26.39165611000044,-0.5162166321454943
26.39998944000044,-0.475192665228991
26.40832277000044,-0.42405319349041076
26.416656100000438,-0.36298581723512086
26.42498943000044,-0.2922086888549579
26.43332276000044,-0.21198351723012734
26.44165609000044,-0.12262541361201
26.449989420000442,-0.02452777681742546
26.45832275000044,0.08180287113268597
26.46665608000044,0.1957114668530067
26.47498941000044,0.31636209084628186
26.48332274000044,0.4427029084530339
26.49165607000044,0.5733830012695027
26.49998940000044,0.7066319023453875
26.50832273000044,0.8402394035962103
26.516656060000443,0.9713942065152112
26.524989390000442,1.0966795193435153
26.53332272000044,1.2121051202075972
26.54165605000044,1.313339918629897
26.54998938000044,1.3963180363579488
26.558322710000443,1.4580266436948275
26.566656040000442,1.4972538114232226
26.57498937000044,1.5148452272132313
26.583322700000444,1.5134947865865016
26.591656030000443,1.4969630036545072
26.599989360000443,1.4692768051146443
26.608322690000442,1.4341647140519695
26.61665602000044,1.3947895427813806
26.624989350000444,1.3536772856841262
26.633322680000443,1.3127294660652058
26.641656010000442,1.2732739126507715
26.649989340000445,1.2360533797786508
26.658322670000445,1.201200373778988
26.666656000000444,1.1680739541294531
26.674989330000443,1.1349516925354763
26.683322660000442,1.0986440990973556
26.691655990000445,1.053974798957884
26.699989320000444,0.9933592972016329
26.708322650000444,0.9072633220527978
26.716655980000446,0.7865909457793496
26.724989310000446,0.6268496928233531
26.733322640000445,0.4311179473988513
26.741655970000444,0.20888914328890085
26.749989300000443,-0.028237387186597254
26.758322630000446,-0.26977745436149947
26.766655960000445,-0.5075716500231393
26.774989290000445,-0.735646767660969
26.783322620000448,-0.9497013604665683
26.791655950000447,-1.146604918490557
26.799989280000446,-1.3240382125491632
26.808322610000445,-1.4804397169438097
26.816655940000445,-1.6148906904487932
26.824989270000447,-1.7266414380218293
26.833322600000447,-1.8150692938967432
26.841655930000446,-1.879682645645463
26.84998926000045,-1.920123914882311
26.858322590000448,-1.9361690907309592
26.866655920000447,-1.9277290457612055
26.874989250000446,-1.894850197271602
26.883322580000446,-1.8377152831785455
26.89165591000045,-1.7566428241677117
26.899989240000448,-1.6520854482523974
26.908322570000447,-1.5246294930065034
26.91665590000045,-1.374991915195466
26.92498923000045,-1.204016074169829
26.933322560000448,-1.0126676434001733
26.941655890000447,-0.8020316398832007
26.949989220000447,-0.5736122655860787
26.95832255000045,-0.329776893611723
26.96665588000045,-0.07370697408994963
26.974989210000448,0.19020950735719158
26.98332254000045,0.4556584963660495
26.99165587000045,0.7133462812143814
26.99998920000045,0.9497908905084546
27.00832253000045,1.1474415812317886
27.016655860000448,1.2888125515551039
27.02498919000045,1.3657815039782464
27.03332252000045,1.385057009508104
27.04165585000045,1.3619605648942992
27.049989180000452,1.3112487284624157
27.05832251000045,1.2434151252810797
27.06665584000045,1.1650256172512936
27.07498917000045,1.0800096198914668
27.08332250000045,0.990761418939171
27.09165583000045,0.8988046938251464
27.09998916000045,0.8052387121133494
27.10832249000045,0.7109819054911497
27.116655820000453,0.6168663855353501
27.124989150000452,0.5237091529766463
27.13332248000045,0.4323469511436005
27.14165581000045,0.34364166107164096
27.14998914000045,0.25851904936066844
27.158322470000453,0.17795880627229735
27.166655800000452,0.10298175474966005
27.17498913000045,0.034592556755562345
27.183322460000454,-0.02624769660565785
27.191655790000453,-0.07860111073526355
27.199989120000453,-0.12160259129676664
27.208322450000452,-0.1545172091427874
27.21665578000045,-0.17669112207950144
27.224989110000454,-0.1875659792460386
27.233322440000453,-0.18674144140348112
27.241655770000452,-0.17395541729896735
27.249989100000455,-0.14907676130088485
27.258322430000455,-0.11212129912056953
27.266655760000454,-0.0632700301189814
27.274989090000453,-0.0028891226415891425
27.283322420000452,0.06845335781487008
27.291655750000455,0.14996316703920132
27.299989080000454,0.24052311932717044
27.308322410000454,0.3386411036333201
27.316655740000456,0.4423509186597942
27.324989070000456,0.5490707028722497
27.333322400000455,0.6554879691199194
27.341655730000454,0.7574453529940014
27.349989060000453,0.8500266583356173
27.358322390000456,0.9279660237253842
27.366655720000455,0.9864431850742418
27.374989050000455,1.0222885263340544
27.383322380000457,1.034988722823316
27.391655710000457,1.0267878091683034
27.399989040000456,1.001920980164565
27.408322370000455,0.9653677666153332
27.416655700000454,0.921878917459957
27.424989030000457,0.875489132350203
27.433322360000457,0.8294142088310942
27.441655690000456,0.7860984455482306
27.44998902000046,0.7473331554415547
27.458322350000458,0.7143970911753793
27.466655680000457,0.6881307918514785
27.474989010000456,0.6690288841148101
27.483322340000456,0.6572707862956005
27.49165567000046,0.652692079376445
27.499989000000458,0.6547266733809814
27.508322330000457,0.662204623499654
27.51665566000046,0.6730887683723233
27.52498899000046,0.6839613424016122
27.533322320000458,0.6892802781719634
27.541655650000457,0.6805915377321402
27.549988980000457,0.646279458889253
27.55832231000046,0.5736633926314099
27.56665564000046,0.45451364519036014
27.574988970000458,0.29044549194713964
27.58332230000046,0.09240513469852608
27.59165563000046,-0.12529562367395594
27.59998896000046,-0.3499522449111681
27.60832229000046,-0.5720497386220823
27.616655620000458,-0.7849334008483042
27.62498895000046,-0.9840094825425069
27.63332228000046,-1.1660561044973947
27.64165561000046,-1.328750042759057
27.649988940000462,-1.4705180371626907
27.65832227000046,-1.5904920229912725
27.66665560000046,-1.687998189257948
27.67498893000046,-1.762489000032351
27.68332226000046,-1.8135459046813611
27.69165559000046,-1.8408805449577235
27.69998892000046,-1.84433669739868
27.70832225000046,-1.8238900501093829
27.716655580000463,-1.7796493037237102
27.724988910000462,-1.7118562866617926
27.73332224000046,-1.6208860318529839
27.74165557000046,-1.5072446044142767
27.74998890000046,-1.3715672760512723
27.758322230000463,-1.2146157477228787
27.766655560000462,-1.0372740212782066
27.77498889000046,-0.8405419062016524
27.783322220000464,-0.6255293167407108
27.791655550000463,-0.3936634910092026
27.799988880000463,-0.1471976132809606
27.808322210000462,0.1108926850072251
27.81665554000046,0.3766791326628269
27.824988870000464,0.6448108788665272
27.833322200000463,0.9078551988804161
27.841655530000462,1.1556189573762061
27.849988860000465,1.3751032627202853
27.858322190000465,1.5523973571269045
27.866655520000464,1.6774428778263923
27.874988850000463,1.7490211275859489
27.883322180000462,1.774109117178971
27.891655510000465,1.7626560567609495
27.899988840000464,1.7231689749512928
27.908322170000464,1.6613082621501898
27.916655500000466,1.580531439572221
27.924988830000466,1.4832509398096396
27.933322160000465,1.3716224559423638
27.941655490000464,1.2480307779306032
27.949988820000463,1.115175685227254
27.958322150000466,0.9759989143240725
27.966655480000465,0.8334718536196938
27.974988810000465,0.6904707668808905
27.983322140000467,0.5496652257711875
27.991655470000467,0.4134424870153654
27.999988800000466,0.28391044214647904
28.008322130000465,0.16288664595676136
28.016655460000464,0.05191606493607808
28.024988790000467,-0.047686007240453965
28.033322120000467,-0.13484945557826233
28.041655450000466,-0.20868235292772208
28.04998878000047,-0.2684906812377084
28.058322110000468,-0.31377671826930587
28.066655440000467,-0.34420770192917166
28.074988770000466,-0.35962256346965105
28.083322100000466,-0.36003719014477
28.09165543000047,-0.34565693252925395
28.099988760000468,-0.3169311757988233
28.108322090000467,-0.274550262727568
28.11665542000047,-0.21951298419579568
28.12498875000047,-0.15320509703290627
28.133322080000468,-0.07750551805222368
28.141655410000467,0.00508397499691124
28.149988740000467,0.09128142232396343
28.15832207000047,0.17691121947599772
28.16665540000047,0.2569338690777301
28.174988730000468,0.3257880273639775
28.18332206000047,0.37822419668513296
28.19165539000047,0.41060577390755737
28.19998872000047,0.42194169549291133
28.20832205000047,0.4142069329766492
28.216655380000468,0.3915406627348519
28.22498871000047,0.35904972896650855
28.23332204000047,0.3216988224347849
28.24165537000047,0.2836936725456607
28.249988700000472,0.24837149222315602
28.25832203000047,0.21824010133201058
28.26665536000047,0.19511825504068334
28.27498869000047,0.18028644912287717
28.28332202000047,0.17463423962995003
28.29165535000047,0.17869214230212543
28.29998868000047,0.19273327875558688
28.30832201000047,0.2168051166014584
28.316655340000473,0.2507338308353362
28.324988670000472,0.2941196988532248
28.33332200000047,0.34632019006364073
28.34165533000047,0.40634715578613106
28.34998866000047,0.4727162737328391
28.358321990000473,0.5431639449159015
28.366655320000472,0.6141864568904324
28.37498865000047,0.6802679388342202
28.383321980000474,0.7329341756142782
28.391655310000473,0.7601063518224492
28.399988640000473,0.7475707509803372
28.408321970000472,0.6843515142836254
28.41665530000047,0.5697736231564696
28.424988630000474,0.4143740901845355
28.433321960000473,0.23350137591096987
28.441655290000472,0.04109780926802744
28.449988620000475,-0.1524594840212354
28.458321950000474,-0.3400384327407174
28.466655280000474,-0.516812179276132
28.474988610000473,-0.6794530146039542
28.483321940000472,-0.8255961193305376
28.491655270000475,-0.9536305535165543
28.499988600000474,-1.0627166840532638
28.508321930000474,-1.1522401952105803
28.516655260000476,-1.221698136915762
28.524988590000476,-1.2707005010357852
28.533321920000475,-1.298974029184307
28.541655250000474,-1.3063616311816502
28.549988580000473,-1.29282336618792
28.558321910000476,-1.2584380443168126
28.566655240000475,-1.2034026577095773
28.574988570000475,-1.1280301291211607
28.583321900000477,-1.0327500264766765
28.591655230000477,-0.9181043368377942
28.599988560000476,-0.7847441712577098
28.608321890000475,-0.6334259692059662
28.616655220000474,-0.465007006840069
28.624988550000477,-0.2804699981555986
28.633321880000477,-0.08132278332030088
28.641655210000476,0.130337352239408
28.64998854000048,0.35190849104267635
28.658321870000478,0.5801206876009023
28.666655200000477,0.8107927909791308
28.674988530000476,1.0385242491501603
28.683321860000476,1.256366646562929
28.69165519000048,1.455620228210491
28.699988520000478,1.6262000544207933
28.708321850000477,1.7578025673917448
28.71665518000048,1.8422689793714389
28.72498851000048,1.8756992979880842
28.733321840000478,1.8588936662176252
28.741655170000477,1.796296562380769
28.749988500000477,1.6945011801511682
28.75832183000048,1.5611881525873585
28.76665516000048,1.4042221099004701
28.774988490000478,1.2309425715938558
28.78332182000048,1.0478049489500108
28.79165515000048,0.8602556550614845
28.79998848000048,0.6727457272798179
28.80832181000048,0.48888790336458865
28.816655140000478,0.31160719997409025
28.82498847000048,0.14328006820708827
28.83332180000048,-0.014142305395594678
28.84165513000048,-0.15906122417553267
28.849988460000482,-0.2901595030147524
28.85832179000048,-0.40637083045384476
28.86665512000048,-0.5068207355835287
28.87498845000048,-0.5908447132423431
28.88332178000048,-0.6579759498794968
28.89165511000048,-0.7078764265228522
28.89998844000048,-0.740410686095257
28.90832177000048,-0.7556404538452686
28.916655100000483,-0.7538128611093372
28.924988430000482,-0.7354124613932606
28.93332176000048,-0.701193337884499
28.94165509000048,-0.6522344273039917
28.94998842000048,-0.590019004623265
28.958321750000483,-0.5165410732793665
28.966655080000482,-0.434437850950345
28.97498841000048,-0.34711450555993395
28.983321740000484,-0.25883486788214116
28.991655070000483,-0.17462273102575143
28.999988400000483,-0.09985262705247014
29.008321730000482,-0.03939049761663188
29.01665506000048,0.003509599805986357
29.024988390000484,0.028154815758953858
29.033321720000483,0.03658064374619398
29.041655050000482,0.032745180665899785
29.049988380000485,0.021362927920776605
29.058321710000484,0.0069770333926870865
29.066655040000484,-0.0065128990822332
29.074988370000483,-0.016037919743062717
29.083321700000482,-0.019284610036596466
29.091655030000485,-0.014560564141282735
29.099988360000484,-0.0006796089815366332
29.108321690000484,0.023160399613005457
29.116655020000486,0.05743332510629413
29.124988350000486,0.10236425028801777
29.133321680000485,0.1579772665114214
29.141655010000484,0.2240956181663585
29.149988340000483,0.3003370533105528
29.158321670000486,0.3861044386289356
29.166655000000485,0.48057625622701533
29.174988330000485,0.5826710573233215
29.183321660000487,0.6909058713116003
29.191654990000487,0.8032415605825103
29.199988320000486,0.9167487184586586
29.208321650000485,1.0270886548899902
29.216654980000484,1.1277331124423402
29.224988310000487,1.2090206264065557
29.233321640000486,1.25790148237912
29.241654970000486,1.2600984213185449
29.24998830000049,1.206445767709112
29.258321630000488,1.0993140573176698
29.266654960000487,0.951139813030011
29.274988290000486,0.7771338300811573
29.283321620000486,0.5902505790945394
29.29165495000049,0.39988692843986096
29.299988280000488,0.21251553038096394
29.308321610000487,0.03260367046182246
29.31665494000049,-0.13667913886491823
29.32498827000049,-0.2930002861165772
29.333321600000488,-0.4345887944366866
29.341654930000487,-0.5602003815698652
29.349988260000487,-0.6690975735606531
29.35832159000049,-0.7606799852553936
29.36665492000049,-0.8344435156837772
29.374988250000488,-0.8899845316043998
29.38332158000049,-0.9270025394184672
29.39165491000049,-0.9452994476647301
29.39998824000049,-0.9447809724873941
29.40832157000049,-0.9254581727320235
29.416654900000488,-0.8874479641227493
29.42498823000049,-0.830970487351314
29.43332156000049,-0.7563492642504775
29.44165489000049,-0.6640110264722546
29.449988220000492,-0.5544795130898457
29.45832155000049,-0.42839835783427
29.46665488000049,-0.2867930368470072
29.47498821000049,-0.1310523876664225
29.48332154000049,0.037132513787140546
29.49165487000049,0.21570816940147883
29.49998820000049,0.40214613890791695
29.50832153000049,0.5932816211030557
29.516654860000493,0.7850649647303957
29.524988190000492,0.9721848283226093
29.53332152000049,1.1475482445886258
29.54165485000049,1.30163936659747
29.54998818000049,1.4223065826273746
29.558321510000493,1.4958508901312448
29.566654840000492,1.5112739969049531
29.57498817000049,1.4660552781863678
29.583321500000494,1.367864760015271
29.591654830000493,1.2302151395613992
29.599988160000493,1.0667000013837455
29.608321490000492,0.8883439520767382
29.61665482000049,0.703343935274619
29.624988150000494,0.5176345782604007
29.633321480000493,0.3355630035640037
29.641654810000492,0.16039069689001895
29.649988140000495,-0.005374036629331917
29.658321470000494,-0.1597514011910468
29.666654800000494,-0.3011647367333771
29.674988130000493,-0.42832657713127387
29.683321460000492,-0.5402182472670995
29.691654790000495,-0.6360344484780569
29.699988120000494,-0.7151526170000642
29.708321450000494,-0.7771294088644741
29.716654780000496,-0.8216981303364173
29.724988110000496,-0.848764906991479
29.733321440000495,-0.8584078229761362
29.741654770000494,-0.8509134977472136
29.749988100000493,-0.8267948629015826
29.758321430000496,-0.786811840604957
29.766654760000495,-0.7320359795002085
29.774988090000495,-0.6639109294524179
29.783321420000497,-0.584344026528029
29.791654750000497,-0.4958134937199653
29.799988080000496,-0.4014706413831049
29.808321410000495,-0.30521078460253226
29.816654740000494,-0.21158457290262436
29.824988070000497,-0.1254934648511301
29.833321400000496,-0.05146302983767097
29.841654730000496,0.007215203226779752
29.8499880600005,0.04938226619626392
29.858321390000498,0.07628273465593807
29.866654720000497,0.09108650965226482
29.874988050000496,0.09792122782992645
29.883321380000496,0.10098900570971799
29.8916547100005,0.10405007561229813
29.899988040000498,0.1101754898731587
29.908321370000497,0.12172040222476056
29.9166547000005,0.1404234335683309
29.9249880300005,0.1675231546288501
29.933321360000498,0.20385871454444315
29.941654690000497,0.24992853085932365
29.949988020000497,0.30598266866642637
29.9583213500005,0.3720077205843917
29.9666546800005,0.4477932409855767
29.974988010000498,0.5329359031831516
29.9833213400005,0.6268303319497637
29.9916546700005,0.7286588029915679
29.9999880000005,0.8373273265937099
30.0083213300005,0.9514214802041114
30.016654660000498,1.0690852675588052
30.0249879900005,1.1878559770696413
30.0333213200005,1.3043733065320111
30.0416546500005,1.4139229187962061
30.049987980000502,1.5098897824469324
30.0583213100005,1.5831753828313166
30.0666546400005,1.6222946008164594
30.0749879700005,1.6154722227806155
30.0833213000005,1.55543414851815
30.0916546300005,1.4436211145537305
30.0999879600005,1.2895557802552502
30.1083212900005,1.1058771692970677
30.116654620000503,0.904169646307325
30.124987950000502,0.693571001789827
30.1333212800005,0.4808405137676547
30.1416546100005,0.2709644263689935
30.1499879400005,0.06770228960697676
30.158321270000503,-0.12603151605591847
30.166654600000502,-0.30791271128142406
30.1749879300005,-0.4760504960877424
30.183321260000504,-0.6288741039212694
30.191654590000503,-0.7650922543303201
30.199987920000503,-0.8836546686650564
30.208321250000502,-0.9838592746191249
30.2166545800005,-1.0651640630751742
30.224987910000504,-1.1271317389300162
30.233321240000503,-1.1694299445095264
30.241654570000502,-1.1918352877475276
30.249987900000505,-1.1942334911740133
30.258321230000504,-1.1766193210528626
30.266654560000504,-1.1390976288729207
30.274987890000503,-1.081883459783614
30.283321220000502,-1.0053019298666337
30.291654550000505,-0.9097842412373233
30.299987880000504,-0.7959345486477015
30.308321210000503,-0.6647092064155506
30.316654540000506,-0.5173104042519494
30.324987870000506,-0.3552347548927643
30.333321200000505,-0.18033666065242532
30.341654530000504,0.005033427929811535
30.349987860000503,0.1978124749890532
30.358321190000506,0.39386161127196273
30.366654520000505,0.5873716239849188
30.374987850000505,0.769985483437483
30.383321180000507,0.9298478644354357
30.391654510000507,1.051636511729741
30.399987840000506,1.1196904127178333
30.408321170000505,1.1255351339431012
30.416654500000504,1.0739135274270255
30.424987830000507,0.9790485175140374
30.433321160000506,0.856436178927967
30.441654490000506,0.7185321231647283
30.44998782000051,0.5741311092709178
30.458321150000508,0.4292497818901766
30.466654480000507,0.28805329872920377
30.474987810000506,0.15353716045043286
30.483321140000506,0.027930190470730618
30.49165447000051,-0.0870580917914001
30.499987800000508,-0.1900803323153868
30.508321130000507,-0.28009026964428996
30.51665446000051,-0.35625467037281777
30.52498779000051,-0.4179362980142415
30.533321120000508,-0.46469554079702086
30.541654450000507,-0.4962645489073913
30.549987780000507,-0.5125415820816716
30.55832111000051,-0.5136147437621739
30.56665444000051,-0.49977091655522216
30.574987770000508,-0.471490999095178
30.58332110000051,-0.4295094474617429
30.59165443000051,-0.3748526153372557
30.59998776000051,-0.3089048998425964
30.60832109000051,-0.2334939242653636
30.616654420000508,-0.1509793271216164
30.62498775000051,-0.06436367854661007
30.63332108000051,0.022684646191000836
30.64165441000051,0.10587792044320571
30.649987740000512,0.18068212533511152
30.65832107000051,0.24290140671287608
30.66665440000051,0.28958720274882854
30.67498773000051,0.31980419292817586
30.68332106000051,0.33484598530877185
30.69165439000051,0.3377666756119587
30.69998772000051,0.33256564553245627
30.70832105000051,0.32331485449034686
30.716654380000513,0.31364858991816186
30.724987710000512,0.30656321605258335
30.73332104000051,0.30439660841160754
30.74165437000051,0.3088892144431776
30.74998770000051,0.3212919424867262
30.758321030000513,0.34244859391904836
30.766654360000512,0.372899979506869
30.77498769000051,0.4128901044692633
30.783321020000514,0.46243600141325014
30.791654350000513,0.5213483886146382
30.799987680000513,0.5892304891089422
30.808321010000512,0.6654782567973002
30.81665434000051,0.7492775739205148
30.824987670000514,0.8395332939195249
30.833321000000513,0.9348590246007028
30.841654330000512,1.0334715470988305
30.849987660000515,1.1331134775399385
30.858320990000514,1.2309020367237125
30.866654320000514,1.3231314782599266
30.874987650000513,1.4050768638802524
30.883320980000512,1.4708660439550119
30.891654310000515,1.5134741622175591
30.899987640000514,1.5252031393951688
30.908320970000513,1.4989401789007282
30.916654300000516,1.4300975311765711
30.924987630000516,1.3183734971395518
30.933320960000515,1.1680311970709807
30.941654290000514,0.9864402385552844
30.949987620000513,0.7821060972928592
30.958320950000516,0.5632652323848532
30.966654280000515,0.33708421626462143
30.974987610000515,0.10952697900394706
30.983320940000517,-0.11455290166745384
30.991654270000517,-0.3312271749170407
30.999987600000516,-0.5373056772273401
31.008320930000515,-0.7301823300485228
31.016654260000514,-0.9077133374807025
31.024987590000517,-1.068133008224923
31.033320920000516,-1.2099792454466416
31.041654250000516,-1.332057416247335
31.04998758000052,-1.4335015617087166
31.058320910000518,-1.5137516062769714
31.066654240000517,-1.5723743966822894
31.074987570000516,-1.609053667872681
31.083320900000516,-1.6235907145141977
31.09165423000052,-1.615907019210614
31.099987560000518,-1.5860449626879787
31.108320890000517,-1.5341689222451662
31.11665422000052,-1.460565659210866
31.12498755000052,-1.3656416492429537
31.133320880000518,-1.2499229914038974
31.141654210000517,-1.114053159172123
31.149987540000517,-0.9588015579630887
31.15832087000052,-0.7853015447756443
31.16665420000052,-0.5951386694749491
31.174987530000518,-0.39032903875474084
31.18332086000052,-0.17348953662431477
31.19165419000052,0.0518582461637376
31.19998752000052,0.2807824965222133
31.20832085000052,0.5061280851538618
31.216654180000518,0.7174190596430421
31.22498751000052,0.900044457458973
31.23332084000052,1.0366288912389419
31.24165417000052,1.1131047749852583
31.249987500000522,1.1276429810997783
31.25832083000052,1.0916982385499812
31.26665416000052,1.0215422503137346
31.27498749000052,0.93123266471181
31.28332082000052,0.8308342372197222
31.29165415000052,0.7270186171548343
31.29998748000052,0.6242335425441153
31.30832081000052,0.5255347190456329
31.316654140000523,0.4331120764103625
31.324987470000522,0.3485993311001512
31.33332080000052,0.273248899346289
31.34165413000052,0.2080027753441939
31.34998746000052,0.15358308185169237
31.358320790000523,0.11052240338874851
31.366654120000522,0.0791620128194069
31.37498745000052,0.05964998244458774
31.383320780000524,0.051939228609205766
31.391654110000523,0.05578543661080272
31.399987440000523,0.07074144491860225
31.408320770000522,0.09608232377711774
31.41665410000052,0.13077812922476492
31.424987430000524,0.17341193085420517
31.433320760000523,0.2221189408595752
31.441654090000522,0.27448694076624874
31.449987420000525,0.32749207086304555
31.458320750000524,0.37754815657862323
31.466654080000524,0.4206713350268036
31.474987410000523,0.4529236805774997
31.483320740000522,0.4711618745657941
31.491654070000525,0.47376052646868955
31.499987400000524,0.4610502626988946
31.508320730000523,0.4352160310457612
31.516654060000526,0.39967765534669647
31.524987390000526,0.3583537367047214
31.533320720000525,0.3149973096236782
31.541654050000524,0.2728657143369749
31.549987380000523,0.23463162114559596
31.558320710000526,0.2023736895079876
31.566654040000525,0.17765125252463213
31.574987370000525,0.16160561236539045
31.583320700000527,0.15501098515497996
31.591654030000527,0.1583591343796578
31.599987360000526,0.17190256545250954
31.608320690000525,0.19565931896739258
31.616654020000524,0.22942210025924245
31.624987350000527,0.2727702321635444
31.633320680000526,0.32508828343605156
31.641654010000526,0.3855765311551099
31.64998734000053,0.4531836702921579
31.658320670000528,0.5266158084706901
31.666654000000527,0.6042992546560723
31.674987330000526,0.6843878819523719
31.683320660000525,0.764721266695471
31.69165399000053,0.8428296778975691
31.699987320000528,0.9159955557675475
31.708320650000527,0.9813058216821081
31.71665398000053,1.0357047712246437
31.72498731000053,1.076036934873154
31.733320640000528,1.0990051515463182
31.741653970000527,1.1010417618080364
31.749987300000527,1.0781101370709005
31.75832063000053,1.0258137856731764
31.76665396000053,0.9402534567836184
31.774987290000528,0.8196174231196696
31.78332062000053,0.6656978372239996
31.79165395000053,0.4840472054391694
31.79998728000053,0.28261145091990264
31.80832061000053,0.06976939437749945
31.816653940000528,-0.14688511709699228
31.82498727000053,-0.3610809980473755
31.83332060000053,-0.5678640819481767
31.84165393000053,-0.763379658435745
31.849987260000532,-0.9446366690770662
31.85832059000053,-1.1092967043657214
31.86665392000053,-1.2555168648585737
31.87498725000053,-1.3818539864736863
31.88332058000053,-1.4873635809210732
31.89165391000053,-1.571454519501568
31.89998724000053,-1.6336601378512703
31.90832057000053,-1.673632707135937
31.916653900000533,-1.6911470449258807
31.924987230000532,-1.686099919415905
31.93332056000053,-1.6585124165440666
31.94165389000053,-1.6085317418594245
31.94998722000053,-1.5364303086747686
31.958320550000533,-1.4426045981521516
31.966653880000532,-1.327575689779653
31.97498721000053,-1.1919844602202168
31.983320540000534,-1.0365904357011269
31.991653870000533,-0.8622664004783829
31.999987200000533,-0.6699960629403189
32.00832053000053,-0.4611376458581708
32.01665386000053,-0.2377848796034743
32.02498719000053,-0.0027173549323633844
32.03332052000053,0.24027588916109704
32.041653850000536,0.4857781762349835
32.049987180000535,0.7257737903579694
32.058320510000534,0.9483422915710089
32.066653840000534,1.1369949097073684
32.07498717000053,1.2732157117407572
32.08332050000053,1.345067945148569
32.09165383000053,1.3557558204275384
32.09998716000054,1.3204265820755605
32.10832049000054,1.2560525120415922
32.116653820000536,1.175655464298484
32.124987150000536,1.087906271106189
32.133320480000535,0.9983230917751426
32.141653810000534,0.9104374417636952
32.14998714000053,0.8266076898986935
32.15832047000053,0.748472685969765
32.16665380000053,0.6772187395520608
32.17498713000054,0.613675621271162
32.18332046000054,0.5584310581472705
32.19165379000054,0.5118630018191179
32.199987120000536,0.4741409836191897
32.208320450000535,0.44523261015476584
32.216653780000534,0.42488888399723646
32.224987110000534,0.41258137571764114
32.23332044000054,0.4075156918366801
32.24165377000054,0.4085468902644314
32.24998710000054,0.41413789492072506
32.25832043000054,0.4223142558661221
32.26665376000054,0.4306570315845783
32.274987090000536,0.43634383730728643
32.283320420000535,0.43632494163738256
32.291653750000535,0.42767025619008975
32.299987080000534,0.40806216604012224
32.30832041000054,0.37634233085429736
32.31665374000054,0.3327575763767591
32.32498707000054,0.27893715627828275
32.33332040000054,0.21752978847938545
32.34165373000054,0.1516435059835713
32.34998706000054,0.0843984838126676
32.358320390000536,0.018662869407574792
32.36665372000054,-0.04312673368635941
32.37498705000054,-0.09900552705486203
32.38332038000054,-0.14742836294724673
32.39165371000054,-0.1872348428972414
32.39998704000054,-0.21758844905743524
32.40832037000054,-0.23796041637996318
32.41665370000054,-0.24804713591109429
32.42498703000054,-0.24774675584185452
32.433320360000536,-0.23713922720208142
32.44165369000054,-0.2164668504331031
32.44998702000054,-0.18611579534691106
32.45832035000054,-0.14662569246498458
32.46665368000054,-0.09870080080133603
32.47498701000054,-0.043152063585999455
32.48332034000054,0.0191193257643893
32.49165367000054,0.08708690176634079
32.499987000000544,0.1596576083550697
32.508320330000544,0.23571514052178277
32.51665366000054,0.31407087250236704
32.52498699000054,0.39352598913012643
32.53332032000054,0.47294448941536427
32.54165365000054,0.5511941778403278
32.54998698000054,0.6270753160999274
32.55832031000054,0.6993139926817924
32.56665364000054,0.7664125442647507
32.574986970000545,0.8263261472731322
32.583320300000544,0.8760740763135046
32.59165363000054,0.9111429341505534
32.59998696000054,0.9250526876240294
32.60832029000054,0.9097120724079217
32.61665362000054,0.8572419238855821
32.62498695000054,0.7633928623568246
32.63332028000055,0.6303937894214212
32.641653610000546,0.4664108930355436
32.649986940000545,0.28229093426316737
32.658320270000544,0.0883036180596684
32.666653600000544,-0.107225545973555
32.67498693000054,-0.2980401461932019
32.68332026000054,-0.4795553608453612
32.69165359000054,-0.6483989159137877
32.69998692000054,-0.8020554971360565
32.70832025000055,-0.9386173814407951
32.716653580000546,-1.0568217877761092
32.724986910000545,-1.1559701599556045
32.733320240000545,-1.235503966735332
32.741653570000544,-1.2949745454981336
32.74998690000054,-1.3340446310228495
32.75832023000054,-1.3524922404663897
32.76665356000055,-1.3502109561397968
32.77498689000055,-1.3272104582146775
32.78332022000055,-1.2836183246505544
32.79165355000055,-1.219678920557548
32.799986880000546,-1.1357531838690287
32.808320210000545,-1.0323179908572881
32.816653540000544,-0.9099609535073871
32.824986870000544,-0.769378726654889
32.83332020000054,-0.6113719371055334
32.84165353000055,-0.4368402770955337
32.84998686000055,-0.24685138840739762
32.85832019000055,-0.04328306630916501
32.86665352000055,0.17104858914970428
32.874986850000546,0.39220076072982146
32.883320180000545,0.6144171077719068
32.891653510000545,0.8290928656323902
32.89998684000055,1.0236366293892925
32.90832017000055,1.1815344137920276
32.91665350000055,1.2862991541238045
32.92498683000055,1.3304879142515094
32.93332016000055,1.321069589152527
32.94165349000055,1.273622980852069
32.94998682000055,1.2033904673221898
32.958320150000546,1.1215512635085132
32.966653480000545,1.0354040563125542
32.97498681000055,0.9494786005021942
32.98332014000055,0.8665780661791387
32.99165347000055,0.7884695704110558
32.99998680000055,0.7162452188236065
33.00832013000055,0.6505815317521543
33.01665346000055,0.5918314910635212
33.02498679000055,0.540081112531515
33.03332012000055,0.4951944968481315
33.04165345000055,0.4567760148041274
33.04998678000055,0.4241669708653522
33.05832011000055,0.3964284173845957
33.06665344000055,0.37233167580926085
33.07498677000055,0.3503549918637642
33.08332010000055,0.3287280935817228
33.09165343000055,0.30551645494313356
33.09998676000055,0.27877999647301954
33.108320090000554,0.24681328944700817
33.11665342000055,0.20836396908368193
33.12498675000055,0.16290525163804578
33.13332008000055,0.1107291024430653
33.14165341000055,0.05289136250613894
33.14998674000055,-0.008957519181629696
33.15832007000055,-0.07287236948244454
33.166653400000556,-0.1367807134709426
33.174986730000555,-0.19874902905594757
33.183320060000554,-0.25707191843084715
33.19165339000055,-0.31031186298866065
33.19998672000055,-0.357293285113413
33.20832005000055,-0.39715018321720597
33.21665338000055,-0.42923610982852245
33.22498671000055,-0.45309751758913547
33.23332004000055,-0.468448696995597
33.241653370000556,-0.4751446329456821
33.249986700000555,-0.47315444141406404
33.258320030000554,-0.4625374675632045
33.266653360000554,-0.44342349457908836
33.27498669000055,-0.4159963180395851
33.28332002000055,-0.3804819364363191
33.29165335000055,-0.3371406101315232
33.29998668000056,-0.2862622147938883
33.30832001000056,-0.2281652601390544
33.316653340000556,-0.16319833007141962
33.324986670000555,-0.09174381520171872
33.333320000000555,-0.014224037967336962
33.341653330000554,0.06890096281171157
33.34998666000055,0.1571220542431075
33.35831999000055,0.2498629679726606
33.36665332000055,0.3464691906095452
33.37498665000056,0.44619812323104885
33.38331998000056,0.5482195794548802
33.39165331000056,0.6515873849346344
33.399986640000556,0.755171207329249
33.408319970000555,0.8574965718051153
33.416653300000554,0.9566500588115416
33.424986630000554,1.0498764375055645
33.43331996000056,1.1329926930213519
33.44165329000056,1.1996199162810115
33.44998662000056,1.2406019228144036
33.45831995000056,1.2444970534754944
33.46665328000056,1.200796291205691
33.474986610000556,1.1056908093272015
33.483319940000555,0.9652500914606884
33.491653270000555,0.7920481279533602
33.499986600000554,0.5995284144843043
33.50831993000056,0.398777441658373
33.51665326000056,0.19792243984118144
33.52498659000056,0.0026888359737315087
33.53331992000056,-0.18287005674543533
33.54165325000056,-0.3558115813655142
33.54998658000056,-0.5139795325233646
33.558319910000556,-0.6561319417993156
33.56665324000056,-0.7814679160786198
33.57498657000056,-0.8892859442247458
33.58331990000056,-0.9789825502605752
33.59165323000056,-1.050055992423478
33.59998656000056,-1.1021105203214083
33.60831989000056,-1.1348586960098792
33.61665322000056,-1.1481210269402533
33.62498655000056,-1.1418286996075662
33.633319880000556,-1.1160246603235258
33.64165321000056,-1.0708643665502466
33.64998654000056,-1.0066131931468605
33.65831987000056,-0.9236468736523222
33.66665320000056,-0.8224499834963293
33.67498653000056,-0.7036102373630263
33.68331986000056,-0.5678163521006286
33.69165319000056,-0.4160435406357433
33.699986520000564,-0.2502176355121894
33.708319850000564,-0.07313611504986971
33.71665318000056,0.11126828824214924
33.72498651000056,0.2973703970812347
33.73331984000056,0.47712964439995875
33.74165317000056,0.6396456667544151
33.74998650000056,0.7719686741903354
33.75831983000056,0.8627503561077969
33.76665316000056,0.907603598448376
33.774986490000565,0.91154939371837
33.783319820000564,0.8854818618181531
33.79165315000056,0.8407968237777039
33.79998648000056,0.7864874955718504
33.80831981000056,0.7286587743625588
33.81665314000056,0.6711423738795477
33.82498647000056,0.6161803351285441
33.83331980000057,0.5649554581303956
33.841653130000566,0.5179895238018285
33.849986460000565,0.47534080770811393
33.858319790000564,0.4367584274335753
33.866653120000564,0.40176991230817927
33.87498645000056,0.369670027962633
33.88331978000056,0.3396447330119654
33.89165311000056,0.3107518628842134
33.89998644000056,0.2820453450125543
33.90831977000057,0.25259632878462757
33.916653100000566,0.22160940180367916
33.924986430000565,0.18853575292336933
33.933319760000565,0.1530624368147001
33.941653090000564,0.11517620537164185
33.94998642000056,0.0751803530920808
33.95831975000056,0.03365206350684445
33.96665308000057,-0.008658323717865872
33.97498641000057,-0.05091517610045828
33.98331974000057,-0.09223928921343724
33.99165307000057,-0.13176922783299722
33.999986400000566,-0.1687286400843036
34.008319730000565,-0.20249152826552777
34.016653060000564,-0.23254670099301764
34.024986390000564,-0.25848448352087167
34.03331972000056,-0.2799815953254184
34.04165305000057,-0.29679051627939784
34.04998638000057,-0.3087233183896217
34.05831971000057,-0.3156314330535202
34.06665304000057,-0.31738687259444126
34.074986370000566,-0.3138671027464561
34.083319700000565,-0.30494366520629695
34.091653030000565,-0.2904753937681358
34.09998636000057,-0.27030785659266165
34.10831969000057,-0.24430042474008026
34.11665302000057,-0.2123356677705708
34.12498635000057,-0.1743046232841761
34.13331968000057,-0.13011451391757492
34.14165301000057,-0.07969859174941604
34.14998634000057,-0.023026623480744014
34.158319670000566,0.039880875931931195
34.166653000000565,0.10891438446013349
34.17498633000057,0.18389004417210875
34.18331966000057,0.26455460047827806
34.19165299000057,0.3505797586967893
34.19998632000057,0.44155718921123294
34.20831965000057,0.5369958264305486
34.21665298000057,0.6363272368996339
34.22498631000057,0.7388864390366829
34.23331964000057,0.843888973428465
34.24165297000057,0.9503998460728967
34.24998630000057,1.057256051093108
34.25831963000057,1.1628573066237577
34.26665296000057,1.2649086624765464
34.27498629000057,1.359809278365985
34.28331962000057,1.4417757008766519
34.29165295000057,1.5016323644905227
34.29998628000057,1.5260510691894393
34.308319610000574,1.4996604691419289
34.31665294000057,1.412217026132225
34.32498627000057,1.266350536731882
34.33331960000057,1.0763288041930943
34.34165293000057,0.8593446453475635
34.34998626000057,0.629553960545529
34.35831959000057,0.3969914791648276
34.366652920000575,0.16844807743698909
34.374986250000575,-0.05143311235956062
34.383319580000574,-0.2593566705067945
34.39165291000057,-0.45298325518675464
34.39998624000057,-0.6309920861523522
34.40831957000057,-0.7923904058487777
34.41665290000057,-0.9362793093855956
34.42498623000057,-1.0618599364397132
34.43331956000057,-1.1684368223145394
34.441652890000576,-1.2554242186317313
34.449986220000575,-1.322348231408593
34.458319550000574,-1.3688512139412485
34.466652880000574,-1.3946922910184132
34.47498621000057,-1.3997484224905528
34.48331954000057,-1.3840156738987337
34.49165287000057,-1.3476085796978954
34.49998620000058,-1.2907602325775105
34.50831953000058,-1.2138212534205033
34.516652860000576,-1.1172543069305547
34.524986190000575,-1.0018091355088818
34.533319520000575,-0.8689489103212746
34.541652850000574,-0.7206995417841083
34.54998618000057,-0.5597617044534843
34.55831951000057,-0.3897500400242913
34.56665284000057,-0.21548901746198362
34.57498617000058,-0.043261765743719455
34.58331950000058,0.11922479519051564
34.59165283000058,0.26356598062989783
34.599986160000576,0.38246237600620514
34.608319490000575,0.47196136641219777
34.616652820000574,0.5328314869531027
34.624986150000574,0.5697551801201567
34.63331948000058,0.5890331471233023
34.64165281000058,0.596538203147369
34.64998614000058,0.5967465842878185
34.65831947000058,0.5926324676573181
34.66665280000058,0.5859242498989713
34.674986130000576,0.577468725445257
34.683319460000575,0.5675264880458982
34.691652790000575,0.5560685300550974
34.699986120000574,0.5429410776744794
34.70831945000058,0.527950665907339
34.71665278000058,0.5109507312052355
34.72498611000058,0.4918984643144921
34.73331944000058,0.47086784208128446
34.74165277000058,0.4480433156321777
34.74998610000058,0.423701455193958
34.758319430000576,0.39818617040293336
34.76665276000058,0.37187482820936335
34.77498609000058,0.34513095508806246
34.78331942000058,0.31830292292621865
34.79165275000058,0.29171770620484505
34.79998608000058,0.2656708810794797
34.80831941000058,0.24042027422562842
34.81665274000058,0.2161828510144113
34.82498607000058,0.19313652994740074
34.833319400000576,0.17141497438600817
34.84165273000058,0.151105582030313
34.84998606000058,0.1322514555814975
34.85831939000058,0.11485632787809792
34.86665272000058,0.09889283598794818
34.87498605000058,0.08431496081636118
34.88331938000058,0.07107448069330428
34.89165271000058,0.05913970261975948
34.899986040000584,0.048516113501615235
34.908319370000584,0.03926784187749115
34.91665270000058,0.03153652867369298
34.92498603000058,0.02555588064945561
34.93331936000058,0.02166117780643149
34.94165269000058,0.020291217402737767
34.94998602000058,0.021983147554097398
34.95831935000058,0.027351438715069787
34.96665268000058,0.03699911181016682
34.974986010000585,0.05152649542866766
34.983319340000584,0.0715408927054818
34.99165267000058,0.09756657124129259
34.99998600000058,0.13004559815076305
35.00831933000058,0.16936585449722422
35.01665266000058,0.2157948488117677
35.02498599000058,0.26947143576577015
35.03331932000059,0.3304392789846453
35.041652650000586,0.3986338200385114
35.049985980000585,0.4738665443429161
35.058319310000584,0.5558023548194285
35.066652640000584,0.6439531934296292
35.07498597000058,0.7376467249631051
35.08331930000058,0.8359671089742515
35.09165263000058,0.937688676071796
35.09998596000058,1.041070331265711
35.10831929000059,1.1434920486652513
35.116652620000586,1.2407903085676137
35.124985950000585,1.3261932883089498
35.133319280000585,1.388909564205916
35.141652610000584,1.4131574580958712
35.14998594000058,1.380935341739929
35.15831927000058,1.281511229008292
35.16665260000059,1.1203461891021387
35.17498593000059,0.9152059779726996
35.18331926000059,0.684981640374901
35.19165259000059,0.4441142808287389
35.199985920000586,0.20234075545716038
35.208319250000585,-0.0339200926220694
35.216652580000584,-0.2603271794447227
35.22498591000058,-0.47380501137621284
35.23331924000058,-0.6720789475400791
35.24165257000059,-0.8536498306547986
35.24998590000059,-1.0175048340919561
35.25831923000059,-1.1627457129159897
35.26665256000059,-1.2885817863272053
35.274985890000586,-1.3943359204853254
35.283319220000585,-1.4794450757153332
35.291652550000585,-1.54346593276431
35.29998588000059,-1.5860743991036008
35.30831921000059,-1.6070657384936584
35.31665254000059,-1.6063560221991338
35.32498587000059,-1.5839813181586289
35.33331920000059,-1.5400959876240714
35.34165253000059,-1.4749918041551766
35.34998586000059,-1.3893257757728552
35.358319190000586,-1.2841211514449176
35.366652520000585,-1.1607036202506487
35.37498585000059,-1.0207513446653478
35.38331918000059,-0.8663736382712495
35.39165251000059,-0.7002029847899248
35.39998584000059,-0.5254885108728383
35.40831917000059,-0.34617066474514285
35.41665250000059,-0.1668682201371911
35.42498583000059,0.007295155857573574
35.43331916000059,0.1711455644160602
35.44165249000059,0.32011737894192027
35.44998582000059,0.45107432566701966
35.45831915000059,0.5627747305251871
35.46665248000059,0.6558106520855471
35.47498581000059,0.7319713677159863
35.48331914000059,0.7935121442069639
35.49165247000059,0.8425613643377613
35.49998580000059,0.8808149573601645
35.508319130000594,0.9095595464638898
35.51665246000059,0.929689990888541
35.52498579000059,0.9419251485509944
35.53331912000059,0.946931311759552
35.54165245000059,0.9453317360111054
35.54998578000059,0.937736633478336
35.55831911000059,0.9247955678394841
35.566652440000595,0.9071833026900569
35.574985770000595,0.8855632671518884
35.583319100000594,0.8605224494808146
35.59165243000059,0.8326066921423647
35.59998576000059,0.8023313609718589
35.60831909000059,0.770178162700203
35.61665242000059,0.7365942465810615
35.62498575000059,0.7019951435643317
35.63331908000059,0.6667520944982852
35.641652410000596,0.631174944596947
35.649985740000595,0.5954933649437857
35.658319070000594,0.559836280181699
35.666652400000594,0.5242129733008123
35.67498573000059,0.48850019235517095
35.68331906000059,0.4524415507917203
35.69165239000059,0.4156635156387993
35.6999857200006,0.37766680045098955
35.7083190500006,0.3378409882245137
35.716652380000596,0.29562033964057854
35.724985710000595,0.2505746123904381
35.733319040000595,0.2024567153831827
35.741652370000594,0.1513484153107359
35.74998570000059,0.09774464293589039
35.75831903000059,0.0425417960749715
35.76665236000059,-0.013040620471041604
35.7749856900006,-0.06747535596465586
35.7833190200006,-0.11912440559786029
35.7916523500006,-0.16631981531043533
35.799985680000596,-0.20747564087612105
35.808319010000595,-0.2411168398739942
35.816652340000594,-0.2659587557336027
35.82498567000059,-0.28091898987576924
35.8333190000006,-0.28510526605231623
35.8416523300006,-0.27783298604785617
35.8499856600006,-0.25859874879312744
35.8583189900006,-0.22707553445247033
35.8666523200006,-0.18313828051611306
35.874985650000596,-0.12682128338590345
35.883318980000595,-0.05832411838439943
35.891652310000595,0.021978412732382966
35.899985640000594,0.11351682236765724
35.9083189700006,0.21550291962914764
35.9166523000006,0.32687931418164895
35.9249856300006,0.4461927453088057
35.9333189600006,0.5714339739785287
35.9416522900006,0.699708966158056
35.9499856200006,0.8266491133279081
35.958318950000596,0.9454771369023867
35.9666522800006,1.045630394302923
35.9749856100006,1.1118131251560373
35.9833189400006,1.1257393400945968
35.9916522700006,1.0743815697969372
35.9999856000006,0.9598150484706909
36.0083189300006,0.7977373574461528
36.0166522600006,0.6067516252282662
36.0249855900006,0.40176145371437655
36.033318920000596,0.1929976601546184
36.0416522500006,-0.01279464670563657
36.0499855800006,-0.211093136178589
36.0583189100006,-0.3987310374114672
36.0666522400006,-0.5733772256536621
36.0749855700006,-0.7332491778957793
36.0833189000006,-0.8769377386478081
36.0916522300006,-1.0033265590792853
36.099985560000604,-1.1115114698555244
36.108318890000604,-1.2007881389855684
36.1166522200006,-1.2706633249224766
36.1249855500006,-1.3207740519943192
36.1333188800006,-1.3508810071127804
36.1416522100006,-1.3609308433340386
36.1499855400006,-1.351037827100112
36.1583188700006,-1.3214718541758257
36.1666522000006,-1.2726604282629497
36.174985530000605,-1.2052244855755208
36.183318860000604,-1.1199805911581615
36.1916521900006,-1.017948739635169
36.1999855200006,-0.9003927630595594
36.2083188500006,-0.7688308798159644
36.2166521800006,-0.6250672367747628
36.2249855100006,-0.4712194158364359
36.23331884000061,-0.3097314423568666
36.241652170000606,-0.14337467056697295
36.249985500000605,0.024797279362626108
36.258318830000604,0.19151038493644193
36.2666521600006,0.35344760214355253
36.2749854900006,0.5074024642866586
36.2833188200006,0.6505697815407231
36.2916521500006,0.780685818053077
36.2999854800006,0.8961784925879411
36.30831881000061,0.9961390201128499
36.316652140000606,1.080219053667689
36.324985470000605,1.1485226249759948
36.333318800000605,1.2014915258107608
36.341652130000604,1.239772155684175
36.3499854600006,1.264111564957293
36.3583187900006,1.2754281499628506
36.36665212000061,1.2747825105433883
36.37498545000061,1.2632694040213877
36.38331878000061,1.2420849262936615
36.39165211000061,1.2124456065834308
36.399985440000606,1.1755299476062255
36.408318770000605,1.1325460516248465
36.416652100000604,1.0846211493164812
36.4249854300006,1.0328062415669808
36.4333187600006,0.9781213025965295
36.44165209000061,0.9214991673047783
36.44998542000061,0.8637378061940838
36.45831875000061,0.8055367878158274
36.46665208000061,0.747471390410586
36.474985410000606,0.6899613008876964
36.483318740000605,0.633222045805516
36.491652070000605,0.5772254062579706
36.49998540000061,0.5216653809555029
36.50831873000061,0.4658566984310717
36.51665206000061,0.4087956965314753
36.52498539000061,0.34913850924793455
36.53331872000061,0.28533633954307286
36.54165205000061,0.21583289116891394
36.54998538000061,0.13933304172732427
36.558318710000606,0.055203870790064974
36.566652040000605,-0.036302154124753426
36.57498537000061,-0.13399069398191982
36.58331870000061,-0.23576424698331466
36.59165203000061,-0.33888944400150045
36.59998536000061,-0.4403877901499998
36.60831869000061,-0.5373110107167351
36.61665202000061,-0.6269418829047897
36.62498535000061,-0.7069062891247017
36.63331868000061,-0.7752000877969153
36.64165201000061,-0.8301856824374559
36.64998534000061,-0.8705581647435502
36.65831867000061,-0.8953065965107657
36.66665200000061,-0.9036899496744217
36.67498533000061,-0.8951862552341205
36.68331866000061,-0.8695059571811253
36.69165199000061,-0.8265390986301258
36.69998532000061,-0.76635334806641
36.708318650000614,-0.689212232607816
36.71665198000061,-0.5955591938712489
36.72498531000061,-0.48604099997055356
36.73331864000061,-0.36153000817054964
36.74165197000061,-0.22314191210002388
36.74998530000061,-0.07234085490081951
36.75831863000061,0.08895464780508408
36.766651960000615,0.25814587781455184
36.774985290000615,0.4315933333802345
36.783318620000614,0.6039989302701402
36.79165195000061,0.7674578424600441
36.79998528000061,0.910338824868399
36.80831861000061,1.0170279560529552
36.81665194000061,1.070832422010641
36.82498527000061,1.062092255532408
36.83331860000061,0.9951353908141743
36.841651930000616,0.8846669256939536
36.849985260000615,0.7467455249580671
36.858318590000614,0.5940594736009667
36.86665192000061,0.43538029076526863
36.87498525000061,0.27658940254811726
36.88331858000061,0.12170794956764182
36.89165191000061,-0.02637918514706938
36.89998524000062,-0.16550853168144508
36.90831857000062,-0.2939891317013808
36.916651900000616,-0.4104626589124215
36.924985230000615,-0.5138220972588915
36.933318560000615,-0.6031943038171699
36.941651890000614,-0.6778703317114433
36.94998522000061,-0.737302019888263
36.95831855000061,-0.7810960066597209
36.96665188000061,-0.8090083352307694
36.97498521000062,-0.8209395307337126
36.98331854000062,-0.8169336090779935
36.99165187000062,-0.7971762754703272
36.999985200000616,-0.7619906171421623
37.008318530000615,-0.7118421686743346
37.016651860000614,-0.6473808066268812
37.02498519000061,-0.5694210758921485
37.03331852000062,-0.47892449638922635
37.04165185000062,-0.37706674132213297
37.04998518000062,-0.26519639832156344
37.05831851000062,-0.14487733382592197
37.06665184000062,-0.017870685890060745
37.074985170000616,0.11384388629909376
37.083318500000615,0.24809761048434523
37.091651830000615,0.3825410461591814
37.099985160000614,0.5146950916566695
37.10831849000062,0.6420012437561256
37.11665182000062,0.7619089459624494
37.12498515000062,0.8719880793781861
37.13331848000062,0.9700012379824632
37.14165181000062,1.0540203265486578
37.14998514000062,1.1224933679571707
37.158318470000616,1.1744131224928143
37.16665180000062,1.2093190368115023
37.17498513000062,1.2273075531268702
37.18331846000062,1.2290341286374529
37.19165179000062,1.215658169061719
37.19998512000062,1.1886693368173042
37.20831845000062,1.1498715263009485
37.21665178000062,1.1011846161950416
37.22498511000062,1.0446119675112455
37.233318440000616,0.9820790371667567
37.24165177000062,0.9154133519867632
37.24998510000062,0.8462779483648099
37.25831843000062,0.7761704475985246
37.26665176000062,0.7063884982498166
37.27498509000062,0.6380911874988469
37.28331842000062,0.572192104030576
37.29165175000062,0.5093773879554022
37.299985080000624,0.4500908792411276
37.30831841000062,0.3944863764460639
37.31665174000062,0.34236763157348127
37.32498507000062,0.29305573237463045
37.33331840000062,0.24536233330094429
37.34165173000062,0.19747366236660807
37.34998506000062,0.14694004650369072
37.35831839000062,0.09078322838598547
37.36665172000062,0.025833520897046033
37.374985050000625,-0.050649980070439776
37.383318380000624,-0.14020152001459174
37.39165171000062,-0.24251707652897578
37.39998504000062,-0.35538144934606125
37.40831837000062,-0.47509575689352296
37.41665170000062,-0.5972012194507907
37.42498503000062,-0.7172262681859546
37.43331836000063,-0.8311144204351959
37.441651690000626,-0.9354418511375587
37.449985020000625,-1.0274362034947808
37.458318350000624,-1.1049130818420898
37.46665168000062,-1.166185314767847
37.47498501000062,-1.2099792848165005
37.48331834000062,-1.2353534075872346
37.49165167000062,-1.2416580640564014
37.49998500000062,-1.228547203230257
37.50831833000063,-1.196042375212674
37.516651660000626,-1.1443090249317314
37.524984990000625,-1.0736232462287418
37.533318320000625,-0.9843694069719431
37.541651650000624,-0.8770405669156616
37.54998498000062,-0.7522349264242392
37.55831831000062,-0.6106504201845466
37.56665164000063,-0.4531632185986794
37.57498497000063,-0.28112981086462085
37.58331830000063,-0.09632019918453609
37.59165163000063,0.09899864529433094
37.599984960000626,0.3018471024387379
37.608318290000625,0.5081792464147274
37.616651620000624,0.7123237498160897
37.62498495000062,0.9062094620307827
37.63331828000062,1.0785765482957055
37.64165161000063,1.2152273084127316
37.64998494000063,1.3018342924020456
37.65831827000063,1.3304495626064734
37.66665160000063,1.304214516350821
37.674984930000626,1.2347051277814436
37.683318260000625,1.1352825878542108
37.691651590000625,1.0169550569965686
37.69998492000063,0.8876901742959803
37.70831825000063,0.7530608543431938
37.71665158000063,0.617021817192176
37.72498491000063,0.48252638604371595
37.73331824000063,0.3518690543219234
37.74165157000063,0.22691891206774367
37.74998490000063,0.10921577652959501
37.758318230000626,7.617796086967433e-05
37.766651560000625,-0.09941478996341858
37.77498489000063,-0.18833495592578164
37.78331822000063,-0.265909958138725
37.79165155000063,-0.331506182029429
37.79998488000063,-0.38464067827367937
37.80831821000063,-0.42497330073578304
37.81665154000063,-0.4522914690310931
37.82498487000063,-0.46651034623676957
37.83331820000063,-0.467688309306121
37.84165153000063,-0.4560221573199238
37.84998486000063,-0.4318392781686471
37.85831819000063,-0.39559481875149366
37.86665152000063,-0.34787743388846537
37.87498485000063,-0.28946138361477425
37.88331818000063,-0.2212617605982293
37.89165151000063,-0.144342041318682
37.89998484000063,-0.05997906339948078
37.90831817000063,0.030403356617171376
37.91665150000063,0.12516889230346417
37.92498483000063,0.22249947375342158
37.93331816000063,0.3203627582666159
37.94165149000063,0.41655347430690476
37.94998482000063,0.5086855666233242
37.95831815000063,0.5942154665649739
37.966651480000635,0.6705712710478401
37.974984810000635,0.7352570880309955
37.983318140000634,0.7859864660379312
37.99165147000063,0.8210008219287617
37.99998480000063,0.8392296848631873
38.00831813000063,0.8405362620626191
38.01665146000063,0.8257749273391362
38.02498479000063,0.7966258646150401
38.03331812000063,0.7554331096375463
38.041651450000636,0.7048548260665649
38.049984780000635,0.6476115828466591
38.058318110000634,0.5863008094921103
38.06665144000063,0.5233019417851335
38.07498477000063,0.46070532819378235
38.08331810000063,0.4002731913661963
38.09165143000063,0.34347820329688833
38.09998476000064,0.2914966821839419
38.10831809000064,0.24527621857412785
38.116651420000636,0.20545821660929228
38.124984750000635,0.17240548708731285
38.133318080000635,0.14618380091070693
38.141651410000634,0.1264837971566671
38.14998474000063,0.11249987053814707
38.15831807000063,0.10284154081135169
38.16665140000063,0.0953347667521105
38.17498473000064,0.08687127008000034
38.18331806000064,0.07336380688323817
38.19165139000064,0.0499076638310006
38.199984720000636,0.011481702799757187
38.208318050000635,-0.04574142182410094
38.216651380000634,-0.12307173377176224
38.22498471000063,-0.2185760932317969
38.23331804000064,-0.3276079584556754
38.24165137000064,-0.4442158224702059
38.24998470000064,-0.5623813739498763
38.25831803000064,-0.6768322416365921
38.26665136000064,-0.7832969281230565
38.274984690000636,-0.8784730675142326
38.283318020000635,-0.9598628609606497
38.291651350000635,-1.0256057260797815
38.299984680000634,-1.0743316377115664
38.30831801000064,-1.1050552624549177
38.31665134000064,-1.117183050444279
38.32498467000064,-1.110583960935858
38.33331800000064,-1.0852806277752158
38.34165133000064,-1.041403076280502
38.349984660000636,-0.9791880484678249
38.358317990000636,-0.8989786534440013
38.36665132000064,-0.801223251775535
38.37498465000064,-0.6864694433184487
38.38331798000064,-0.5553630429760612
38.39165131000064,-0.4086429822111098
38.39998464000064,-0.24718736845380018
38.40831797000064,-0.0723778898701396
38.41665130000064,0.11393618237892672
38.42498463000064,0.3094266155931303
38.433317960000636,0.5110940671063501
38.44165129000064,0.7149718476752807
38.44998462000064,0.9156760119602204
38.45831795000064,1.1058354418553702
38.46665128000064,1.2756159489395762
38.47498461000064,1.412954115896631
38.48331794000064,1.5056883123415454
38.49165127000064,1.546151517798024
38.499984600000644,1.5348832013114848
38.50831793000064,1.4796737383998237
38.51665126000064,1.3911909659522075
38.52498459000064,1.2792631776462458
38.53331792000064,1.1515347399402884
38.54165125000064,1.0136515605108884
38.54998458000064,0.8698610150446946
38.55831791000064,0.7234489290510265
38.56665124000064,0.5770635238290008
38.574984570000645,0.4329460193863299
38.583317900000644,0.29298878720778887
38.59165123000064,0.1588672395769105
38.59998456000064,0.032010677647905154
38.60831789000064,-0.08631241896896863
38.61665122000064,-0.19498825050225624
38.62498455000064,-0.29309465175619875
38.63331788000065,-0.37984758945168207
38.641651210000646,-0.4545886366976699
38.649984540000645,-0.5167941464194843
38.658317870000644,-0.5660746165270465
38.66665120000064,-0.6021732430815484
38.67498453000064,-0.6249642465162569
38.68331786000064,-0.6344509243570435
38.69165119000064,-0.6307646155140749
38.69998452000064,-0.6141641214904838
38.70831785000065,-0.5850552192352004
38.716651180000646,-0.5440252357325276
38.724984510000645,-0.49180861595720343
38.733317840000645,-0.42930468943665445
38.741651170000644,-0.3576415530067796
38.74998450000064,-0.2781338126978904
38.75831783000064,-0.19238948996817468
38.76665116000065,-0.10228924987397614
38.77498449000065,-0.01005894007976343
38.78331782000065,0.08168245123171926
38.79165115000065,0.16995285795986703
38.799984480000646,0.25144518615137684
38.808317810000645,0.32268480324481297
38.816651140000644,0.3804345305407584
38.82498447000064,0.4221611960018497
38.83331780000064,0.4465691826621145
38.84165113000065,0.4538282657270734
38.84998446000065,0.4455848139569883
38.85831779000065,0.42463030838046434
38.86665112000065,0.3943212514270934
38.874984450000646,0.35812241322970517
38.883317780000645,0.3192418408247012
38.891651110000645,0.2804443404161442
38.89998444000065,0.24401407261548771
38.90831777000065,0.21179737512350214
38.91665110000065,0.18523286826424862
38.92498443000065,0.16540355944881535
38.93331776000065,0.15307078909248176
38.94165109000065,0.148741251989517
38.949984420000646,0.15262893488990922
38.958317750000646,0.16465417863294085
38.966651080000645,0.18438769421985152
38.97498441000065,0.2110044185024453
38.98331774000065,0.24315505833540335
38.99165107000065,0.2787651388258648
38.99998440000065,0.31481984350701553
39.00831773000065,0.3471066104736729
39.01665106000065,0.37006736638682236
39.02498439000065,0.37717135570880755
39.03331772000065,0.3619821195046634
39.04165105000065,0.3200861867330981
39.04998438000065,0.25102816553362495
39.05831771000065,0.15869527780727957
39.06665104000065,0.04976644435033458
39.07498437000065,-0.06827834758034149
39.08331770000065,-0.18868316914207564
39.09165103000065,-0.30597518166614707
39.09998436000065,-0.41597802388452326
39.10831769000065,-0.5155837751646699
39.11665102000065,-0.6024947079502376
39.12498435000065,-0.6750187995140706
39.13331768000065,-0.7319124275989434
39.14165101000065,-0.7723470827043303
39.14998434000065,-0.7960045857359945
39.15831767000065,-0.8027477321985429
39.166651000000655,-0.7925358944538338
39.174984330000655,-0.765424926913592
39.183317660000654,-0.7215671453196184
39.19165099000065,-0.6612108883307561
39.19998432000065,-0.5846994152264928
39.20831765000065,-0.49246675477593427
39.21665098000065,-0.3850351521986514
39.22498431000065,-0.26301746499063516
39.23331764000065,-0.1273195378459702
39.241650970000656,0.0206607701895026
39.249984300000655,0.17916312944165705
39.258317630000654,0.3459808878277473
39.26665096000065,0.5183016360737347
39.27498429000065,0.6924830088538727
39.28331762000065,0.8637299314969796
39.29165095000065,1.0257672946353127
39.29998428000066,1.1705887437512417
39.30831761000066,1.2888170092871774
39.316650940000656,1.371020090405681
39.324984270000655,1.4103458301483005
39.333317600000655,1.4051195211559462
39.341650930000654,1.3591362620982619
39.34998426000065,1.2794456932111486
39.35831759000065,1.1736992974339633
39.36665092000065,1.0486415994580816
39.37498425000066,0.9097697710132716
39.38331758000066,0.7615558015821079
39.391650910000656,0.6076774315857835
39.399984240000656,0.4512481749879033
39.408317570000655,0.294987022481035
39.416650900000654,0.1412699335816425
39.42498423000065,-0.007774708297260207
39.43331756000066,-0.15028989644608806
39.44165089000066,-0.2846030331745143
39.44998422000066,-0.40927461800960707
39.45831755000066,-0.52303759857157
39.46665088000066,-0.624780273914709
39.474984210000656,-0.7135953406389255
39.483317540000655,-0.7887239126714437
39.491650870000655,-0.8495476106245977
39.499984200000654,-0.8955957245394579
39.50831753000066,-0.9265447087778342
39.51665086000066,-0.9422187866883727
39.52498419000066,-0.9425910408325657
39.53331752000066,-0.9277854700541629
39.54165085000066,-0.8980810484685215
39.549984180000656,-0.8539168065543515
39.558317510000656,-0.7959135437208192
39.56665084000066,-0.7249362012070318
39.57498417000066,-0.6420634181226743
39.58331750000066,-0.5486739217053912
39.59165083000066,-0.4464940313046634
39.59998416000066,-0.3376750475396659
39.60831749000066,-0.22488757496213388
39.61665082000066,-0.11137756622018943
39.62498415000066,-0.001011213347229554
39.633317480000656,0.10188413566901415
39.64165081000066,0.192826536930214
39.64998414000066,0.2678902950010981
39.65831747000066,0.324494400002406
39.66665080000066,0.36205648995974277
39.67498413000066,0.3821276953136013
39.68331746000066,0.38784917638653416
39.69165079000066,0.3831634986406035
39.699984120000664,0.37209782470253505
39.70831745000066,0.3582688053239281
39.71665078000066,0.344669243715783
39.72498411000066,0.333655098373906
39.73331744000066,0.3270201188114446
39.74165077000066,0.3260942368634805
39.74998410000066,0.33181231365757285
39.75831743000066,0.3447782184938496
39.76665076000066,0.3652878641780651
39.774984090000665,0.39338501766613143
39.783317420000664,0.42884551661830983
39.79165075000066,0.47115891350388284
39.79998408000066,0.5194700126807323
39.80831741000066,0.5724497484105092
39.81665074000066,0.628159457141036
39.82498407000066,0.6838075404982947
39.83331740000067,0.7354648911248922
39.841650730000666,0.7778002045616315
39.849984060000665,0.8040208518003901
39.858317390000664,0.8065736588067224
39.86665072000066,0.7790065782967227
39.87498405000066,0.7183931274058137
39.88331738000066,0.6268289891224934
39.89165071000066,0.5106473212558241
39.89998404000066,0.37807922776536035
39.90831737000067,0.2370067042235204
39.916650700000666,0.0939995580020481
39.924984030000665,-0.045875947778479614
39.933317360000665,-0.1788247478835557
39.941650690000664,-0.30201508005091515
39.94998402000066,-0.41332458669568656
39.95831735000066,-0.511144167570503
39.96665068000067,-0.5942555129746269
39.97498401000067,-0.6617582701336162
39.98331734000067,-0.7131771671940907
39.991650670000666,-0.7482289045343344
39.999984000000666,-0.766721383534087
40.008317330000665,-0.768556082163496
40.016650660000664,-0.753728497257178
40.02498399000066,-0.7223284766369292
40.03331732000066,-0.6745401912349697
40.04165065000067,-0.6106394953284632
40.04998398000067,-0.5310910218448421
40.05831731000067,-0.4367305356592932
40.06665064000067,-0.32862683027960865
40.074983970000666,-0.2081295176463371
40.083317300000665,-0.07691218241143374
40.091650630000665,0.0629424810174638
40.09998396000067,0.20883909745680873
40.10831729000067,0.3575229041423379
40.11665062000067,0.5049431115416678
40.12498395000067,0.6461030440304258
40.13331728000067,0.7750945368159231
40.14165061000067,0.8853091822220222
40.149983940000666,0.9702229411744503
40.158317270000666,1.0245181301460569
40.166650600000665,1.0452327776360815
40.17498393000067,1.0322442943292305
40.18331726000067,0.9878850397032412
40.19165059000067,0.9160443044373813
40.19998392000067,0.8212179767816169
40.20831725000067,0.708002532313338
40.21665058000067,0.5808568037204935
40.22498391000067,0.44393456460431857
40.23331724000067,0.3010632264730263
40.24165057000067,0.1557477038968408
40.24998390000067,0.011108624416014975
40.25831723000067,-0.13007925144670876
40.26665056000067,-0.2654014073669174
40.27498389000067,-0.3927670468877952
40.28331722000067,-0.5103739150670483
40.29165055000067,-0.6167018771907758
40.29998388000067,-0.710455271162549
40.30831721000067,-0.7905838672531478
40.31665054000067,-0.8562070769627288
40.32498387000067,-0.9066399135631432
40.33331720000067,-0.9413916308729227
40.34165053000067,-0.9601272120742974
40.34998386000067,-0.9626708700358034
40.35831719000067,-0.9490100727846551
40.366650520000675,-0.9193004987700136
40.374983850000675,-0.8738713110039865
40.383317180000674,-0.8132343129338362
40.39165051000067,-0.7381442577086399
40.39998384000067,-0.6496009616878867
40.40831717000067,-0.5489035944158823
40.41665050000067,-0.4377291204223684
40.42498383000067,-0.31822254655145715
40.43331716000067,-0.19311214768342472
40.441650490000676,-0.06581634824220207
40.449983820000675,0.05947407686964301
40.458317150000674,0.17789608027774195
40.46665048000067,0.28424607038975813
40.47498381000067,0.3738035408494988
40.48331714000067,0.4433201494842799
40.49165047000067,0.4919106223024672
40.49998380000068,0.5212298708697776
40.50831713000068,0.5348625605587629
40.516650460000676,0.5372472214713699
40.524983790000675,0.5327611533749836
40.533317120000675,0.52522947694517
40.541650450000674,0.5177302387979928
40.54998378000067,0.5126058959853554
40.55831711000067,0.5115786852309168
40.56665044000067,0.5158630977792054
40.57498377000068,0.5262739210730369
40.58331710000068,0.5432810808751019
40.591650430000676,0.5670937342169008
40.599983760000676,0.5976541216175469
40.608317090000675,0.6346282962076152
40.616650420000674,0.677399536956553
40.62498375000067,0.7250327597718434
40.63331708000068,0.7761332195952874
40.64165041000068,0.8287320803102389
40.64998374000068,0.8800729126550256
40.65831707000068,0.9263203194178028
40.66665040000068,0.9622791276532557
40.674983730000676,0.9813512246908943
40.683317060000675,0.9761608914337079
40.691650390000675,0.9401156750948735
40.699983720000674,0.8697831251197774
40.70831705000068,0.7665840252325002
40.71665038000068,0.6362804683448469
40.72498371000068,0.48686519266330097
40.73331704000068,0.32632242037831166
40.74165037000068,0.16145611083403308
40.749983700000676,-0.0023668777176746657
40.758317030000676,-0.16104268387334647
40.76665036000068,-0.31145722528973424
40.77498369000068,-0.45122398541497694
40.78331702000068,-0.5784904877026402
40.79165035000068,-0.6918131796777062
40.79998368000068,-0.7900438793445203
40.80831701000068,-0.872299588252029
40.81665034000068,-0.9379122801625739
40.82498367000068,-0.9863909466462132
40.833317000000676,-1.0174147788720809
40.84165033000068,-1.0308265460217891
40.84998366000068,-1.0266275879591655
40.85831699000068,-1.0049746153775787
40.86665032000068,-0.9661784520832082
40.87498365000068,-0.9107174888557502
40.88331698000068,-0.8392751964032434
40.89165031000068,-0.7527073878405385
40.899983640000684,-0.6520967646746592
40.90831697000068,-0.5387654423900357
40.91665030000068,-0.41431701305851326
40.92498363000068,-0.2806639481120155
40.93331696000068,-0.14008102772860642
40.94165029000068,0.004754369841681786
40.94998362000068,0.1507218007708733
40.95831695000068,0.29425203113371257
40.96665028000068,0.4313364543710216
40.974983610000685,0.5576338113153897
40.983316940000684,0.6686425641363396
40.99165027000068,0.7598864455835801
40.99998360000068,0.8272684447371705
41.00831693000068,0.8674854398275232
41.01665026000068,0.878415465683775
41.02498359000068,0.8595001042230915
41.033316920000686,0.812075086905818
41.041650250000686,0.7392360503032214
41.049983580000685,0.6454648993723325
41.058316910000684,0.5359565263686479
41.06665024000068,0.4159054708962972
41.07498357000068,0.29009146596001345
41.08331690000068,0.16271464844859218
41.09165023000068,0.03730061332504879
41.09998356000068,-0.08321789383871081
41.10831689000069,-0.19644319561080562
41.116650220000686,-0.30041288754742573
41.124983550000685,-0.3935334067022233
41.133316880000685,-0.47451197933592065
41.141650210000684,-0.5423213445372775
41.14998354000068,-0.5961638628485485
41.15831687000068,-0.6354186929495172
41.16665020000069,-0.6596706113165737
41.17498353000069,-0.6686831086743978
41.18331686000069,-0.6623842626307672
41.191650190000686,-0.6408707531851261
41.199983520000686,-0.604415318615638
41.208316850000685,-0.5535091473599536
41.216650180000684,-0.48887014426084163
41.22498351000068,-0.4114611756673279
41.23331684000068,-0.3225885087002427
41.24165017000069,-0.22395333348631918
41.24998350000069,-0.11776765497488736
41.25831683000069,-0.006878212454623818
41.26665016000069,0.10510789720203029
41.274983490000686,0.21378661706933486
41.283316820000685,0.3140664453801213
41.291650150000685,0.4006870117529573
41.29998348000069,0.4691432829460763
41.30831681000069,0.5167624839853288
41.31665014000069,0.5435116114314686
41.32498347000069,0.5519249300131783
41.33331680000069,0.5461762467776442
41.34165013000069,0.5309503811829409
41.349983460000686,0.5106260977666256
41.358316790000686,0.4888907361872134
41.366650120000685,0.4686310470820283
41.37498345000069,0.45200389005556624
41.38331678000069,0.4405672386590014
41.39165011000069,0.43541209200841385
41.39998344000069,0.437227513703998
41.40831677000069,0.4464185057586386
41.41665010000069,0.46311730572248966
41.42498343000069,0.4871815712786821
41.43331676000069,0.5181964395220571
41.44165009000069,0.5554795421189269
41.44998342000069,0.5980290641204646
41.45831675000069,0.6444075488494319
41.46665008000069,0.6926273859055881
41.47498341000069,0.7399784347845487
41.48331674000069,0.7828313671751566
41.49165007000069,0.8164257830704004
41.49998340000069,0.8348597184052631
41.50831673000069,0.8315990738728098
41.51665006000069,0.8007571019831025
41.52498339000069,0.7388568866869879
41.53331672000069,0.6462704037334426
41.54165005000069,0.5271625884493586
41.54998338000069,0.38806129234113834
41.55831671000069,0.23598623869975519
41.566650040000695,0.07729151308278107
41.574983370000695,-0.08275985742220619
41.583316700000694,-0.23999019161304508
41.59165003000069,-0.39113218768396124
41.59998336000069,-0.5336144520507128
41.60831669000069,-0.665398295919964
41.61665002000069,-0.7848425263629792
41.62498335000069,-0.8906350122007137
41.63331668000069,-0.9817169521749051
41.641650010000696,-1.0572302193881324
41.649983340000695,-1.1165225973478146
41.658316670000694,-1.159121269330825
41.66665000000069,-1.1847084354930406
41.67498333000069,-1.1931156845753013
41.68331666000069,-1.1843201281947597
41.69164999000069,-1.1584427738573335
41.6999833200007,-1.1157476045027388
41.7083166500007,-1.056644844871177
41.716649980000696,-0.9817200836709858
41.724983310000695,-0.8917221801629562
41.733316640000695,-0.7875471495734931
41.741649970000694,-0.6702694196988416
41.74998330000069,-0.5411780717491878
41.75831663000069,-0.40174410829308793
41.76664996000069,-0.2536898501728254
41.7749832900007,-0.09897571405596388
41.7833166200007,0.06013646688930376
41.791649950000696,0.22104415518777706
41.799983280000696,0.38074672126287945
41.808316610000695,0.5357240159574913
41.816649940000694,0.681830787445144
41.82498327000069,0.8141543269083681
41.8333166000007,0.9269408465060973
41.8416499300007,1.0139160729126306
41.8499832600007,1.0690628465615064
41.8583165900007,1.0880828939661549
41.8666499200007,1.0700307243554865
41.874983250000696,1.017958880513383
41.883316580000695,0.9379224670578662
41.891649910000694,0.8372259560776659
41.899983240000694,0.7229772587076445
41.9083165700007,0.6012938939794489
41.9166499000007,0.4770945582468619
41.9249832300007,0.3542545933020326
41.9333165600007,0.23578963807537517
41.9416498900007,0.12406435153716545
41.949983220000696,0.020938478559910635
41.958316550000696,-0.07210999668494729
41.9666498800007,-0.15391649371232008
41.9749832100007,-0.2235571316605534
41.9833165400007,-0.2803472861568073
41.9916498700007,-0.323780220727644
41.9999832000007,-0.3535263224686472
42.0083165300007,-0.3694349481696261
42.0166498600007,-0.37153662231558016
42.0249831900007,-0.3600448756080981
42.033316520000696,-0.3353787821350976
42.0416498500007,-0.2982255618151019
42.0499831800007,-0.24954826393893742
42.0583165100007,-0.1906739467639809
42.0666498400007,-0.12338340460349377
42.0749831700007,-0.050020362363909526
42.0833165000007,0.026397049115609375
42.0916498300007,0.10208190750508347
42.099983160000704,0.17256657714676601
42.1083164900007,0.2329746297410155
42.1166498200007,0.27877750092426723
42.1249831500007,0.30678550077202726
42.1333164800007,0.31600510390815345
42.1416498100007,0.30796854988481814
42.1499831400007,0.2861215275025291
42.1583164700007,0.25486718426497773
42.1666498000007,0.21867028020267948
42.174983130000705,0.18145084921070948
42.183316460000704,0.14637659952579612
42.1916497900007,0.11589896422984615
42.1999831200007,0.09183154760271675
42.2083164500007,0.07546464193841029
42.2166497800007,0.06766737599814984
42.2249831100007,0.06896173502923102
42.233316440000706,0.07959990699146836
42.241649770000706,0.09956927227090678
42.249983100000705,0.1285999569795318
42.258316430000704,0.16617494491921897
42.2666497600007,0.2115277416625835
42.2749830900007,0.26355011508715454
42.2833164200007,0.32076836646909374
42.2916497500007,0.38124176908894375
42.2999830800007,0.44246199293802474
42.30831641000071,0.5012119149417724
42.316649740000706,0.5534896258127001
42.324983070000705,0.5945781704482144
42.333316400000705,0.619301911656012
42.341649730000704,0.6227139309537589
42.3499830600007,0.6011542171845454
42.3583163900007,0.5533079657544409
42.36664972000071,0.48056954197514584
42.37498305000071,0.38658038070253664
42.38331638000071,0.27615172763015394
42.391649710000706,0.15430733484588918
42.399983040000706,0.025744787210346246
42.408316370000705,-0.10546579815395982
42.416649700000704,-0.23589289942070876
42.4249830300007,-0.3626662791188635
42.4333163600007,-0.48338941704999366
42.44164969000071,-0.5960337753232303
42.44998302000071,-0.6989110335708929
42.45831635000071,-0.7905653834433116
42.46664968000071,-0.8698076580421736
42.474983010000706,-0.9356164443332694
42.483316340000705,-0.9871694395088606
42.491649670000704,-1.0238284744501491
42.49998300000071,-1.0450974445763337
42.50831633000071,-1.0506179595401133
42.51664966000071,-1.0401835389643281
42.52498299000071,-1.0137455311045023
42.53331632000071,-0.9713931214110899
42.54164965000071,-0.9133519262462377
42.549982980000706,-0.8399816800414961
42.558316310000706,-0.7517804117959864
42.566649640000705,-0.6493992405944228
42.57498297000071,-0.5336656209222594
42.58331630000071,-0.4055666091696396
42.59164963000071,-0.26625718808733434
42.59998296000071,-0.11710088205611921
42.60831629000071,0.04027472568312517
42.61664962000071,0.2039628224912797
42.62498295000071,0.371659329953997
42.63331628000071,0.5405486036140634
42.64164961000071,0.7070898014469646
42.64998294000071,0.8667510360275269
42.65831627000071,1.0136322911284588
42.66664960000071,1.1402355981870265
42.67498293000071,1.2377076936771705
42.68331626000071,1.2971644102905016
42.69164959000071,1.312555801498115
42.69998292000071,1.2835309346060206
42.70831625000071,1.2157552081327916
42.71664958000071,1.1183402147399089
42.72498291000071,1.00073341714328
42.73331624000071,0.8710113193076088
42.74164957000071,0.7355030548418212
42.74998290000071,0.5989537810274355
42.75831623000071,0.46492081577219346
42.766649560000715,0.3361050737846263
42.774982890000715,0.21458484364314692
42.783316220000714,0.1019972015503274
42.79164955000071,-0.00037302033818161536
42.79998288000071,-0.09149751500426388
42.80831621000071,-0.17059871382944436
42.81664954000071,-0.23709156683258362
42.82498287000071,-0.2905748075057464
42.83331620000071,-0.33083074497687875
42.841649530000716,-0.35782737898504435
42.849982860000715,-0.3717351048238052
42.858316190000714,-0.37298129783350387
42.86664952000071,-0.3622459836593131
42.87498285000071,-0.3405469436817799
42.88331618000071,-0.30929196667749403
42.89164951000071,-0.27038107128256805
42.89998284000072,-0.22629668999646982
42.90831617000072,-0.1801514535739636
42.916649500000716,-0.13569015441422616
42.924982830000715,-0.09703451680360484
42.933316160000714,-0.06820264232394453
42.941649490000714,-0.05239024034956365
42.94998282000071,-0.05112215953641476
42.95831615000071,-0.06388880187399489
42.96664948000071,-0.08828087490521412
42.97498281000072,-0.12070853489233879
42.98331614000072,-0.1572250259441193
42.991649470000716,-0.1940963748426233
42.999982800000716,-0.22812871755404446
43.008316130000715,-0.2567865510596178
43.016649460000714,-0.2781363409613599
43.02498279000071,-0.2907614864581613
43.03331612000072,-0.29369817092086903
43.04164945000072,-0.28632252001383596
43.04998278000072,-0.2683450113264716
43.05831611000072,-0.23972847006992695
43.06664944000072,-0.20066854649310342
43.074982770000716,-0.15158246529900254
43.083316100000715,-0.09311573854583378
43.091649430000714,-0.026195756109324744
43.099982760000714,0.04801621927025886
43.10831609000072,0.1280391224908724
43.11664942000072,0.21204547598214696
43.12498275000072,0.29780609418881343
43.13331608000072,0.3826628920718847
43.14164941000072,0.46348046583919206
43.149982740000716,0.5367100308605446
43.158316070000716,0.5985517417584582
43.16664940000072,0.6451984595400987
43.17498273000072,0.673253266877037
43.18331606000072,0.680199394634851
43.19164939000072,0.6648265232044992
43.19998272000072,0.6273873180498308
43.20831605000072,0.5694769297537462
43.21664938000072,0.4936739943812634
43.22498271000072,0.40314976789651896
43.233316040000716,0.30133005296599896
43.24164937000072,0.19168092229783112
43.24998270000072,0.07757202148405032
43.25831603000072,-0.03788005380687564
43.26664936000072,-0.15183749264755156
43.27498269000072,-0.2617609045659794
43.28331602000072,-0.3654327962830221
43.29164935000072,-0.4609241224738037
43.299982680000724,-0.5465824327121936
43.30831601000072,-0.6210157428222058
43.31664934000072,-0.6830566434334342
43.32498267000072,-0.7317642236926527
43.33331600000072,-0.7663679752174688
43.34164933000072,-0.7863045415341275
43.34998266000072,-0.7911642424219149
43.35831599000072,-0.7806831245567968
43.36664932000072,-0.7547557698508192
43.374982650000725,-0.7134383931075797
43.383315980000724,-0.6569295343093539
43.39164931000072,-0.5855707763054621
43.39998264000072,-0.49985018046396296
43.40831597000072,-0.40042296825072937
43.41664930000072,-0.28812868022042964
43.42498263000072,-0.1639832426070641
43.433315960000726,-0.029215198846199233
43.441649290000726,0.11465131930290101
43.449982620000725,0.26575823803829773
43.458315950000724,0.42176600373060785
43.46664928000072,0.5796714832846888
43.47498261000072,0.7354972527014116
43.48331594000072,0.8839035727363174
43.49164927000072,1.017671296538548
43.49998260000072,1.1275490553403564
43.50831593000073,1.2029433815015194
43.516649260000726,1.2345248344324535
43.524982590000725,1.2182973769095082
43.533315920000724,1.157932160106
43.541649250000724,1.062691539147215
43.54998258000072,0.9433341079647317
43.55831591000072,0.8093288299935082
43.56664924000073,0.6680630128743567
43.57498257000073,0.5249579344846855
43.58331590000073,0.3839819966627805
43.591649230000726,0.24806851898829932
43.599982560000726,0.11943869595768433
43.608315890000725,-0.00019271812061444913
43.616649220000724,-0.10950008485997534
43.62498255000072,-0.20743861927611534
43.63331588000072,-0.29319841975272815
43.64164921000073,-0.3662021923363023
43.64998254000073,-0.42607118790886755
43.65831587000073,-0.47263720481714233
43.66664920000073,-0.5059510132191628
43.674982530000726,-0.5262677189182362
43.683315860000725,-0.5341068350921822
43.691649190000724,-0.5302822510376656
43.69998252000073,-0.5159655925538592
43.70831585000073,-0.49272834207624905
43.71664918000073,-0.4626124470063857
43.72498251000073,-0.42818048351565907
43.73331584000073,-0.3924575585988245
43.74164917000073,-0.3588040417858759
43.749982500000726,-0.33058960347123995
43.758315830000726,-0.3106464531424324
43.766649160000725,-0.30072718416563654
43.77498249000073,-0.30113729488175517
43.78331582000073,-0.31066687188583475
43.79164915000073,-0.3269541495069995
43.79998248000073,-0.3469970367497674
43.80831581000073,-0.36767008324124173
43.81664914000073,-0.38613356910372465
43.82498247000073,-0.40000607154882273
43.83331580000073,-0.4073883220077343
43.84164913000073,-0.4068538690789349
43.84998246000073,-0.39738887867464817
43.85831579000073,-0.3783438805926374
43.86664912000073,-0.3493742752476248
43.87498245000073,-0.31037408583057136
43.88331578000073,-0.2614650909400609
43.89164911000073,-0.2029842070519244
43.89998244000073,-0.13546968902705336
43.90831577000073,-0.05964749807889772
43.91664910000073,0.023589382245581797
43.92498243000073,0.11313111891981183
43.93331576000073,0.20764683785927174
43.94164909000073,0.3056014165992004
43.94998242000073,0.4052235441762267
43.95831575000073,0.5045017277784898
43.966649080000735,0.6011749029460296
43.974982410000734,0.6927597677973597
43.983315740000734,0.7765810267615496
43.99164907000073,0.8498012075457042
43.99998240000073,0.9094929645912534
44.00831573000073,0.9527594510566356
44.01664906000073,0.9769095872905227
44.02498239000073,0.9796574762788653
44.03331572000073,0.959347957983915
44.041649050000736,0.9153395154201884
44.049982380000735,0.8482755601000209
44.058315710000734,0.7601711070950764
44.06664904000073,0.6541955836739619
44.07498237000073,0.5343297256312243
44.08331570000073,0.40482832021645493
44.09164903000073,0.26985049527808713
44.09998236000074,0.13324749218918477
44.10831569000074,-0.0016052032198072906
44.116649020000736,-0.1317960066415434
44.124982350000735,-0.254875373525962
44.133315680000734,-0.36878799008557556
44.141649010000734,-0.4718278355117825
44.14998234000073,-0.5625837800850635
44.15831567000073,-0.6399114949181242
44.16664900000073,-0.7028806367013424
44.17498233000074,-0.7507633964021647
44.18331566000074,-0.7830252971421846
44.191648990000736,-0.7992846564839192
44.199982320000736,-0.7993115270213694
44.208315650000735,-0.7830285537414194
44.216648980000734,-0.7505133254717726
44.22498231000073,-0.7020008909402834
44.23331564000074,-0.6378873749292192
44.24164897000074,-0.5587345881839415
44.24998230000074,-0.46527383390867705
44.25831563000074,-0.35844514141168715
44.26664896000074,-0.23945428897401388
44.274982290000736,-0.1098137970088869
44.283315620000735,0.02853745157446157
44.291648950000734,0.1730744930803294
44.299982280000734,0.3204215118061293
44.30831561000074,0.4659951463833605
44.31664894000074,0.6035093527234613
44.32498227000074,0.7245733310755972
44.33331560000074,0.8188823276098158
44.34164893000074,0.8759966803904338
44.349982260000736,0.8889038447818159
44.358315590000736,0.8576195282003776
44.36664892000074,0.7891297352718832
44.37498225000074,0.6937351350990394
44.38331558000074,0.5814941642911626
44.39164891000074,0.4605505729893702
44.39998224000074,0.3369165156298383
44.40831557000074,0.21493338559097633
44.41664890000074,0.09772465693729357
44.42498223000074,-0.012417587309073849
44.433315560000736,-0.11379369050947502
44.44164889000074,-0.20512842593215508
44.44998222000074,-0.28545906484925737
44.45831555000074,-0.3541215067244957
44.46664888000074,-0.4106748469160639
44.47498221000074,-0.4548850192816055
44.48331554000074,-0.48672853760095874
44.49164887000074,-0.506432254687076
44.499982200000744,-0.5144446350170531
44.50831553000074,-0.5114776999742129
44.51664886000074,-0.49853651102291513
44.52498219000074,-0.4769494231685497
44.53331552000074,-0.44839838654210384
44.54164885000074,-0.4149365132922628
44.54998218000074,-0.3789288831709262
44.55831551000074,-0.34296005555403447
44.56664884000074,-0.30964239768506435
44.574982170000744,-0.2813074723602693
44.583315500000744,-0.2596057091639763
44.59164883000074,-0.2453239923798235
44.59998216000074,-0.2381950028058807
44.60831549000074,-0.23705667028858843
44.61664882000074,-0.24009187733292062
44.62498215000074,-0.24515415335521892
44.633315480000746,-0.25006422888078256
44.641648810000746,-0.2528382696133776
44.649982140000745,-0.25179894596585634
44.658315470000744,-0.2456067503621927
44.66664880000074,-0.23322368668380197
44.67498213000074,-0.21392763838500192
44.68331546000074,-0.1872403336597724
44.69164879000074,-0.15288485184166054
44.69998212000074,-0.11079819248381356
44.70831545000075,-0.061102623350785215
44.716648780000746,-0.004064238056365812
44.724982110000745,0.05991587177182641
44.733315440000744,0.1303054022737523
44.741648770000744,0.20641579566732604
44.74998210000074,0.28742058354323935
44.75831543000074,0.3723875003716341
44.76664876000075,0.4602842050790975
44.77498209000075,0.5499097666202764
44.78331542000075,0.6398996655416729
44.791648750000746,0.7287746531107049
44.799982080000746,0.8148532945563962
44.808315410000745,0.8962886440902538
44.816648740000744,0.9709677021175342
44.82498207000074,1.036506809573155
44.83331540000074,1.0902034723573724
44.84164873000075,1.1289919363680816
44.84998206000075,1.149446725422736
44.85831539000075,1.14795164743685
44.86664872000075,1.1211460078700102
44.874982050000746,1.066651500810005
44.883315380000745,0.9838769784352406
44.891648710000744,0.8745486573977158
44.89998204000075,0.7424585658804681
44.90831537000075,0.5927725629152267
44.91664870000075,0.4311447390746231
44.92498203000075,0.262944050213779
44.93331536000075,0.09294987268122877
44.94164869000075,-0.07480379823917713
44.949982020000746,-0.23696743279296498
44.958315350000746,-0.3907942117058567
44.966648680000745,-0.5340315107559582
44.97498201000075,-0.6648338469745887
44.98331534000075,-0.78169202699474
44.99164867000075,-0.8833626418868823
44.99998200000075,-0.9688581281062761
45.00831533000075,-1.0373840133767243
45.01664866000075,-1.0883627482550684
45.02498199000075,-1.121490897100002
45.03331532000075,-1.1365893096681943
45.04164865000075,-1.1335789941865402
45.04998198000075,-1.1124822853878762
45.05831531000075,-1.0734234831820535
45.06664864000075,-1.016628484103214
45.07498197000075,-0.9425181883106285
45.08331530000075,-0.8518179441820708
45.09164863000075,-0.7454735585714108
45.09998196000075,-0.6247299609492746
45.10831529000075,-0.49119009576192213
45.11664862000075,-0.34695328893154004
45.12498195000075,-0.1948070234524848
45.13331528000075,-0.03851656809560211
45.14164861000075,0.11677324001858114
45.14998194000075,0.26412270869017573
45.15831527000075,0.39463090345213325
45.166648600000755,0.4981310690774531
45.174981930000754,0.5656365645987178
45.183315260000754,0.5928601823802542
45.19164859000075,0.5821868490854611
45.19998192000075,0.5412609603534095
45.20831525000075,0.47953999653440516
45.21664858000075,0.4055747784697944
45.22498191000075,0.3259810070418556
45.23331524000075,0.24556728734762404
45.241648570000756,0.16770968151893265
45.249981900000755,0.0947774849120856
45.258315230000754,0.028442241123998433
45.26664856000075,-0.030125035499651603
45.27498189000075,-0.08011759676897268
45.28331522000075,-0.12104293632958282
45.29164855000075,-0.15264015996238253
45.29998188000076,-0.17486021119448156
45.30831521000076,-0.18787061969143923
45.316648540000756,-0.19207893453912467
45.324981870000755,-0.18808113439760976
45.333315200000754,-0.17670423811341018
45.341648530000754,-0.15900277549607886
45.34998186000075,-0.13626006431929294
45.35831519000075,-0.1099684531864745
45.36664852000075,-0.08181586490316688
45.37498185000076,-0.05359428310183059
45.38331518000076,-0.027063931579526898
45.391648510000756,-0.003843667423163466
45.399981840000756,0.01479549799683502
45.408315170000755,0.02805294243314084
45.416648500000754,0.035648587889870374
45.42498183000075,0.03787009353403563
45.43331516000076,0.035445072305921345
45.44164849000076,0.029469059435650775
45.44998182000076,0.02124837979895746
45.45831515000076,0.012101469181495966
45.46664848000076,0.003331509705842279
45.474981810000756,-0.003906042636478447
45.483315140000755,-0.008558821863576186
45.491648470000754,-0.009779160732913126
45.499981800000754,-0.006864672116868868
45.50831513000076,0.0007678184732192611
45.51664846000076,0.013530182483861924
45.52498179000076,0.03170247359487629
45.53331512000076,0.05546533660443333
45.54164845000076,0.0849006556563436
45.549981780000756,0.1199909198659761
45.558315110000756,0.16061749070639494
45.56664844000076,0.20655832634223065
45.57498177000076,0.2574854384390832
45.58331510000076,0.3129672165160104
45.59164843000076,0.37246781249795896
45.59998176000076,0.43533879824512145
45.60831509000076,0.5008164857185217
45.61664842000076,0.5679902476354315
45.62498175000076,0.6357427193827583
45.633315080000756,0.7028158893446526
45.64164841000076,0.7677275039110405
45.64998174000076,0.828723899353826
45.65831507000076,0.883698432939684
45.66664840000076,0.9301023181895283
45.67498173000076,0.9648160893758227
45.68331506000076,0.9840779349030481
45.69164839000076,0.9835087410115131
45.699981720000764,0.9584439574707393
45.70831505000076,0.9047782815963716
45.71664838000076,0.8202074695607454
45.72498171000076,0.7053509975757838
45.73331504000076,0.5639197632082494
45.74164837000076,0.4018541905661352
45.74998170000076,0.22596218368392998
45.75831503000076,0.0427513875495323
45.76664836000076,-0.142098455529266
45.774981690000764,-0.32389722436893564
45.783315020000764,-0.4988689715599978
45.79164835000076,-0.6639911248029893
45.79998168000076,-0.8168457378112962
45.80831501000076,-0.955489166297904
45.81664834000076,-1.0783583134844523
45.82498167000076,-1.1841925958106503
45.833315000000766,-1.2719929938444545
45.841648330000766,-1.341052470379131
45.849981660000765,-1.3909770909527375
45.858314990000764,-1.4214948230256037
45.86664832000076,-1.4324405584300957
45.87498165000076,-1.4237582837510048
45.88331498000076,-1.3955016839642311
45.89164831000076,-1.3478350839630036
45.89998164000076,-1.281031944980854
45.90831497000077,-1.1954775053987576
45.916648300000766,-1.0918430887667312
45.924981630000765,-0.9711726414439744
45.933314960000764,-0.8348297543902007
45.941648290000764,-0.6845781915496538
45.94998162000076,-0.5227202063557927
45.95831495000076,-0.35229622042002146
45.96664828000077,-0.17735860358396882
45.97498161000077,-0.0033073218331488
45.98331494000077,0.1628454468522855
45.991648270000766,0.3125925066618233
45.999981600000766,0.43695143544522913
46.008314930000765,0.5287503496026564
46.016648260000764,0.5853669550699119
46.02498159000076,0.6095827757949118
46.03331492000076,0.6079869359624157
46.04164825000077,0.5883056515762657
46.04998158000077,0.5574010729513333
46.05831491000077,0.5205455244546014
46.06664824000077,0.4815121566471658
46.074981570000766,0.4429151675938651
46.083314900000765,0.40652365044584593
46.091648230000764,0.37348372583595424
46.09998156000077,0.34455275767122384
46.10831489000077,0.32017764869195126
46.11664822000077,0.30054560531869634
46.12498155000077,0.2856361669879137
46.13331488000077,0.27524080558633623
46.14164821000077,0.2689998786228587
46.149981540000766,0.2664314538288455
46.158314870000765,0.2669266752335195
46.166648200000765,0.269710916405299
46.17498153000077,0.27394312877182436
46.18331486000077,0.27868831651007087
46.19164819000077,0.28295082189274345
46.19998152000077,0.2857738319795921
46.20831485000077,0.28620256378153797
46.21664818000077,0.28341457855499697
46.22498151000077,0.27678507855970497
46.23331484000077,0.2658805288148533
46.24164817000077,0.2504855176899075
46.24998150000077,0.23065234734334028
46.25831483000077,0.20669063755094644
46.26664816000077,0.17912291709794761
46.27498149000077,0.14860859634705115
46.28331482000077,0.1159434719201265
46.29164815000077,0.08203789417214169
46.29998148000077,0.04786320945131763
46.30831481000077,0.014350787358852606
46.31664814000077,-0.01755925390002865
46.32498147000077,-0.04692344382520546
46.33331480000077,-0.07289888822142254
46.34164813000077,-0.09471910461682423
46.34998146000077,-0.11167020483711047
46.35831479000077,-0.12313487573956797
46.366648120000775,-0.12863144054708603
46.374981450000774,-0.12776956816942225
46.383314780000774,-0.1202531869168177
46.39164811000077,-0.10589030145827977
46.39998144000077,-0.08460173295775882
46.40831477000077,-0.05642876164581414
46.41664810000077,-0.021539094274088927
46.42498143000077,0.019769151050975785
46.43331476000077,0.06706471302588006
46.441648090000776,0.11978235525407381
46.449981420000775,0.17722394483649126
46.458314750000774,0.23856152035723482
46.46664808000077,0.30278487102380985
46.47498141000077,0.36867740737604854
46.48331474000077,0.4348155761412094
46.49164807000077,0.49942928602541586
46.49998140000078,0.560344347824528
46.50831473000078,0.6148022282253471
46.516648060000776,0.6592003804567
46.524981390000775,0.6888592783893489
46.533314720000774,0.6980108973257347
46.541648050000774,0.6804122168828755
46.54998138000077,0.6307695536886581
46.55831471000077,0.5467456591224213
46.56664804000077,0.43040589444936717
46.57498137000078,0.28775362660807846
46.58331470000078,0.1268443024217584
46.591648030000776,-0.044276940016736266
46.599981360000776,-0.21861859125872823
46.608314690000775,-0.39058291189979444
46.616648020000774,-0.5558317284225354
46.62498135000077,-0.7110364106312915
46.63331468000078,-0.8536360666083127
46.64164801000078,-0.9816427861168056
46.64998134000078,-1.0935042896741862
46.65831467000078,-1.1880135510733572
46.66664800000078,-1.2643290657399489
46.674981330000776,-1.3219987492850351
46.683314660000775,-1.3607057455445313
46.691647990000774,-1.3802377553537113
46.699981320000774,-1.380489484566054
46.70831465000078,-1.3614642873985987
46.71664798000078,-1.3232751615097864
46.72498131000078,-1.2661435376957892
46.73331464000078,-1.1903963985404615
46.74164797000078,-1.0964723487432555
46.749981300000776,-0.9851067108985921
46.758314630000775,-0.8574621884302959
46.76664796000078,-0.7150381432748506
46.77498129000078,-0.559742657448198
46.78331462000078,-0.3940192595915503
46.79164795000078,-0.22100460163205402
46.79998128000078,-0.044735911202950764
46.80831461000078,0.12965271979695867
46.81664794000078,0.2958710754197569
46.82498127000078,0.4468103086966594
46.833314600000776,0.5754679711484914
46.84164793000078,0.6766105549965794
46.84998126000078,0.7483688207611597
46.85831459000078,0.7926092109705406
46.86664792000078,0.8138234769324239
46.87498125000078,0.8174439011171325
46.88331458000078,0.8085407052701463
46.89164791000078,0.7911949982393894
46.899981240000784,0.7684161323572054
46.90831457000078,0.7423136102089242
46.91664790000078,0.7143536398619902
46.92498123000078,0.6854953620719928
46.93331456000078,0.6563972154265938
46.94164789000078,0.6275033131224464
46.94998122000078,0.5990916906741485
46.95831455000078,0.5713117224696952
46.96664788000078,0.5442124492872626
46.974981210000784,0.5177571544843017
46.983314540000784,0.4918367526447898
46.99164787000078,0.4662812690267212
46.99998120000078,0.4408699325483344
47.00831453000078,0.4153249163155179
47.01664786000078,0.3892737760766792
47.02498119000078,0.36230869792267534
47.033314520000786,0.3340196104517227
47.041647850000786,0.3040057900240909
47.049981180000785,0.2718384346504952
47.058314510000784,0.23711901230892704
47.06664784000078,0.19954160959460707
47.07498117000078,0.15891737357956545
47.08331450000078,0.11519580040334435
47.09164783000078,0.06848123581946848
47.09998116000078,0.01904362690011896
47.10831449000079,-0.03267693120596144
47.116647820000786,-0.08607403715677368
47.124981150000785,-0.14038565592957772
47.133314480000784,-0.19469739266681566
47.141647810000784,-0.24797538428932647
47.14998114000078,-0.2991752811564951
47.15831447000078,-0.3472669097974666
47.16664780000079,-0.3912117071184924
47.17498113000079,-0.4300367065470424
47.18331446000079,-0.4628654568607272
47.191647790000786,-0.48888030733612486
47.199981120000785,-0.5073583329457597
47.208314450000785,-0.517729852120691
47.216647780000784,-0.5195342103592937
47.22498111000078,-0.5124121861784431
47.23331444000078,-0.49611330607262144
47.24164777000079,-0.4705043957084573
47.24998110000079,-0.43558925148363875
47.25831443000079,-0.39149737347280805
47.26664776000079,-0.3384751156825705
47.274981090000786,-0.2768893780401059
47.283314420000785,-0.2072384526427034
47.291647750000784,-0.13018319122025204
47.29998108000079,-0.046538652960262585
47.30831441000079,0.04270818861601032
47.31664774000079,0.13635198709117893
47.32498107000079,0.23282933393773347
47.33331440000079,0.3301559811644302
47.34164773000079,0.42564272857616336
47.349981060000786,0.515585585613246
47.358314390000785,0.5948738650053683
47.366647720000785,0.6566016334936805
47.37498105000079,0.6923101148216437
47.38331438000079,0.693513912562068
47.39164771000079,0.6546397628591594
47.39998104000079,0.5759918307774682
47.40831437000079,0.46392918287901186
47.41664770000079,0.32811464256439027
47.42498103000079,0.1783775334888622
47.43331436000079,0.022941550396016402
47.44164769000079,-0.13189982811800405
47.44998102000079,-0.2815022449447047
47.45831435000079,-0.4224529236313679
47.46664768000079,-0.5522155007491827
47.47498101000079,-0.6688776181036546
47.48331434000079,-0.7709797548863538
47.49164767000079,-0.8574140470483889
47.49998100000079,-0.927507873067529
47.50831433000079,-0.9808690534335985
47.51664766000079,-1.0172052600259007
47.52498099000079,-1.0363210295576226
47.53331432000079,-1.03811750251585
47.54164765000079,-1.0225928205460206
47.54998098000079,-0.9898425434136072
47.55831431000079,-0.9400597492977997
47.566647640000795,-0.8735630755902963
47.574980970000794,-0.7910258589469756
47.583314300000794,-0.6934216154798047
47.59164763000079,-0.582005588036818
47.59998096000079,-0.4583463238347555
47.60831429000079,-0.3244087881781061
47.61664762000079,-0.18264144702094715
47.62498095000079,-0.0360760796985705
47.63331428000079,0.11157190861825454
47.641647610000796,0.2558913902886047
47.649980940000795,0.3918682358387013
47.658314270000794,0.5143232905621202
47.66664760000079,0.6185634309370206
47.67498093000079,0.7012544430888767
47.68331426000079,0.7611898908632936
47.69164759000079,0.7993512634214026
47.6999809200008,0.81828744945555
47.7083142500008,0.8212765260964461
47.716647580000796,0.8116189841610707
47.724980910000795,0.7922023916822544
47.733314240000794,0.7653705654469475
47.741647570000794,0.7329425589517802
47.74998090000079,0.696356470756088
47.75831423000079,0.6567081115675784
47.76664756000079,0.6149132716159881
47.7749808900008,0.5717461834485557
47.7833142200008,0.5278221836781712
47.791647550000796,0.48364728434016035
47.799980880000795,0.4396452659290955
47.808314210000795,0.3961499486831862
47.816647540000794,0.35340302134646
47.82498087000079,0.3115540227694606
47.8333142000008,0.2706639884402259
47.8416475300008,0.23070930050172153
47.8499808600008,0.19155364859487525
47.8583141900008,0.1529662612872052
47.8666475200008,0.11466708356082098
47.874980850000796,0.07634770041956583
47.883314180000795,0.03767823322945044
47.891647510000794,-0.0017305301382429508
47.899980840000794,-0.04225663855158746
47.9083141700008,-0.08421870646599762
47.9166475000008,-0.1278545840104747
47.9249808300008,-0.17331367754567545
47.9333141600008,-0.22065697600281794
47.9416474900008,-0.26978655739594004
47.949980820000796,-0.3204075336059257
47.958314150000795,-0.3720213015040254
47.9666474800008,-0.42393295267279596
47.9749808100008,-0.4753091572889256
47.9833141400008,-0.5251695243189566
47.9916474700008,-0.572392712719377
47.9999808000008,-0.6157942870719034
48.0083141300008,-0.654190539491395
48.0166474600008,-0.6863867383657859
48.0249807900008,-0.7112992372268243
48.033314120000796,-0.7279231620464454
48.0416474500008,-0.7353750670984475
48.0499807800008,-0.7329148736336757
48.0583141100008,-0.719910788482079
48.0666474400008,-0.6959126474752414
48.0749807700008,-0.6606157198010336
48.0833141000008,-0.6138413794957439
48.0916474300008,-0.5555588943482833
48.099980760000804,-0.48591369401882717
48.1083140900008,-0.40520197567551386
48.1166474200008,-0.3138679937523694
48.1249807500008,-0.21252217558481512
48.1333140800008,-0.10196808380986225
48.1416474100008,0.016728771205554802
48.1499807400008,0.14221754961294888
48.1583140700008,0.27274147158148654
48.1666474000008,0.4059540989378195
48.174980730000804,0.5386233728083222
48.183314060000804,0.6662106225597968
48.1916473900008,0.7823187078597779
48.1999807200008,0.8782354498051927
48.2083140500008,0.9433298260474074
48.2166473800008,0.9671942260601812
48.2249807100008,0.9439733224041981
48.233314040000806,0.8758441385856247
48.241647370000805,0.7718514751446914
48.249980700000805,0.6434266301446157
48.258314030000804,0.500961820495608
48.2666473600008,0.352519711889125
48.2749806900008,0.20394870116029198
48.2833140200008,0.059430758571523676
48.2916473500008,-0.07799985936615342
48.2999806800008,-0.206099450915058
48.30831401000081,-0.3231651452020279
48.316647340000806,-0.42787726703880374
48.324980670000805,-0.5192263159477717
48.333314000000804,-0.5964216505680768
48.341647330000804,-0.6588653888183077
48.3499806600008,-0.706159393889118
48.3583139900008,-0.7380514866741755
48.36664732000081,-0.7544420733909829
48.37498065000081,-0.755411169267799
48.38331398000081,-0.7411957334204842
48.391647310000806,-0.712188789093695
48.399980640000805,-0.6689857588010223
48.408313970000805,-0.6123809448431138
48.416647300000804,-0.5433998786373971
48.4249806300008,-0.4633312104790889
48.4333139600008,-0.3737626730310794
48.44164729000081,-0.2766202055664174
48.44998062000081,-0.17419917413894218
48.45831395000081,-0.06917940356095348
48.46664728000081,0.03539131048173652
48.474980610000806,0.13622470204534892
48.483313940000805,0.2299472818776087
48.491647270000804,0.31343483899055236
48.49998060000081,0.38416572087185213
48.50831393000081,0.4405594827190352
48.51664726000081,0.4820631883892009
48.52498059000081,0.5090664603919219
48.53331392000081,0.5227275333343828
48.54164725000081,0.5246647645116901
48.549980580000806,0.5166218783885612
48.558313910000805,0.5003298481081921
48.566647240000805,0.47737719959557484
48.57498057000081,0.4492062376444342
48.58331390000081,0.41706911187159224
48.59164723000081,0.3821289663693907
48.59998056000081,0.3453774517395816
48.60831389000081,0.3076720273478463
48.61664722000081,0.26977135555539683
48.62498055000081,0.232324481067075
48.63331388000081,0.19585197125262854
48.64164721000081,0.16073398697301558
48.64998054000081,0.12724579918034837
48.65831387000081,0.0955699292897369
48.66664720000081,0.06580514817233403
48.67498053000081,0.037968931476294994
48.68331386000081,0.01198294390552996
48.69164719000081,-0.012304668120012833
48.69998052000081,-0.03510784190705512
48.70831385000081,-0.05670320866698958
48.71664718000081,-0.07743649993936973
48.72498051000081,-0.09774529289483691
48.73331384000081,-0.11822474311907555
48.74164717000081,-0.13956984582288431
48.74998050000081,-0.1625366978004931
48.75831383000081,-0.18798027240435486
48.766647160000815,-0.2167227178336589
48.774980490000814,-0.2494002191659893
48.783313820000814,-0.28639032853500057
48.79164715000081,-0.3276751978928562
48.79998048000081,-0.3727168624522787
48.80831381000081,-0.42048438082121553
48.81664714000081,-0.46949844475722413
48.82498047000081,-0.517954293887591
48.83331380000081,-0.5639298384663876
48.841647130000815,-0.6054927331062057
48.849980460000815,-0.640799798189211
48.858313790000814,-0.6682065377151335
48.86664712000081,-0.6863023378082757
48.87498045000081,-0.6938969388299139
48.88331378000081,-0.6900444307464703
48.89164711000081,-0.6740231138434977
48.89998044000082,-0.6453308105805029
48.90831377000082,-0.6036481878016051
48.916647100000816,-0.5488711779480748
48.924980430000815,-0.48106187812514595
48.933313760000814,-0.4004518138894901
48.941647090000814,-0.3074540562635165
48.94998042000081,-0.2026711647044588
48.95831375000081,-0.08691340267942943
48.96664708000081,0.03877934707883995
48.97498041000082,0.17305538568249815
48.98331374000082,0.3141584659021199
48.991647070000816,0.45976950291909485
48.999980400000815,0.6067421891641335
49.008313730000815,0.750714130615405
49.016647060000814,0.8855649654295012
49.02498039000081,1.002875704324015
49.03331372000082,1.0919508824196538
49.04164705000082,1.1413216716931323
49.04998038000082,1.1427763727796179
49.05831371000082,1.0957503043400882
49.06664704000082,1.0076423779067631
49.074980370000816,0.8896851675861533
49.083313700000815,0.7527085542044323
49.091647030000814,0.6053603825750434
49.099980360000814,0.453979151057317
49.10831369000082,0.3030977269293453
49.11664702000082,0.15601138509895282
49.12498035000082,0.015169090087251279
49.13331368000082,-0.11754191769945233
49.14164701000082,-0.24063781582719665
49.149980340000816,-0.3529233448336422
49.158313670000815,-0.453461188551002
49.16664700000082,-0.5414934106002739
49.17498033000082,-0.6164298742402365
49.18331366000082,-0.6778438353596411
49.19164699000082,-0.7254643569286431
49.19998032000082,-0.7591696509041281
49.20831365000082,-0.7789805544702323
49.21664698000082,-0.7850632577546045
49.22498031000082,-0.7777693691908514
49.233313640000816,-0.7576168135740861
49.24164697000082,-0.7252847480255011
49.24998030000082,-0.681678221805905
49.25831363000082,-0.6278878280278846
49.26664696000082,-0.5652390266751284
49.27498029000082,-0.49526700573340493
49.28331362000082,-0.4197458753783806
49.29164695000082,-0.3406494227453133
49.299980280000824,-0.2601016635398096
49.30831361000082,-0.18033373617726775
49.31664694000082,-0.10355544861344214
49.32498027000082,-0.03178442162636071
49.33331360000082,0.033201965866411574
49.34164693000082,0.09006403256198202
49.34998026000082,0.1379735362699754
49.35831359000082,0.17660141125228027
49.36664692000082,0.20607308390168833
49.374980250000824,0.2268969710233683
49.383313580000824,0.23987771157370025
49.39164691000082,0.24596988237314796
49.39998024000082,0.24616146429838212
49.40831357000082,0.24149848247635788
49.41664690000082,0.23297405915442618
49.42498023000082,0.22149510917029572
49.433313560000826,0.20793956169256042
49.441646890000825,0.1931080540562601
49.449980220000825,0.17767705721689922
49.458313550000824,0.16226354721507713
49.46664688000082,0.14743105518342317
49.47498021000082,0.1336862112999954
49.48331354000082,0.12145439709451925
49.49164687000082,0.11106360967892882
49.49998020000082,0.10277258061341848
49.50831353000083,0.09676225110952798
49.516646860000826,0.09311708166395335
49.524980190000825,0.09179919911741652
49.533313520000824,0.09261685960117393
49.541646850000824,0.09518080175821626
49.54998018000082,0.0987994798457772
49.55831351000082,0.1024788615291457
49.56664684000083,0.10487586686890511
49.57498017000083,0.10426243917988749
49.58331350000083,0.09859596918370167
49.591646830000826,0.08569789899557924
49.599980160000825,0.06356779727183509
49.608313490000825,0.03075594889682823
49.616646820000824,-0.013192550070971129
49.62498015000082,-0.06751633894373414
49.63331348000082,-0.13029151872569586
49.64164681000083,-0.19880184650039745
49.64998014000083,-0.26991990021648987
49.65831347000083,-0.3404646521395686
49.66664680000083,-0.40748911867446097
49.674980130000826,-0.46843042484536995
49.683313460000825,-0.5211312295208385
49.691646790000824,-0.5638481381762123
49.69998012000083,-0.5952007683116938
49.70831345000083,-0.6141213854172027
49.71664678000083,-0.6198338086766841
49.72498011000083,-0.6117853919467291
49.73331344000083,-0.5896593644824558
49.74164677000083,-0.5533280171211568
49.749980100000826,-0.502836674804757
49.758313430000825,-0.4384112324223845
49.766646760000825,-0.3604655477123544
49.77498009000083,-0.2696076156775032
49.78331342000083,-0.16664093349612516
49.79164675000083,-0.05261496164567055
49.79998008000083,0.07110764466766935
49.80831341000083,0.20278167237093578
49.81664674000083,0.3401249841647142
49.82498007000083,0.4801213347718746
49.83331340000083,0.618691122549241
49.84164673000083,0.7503214408678287
49.84998006000083,0.8676442968762678
49.85831339000083,0.961503140876679
49.86664672000083,1.0219739564498622
49.87498005000083,1.0410291728055125
49.88331338000083,1.0159735534841423
49.89164671000083,0.9506682399714119
49.89998004000083,0.853407315299512
49.90831337000083,0.7334796423296418
49.91664670000083,0.5990524755225174
49.92498003000083,0.45655638821547306
49.93331336000083,0.31079904084645216
49.94164669000083,0.16540554125140303
49.94998002000083,0.023149857780514527
49.95831335000083,-0.11378275894063752
49.966646680000835,-0.24361486636545876
49.974980010000834,-0.3649059128859835
49.983313340000834,-0.476423273998386
49.99164667000083,-0.5771744511676706
49.99998000000083,-0.6663525562770792
50.00831333000083,-0.7433030554726515
50.01664666000083,-0.8075262899887216
50.02497999000083,-0.858672723327112
50.03331332000083,-0.8965371158465777
50.041646650000835,-0.9210531852345142
50.049979980000835,-0.9322932011538971
50.058313310000834,-0.9304833902131258
50.06664664000083,-0.91602825826101
50.07497997000083,-0.8894725103736785
50.08331330000083,-0.851502493720141
50.09164663000083,-0.8030096869174616
50.09997996000084,-0.745039068404278
50.10831329000084,-0.6788011054780455
50.116646620000836,-0.6056707437501812
50.124979950000835,-0.5271691020413163
50.133313280000834,-0.4449481599148689
50.141646610000834,-0.3607156286478293
50.14997994000083,-0.2762368419960827
50.15831327000083,-0.19323158524299483
50.16664660000083,-0.11334061260407313
50.17497993000084,-0.037986820288377694
50.18331326000084,0.03161636647959288
50.191646590000836,0.0944684606056649
50.199979920000835,0.149863318701535
50.208313250000835,0.19739495949820515
50.216646580000834,0.23695169967482219
50.22497991000083,0.2687123397625967
50.23331324000084,0.2930967338319701
50.24164657000084,0.31069575341740463
50.24997990000084,0.3223078347910837
50.25831323000084,0.3289092300401236
50.26664656000084,0.3315198300069411
50.274979890000836,0.33123429190074855
50.283313220000835,0.3291355642687714
50.291646550000834,0.3262393940492371
50.29997988000083,0.32351703878703064
50.30831321000084,0.3217817765761184
50.31664654000084,0.3217422035465961
50.32497987000084,0.3239782043720479
50.33331320000084,0.32886017584080435
50.34164653000084,0.3365646671094182
50.349979860000836,0.3470543307524832
50.358313190000835,0.3600343828207165
50.36664652000084,0.3748637902463845
50.37497985000084,0.39046277705934446
50.38331318000084,0.4052643403695606
50.39164651000084,0.4170929984680413
50.39997984000084,0.4231562372680736
50.40831317000084,0.4201249926226496
50.41664650000084,0.4044335397964785
50.42497983000084,0.3728932865417157
50.433313160000836,0.32351944708134134
50.44164649000084,0.2562161438389359
50.44997982000084,0.17290602137781252
50.45831315000084,0.07717264645752628
50.46664648000084,-0.0265380373477959
50.47497981000084,-0.13366338622666427
50.48331314000084,-0.2400698953395966
50.49164647000084,-0.3422271376371972
50.499979800000844,-0.4372627608207778
50.50831313000084,-0.5228826178452632
50.51664646000084,-0.597295005642874
50.52497979000084,-0.6591034741094188
50.53331312000084,-0.7072517944492506
50.54164645000084,-0.7409571285885023
50.54997978000084,-0.7596768916796816
50.55831311000084,-0.7630576861287336
50.56664644000084,-0.7509769334353948
50.574979770000844,-0.7234989819257867
50.583313100000844,-0.6807866898468237
50.59164643000084,-0.6231888506060094
50.59997976000084,-0.5512840125631913
50.60831309000084,-0.46583875919493545
50.61664642000084,-0.3678692103060234
50.62497975000084,-0.258671507766846
50.633313080000846,-0.13990287372840718
50.641646410000845,-0.013671988129681735
50.649979740000845,0.11731670015972497
50.658313070000844,0.24957833812834998
50.66664640000084,0.3786214202326253
50.67497973000084,0.498779373692438
50.68331306000084,0.6032156139996973
50.69164639000084,0.6844194291385789
50.69997972000084,0.7355741462594368
50.70831305000085,0.7523271101834397
50.716646380000846,0.7342395757315123
50.724979710000845,0.6847379534342595
50.733313040000844,0.6096012302740559
50.74164637000084,0.5152379412057176
50.74997970000084,0.4075784661978856
50.75831303000084,0.2915720441937662
50.76664636000085,0.17122433431617323
50.77497969000085,0.049778220504858355
50.78331302000085,-0.07014343917486492
50.791646350000846,-0.1863831585824523
50.799979680000845,-0.2971248017416033
50.808313010000845,-0.4008813431225564
50.816646340000844,-0.4963614234652483
50.82497967000084,-0.5825175121726724
50.83331300000084,-0.6584983075370677
50.84164633000085,-0.7236016592972655
50.84997966000085,-0.7772746328921251
50.85831299000085,-0.819115151858876
50.86664632000085,-0.8488673475439406
50.874979650000846,-0.86641622209988
50.883312980000845,-0.8717818101121647
50.891646310000844,-0.8651138286933919
50.89997964000085,-0.8466864579902428
50.90831297000085,-0.8168933864308756
50.91664630000085,-0.7762525788978076
50.92497963000085,-0.7254473945723514
50.93331296000085,-0.665287026378152
50.94164629000085,-0.5966736759562573
50.949979620000846,-0.5206589902063853
50.958312950000845,-0.43845646430107715
50.966646280000845,-0.3513711126861845
50.97497961000085,-0.26086813572739637
50.98331294000085,-0.16853995615581338
50.99164627000085,-0.07612448124845629
50.99997960000085,0.014536237009274214
51.00831293000085,0.10152308608027243
51.01664626000085,0.18286523225123053
51.02497959000085,0.25667913486727006
51.03331292000085,0.321288436471801
51.04164625000085,0.3754560686786309
51.04997958000085,0.41849037066566797
51.05831291000085,0.4503236790934204
51.06664624000085,0.4715460250499462
51.07497957000085,0.4833716761255857
51.08331290000085,0.4874047888635858
51.09164623000085,0.48548705214869503
51.09997956000085,0.47948824423508235
51.10831289000085,0.4711869448008558
51.11664622000085,0.46219075059990367
51.12497955000085,0.453869097606369
51.13331288000085,0.44735314761017725
51.14164621000085,0.44350054808765965
51.14997954000085,0.4429517672889835
51.15831287000085,0.4460576382517083
51.166646200000855,0.45290320463795025
51.174979530000854,0.4633013504687602
51.183312860000854,0.47671494394373254
51.19164619000085,0.49218523579112067
51.19997952000085,0.5082675331808659
51.20831285000085,0.5228901632248671
51.21664618000085,0.5332387569817876
51.22497951000085,0.5356904028821131
51.23331284000085,0.5259387089944253
51.241646170000855,0.4994612230663126
51.249979500000855,0.45243031595934624
51.258312830000854,0.3829074669104196
51.26664616000085,0.2916114560601544
51.27497949000085,0.18184525507859606
51.28331282000085,0.05857195966741263
51.29164615000085,-0.07270054234223668
51.29997948000086,-0.20675731897219057
51.30831281000086,-0.33912933511182747
51.316646140000856,-0.4661700932434237
51.324979470000855,-0.5849871993763405
51.333312800000854,-0.6933143530824082
51.34164613000085,-0.7893828194262505
51.34997946000085,-0.8718196135566808
51.35831279000085,-0.9395770219834134
51.36664612000085,-0.9918557489967819
51.37497945000086,-1.0281076848921755
51.38331278000086,-1.0479718626937333
51.391646110000856,-1.0512642270565615
51.399979440000855,-1.0379750615646293
51.408312770000855,-1.0082659462190657
51.416646100000854,-0.9624669374325998
51.42497943000085,-0.9010769040825104
51.43331276000086,-0.8248121628394307
51.44164609000086,-0.7345985267875556
51.44997942000086,-0.631604058691022
51.45831275000086,-0.5172890937792597
51.46664608000086,-0.39346584040440075
51.474979410000856,-0.2623701947779399
51.483312740000855,-0.12675547627109357
51.491646070000854,0.009989223384566334
51.49997940000085,0.14377341953904194
51.50831273000086,0.26975322153581205
51.51664606000086,0.38252790712095625
51.52497939000086,0.4765500992999207
51.53331272000086,0.546897380154279
51.54164605000086,0.5903307114140077
51.549979380000856,0.6059758448730805
51.558312710000855,0.5952929389975273
51.56664604000086,0.5615390753606401
51.57497937000086,0.5088695284785794
51.58331270000086,0.44157657514557425
51.59164603000086,0.3636072503892871
51.59997936000086,0.27839970081743465
51.60831269000086,0.18890305932304172
51.61664602000086,0.09764475984008163
51.62497935000086,0.006752382090762538
51.633312680000856,-0.08194458263794153
51.64164601000086,-0.16688499890981842
51.64997934000086,-0.24669316127731994
51.65831267000086,-0.32023172628837626
51.66664600000086,-0.38650784648406733
51.67497933000086,-0.4446495167070848
51.68331266000086,-0.4939569419957203
51.69164599000086,-0.5338685592352123
51.699979320000864,-0.5639365384319637
51.70831265000086,-0.5838260681914471
51.71664598000086,-0.5933160469733253
51.72497931000086,-0.5923004264807951
51.73331264000086,-0.5807902790241521
51.74164597000086,-0.5589172423983402
51.74997930000086,-0.5269377286464215
51.75831263000086,-0.4852381096910401
51.76664596000086,-0.43434085568875364
51.774979290000864,-0.37492131310933097
51.78331262000086,-0.3078778221050883
51.79164595000086,-0.2343017228612428
51.79997928000086,-0.15550394440252477
51.80831261000086,-0.07310934113942649
51.81664594000086,0.01094371227015037
51.82497927000086,0.09439498258349137
51.833312600000866,0.17465437937192885
51.841645930000865,0.24888715316632615
51.849979260000865,0.31424436285974544
51.858312590000864,0.36819614456489225
51.86664592000086,0.4088540856348654
51.87497925000086,0.43538860127357915
51.88331258000086,0.4481706660688466
51.89164591000086,0.448710539109007
51.89997924000086,0.4392804154171502
51.90831257000087,0.4225491946485613
51.916645900000866,0.40121071059278846
51.924979230000865,0.3777502074704352
51.933312560000864,0.35432804413366675
51.94164589000086,0.33272165007657983
51.94997922000086,0.31432097190548186
51.95831255000086,0.30018419015440856
51.96664588000087,0.2910262479343854
51.97497921000087,0.28729786971844423
51.98331254000087,0.2891713345028864
51.991645870000866,0.2965214762434479
51.999979200000865,0.30891626006346196
52.008312530000865,0.3256037113150845
52.016645860000864,0.3453915685478133
52.02497919000086,0.3665777855672992
52.03331252000086,0.386808359186517
52.04164585000087,0.4029620767842413
52.04997918000087,0.4111120789205254
52.05831251000087,0.4066293696019154
52.06664584000087,0.38467889353250007
52.074979170000866,0.34120701581466495
52.083312500000865,0.2741457423036372
52.091645830000864,0.18426085822602048
52.09997916000087,0.0749865212758354
52.10831249000087,-0.04857292641973766
52.11664582000087,-0.18077910680589096
52.12497915000087,-0.31633545213340536
52.13331248000087,-0.4507073047011012
52.14164581000087,-0.5802019312846165
52.149979140000866,-0.7018807293862541
52.158312470000865,-0.8134340162067997
52.166645800000865,-0.9130432636012257
52.17497913000087,-0.9992958912572868
52.18331246000087,-1.0710743492434718
52.19164579000087,-1.1275459523034708
52.19997912000087,-1.1680977436987823
52.20831245000087,-1.1922969161986359
52.21664578000087,-1.1998896437874957
52.22497911000087,-1.1907963101193841
52.23331244000087,-1.1651081731019752
52.24164577000087,-1.1230859524369026
52.24997910000087,-1.0651585820335454
52.25831243000087,-0.9919186034038444
52.26664576000087,-0.9041333622177872
52.27497909000087,-0.8028075514992143
52.28331242000087,-0.6891542652296463
52.29164575000087,-0.5646657293684738
52.29997908000087,-0.4311257966001829
52.30831241000087,-0.29068748477276457
52.31664574000087,-0.14590800955012193
52.32497907000087,0.0001805911608846791
52.33331240000087,0.1440602054552189
52.34164573000087,0.2817204124189197
52.34997906000087,0.40882636119723426
52.35831239000087,0.520978936785729
52.366645720000875,0.6141331302241548
52.374979050000874,0.6851732750197281
52.38331238000087,0.7324116275453095
52.39164571000087,0.7556864549396364
52.39997904000087,0.7561991528431897
52.40831237000087,0.7361210736704925
52.41664570000087,0.6981323509535953
52.42497903000087,0.645109782541587
52.43331236000087,0.5799348915798264
52.441645690000875,0.5053640459956628
52.449979020000875,0.4239746119230126
52.458312350000874,0.338154895947363
52.46664568000087,0.250131571201231
52.47497901000087,0.16194802732343114
52.48331234000087,0.07544583235975919
52.49164567000087,-0.007714125383440531
52.49997900000088,-0.0860709650450798
52.50831233000088,-0.15831499710959834
52.516645660000876,-0.22333669342744697
52.524978990000875,-0.28019701189667734
52.533312320000874,-0.32808282708131126
52.54164565000087,-0.366364216316
52.54997898000087,-0.3945737044615818
52.55831231000087,-0.4123860554900403
52.56664564000087,-0.41962660606254654
52.57497897000088,-0.4162800415046531
52.58331230000088,-0.402499090870611
52.591645630000876,-0.37861323867528335
52.599978960000875,-0.3451601955485535
52.608312290000875,-0.3029525258209343
52.616645620000874,-0.2530550415704694
52.62497895000087,-0.19687874824541987
52.63331228000088,-0.13621624845401867
52.64164561000088,-0.07331424484199696
52.64997894000088,-0.010874373305802968
52.65831227000088,0.04800236909527377
52.66664560000088,0.09996844641066326
52.674978930000876,0.14180588722584753
52.683312260000875,0.1709675891012625
52.691645590000874,0.1860898445722766
52.69997892000087,0.18726310963433293
52.70831225000088,0.17598962090699796
52.71664558000088,0.15486075609138153
52.72497891000088,0.12699333771274346
52.73331224000088,0.0955577012475251
52.74164557000088,0.06342282716935368
52.749978900000876,0.033010478775605076
52.758312230000875,0.006270226073237325
52.76664556000088,-0.015286510722653046
52.77497889000088,-0.030544124443852957
52.78331222000088,-0.03874396762349912
52.79164555000088,-0.039403757677516325
52.79997888000088,-0.03233783698230303
52.80831221000088,-0.017627818111299168
52.81664554000088,0.004363324050917696
52.824978870000876,0.032982918007692735
52.833312200000876,0.06728728463076221
52.84164553000088,0.1059255612337557
52.84997886000088,0.14710340035644612
52.85831219000088,0.18845658614639565
52.86664552000088,0.22693858446093854
52.87497885000088,0.2587659179193865
52.88331218000088,0.27954379192141954
52.89164551000088,0.2846020442854187
52.899978840000884,0.2697377192473639
52.90831217000088,0.23226045485510047
52.91664550000088,0.17184534366171253
52.92497883000088,0.09074461765261015
52.93331216000088,-0.0068917594283035895
52.94164549000088,-0.11601648227953039
52.94997882000088,-0.2315285906333414
52.95831215000088,-0.34887747063675295
52.96664548000088,-0.4642156804637563
52.974978810000884,-0.5744205890116021
52.98331214000088,-0.6769774522512052
52.99164547000088,-0.7698871086622133
52.99997880000088,-0.8515651343731496
53.00831213000088,-0.9207487860143304
53.01664546000088,-0.9764743224574819
53.02497879000088,-1.0179789033363236
53.033312120000886,-1.0447245949768287
53.041645450000885,-1.0563678067354825
53.049978780000885,-1.0527272901484779
53.058312110000884,-1.0337810451568867
53.06664544000088,-0.9996650896530376
53.07497877000088,-0.9506723158738324
53.08331210000088,-0.8872522499928449
53.09164543000088,-0.8100203893797249
53.09997876000088,-0.719793086311151
53.10831209000089,-0.6175654920937005
53.116645420000886,-0.5045314904628544
53.124978750000885,-0.38213155150386835
53.133312080000884,-0.25204747242515857
53.14164541000088,-0.11624465967700211
53.14997874000088,0.023001368051541772
53.15831207000088,0.16310087661485112
53.16664540000089,0.3011460916709381
53.17497873000089,0.4339248563634252
53.18331206000089,0.5580410366909878
53.191645390000886,0.6700021285358042
53.199978720000885,0.7664001203117596
53.208312050000885,0.8441896761495827
53.216645380000884,0.9008896823429554
53.22497871000088,0.9347538636400893
53.23331204000088,0.9448871879184402
53.24164537000089,0.9314155675395852
53.24997870000089,0.8954996432443952
53.25831203000089,0.8391935750378495
53.26664536000089,0.765339018587648
53.274978690000886,0.6772519768895147
53.283312020000885,0.5784761163447533
53.291645350000884,0.4724949029116142
53.29997868000089,0.36253818104987634
53.30831201000089,0.251509447959511
53.31664534000089,0.14196488444998961
53.32497867000089,0.036091448125854846
53.33331200000089,-0.0642440736803822
53.34164533000089,-0.15748071511464376
53.349978660000886,-0.24230882314955823
53.358311990000885,-0.31768150560358305
53.366645320000885,-0.3827339694177363
53.37497865000089,-0.43680324922570085
53.38331198000089,-0.47944110760275266
53.39164531000089,-0.5103797904633519
53.39997864000089,-0.5295310297821434
53.40831197000089,-0.5370115648097185
53.41664530000089,-0.533177515586347
53.424978630000886,-0.5186037801267974
53.43331196000089,-0.49416031020882556
53.44164529000089,-0.4610497397680234
53.44997862000089,-0.42087854819991016
53.45831195000089,-0.3756937751574896
53.46664528000089,-0.32802062015608796
53.47497861000089,-0.2808609777387165
53.48331194000089,-0.23752109018255446
53.49164527000089,-0.20131155888276364
53.49997860000089,-0.17509956381238992
53.50831193000089,-0.16071083473875122
53.51664526000089,-0.15855476973202665
53.52497859000089,-0.16752532321293656
53.53331192000089,-0.18529682264452946
53.54164525000089,-0.20887100122517976
53.54997858000089,-0.2351096684151675
53.55831191000089,-0.26109249970087456
53.566645240000895,-0.2843044274154621
53.574978570000894,-0.3027223621376852
53.58331190000089,-0.31479539770447224
53.59164523000089,-0.3193755930891811
53.59997856000089,-0.3156925491702376
53.60831189000089,-0.3032637379946261
53.61664522000089,-0.28186766526471163
53.62497855000089,-0.25154329065476094
53.63331188000089,-0.2125851709759994
53.641645210000895,-0.16553105284959438
53.649978540000895,-0.11115483339242475
53.658311870000894,-0.05049454386887546
53.66664520000089,0.015050525278295934
53.67497853000089,0.08370341052265047
53.68331186000089,0.1532233547867955
53.69164519000089,0.22079986393070766
53.6999785200009,0.2829906171451448
53.7083118500009,0.3357838493826922
53.716645180000896,0.37479214932486177
53.724978510000895,0.39572956001182485
53.733311840000894,0.39520139459783066
53.74164517000089,0.3716160248900687
53.74997850000089,0.32560299668075293
53.75831183000089,0.25989226047490893
53.76664516000089,0.17860549537118295
53.7749784900009,0.08635351830569347
53.7833118200009,-0.012385189461261232
53.791645150000896,-0.11362348194391142
53.799978480000895,-0.2140173102056603
53.808311810000895,-0.31080345777718427
53.816645140000894,-0.4017428300337081
53.82497847000089,-0.48503221060948
53.8333118000009,-0.5592177658812608
53.8416451300009,-0.6231331714549664
53.8499784600009,-0.67586422358772
53.8583117900009,-0.7167153615197277
53.866645120000896,-0.7451597931126958
53.874978450000896,-0.7608342944177533
53.883311780000895,-0.763534715603511
53.891645110000894,-0.7532121488663859
53.89997844000089,-0.7299695696904663
53.9083117700009,-0.6940587257182445
53.9166451000009,-0.6458768084800733
53.9249784300009,-0.5859626151999149
53.9333117600009,-0.5149897270565305
53.9416450900009,-0.4337701167455956
53.949978420000896,-0.34331175279994947
53.958311750000895,-0.2447708180273367
53.9666450800009,-0.1394717757102934
53.9749784100009,-0.028934596430415634
53.9833117400009,0.08513114904927946
53.9916450700009,0.20081597608366303
53.9999784000009,0.3159853355706601
54.0083117300009,0.4282613342753082
54.0166450600009,0.5350095091624445
54.024978390000896,0.6332947435973058
54.033311720000896,0.7198319969877959
54.0416450500009,0.7910128160466454
54.0499783800009,0.8430784882107837
54.0583117100009,0.8724182546033825
54.0666450400009,0.8761606956055302
54.0749783700009,0.8528824532329469
54.0833117000009,0.8031842725167423
54.0916450300009,0.729688960957938
54.099978360000904,0.636547846033011
54.1083116900009,0.5286565541495768
54.1166450200009,0.41094648631574354
54.1249783500009,0.28787977947899707
54.1333116800009,0.16328927233827584
54.1416450100009,0.04037440715616602
54.1499783400009,-0.07826061813639955
54.1583116700009,-0.190490125750891
54.1666450000009,-0.2946033134511382
54.174978330000904,-0.3892344925518864
54.1833116600009,-0.473289866614221
54.1916449900009,-0.5459185805924452
54.1999783200009,-0.6065169343583948
54.2083116500009,-0.6546775360618691
54.2166449800009,-0.6901884629811592
54.2249783100009,-0.7130361300885434
54.233311640000906,-0.7234472103129427
54.241644970000905,-0.7218832735776343
54.249978300000905,-0.7090585080441028
54.258311630000904,-0.6860121037323372
54.2666449600009,-0.6541237729352501
54.2749782900009,-0.6151773756659433
54.2833116200009,-0.5714037856755761
54.2916449500009,-0.5254484817154049
54.2999782800009,-0.4803050525658618
54.30831161000091,-0.43910251388617944
54.316644940000906,-0.4046916597775933
54.324978270000905,-0.37923601491473474
54.333311600000904,-0.36374297848328413
54.3416449300009,-0.357915886706787
54.3499782600009,-0.3602206468197224
54.3583115900009,-0.3682824169776015
54.36664492000091,-0.379356271517251
54.37497825000091,-0.3906972012437933
54.38331158000091,-0.39983961470531154
54.391644910000906,-0.4047290019946418
54.399978240000905,-0.40374205728730317
54.408311570000905,-0.3956630582360139
54.416644900000904,-0.37960628682700415
54.4249782300009,-0.35502982779048453
54.4333115600009,-0.32164247150420217
54.44164489000091,-0.27938524719261854
54.44997822000091,-0.22843055995749162
54.45831155000091,-0.1691746081377623
54.466644880000906,-0.10223346588327026
54.474978210000906,-0.02844180033049883
54.483311540000905,0.05112793464664237
54.491644870000904,0.1350752756942814
54.49997820000091,0.22169035043550647
54.50831153000091,0.30883850514310496
54.51664486000091,0.3938960909202097
54.52497819000091,0.47373024808893527
54.53331152000091,0.5446999840723161
54.54164485000091,0.6027701639702431
54.549978180000906,0.6438678068544128
54.558311510000905,0.6645151253054429
54.566644840000905,0.6624816107736892
54.57497817000091,0.6373321151957319
54.58331150000091,0.5905314797058279
54.59164483000091,0.5250147040566242
54.59997816000091,0.44457778539346
54.60831149000091,0.35320201674122226
54.61664482000091,0.2546206446353647
54.624978150000906,0.15213926851766912
54.63331148000091,0.0486124096292604
54.64164481000091,-0.05355814228873562
54.64997814000091,-0.1523653079665144
54.65831147000091,-0.24609947996917625
54.66664480000091,-0.3333343817905654
54.67497813000091,-0.4128548567441745
54.68331146000091,-0.48366253952262833
54.69164479000091,-0.5449061418244595
54.69997812000091,-0.5958762613868359
54.70831145000091,-0.6360288672303617
54.71664478000091,-0.6649591815067891
54.72497811000091,-0.6823785358570666
54.73331144000091,-0.6881167377932945
54.74164477000091,-0.6821215160012306
54.74997810000091,-0.6644581763025762
54.75831143000091,-0.6353095890005576
54.766644760000915,-0.594976122061751
54.774978090000914,-0.5438719679740237
54.78331142000091,-0.4825497172324193
54.79164475000091,-0.4117234984459205
54.79997808000091,-0.3322460013544546
54.80831141000091,-0.2451151367126555
54.81664474000091,-0.15154723249785712
54.82497807000091,-0.0529812391444396
54.83331140000091,0.048835187374633944
54.841644730000915,0.15179755840219838
54.849978060000915,0.253300379963355
54.858311390000914,0.350097023781957
54.86664472000091,0.438208500143405
54.87497805000091,0.5128565933855049
54.88331138000091,0.5686719420299606
54.89164471000091,0.6004473879325007
54.89997804000092,0.6043138194107592
54.908311370000916,0.5789458381808026
54.916644700000916,0.5261209797647948
54.924978030000915,0.4502268747091723
54.933311360000914,0.3570569456685345
54.94164469000091,0.2525268595033627
54.94997802000091,0.14188942053610348
54.95831135000091,0.029528950180004957
54.96664468000091,-0.0810643279384018
54.97497801000092,-0.18715310736724508
54.98331134000092,-0.28659320203138006
54.991644670000916,-0.3777287310873874
54.999978000000915,-0.4592618704967517
55.008311330000915,-0.530223764841205
55.016644660000914,-0.589885162240127
55.02497799000091,-0.6377411429971692
55.03331132000092,-0.6735066839455213
55.04164465000092,-0.6971156534381164
55.04997798000092,-0.708714263751631
55.05831131000092,-0.7086540110019864
55.066644640000916,-0.6975289683727159
55.074977970000916,-0.6762188527832511
55.083311300000915,-0.6458897788680008
55.091644630000914,-0.6080511733833357
55.09997796000091,-0.5645913821557149
55.10831129000092,-0.5177552205651117
55.11664462000092,-0.47009892400757064
55.12497795000092,-0.4243754836676404
55.13331128000092,-0.3832548228700182
55.14164461000092,-0.3489622072076436
55.149977940000916,-0.3229792695050572
55.158311270000915,-0.3057416907854314
55.16664460000092,-0.2965510213171754
55.17497793000092,-0.29382971613273845
55.18331126000092,-0.29540737445248494
55.19164459000092,-0.29890891930988245
55.19997792000092,-0.302014577783299
55.20831125000092,-0.3026543418464726
55.21664458000092,-0.29910677976836547
55.224977910000916,-0.2900047860864972
55.233311240000916,-0.27433484086702115
55.24164457000092,-0.25136906429669154
55.24997790000092,-0.2206805373267241
55.25831123000092,-0.18205966035568513
55.26664456000092,-0.13550926618580403
55.27497789000092,-0.0812467525183578
55.28331122000092,-0.019703982084021767
55.29164455000092,0.04847583164668257
55.299977880000924,0.12244494542209303
55.30831121000092,0.20114062288122336
55.31664454000092,0.283203776009814
55.32497787000092,0.3669961227327198
55.33331120000092,0.4505152665500144
55.34164453000092,0.5314021217040136
55.34997786000092,0.6069196715955338
55.35831119000092,0.6739765342755107
55.36664452000092,0.7292582535073591
55.374977850000924,0.7694989021994116
55.38331118000092,0.7918712490851664
55.39164451000092,0.7943311039733899
55.39997784000092,0.7759931872402762
55.40831117000092,0.737203459382797
55.41664450000092,0.6794127146037592
55.42497783000092,0.6048485416288992
55.433311160000926,0.5161763140805042
55.441644490000925,0.4162046404092599
55.449977820000925,0.3076931015182758
55.458311150000924,0.19324756040118393
55.46664448000092,0.07531568001479083
55.47497781000092,-0.043796966080812016
55.48331114000092,-0.16199527899629015
55.49164447000092,-0.2773266854345233
55.49997780000092,-0.38801367308547996
55.508311130000926,-0.4924393304132933
55.516644460000926,-0.5891650522664945
55.524977790000925,-0.6768825424115625
55.533311120000924,-0.7544864916262001
55.54164445000092,-0.8209974476474173
55.54997778000092,-0.8755787412294777
55.55831111000092,-0.9175776335421513
55.56664444000093,-0.9464774733528123
55.57497777000093,-0.9618925865471196
55.58331110000093,-0.9635717370315496
55.591644430000926,-0.9514074404134432
55.599977760000925,-0.9254422499167199
55.608311090000925,-0.8858743128472897
55.616644420000924,-0.8330606899240766
55.62497775000092,-0.767526493619331
55.63331108000092,-0.6899762681838718
55.64164441000093,-0.6013186891652402
55.64997774000093,-0.5027456486232028
55.65831107000093,-0.3957453399669395
55.666644400000926,-0.2822303237837129
55.674977730000926,-0.1646264803447415
55.683311060000925,-0.04605991153077788
55.691644390000924,0.06949348758560495
55.69997772000093,0.17703926228578878
55.70831105000093,0.270680170308946
55.71664438000093,0.34406939279871834
55.72497771000093,0.39155582062040345
55.73331104000093,0.4098159605227127
55.74164437000093,0.3989982463929543
55.749977700000926,0.36261036920557194
55.758311030000925,0.30629111759076677
55.766644360000925,0.23620730550118862
55.77497769000093,0.1579610019618726
55.78331102000093,0.0761979455594335
55.79164435000093,-0.005420728494730081
55.79997768000093,-0.08410167917751984
55.80831101000093,-0.15771451960674931
55.81664434000093,-0.2246404856691551
55.824977670000926,-0.2836766419234411
55.83331100000093,-0.33391838281785935
55.84164433000093,-0.37475366290124446
55.84997766000093,-0.405793277306667
55.85831099000093,-0.42685616652225916
55.86664432000093,-0.4379634083622913
55.87497765000093,-0.43933595959771365
55.88331098000093,-0.4314438176588129
55.89164431000093,-0.41499589529653014
55.89997764000093,-0.3909530200045901
55.90831097000093,-0.3605717816932348
55.91664430000093,-0.32541012338903913
55.92497763000093,-0.2873386709075482
55.93331096000093,-0.24851611593430623
55.94164429000093,-0.2112743830303575
55.94997762000093,-0.17794326596994287
55.95831095000093,-0.15060932317293568
55.966644280000935,-0.13084588498689476
55.974977610000934,-0.11940083598746215
55.98331094000093,-0.11612330988861218
55.99164427000093,-0.11999009034009925
55.99997760000093,-0.12929920428713454
56.00831093000093,-0.142012942308713
56.01664426000093,-0.15600480023381166
56.02497759000093,-0.16926561286483083
56.03331092000093,-0.18001053177273027
56.041644250000935,-0.18675277094040432
56.049977580000935,-0.18831101507325373
56.058310910000934,-0.18379505721842807
56.06664424000093,-0.1725732394546515
56.07497757000093,-0.15428304282173894
56.08331090000093,-0.12876355676268983
56.09164423000093,-0.09605185700035597
56.09997756000094,-0.056380340763518916
56.108310890000936,-0.01017052357227096
56.116644220000936,0.04197680550350089
56.124977550000935,0.09927758184897191
56.133310880000934,0.16071520075435253
56.14164421000093,0.22509625631020155
56.14997754000093,0.2909902494900682
56.15831087000093,0.3567553667792319
56.16664420000093,0.42052354994653973
56.17497753000094,0.4802805343602542
56.18331086000094,0.5338852074942996
56.191644190000936,0.5791498782758651
56.199977520000935,0.613985274499572
56.208310850000935,0.6364786364187541
56.216644180000934,0.6450796087720041
56.22497751000093,0.6385783832559727
56.23331084000094,0.6162126415794972
56.24164417000094,0.5776487199877675
56.24997750000094,0.5229450445242498
56.25831083000094,0.45255298337721533
56.266644160000936,0.3673602529481555
56.274977490000936,0.26875565192353057
56.283310820000935,0.1586489524058832
56.291644150000934,0.03933640401463247
56.29997748000093,-0.0865018469287701
56.30831081000094,-0.2160143643305886
56.31664414000094,-0.34635655382810404
56.32497747000094,-0.4747852232974402
56.33331080000094,-0.5987685973219482
56.34164413000094,-0.7160389024907035
56.349977460000936,-0.8246053366988102
56.358310790000935,-0.9227463503200511
56.36664412000094,-1.0090100353324236
56.37497745000094,-1.0821822344400007
56.38331078000094,-1.1412811024624638
56.39164411000094,-1.1855082587171102
56.39997744000094,-1.2142864009171397
56.40831077000094,-1.2272121492355703
56.41664410000094,-1.2240421554846919
56.424977430000936,-1.2047001062891476
56.433310760000936,-1.1692813461883194
56.44164409000094,-1.118056542748793
56.44997742000094,-1.051474180767429
56.45831075000094,-0.9701701444309092
56.46664408000094,-0.8749937646212999
56.47497741000094,-0.767071583847966
56.48331074000094,-0.6478182500809563
56.49164407000094,-0.5190440461126247
56.499977400000944,-0.38304858623119076
56.50831073000094,-0.24276321607767723
56.51664406000094,-0.10193171205703401
56.52497739000094,0.034747878860170694
56.53331072000094,0.1615596826875352
56.54164405000094,0.2721040479680183
56.54997738000094,0.36007921171401586
56.55831071000094,0.42075933689509454
56.56664404000094,0.452448672976591
56.574977370000944,0.4569613618147654
56.58331070000094,0.4387834650842637
56.59164403000094,0.4036364863990547
56.59997736000094,0.3571121386322511
56.60831069000094,0.30398283507458906
56.61664402000094,0.248038478414722
56.62497735000094,0.19220298310558567
56.633310680000946,0.1386779483926886
56.641644010000945,0.089094421293018
56.649977340000945,0.04465758848047366
56.658310670000944,0.00621675812686354
56.66664400000094,-0.02562794596334821
56.67497733000094,-0.05052070557628466
56.68331066000094,-0.0683424220130165
56.69164399000094,-0.07920030585383155
56.69997732000094,-0.08341405302550063
56.708310650000946,-0.08150317850474362
56.716643980000946,-0.07424893731507763
56.724977310000945,-0.06268052651398273
56.733310640000944,-0.048090971972015874
56.74164397000094,-0.032003973589536105
56.74997730000094,-0.016164933991513714
56.75831063000094,-0.002453231673083514
56.76664396000095,0.007267752289136226
56.77497729000095,0.011316556324920502
56.78331062000095,0.008465648392948496
56.791643950000946,-0.0019375058818012494
56.799977280000945,-0.01979009709616256
56.808310610000945,-0.044258487683299645
56.816643940000944,-0.07399350886993124
56.82497727000094,-0.10725569420874896
56.83331060000094,-0.14219395923990508
56.84164393000095,-0.17698013805549373
56.84997726000095,-0.20994987990508665
56.85831059000095,-0.23964788963109976
56.866643920000946,-0.2648628647944686
56.874977250000946,-0.284642801709416
56.883310580000945,-0.29828925265234935
56.891643910000944,-0.3052938833665077
56.89997724000095,-0.30533896004099875
56.90831057000095,-0.2982935665631961
56.91664390000095,-0.28420438373402457
56.92497723000095,-0.2632828719652359
56.93331056000095,-0.23589032975724514
56.94164389000095,-0.20252091144109452
56.949977220000946,-0.16378355232272948
56.958310550000945,-0.1203874416463552
56.966643880000944,-0.0731814822368842
56.97497721000095,-0.02312607151848049
56.98331054000095,0.028785378384372787
56.99164387000095,0.08147379691496075
56.99997720000095,0.1337827290941604
57.00831053000095,0.18456178069641713
57.01664386000095,0.23260088376709656
57.024977190000946,0.27664858447124696
57.03331052000095,0.31546853956753657
57.04164385000095,0.34769696796628347
57.04997718000095,0.3718492033381711
57.05831051000095,0.38623130646000314
57.06664384000095,0.3889112513036975
57.07497717000095,0.3777607015101012
57.08331050000095,0.3506749427106943
57.09164383000095,0.3058899000457999
57.09997716000095,0.24254212904972217
57.10831049000095,0.1610113029920707
57.11664382000095,0.0630743381523046
57.12497715000095,-0.048223474153878884
57.13331048000095,-0.16905948003199744
57.14164381000095,-0.29530023851163373
57.14997714000095,-0.4229801282480276
57.15831047000095,-0.5485093975960245
57.166643800000955,-0.668795962829199
57.174977130000954,-0.7812356752881172
57.18331046000095,-0.8836837223726302
57.19164379000095,-0.9743878431718559
57.19997712000095,-1.0519453441961837
57.20831045000095,-1.1152257751340853
57.21664378000095,-1.1633710822259125
57.22497711000095,-1.1957282627450545
57.23331044000095,-1.211837907763579
57.241643770000955,-1.2114427613161225
57.249977100000955,-1.1944543532497303
57.258310430000954,-1.1609504835144084
57.26664376000095,-1.1111775474663188
57.27497709000095,-1.0455507620379467
57.28331042000095,-0.9646785701324624
57.29164375000095,-0.8694007621356094
57.29997708000096,-0.7607724360156974
57.308310410000956,-0.640151124614134
57.316643740000956,-0.5092385453686287
57.324977070000955,-0.3701846010753038
57.333310400000954,-0.22570377132153455
57.34164373000095,-0.07922593039233491
57.34997706000095,0.0649688250281585
57.35831039000095,0.20167413276434507
57.36664372000095,0.3249711365541416
57.37497705000096,0.4287934797478683
57.38331038000096,0.5080803573546572
57.391643710000956,0.5601591999613516
57.399977040000955,0.5854659890440617
57.408310370000954,0.5872142925743902
57.416643700000954,0.5701924463663381
57.42497703000095,0.5395482700062401
57.43331036000096,0.49992215448444033
57.44164369000096,0.45510578228549514
57.44997702000096,0.4080357071197538
57.45831035000096,0.36092075817804725
57.466643680000956,0.3154073560783849
57.474977010000956,0.27268243903242906
57.483310340000955,0.23360396377590611
57.491643670000954,0.1986982094644356
57.49997700000095,0.16824290886107876
57.50831033000096,0.14230181279460893
57.51664366000096,0.12072165864605681
57.52497699000096,0.10310448242207089
57.53331032000096,0.0888707188188121
57.54164365000096,0.0772453959229236
57.549976980000956,0.06723596555853179
57.558310310000955,0.0577034419379584
57.56664364000096,0.0473759990356849
57.57497697000096,0.034941802415897026
57.58331030000096,0.019156195665584932
57.59164363000096,-0.0010298281134560664
57.59997696000096,-0.02636861159739658
57.60831029000096,-0.05715701094778964
57.61664362000096,-0.09321621843630956
57.624976950000956,-0.13391634994275864
57.633310280000956,-0.1782382110672082
57.64164361000096,-0.22492819812874176
57.64997694000096,-0.2726555000594933
57.65831027000096,-0.3200326632155989
57.66664360000096,-0.365779611037652
57.67497693000096,-0.40873070779810344
57.68331026000096,-0.4478664814646633
57.69164359000096,-0.4823816945933377
57.699976920000964,-0.5116168892291824
57.70831025000096,-0.5350449431034529
57.71664358000096,-0.5522627063379131
57.72497691000096,-0.562979745919081
57.73331024000096,-0.5670120659938774
57.74164357000096,-0.5642738074864463
57.74997690000096,-0.5547622425576608
57.75831023000096,-0.5385421603466964
57.76664356000096,-0.5157391545735808
57.774976890000964,-0.48653891510383784
57.78331022000096,-0.45118002474809016
57.79164355000096,-0.4099531509975943
57.79997688000096,-0.36320532336650957
57.80831021000096,-0.31134554073370097
57.81664354000096,-0.25485264440040484
57.82497687000096,-0.194286759726243
57.833310200000966,-0.13030476300076285
57.841643530000965,-0.06367611421615649
57.849976860000965,0.004699544493817863
57.858310190000964,0.07367580940349006
57.86664352000096,0.1418351598628954
57.87497685000096,0.20739823554725362
57.88331018000096,0.2680967078514567
57.89164351000096,0.32109439712363697
57.89997684000096,0.36291129759218377
57.908310170000966,0.3895107786344613
57.916643500000966,0.39669325601711647
57.924976830000965,0.38090088662772464
57.933310160000964,0.3402264927889015
57.94164349000096,0.27520296408253025
57.94997682000096,0.18884874993704737
57.95831015000096,0.08589409133655576
57.96664348000097,-0.02826552678759703
57.97497681000097,-0.14837308170367816
57.98331014000097,-0.2697948649920702
57.991643470000966,-0.388671412747201
57.999976800000965,-0.5018771882866674
58.008310130000964,-0.6069212256063904
58.016643460000964,-0.7018243524857916
58.02497679000096,-0.785030789249317
58.03331012000096,-0.8553092640835561
58.04164345000097,-0.911717295101838
58.04997678000097,-0.9535289343655757
58.05831011000097,-0.9802460517167045
58.066643440000966,-0.9915471623837238
58.074976770000966,-0.9872791972415755
58.083310100000965,-0.9674575402448198
58.091643430000964,-0.9322674039123635
58.09997676000097,-0.8820652253976081
58.10831009000097,-0.8173826715623841
58.11664342000097,-0.7389694517982983
58.12497675000097,-0.6478079672853955
58.13331008000097,-0.5451563982812697
58.14164341000097,-0.4326031308789133
58.149976740000966,-0.31215852404125577
58.158310070000965,-0.18634138944613962
58.166643400000964,-0.05830692949919899
58.17497673000097,0.06807974259651675
58.18331006000097,0.1882008417336315
58.19164339000097,0.2969269428525471
58.19997672000097,0.3891058109252663
58.20831005000097,0.460423558088128
58.21664338000097,0.5084760364188206
58.224976710000966,0.5333315107550034
58.23331004000097,0.5373312031981542
58.24164337000097,0.5242554335251418
58.24997670000097,0.49835272093705585
58.25831003000097,0.4635823354159014
58.26664336000097,0.4232695604990463
58.27497669000097,0.3800315298682278
58.28331002000097,0.3358528637748445
58.29164335000097,0.2921769688857301
58.29997668000097,0.25006343869990716
58.30831001000097,0.2101855898156117
58.31664334000097,0.17294163838576523
58.32497667000097,0.13850430929638413
58.33331000000097,0.10685313591867181
58.34164333000097,0.07778145408929789
58.34997666000097,0.050883468258237106
58.35830999000097,0.025639378917324627
58.366643320000975,0.0014446999486912686
58.374976650000974,-0.02242713062355293
58.38330998000097,-0.046701321881533704
58.39164331000097,-0.07206375161158582
58.39997664000097,-0.09916124859786447
58.40830997000097,-0.1284703763718796
58.41664330000097,-0.16025817807971404
58.42497663000097,-0.19457483067034542
58.43330996000097,-0.23126416262656607
58.441643290000975,-0.26998917388538257
58.449976620000974,-0.3102695005884026
58.458309950000974,-0.35152539310683906
58.46664328000097,-0.3931132736182822
58.47497661000097,-0.43436287534509177
58.48330994000097,-0.47461895740816584
58.49164327000097,-0.5132654425045227
58.49997660000098,-0.5497610333428048
58.508309930000976,-0.5836122824595388
58.516643260000976,-0.6143449682105495
58.524976590000975,-0.6414907627039436
58.533309920000974,-0.6645744893272642
58.54164325000097,-0.6831050097241056
58.54997658000097,-0.6965669597685222
58.55830991000097,-0.7044625080924173
58.56664324000097,-0.7063257639678183
58.57497657000098,-0.7016981491532013
58.58330990000098,-0.6901397078658017
58.591643230000976,-0.6712549990377163
58.599976560000975,-0.6447545040622311
58.608309890000974,-0.6104338806494707
58.616643220000974,-0.5681705552129512
58.62497655000097,-0.5179405946202726
58.63330988000098,-0.45983673237236944
58.64164321000098,-0.3940859513626271
58.64997654000098,-0.32106110222429496
58.65830987000098,-0.24129922198933146
58.666643200000976,-0.15552638001697616
58.674976530000976,-0.06467768161441377
58.683309860000975,0.030080546119868917
58.691643190000974,0.12724684521608617
58.69997652000097,0.2249102726692357
58.70830985000098,0.3205900067902118
58.71664318000098,0.41110951009825253
58.72497651000098,0.49241623346507163
58.73330984000098,0.5594812003416195
58.74164317000098,0.6065532028677072
58.749976500000976,0.6279651024214103
58.758309830000975,0.6194750484070431
58.76664316000098,0.5797548922900275
58.77497649000098,0.5111085914018724
58.78330982000098,0.4186813230941434
58.79164315000098,0.30900427756944837
58.79997648000098,0.18856710643528254
58.80830981000098,0.06300523519325843
58.81664314000098,-0.06307145794487577
58.824976470000976,-0.1860328851296149
58.833309800000976,-0.3030373935001004
58.84164313000098,-0.4118688876922017
58.84997646000098,-0.5107884835429033
58.85830979000098,-0.5984239098977613
58.86664312000098,-0.6737091488224521
58.87497645000098,-0.7358048850895998
58.88330978000098,-0.7841092156555134
58.89164311000098,-0.8182006121231564
58.899976440000984,-0.8378287456372691
58.90830977000098,-0.8429119628428886
58.91664310000098,-0.8335367389697748
58.92497643000098,-0.8099560517480581
58.93330976000098,-0.7726130870312636
58.94164309000098,-0.7221795053618418
58.94997642000098,-0.6595411751897647
58.95830975000098,-0.585875755084702
58.96664308000098,-0.5026713097418694
58.974976410000984,-0.4118078149010035
58.98330974000098,-0.3156105831980926
58.99164307000098,-0.21691554517099151
58.99997640000098,-0.11907923342106576
59.00830973000098,-0.025886129493572236
59.01664306000098,0.05866179919260786
59.02497639000098,0.13084435035203718
59.033309720000986,0.18777873075955026
59.041643050000985,0.22793629892005088
59.049976380000984,0.2514452262113364
59.058309710000984,0.25990538524483187
59.06664304000098,0.2558244133871247
59.07497637000098,0.2420620981537135
59.08330970000098,0.22135978778504767
59.09164303000098,0.1960807678873011
59.09997636000098,0.1681423540183813
59.108309690000986,0.13898053834967852
59.116643020000986,0.10966078818699752
59.124976350000985,0.08090788818509378
59.133309680000984,0.05314928449134933
59.14164301000098,0.026614284314764314
59.14997634000098,0.0013785641784316881
59.15830967000098,-0.022597342732732374
59.16664300000099,-0.045454144912841186
59.17497633000099,-0.06741911690132585
59.18330966000099,-0.0887438028620866
59.191642990000986,-0.10967077741647388
59.199976320000985,-0.13041021527922764
59.208309650000984,-0.15112368294830694
59.216642980000984,-0.17191601142693164
59.22497631000098,-0.19283547596393386
59.23330964000098,-0.2138840681586541
59.24164297000099,-0.23503960751916447
59.24997630000099,-0.2562653824782141
59.25830963000099,-0.2775319554100357
59.266642960000986,-0.2988416464482946
59.274976290000986,-0.3202475431937382
59.283309620000985,-0.3418607375230544
59.291642950000984,-0.3638413647214318
59.29997628000099,-0.3863754545047579
59.30830961000099,-0.40963761665384685
59.31664294000099,-0.43374363834861035
59.32497627000099,-0.45870069332458524
59.33330960000099,-0.48436131657677733
59.34164293000099,-0.51038831634956
59.349976260000986,-0.5362347367813779
59.358309590000985,-0.5611410620877908
59.366642920000984,-0.5841615378060798
59.37497625000099,-0.6042861255365054
59.38330958000099,-0.6204467399705949
59.39164291000099,-0.6315706280104072
59.39997624000099,-0.6366664418941428
59.40830957000099,-0.6348017239621442
59.41664290000099,-0.6252115471674502
59.424976230000986,-0.6072439710769202
59.43330956000099,-0.5804124580548317
59.44164289000099,-0.5444079419696041
59.44997622000099,-0.49905706318267995
59.45830955000099,-0.44433567082937625
59.46664288000099,-0.38038859563730737
59.47497621000099,-0.3075414765529732
59.48330954000099,-0.2262872880320287
59.49164287000099,-0.13732267033002868
59.49997620000099,-0.041564995413011126
59.50830953000099,0.059836735911275855
59.51664286000099,0.1654175727428399
59.52497619000099,0.27330434318566554
59.53330952000099,0.3810626460081607
59.54164285000099,0.48554302032777413
59.54997618000099,0.5826335800083053
59.55830951000099,0.6670465429054064
59.566642840000995,0.7324013904398625
59.574976170000994,0.7717963910264876
59.58330950000099,0.7792114252153466
59.59164283000099,0.7515458135495268
59.59997616000099,0.6899709191737865
59.60830949000099,0.5995550982787726
59.61664282000099,0.4874278579818144
59.62497615000099,0.36093926859635217
59.63330948000099,0.2265413915223434
59.641642810000995,0.08942336150449995
59.649976140000994,-0.04635979880656257
59.658309470000994,-0.17769102866876343
59.66664280000099,-0.3021507091427291
59.67497613000099,-0.41785391817861106
59.68330946000099,-0.5233083327545518
59.69164279000099,-0.6173499871869321
59.699976120001,-0.6990713692692444
59.708309450000996,-0.7677626369345464
59.716642780000996,-0.8229133277797732
59.724976110000995,-0.8642058305565521
59.733309440000994,-0.8915072251648472
59.74164277000099,-0.9048638811286593
59.74997610000099,-0.9044942979856158
59.75830943000099,-0.8907871891230047
59.76664276000099,-0.8643576504645355
59.774976090001,-0.8260407449031453
59.783309420001,-0.7769337806649753
59.791642750000996,-0.7183997838345179
59.799976080000995,-0.6521097913543913
59.808309410000994,-0.5800582561270416
59.816642740000994,-0.50452995146896
59.82497607000099,-0.4280619178419461
59.833309400001,-0.35332529473749685
59.841642730001,-0.28289712329809363
59.849976060001,-0.21905433413066958
59.858309390001,-0.16347755761167337
59.866642720000996,-0.11707629931641064
59.874976050000996,-0.07998477941906386
59.883309380000995,-0.051658218261652025
59.891642710000994,-0.031032432082398084
59.89997604000099,-0.016810598611140214
59.908309370001,-0.007724079092823334
59.916642700001,-0.002609298009487835
59.924976030001,-0.0005685327037968621
59.933309360001,-0.0009029344716524171
59.941642690001,-0.003089003278011129
59.949976020000996,-0.0067546451851315135
59.958309350000995,-0.011656994959729107
59.966642680001,-0.017624480132768464
59.974976010001,-0.024506133278980262
59.983309340001,-0.032145973625441415
59.991642670001,-0.04036684412998342
