t_s,theory_z
0.0,-0.26272399247612366
0.008333330000000139,-0.26268547016699806
0.016666660000000277,-0.2626470895996762
0.024999990000000416,-0.2626102414403935
0.033333320000000555,-0.2625802311919547
0.04166665000000069,-0.262570212012121
0.04999998000000083,-0.2626056136384428
0.05833331000000097,-0.2627289623849068
0.06666664000000111,-0.2630048460969638
0.07499997000000125,-0.2635245720244158
0.08333330000000139,-0.264409634842552
0.09166663000000153,-0.2658083873792021
0.09999996000000166,-0.26787254439483105
0.1083332900000018,-0.27076835099378255
0.11666662000000194,-0.27468235784690936
0.12499995000000208,-0.2798171835457203
0.13333328000000222,-0.28638558232720257
0.14166661000000236,-0.29460328308897926
0.1499999400000025,-0.3046807768889807
0.15833327000000263,-0.31681417101411685
0.16666660000000277,-0.33116949901338155
0.1749999300000029,-0.34783546640735263
0.18333326000000305,-0.36684241321909944
0.1916665900000032,-0.3881750557824491
0.19999992000000333,-0.4117707757540717
0.20833325000000347,-0.4375256421650468
0.2166665800000036,-0.4652525677586026
0.22499991000000374,-0.49461484955112384
0.23333324000000388,-0.5249857017764984
0.24166657000000402,-0.5550815591931849
0.24999990000000416,-0.5819170286896295
0.2583332300000043,-0.598546238242212
0.26666656000000444,-0.5894151036484693
0.2749998900000046,-0.5220663866963147
0.2833332200000047,-0.3405386932917446
0.29166655000000485,0.00451861766526561
0.299999880000005,0.49555676958140404
0.30833321000000513,1.0638276506639823
0.31666654000000527,1.6409070036843234
0.3249998700000054,2.1683015799831824
0.33333320000000555,2.5956584168707493
0.3416665300000057,2.8946369969248402
0.3499998600000058,3.068781369668316
0.35833319000000596,3.1416822916804876
0.3666665200000061,3.1401974080060433
0.37499985000000624,3.0857930296256346
0.3833331800000064,2.9929116824746544
0.3916665100000065,2.870624836948822
0.39999984000000666,2.7246374317541564
0.4083331700000068,2.5579752674280094
0.41666650000000693,2.3721106875162055
0.4249998300000071,2.168663954043267
0.4333331600000072,1.9494480123386064
0.44166649000000735,1.716393081717758
0.4499998200000075,1.4714844337431634
0.4583331500000076,1.2167075075722653
0.46666648000000777,0.9540142561367156
0.4749998100000079,0.6853142187672813
0.48333314000000804,0.41246390949901807
0.4916664700000082,0.13723474371631775
0.4999998000000083,-0.1387194110470962
0.5083331300000085,-0.41372114881539884
0.5166664600000086,-0.6857313986934782
0.5249997900000087,-0.9524802564571804
0.5333331200000089,-1.211594614043229
0.541666450000009,-1.4605880275805527
0.5499997800000092,-1.6969574664381197
0.5583331100000093,-1.918202557616743
0.5666664400000094,-2.1217740679685493
0.5749997700000096,-2.30514207406748
0.5833331000000097,-2.4658208801768975
0.5916664300000098,-2.6014445022429755
0.59999976000001,-2.709902150541996
0.6083330900000101,-2.7893807104559403
0.6166664200000103,-2.8385956309624816
0.6249997500000104,-2.856762531836176
0.6333330800000105,-2.8437462797862594
0.6416664100000107,-2.8000981468844564
0.6499997400000108,-2.727015225750755
0.658333070000011,-2.626233314878352
0.6666664000000111,-2.4998175527092115
0.6749997300000112,-2.350171057656318
0.6833330600000114,-2.1798133951792296
0.6916663900000115,-1.9914240888690562
0.6999997200000116,-1.7901009593868784
0.7083330500000118,-1.5867960384554667
0.7166663800000119,-1.4031362471105322
0.7249997100000121,-1.2844037214946364
0.7333330400000122,-1.3083215085830426
0.7416663700000123,-1.5104765908165474
0.7499997000000125,-1.8685615164788716
0.7583330300000126,-2.295095001391943
0.7666663600000128,-2.6989641655059153
0.7749996900000129,-2.998079887051481
0.783333020000013,-3.1308790000102293
0.7916663500000132,-3.101965207120075
0.7999996800000133,-2.9632602463976374
0.8083330100000135,-2.760924563025358
0.8166663400000136,-2.522126108984424
0.8249996700000137,-2.2616195323471016
0.8333330000000139,-1.9875107914411352
0.841666330000014,-1.7047326882431513
0.8499996600000141,-1.4167063730353302
0.8583329900000143,-1.1260937424655881
0.8666663200000144,-0.8348159492379922
0.8749996500000146,-0.5445082302405481
0.8833329800000147,-0.2567923753329664
0.8916663100000148,0.026735616622602876
0.899999640000015,0.3045158137220506
0.9083329700000151,0.5750272491776829
0.9166663000000153,0.8367914525027731
0.9249996300000154,1.088390971865672
0.9333329600000155,1.328457525997985
0.9416662900000157,1.5556917341776215
0.9499996200000158,1.7688656214494984
0.958332950000016,1.9668179782563546
0.9666662800000161,2.1484709696090367
0.9749996100000162,2.3128346083380853
0.9833329400000164,2.459007769329934
0.9916662700000165,2.586181944709876
0.9999996000000166,2.693647880419931
1.0083329300000168,2.7810070222219583
1.016666260000017,2.848310073809
1.024999590000017,2.895789036404382
1.0333329200000172,2.9239177594715695
1.0416662500000173,2.933341073774144
1.0499995800000175,2.924790264225933
1.0583329100000176,2.8988581404088123
1.0666662400000178,2.856272927119954
1.074999570000018,2.797759001385272
1.083332900000018,2.724078928576888
1.0916662300000182,2.6359219032489576
1.0999995600000183,2.5338666085741446
1.1083328900000184,2.4183175447682537
1.1166662200000186,2.289367393987497
1.1249995500000187,2.146906204769215
1.1333328800000189,1.9906164459583275
1.141666210000019,1.8199967329149564
1.1499995400000191,1.6345270179879063
1.1583328700000193,1.4339076287033
1.1666662000000194,1.2182921735572454
1.1749995300000196,0.9887302041913548
1.1833328600000197,0.747319831132141
1.1916661900000198,0.497334856555924
1.19999952000002,0.2432592530349247
1.20833285000002,-0.009465252667088992
1.2166661800000202,-0.2549111703771254
1.2249995100000204,-0.4874242958955075
1.2333328400000205,-0.7023430414598838
1.2416661700000207,-0.8968066935138296
1.2499995000000208,-1.0699493537917475
1.258332830000021,-1.2228040870763872
1.266666160000021,-1.3577352448871967
1.2749994900000212,-1.47765588235944
1.2833328200000214,-1.5854074746607845
1.2916661500000215,-1.683419717360301
1.2999994800000216,-1.7734305474266638
1.3083328100000218,-1.856235782234626
1.316666140000022,-1.931548227564574
1.324999470000022,-1.9975955693454102
1.3333328000000222,-2.0506263958110265
1.3416661300000223,-2.084293018777521
1.3499994600000225,-2.0891091173189804
1.3583327900000226,-2.052315459775812
1.3666661200000227,-1.9593402701128573
1.3749994500000229,-1.7986112661795373
1.383332780000023,-1.568220343151189
1.3916661100000232,-1.2785253461392014
1.3999994400000233,-0.9477998591787689
1.4083327700000234,-0.5959944090177275
1.4166661000000236,-0.24124252692525355
1.4249994300000237,0.10090472065386828
1.4333327600000239,0.4174317215150068
1.441666090000024,0.6981436614678458
1.4499994200000241,0.936314551809837
1.4583327500000243,1.129525517366528
1.4666660800000244,1.2795145185025112
1.4749994100000245,1.390287653390058
1.4833327400000247,1.4668017073008877
1.4916660700000248,1.514002413687727
1.499999400000025,1.536254070078611
1.508332730000025,1.5371945028112959
1.5166660600000252,1.519756070034882
1.5249993900000254,1.4862858795628127
1.5333327200000255,1.4385192850882829
1.5416660500000257,1.3771446190086698
1.5499993800000258,1.3026369600909873
1.558332710000026,1.2155742510429848
1.566666040000026,1.1166284044822918
1.5749993700000262,1.0065542820567128
1.5833327000000263,0.8861773278641832
1.5916660300000265,0.7563754432781024
1.5999993600000266,0.6180697779955088
1.6083326900000268,0.47221413962561976
1.616666020000027,0.31978435800926813
1.624999350000027,0.16176546142705236
1.6333326800000272,-0.0008555861868975243
1.6416660100000273,-0.16708115699397705
1.6499993400000275,-0.3354473632231807
1.6583326700000276,-0.503887320534125
1.6666660000000277,-0.6699720616670517
1.6749993300000279,-0.8307817058132908
1.683332660000028,-0.9826702313861098
1.6916659900000282,-1.1209338426008386
1.6999993200000283,-1.2393580257949943
1.7083326500000284,-1.3297256329796456
1.7166659800000286,-1.3815731659986383
1.7249993100000287,-1.3828443216070563
1.7333326400000288,-1.3223070120176457
1.741665970000029,-1.1936515313014402
1.7499993000000291,-0.9986570887945253
1.7583326300000293,-0.7466098304140524
1.7666659600000294,-0.4505280280050702
1.7749992900000295,-0.12381383690799608
1.7833326200000297,0.21885116950813605
1.7916659500000298,0.5603244077189753
1.79999928000003,0.876816521539073
1.80833261000003,1.129812595861719
1.8166659400000302,1.2618447338212333
1.8249992700000304,1.2258585888924023
1.8333326000000305,1.0389259750841526
1.8416659300000306,0.7657628975949875
1.8499992600000308,0.4676150233532003
1.858332590000031,0.192098828031813
1.866665920000031,-0.021504409460406097
1.8749992500000312,-0.14715630443267688
1.8833325800000313,-0.18280062156385993
1.8916659100000315,-0.14885328369033057
1.8999992400000316,-0.07137397486164206
1.9083325700000318,0.02908082190610955
1.916665900000032,0.13896387431258156
1.924999230000032,0.24991181777700647
1.9333325600000322,0.35679660830712756
1.9416658900000323,0.45684635439368165
1.9499992200000325,0.5493641635972611
1.9583325500000326,0.6339548746036014
1.9666658800000327,0.7102628571742446
1.9749992100000329,0.777966618417127
1.983332540000033,0.8367764202237286
1.9916658700000331,0.8864384103323678
1.9999992000000333,0.9267309718310061
2.0083325300000334,0.9574655239152533
2.0166658600000336,0.9784874078058101
2.0249991900000337,0.9896743961254044
2.033332520000034,0.9909359875915875
2.041665850000034,0.982215364291238
2.049999180000034,0.9634939953350552
2.0583325100000343,0.9347917031747998
2.0666658400000344,0.8961690747255348
2.0749991700000345,0.8477339294432182
2.0833325000000347,0.7896409760321441
2.091665830000035,0.7220991028623573
2.099999160000035,0.6453711721089839
2.108332490000035,0.5597779577662236
2.1166658200000352,0.4657009205043074
2.1249991500000354,0.36358204380257364
2.1333324800000355,0.2539259078527385
2.1416658100000356,0.13729715386630184
2.149999140000036,0.014314833245576081
2.158332470000036,-0.11436610904934531
2.166665800000036,-0.24856939710324172
2.174999130000036,-0.38871611330044803
2.1833324600000363,-0.534669612126607
2.1916657900000365,-0.6853562372565573
2.1999991200000366,-0.8391568531412016
2.2083324500000368,-0.9936059063708256
2.216665780000037,-1.1449158443870662
2.224999110000037,-1.2874562589208118
2.233332440000037,-1.413451454346107
2.2416657700000373,-1.5135171791161608
2.2499991000000374,-1.5788193840821738
2.2583324300000376,-1.6048045449290713
2.2666657600000377,-1.5943283580492393
2.274999090000038,-1.5569238588517857
2.283332420000038,-1.5043360249938815
2.291665750000038,-1.4450004270459784
2.2999990800000383,-1.381099130620049
2.3083324100000384,-1.3085813910514221
2.3166657400000386,-1.220124035510207
2.3249990700000387,-1.108811157939795
2.333332400000039,-0.9709806139900303
2.341665730000039,-0.807303277618254
2.349999060000039,-0.6218778201114159
2.3583323900000392,-0.4205487731740058
2.3666657200000394,-0.20938339280759855
2.3749990500000395,0.006182678277602842
2.3833323800000397,0.22166736020469752
2.39166571000004,0.4335408670415758
2.39999904000004,0.6390303144346308
2.40833237000004,0.8359772567093149
2.41666570000004,1.0226910556497744
2.4249990300000404,1.197988520560356
2.4333323600000405,1.360943266555343
2.4416656900000406,1.510720781354878
2.4499990200000408,1.6465803375333083
2.458332350000041,1.7678696266155038
2.466665680000041,1.8740265231799245
2.474999010000041,1.9645837394700791
2.4833323400000413,2.0391636067613774
2.4916656700000415,2.097477195170775
2.4999990000000416,2.1393238678109774
2.5083323300000417,2.1649141140198234
2.516665660000042,2.175168635918356
2.524998990000042,2.1713660081269426
2.533332320000042,2.155095066084144
2.5416656500000423,2.1282651332735267
2.5499989800000424,2.0931053443337646
2.5583323100000426,2.0521076614443094
2.5666656400000427,2.007891555705984
2.574998970000043,1.9630383991928317
2.583332300000043,1.91982694677778
2.591665630000043,1.8800311165967736
2.5999989600000433,1.8445791528848965
2.6083322900000434,1.813462564597584
2.6166656200000435,1.7857434356616753
2.6249989500000437,1.759697305035763
2.633332280000044,1.7331598257958216
2.641665610000044,1.703386095713738
2.649998940000044,1.6666425320773268
2.6583322700000442,1.6187779439720982
2.6666656000000444,1.5552859482356762
2.6749989300000445,1.471238938485417
2.6833322600000447,1.3612190164700437
2.691665590000045,1.2193677454223562
2.699998920000045,1.039916338932118
2.708332250000045,0.8180909749174206
2.716665580000045,0.5514265656724995
2.7249989100000453,0.24089344028724483
2.7333322400000455,-0.10891741016907613
2.7416655700000456,-0.4905083546523722
2.7499989000000458,-0.8949908195753887
2.758332230000046,-1.3132341826018143
2.766665560000046,-1.7365177749314844
2.774998890000046,-2.156617448267117
2.7833322200000463,-2.5655354414541955
2.7916655500000465,-2.954979129178153
2.7999988800000466,-3.3157723874037908
2.8083322100000467,-3.6370980189346716
2.816665540000047,-3.9040984231463494
2.824998870000047,-4.096403578495099
2.833332200000047,-4.189252366797874
2.8416655300000473,-4.160621478610679
2.8499988600000474,-4.003181574236738
2.8583321900000476,-3.7302436276247852
2.8666655200000477,-3.3683365801134206
2.874998850000048,-2.944648599142912
2.883332180000048,-2.48213481787444
2.891665510000048,-1.9992315332061517
2.8999988400000483,-1.51200347216093
2.9083321700000484,-1.0366627754884379
2.9166655000000485,-0.5914105525354372
2.9249988300000487,-0.19616443816599713
2.933332160000049,0.13183963431065693
2.941665490000049,0.38455272694675136
2.949998820000049,0.5663570521463546
2.9583321500000492,0.6901906009294645
2.9666654800000494,0.7706350855089468
2.9749988100000495,0.819736436816721
2.9833321400000496,0.8463504421970159
2.99166547000005,0.8571029585033094
2.99999880000005,0.8569540521688316
3.00833213000005,0.849470701184773
3.01666546000005,0.8367549052037109
3.0249987900000503,0.8209617374775025
3.0333321200000505,0.8045850570242903
3.0416654500000506,0.7903646387045025
3.0499987800000508,0.7811111957172098
3.058332110000051,0.7794794519986209
3.066665440000051,0.7876025893942848
3.074998770000051,0.8069056083504756
3.0833321000000513,0.8377950334822488
3.0916654300000515,0.8796021077101115
3.0999987600000516,0.930774146455854
3.1083320900000517,0.9890954014923761
3.116665420000052,1.051968372282469
3.124998750000052,1.1166771868444034
3.133332080000052,1.1805843715791036
3.1416654100000523,1.2412444114307244
3.1499987400000524,1.2964530143038362
3.1583320700000526,1.3442772738203743
3.1666654000000527,1.383045404242699
3.174998730000053,1.4114765035705894
3.183332060000053,1.429006244174901
3.191665390000053,1.435242503262171
3.1999987200000533,1.4298307160469181
3.2083320500000534,1.4124670308146299
3.2166653800000535,1.3829137746580031
3.2249987100000537,1.3410155278136202
3.233332040000054,1.2867145432021587
3.241665370000054,1.2200633746926584
3.249998700000054,1.1412326845960141
3.2583320300000542,1.050514359873128
3.2666653600000544,0.9484358214497983
3.2749986900000545,0.8353638307310676
3.2833320200000546,0.7113922283796931
3.291665350000055,0.5764482906655569
3.299998680000055,0.43023131475096715
3.308332010000055,0.2722047248699883
3.316665340000055,0.10181013620590182
3.3249986700000553,-0.08087927924289687
3.3333320000000555,-0.2738154565285462
3.3416653300000556,-0.4712815162350298
3.3499986600000558,-0.6636327283115755
3.358331990000056,-0.8401154026873029
3.366665320000056,-0.9938523039965858
3.374998650000056,-1.1241779573237387
3.3833319800000563,-1.2341044212838623
3.3916653100000564,-1.3263955604393334
3.3999986400000566,-1.4013935725765656
3.4083319700000567,-1.4568434349376895
3.416665300000057,-1.4890587907010846
3.424998630000057,-1.4943194120937127
3.433331960000057,-1.470257440597087
3.4416652900000573,-1.4166567979547549
3.4499986200000574,-1.3354797739722821
3.4583319500000576,-1.2303356421561007
3.4666652800000577,-1.1057164817591028
3.474998610000058,-0.9663168178294884
3.483331940000058,-0.8165207547480532
3.491665270000058,-0.6602451769142357
3.4999986000000582,-0.5010898188005163
3.5083319300000584,-0.3421191702542962
3.5166652600000585,-0.185886990556092
3.5249985900000587,-0.03414186426003231
3.533331920000059,0.11219929069121135
3.541665250000059,0.2523189401862394
3.549998580000059,0.38544223877331407
3.558331910000059,0.510833141259961
3.5666652400000594,0.627798499393138
3.5749985700000595,0.7356967820027899
3.5833319000000596,0.833937573845699
3.5916652300000598,0.921981769968919
3.59999856000006,0.9993453279486073
3.60833189000006,1.0656012038604354
3.61666522000006,1.1203820341846222
3.6249985500000603,1.163382257112639
3.6333318800000605,1.1943593020605896
3.6416652100000606,1.2131351509870394
3.6499985400000607,1.2195973259384627
3.658331870000061,1.2136993722873621
3.666665200000061,1.1954615454367385
3.674998530000061,1.1649709208122139
3.6833318600000613,1.1223815070529848
3.6916651900000614,1.0679184398090604
3.6999985200000616,1.0018764433860157
3.7083318500000617,0.9245675858760118
3.716665180000062,0.8361110202985923
3.724998510000062,0.7365936371946223
3.733331840000062,0.6261540809842454
3.7416651700000623,0.5052240627355316
3.7499985000000624,0.37604545702782716
3.7583318300000625,0.24289063538483596
3.7666651600000627,0.1127674546989422
3.774998490000063,-0.0029740979812767424
3.783331820000063,-0.08674891337693101
3.791665150000063,-0.11510082694409558
3.7999984800000632,-0.06624153742669386
3.8083318100000634,0.06441288102219732
3.8166651400000635,0.25641604927353034
3.8249984700000637,0.4729492973434253
3.833331800000064,0.6729849436708062
3.841665130000064,0.8185413164460779
3.849998460000064,0.8830920214930553
3.858331790000064,0.8611677225909409
3.8666651200000643,0.766943700948615
3.8749984500000645,0.6218894153515758
3.8833317800000646,0.44505556290001164
3.8916651100000648,0.250479548432954
3.899998440000065,0.04809291977749675
3.908331770000065,-0.15454599502420208
3.916665100000065,-0.3512003955244504
3.9249984300000653,-0.5366426775833386
3.9333317600000655,-0.7044054095971669
3.9416650900000656,-0.8458778509029841
3.9499984200000657,-0.9502669699736789
3.958331750000066,-1.0057248447056044
3.966665080000066,-1.0023293798452446
3.974998410000066,-0.9361489550892897
3.9833317400000663,-0.8114476502805722
3.9916650700000664,-0.6388899242068057
3.9999984000000666,-0.4314662804106446
4.008331730000067,-0.20127974416822833
4.016665060000067,0.04178118003095624
4.024998390000067,0.2900838476740988
4.033331720000067,0.537814752238485
4.041665050000067,0.7804833730320143
4.049998380000067,1.0146225991232993
4.0583317100000675,1.2382057478460715
4.066665040000068,1.4498381836897258
4.074998370000068,1.6481965530818505
4.083331700000068,1.832037078778898
4.091665030000068,2.0002031508348512
4.099998360000068,2.151641252107641
4.108331690000068,2.2849151366817364
4.1166650200000685,2.397740798058403
4.124998350000069,2.487454099964538
4.133331680000069,2.5510105270166052
4.141665010000069,2.5849567005468046
4.149998340000069,2.5854633875899333
4.158331670000069,2.54851390446952
4.166665000000069,2.4702175797160475
4.1749983300000695,2.347425444276422
4.18333166000007,2.1783356091867865
4.19166499000007,1.963121375580494
4.19999832000007,1.7041358831607099
4.20833165000007,1.4057456602317988
4.21666498000007,1.073678396189238
4.22499831000007,0.7142725505305011
4.2333316400000705,0.33380833324728454
4.241664970000071,-0.06186939745671618
4.249998300000071,-0.4674209652852665
4.258331630000071,-0.8768099810712595
4.266664960000071,-1.2827415843919272
4.274998290000071,-1.6773206793261342
4.283331620000071,-2.050998870236639
4.291664950000071,-2.3912604027770725
4.299998280000072,-2.6828059667536084
4.308331610000072,-2.909747908264858
4.316664940000072,-3.0604849580140576
4.324998270000072,-3.132693973080127
4.333331600000072,-3.133719049108267
4.341664930000072,-3.0759581895027566
4.349998260000072,-2.9718421981192105
4.3583315900000725,-2.8312400457252087
4.366664920000073,-2.661030342823355
4.374998250000073,-2.4655756864800242
4.383331580000073,-2.248237204004004
4.391664910000073,-2.0123269770143857
4.399998240000073,-1.7612236274689683
4.408331570000073,-1.4989520285995948
4.4166649000000735,-1.2307456154335834
4.424998230000074,-0.963321565726467
4.433331560000074,-0.7048394135876414
4.441664890000074,-0.464239874824746
4.449998220000074,-0.24919448341630474
4.458331550000074,-0.06356916085722086
4.466664880000074,0.0946137533267424
4.4749982100000745,0.2326998127880818
4.483331540000075,0.36071634734071945
4.491664870000075,0.48828117050642006
4.499998200000075,0.6222776541979224
4.508331530000075,0.7659996588804264
4.516664860000075,0.9195214630926415
4.524998190000075,1.0806203165463175
4.533331520000075,1.2458932974819046
4.541664850000076,1.4115667982604718
4.549998180000076,1.5740876742274854
4.558331510000076,1.7303604281096763
4.566664840000076,1.8777506169068618
4.574998170000076,2.0137978042275013
4.583331500000076,2.136237806973727
4.591664830000076,2.243276667237035
4.5999981600000766,2.3335229047961006
4.608331490000077,2.4059186246616844
4.616664820000077,2.4598869570393473
4.624998150000077,2.495252089670966
4.633331480000077,2.5119437511127276
4.641664810000077,2.50998700791186
4.649998140000077,2.4894966664280145
4.6583314700000775,2.4506775468701627
4.666664800000078,2.3938178547220343
4.674998130000078,2.319285119835816
4.683331460000078,2.227521124925717
4.691664790000078,2.1190402591652324
4.699998120000078,1.9944278518705107
4.708331450000078,1.854338437719018
4.7166647800000785,1.6994946979977572
4.724998110000079,1.5306883376316245
4.733331440000079,1.348924706231188
4.741664770000079,1.1555477743311067
4.749998100000079,0.9520260769078709
4.758331430000079,0.7399650664217143
4.766664760000079,0.5211511611101608
4.7749980900000795,0.29746052465905704
4.78333142000008,0.0709398438646644
4.79166475000008,-0.15626166703248665
4.79999808000008,-0.3819049096762296
4.80833141000008,-0.6036797011762842
4.81666474000008,-0.819329166050328
4.82499807000008,-1.0266082814700326
4.83333140000008,-1.223472186262477
4.841664730000081,-1.4086721652321106
4.849998060000081,-1.5816480981883165
4.858331390000081,-1.742180167428139
4.866664720000081,-1.890084741201241
4.874998050000081,-2.0245818202714196
4.883331380000081,-2.1432840987400783
4.891664710000081,-2.240659646000348
4.8999980400000815,-2.3063112338881906
4.908331370000082,-2.324927249571703
4.916664700000082,-2.2822286624585146
4.924998030000082,-2.1789289446676654
4.933331360000082,-2.0402232747579796
4.941664690000082,-1.9043526565127797
4.949998020000082,-1.8004758530036302
4.9583313500000825,-1.7361563108917295
4.966664680000083,-1.702329275502356
4.974998010000083,-1.6854657520675325
4.983331340000083,-1.6746527636630597
4.991664670000083,-1.662961061933641
4.999998000000083,-1.6465856520823485
5.008331330000083,-1.623688231937672
5.0166646600000835,-1.5938835829167126
5.024997990000084,-1.5584505586204704
5.033331320000084,-1.5187053461068583
5.041664650000084,-1.475591043740609
5.049997980000084,-1.4294133604677717
5.058331310000084,-1.3802785029588396
5.066664640000084,-1.3282502406061167
5.0749979700000845,-1.2733484983786079
5.083331300000085,-1.215555582597735
5.091664630000085,-1.1548274733865953
5.099997960000085,-1.091109710498521
5.108331290000085,-1.0243561882931764
5.116664620000085,-0.9545471095559627
5.124997950000085,-0.8816824882463948
5.133331280000085,-0.8054435013517673
5.141664610000086,-0.7252167004689677
5.149997940000086,-0.6402804852344276
5.158331270000086,-0.5498262614227301
5.166664600000086,-0.452932621472843
5.174997930000086,-0.34862527498214513
5.183331260000086,-0.23591246722279685
5.191664590000086,-0.11384637520655982
5.1999979200000865,0.018320289036375264
5.208331250000087,0.1610801901374017
5.216664580000087,0.3144424324114763
5.224997910000087,0.4778233199188404
5.233331240000087,0.6500354795530175
5.241664570000087,0.8293070283377504
5.249997900000087,1.0133308007332125
5.2583312300000875,1.1993510732264667
5.266664560000088,1.3844269226756458
5.274997890000088,1.565555479241849
5.283331220000088,1.7398357435310436
5.291664550000088,1.904552960026063
5.299997880000088,2.056949982194424
5.308331210000088,2.192291239937348
5.3166645400000885,2.303706101748152
5.324997870000089,2.3812932853251647
5.333331200000089,2.4106145275119744
5.341664530000089,2.371601971088437
5.349997860000089,2.240790138860518
5.358331190000089,2.000615348933614
5.366664520000089,1.6526732126531563
5.3749978500000894,1.220124227984991
5.38333118000009,0.7361219818404181
5.39166451000009,0.23379827656531818
5.39999784000009,-0.25403955090188673
5.40833117000009,-0.6904697970471625
5.41666450000009,-1.035026389140086
5.42499783000009,-1.2599130811504369
5.43333116000009,-1.370972025364374
5.441664490000091,-1.398572978271997
5.449997820000091,-1.3732709004766384
5.458331150000091,-1.3160029392335642
5.466664480000091,-1.2392662472024896
5.474997810000091,-1.1503599135074576
5.483331140000091,-1.0536807714394771
5.491664470000091,-0.9520511506760054
5.4999978000000915,-0.8474614621147315
5.508331130000092,-0.741688225270321
5.516664460000092,-0.636421533799388
5.524997790000092,-0.5331500654479356
5.533331120000092,-0.4332713553593257
5.541664450000092,-0.33806314858964237
5.549997780000092,-0.24872081487854586
5.5583311100000925,-0.16632919649763075
5.566664440000093,-0.0917964268996202
5.574997770000093,-0.025943235737549853
5.583331100000093,0.030600832904334047
5.591664430000093,0.07753623538541378
5.599997760000093,0.11483746707972137
5.608331090000093,0.14272175968844067
5.6166644200000935,0.16181940927249763
5.624997750000094,0.17306066857290173
5.633331080000094,0.17771232004078424
5.641664410000094,0.17726984529855241
5.649997740000094,0.1733674688641911
5.658331070000094,0.16766463915390958
5.666664400000094,0.16160871651783437
5.674997730000094,0.15642285412554596
5.683331060000095,0.1530356590113847
5.691664390000095,0.1519356398034166
5.699997720000095,0.1531312860614709
5.708331050000095,0.15621406656695994
5.716664380000095,0.16044033148470357
5.724997710000095,0.16476864275837824
5.733331040000095,0.16808599029565516
5.7416643700000956,0.16921647326215752
5.749997700000096,0.1670647137991706
5.758331030000096,0.1606156094637248
5.766664360000096,0.1490189649190635
5.774997690000096,0.13152914722102346
5.783331020000096,0.10761486037238928
5.791664350000096,0.07692480126485786
5.7999976800000965,0.039287721644546816
5.808331010000097,-0.005227986165489203
5.816664340000097,-0.05637438891825202
5.824997670000097,-0.11371917822712616
5.833331000000097,-0.1766621584740261
5.841664330000097,-0.24441247529648547
5.849997660000097,-0.31596238896431017
5.8583309900000975,-0.39000828628024115
5.866664320000098,-0.46494403999353995
5.874997650000098,-0.5388070107109619
5.883330980000098,-0.6092331832280184
5.891664310000098,-0.6734075608837456
5.899997640000098,-0.7280495178950648
5.908330970000098,-0.769467652656
5.9166643000000985,-0.7937229639977326
5.924997630000099,-0.7969316601862404
5.933330960000099,-0.7756697564026451
5.941664290000099,-0.7274014948694915
5.949997620000099,-0.6506837559163168
5.958330950000099,-0.5449783939606115
5.966664280000099,-0.41023102196827443
5.974997610000099,-0.24635881651222769
5.9833309400001,-0.05341902320884345
5.9916642700001,0.16732210294928704
5.9999976000001,0.4114854477770156
6.0083309300001,0.6698364642580359
6.0166642600001,0.9281077118704595
6.0249975900001,1.169014159556442
6.0333309200001,1.3768656164393733
6.0416642500001005,1.5425452727629636
6.049997580000101,1.6653838812677102
6.058330910000101,1.75099050030721
6.066664240000101,1.8072842544365217
6.074997570000101,1.841389022762101
6.083330900000101,1.8585456324091087
6.091664230000101,1.8620927402128644
6.0999975600001015,1.853894918923136
6.108330890000102,1.8348219010745221
6.116664220000102,1.8051405797458306
6.124997550000102,1.7643733312269043
6.133330880000102,1.7114018511744609
6.141664210000102,1.645398038912376
6.149997540000102,1.5658906550598846
6.1583308700001025,1.4729970227864202
6.166664200000103,1.3674643283690118
6.174997530000103,1.2501533976871266
6.183330860000103,1.1219850022040272
6.191664190000103,0.9839254015782685
6.199997520000103,0.8369705234984737
6.208330850000103,0.6821282475392512
6.2166641800001035,0.5204137610837909
6.224997510000104,0.35284073282731226
6.233330840000104,0.18040648450909144
6.241664170000104,0.004093390780209024
6.249997500000104,-0.175139582983479
6.258330830000104,-0.3563633960906882
6.266664160000104,-0.5386738872489626
6.274997490000104,-0.7211958961542286
6.283330820000105,-0.9030857785795372
6.291664150000105,-1.0835237019629953
6.299997480000105,-1.2617104201716647
6.308330810000105,-1.4368621189881017
6.316664140000105,-1.6082064626537809
6.324997470000105,-1.7749787831905448
6.333330800000105,-1.9363020758473157
6.3416641300001055,-2.090318696739688
6.349997460000106,-2.23426708224503
6.358330790000106,-2.364543947308839
6.366664120000106,-2.47639794370042
6.374997450000106,-2.563534882887306
6.383330780000106,-2.6178530236498148
6.391664110000106,-2.62969201880883
6.3999974400001065,-2.5890243113019014
6.408330770000107,-2.4880932883791025
6.416664100000107,-2.325761906602443
6.424997430000107,-2.110591683165616
6.433330760000107,-1.8602669266928036
6.441664090000107,-1.6024167829046712
6.449997420000107,-1.3789457633478333
6.4583307500001075,-1.248603790731257
6.466664080000108,-1.2607839961741985
6.474997410000108,-1.4027171775088465
6.483330740000108,-1.614782034999344
6.491664070000108,-1.8416939130755567
6.499997400000108,-2.044056838811662
6.508330730000108,-2.1932011040936494
6.5166640600001084,-2.2695563617447116
6.524997390000109,-2.2654709810713247
6.533330720000109,-2.1868793025057216
6.541664050000109,-2.047794005288835
6.549997380000109,-1.8636589965875177
6.558330710000109,-1.6477517015000198
6.566664040000109,-1.4103285960427887
6.574997370000109,-1.1590048142634986
6.58333070000011,-0.8994451740684049
6.59166403000011,-0.6359832518857712
6.59999736000011,-0.3720462923854744
6.60833069000011,-0.11038827742515853
6.61666402000011,0.14719840064064696
6.62499735000011,0.39941785878277236
6.63333068000011,0.6450060470249135
6.6416640100001105,0.8827304071211624
6.649997340000111,1.1113921924635264
6.658330670000111,1.3298191506066481
6.666664000000111,1.5368704242270368
6.674997330000111,1.7314459860438682
6.683330660000111,1.9124811290478783
6.691663990000111,2.078954978670044
6.6999973200001115,2.2299027488105243
6.708330650000112,2.3644158560895896
6.716663980000112,2.4816471790189123
6.724997310000112,2.5808237392376046
6.733330640000112,2.661255892461314
6.741663970000112,2.7223439269075462
6.749997300000112,2.7635882042493165
6.7583306300001125,2.784596088906256
6.766663960000113,2.7850918338532717
6.774997290000113,2.764924870501451
6.783330620000113,2.7240770622864288
6.791663950000113,2.662531352937014
6.799997280000113,2.580116453331044
6.808330610000113,2.4769179131804244
6.816663940000113,2.3531151486835453
6.824997270000114,2.2089483593185104
6.833330600000114,2.044731668998179
6.841663930000114,1.8609150936502585
6.849997260000114,1.6581570459671857
6.858330590000114,1.4374457772204656
6.866663920000114,1.2002834687819468
6.874997250000114,0.9489452414314414
6.8833305800001146,0.6866825704942451
6.891663910000115,0.4176387769904358
6.899997240000115,0.14667219272188062
6.908330570000115,-0.12124128544563915
6.916663900000115,-0.3818062115614399
6.924997230000115,-0.6319150382910836
6.933330560000115,-0.8698472533284233
6.9416638900001155,-1.0947135922430042
6.949997220000116,-1.3059355273517708
6.958330550000116,-1.5026379605046918
6.966663880000116,-1.6834577655406855
6.974997210000116,-1.8464620064427246
6.983330540000116,-1.9894459142967145
6.991663870000116,-2.11030390853213
6.9999972000001165,-2.207433842899847
7.008330530000117,-2.2799402506052426
7.016663860000117,-2.3278415365390583
7.024997190000117,-2.3518220154513285
7.033330520000117,-2.353240067886965
7.041663850000117,-2.333789871357017
7.049997180000117,-2.2952699430920216
7.0583305100001175,-2.2393174416534816
7.066663840000118,-2.1673376844630594
7.074997170000118,-2.08031418279016
7.083330500000118,-1.9788531265500648
7.091663830000118,-1.8631796232591673
7.099997160000118,-1.733184585278589
7.108330490000118,-1.5884278398613978
7.116663820000118,-1.4283920022592904
7.124997150000119,-1.2525880311848623
7.133330480000119,-1.06083870449304
7.141663810000119,-0.8535473571847928
7.149997140000119,-0.6318266896399035
7.158330470000119,-0.39780871886202523
7.166663800000119,-0.15453281828439225
7.174997130000119,0.09423431606592197
7.1833304600001195,0.3440848910066473
7.19166379000012,0.5904108039488271
7.19999712000012,0.8285389334152616
7.20833045000012,1.0541018578995311
7.21666378000012,1.2631012472083079
7.22499711000012,1.4521765360208077
7.23333044000012,1.6187128745381758
7.2416637700001205,1.7608260644420368
7.249997100000121,1.877382911157097
7.258330430000121,1.9679837553326804
7.266663760000121,2.03285640940151
7.274997090000121,2.0726480083748204
7.283330420000121,2.0883852531441756
7.291663750000121,2.0813179752931594
7.2999970800001215,2.052872086018696
7.308330410000122,2.0045236383174947
7.316663740000122,1.937796422810324
7.324997070000122,1.8542308917949641
7.333330400000122,1.7553459699145604
7.341663730000122,1.6426283879392534
7.349997060000122,1.5171779755426966
7.3583303900001225,1.3800143679411945
7.366663720000123,1.2322507495951027
7.374997050000123,1.0750837455782154
7.383330380000123,0.9097787503437282
7.391663710000123,0.7376921294709656
7.399997040000123,0.5602875949865541
7.408330370000123,0.3790931110236306
7.416663700000123,0.19570065450170243
7.424997030000124,0.01183457944622841
7.433330360000124,-0.1705536517854473
7.441663690000124,-0.34930080942219177
7.449997020000124,-0.5217753622988958
7.458330350000124,-0.6846482289757193
7.466663680000124,-0.8333972856957428
7.474997010000124,-0.9615876635239521
7.4833303400001245,-1.0598881333194292
7.491663670000125,-1.1152634059795454
7.499997000000125,-1.1115892571678827
7.508330330000125,-1.033668609892369
7.516663660000125,-0.8748867572065677
7.524996990000125,-0.6434527863877062
7.533330320000125,-0.35982410164872314
7.5416636500001255,-0.04981695048073943
7.549996980000126,0.257855549738562
7.558330310000126,0.5292609695206814
7.566663640000126,0.7234141402029224
7.574996970000126,0.8029331635664494
7.583330300000126,0.7600291707269421
7.591663630000126,0.6222089016504289
7.5999969600001265,0.42667932991583235
7.608330290000127,0.2026580870113889
7.616663620000127,-0.0302058859928326
7.624996950000127,-0.25860723803972846
7.633330280000127,-0.4730228547466384
7.641663610000127,-0.6674052770471222
7.649996940000127,-0.8383609134847735
7.6583302700001274,-0.9840596997402936
7.666663600000128,-1.1042710848534334
7.674996930000128,-1.2003001529568291
7.683330260000128,-1.2745012811660248
7.691663590000128,-1.329747084968386
7.699996920000128,-1.3689696802570654
7.708330250000128,-1.3948678156195478
7.716663580000128,-1.4097689445409207
7.724996910000129,-1.4156012826733315
7.733330240000129,-1.413929204173336
7.741663570000129,-1.4060199249335787
7.749996900000129,-1.39288396995373
7.758330230000129,-1.3750434923265418
7.766663560000129,-1.3525687962638295
7.774996890000129,-1.3255621695528186
7.7833302200001295,-1.2941892231071448
7.79166355000013,-1.2586726288416847
7.79999688000013,-1.2192887181137961
7.80833021000013,-1.1763647606924434
7.81666354000013,-1.1302750579621876
7.82499687000013,-1.0814342502629577
7.83333020000013,-1.030291390688977
7.8416635300001305,-0.9773221286284972
7.849996860000131,-0.923021184226624
7.858330190000131,-0.867896742157336
7.866663520000131,-0.8124582313705511
7.874996850000131,-0.7572046818225325
7.883330180000131,-0.7026156267701618
7.891663510000131,-0.6491470052499807
7.8999968400001315,-0.5972018295612171
7.908330170000132,-0.5466922629336735
7.916663500000132,-0.4970440667803574
7.924996830000132,-0.4474338574196168
7.933330160000132,-0.39774241453904086
7.941663490000132,-0.3491631863014789
7.949996820000132,-0.30380216196829385
7.958330150000132,-0.26513633676193243
7.966663480000133,-0.23855440784304577
7.974996810000133,-0.23151078392097546
7.983330140000133,-0.2525168527151818
7.991663470000133,-0.30761849001053626
7.999996800000133,-0.3945990502022395
8.008330130000132,-0.49869544587433867
8.016663460000133,-0.5950124472924729
8.024996790000134,-0.6579029689386323
8.033330120000134,-0.6717772873905115
8.041663450000133,-0.635669932294944
8.049996780000134,-0.5585923307217785
8.058330110000135,-0.4520386671433024
8.066663440000134,-0.32556096229755555
8.074996770000133,-0.1858682996114882
8.083330100000135,-0.03748186167915359
8.091663430000136,0.1163691797352952
8.099996760000135,0.2731355801137972
8.108330090000134,0.43062488305432955
8.116663420000135,0.5868152945340757
8.124996750000136,0.7398142814214151
8.133330080000135,0.8878700812383202
8.141663410000135,1.0293419568714646
8.149996740000136,1.1627346848847804
8.158330070000137,1.286550392833012
8.166663400000136,1.3991640618289471
8.174996730000135,1.4991929844710645
8.183330060000136,1.5855383649739796
8.191663390000137,1.6576740261635121
8.199996720000136,1.7152580922456286
8.208330050000136,1.758027820779347
8.216663380000137,1.7858035940860608
8.224996710000138,1.7984832611193258
8.233330040000137,1.7960423525407674
8.241663370000136,1.7785365944942155
8.249996700000137,1.7460972244376438
8.258330030000138,1.6989288230886006
8.266663360000138,1.6373080873024686
8.274996690000137,1.5615817259085378
8.283330020000138,1.4721620951266758
8.291663350000139,1.3695270456493014
8.299996680000138,1.2542232562884352
8.308330010000137,1.1269896325484676
8.316663340000138,0.9892117338886554
8.32499667000014,0.8426541185523143
8.333330000000139,0.6894043080055429
8.341663330000138,0.531905390649501
8.349996660000139,0.3729868014272033
8.35832999000014,0.2158674581082145
8.36666332000014,0.0641111823032919
8.374996650000138,-0.07852046057817035
8.38332998000014,-0.20831971739283364
8.39166331000014,-0.3220338829627715
8.39999664000014,-0.4178920600995503
8.408329970000139,-0.49588530721979046
8.41666330000014,-0.5578320582272469
8.424996630000141,-0.6073126942464842
8.43332996000014,-0.6495461616000252
8.44166329000014,-0.6911514740118224
8.44999662000014,-0.739813087609952
8.458329950000142,-0.8036863148773761
8.466663280000141,-0.8904157318544477
8.47499661000014,-1.0056767000285611
8.483329940000141,-1.151655960509062
8.491663270000142,-1.3262258892490264
8.499996600000141,-1.523671897884833
8.50832993000014,-1.7361012375829878
8.516663260000142,-1.9548639072342924
8.524996590000143,-2.1716254279429297
8.533329920000142,-2.3787072653252475
8.541663250000141,-2.5691500478437135
8.549996580000142,-2.7365512501474236
8.558329910000143,-2.874866062284771
8.566663240000143,-2.978298663044866
8.574996570000142,-3.0414731725170516
8.583329900000143,-3.0583724057890613
8.591663230000144,-3.0216306796086387
8.599996560000143,-2.9226936754408777
8.608329890000142,-2.753332820439212
8.616663220000143,-2.508902831434215
8.624996550000144,-2.191644959971996
8.633329880000144,-1.811317574299814
8.641663210000143,-1.3822607517684304
8.649996540000144,-0.9197311283713814
8.658329870000145,-0.4383583889472415
8.666663200000144,0.0489245982339653
8.674996530000143,0.5306241112723018
8.683329860000145,0.995986592951651
8.691663190000146,1.4345225094147591
8.699996520000145,1.8363195543911905
8.708329850000144,2.1931704873456392
8.716663180000145,2.4987595417725723
8.724996510000146,2.7495502617250156
8.733329840000145,2.9452997757327206
8.741663170000145,3.0885086685258196
8.749996500000146,3.1833588843882525
8.758329830000147,3.2347052640993263
8.766663160000146,3.247376788342853
8.774996490000145,3.2257559225457046
8.783329820000146,3.173633472477773
8.791663150000147,3.0942172541336883
8.799996480000146,2.9902190482941413
8.808329810000146,2.8638627174460427
8.816663140000147,2.7164166292384917
8.824996470000148,2.548904033421746
8.833329800000147,2.362497826174693
8.841663130000146,2.158821776635401
8.849996460000147,1.9401804506129134
8.858329790000148,1.70921082853517
8.866663120000148,1.468834261380324
8.874996450000147,1.2222736973860127
8.883329780000148,0.973026922080724
8.891663110000149,0.7247941863373917
8.899996440000148,0.4813802781516986
8.908329770000147,0.24650048291666596
8.916663100000148,0.023552885535848018
8.92499643000015,-0.1847057565010573
8.933329760000149,-0.37628675088517066
8.941663090000148,-0.5501661611640277
8.949996420000149,-0.7062236268643025
8.95832975000015,-0.8449805774922419
8.96666308000015,-0.9672819801364091
8.974996410000148,-1.0741267343843646
8.98332974000015,-1.1662698125629363
8.99166307000015,-1.244092006626099
8.99999640000015,-1.307521014580488
9.008329730000149,-1.3559842913206495
9.01666306000015,-1.3884802773516272
9.024996390000151,-1.4036246610457563
9.03332972000015,-1.3998321965870508
9.04166305000015,-1.3758334331790882
9.04999638000015,-1.332336481762538
9.058329710000152,-1.2724409029454786
9.06666304000015,-1.202195813229566
9.07499637000015,-1.1319660683640234
9.083329700000151,-1.0778480249921192
9.091663030000152,-1.0615445991041825
9.099996360000151,-1.1047224711538113
9.10832969000015,-1.2162203865884524
9.116663020000152,-1.3828161659123062
9.124996350000153,-1.575253217357285
9.133329680000152,-1.7613871383370359
9.141663010000151,-1.9147037224347754
9.149996340000152,-2.0182128509439257
9.158329670000153,-2.065776313397313
9.166663000000153,-2.060292400723654
9.174996330000152,-2.0096183711327007
9.183329660000153,-1.9227514021774523
9.191662990000154,-1.8077212121677815
9.199996320000153,-1.671234516931838
9.208329650000152,-1.5189189037962263
9.216662980000153,-1.3551662729605856
9.224996310000154,-1.1834577350437325
9.233329640000154,-1.0066409978878943
9.241662970000153,-0.82711955418801
9.249996300000154,-0.6469827026578981
9.258329630000155,-0.46806414089343135
9.266662960000154,-0.2917891762415749
9.274996290000153,-0.11914534056568704
9.283329620000154,0.04893719753399696
9.291662950000156,0.21155683473391973
9.299996280000155,0.3678456116030601
9.308329610000154,0.5169678875000647
9.316662940000155,0.6581227573727318
9.324996270000156,0.7905544129365301
9.333329600000155,0.9135508607460633
9.341662930000155,1.0264445425544366
9.349996260000156,1.1286123778981525
9.358329590000157,1.2194788980642364
9.366662920000156,1.2985234228133682
9.374996250000155,1.3652833634005206
9.383329580000156,1.4193562933006774
9.391662910000157,1.4604027546630234
9.399996240000156,1.4881485510016976
9.408329570000156,1.5023879528538944
9.416662900000157,1.5029916982329519
9.424996230000158,1.4899040587335375
9.433329560000157,1.4631451785151384
9.441662890000156,1.4229544200627038
9.449996220000157,1.3701285293308947
9.458329550000158,1.3055571494760938
9.466662880000158,1.2299296787357241
9.474996210000157,1.1440312260396843
9.483329540000158,1.0488015230032925
9.491662870000159,0.9454125730195267
9.499996200000158,0.8353189951094823
9.508329530000157,0.7204231397777482
9.516662860000158,0.6033009046627472
9.52499619000016,0.4875354263013979
9.533329520000159,0.37809312257596156
9.541662850000158,0.2816581370690883
9.549996180000159,0.20653321754345788
9.55832951000016,0.1613054668457189
9.56666284000016,0.1517180114609715
9.574996170000158,0.17654481865058022
9.58332950000016,0.22548692199024634
9.59166283000016,0.28154913316799735
9.59999616000016,0.3267761211192792
9.608329490000159,0.3480950445474819
9.61666282000016,0.34023426917623584
9.624996150000161,0.3048080652831508
9.63332948000016,0.24719999398451825
9.64166281000016,0.17363527828723677
9.64999614000016,0.08959084790934058
9.658329470000162,-0.0007483842354028917
9.66666280000016,-0.09440446658784712
9.67499613000016,-0.18929013456835309
9.683329460000161,-0.283958234883923
9.691662790000162,-0.3778835812881959
9.699996120000161,-0.4712971420172917
9.70832945000016,-0.5642024377666596
9.716662780000162,-0.6563066063760954
9.724996110000163,-0.7470686152110635
9.733329440000162,-0.8356887599236
9.741662770000161,-0.9211085363961508
9.749996100000162,-1.0019471462228662
9.758329430000163,-1.0765941155331151
9.766662760000163,-1.1431602652816004
9.774996090000162,-1.1995506206558895
9.783329420000163,-1.2434942805771234
9.791662750000164,-1.272679735444844
9.799996080000163,-1.2849466592134375
9.808329410000162,-1.2784427787625656
9.816662740000163,-1.2519668990379067
9.824996070000164,-1.205137231315222
9.833329400000164,-1.1384273339096629
9.841662730000163,-1.0531556883405113
9.849996060000164,-0.9514232179794317
9.858329390000165,-0.8358185058071673
9.866662720000164,-0.7092101832087642
9.874996050000163,-0.5745148281260737
9.883329380000164,-0.434574339465957
9.891662710000166,-0.2920611570201711
9.899996040000165,-0.14942291712526115
9.908329370000164,-0.008860533502986816
9.916662700000165,0.12765591955449632
9.924996030000166,0.2584128239369357
9.933329360000165,0.38178993992423105
9.941662690000165,0.49515618346069895
9.949996020000166,0.5950355262136641
9.958329350000167,0.6770122559673779
9.966662680000166,0.735558633802919
9.974996010000165,0.7639933117619971
9.983329340000166,0.7549550411388594
9.991662670000167,0.7015581182167908
9.999996000000166,0.5991684855204676
10.008329330000166,0.4471494518974756
10.016662660000167,0.24929006460572412
10.024995990000168,0.012964790187665751
10.033329320000167,-0.25195119594741644
10.041662650000166,-0.5346893137232964
10.049995980000167,-0.8244637925184428
10.058329310000168,-1.110161797045536
10.066662640000168,-1.3794654597198635
10.074995970000167,-1.617941274444764
10.083329300000168,-1.8090345497761091
10.091662630000169,-1.9363543562697523
10.099995960000168,-1.987714263285849
10.108329290000167,-1.9603822221778715
10.116662620000168,-1.8619351185968838
10.12499595000017,-1.7057185243520057
10.133329280000169,-1.505371308756001
10.141662610000168,-1.2720132156425075
10.149995940000169,-1.013878641608357
10.15832927000017,-0.7375299341331654
10.16666260000017,-0.44871400134183936
10.174995930000168,-0.15276174023507283
10.18332926000017,0.14504000574090548
10.19166259000017,0.43904134459523203
10.19999592000017,0.7231355101706138
10.208329250000169,0.9909047982368051
10.21666258000017,1.23585921451606
10.224995910000171,1.4520743181136537
10.23332924000017,1.6349805772743633
10.24166257000017,1.7820678036050381
10.24999590000017,1.8932425880807575
10.258329230000172,1.97061342475166
10.26666256000017,2.0179715336754143
10.27499589000017,2.0400344359842624
10.283329220000171,2.041662537909711
10.291662550000172,2.0273183059596707
10.299995880000171,2.0008539777417003
10.30832921000017,1.9653749919405186
10.316662540000172,1.9231598000292867
10.324995870000173,1.8757037675739272
10.333329200000172,1.8238611520745163
10.341662530000171,1.7678208188794369
10.349995860000172,1.7068990707584613
10.358329190000173,1.6400864747252246
10.366662520000173,1.5663433027277176
10.374995850000172,1.4847320907340196
10.383329180000173,1.3944603193257545
10.391662510000174,1.2948987969969945
10.399995840000173,1.185633891418342
10.408329170000172,1.066418572847944
10.416662500000173,0.9372350174788974
10.424995830000174,0.7982287501242525
10.433329160000174,0.6499136714094136
10.441662490000173,0.4931123747928811
10.449995820000174,0.3286940847314418
10.458329150000175,0.15756329471608196
10.466662480000174,-0.019339870223391394
10.474995810000173,-0.20105308326729948
10.483329140000174,-0.3865935221703736
10.491662470000175,-0.5748611930704579
10.499995800000175,-0.7642653194641392
10.508329130000174,-0.9529140875904142
10.516662460000175,-1.1386228182521416
10.524995790000176,-1.3189006454711691
10.533329120000175,-1.4909117951519864
10.541662450000175,-1.6514492697122898
10.549995780000176,-1.796975819886485
10.558329110000177,-1.9237158360976663
10.566662440000176,-2.0278762398600927
10.574995770000175,-2.1059763871570283
10.583329100000176,-2.1553194519820473
10.591662430000177,-2.1749431180671515
10.599995760000176,-2.1662263981380225
10.608329090000176,-2.132544593981304
10.616662420000177,-2.079106838797876
10.624995750000178,-2.0128047112689624
10.633329080000177,-1.9419755835546026
10.641662410000176,-1.8759417068413704
10.649995740000177,-1.823980234401059
10.658329070000178,-1.7932652413593646
10.666662400000178,-1.7860357468043073
10.674995730000177,-1.7968733426868075
10.683329060000178,-1.8114900247530124
10.691662390000179,-1.8074969845863842
10.699995720000178,-1.758138124177848
10.708329050000177,-1.6411359403282497
10.716662380000178,-1.450318057964898
10.72499571000018,-1.1985215850252453
10.733329040000179,-0.9076087255883475
10.741662370000178,-0.598059187642779
10.749995700000179,-0.2849739101045811
10.75832903000018,0.021759083300511014
10.76666236000018,0.31602121220118096
10.774995690000178,0.594160954213143
10.78332902000018,0.854201742564073
10.79166235000018,1.095989080056871
10.79999568000018,1.3199567563502683
10.808329010000179,1.5264623166943765
10.81666234000018,1.715784941106192
10.824995670000181,1.8880951010534088
10.83332900000018,2.0434674197684854
10.84166233000018,2.1818303106354175
10.84999566000018,2.3026562863603117
10.858328990000182,2.4053846378644312
10.86666232000018,2.4895689105473338
10.87499565000018,2.5548777837671612
10.883328980000181,2.601093340442872
10.891662310000182,2.6281074283234194
10.899995640000181,2.635917301415775
10.90832897000018,2.6246175993276593
10.916662300000182,2.5943987333300287
10.924995630000183,2.5455385780693374
10.933328960000182,2.478399510282393
10.941662290000181,2.3934252913039913
10.949995620000182,2.291135142693691
10.958328950000183,2.172121143750971
10.966662280000183,2.0370419791844783
10.974995610000182,1.8866168502684866
10.983328940000183,1.7216307877404204
10.991662270000184,1.5429306110471435
10.999995600000183,1.3514183606697616
11.008328930000182,1.1484888123712487
11.016662260000183,0.9370664785282607
11.024995590000184,0.7211683651317259
11.033328920000184,0.5060957400336609
11.041662250000183,0.2988444550275228
11.049995580000184,0.10838068707531495
11.058328910000185,-0.054699880188404736
11.066662240000184,-0.17961266057487307
11.074995570000183,-0.25819673498622653
11.083328900000184,-0.2880037606433331
11.091662230000185,-0.2738052265539163
11.099995560000185,-0.22697950608519982
11.108328890000184,-0.16218780145511033
11.116662220000185,-0.09614610553057511
11.124995550000186,-0.048482119222124725
11.133328880000185,-0.04320480549462216
11.141662210000185,-0.10721032104726375
11.149995540000186,-0.26059853264994925
11.158328870000187,-0.5028752078924883
11.166662200000186,-0.8123966199088826
11.174995530000185,-1.159876218666319
11.183328860000186,-1.5184532094641519
11.191662190000187,-1.8651548254058514
11.199995520000186,-2.179129163434347
11.208328850000186,-2.4408705718399863
11.216662180000187,-2.634525129681161
11.224995510000188,-2.753000547498485
11.233328840000187,-2.799546511856959
11.241662170000186,-2.784809196839812
11.249995500000187,-2.72183824884619
11.258328830000188,-2.622410720027155
11.266662160000187,-2.4957912686055086
11.274995490000187,-2.3487936303660097
11.283328820000188,-2.1863316913886734
11.291662150000189,-2.012028413525903
11.299995480000188,-1.828649048957816
11.308328810000187,-1.6383974590320323
11.316662140000188,-1.443101036478691
11.32499547000019,-1.2443541837291945
11.333328800000189,-1.0436133548978572
11.341662130000188,-0.8422156493430347
11.349995460000189,-0.6413661458995223
11.35832879000019,-0.4422122760663365
11.36666212000019,-0.24588720237659656
11.374995450000188,-0.05343653235139871
11.38332878000019,0.13419953434450915
11.39166211000019,0.31615360213380433
11.39999544000019,0.49163771052285343
11.408328770000189,0.6599436554285812
11.41666210000019,0.8204347966771164
11.424995430000191,0.9722886047372599
11.43332876000019,1.1144167860245064
11.44166209000019,1.2456835387790408
11.44999542000019,1.3649409650028395
11.458328750000192,1.4710923398322626
11.46666208000019,1.5630457488849934
11.47499541000019,1.639729304974235
11.483328740000191,1.7002244129757047
11.491662070000192,1.7436452568571204
11.499995400000191,1.7693725418493402
11.50832873000019,1.7770051436950864
11.516662060000192,1.766503320469722
11.524995390000193,1.7382218547074944
11.533328720000192,1.692847725916623
11.541662050000191,1.6314848952371643
11.549995380000192,1.5556328822564578
11.558328710000193,1.4669929474880725
11.566662040000192,1.3672892031841895
11.574995370000192,1.2581360180927312
11.583328700000193,1.1410343846632043
11.591662030000194,1.01718079464345
11.599995360000193,0.8874688026505388
11.608328690000192,0.7526716826721269
11.616662020000193,0.6133690935220161
11.624995350000194,0.470176779572716
11.633328680000194,0.32385313819372036
11.641662010000193,0.17547858994204196
11.649995340000194,0.026640592704134783
11.658328670000195,-0.12023374764202696
11.666662000000194,-0.26152287649990796
11.674995330000193,-0.39205801051197126
11.683328660000194,-0.5047622195588284
11.691661990000195,-0.5906411751357272
11.699995320000195,-0.6395757829766541
11.708328650000194,-0.6424816504749273
11.716661980000195,-0.5945512649253196
11.724995310000196,-0.49768154897581324
11.733328640000195,-0.36022710423458054
11.741661970000195,-0.19435417223592324
11.749995300000196,-0.013202820732445738
11.758328630000197,0.17065107805220103
11.766661960000196,0.3456230949735144
11.774995290000195,0.5011714343841746
11.783328620000196,0.6280473196726369
11.791661950000197,0.7189966306362309
11.799995280000196,0.7697867714463656
11.808328610000196,0.7798424771689095
11.816661940000197,0.7521841891261258
11.824995270000198,0.6924959744393373
11.833328600000197,0.6078186434013204
11.841661930000196,0.505617202594945
11.849995260000197,0.3931013803138655
11.858328590000198,0.276993752251959
11.866661920000197,0.16345972842141984
11.874995250000197,0.05798408622387725
11.883328580000198,-0.03484892296448833
11.891661910000199,-0.11204649751317589
11.899995240000198,-0.1723938522491816
11.908328570000197,-0.2158706223629938
11.916661900000198,-0.24359518374574926
11.9249952300002,-0.2576302200794345
11.933328560000199,-0.2605377071229428
11.941661890000198,-0.25507266104103116
11.949995220000199,-0.24391500363227916
11.9583285500002,-0.22950363317198585
11.9666618800002,-0.21396425285710838
11.974995210000198,-0.19910010896813674
11.9833285400002,-0.18640804084638019
11.9916618700002,-0.17710140929291207
11.9999952000002,-0.1718670750296363
12.008328530000199,-0.17079751787668818
12.0166618600002,-0.17392153347957337
12.024995190000201,-0.1812451642144277
12.0333285200002,-0.19275257797201698
12.0416618500002,-0.20840703685626807
12.0499951800002,-0.22815421849943315
12.058328510000202,-0.2519193278416147
12.0666618400002,-0.2795995124314083
12.0749951700002,-0.31106325808961627
12.083328500000201,-0.3461547975715941
12.091661830000202,-0.38469444147271964
12.099995160000201,-0.4264741757461055
12.1083284900002,-0.4713360492960008
12.116661820000202,-0.5195596657285054
12.124995150000203,-0.571591377016781
12.133328480000202,-0.6279753639998139
12.141661810000201,-0.6892948300386601
12.149995140000202,-0.7560435736741553
12.158328470000203,-0.8275454781678026
12.166661800000202,-0.9020479558405028
12.174995130000202,-0.9764009040242241
12.183328460000203,-1.0452582059152964
12.191661790000204,-1.099833116500023
12.199995120000203,-1.126454597098519
12.208328450000202,-1.1064728262323162
12.216661780000203,-1.020409143001236
12.224995110000204,-0.8589856187522255
12.233328440000204,-0.6331325751439923
12.241661770000203,-0.37122805288718663
12.249995100000204,-0.10753005455758176
12.258328430000205,0.1276145390636697
12.266661760000204,0.3144413416149488
12.274995090000203,0.4473617095636011
12.283328420000204,0.532802527072747
12.291661750000205,0.5827842035660116
12.299995080000205,0.6095332867415576
12.308328410000204,0.6230111059515826
12.316661740000205,0.6305590166997376
12.324995070000206,0.6373312417284533
12.333328400000205,0.6468222891139057
12.341661730000204,0.6610295040992653
12.349995060000206,0.680053916456587
12.358328390000207,0.7032759488770218
12.366661720000206,0.7297360290943319
12.374995050000205,0.7581822640285405
12.383328380000206,0.7872790023773397
12.391661710000207,0.815597901055323
12.399995040000206,0.8417819737738105
12.408328370000206,0.8645370430527376
12.416661700000207,0.882720541505521
12.424995030000208,0.8953228674481929
12.433328360000207,0.9014820863433282
12.441661690000206,0.9004837438443303
12.449995020000207,0.891748316704221
12.458328350000208,0.8750753814426364
12.466661680000207,0.850605037845019
12.474995010000207,0.8184946340730245
12.483328340000208,0.7789062672241319
12.491661670000209,0.7320066563349241
12.499995000000208,0.6779676313587284
12.508328330000207,0.6169673616785326
12.516661660000208,0.5491930021872002
12.52499499000021,0.47484371194862524
12.533328320000209,0.39413628073649
12.541661650000208,0.30731046372596404
12.549994980000209,0.21463546367106695
12.55832831000021,0.11641768252374257
12.56666164000021,0.013006660499156228
12.574994970000208,-0.09520047357017841
12.58332830000021,-0.2074985758834279
12.59166163000021,-0.3224069774321379
12.59999496000021,-0.4380024716589721
12.608328290000209,-0.5519165406129737
12.61666162000021,-0.6612619683675606
12.624994950000211,-0.762647759799228
12.63332828000021,-0.853097280405127
12.64166161000021,-0.9303264596851386
12.64999494000021,-0.9928299264613857
12.658328270000212,-1.040769669039812
12.66666160000021,-1.0771590596887957
12.67499493000021,-1.109095299384874
12.683328260000211,-1.148051607756881
12.691661590000212,-1.2083822963640742
12.699994920000211,-1.3025535518191569
12.70832825000021,-1.4346899162755442
12.716661580000212,-1.5977871925168112
12.724994910000213,-1.7773280502778026
12.733328240000212,-1.9576154941510429
12.741661570000211,-2.1259693245440756
12.749994900000212,-2.27387436624745
12.758328230000213,-2.3963493490399985
12.766661560000212,-2.4909583336779173
12.774994890000212,-2.556568786504745
12.783328220000213,-2.592634699477534
12.791661550000214,-2.598868433816848
12.799994880000213,-2.575378621351266
12.808328210000212,-2.5218977530561046
12.816661540000213,-2.437916793988339
12.824994870000214,-2.32293945779148
12.833328200000214,-2.1769095332436463
12.841661530000213,-2.0005430366619166
12.849994860000214,-1.7955206963088524
12.858328190000215,-1.5644453733318442
12.866661520000214,-1.310696087271491
12.874994850000213,-1.0382116062103015
12.883328180000214,-0.7511953104102884
12.891661510000215,-0.4538659842004534
12.899994840000215,-0.1503027270356687
12.908328170000214,0.15565256835493288
12.916661500000215,0.460451859656425
12.924994830000216,0.7608459389638464
12.933328160000215,1.0538872391586516
12.941661490000214,1.336881543777514
12.949994820000216,1.6074023818405097
12.958328150000217,1.863494364147866
12.966661480000216,2.1032544638405497
12.974994810000215,2.324412174131607
12.983328140000216,2.52462851264593
12.991661470000217,2.7015341791087337
12.999994800000216,2.852761619971398
13.008328130000216,2.975975281206523
13.016661460000217,3.068948469507362
13.024994790000218,3.1296543966286743
13.033328120000217,3.156366620441765
13.041661450000216,3.1477615386608147
13.049994780000217,3.103098220601973
13.058328110000218,3.0222260859042556
13.066661440000217,2.9056637474237044
13.074994770000217,2.7545786198271114
13.083328100000218,2.5710612652810148
13.091661430000219,2.358392870986883
13.099994760000218,2.12052714534208
13.108328090000217,1.8620646206453677
13.116661420000218,1.5881719466612454
13.12499475000022,1.3046174987572092
13.133328080000219,1.0177343293125176
13.141661410000218,0.7343259228264916
13.149994740000219,0.4614877107618221
13.15832807000022,0.20598988672550786
13.16666140000022,-0.026407699237283384
13.174994730000218,-0.2317461704096002
13.18332806000022,-0.4084869163231557
13.19166139000022,-0.5575560774346513
13.19999472000022,-0.6816925985062842
13.208328050000219,-0.78466671838308
13.21666138000022,-0.8704998854094935
13.224994710000221,-0.9430681276334716
13.23332804000022,-1.005832416692068
13.24166137000022,-1.0618850523641747
13.24999470000022,-1.1139071348429488
13.258328030000222,-1.1643341490663448
13.26666136000022,-1.215240938639526
13.27499469000022,-1.2683245613190106
13.283328020000221,-1.3248250208886962
13.291661350000222,-1.3852054577161048
13.299994680000221,-1.4489442795544978
13.30832801000022,-1.514211901200853
13.316661340000222,-1.577552709544385
13.324994670000223,-1.6336871940439306
13.333328000000222,-1.6754821335085335
13.341661330000221,-1.6943035806231797
13.349994660000222,-1.6811861258301029
13.358327990000223,-1.6289297244191148
13.366661320000222,-1.5344732124717293
13.374994650000222,-1.4003986662256018
13.383327980000223,-1.2341808267128505
13.391661310000224,-1.0459003787268282
13.399994640000223,-0.8459176940230653
13.408327970000222,-0.6432906656733408
13.416661300000223,-0.44516184436462786
13.424994630000224,-0.25671756633085846
13.433327960000224,-0.08138356300684975
13.441661290000223,0.0788207538658542
13.449994620000224,0.22290830134839365
13.458327950000225,0.3506873748786119
13.466661280000224,0.4626975492477207
13.474994610000223,0.5600824393201291
13.483327940000224,0.643989917234759
13.491661270000225,0.7154525955653401
13.499994600000225,0.7753659631359824
13.508327930000224,0.8245080142698765
13.516661260000225,0.8634521768305694
13.524994590000226,0.8922175148216707
13.533327920000225,0.9106926396756024
13.541661250000224,0.918836546068066
13.549994580000225,0.9166701783870865
13.558327910000227,0.9042807128464342
13.566661240000226,0.8818144073389866
13.574994570000225,0.8494736724669406
13.583327900000226,0.8075173143378592
13.591661230000227,0.7562508913615452
13.599994560000226,0.6960231510440632
13.608327890000226,0.627225499579873
13.616661220000227,0.550287535437509
13.624994550000228,0.46586308096292217
13.633327880000227,0.37515139373905354
13.641661210000226,0.27955953519246585
13.649994540000227,0.18070190333386169
13.658327870000228,0.0803965181298092
13.666661200000227,-0.019338495123315765
13.674994530000227,-0.11627130541722912
13.683327860000228,-0.20798542109915547
13.691661190000229,-0.29194153557993474
13.699994520000228,-0.3655413530093137
13.708327850000227,-0.42621317271591747
13.716661180000228,-0.4715663996798097
13.72499451000023,-0.49937888179944373
13.733327840000229,-0.5077284008480046
13.741661170000228,-0.494778484066209
13.749994500000229,-0.4587988504034301
13.75832783000023,-0.3982924695272486
13.766661160000229,-0.31308478932286377
13.774994490000228,-0.20424627559052816
13.78332782000023,-0.07487866587859522
13.79166115000023,0.06841673986822451
13.79999448000023,0.21406732816745402
13.808327810000229,0.34457142712701133
13.81666114000023,0.4376953752077296
13.824994470000231,0.47306226056893985
13.83332780000023,0.4434569676421493
13.84166113000023,0.36027967720546167
13.84999446000023,0.24602351485894564
13.858327790000232,0.12297037272117896
13.86666112000023,0.007134444670634972
13.87499445000023,-0.0926579873917743
13.883327780000231,-0.17342488308740422
13.891661110000232,-0.23600013706158895
13.899994440000231,-0.28309383643281116
13.90832777000023,-0.3181335129526438
13.916661100000232,-0.34510336050903034
13.924994430000233,-0.3674079028691126
13.933327760000232,-0.38759986655072864
13.941661090000231,-0.4075273292107597
13.949994420000232,-0.4284819719828593
13.958327750000233,-0.45131153643848076
13.966661080000232,-0.47631439330334563
13.974994410000232,-0.5032680888451153
13.983327740000233,-0.5318961926109158
13.991661070000234,-0.5619164116514472
13.999994400000233,-0.5930415645428461
14.008327730000232,-0.6249899744847904
14.016661060000233,-0.6574899247118927
14.024994390000234,-0.690279969012067
14.033327720000234,-0.7231154510820206
14.041661050000233,-0.7557722150989725
14.049994380000234,-0.7880497972325832
14.058327710000235,-0.8197712546698982
14.066661040000234,-0.8506104737573168
14.074994370000233,-0.8799296601668702
14.083327700000234,-0.9070418855802617
14.091661030000235,-0.9311700816657676
14.099994360000235,-0.9514713123694681
14.108327690000234,-0.9670442806330645
14.116661020000235,-0.9769032674073326
14.124994350000236,-0.9800461103799759
14.133327680000235,-0.9754155149738915
14.141661010000234,-0.962029678532073
14.149994340000235,-0.9389345086939376
14.158327670000237,-0.905378463327881
14.166661000000236,-0.8608635097682596
14.174994330000235,-0.8051320924896535
14.183327660000236,-0.7382990780519432
14.191660990000237,-0.6609187961690011
14.199994320000236,-0.5749732779132165
14.208327650000236,-0.4842203554057575
14.216660980000237,-0.393790443440103
14.224994310000238,-0.31062830966152943
14.233327640000237,-0.243889906352549
14.241660970000236,-0.20483813465248896
14.249994300000237,-0.20559725619399885
14.258327630000238,-0.25589008280305886
14.266660960000237,-0.35848631113278456
14.274994290000237,-0.5063989352256878
14.283327620000238,-0.6841551949777341
14.291660950000239,-0.8712364300187819
14.299994280000238,-1.044526851550157
14.308327610000237,-1.1797268749184866
14.316660940000238,-1.2544105000183385
14.32499427000024,-1.254528172312539
14.333327600000239,-1.180263000492629
14.341660930000238,-1.0444371528849592
14.349994260000239,-0.8647071382905791
14.35832759000024,-0.657284814952229
14.366660920000239,-0.43473926972040383
14.374994250000238,-0.20620118290392875
14.38332758000024,0.021744804346818563
14.39166091000024,0.24428225136002496
14.39999424000024,0.45780378543684147
14.408327570000239,0.659559194731204
14.41666090000024,0.8475758600563803
14.424994230000241,1.0207382230965418
14.43332756000024,1.178190753450894
14.44166089000024,1.3192391923735272
14.44999422000024,1.4433590509852179
14.458327550000242,1.5501894230578022
14.46666088000024,1.6395117974435924
14.47499421000024,1.71119174388561
14.483327540000241,1.7652266705196558
14.491660870000242,1.8020998903929177
14.499994200000241,1.8227104372981937
14.50832753000024,1.8281814032047725
14.516660860000242,1.819808750725278
14.524994190000243,1.7991049952680827
14.533327520000242,1.7677751724358628
14.541660850000241,1.7277238936398587
14.549994180000242,1.6809615873458017
14.558327510000243,1.6295173112283587
14.566660840000242,1.5753404832401932
14.574994170000242,1.520127151334237
14.583327500000243,1.465194212963771
14.591660830000244,1.4113919134438468
14.599994160000243,1.3589352300273985
14.608327490000242,1.3073888753136285
14.616660820000243,1.255723537710524
14.624994150000244,1.202452250165396
14.633327480000244,1.1456701455561003
14.641660810000243,1.0832906102106412
14.649994140000244,1.0130760843789284
14.658327470000245,0.9328751008165451
14.666660800000244,0.8405660867954531
14.674994130000243,0.7342992371546412
14.683327460000244,0.6124423965528509
14.691660790000245,0.4738718543893617
14.699994120000245,0.3178891639751483
14.708327450000244,0.1443772766633929
14.716660780000245,-0.046057005586433775
14.724994110000246,-0.2521038157173015
14.733327440000245,-0.4717680815228971
14.741660770000244,-0.70250211692709
14.749994100000245,-0.9411180581894174
14.758327430000246,-1.183935568259642
14.766660760000246,-1.4267639488968815
14.774994090000245,-1.6648602566352824
14.783327420000246,-1.8928198698901813
14.791660750000247,-2.1044821342055746
14.799994080000246,-2.2928665485244792
14.808327410000246,-2.4503519611064495
14.816660740000247,-2.5693690781970617
14.824994070000248,-2.6434076750838766
14.833327400000247,-2.668438109297234
14.841660730000246,-2.643950196128395
14.849994060000247,-2.572925054114538
14.858327390000248,-2.461025243054284
14.866660720000247,-2.315124579098562
14.874994050000247,-2.1421563196027558
14.883327380000248,-1.9484772495620604
14.891660710000249,-1.7396559251060375
14.899994040000248,-1.520476506367687
14.908327370000247,-1.2952023310641816
14.916660700000248,-1.067706005710797
14.92499403000025,-0.8414953237796258
14.933327360000249,-0.619488125855145
14.941660690000248,-0.4039205955102412
14.949994020000249,-0.1961152824789377
14.95832735000025,0.0036177411180840164
14.966660680000249,0.19575180334736356
14.974994010000248,0.3811178608816858
14.98332734000025,0.5606323723993812
14.99166067000025,0.7348654127065731
14.99999400000025,0.9039662894716245
15.008327330000249,1.0674994447319348
15.01666066000025,1.2246268370033542
15.024993990000251,1.3742314694841278
15.03332732000025,1.5150411463482079
15.04166065000025,1.6457473604275243
15.04999398000025,1.7650947566038357
15.058327310000251,1.8719157937533417
15.06666064000025,1.9651725695463633
15.07499397000025,2.0439622006708618
15.083327300000251,2.1071794159880826
15.091660630000252,2.1537575298091802
15.099993960000251,2.1832084117417407
15.10832729000025,2.1954541276158883
15.116660620000252,2.1905190097977303
15.124993950000253,2.1685258029175527
15.133327280000252,2.12968563554513
15.141660610000251,2.0742990368008614
15.149993940000252,2.0027499219541407
15.158327270000253,1.9154994002735242
15.166660600000252,1.8130826405312945
15.174993930000252,1.6961052150755018
15.183327260000253,1.565240023535085
15.191660590000254,1.4212183238007012
15.199993920000253,1.26482560110788
15.208327250000252,1.0969028901928346
15.216660580000253,0.9183465916786612
15.224993910000254,0.7301016774247925
15.233327240000254,0.5331549988696908
15.241660570000253,0.32854243785960213
15.249993900000254,0.11771488892697023
15.258327230000255,-0.09665806125712408
15.266660560000254,-0.3109808760930912
15.274993890000253,-0.520494959188909
15.283327220000254,-0.7188017824020632
15.291660550000255,-0.897355702813506
15.299993880000255,-1.045267304857023
15.308327210000254,-1.1501350209135273
15.316660540000255,-1.200703486865094
15.324993870000256,-1.1912803700523928
15.333327200000255,-1.1258488568803227
15.341660530000254,-1.0169798734622926
15.349993860000255,-0.8825582800351838
15.358327190000256,-0.743900597945572
15.366660520000256,-0.6261684179104857
15.374993850000255,-0.5587155155634944
15.383327180000256,-0.5695112144512271
15.391660510000257,-0.6709046645339747
15.399993840000256,-0.8504643458733008
15.408327170000256,-1.0807994229421969
15.416660500000257,-1.3339589245038146
15.424993830000258,-1.5868871788422894
15.433327160000257,-1.8207122916058165
15.441660490000256,-2.0191801064397543
15.449993820000257,-2.168555421320057
15.458327150000258,-2.2599501710459267
15.466660480000257,-2.291435245000332
15.474993810000257,-2.267357295093556
15.483327140000258,-2.1963816930538305
15.491660470000259,-2.088561903795149
15.499993800000258,-1.9532299999000275
15.508327130000257,-1.7981168015096616
15.516660460000258,-1.6292645864302964
15.52499379000026,-1.4513174161850853
15.533327120000259,-1.267892842775502
15.541660450000258,-1.0817827352759126
15.549993780000259,-0.8945415715060645
15.55832711000026,-0.707207175363841
15.566660440000259,-0.5208156673963794
15.574993770000258,-0.33639886657758455
15.58332710000026,-0.1549785200215311
15.59166043000026,0.022434323992290995
15.59999376000026,0.1948472188570944
15.608327090000259,0.3612939929482711
15.61666042000026,0.5208371354254924
15.624993750000261,0.672566497367791
15.63332708000026,0.8156055239266029
15.64166041000026,0.9491212267280162
15.64999374000026,1.0723256575668851
15.658327070000261,1.1844810537816928
15.66666040000026,1.2849097512213035
15.67499373000026,1.3729953389108724
15.683327060000261,1.4481876466607528
15.691660390000262,1.510014847001428
15.699993720000261,1.5580070723561044
15.70832705000026,1.5912044254046516
15.716660380000262,1.6083945551695165
15.724993710000263,1.6082743004308293
15.733327040000262,1.5894523147182256
15.741660370000261,1.5505748985204169
15.749993700000262,1.4911451904537572
15.758327030000263,1.4114607550472436
15.766660360000262,1.3125821354223821
15.774993690000262,1.1966054503920034
15.783327020000263,1.0670413006454886
15.791660350000264,0.929105625797285
15.799993680000263,0.7899073986672186
15.808327010000262,0.6579106692892572
15.816660340000263,0.5416413954825712
15.824993670000264,0.4475626333766795
15.833327000000263,0.3777746788497297
15.841660330000263,0.32922771191162314
15.849993660000264,0.29471891309819376
15.858326990000265,0.26555566725973484
15.866660320000264,0.2339060134048898
15.874993650000263,0.19414837115031158
15.883326980000264,0.14337814990385234
15.891660310000265,0.0813167684792592
15.899993640000265,0.009721650568855716
15.908326970000264,-0.06812415981471306
15.916660300000265,-0.1479995767348213
15.924993630000266,-0.22534687269090678
15.933326960000265,-0.29561740779500206
15.941660290000264,-0.3547332301028038
15.949993620000265,-0.3994968959786555
15.958326950000266,-0.4277610455887092
15.966660280000266,-0.4387249954324105
15.974993610000265,-0.4327676755692573
15.983326940000266,-0.4113085550968226
15.991660270000267,-0.37646348409324754
15.999993600000266,-0.3306666048613297
16.008326930000266,-0.276410917875899
16.016660260000265,-0.21609635831193996
16.024993590000268,-0.15193733684410707
16.033326920000267,-0.08583447336921163
16.041660250000266,-0.019454368666520314
16.04999358000027,0.045768972322291955
16.058326910000268,0.10856134349461498
16.066660240000267,0.16787849531422305
16.074993570000267,0.2228337451071177
16.083326900000266,0.2726676690558791
16.09166023000027,0.3167464973397634
16.099993560000268,0.3545450202315078
16.108326890000267,0.38559804861037544
16.11666022000027,0.4095308223587419
16.12499355000027,0.4260695939549418
16.13332688000027,0.4350363950022224
16.141660210000268,0.43635749032795684
16.149993540000267,0.4300493470470449
16.15832687000027,0.41620493892286753
16.16666020000027,0.3950067962446222
16.17499353000027,0.36672429801498463
16.18332686000027,0.33176011921334697
16.19166019000027,0.29064867555930607
16.19999352000027,0.24396927032290963
16.20832685000027,0.19231072604976504
16.216660180000268,0.1363024315405734
16.22499351000027,0.07665490587216185
16.23332684000027,0.014083229126159384
16.24166017000027,-0.05073978550368977
16.249993500000272,-0.11720138051026205
16.25832683000027,-0.1847622854298394
16.26666016000027,-0.25296664241671585
16.27499349000027,-0.32144740396853544
16.28332682000027,-0.3899271515978484
16.291660150000272,-0.4582345073640913
16.29999348000027,-0.5262891930802873
16.30832681000027,-0.5940023009286093
16.316660140000273,-0.6612831080944561
16.324993470000273,-0.7280429305739319
16.333326800000272,-0.7941628714472241
16.34166013000027,-0.8594440415090081
16.34999346000027,-0.9235293584395066
16.358326790000273,-0.9859320881957455
16.366660120000272,-1.0460420119017813
16.37499345000027,-1.1030310287881753
16.383326780000274,-1.1557076665034027
16.391660110000274,-1.202353101694519
16.399993440000273,-1.2405234094117752
16.408326770000272,-1.2666261003444588
16.41666010000027,-1.2754022813275403
16.424993430000274,-1.2593141248706672
16.433326760000273,-1.208201484538128
16.441660090000273,-1.110004760895164
16.449993420000276,-0.9538283318252578
16.458326750000275,-0.7352256563579087
16.466660080000274,-0.4599889014947186
16.474993410000273,-0.14317765937124002
16.483326740000273,0.1954546685425706
16.491660070000275,0.535328803983263
16.499993400000275,0.8569025578786112
16.508326730000274,1.1427668632203127
16.516660060000277,1.3794575582539126
16.524993390000276,1.5596267561449377
16.533326720000275,1.6830298712632947
16.541660050000274,1.7550208171760213
16.549993380000274,1.7837063526207064
16.558326710000276,1.7774432107800482
16.566660040000276,1.7435854264583377
16.574993370000275,1.6880820594073882
16.583326700000278,1.615628677305133
16.591660030000277,1.529951660304747
16.599993360000276,1.4339374165799774
16.608326690000276,1.3291486024708046
16.616660020000275,1.216848781061619
16.624993350000278,1.09838036467336
16.633326680000277,0.9751876728801794
16.641660010000276,0.8487209324853721
16.64999334000028,0.7203714134611733
16.658326670000278,0.591436909522345
16.666660000000277,0.4630890434947015
16.674993330000277,0.33634980886243077
16.683326660000276,0.2120727333407667
16.69165999000028,0.09093456100878493
16.699993320000278,-0.026568336515452932
16.708326650000277,-0.14011443707706767
16.71665998000028,-0.24954541011610867
16.72499331000028,-0.3548452743663341
16.73332664000028,-0.4560544524075618
16.741659970000278,-0.5532394474986828
16.749993300000277,-0.6465260389251071
16.75832663000028,-0.7360701402833981
16.76665996000028,-0.8219885720694714
16.77499329000028,-0.9043245910372457
16.78332662000028,-0.9830787284765141
16.79165995000028,-1.0581911690744565
16.79999328000028,-1.129522878675755
16.80832661000028,-1.1968389475191745
16.816659940000278,-1.2597976263426196
16.82499327000028,-1.317943982039658
16.83332660000028,-1.370709528017411
16.84165993000028,-1.41739806501113
16.849993260000282,-1.4571100726025084
16.85832659000028,-1.4888175479193944
16.86665992000028,-1.5113417622279526
16.87499325000028,-1.5241505725162479
16.88332658000028,-1.5279282823488696
16.891659910000282,-1.5241582563544926
16.89999324000028,-1.515423431686568
16.90832657000028,-1.5058571677504193
16.916659900000283,-1.5013806310108397
16.924993230000283,-1.5092387221634902
16.933326560000282,-1.5362327523963486
16.94165989000028,-1.585273350430863
16.94999322000028,-1.6518905171889584
16.958326550000283,-1.7234994150234075
16.966659880000282,-1.783125877553328
16.97499321000028,-1.8153607153194686
16.983326540000284,-1.811273043683077
16.991659870000284,-1.7695996009591373
16.999993200000283,-1.6944678059695173
17.008326530000282,-1.5921817261688056
17.01665986000028,-1.4689199600432807
17.024993190000284,-1.329774484660572
17.033326520000283,-1.1786234177059471
17.041659850000283,-1.0183807640249087
17.049993180000286,-0.8512937671625418
17.058326510000285,-0.6791833427594909
17.066659840000284,-0.5036526746117349
17.074993170000283,-0.3263948089245727
17.083326500000283,-0.14936309597427921
17.091659830000285,0.025689610148501053
17.099993160000285,0.19712113619221577
17.108326490000284,0.3634707607452411
17.116659820000287,0.5234155433771943
17.124993150000286,0.675732834466192
17.133326480000285,0.8193283096369183
17.141659810000284,0.9533885973257165
17.149993140000284,1.0772369988197732
17.158326470000286,1.1902528284191056
17.166659800000286,1.291872814122781
17.174993130000285,1.3815963558860376
17.183326460000288,1.4589791749167471
17.191659790000287,1.523635014428006
17.199993120000286,1.5752393382848133
17.208326450000285,1.6135264912816079
17.216659780000285,1.638289853043813
17.224993110000288,1.6494216150100773
17.233326440000287,1.6470846292866395
17.241659770000286,1.6316099619741766
17.24999310000029,1.6034398710961697
17.258326430000288,1.5631419851040735
17.266659760000287,1.5114803511446573
17.274993090000287,1.449358994069123
17.283326420000286,1.3778552106879254
17.29165975000029,1.2982699125071553
17.299993080000288,1.2120781375810512
17.308326410000287,1.1210009883904974
17.31665974000029,1.0269494104572463
17.32499307000029,0.9320557575397468
17.33332640000029,0.838327852681026
17.341659730000288,0.7472202987082014
17.349993060000287,0.6599023706066008
17.35832639000029,0.5770391754986337
17.36665972000029,0.4986241051939123
17.37499305000029,0.42358891453738695
17.38332638000029,0.34967241749942324
17.39165971000029,0.2732335133184813
17.39999304000029,0.1893409435258569
17.40832637000029,0.09239034688234467
17.416659700000288,-0.02281965907802434
17.42499303000029,-0.15956713443954287
17.43332636000029,-0.3178814233058982
17.44165969000029,-0.4942907220628694
17.449993020000292,-0.6825115545827242
17.45832635000029,-0.8750649761049273
17.46665968000029,-1.0647419658923685
17.47499301000029,-1.2455763925208176
17.48332634000029,-1.413255763379631
17.491659670000292,-1.5650570657626994
17.49999300000029,-1.6994714500469565
17.50832633000029,-1.8159205896814503
17.516659660000293,-1.9143305145008729
17.524992990000293,-1.9948453162238473
17.533326320000292,-2.0578395726436547
17.54165965000029,-2.1039458746766018
17.54999298000029,-2.133384534360165
17.558326310000293,-2.145895474671053
17.566659640000292,-2.1407234325638376
17.57499297000029,-2.1165627838728063
17.583326300000294,-2.0717501539141727
17.591659630000294,-2.0043521715558135
17.599992960000293,-1.9124831874490658
17.608326290000292,-1.7945962306972607
17.61665962000029,-1.6499728784556562
17.624992950000294,-1.4789335943377209
17.633326280000293,-1.2830701206521797
17.641659610000293,-1.0651189503888088
17.649992940000296,-0.8287895681663793
17.658326270000295,-0.5782862197450852
17.666659600000294,-0.317963436493176
17.674992930000293,-0.05207845570558928
17.683326260000293,0.21484330502004978
17.691659590000295,0.47800820816203454
17.699992920000295,0.7327103988455714
17.708326250000294,0.9743160144243672
17.716659580000297,1.1982555595527378
17.724992910000296,1.400307722328352
17.733326240000295,1.576795572416346
17.741659570000294,1.7243102163622623
17.749992900000294,1.8399591042152659
17.758326230000296,1.9216090309906355
17.766659560000296,1.9681598419278223
17.774992890000295,1.979678747211562
17.783326220000298,1.957341660723634
17.791659550000297,1.9031331770851332
17.799992880000296,1.8196654643400911
17.808326210000295,1.7098716975223247
17.816659540000295,1.5768058826335027
17.824992870000298,1.4234912752848592
17.833326200000297,1.2533144434846177
17.841659530000296,1.069873130298863
17.8499928600003,0.876808461561197
17.858326190000298,0.6776993462261446
17.866659520000297,0.4757114759058271
17.874992850000297,0.27420074749870177
17.883326180000296,0.07692774386488725
17.8916595100003,-0.11196129401894969
17.899992840000298,-0.28800748207814636
17.908326170000297,-0.4465826367653111
17.9166595000003,-0.5831461286930869
17.9249928300003,-0.6935733293416954
17.9333261600003,-0.7745492396098059
17.941659490000298,-0.8238528088002868
17.949992820000297,-0.8405970086807549
17.9583261500003,-0.8253313039595629
17.9666594800003,-0.7798442428665477
17.9749928100003,-0.706843613796252
17.9833261400003,-0.6097037753635866
17.9916594700003,-0.4920937767013673
17.9999928000003,-0.35825155419444527
18.0083261300003,-0.2134218338215185
18.016659460000298,-0.06332385553498629
18.0249927900003,0.0858043598053122
18.0333261200003,0.22690341888686036
18.0416594500003,0.352056472846514
18.049992780000302,0.45260499724287595
18.0583261100003,0.5200750146398133
18.0666594400003,0.547885358935036
18.0749927700003,0.5334171012993302
18.0833261000003,0.4795403935870259
18.091659430000302,0.3941564744066685
18.0999927600003,0.2884076451954684
18.1083260900003,0.17459041070481077
18.116659420000303,0.06447292050535335
18.124992750000303,-0.03199675686244246
18.1333260800003,-0.10766009896801694
18.1416594100003,-0.15886242944745524
18.1499927400003,-0.18541938788670084
18.158326070000303,-0.18988216424832205
18.166659400000302,-0.17637068065831973
18.1749927300003,-0.1495088664431818
18.183326060000304,-0.11389149856704228
18.191659390000304,-0.07367036757255029
18.199992720000303,-0.0322015567203686
18.208326050000302,0.00788179778663756
18.2166593800003,0.044540498992727176
18.224992710000304,0.07626590305391104
18.233326040000303,0.10244769599354513
18.241659370000303,0.1229430745283536
18.249992700000305,0.13764477606001116
18.258326030000305,0.14647597794755227
18.266659360000304,0.1493911014524322
18.274992690000303,0.14637629439998975
18.283326020000302,0.13744968477473996
18.291659350000305,0.12266148258221839
18.299992680000305,0.10209367766731624
18.308326010000304,0.07585966004122231
18.316659340000307,0.044103526136385914
18.324992670000306,0.006999067701528355
18.333326000000305,-0.035251067732080164
18.341659330000304,-0.08241665234234172
18.349992660000304,-0.13424096925691445
18.358325990000306,-0.19043748397457833
18.366659320000306,-0.2506930051964815
18.374992650000305,-0.31467256072645283
18.383325980000308,-0.3820092628640789
18.391659310000307,-0.4519109975902526
18.399992640000306,-0.5230140589186946
18.408325970000305,-0.5936948785912822
18.416659300000305,-0.6623181153403415
18.424992630000308,-0.7272725959351618
18.433325960000307,-0.7867035883557162
18.441659290000306,-0.8386073581870375
18.44999262000031,-0.8808113028800643
18.458325950000308,-0.9111456511445684
18.466659280000307,-0.927550502955578
18.474992610000307,-0.9283207977668047
18.483325940000306,-0.9122997932030872
18.49165927000031,-0.8790156947127535
18.499992600000308,-0.8287912938478575
18.508325930000307,-0.7626602629502143
18.51665926000031,-0.6822428508976777
18.52499259000031,-0.5895884226134066
18.53332592000031,-0.48699061798972687
18.541659250000308,-0.37686208191612663
18.549992580000307,-0.2616796146119731
18.55832591000031,-0.1436712206970278
18.56665924000031,-0.024727693331030993
18.57499257000031,0.09362360126980525
18.58332590000031,0.21014076731852965
18.59165923000031,0.32378299558670287
18.59999256000031,0.43361393285319544
18.60832589000031,0.5387377180649361
18.616659220000308,0.6382626894997572
18.62499255000031,0.7313358188938885
18.63332588000031,0.817175127669292
18.64165921000031,0.8950821581911381
18.649992540000312,0.9644360530866227
18.65832587000031,1.0247094652848088
18.66665920000031,1.0753437338346479
18.67499253000031,1.1153447018410676
18.68332586000031,1.1440146321925158
18.691659190000312,1.1612440587006008
18.69999252000031,1.167041954991864
18.70832585000031,1.1614924489498604
18.716659180000313,1.1447504921152145
18.724992510000313,1.1170389153454008
18.73332584000031,1.0786389874717615
18.74165917000031,1.0298883362808515
18.74999250000031,0.9711716330009748
18.758325830000313,0.9029139730370999
18.766659160000312,0.8255770259188323
18.77499249000031,0.7396530018563792
18.783325820000314,0.6456609833580499
18.791659150000314,0.544145802677249
18.799992480000313,0.43595594035925567
18.808325810000312,0.32255587465784014
18.81665914000031,0.20570066581926524
18.824992470000314,0.08740951300492804
18.833325800000313,-0.03000040849695806
18.841659130000313,-0.14391350820379642
18.849992460000315,-0.2514539811767879
18.858325790000315,-0.3495848223886608
18.866659120000314,-0.43528972540917654
18.874992450000313,-0.5058530690582181
18.883325780000312,-0.559116827220257
18.891659110000315,-0.5938395599545344
18.899992440000315,-0.6098732682627037
18.908325770000314,-0.6081593101908122
18.916659100000317,-0.5905736612087837
18.924992430000316,-0.5598891808325736
18.933325760000315,-0.5206804571275514
18.941659090000314,-0.47868033914866376
18.949992420000314,-0.4407642548154325
18.958325750000316,-0.4152852487297661
18.966659080000316,-0.4123161881757804
18.974992410000315,-0.44322938410834517
18.983325740000318,-0.5188375685136604
18.991659070000317,-0.6458947578085633
18.999992400000316,-0.823827881216167
19.008325730000315,-1.0443370011926134
19.016659060000315,-1.2942320609723077
19.024992390000317,-1.5587613107586462
19.033325720000317,-1.8233813221114803
19.041659050000316,-2.0739439923337994
19.04999238000032,-2.29629691686749
19.058325710000318,-2.4761687038262936
19.066659040000317,-2.600260307439291
19.074992370000317,-2.6590534286375784
19.083325700000316,-2.6498829521767826
19.09165903000032,-2.576898212550771
19.099992360000318,-2.4490146400921384
19.108325690000317,-2.2767463860983876
19.11665902000032,-2.069903056863173
19.12499235000032,-1.8366658685543933
19.13332568000032,-1.5835322556863254
19.141659010000318,-1.3156166177838622
19.149992340000317,-1.037044997387812
19.15832567000032,-0.7513016990879073
19.16665900000032,-0.46186267360739003
19.174992330000318,-0.17214110550566095
19.18332566000032,0.11448356338546657
19.19165899000032,0.39476096104871566
19.19999232000032,0.6654597957406521
19.20832565000032,0.9234289949057243
19.216658980000318,1.165597984098786
19.22499231000032,1.389116168854578
19.23332564000032,1.5913980120330533
19.24165897000032,1.7703156736951837
19.249992300000322,1.924190056234876
19.25832563000032,2.05194105004363
19.26665896000032,2.1531330525196606
19.27499229000032,2.2279627611107315
19.28332562000032,2.277219581016797
19.291658950000322,2.302207677317591
19.29999228000032,2.304651060065438
19.30832561000032,2.286628913733475
19.316658940000323,2.250466083171977
19.324992270000322,2.1986499686994234
19.33332560000032,2.1337313202029256
19.34165893000032,2.0582077065359394
19.34999226000032,1.9744137842621488
19.358325590000323,1.884476750701733
19.366658920000322,1.7901510748057623
19.37499225000032,1.6927247339219602
19.383325580000324,1.5930625286806384
19.391658910000324,1.4915972913127598
19.399992240000323,1.3883172191914113
19.408325570000322,1.2827676433729058
19.41665890000032,1.1743331148938805
19.424992230000324,1.0622712717770748
19.433325560000323,0.9459128838424192
19.441658890000323,0.8246553927459552
19.449992220000325,0.6980316314357046
19.458325550000325,0.5656448029084212
19.466658880000324,0.4273419830088791
19.474992210000323,0.2832231050212771
19.483325540000322,0.1336591755035246
19.491658870000325,-0.020640845798766627
19.499992200000325,-0.17864176787906605
19.508325530000324,-0.3388781816792459
19.516658860000327,-0.49936927160247085
19.524992190000326,-0.6575127726265482
19.533325520000325,-0.810069672716696
19.541658850000324,-0.9531590320831479
19.549992180000324,-1.082276296196608
19.558325510000326,-1.1926651269375423
19.566658840000326,-1.2799913959601614
19.574992170000325,-1.3411819417615727
19.583325500000328,-1.3754209382196183
19.591658830000327,-1.3846980783724758
19.599992160000326,-1.373685326046484
19.608325490000325,-1.3489334706260256
19.616658820000325,-1.3177493492947572
19.624992150000327,-1.2870538428542406
19.633325480000327,-1.2623122021424333
19.641658810000326,-1.246857491616421
19.64999214000033,-1.2414357696533356
19.658325470000328,-1.2443280215245487
19.666658800000327,-1.2517555747759594
19.674992130000327,-1.25858333776208
19.683325460000326,-1.2589037767727118
19.69165879000033,-1.246777914625858
19.699992120000328,-1.2168380021871525
19.708325450000327,-1.1649244612346497
19.71665878000033,-1.0886133735861858
19.72499211000033,-0.9876216767601997
19.73332544000033,-0.8636437294427595
19.741658770000328,-0.7199013053562746
19.749992100000327,-0.5604813212831138
19.75832543000033,-0.38979662441232377
19.76665876000033,-0.21213216391059467
19.774992090000328,-0.031382172798391554
19.78332542000033,0.14902613826896607
19.79165875000033,0.32613455419107645
19.79999208000033,0.49740774826347517
19.80832541000033,0.6607345206757286
19.816658740000328,0.8148520074915839
19.82499207000033,0.9589228043806196
19.83332540000033,1.0921578023749559
19.84165873000033,1.2138124520972708
19.849992060000332,1.3231910325784588
19.85832539000033,1.4196519295191672
19.86665872000033,1.5026125690142
19.87499205000033,1.57155377103681
19.88332538000033,1.6260229039367085
19.891658710000332,1.6656377365974546
19.89999204000033,1.6900896553330174
19.90832537000033,1.6991461009325026
19.916658700000333,1.69265326994081
19.924992030000332,1.670538370299816
19.93332536000033,1.6328116328236097
19.94165869000033,1.5795677963526285
19.94999202000033,1.510986823493948
19.958325350000333,1.4273347787596686
19.966658680000332,1.328961181686101
19.97499201000033,1.2162876519913348
19.983325340000334,1.0898187633980476
19.991658670000334,0.9501459684817887
19.999992000000333,0.7979658412022924
20.008325330000332,0.6348777202536361
20.01665866000033,0.46412797623962404
20.024991990000334,0.29044077313524924
20.033325320000333,0.12071483264126816
20.041658650000333,-0.034939064251231756
20.049991980000335,-0.16236238469242625
20.058325310000335,-0.24394348231268975
20.066658640000334,-0.2630325809454547
20.074991970000333,-0.21246134562424812
20.083325300000332,-0.10067149201547067
20.091658630000335,0.05124409924407648
20.099991960000335,0.21725971639407365
20.108325290000334,0.37148115870811216
20.116658620000337,0.4902115709764012
20.124991950000336,0.5546476693039065
20.133325280000335,0.5551931608420253
20.141658610000334,0.493953423001185
20.149991940000334,0.38191711320941724
20.158325270000336,0.2333867583474142
20.166658600000336,0.06187182442056623
20.174991930000335,-0.12141913127137047
20.183325260000338,-0.30741196025555145
20.191658590000337,-0.4885532295591944
20.199991920000336,-0.6583471263125813
20.208325250000335,-0.8119040222254931
20.216658580000335,-0.9453640776427906
20.224991910000337,-1.055506267395415
20.233325240000337,-1.1401805378241432
20.241658570000336,-1.1986870465888617
20.24999190000034,-1.2318163588609368
20.258325230000338,-1.241618234656288
20.266658560000337,-1.2309414954462286
20.274991890000337,-1.203006350659666
20.283325220000336,-1.1610369844854533
20.29165855000034,-1.1080263357004936
20.299991880000338,-1.0466291050133858
20.308325210000337,-0.9791402256105984
20.31665854000034,-0.9075197390927192
20.32499187000034,-0.8334365794613717
20.33332520000034,-0.7582962606351352
20.341658530000338,-0.683188965020672
20.349991860000337,-0.6086639868537822
20.35832519000034,-0.5351854754614797
20.36665852000034,-0.4632204015628563
20.374991850000338,-0.3932353814279886
20.38332518000034,-0.3256933280947048
20.39165851000034,-0.2610485671251847
20.39999184000034,-0.19973635600544265
20.40832517000034,-0.14217177778993279
20.416658500000338,-0.08874813887244909
20.42499183000034,-0.03982499123556148
20.43332516000034,0.00426843019292725
20.44165849000034,0.043238633474125814
20.449991820000342,0.07684082830257465
20.45832515000034,0.10480964812159474
20.46665848000034,0.12641664936803865
20.47499181000034,0.14069490292481002
20.48332514000034,0.14650577529991
20.491658470000342,0.142525939846385
20.49999180000034,0.12726812815399016
20.50832513000034,0.09920774734826864
20.516658460000343,0.05700956629094084
20.524991790000342,-6.884535809655489e-05
20.53332512000034,-0.07166220540985503
20.54165845000034,-0.15580997387026552
20.54999178000034,-0.24878547906151477
20.558325110000343,-0.3452452135574929
20.566658440000342,-0.43901343454300545
20.57499177000034,-0.5243273417109733
20.583325100000344,-0.5968689345951702
20.591658430000344,-0.6543904121111278
20.599991760000343,-0.6967547494418642
20.608325090000342,-0.7253250445514947
20.61665842000034,-0.7421168846641494
20.624991750000344,-0.7490370379876028
20.633325080000343,-0.7473901543346403
20.641658410000343,-0.7376142192814121
20.649991740000345,-0.7192080670170328
20.658325070000345,-0.6907955625643921
20.666658400000344,-0.650253139294326
20.674991730000343,-0.5950284862850109
20.683325060000342,-0.522462344915382
20.691658390000345,-0.43022355913062704
20.699991720000344,-0.3169501524118254
20.708325050000344,-0.18264981871645597
20.716658380000347,-0.028808472239277474
20.724991710000346,0.141620995411686
20.733325040000345,0.3245534261452651
20.741658370000344,0.5152653761087299
20.749991700000344,0.7088815920611822
20.758325030000346,0.9006550836298108
20.766658360000346,1.086098552424606
20.774991690000345,1.2611800828430033
20.783325020000348,1.4222663765844792
20.791658350000347,1.5661664132631123
20.799991680000346,1.6902278318714505
20.808325010000345,1.7922487626006425
20.816658340000345,1.8705447597021305
20.824991670000347,1.924004012425552
20.833325000000347,1.9522593748894774
20.841658330000346,1.9554273771218584
20.84999166000035,1.934015641923169
20.858324990000348,1.8888501671135156
20.866658320000347,1.8209809918717783
20.874991650000347,1.7317468536870013
20.883324980000346,1.6228837832609675
20.89165831000035,1.4964580451793568
20.899991640000348,1.3547202920511925
20.908324970000347,1.2000985984158712
20.91665830000035,1.0351926305275136
20.92499163000035,0.8627278528043661
20.93332496000035,0.6855469509696984
20.941658290000348,0.5063753272445632
20.949991620000347,0.32782345397487833
20.95832495000035,0.1525709907255342
20.96665828000035,-0.016737720174114703
20.974991610000348,-0.17765944707809816
20.98332494000035,-0.3281018643723691
20.99165827000035,-0.46640408809835915
20.99999160000035,-0.591520887501706
21.00832493000035,-0.703038529392248
21.016658260000348,-0.8011368429954784
21.02499159000035,-0.8864029890282219
21.03332492000035,-0.9597567687951064
21.04165825000035,-1.0223363450343164
21.049991580000352,-1.075656011284833
21.05832491000035,-1.1215317581948383
21.06665824000035,-1.1617925481623583
21.07499157000035,-1.1982874512991968
21.08332490000035,-1.2328018616128043
21.091658230000352,-1.2670915097629198
21.09999156000035,-1.302856904685643
21.10832489000035,-1.3415805539744783
21.116658220000353,-1.3844867652772166
21.124991550000352,-1.4323485828939302
21.13332488000035,-1.48538296083154
21.14165821000035,-1.5430216617385168
21.14999154000035,-1.6036694701768301
21.158324870000353,-1.6645543213391267
21.166658200000352,-1.7214478839613152
21.17499153000035,-1.768338972864518
21.183324860000354,-1.7971042678197588
21.191658190000354,-1.7975135950783663
21.199991520000353,-1.75793364136009
21.208324850000352,-1.6675134988114135
21.21665818000035,-1.52002142962863
21.224991510000354,-1.317279767223654
21.233324840000353,-1.0692476554510884
21.241658170000353,-0.7905729539908024
21.249991500000355,-0.49666339590679387
21.258324830000355,-0.20127729278511558
21.266658160000354,0.08438525351968361
21.274991490000353,0.3518862944484815
21.283324820000352,0.595551468859452
21.291658150000355,0.8122881380996557
21.299991480000354,1.0011343159467312
21.308324810000354,1.1626235035512045
21.316658140000357,1.2982287066397213
21.324991470000356,1.4098232840778047
21.333324800000355,1.4993734122321958
21.341658130000354,1.5689105122051636
21.349991460000354,1.6202466302152574
21.358324790000356,1.6549080941367489
21.366658120000356,1.6741693938731876
21.374991450000355,1.6788406380064855
21.383324780000358,1.6690764688506041
21.391658110000357,1.6450405418447291
21.399991440000356,1.6070066327330528
21.408324770000355,1.5554976685084212
21.416658100000355,1.4912526111534117
21.424991430000357,1.4151260333194475
21.433324760000357,1.328073146842597
21.441658090000356,1.2311660790998649
21.44999142000036,1.1256206631955412
21.458324750000358,1.012708976401359
21.466658080000357,0.8937554974760559
21.474991410000356,0.7701853882037915
21.483324740000356,0.643423547987172
21.49165807000036,0.51487214768045
21.499991400000358,0.385963006492285
21.508324730000357,0.25804633018032996
21.51665806000036,0.13234815784735832
21.52499139000036,0.009982960690092494
21.53332472000036,-0.10800433820216226
21.541658050000358,-0.22069258401205655
21.549991380000357,-0.32727468197194565
21.55832471000036,-0.4270193219176229
21.56665804000036,-0.519219726661387
21.574991370000358,-0.6031341973644172
21.58332470000036,-0.677926591175455
21.59165803000036,-0.7425544441218852
21.59999136000036,-0.7956907946467487
21.60832469000036,-0.8358104020718717
21.616658020000358,-0.861120057147332
21.62499135000036,-0.8703024330795351
21.63332468000036,-0.8634639946365199
21.64165801000036,-0.8420026920187463
21.649991340000362,-0.8092751350567292
21.65832467000036,-0.7712934377831088
21.66665800000036,-0.7375637541083835
21.67499133000036,-0.7211018265235283
21.68332466000036,-0.7365506652630657
21.691657990000362,-0.7952710271113634
21.69999132000036,-0.899261401952234
21.70832465000036,-1.0389353047402623
21.716657980000363,-1.1975436059415159
21.724991310000362,-1.3575066595765517
21.73332464000036,-1.5046053995501925
21.74165797000036,-1.6294459966875323
21.74999130000036,-1.7272545247120499
21.758324630000363,-1.7968283856766811
21.766657960000362,-1.8392130153511193
21.77499129000036,-1.8565733456258586
21.783324620000364,-1.8516670283146177
21.791657950000364,-1.8276837572311
21.799991280000363,-1.787317648399147
21.808324610000362,-1.7326803990442794
21.81665794000036,-1.6654529271445984
21.824991270000364,-1.5869162258154148
21.833324600000363,-1.4981557050466212
21.841657930000363,-1.4001251444832368
21.849991260000365,-1.293660310357833
21.858324590000365,-1.1795358310080797
21.866657920000364,-1.0585229802378577
21.874991250000363,-0.9314173224214602
21.883324580000362,-0.7990528352726018
21.891657910000365,-0.6623077567182919
21.899991240000364,-0.522114668921972
21.908324570000364,-0.3794526596155537
21.916657900000367,-0.23533863941727207
21.924991230000366,-0.09082469595559985
21.933324560000365,0.05301653269659458
21.941657890000364,0.19513928291441318
21.949991220000364,0.334515915632987
21.958324550000366,0.47013187503045395
21.966657880000366,0.6009968117344545
21.974991210000365,0.7261554346940746
21.983324540000368,0.8446964898802652
21.991657870000367,0.9557633187369401
21.999991200000366,1.0585684287490407
22.008324530000365,1.1523951382771287
22.016657860000365,1.236606717496704
22.024991190000367,1.3105593490567942
22.033324520000367,1.373011234534252
22.041657850000366,1.422411284196791
22.04999118000037,1.4570719097934577
22.058324510000368,1.4751629113204607
22.066657840000367,1.474744852757441
22.074991170000366,1.4538070161193146
22.083324500000366,1.4104215050432425
22.09165783000037,1.343007661154469
22.099991160000368,1.2505832963276302
22.108324490000367,1.1330773658316549
22.11665782000037,0.9917936883643786
22.12499115000037,0.8297459201525403
22.13332448000037,0.6518660752343117
22.141657810000368,0.4651798318244783
22.149991140000367,0.278647346810025
22.15832447000037,0.10289050160909696
22.16665780000037,-0.05068868084277334
22.174991130000368,-0.17159567103329154
22.18332446000037,-0.2528422411408726
22.19165779000037,-0.29307996642662765
22.19999112000037,-0.29677961652109075
22.20832445000037,-0.2723621150876997
22.216657780000368,-0.22959842167749336
22.22499111000037,-0.17774357226509196
22.23332444000037,-0.12455438938859183
22.24165777000037,-0.07600655646873342
22.249991100000372,-0.03641075908773349
22.25832443000037,-0.008626258725248252
22.26665776000037,0.005732450443229967
22.27499109000037,0.006102557742486586
22.28332442000037,-0.0071637335987750125
22.291657750000372,-0.03316522316950392
22.29999108000037,-0.07049395350521281
22.30832441000037,-0.11742385219186771
22.316657740000373,-0.17195169421014467
22.324991070000372,-0.2319161430916995
22.33332440000037,-0.2950400490662169
22.34165773000037,-0.3588377487721216
22.34999106000037,-0.4207248679625485
22.358324390000373,-0.47801981618056
22.366657720000372,-0.528291118545178
22.37499105000037,-0.5690248212386496
22.383324380000374,-0.5976519772620368
22.391657710000374,-0.6117417203407604
22.399991040000373,-0.6093415405826124
22.408324370000372,-0.5891646571975617
22.41665770000037,-0.5509213939640848
22.424991030000374,-0.49539098714571905
22.433324360000373,-0.42432812462818353
22.441657690000373,-0.3401398804542441
22.449991020000375,-0.2456908057946094
22.458324350000375,-0.1439814090642853
22.466657680000374,-0.03794255074204146
22.474991010000373,0.06951828770650048
22.483324340000372,0.175261097395659
22.491657670000375,0.27627272957209864
22.499991000000374,0.36968148794407435
22.508324330000374,0.4527899369196933
22.516657660000376,0.5231501570383985
22.524990990000376,0.5788800510999556
22.533324320000375,0.6183287116024754
22.541657650000374,0.639961142050408
22.549990980000373,0.6425426038721614
22.558324310000376,0.6251916126402297
22.566657640000376,0.5874403130472311
22.574990970000375,0.5293681121150728
22.583324300000378,0.4516153855802341
22.591657630000377,0.3553388337205423
22.599990960000376,0.24205388140502682
22.608324290000375,0.11366049552057206
22.616657620000375,-0.027259764695151747
22.624990950000377,-0.17738991495656264
22.633324280000377,-0.33300938247281214
22.641657610000376,-0.4899364428044964
22.64999094000038,-0.6435019138422768
22.658324270000378,-0.7884098213509355
22.666657600000377,-0.9187855756508477
22.674990930000376,-1.0282846661098541
22.683324260000376,-1.1107567361554884
22.69165759000038,-1.160957695793204
22.699990920000378,-1.1753401674025683
22.708324250000377,-1.152926186256635
22.71665758000038,-1.09541357073331
22.72499091000038,-1.006853023187949
22.73332424000038,-0.892730130816231
22.741657570000378,-0.7588053438109905
22.749990900000377,-0.6105091561673855
22.75832423000038,-0.4526112305040146
22.76665756000038,-0.2892751715431121
22.774990890000378,-0.1240761283961948
22.78332422000038,0.03981728166268971
22.79165755000038,0.19953751021563257
22.79999088000038,0.35237728060249807
22.80832421000038,0.49595952752706546
22.816657540000378,0.6283772990727892
22.82499087000038,0.7484527887638452
22.83332420000038,0.8557974516764285
22.84165753000038,0.9507843807846671
22.849990860000382,1.034411185735267
22.85832419000038,1.107896652380169
22.86665752000038,1.1724577696048997
22.87499085000038,1.2289127859822595
22.88332418000038,1.2776714362400414
22.891657510000382,1.3186822595710783
22.89999084000038,1.351594271865392
22.90832417000038,1.375891927528365
22.916657500000383,1.3909784378419057
22.924990830000382,1.3962656539754754
22.93332416000038,1.391246547622311
22.94165749000038,1.3755252575483574
22.94999082000038,1.3488224757481906
22.958324150000383,1.3108418635179095
22.966657480000382,1.261013430729833
22.97499081000038,1.1991566731099563
22.983324140000384,1.1256377813456024
22.991657470000384,1.040928871078095
22.999990800000383,0.9455682733646311
23.008324130000382,0.8401484474357165
23.01665746000038,0.7253094511575414
23.024990790000384,0.6017382423741848
23.033324120000383,0.4701656156902911
23.041657450000383,0.3313612231513192
23.049990780000385,0.18612537272589147
23.058324110000385,0.035283132977521836
23.066657440000384,-0.12031647015176537
23.074990770000383,-0.279805868898961
23.083324100000382,-0.4423028358168833
23.091657430000385,-0.6068810800843306
23.099990760000384,-0.772045938713439
23.108324090000384,-0.9356539011990597
23.116657420000386,-1.0951645602719602
23.124990750000386,-1.247590038187578
23.133324080000385,-1.3894157243698395
23.141657410000384,-1.5165753398906285
23.149990740000383,-1.6245119816953857
23.158324070000386,-1.7084233363839734
23.166657400000386,-1.7637493945895693
23.174990730000385,-1.7868612921018328
23.183324060000388,-1.7757493430678533
23.191657390000387,-1.7305268509470895
23.199990720000386,-1.6537452537284065
23.208324050000385,-1.5508454600411377
23.216657380000385,-1.429133651192284
23.224990710000387,-1.2972845634988006
23.233324040000387,-1.1653705632384446
23.241657370000386,-1.0450171403522235
23.24999070000039,-0.9491730734133124
23.258324030000388,-0.8905115896626893
23.266657360000387,-0.8780778550713098
23.274990690000386,-0.9134422971116234
23.283324020000386,-0.98916138708599
23.29165735000039,-1.091006400628504
23.299990680000388,-1.2012751203471057
23.308324010000387,-1.3009311355992974
23.31665734000039,-1.3706541342006142
23.32499067000039,-1.3926829329109927
23.33332400000039,-1.3546881514694131
23.341657330000388,-1.2539998774818055
23.349990660000387,-1.0979749553431681
23.35832399000039,-0.8995879627585833
23.36665732000039,-0.6724929250227683
23.374990650000388,-0.4282511272125362
23.38332398000039,-0.17573825645839275
23.39165731000039,0.07843002867882744
23.39999064000039,0.3292851210450513
23.40832397000039,0.5730565217003107
23.416657300000388,0.8074750208463004
23.42499063000039,1.0311451034819286
23.43332396000039,1.2427517696806718
23.44165729000039,1.441043066577318
23.449990620000392,1.6248491036969102
23.45832395000039,1.793086536955513
23.46665728000039,1.9447618529144712
23.47499061000039,2.0789723569877543
23.48332394000039,2.1949162572154393
23.491657270000392,2.2918915037207417
23.49999060000039,2.369303098014156
23.50832393000039,2.426669182907907
23.516657260000393,2.4636296751562003
23.524990590000392,2.4799503375106333
23.53332392000039,2.475523983488671
23.54165725000039,2.4503718491858395
23.54999058000039,2.4046440612330713
23.558323910000393,2.3386191365506317
23.566657240000392,2.2527024094590384
23.57499057000039,2.1474191877244024
23.583323900000394,2.0234102209414995
23.591657230000393,1.8814319092988687
23.599990560000393,1.7225814036196527
23.608323890000392,1.5490146964820637
23.61665722000039,1.3635619918136292
23.624990550000394,1.169668082505871
23.633323880000393,0.9714758188942467
23.641657210000393,0.7738863745193753
23.649990540000395,0.5824945090043068
23.658323870000395,0.4032678595430891
23.666657200000394,0.2418655001279384
23.674990530000393,0.10269863267675641
23.683323860000392,-0.012061148088823484
23.691657190000395,-0.10327798272327401
23.699990520000394,-0.17466725460224755
23.708323850000394,-0.2320276242790655
23.716657180000396,-0.2823141536610166
23.724990510000396,-0.3327704123405365
23.733323840000395,-0.3902653918095814
23.741657170000394,-0.46075632494768737
23.749990500000393,-0.5487340244575979
23.758323830000396,-0.65663410048857
23.766657160000396,-0.7844295293702491
23.774990490000395,-0.9295688132617418
23.783323820000398,-1.0871794018624483
23.791657150000397,-1.2506565664020803
23.799990480000396,-1.4122128698015108
23.808323810000395,-1.5634159140277573
23.816657140000395,-1.6957479325646423
23.824990470000397,-1.8013452015200677
23.833323800000397,-1.873917895602187
23.841657130000396,-1.9097675242056162
23.8499904600004,-1.9082696268139625
23.858323790000398,-1.8717284888115007
23.866657120000397,-1.8044118596436416
23.874990450000396,-1.711520549794634
23.883323780000396,-1.5983459722243591
23.8916571100004,-1.469691409659386
23.899990440000398,-1.3296769054319912
23.908323770000397,-1.1817380401169764
23.9166571000004,-1.0287329144737594
23.9249904300004,-0.873033168644755
23.9333237600004,-0.7166012296605324
23.941657090000398,-0.561055715596561
23.949990420000397,-0.4077660828051116
23.9583237500004,-0.25787088747447817
23.9666570800004,-0.11229757765394895
23.974990410000398,0.028204840047396526
23.9833237400004,0.1630351984743391
23.9916570700004,0.29172664147001925
23.9999904000004,0.4139801807159225
24.0083237300004,0.5296200727633021
24.016657060000398,0.6385403223122458
24.0249903900004,0.7407559550817261
24.0333237200004,0.8363913561122296
24.0416570500004,0.9255701298173066
24.049990380000402,1.0084270135150935
24.0583237100004,1.0851320434566045
24.0666570400004,1.1557677528127432
24.0749903700004,1.220293865216221
24.0833237000004,1.2785335290145943
24.091657030000402,1.3301681068854627
24.0999903600004,1.374739527430254
24.1083236900004,1.4116595278894861
24.116657020000403,1.440226495044994
24.124990350000402,1.4596484402981955
24.1333236800004,1.4690711651916761
24.1416570100004,1.4676479400554068
24.1499903400004,1.454645298646088
24.158323670000403,1.4293950165816516
24.166657000000402,1.3913169148592528
24.1749903300004,1.3400258050521576
24.183323660000404,1.2753317950249998
24.191656990000403,1.1971965131101898
24.199990320000403,1.1057576124033173
24.208323650000402,1.0014037286961497
24.2166569800004,0.8847423861621333
24.224990310000404,0.7565855095723641
24.233323640000403,0.6179697923292432
24.241656970000403,0.4701338843106093
24.249990300000405,0.3145581541167153
24.258323630000405,0.15306161382015218
24.266656960000404,-0.012020727237997245
24.274990290000403,-0.1777385163005342
24.283323620000402,-0.3402625875919153
24.291656950000405,-0.49451100456187563
24.299990280000404,-0.633701816199482
24.308323610000404,-0.7490249706049015
24.316656940000406,-0.8298787346719233
24.324990270000406,-0.8653703312162565
24.333323600000405,-0.8475792879534108
24.341656930000404,-0.7752223366585674
24.349990260000403,-0.6551227812869514
24.358323590000406,-0.5001131820351125
24.366656920000406,-0.3256220505110871
24.374990250000405,-0.14729300673083495
24.383323580000408,0.01996923624341477
24.391656910000407,0.16248949961487216
24.399990240000406,0.26878731359617875
24.408323570000405,0.33121422553737656
24.416656900000405,0.347432677671023
24.424990230000407,0.3205043101184648
24.433323560000407,0.2572549213781501
24.441656890000406,0.16600886588677782
24.44999022000041,0.054972232145951275
24.458323550000408,-0.06853634454803903
24.466656880000407,-0.19833097633171826
24.474990210000406,-0.32910674796832845
24.483323540000406,-0.4562866035674029
24.49165687000041,-0.5763046412005397
24.499990200000408,-0.6866952519237551
24.508323530000407,-0.785169888543919
24.51665686000041,-0.8697908940478989
24.52499019000041,-0.9390167480186616
24.53332352000041,-0.9919327553127582
24.541656850000408,-1.028330786227546
24.549990180000407,-1.048706157863852
24.55832351000041,-1.0541001440986737
24.56665684000041,-1.0459574601781727
24.574990170000408,-1.0260222233297667
24.58332350000041,-0.9961360308289398
24.59165683000041,-0.9581289711254849
24.59999016000041,-0.913761811152404
24.60832349000041,-0.864647325826778
24.616656820000408,-0.8122529153523468
24.62499015000041,-0.7579007687625307
24.63332348000041,-0.7027436879983228
24.64165681000041,-0.6478018734283398
24.649990140000412,-0.593722074775791
24.65832347000041,-0.5408706693817296
24.66665680000041,-0.4896007737934337
24.67499013000041,-0.44026038015802554
24.68332346000041,-0.393189662012209
24.691656790000412,-0.3487121039342222
24.69999012000041,-0.30713044744344015
24.70832345000041,-0.26872988859900804
24.716656780000413,-0.23376925549386118
24.724990110000412,-0.2024783278778989
24.73332344000041,-0.17499075648407447
24.74165677000041,-0.15113847406988695
24.74999010000041,-0.13120696424162817
24.758323430000413,-0.11556169780530201
24.766656760000412,-0.10451063168425516
24.77499009000041,-0.09823216774296874
24.783323420000414,-0.09669363550297978
24.791656750000413,-0.09951191014692742
24.799990080000413,-0.10577124101635388
24.808323410000412,-0.11384987274844928
24.81665674000041,-0.12135335572008926
24.824990070000414,-0.12530134435220847
24.833323400000413,-0.1227068779531676
24.841656730000413,-0.11152689728437441
24.849990060000415,-0.09132630404138445
24.858323390000415,-0.06369118447609887
24.866656720000414,-0.031519602002275736
24.874990050000413,0.002097461601624752
24.883323380000412,0.034719086541911096
24.891656710000415,0.06495808218438275
24.899990040000414,0.09246629849611393
24.908323370000414,0.1176626882258016
24.916656700000416,0.1414314219506657
24.924990030000416,0.16484545957365646
24.933323360000415,0.18900083168188178
24.941656690000414,0.21490248072952445
24.949990020000413,0.2433012363680261
24.958323350000416,0.2746588531033436
24.966656680000415,0.30919218692253
24.974990010000415,0.3465745026233059
24.983323340000418,0.3858632147026052
24.991656670000417,0.42600152854696927
24.999990000000416,0.46595904144927036
25.008323330000415,0.5046585107363581
25.016656660000415,0.5410250661809737
25.024989990000417,0.5740845244903423
25.033323320000417,0.6028775692931047
25.041656650000416,0.6265493749033741
25.04998998000042,0.6443650787883943
25.058323310000418,0.6556460965259622
25.066656640000417,0.6598449472387142
25.074989970000416,0.6565411696895269
25.083323300000416,0.6453974113227562
25.09165663000042,0.6261688212303456
25.099989960000418,0.5987650585780084
25.108323290000417,0.5633033684636979
25.11665662000042,0.5199616033834262
25.12498995000042,0.4689566581232205
25.13332328000042,0.41054908404538343
25.141656610000418,0.34505316304223277
25.149989940000417,0.2729901505277544
25.15832327000042,0.19509220521840415
25.16665660000042,0.11222612299963337
25.174989930000418,0.025405566640691653
25.18332326000042,-0.06412355272519105
25.19165659000042,-0.15494477460992678
25.19998992000042,-0.24538503785147595
25.20832325000042,-0.33356487757383196
25.216656580000418,-0.4177061463480104
25.22498991000042,-0.4962392839158787
25.23332324000042,-0.5676271761868005
25.24165657000042,-0.6304520680152773
25.249989900000422,-0.683617778785669
25.25832323000042,-0.7266322610328665
25.26665656000042,-0.7598184161434914
25.27498989000042,-0.7846634786286307
25.28332322000042,-0.8037983345233422
25.291656550000422,-0.8209197083430141
25.29998988000042,-0.8404179020865906
25.30832321000042,-0.8666025874207303
25.316656540000423,-0.9028731115790277
25.324989870000422,-0.9509852407977547
25.33332320000042,-1.0107755870575006
25.34165653000042,-1.08011722251752
25.34998986000042,-1.155479162552165
25.358323190000423,-1.232742051692855
25.366656520000422,-1.3078065745384475
25.37498985000042,-1.376979188533249
25.383323180000424,-1.4371434239328744
25.391656510000423,-1.4857811689296512
25.399989840000423,-1.520895641335294
25.408323170000422,-1.5408785911246994
25.41665650000042,-1.54442559499782
25.424989830000424,-1.5305023060467486
25.433323160000423,-1.4986108042089028
25.441656490000423,-1.4483042317235866
25.449989820000425,-1.3789624637659514
25.458323150000425,-1.2898580877047174
25.466656480000424,-1.1801816812518686
25.474989810000423,-1.0491524790569988
25.483323140000422,-0.8963663123993092
25.491656470000425,-0.7220066680902071
25.499989800000424,-0.5269941615207279
25.508323130000424,-0.3130891294376346
25.516656460000426,-0.08292538133512786
25.524989790000426,0.1601338341439672
25.533323120000425,0.41233143396221267
25.541656450000424,0.6697181354079059
25.549989780000423,0.9280896208155448
25.558323110000426,1.1828382291508739
25.566656440000425,1.429393063940889
25.574989770000425,1.663287555218993
25.583323100000428,1.8801742471816625
25.591656430000427,2.075877254368017
25.599989760000426,2.246431304887557
25.608323090000425,2.3881743420844734
25.616656420000425,2.498159029493632
25.624989750000427,2.5742112906497363
25.633323080000427,2.6148660938703596
25.641656410000426,2.619497685924495
25.64998974000043,2.5883302174613636
25.658323070000428,2.5224305717441684
25.666656400000427,2.423632152268066
25.674989730000426,2.294272793923382
25.683323060000426,2.1370871965718496
25.69165639000043,1.9551171146206123
25.699989720000428,1.7518612763260546
25.708323050000427,1.5309317962934623
25.71665638000043,1.2960287911641073
25.72498971000043,1.0508808579560505
25.73332304000043,0.7992635550002322
25.741656370000428,0.5446114942038297
25.749989700000427,0.29018914900922343
25.75832303000043,0.039468787485674554
25.76665636000043,-0.2039427393925792
25.774989690000428,-0.436442821958402
25.78332302000043,-0.6545568557343454
25.79165635000043,-0.8551592528087751
25.79998968000043,-1.0356158699531048
25.80832301000043,-1.1940179746455988
25.816656340000428,-1.3291827248165264
25.82498967000043,-1.440599743413895
25.83332300000043,-1.5283565645388728
25.84165633000043,-1.593039980383988
25.849989660000432,-1.6355981079813815
25.85832299000043,-1.657091603978971
25.86665632000043,-1.6587047025007657
25.87498965000043,-1.6417085597507124
25.88332298000043,-1.6076095230623548
25.89165631000043,-1.5587741317545045
25.89998964000043,-1.4980052430434319
25.90832297000043,-1.4284284732670085
25.916656300000433,-1.3535709427887794
25.924989630000432,-1.2774282138083097
25.93332296000043,-1.2043933782085416
25.94165629000043,-1.1390200069821712
25.94998962000043,-1.0855017143299848
25.958322950000433,-1.0468454998800008
25.966656280000432,-1.0240699844270924
25.97498961000043,-1.0155333619424993
25.983322940000434,-1.0169178712467102
25.991656270000433,-1.0216738522204412
25.999989600000433,-1.022106483197718
26.008322930000432,-1.0106523387116488
26.01665626000043,-0.9811054536981924
26.024989590000434,-0.9296097286873722
26.033322920000433,-0.8551183579766551
26.041656250000432,-0.7590782183753277
26.049989580000435,-0.6447065224807248
26.058322910000435,-0.5160867811913786
26.066656240000434,-0.3774696098755972
26.074989570000433,-0.232780350631899
26.083322900000432,-0.08547160276791915
26.091656230000435,0.061593739559598834
26.099989560000434,0.20602767654107257
26.108322890000434,0.3458375585446806
26.116656220000436,0.47940886855871656
26.124989550000436,0.6054388118886113
26.133322880000435,0.7230148084073862
26.141656210000434,0.831487813905606
26.149989540000433,0.9302707505076155
26.158322870000436,1.0188304898596197
26.166656200000435,1.0966895715370217
26.174989530000435,1.1634331474699626
26.183322860000438,1.218709238359943
26.191656190000437,1.2622278507881461
26.199989520000436,1.293762332745988
26.208322850000435,1.3131499959133357
26.216656180000435,1.3202930302338958
26.224989510000437,1.3151588883014635
26.233322840000437,1.2977804341076282
26.241656170000436,1.2682560515301817
26.24998950000044,1.2267490208503664
26.258322830000438,1.1734868997108645
26.266656160000437,1.1089187124042124
26.274989490000436,1.0340062670017238
26.283322820000436,0.9499101888867811
26.29165615000044,0.8580172536704085
26.299989480000438,0.7598863384674038
26.308322810000437,0.657306299547868
26.31665614000044,0.5522603222656607
26.32498947000044,0.4469278477303907
26.33332280000044,0.34355737324858887
26.341656130000437,0.244150326134682
26.349989460000437,0.15067878436335916
26.35832279000044,0.06500212057531263
26.36665612000044,-0.01124270141538254
26.374989450000438,-0.07667832497021089
26.38332278000044,-0.1303027714963648
26.39165611000044,-0.17154500076089324
26.39998944000044,-0.20043014870465348
26.40832277000044,-0.21768073829318293
26.416656100000438,-0.2249647431960903
26.42498943000044,-0.22494908995521332
26.43332276000044,-0.22139268285732552
26.44165609000044,-0.21873893378001263
26.449989420000442,-0.22131485808682708
26.45832275000044,-0.23241684965244977
26.46665608000044,-0.2535031389772745
26.47498941000044,-0.2840170542987258
26.48332274000044,-0.3218605165987944
26.49165607000044,-0.3642967848055561
26.49998940000044,-0.4086527940155662
26.50832273000044,-0.45277064911193887
26.516656060000443,-0.49515756209867895
26.524989390000442,-0.5349145323312678
26.53332272000044,-0.5715952250394063
26.54165605000044,-0.605048534793412
26.54998938000044,-0.6352895087520494
26.558322710000443,-0.6624505288405086
26.566656040000442,-0.6871758253017203
26.57498937000044,-0.7103622006338345
26.583322700000444,-0.7327292977666559
26.591656030000443,-0.7547570078177177
26.599989360000443,-0.7767580630800279
26.608322690000442,-0.7989128469540981
26.61665602000044,-0.8212509189791534
26.624989350000444,-0.8436471621828047
26.633322680000443,-0.8658594740636802
26.641656010000442,-0.8875001109837649
26.649989340000445,-0.9080572324482323
26.658322670000445,-0.9269197400234935
26.666656000000444,-0.9433590524627284
26.674989330000443,-0.956474204948045
26.683322660000442,-0.9652724312079691
26.691655990000445,-0.9685894735290681
26.699989320000444,-0.9651743281803724
26.708322650000444,-0.9536531869459725
26.716655980000446,-0.9326350011655837
26.724989310000446,-0.9007518563344598
26.733322640000445,-0.8567978311498448
26.741655970000444,-0.7998086262574214
26.749989300000443,-0.7292820815530873
26.758322630000446,-0.6452252314816868
26.766655960000445,-0.5481677923581786
26.774989290000445,-0.4391607238750444
26.783322620000448,-0.31974925951099153
26.791655950000447,-0.1919111158789796
26.799989280000446,-0.05783612846139327
26.808322610000445,0.08005715093820845
26.816655940000445,0.21831591850496299
26.824989270000447,0.35258227008763104
26.833322600000447,0.4779338173501273
26.841655930000446,0.5887120858806828
26.84998926000045,0.6784888161061903
26.858322590000448,0.7401566869510157
26.866655920000447,0.7665623209653508
26.874989250000446,0.7517190732809903
26.883322580000446,0.6923456990115919
26.89165591000045,0.5891266107780694
26.899989240000448,0.4469267378553297
26.908322570000447,0.27383960572129545
26.91665590000045,0.07988329870973272
26.92498923000045,-0.12394678799334584
26.933322560000448,-0.32601529419248504
26.941655890000447,-0.5139674293647711
26.949989220000447,-0.6748145095390754
26.95832255000045,-0.7958562467846206
26.96665588000045,-0.8669085937932097
26.974989210000448,-0.8831513121717228
26.98332254000045,-0.8466286393737172
26.99165587000045,-0.7649238257365311
26.99998920000045,-0.6479293025530626
27.00832253000045,-0.5052787476129099
27.016655860000448,-0.34532503242441487
27.02498919000045,-0.17496488662510848
27.03332252000045,0.0003033715574870735
27.04165585000045,0.1759632335996568
27.049989180000452,0.34821474395249236
27.05832251000045,0.5137576315919902
27.06665584000045,0.669617652160493
27.07498917000045,0.8131544467701847
27.08332250000045,0.9419798446922691
27.09165583000045,1.0540122045029405
27.09998916000045,1.1474891763925485
27.10832249000045,1.221134169725099
27.116655820000453,1.2741835119239364
27.124989150000452,1.3063885128127388
27.13332248000045,1.3180043596227655
27.14165581000045,1.3097697585001136
27.14998914000045,1.282905156125509
27.158322470000453,1.2391492807987186
27.166655800000452,1.1805386031326053
27.17498913000045,1.1092869271366996
27.183322460000454,1.027862964581778
27.191655790000453,0.9386917635999725
27.199989120000453,0.8442666792476914
27.208322450000452,0.746941018060949
27.21665578000045,0.6488259612705249
27.224989110000454,0.5518305347408624
27.233322440000453,0.4574663238842719
27.241655770000452,0.36681757343736177
27.249989100000455,0.2805344790585705
27.258322430000455,0.19882848604810963
27.266655760000454,0.12154074406390017
27.274989090000453,0.04820031801853128
27.283322420000452,-0.021901694423297955
27.291655750000455,-0.0895160501481928
27.299989080000454,-0.15545878215292883
27.308322410000454,-0.2205874863068564
27.316655740000456,-0.28568523784167393
27.324989070000456,-0.35147347769305076
27.333322400000455,-0.41849714589944914
27.341655730000454,-0.4871801277971937
27.349989060000453,-0.5578071134337398
27.358322390000456,-0.6305192605354393
27.366655720000455,-0.7052313538866356
27.374989050000455,-0.7815929539674806
27.383322380000457,-0.8589822652101146
27.391655710000457,-0.9365100875623346
27.399989040000456,-1.0129276741181774
27.408322370000455,-1.0865708239465088
27.416655700000454,-1.1552830862446897
27.424989030000457,-1.2163910065885521
27.433322360000457,-1.2667672049862375
27.441655690000456,-1.3030295537452241
27.44998902000046,-1.3218013309895271
27.458322350000458,-1.3201842921231004
27.466655680000457,-1.2963646649774534
27.474989010000456,-1.2502337339110399
27.483322340000456,-1.1835509840560563
27.49165567000046,-1.0998688184147534
27.499989000000458,-1.003891008459126
27.508322330000457,-0.9008324803190512
27.51665566000046,-0.7957515838347449
27.52498899000046,-0.6928710385325623
27.533322320000458,-0.5953008283506701
27.541655650000457,-0.5047320001106328
27.549988980000457,-0.42143209847967683
27.55832231000046,-0.3442810537964592
27.56665564000046,-0.2708804873802347
27.574988970000458,-0.19784227399676782
27.58332230000046,-0.1211218297700011
27.59165563000046,-0.036479832130076835
27.59998896000046,0.06004503999736434
27.60832229000046,0.1713941976773021
27.616655620000458,0.2990942133243335
27.62498895000046,0.4427135375348962
27.63332228000046,0.6000246568346854
27.64165561000046,0.7674560039712647
27.649988940000462,0.9406013996494068
27.65832227000046,1.1148315249349272
27.66665560000046,1.2857274686909625
27.67498893000046,1.449322973512327
27.68332226000046,1.602178406915609
27.69165559000046,1.741391370867859
27.69998892000046,1.864578626483412
27.70832225000046,1.9698244025772702
27.716655580000463,2.0558071600443646
27.724988910000462,2.122053345353871
27.73332224000046,2.1683427389217296
27.74165557000046,2.1946033384218437
27.74998890000046,2.2009032874707994
27.758322230000463,2.187446227647729
27.766655560000462,2.1545672184144053
27.77498889000046,2.102727266682777
27.783322220000464,2.0325048423677634
27.791655550000463,1.9445566145868893
27.799988880000463,1.8396162522139023
27.808322210000462,1.7185142922701162
27.81665554000046,1.582168713130871
27.824988870000464,1.4315715820897776
27.833322200000463,1.267786814759679
27.841655530000462,1.0919202119659477
27.849988860000465,0.9050120143757141
27.858322190000465,0.7081155706711205
27.866655520000464,0.502342065847008
27.874988850000463,0.28885939369920166
27.883322180000462,0.06896737573796774
27.891655510000465,-0.15503999229215215
27.899988840000464,-0.3798159770016263
27.908322170000464,-0.6010868593911312
27.916655500000466,-0.8133113105680958
27.924988830000466,-1.0092993854479881
27.933322160000465,-1.1799705767200177
27.941655490000464,-1.31488305998506
27.949988820000463,-1.404038352253334
27.958322150000466,-1.440665707857264
27.966655480000465,-1.4243636220489544
27.974988810000465,-1.3619868495536303
27.983322140000467,-1.2658921870975284
27.991655470000467,-1.1511904910157256
27.999988800000466,-1.0339107661943863
28.008322130000465,-0.9301435568339915
28.016655460000464,-0.8550289593324653
28.024988790000467,-0.8205651485637725
28.033322120000467,-0.8325994383814781
28.041655450000466,-0.8891612411110525
28.04998878000047,-0.981889652335129
28.058322110000468,-1.0994320573234135
28.066655440000467,-1.2302499068557045
28.074988770000466,-1.3639495277890525
28.083322100000466,-1.4913842269210682
28.09165543000047,-1.6043286195917008
28.099988760000468,-1.6951880300727675
28.108322090000467,-1.7573216018123046
28.11665542000047,-1.785948100650303
28.12498875000047,-1.777936005661569
28.133322080000468,-1.73227840265666
28.141655410000467,-1.6505160414767888
28.149988740000467,-1.5363003371777646
28.15832207000047,-1.3946899544315703
28.16665540000047,-1.231254371438384
28.174988730000468,-1.05139204881923
28.18332206000047,-0.8599723069514569
28.19165539000047,-0.661207722666363
28.19998872000047,-0.45869109212621256
28.20832205000047,-0.2554710367573064
28.216655380000468,-0.05414957689882186
28.22498871000047,0.14309750851165418
28.23332204000047,0.3348610555313865
28.24165537000047,0.5200477066317926
28.249988700000472,0.6975991092172735
28.25832203000047,0.8664944681621494
28.26665536000047,1.025758012232788
28.27498869000047,1.1744649612699807
28.28332202000047,1.311743192150314
28.29165535000047,1.436785330649285
28.29998868000047,1.5488541591725917
28.30832201000047,1.647285611415071
28.316655340000473,1.7313035767952194
28.324988670000472,1.7997078178162125
28.33332200000047,1.8512230629098954
28.34165533000047,1.8845350233444762
28.34998866000047,1.8983241066073078
28.358321990000473,1.8912768349583884
28.366655320000472,1.8621220915128598
28.37498865000047,1.8101345026889821
28.383321980000474,1.7352079936944174
28.391655310000473,1.6378118761016343
28.399988640000473,1.5190441496987612
28.408321970000472,1.3808027514428072
28.41665530000047,1.2259422191317297
28.424988630000474,1.0583288236197403
28.433321960000473,0.8828304165546066
28.441655290000472,0.7051476814044517
28.449988620000475,0.5313705214798538
28.458321950000474,0.3672679402497032
28.466655280000474,0.21739599032528148
28.474988610000473,0.08435909017318585
28.483321940000472,-0.031596194867461146
28.491655270000475,-0.13228655022500288
28.499988600000474,-0.22082867828116307
28.508321930000474,-0.30079874384964544
28.516655260000476,-0.375484362119949
28.524988590000476,-0.44739514506465183
28.533321920000475,-0.5180589570364467
28.541655250000474,-0.5878708244557745
28.549988580000473,-0.6562218655508948
28.558321910000476,-0.7216160021232428
28.566655240000475,-0.7817940159127199
28.574988570000475,-0.8339776782653658
28.583321900000477,-0.8752892444514871
28.591655230000477,-0.9030004217659344
28.599988560000476,-0.9149631872865361
28.608321890000475,-0.9098525418181544
28.616655220000474,-0.8875143742741753
28.624988550000477,-0.8489911079647064
28.633321880000477,-0.7962603601630721
28.641655210000476,-0.7320601539727143
28.64998854000048,-0.6594583592646588
28.658321870000478,-0.5815786146335753
28.666655200000477,-0.5013715218107744
28.674988530000476,-0.42147643659738626
28.683321860000476,-0.34413986808241837
28.69165519000048,-0.27119660838094806
28.699988520000478,-0.20409432010112608
28.708321850000477,-0.14386108512049575
28.71665518000048,-0.09122191751568931
28.72498851000048,-0.04663146515903196
28.733321840000478,-0.01022051686587111
28.741655170000477,0.018136319050283827
28.749988500000477,0.038795394713112434
28.75832183000048,0.05225069351318777
28.76665516000048,0.05912838401168
28.774988490000478,0.060222939376045136
28.78332182000048,0.05650885131200419
28.79165515000048,0.04901331407411636
28.79998848000048,0.03883815528257815
28.80832181000048,0.027245602311692808
28.816655140000478,0.015531111276165105
28.82498847000048,0.00490725929213311
28.83332180000048,-0.003459478521508728
28.84165513000048,-0.008430713042932435
28.849988460000482,-0.008882277365826991
28.85832179000048,-0.0038935210021536636
28.86665512000048,0.007233641921031776
28.87498845000048,0.024951170717514348
28.88332178000048,0.04934368954787397
28.89165511000048,0.08001787890544265
28.89998844000048,0.11595397006039877
28.90832177000048,0.15578680749621496
28.916655100000483,0.1978891426304106
28.924988430000482,0.24030297935649533
28.93332176000048,0.28097396606904423
28.94165509000048,0.31779368972378813
28.94998842000048,0.3485917554047047
28.958321750000483,0.3713532246256023
28.966655080000482,0.38413692709910546
28.97498841000048,0.38525172790270895
28.983321740000484,0.3732926488357367
28.991655070000483,0.347271747423507
28.999988400000483,0.3067032893989192
29.008321730000482,0.25164899485121467
29.01665506000048,0.18275504927112995
29.024988390000484,0.10135351351578899
29.033321720000483,0.00945562538356231
29.041655050000482,-0.09015733509248847
29.049988380000485,-0.19384547145243053
29.058321710000484,-0.2970758178386224
29.066655040000484,-0.3941501474939904
29.074988370000483,-0.4780129444097627
29.083321700000482,-0.5403111009050984
29.091655030000485,-0.5717939983855552
29.099988360000484,-0.5637020090307924
29.108321690000484,-0.5101293318566379
29.116655020000486,-0.41037215255570864
29.124988350000486,-0.26958425796926244
29.133321680000485,-0.09747399603713441
29.141655010000484,0.0942427245713963
29.149988340000483,0.29379489310273793
29.158321670000486,0.4903757338185584
29.166655000000485,0.6745851788134376
29.174988330000485,0.8386261951305799
29.183321660000487,0.9765202103689697
29.191654990000487,1.0843354733986683
29.199988320000486,1.1602849047076869
29.208321650000485,1.2046019895797524
29.216654980000484,1.2190278943496258
29.224988310000487,1.206355455097547
29.233321640000486,1.1698523669673546
29.241654970000486,1.1128639456316383
29.24998830000049,1.0386105697718422
29.258321630000488,0.9500549972477952
29.266654960000487,0.8498749049178184
29.274988290000486,0.7405178525085372
29.283321620000486,0.6240094078062737
29.29165495000049,0.5015983550583041
29.299988280000488,0.37444803967301027
29.308321610000487,0.2437779971501771
29.31665494000049,0.11091617519150025
29.32498827000049,-0.02277723046813185
29.333321600000488,-0.1559622130223544
29.341654930000487,-0.2873336990714746
29.349988260000487,-0.4155826997576172
29.35832159000049,-0.5394604083563087
29.36665492000049,-0.6578456278902278
29.374988250000488,-0.7697599749894833
29.38332158000049,-0.8743777987470787
29.39165491000049,-0.9710275231664751
29.39998824000049,-1.0591902039910754
29.40832157000049,-1.1384897148877793
29.416654900000488,-1.2086769359374088
29.42498823000049,-1.2696033022855198
29.43332156000049,-1.3211899320939893
29.44165489000049,-1.3634006921709612
29.449988220000492,-1.3962026789598676
29.45832155000049,-1.419522989145108
29.46665488000049,-1.4332204263672113
29.47498821000049,-1.4370534036752813
29.48332154000049,-1.4306557231282029
29.49165487000049,-1.4135417206651761
29.49998820000049,-1.3850750368088496
29.50832153000049,-1.3444029891528642
29.516654860000493,-1.2906124947552473
29.524988190000492,-1.2232512429937723
29.53332152000049,-1.1429329301263988
29.54165485000049,-1.0510486754236925
29.54998818000049,-0.9499348758685474
29.558321510000493,-0.8433479501119026
29.566654840000492,-0.7366868711161183
29.57498817000049,-0.6369439310752991
29.583321500000494,-0.5522548882354026
29.591654830000493,-0.49045587833233434
29.599988160000493,-0.4567875314366373
29.608321490000492,-0.451720990671994
29.61665482000049,-0.47034880230188675
29.624988150000494,-0.503979038504624
29.633321480000493,-0.5425205654953849
29.641654810000492,-0.5767099748175646
29.649988140000495,-0.5994018232840684
29.658321470000494,-0.605916291758223
29.666654800000494,-0.5939173418857119
29.674988130000493,-0.5629096773517039
29.683321460000492,-0.5135991203261445
29.691654790000495,-0.4474180969593349
29.699988120000494,-0.36613549763396824
29.708321450000494,-0.27182761991402227
29.716654780000496,-0.16693608778414165
29.724988110000496,-0.053680485230804875
29.733321440000495,0.06583527371848616
29.741654770000494,0.18970522113910027
29.749988100000493,0.31607232542066904
29.758321430000496,0.4431989686480677
29.766654760000495,0.5694248388935653
29.774988090000495,0.6931323572678304
29.783321420000497,0.8128387946944299
29.791654750000497,0.9271046082200963
29.799988080000496,1.0345921480267866
29.808321410000495,1.1340986234766552
29.816654740000494,1.2244819569353278
29.824988070000497,1.3047158800618448
29.833321400000496,1.373931778909272
29.841654730000496,1.4313623190877873
29.8499880600005,1.4763436134066668
29.858321390000498,1.5083455622963162
29.866654720000497,1.527096235920973
29.874988050000496,1.5324658873776476
29.883321380000496,1.5243978322040894
29.8916547100005,1.5029083082161097
29.899988040000498,1.4680830472320088
29.908321370000497,1.4198720587431797
29.9166547000005,1.3580292229758237
29.9249880300005,1.2823505880537092
29.933321360000498,1.1926807491163205
29.941654690000497,1.0890949026539465
29.949988020000497,0.9718677960917615
29.9583213500005,0.8413604507610138
29.9666546800005,0.6981612868148955
29.974988010000498,0.5431531516514408
29.9833213400005,0.37745362913595365
29.9916546700005,0.20264680392712578
29.9999880000005,0.02086330434617051
30.0083213300005,-0.16518352428979888
30.016654660000498,-0.3520974163888919
30.0249879900005,-0.5356751746952414
30.0333213200005,-0.7109240296682521
30.0416546500005,-0.8722503617269929
30.049987980000502,-1.0139134256008508
30.0583213100005,-1.1307979123379481
30.0666546400005,-1.2194513760603878
30.0749879700005,-1.2789523242658056
30.0833213000005,-1.3112143551170827
30.0916546300005,-1.3205629030873116
30.0999879600005,-1.312859779558414
30.1083212900005,-1.2943157219094936
30.116654620000503,-1.2707449182639536
30.124987950000502,-1.246933302210568
30.1333212800005,-1.226276018027835
30.1416546100005,-1.2107144731871793
30.1499879400005,-1.2008783337272468
30.158321270000503,-1.1964318532570073
30.166654600000502,-1.196214173586102
30.1749879300005,-1.198639950617546
30.183321260000504,-1.201949598485409
30.191654590000503,-1.2043330814548727
30.199987920000503,-1.2040111669788534
30.208321250000502,-1.1992706002153808
30.2166545800005,-1.1884847864687733
30.224987910000504,-1.1701034659978893
30.233321240000503,-1.142725419498462
30.241654570000502,-1.1054058816385106
30.249987900000505,-1.0572112684976116
30.258321230000504,-0.9971560193649528
30.266654560000504,-0.924140968959457
30.274987890000503,-0.8371576319167551
30.283321220000502,-0.7353451681109229
30.291654550000505,-0.6181420955793943
30.299987880000504,-0.48551919573190844
30.308321210000503,-0.3380523776805123
30.316654540000506,-0.17695554416705725
30.324987870000506,-0.004074611840149212
30.333321200000505,0.1781947223978166
30.341654530000504,0.3671685066190574
30.349987860000503,0.5599341003091561
30.358321190000506,0.7535792299263698
30.366654520000505,0.9452649965075416
30.374987850000505,1.132159516806756
30.383321180000507,1.3110974338508523
30.391654510000507,1.478900971019172
30.399987840000506,1.6324966327164023
30.408321170000505,1.768891824878185
30.416654500000504,1.8852508595140645
30.424987830000507,1.9789147759159427
30.433321160000506,2.0477058631719616
30.441654490000506,2.089768850667318
30.44998782000051,2.10354175587891
30.458321150000508,2.0879382276538814
30.466654480000507,2.0424786187189996
30.474987810000506,1.9673035333706954
30.483321140000506,1.8631818057170082
30.49165447000051,1.731529622131154
30.499987800000508,1.5746813372421689
30.508321130000507,1.3956464652283167
30.51665446000051,1.197951596456692
30.52498779000051,0.9854791090791344
30.533321120000508,0.762468627124826
30.541654450000507,0.5334675250975938
30.549987780000507,0.3033258759856057
30.55832111000051,0.07721633178246456
30.56665444000051,-0.13951391648386263
30.574987770000508,-0.3415131500854564
30.58332110000051,-0.524050740980436
30.59165443000051,-0.6832320721333809
30.59998776000051,-0.8163060936320533
30.60832109000051,-0.9219321359004179
30.616654420000508,-1.0003045963831039
30.62498775000051,-1.0527632860864442
30.63332108000051,-1.0814193500078566
30.64165441000051,-1.088934009096665
30.649987740000512,-1.078258875383152
30.65832107000051,-1.0521363713012482
30.66665440000051,-1.0131628774459125
30.67498773000051,-0.9637570920631164
30.68332106000051,-0.9062049126601026
30.69165439000051,-0.8428461457423847
30.69998772000051,-0.7761504232117876
30.70832105000051,-0.7086945378229529
30.716654380000513,-0.6431449955228276
30.724987710000512,-0.5821209014601952
30.73332104000051,-0.5278946825612876
30.74165437000051,-0.48213563272968163
30.74998770000051,-0.4455427123062216
30.758321030000513,-0.41773066777818085
30.766654360000512,-0.39732975312609053
30.77498769000051,-0.3823776895835417
30.783321020000514,-0.37067870869516195
30.791654350000513,-0.36013516822342573
30.799987680000513,-0.34905639878964456
30.808321010000512,-0.3363250105416097
30.81665434000051,-0.3212817654971961
30.824987670000514,-0.30374599502068417
30.833321000000513,-0.28385470954839354
30.841654330000512,-0.26199048090491084
30.849987660000515,-0.23862195212008996
30.858320990000514,-0.21432300413613936
30.866654320000514,-0.18973827073432328
30.874987650000513,-0.16591075791151716
30.883320980000512,-0.14381710224635605
30.891654310000515,-0.12429474090282926
30.899987640000514,-0.10798181219245118
30.908320970000513,-0.09539271661339026
30.916654300000516,-0.08689967776134773
30.924987630000516,-0.08262573504594198
30.933320960000515,-0.0825692674516998
30.941654290000514,-0.0867047760901114
30.949987620000513,-0.0949760568851381
30.958320950000516,-0.10715506220196241
30.966654280000515,-0.12278175089284415
30.974987610000515,-0.14127232500690382
30.983320940000517,-0.1619060819190969
30.991654270000517,-0.18375567008679172
30.999987600000516,-0.205762721081513
31.008320930000515,-0.22665734645867844
31.016654260000514,-0.24502709081149623
31.024987590000517,-0.25928938582843775
31.033320920000516,-0.26775919291150896
31.041654250000516,-0.2687443315791277
31.04998758000052,-0.26060790786025867
31.058320910000518,-0.24200360958324726
31.066654240000517,-0.21193277333248636
31.074987570000516,-0.16990077459592964
31.083320900000516,-0.11604724380996861
31.09165423000052,-0.05118200283443332
31.099987560000518,0.022653365852391062
31.108320890000517,0.10235904739203878
31.11665422000052,0.18412441627844514
31.12498755000052,0.2635322531932391
31.133320880000518,0.3356691467383862
31.141654210000517,0.39510021205246537
31.149987540000517,0.436199666542413
31.15832087000052,0.4536326408972618
31.16665420000052,0.44318253382740574
31.174987530000518,0.4029000144095178
31.18332086000052,0.3339698923594401
31.19165419000052,0.24139305288671464
31.19998752000052,0.13374315277693688
31.20832085000052,0.022591167459047677
31.216654180000518,-0.07854533784305774
31.22498751000052,-0.155847350158334
31.23332084000052,-0.19787559938716834
31.24165417000052,-0.1986310760133601
31.249987500000522,-0.15926700415100528
31.25832083000052,-0.08680159885458241
31.26665416000052,0.008873244949743175
31.27498749000052,0.11791629469365658
31.28332082000052,0.2319883719990549
31.29165415000052,0.3446415241841588
31.29998748000052,0.4511464311068192
31.30832081000052,0.5481411409809106
31.316654140000523,0.633305928322073
31.324987470000522,0.7051609119647942
31.33332080000052,0.7634405917430361
31.34165413000052,0.8083718500407628
31.34998746000052,0.840308174067901
31.358320790000523,0.8596344887610634
31.366654120000522,0.8668035878120677
31.37498745000052,0.8623555749121746
31.383320780000524,0.8468396914757714
31.391654110000523,0.8208063649226371
31.399987440000523,0.784855005759278
31.408320770000522,0.7395422050318844
31.41665410000052,0.6851976745321401
31.424987430000524,0.622146925732327
31.433320760000523,0.5507641975371896
31.441654090000522,0.4714699432861689
31.449987420000525,0.38472788602075475
31.458320750000524,0.2910426694016335
31.466654080000524,0.1909564809061865
31.474987410000523,0.08504530692865053
31.483320740000522,-0.02584967680107539
31.491654070000525,-0.14015098956594746
31.499987400000524,-0.25591887311878125
31.508320730000523,-0.37090915459761675
31.516654060000526,-0.48254674165564065
31.524987390000526,-0.5879184317101879
31.533320720000525,-0.6838203082782539
31.541654050000524,-0.7668726522205589
31.549987380000523,-0.8337280527292029
31.558320710000526,-0.8813957607640556
31.566654040000525,-0.9076604826845688
31.574987370000525,-0.911393482418499
31.583320700000527,-0.8931610516593521
31.591654030000527,-0.8552780114509067
31.599987360000526,-0.8013646934055554
31.608320690000525,-0.7360271374638103
31.616654020000524,-0.6645613290932991
31.624987350000527,-0.5927097420634125
31.633320680000526,-0.5264855659735055
31.641654010000526,-0.47189937281136385
31.64998734000053,-0.4344801103450212
31.658320670000528,-0.41854550007995
31.666654000000527,-0.42650457190916796
31.674987330000526,-0.4581363539037216
31.683320660000525,-0.5103485707117849
31.69165399000053,-0.5776398647246854
31.699987320000528,-0.6527264032280228
31.708320650000527,-0.7272803776849525
31.71665398000053,-0.7926227898426133
31.72498731000053,-0.8404493127112467
31.733320640000528,-0.8637213682737408
31.741653970000527,-0.8576258883461437
31.749987300000527,-0.8203654118272901
31.75832063000053,-0.7531880973341982
31.76665396000053,-0.6597930170276174
31.774987290000528,-0.545164215777814
31.78332062000053,-0.414634109257487
31.79165395000053,-0.27322654321894646
31.79998728000053,-0.12530465028274737
31.80832061000053,0.025495907222295843
31.816653940000528,0.17621334593658744
31.82498727000053,0.3244689454320525
31.83332060000053,0.46833410974791184
31.84165393000053,0.6062764412964171
31.849987260000532,0.7370926498394079
31.85832059000053,0.8597963717936525
31.86665392000053,0.9736034245375624
31.87498725000053,1.0779034001398806
31.88332058000053,1.1722345021894647
31.89165391000053,1.2563113614416825
31.89998724000053,1.3299842192856537
31.90832057000053,1.3931815415209787
31.916653900000533,1.4458907082116934
31.924987230000532,1.4882048327659019
31.93332056000053,1.5202949075005785
31.94165389000053,1.5423073373495557
31.94998722000053,1.5543687925618592
31.958320550000533,1.5565950019618169
31.966653880000532,1.5491269129966856
31.97498721000053,1.5320768833630714
31.983320540000534,1.5055010172589463
31.991653870000533,1.4694035820200682
31.999987200000533,1.4237392738869412
32.00832053000053,1.3684173437983844
32.01665386000053,1.303291166607006
32.02498719000053,1.228192931457903
32.03332052000053,1.14302158435927
32.041653850000536,1.047762187699294
32.049987180000535,0.9424730065136071
32.058320510000534,0.8273038301367054
32.066653840000534,0.7025131120877248
32.07498717000053,0.5685109495605617
32.08332050000053,0.42590198571685006
32.09165383000053,0.2753917909882827
32.09998716000054,0.1177950756740573
32.10832049000054,-0.04593723532780161
32.116653820000536,-0.21470422436722722
32.124987150000536,-0.3872404387449972
32.133320480000535,-0.5621314182212749
32.141653810000534,-0.7378321993179542
32.14998714000053,-0.9125817523441395
32.15832047000053,-1.0843629312528906
32.16665380000053,-1.2508233232053947
32.17498713000054,-1.409133320952637
32.18332046000054,-1.5559030983939501
32.19165379000054,-1.6869596545602263
32.199987120000536,-1.7972279825113873
32.208320450000535,-1.8807581638688433
32.216653780000534,-1.9311291102586792
32.224987110000534,-1.9423305699819395
32.23332044000054,-1.910183837866307
32.24165377000054,-1.833860436112063
32.24998710000054,-1.7165103182185042
32.25832043000054,-1.5649680247407094
32.26665376000054,-1.3884352738421075
32.274987090000536,-1.197176025146458
32.283320420000535,-1.0015809093595383
32.291653750000535,-0.8115727752172699
32.299987080000534,-0.6361311289107341
32.30832041000054,-0.4826438488478596
32.31665374000054,-0.35612870593441703
32.32498707000054,-0.25863294978317763
32.33332040000054,-0.1893285540572317
32.34165373000054,-0.1449725087169268
32.34998706000054,-0.12088343203248139
32.358320390000536,-0.11184021469986549
32.36665372000054,-0.1126752704097274
32.37498705000054,-0.11847802031127193
32.38332038000054,-0.12472186037274323
32.39165371000054,-0.1272229238481362
32.39998704000054,-0.1221446017855615
32.40832037000054,-0.10633392194754518
32.41665370000054,-0.07780302625597402
32.42498703000054,-0.035263845291974134
32.433320360000536,0.021819814770141645
32.44165369000054,0.09301797063058741
32.44998702000054,0.17694887661863032
32.45832035000054,0.2715475591960666
32.46665368000054,0.37418797155439765
32.47498701000054,0.4820205286218813
32.48332034000054,0.592170192183914
32.49165367000054,0.7019017258492258
32.499987000000544,0.8087127836859473
32.508320330000544,0.9103810581400018
32.51665366000054,1.0049683507487464
32.52498699000054,1.0907961277303275
32.53332032000054,1.1664588188343974
32.54165365000054,1.2310333499529376
32.54998698000054,1.2840992500307495
32.55832031000054,1.3253228451851138
32.56665364000054,1.3544327055921748
32.574986970000545,1.3712265191201751
32.583320300000544,1.375573370414839
32.59165363000054,1.3674104156874751
32.59998696000054,1.3467480110761607
32.60832029000054,1.313500074190181
32.61665362000054,1.2672265648419672
32.62498695000054,1.207468693602549
32.63332028000055,1.1337176711745525
32.641653610000546,1.0454880466352434
32.649986940000545,0.9422681222997618
32.658320270000544,0.8236695440788367
32.666653600000544,0.6899527569450246
32.67498693000054,0.5421234084867984
32.68332026000054,0.3818330590944157
32.69165359000054,0.21153635838756468
32.69998692000054,0.034827276309470134
32.70832025000055,-0.1433098249283603
32.716653580000546,-0.316352157735446
32.724986910000545,-0.4763361114768765
32.733320240000545,-0.6144536997997311
32.741653570000544,-0.7225799826098754
32.74998690000054,-0.7955060025143273
32.75832023000054,-0.8329841249145106
32.76665356000055,-0.840089744249334
32.77498689000055,-0.8255175237782949
32.78332022000055,-0.7992416532340019
32.79165355000055,-0.7704951672235157
32.799986880000546,-0.7465475929380994
32.808320210000545,-0.7321297166223841
32.816653540000544,-0.729432807177563
32.824986870000544,-0.7384114031326456
32.83332020000054,-0.7573656853674843
32.84165353000055,-0.783554824469916
32.84998686000055,-0.8137890066854558
32.85832019000055,-0.8448204682555794
32.86665352000055,-0.873617023913195
32.874986850000546,-0.8975206952788934
32.883320180000545,-0.9143315856633797
32.891653510000545,-0.9223418626610891
32.89998684000055,-0.9203426924167326
32.90832017000055,-0.9077845858121169
32.91665350000055,-0.8850141987978742
32.92498683000055,-0.852724191612954
32.93332016000055,-0.8118492780638927
32.94165349000055,-0.7634530243130824
32.94998682000055,-0.7086617982571997
32.958320150000546,-0.6487071335591085
32.966653480000545,-0.5847890699183588
32.97498681000055,-0.5180805862140445
32.98332014000055,-0.4497344046550043
32.99165347000055,-0.3807735456664113
32.99998680000055,-0.31216374143607356
33.00832013000055,-0.24480356508357265
33.01665346000055,-0.17945019933295814
33.02498679000055,-0.11675724899968704
33.03332012000055,-0.05728536663075383
33.04165345000055,-0.001488237131991146
33.04998678000055,0.05029854010288501
33.05832011000055,0.09786365614375132
33.06665344000055,0.1411260723773639
33.07498677000055,0.18013600812693947
33.08332010000055,0.21510739484346708
33.09165343000055,0.24647067525152755
33.09998676000055,0.2748039607696477
33.108320090000554,0.3009232568037041
33.11665342000055,0.3258452521894803
33.12498675000055,0.3508334693496659
33.13332008000055,0.3772027729587521
33.14165341000055,0.4058957975493889
33.14998674000055,0.4376693942298325
33.15832007000055,0.4729770612088725
33.166653400000556,0.5118549498927724
33.174986730000555,0.553613263178107
33.183320060000554,0.5966929271891404
33.19165339000055,0.6386138977156198
33.19998672000055,0.6759000317706777
33.20832005000055,0.704270609023341
33.21665338000055,0.7191270465300009
33.22498671000055,0.7161520671803414
33.23332004000055,0.6919404222651707
33.241653370000556,0.6446656328081287
33.249986700000555,0.5745174456079528
33.258320030000554,0.48363284523140293
33.266653360000554,0.3755049075164521
33.27498669000055,0.25443992465596305
33.28332002000055,0.1249574224211853
33.29165335000055,-0.008600841061542927
33.29998668000056,-0.14226392409513017
33.30832001000056,-0.27246740947481657
33.316653340000556,-0.3960101807870176
33.324986670000555,-0.5099054921989227
33.333320000000555,-0.6112641906281591
33.341653330000554,-0.697402431611132
33.34998666000055,-0.7661338317607072
33.35831999000055,-0.8153172222845786
33.36665332000055,-0.8429612494371145
33.37498665000056,-0.8473273797819102
33.38331998000056,-0.8273253578130892
33.39165331000056,-0.7827964256549034
33.399986640000556,-0.7146476908769118
33.408319970000555,-0.6248712664726694
33.416653300000554,-0.5162514704367213
33.424986630000554,-0.39215431283927144
33.43331996000056,-0.25616971954674544
33.44165329000056,-0.11187164126604082
33.44998662000056,0.037209631517674736
33.45831995000056,0.18726288385956139
33.46665328000056,0.3345623867116049
33.474986610000556,0.47552936428827347
33.483319940000555,0.6067327081276189
33.491653270000555,0.72487920896886
33.499986600000554,0.8268499180224391
33.50831993000056,0.909953759026045
33.51665326000056,0.9720881962457599
33.52498659000056,1.0114508616028313
33.53331992000056,1.0267826867535117
33.54165325000056,1.0174433489115977
33.54998658000056,0.9834612803332772
33.558319910000556,0.925542956488683
33.56665324000056,0.8450152393173599
33.57498657000056,0.7437706897122018
33.58331990000056,0.6239959167325202
33.59165323000056,0.4882245101535291
33.59998656000056,0.33952123564086006
33.60831989000056,0.181133170067345
33.61665322000056,0.016434286124939405
33.62498655000056,-0.15114683090474834
33.633319880000556,-0.31810261361705766
33.64165321000056,-0.48091613421761775
33.64998654000056,-0.6364479750941833
33.65831987000056,-0.781594929494143
33.66665320000056,-0.9132401693053018
33.67498653000056,-1.0284056457522355
33.68331986000056,-1.1245362554931595
33.69165319000056,-1.1996153805002212
33.699986520000564,-1.2524418206147203
33.708319850000564,-1.2826837856134286
33.71665318000056,-1.2908291872529274
33.72498651000056,-1.2780717215902715
33.73331984000056,-1.246005611379849
33.74165317000056,-1.196487421967416
33.74998650000056,-1.1314504074110439
33.75831983000056,-1.0527548587863123
33.76665316000056,-0.9623228396636261
33.774986490000565,-0.8624840175930033
33.783319820000564,-0.7557725339461289
33.79165315000056,-0.6448261576799144
33.79998648000056,-0.5323435158656704
33.80831981000056,-0.4211429938607086
33.81665314000056,-0.3141621068499182
33.82498647000056,-0.21437830241414396
33.83331980000057,-0.12464216093047259
33.841653130000566,-0.04737292462035721
33.849986460000565,0.015739877033622073
33.858319790000564,0.06402084933388061
33.866653120000564,0.0982280558901869
33.87498645000056,0.12050627436006608
33.88331978000056,0.13437076357210678
33.89165311000056,0.14444922207017113
33.89998644000056,0.15587374360502265
33.90831977000057,0.17373059300790486
33.916653100000566,0.20237932614651005
33.924986430000565,0.2447978732251456
33.933319760000565,0.3022242741683717
33.941653090000564,0.37416136406979034
33.94998642000056,0.45847939492329154
33.95831975000056,0.5521231257557812
33.96665308000057,0.6515522565826025
33.97498641000057,0.7531495205846486
33.98331974000057,0.8535827819466266
33.99165307000057,0.9499520013678918
33.999986400000566,1.0398214311412435
34.008319730000565,1.1212030463147449
34.016653060000564,1.1924955971217475
34.024986390000564,1.2524087570011493
34.03331972000056,1.2999874567574474
34.04165305000057,1.3345231253678151
34.04998638000057,1.3555920851761778
34.05831971000057,1.3629532310675272
34.06665304000057,1.3565156645315073
34.074986370000566,1.3364651831370298
34.083319700000565,1.30317419405513
34.091653030000565,1.2570857299904599
34.09998636000057,1.1987055949503127
34.10831969000057,1.1285966345407015
34.11665302000057,1.0473296778526302
34.12498635000057,0.9553984003178555
34.13331968000057,0.8533338499492137
34.14165301000057,0.7418491853840455
34.14998634000057,0.6218712337890977
34.158319670000566,0.49442740759933457
34.166653000000565,0.36063232122617267
34.17498633000057,0.2217048306406824
34.18331966000057,0.07900890403846941
34.19165299000057,-0.0660307576987365
34.19998632000057,-0.21192082855725347
34.20831965000057,-0.35704049431082213
34.21665298000057,-0.4997514884630549
34.22498631000057,-0.6383525571096167
34.23331964000057,-0.7711088491917784
34.24165297000057,-0.8965300331200544
34.24998630000057,-1.0132045938996148
34.25831963000057,-1.1197994751794802
34.26665296000057,-1.2150392100201026
34.27498629000057,-1.297700443311621
34.28331962000057,-1.366574335932072
34.29165295000057,-1.4204043663913264
34.29998628000057,-1.4578755337892182
34.308319610000574,-1.477637553460706
34.31665294000057,-1.4783930130388554
34.32498627000057,-1.4591870177586712
34.33331960000057,-1.4197729425444887
34.34165293000057,-1.3610608979215486
34.34998626000057,-1.2854967923679104
34.35831959000057,-1.1972109392908528
34.366652920000575,-1.101639869725879
34.374986250000575,-1.0046467102811674
34.383319580000574,-0.9115037200931347
34.39165291000057,-0.8259943880677568
34.39998624000057,-0.7499503713874506
34.40831957000057,-0.6833938997039988
34.41665290000057,-0.6250220249674816
34.42498623000057,-0.5729262492587581
34.43331956000057,-0.5250929611406159
34.441652890000576,-0.47975415650248737
34.449986220000575,-0.4355217369626692
34.458319550000574,-0.3913900584599032
34.466652880000574,-0.34669128888302553
34.47498621000057,-0.30102118407026895
34.48331954000057,-0.25421046201675435
34.49165287000057,-0.20684097646366875
34.49998620000058,-0.15964629061571775
34.50831953000058,-0.11316500217349236
34.516652860000576,-0.06778302502761283
34.524986190000575,-0.0237481471417699
34.533319520000575,0.018831727042581955
34.541652850000574,0.05997625051642146
34.54998618000057,0.09983937785388415
34.55831951000057,0.1387389516445673
34.56665284000057,0.17708627393866316
34.57498617000058,0.21534734166045
34.58331950000058,0.2540574504799885
34.59165283000058,0.2938283081522274
34.599986160000576,0.3352220031830865
34.608319490000575,0.3787221904594355
34.616652820000574,0.4247660482532763
34.624986150000574,0.47362453074237193
34.63331948000058,0.5253446262270535
34.64165281000058,0.5797333577589606
34.64998614000058,0.6363558150395888
34.65831947000058,0.6945381271470796
34.66665280000058,0.7533805775292933
34.674986130000576,0.8117965375439062
34.683319460000575,0.8686364885143243
34.691652790000575,0.9227101912953631
34.699986120000574,0.9727762641600638
34.70831945000058,1.01767236734905
34.71665278000058,1.0561704061168886
34.72498611000058,1.086213740425677
34.73331944000058,1.1053450964201559
34.74165277000058,1.1108376188472786
34.74998610000058,1.0996169674472924
34.758319430000576,1.0682896778727557
34.76665276000058,1.0132759888602871
34.77498609000058,0.9310534846784847
34.78331942000058,0.8186347556989693
34.79165275000058,0.6742514173607166
34.79998608000058,0.4979914746362004
34.80831941000058,0.2922953380013311
34.81665274000058,0.061991306814539515
34.82498607000058,-0.18586350261192355
34.833319400000576,-0.44245966084032295
34.84165273000058,-0.6976013656984532
34.84998606000058,-0.9399923544527506
34.85831939000058,-1.1577235862823645
34.86665272000058,-1.3393708079595965
34.87498605000058,-1.475935210180992
34.88331938000058,-1.5628694947766157
34.89165271000058,-1.601172620128619
34.899986040000584,-1.5963414047866555
34.908319370000584,-1.556202416463682
34.91665270000058,-1.4888976331773653
34.92498603000058,-1.401762629430593
34.93331936000058,-1.3009925751963352
34.94165269000058,-1.1916007381805078
34.94998602000058,-1.0776217232580418
34.95831935000058,-0.9624022038362817
34.96665268000058,-0.8486774701168877
34.974986010000585,-0.7386659559935823
34.983319340000584,-0.6341060581992848
34.99165267000058,-0.5363216170029281
34.99998600000058,-0.44623945570138907
35.00831933000058,-0.3643691083357813
35.01665266000058,-0.2908273485708745
35.02498599000058,-0.22542839022666825
35.03331932000059,-0.1677103718033482
35.041652650000586,-0.11694775341324988
35.049985980000585,-0.07215571264197068
35.058319310000584,-0.03227580528749457
35.066652640000584,0.0038106528767858083
35.07498597000058,0.03727794829752487
35.08331930000058,0.06928500356833006
35.09165263000058,0.10092577797612945
35.09998596000058,0.1331722964930288
35.10831929000059,0.16680476097167682
35.116652620000586,0.2024608226604936
35.124985950000585,0.2405589319931515
35.133319280000585,0.2812664073070308
35.141652610000584,0.32448317933891757
35.14998594000058,0.36982298944197894
35.15831927000058,0.41662131909902034
35.16665260000059,0.4640767243245056
35.17498593000059,0.5112873839183646
35.18331926000059,0.5571811792520914
35.19165259000059,0.6005863589635012
35.199985920000586,0.6403620941547837
35.208319250000585,0.6754245901329757
35.216652580000584,0.7047286574341655
35.22498591000058,0.7273089194279992
35.23331924000058,0.7423107490243643
35.24165257000059,0.7490234407085098
35.24998590000059,0.7469154790292064
35.25831923000059,0.7356592291303858
35.26665256000059,0.7151062997447374
35.274985890000586,0.6853693613666852
35.283319220000585,0.6468717336064759
35.291652550000585,0.6003336510027051
35.29998588000059,0.5468862110135294
35.30831921000059,0.48796189499292547
35.31665254000059,0.42537177241160995
35.32498587000059,0.36127583476309144
35.33331920000059,0.2980828140223705
35.34165253000059,0.23828433429282228
35.34998586000059,0.18421952539518166
35.358319190000586,0.13768960918864317
35.366652520000585,0.09970939779875046
35.37498585000059,0.07030572577409375
35.38331918000059,0.04845941134145695
35.39165251000059,0.032340862139588825
35.39998584000059,0.01956536806447758
35.40831917000059,0.007439128316534982
35.41665250000059,-0.00657848776344921
35.42498583000059,-0.024582628309758395
35.43331916000059,-0.04806286255779127
35.44165249000059,-0.07772112198219776
35.44998582000059,-0.11340227634946379
35.45831915000059,-0.15416126309373232
35.46665248000059,-0.19831093191042742
35.47498581000059,-0.2433133723000208
35.48331914000059,-0.28592650796636804
35.49165247000059,-0.3223900490697708
35.49998580000059,-0.34855740194804935
35.508319130000594,-0.36037539775795013
35.51665246000059,-0.3543712568808532
35.52498579000059,-0.3282411855444977
35.53331912000059,-0.2813088659938437
35.54165245000059,-0.21482455102854575
35.54998578000059,-0.1316534421292691
35.55831911000059,-0.03587018212470798
35.566652440000595,0.06790438910205292
35.574985770000595,0.17503054608784324
35.583319100000594,0.28120069533813674
35.59165243000059,0.3826013722640679
35.59998576000059,0.47592597358698213
35.60831909000059,0.5584345829320906
35.61665242000059,0.6279491286691153
35.62498575000059,0.6828299916518653
35.63331908000059,0.7222140535335104
35.641652410000596,0.7460143600641281
35.649985740000595,0.754421878600962
35.658319070000594,0.7478599211397078
35.666652400000594,0.7269213365259513
35.67498573000059,0.6923073664149272
35.68331906000059,0.6448715083257363
35.69165239000059,0.5855833881926512
35.6999857200006,0.5154211505431416
35.7083190500006,0.43542414953097125
35.716652380000596,0.34667246236423493
35.724985710000595,0.25020687058443075
35.733319040000595,0.14709191146157102
35.741652370000594,0.03833060000635098
35.74998570000059,-0.07536989654772078
35.75831903000059,-0.1933483978646124
35.76665236000059,-0.3149194212971465
35.7749856900006,-0.43914818087523894
35.7833190200006,-0.5642752141604103
35.7916523500006,-0.6880332105791096
35.799985680000596,-0.8076392645452921
35.808319010000595,-0.9196602745107713
35.816652340000594,-1.0198680209409414
35.82498567000059,-1.1031638991748163
35.8333190000006,-1.1636843340051612
35.8416523300006,-1.1952354043844766
35.8499856600006,-1.1921926674738035
35.8583189900006,-1.1507812108753877
35.8666523200006,-1.0701309473277674
35.874985650000596,-0.9529108806226146
35.883318980000595,-0.8053046952945252
35.891652310000595,-0.635508959605679
35.899985640000594,-0.45257028359759194
35.9083189700006,-0.26584694999232505
35.9166523000006,-0.0848561455335037
35.9249856300006,0.0807295125653928
35.9333189600006,0.22140481494522343
35.9416522900006,0.32867283218966586
35.9499856200006,0.39653575711567035
35.958318950000596,0.4228983419414999
35.9666522800006,0.41021863356645655
35.9749856100006,0.36478342453431106
35.9833189400006,0.2951785516447491
35.9916522700006,0.21095897148638668
35.9999856000006,0.12180683898713096
36.0083189300006,0.03713662572569006
36.0166522600006,-0.03417064781729304
36.0249855900006,-0.08429022182610801
36.033318920000596,-0.10726461411135958
36.0416522500006,-0.09998411063858112
36.0499855800006,-0.06291242126731948
36.0583189100006,0.0003436085638714913
36.0666522400006,0.08450150959459672
36.0749855700006,0.1836890786302888
36.0833189000006,0.29228592681288124
36.0916522300006,0.4053906433157669
36.099985560000604,0.5189305978622903
36.108318890000604,0.6296087681887524
36.1166522200006,0.7347860068906761
36.1249855500006,0.8323570381658063
36.1333188800006,0.9207600901352997
36.1416522100006,0.9992844366732906
36.1499855400006,1.0674838188458362
36.1583188700006,1.1249671491151982
36.1666522000006,1.1714020220981778
36.174985530000605,1.206517461433801
36.183318860000604,1.2301050453508657
36.1916521900006,1.2419650041004486
36.1999855200006,1.2417177580025693
36.2083188500006,1.228970675700792
36.2166521800006,1.2033955485510424
36.2249855100006,1.16471667981363
36.23331884000061,1.1126603900094003
36.241652170000606,1.0470213719586907
36.249985500000605,0.9676902194368927
36.258318830000604,0.8746337622444577
36.2666521600006,0.7678743967837833
36.2749854900006,0.6477034555140079
36.2833188200006,0.5151656480308723
36.2916521500006,0.3717646630539557
36.2999854800006,0.21940902011023974
36.30831881000061,0.06044022527971889
36.316652140000606,-0.10233744696024767
36.324985470000605,-0.26563768051095765
36.333318800000605,-0.4257420308293654
36.341652130000604,-0.5786451496729911
36.3499854600006,-0.7203183670923192
36.3583187900006,-0.8470986311033615
36.36665212000061,-0.9560940321996867
36.37498545000061,-1.0456813534623457
36.38331878000061,-1.1156446508060311
36.39165211000061,-1.1670956933822614
36.399985440000606,-1.2023383412984114
36.408318770000605,-1.2242814750584956
36.416652100000604,-1.235928637956633
36.4249854300006,-1.240009700861848
36.4333187600006,-1.2387693666859463
36.44165209000061,-1.233686830736845
36.44998542000061,-1.2253216765868986
36.45831875000061,-1.2133674867856508
36.46665208000061,-1.19668080051633
36.474985410000606,-1.1735353420670795
36.483318740000605,-1.1417980896809525
36.491652070000605,-1.0991920292726718
36.49998540000061,-1.0438565822808736
36.50831873000061,-0.9744947505689355
36.51665206000061,-0.8906442522547211
36.52498539000061,-0.792841731209533
36.53331872000061,-0.6825440444190012
36.54165205000061,-0.5620076406363307
36.54998538000061,-0.43387617742892287
36.558318710000606,-0.30095537154989727
36.566652040000605,-0.16596839919054782
36.57498537000061,-0.03142863226608374
36.58331870000061,0.10040507339556269
36.59165203000061,0.22760323767117535
36.59998536000061,0.3486169405840999
36.60831869000061,0.4622052292987562
36.61665202000061,0.5674480805349322
36.62498535000061,0.6635926700414676
36.63331868000061,0.7501355689497761
36.64165201000061,0.8268421755102053
36.64998534000061,0.893683615389508
36.65831867000061,0.9507629371699666
36.66665200000061,0.9983424770750047
36.67498533000061,1.0369005865586236
36.68331866000061,1.0670692072409786
36.69165199000061,1.0896067015389805
36.69998532000061,1.1053776472109946
36.708318650000614,1.1152553705127166
36.71665198000061,1.1202652524196526
36.72498531000061,1.121530584499754
36.73331864000061,1.1202177324976974
36.74165197000061,1.1174962606882324
36.74998530000061,1.1143659668847188
36.75831863000061,1.1116880404075753
36.766651960000615,1.109965529599079
36.774985290000615,1.1091148940937747
36.783318620000614,1.1085939645698197
36.79165195000061,1.1074462515575603
36.79998528000061,1.1042781187387885
36.80831861000061,1.0974354919297533
36.81665194000061,1.0850409098398286
36.82498527000061,1.0650093154957685
36.83331860000061,1.0352976894214354
36.841651930000616,0.9938004978439288
36.849985260000615,0.9386265014806484
36.858318590000614,0.8680713962491898
36.86665192000061,0.7808106626588972
36.87498525000061,0.6759821782126956
36.88331858000061,0.55326230705422
36.89165191000061,0.41297487721626863
36.89998524000062,0.25612569685647285
36.90831857000062,0.08440793824537476
36.916651900000616,-0.09991276663997702
36.924985230000615,-0.29404072819548144
36.933318560000615,-0.49461016658343926
36.941651890000614,-0.6978999682619498
36.94998522000061,-0.899672668341236
36.95831855000061,-1.0952239634655871
36.96665188000061,-1.2792144277636355
36.97498521000062,-1.4456734960789082
36.98331854000062,-1.5879316953335978
36.99165187000062,-1.6989745250679547
36.999985200000616,-1.7721162369221828
37.008318530000615,-1.8020582873089823
37.016651860000614,-1.786240479005012
37.02498519000061,-1.7255356149743475
37.03331852000062,-1.624265058468334
37.04165185000062,-1.4892428467015986
37.04998518000062,-1.3285207157484482
37.05831851000062,-1.1504149427782822
37.06665184000062,-0.9629682197666324
37.074985170000616,-0.7737185831307994
37.083318500000615,-0.5896235669045856
37.091651830000615,-0.4169498594639677
37.099985160000614,-0.26104617020779647
37.10831849000062,-0.12599280676261151
37.11665182000062,-0.014294068157573345
37.12498515000062,0.07324836706000713
37.13331848000062,0.1373682834408758
37.14165181000062,0.18011225508170814
37.14998514000062,0.20431166281913696
37.158318470000616,0.21316009387487142
37.16665180000062,0.2098712065579261
37.17498513000062,0.19749376010384534
37.18331846000062,0.17890066945587432
37.19165179000062,0.15668074792948383
37.19998512000062,0.13311370023407132
37.20831845000062,0.11015270249338475
37.21665178000062,0.08893751248473808
37.22498511000062,0.07029636683791762
37.233318440000616,0.05499106897942045
37.24165177000062,0.04366840517985161
37.24998510000062,0.036764534114835296
37.25831843000062,0.03449146558065274
37.26665176000062,0.03683210164765803
37.27498509000062,0.043535174090704176
37.28331842000062,0.05412649669566802
37.29165175000062,0.06797204907032012
37.299985080000624,0.08437753156776268
37.30831841000062,0.10255530111855549
37.31665174000062,0.12165357863657017
37.32498507000062,0.140878516187366
37.33331840000062,0.15950976136734055
37.34165173000062,0.17687560515799036
37.34998506000062,0.192392036719539
37.35831839000062,0.20562824935259524
37.36665172000062,0.2163104987827236
37.374985050000625,0.2243068856587997
37.383318380000624,0.22964553402690951
37.39165171000062,0.23254318757838952
37.39998504000062,0.2334524057998655
37.40831837000062,0.2330154347619675
37.41665170000062,0.2320596806543517
37.42498503000062,0.23154802811908778
37.43331836000063,0.2319477666017026
37.441651690000626,0.23359180969297713
37.449985020000625,0.23663276465603897
37.458318350000624,0.24099476112747542
37.46665168000062,0.24617524995302942
37.47498501000062,0.2511430529560326
37.48331834000062,0.2541202038500568
37.49165167000062,0.252685979368113
37.49998500000062,0.24380952177749748
37.50831833000063,0.22428100708041948
37.516651660000626,0.19139121890531005
37.524984990000625,0.14368476985583503
37.533318320000625,0.08138636330734556
37.541651650000624,0.006592644577770721
37.54998498000062,-0.07714703710465232
37.55831831000062,-0.16541240443119862
37.56665164000063,-0.2536390051627575
37.57498497000063,-0.3376661347393658
37.58331830000063,-0.4140544045646527
37.59165163000063,-0.4801970297811147
37.599984960000626,-0.5342241990006501
37.608318290000625,-0.5749685579260135
37.616651620000624,-0.6019419416245401
37.62498495000062,-0.6151938372525213
37.63331828000062,-0.61512545795096
37.64165161000063,-0.6025915355504308
37.64998494000063,-0.5786521645626101
37.65831827000063,-0.5449023743536687
37.66665160000063,-0.5030639431290446
37.674984930000626,-0.4548707915637639
37.683318260000625,-0.40195067375169646
37.691651590000625,-0.3458784409701027
37.69998492000063,-0.288073634506511
37.70831825000063,-0.22988010601198414
37.71665158000063,-0.17247565556110714
37.72498491000063,-0.11695836930333357
37.73331824000063,-0.06427991853313192
37.74165157000063,-0.01527673372153195
37.74998490000063,0.029313287774231315
37.758318230000626,0.06908185289178635
37.766651560000625,0.10379783722548924
37.77498489000063,0.13326008131294004
37.78331822000063,0.15729648920053743
37.79165155000063,0.17576525678621344
37.79998488000063,0.18855581380228356
37.80831821000063,0.19558938548951182
37.81665154000063,0.1968157421179066
37.82498487000063,0.19207489089664415
37.83331820000063,0.18105004936951585
37.84165153000063,0.1634378869227043
37.84998486000063,0.138966159602776
37.85831819000063,0.10751322807049062
37.86665152000063,0.06935488475169488
37.87498485000063,0.024988221769459664
37.88331818000063,-0.02478360587825193
37.89165151000063,-0.07887839135141586
37.89998484000063,-0.13587393505477513
37.90831817000063,-0.19387063461170462
37.91665150000063,-0.250421570621167
37.92498483000063,-0.30252449693272426
37.93331816000063,-0.3467265077696813
37.94165149000063,-0.37923538592844597
37.94998482000063,-0.39632080312175166
37.95831815000063,-0.3950309199282484
37.966651480000635,-0.3738834138218823
37.974984810000635,-0.3334165793586347
37.983318140000634,-0.2765203611207981
37.99165147000063,-0.20797043686192845
37.99998480000063,-0.13370456686612756
38.00831813000063,-0.05997723005367815
38.01665146000063,0.007520439330474638
38.02498479000063,0.06427569013822076
38.03331812000063,0.10727120396902957
38.041651450000636,0.1351044337346052
38.049984780000635,0.14785061041293182
38.058318110000634,0.14677522513998528
38.06665144000063,0.13384099553965073
38.07498477000063,0.11146203775244262
38.08331810000063,0.08219503923699309
38.09165143000063,0.04854474666398806
38.09998476000064,0.012878209364682069
38.10831809000064,-0.022557865557182435
38.116651420000636,-0.055657478150091574
38.124984750000635,-0.08450534600159547
38.133318080000635,-0.10751902752839469
38.141651410000634,-0.12371626582212536
38.14998474000063,-0.1321610588482665
38.15831807000063,-0.13198541969633934
38.16665140000063,-0.12246622715245956
38.17498473000064,-0.1030687693606467
38.18331806000064,-0.07346571654121659
38.19165139000064,-0.03358097747599918
38.199984720000636,0.01631812990042484
38.208318050000635,0.07561645419212859
38.216651380000634,0.14341186679593512
38.22498471000063,0.21850174375103
38.23331804000064,0.2993972916303591
38.24165137000064,0.3844553623029651
38.24998470000064,0.47198444647150734
38.25831803000064,0.5602123935360223
38.26665136000064,0.647458577057702
38.274984690000636,0.7320592639896307
38.283318020000635,0.8121372730780417
38.291651350000635,0.8854910336854122
38.299984680000634,0.9499049936453141
38.30831801000064,1.0032096942191202
38.31665134000064,1.0432017992456037
38.32498467000064,1.0677663837298113
38.33331800000064,1.074902124353633
38.34165133000064,1.062755769718693
38.349984660000636,1.029814815774123
38.358317990000636,0.9749423172700818
38.36665132000064,0.8975908013392773
38.37498465000064,0.7979179358787776
38.38331798000064,0.6768070137730345
38.39165131000064,0.5358786589398431
38.39998464000064,0.37753894265159416
38.40831797000064,0.2047834653083723
38.41665130000064,0.021057209477027754
38.42498463000064,-0.16981042745811453
38.433317960000636,-0.3637442526724772
38.44165129000064,-0.5565284993839964
38.44998462000064,-0.743880992184519
38.45831795000064,-0.9215942829555887
38.46665128000064,-1.0856578998191437
38.47498461000064,-1.232473020462782
38.48331794000064,-1.3590530867319988
38.49165127000064,-1.4631238795079018
38.499984600000644,-1.543430474935903
38.50831793000064,-1.5996991300003973
38.51665126000064,-1.6323839801564106
38.52498459000064,-1.642491981202674
38.53331792000064,-1.6313323324616955
38.54165125000064,-1.6005864011087982
38.54998458000064,-1.552059428081591
38.55831791000064,-1.487423586302102
38.56665124000064,-1.408317339473971
38.574984570000645,-1.3163296413078351
38.583317900000644,-1.2129721816806402
38.59165123000064,-1.0997699599265103
38.59998456000064,-0.9782692312953553
38.60831789000064,-0.8501234748340025
38.61665122000064,-0.7171292402974507
38.62498455000064,-0.5811462573464723
38.63331788000065,-0.44413828657107657
38.641651210000646,-0.3080895257953011
38.649984540000645,-0.1749878526250223
38.658317870000644,-0.046555959019421334
38.66665120000064,0.07577688226829199
38.67498453000064,0.19098037757865724
38.68331786000064,0.2985196956151758
38.69165119000064,0.3982368205588144
38.69998452000064,0.49025357902248073
38.70831785000065,0.574925747293802
38.716651180000646,0.6526659135020374
38.724984510000645,0.7239168628967536
38.733317840000645,0.7889303016051926
38.741651170000644,0.8478663538196023
38.74998450000064,0.9008224887729678
38.75831783000064,0.9477011164434215
38.76665116000065,0.9884043126980063
38.77498449000065,1.0227517135257849
38.78331782000065,1.0505499092797763
38.79165115000065,1.0716283996688312
38.799984480000646,1.0858224722505012
38.808317810000645,1.092693845898375
38.816651140000644,1.0917891968147762
38.82498447000064,1.0827966992366238
38.83331780000064,1.0655334603709017
38.84165113000065,1.0399472318305647
38.84998446000065,1.0061170658290741
38.85831779000065,0.9642517889370678
38.86665112000065,0.9146863202101061
38.874984450000646,0.8578746490906046
38.883317780000645,0.7943801647129674
38.891651110000645,0.7248633506435161
38.89998444000065,0.6500728629216231
38.90831777000065,0.5708885205621289
38.91665110000065,0.48828405152273524
38.92498443000065,0.4032672961372934
38.93331776000065,0.31686757933610904
38.94165109000065,0.23019355282213466
38.949984420000646,0.1443598087329339
38.958317750000646,0.06041284603803865
38.966651080000645,-0.02068707434637653
38.97498441000065,-0.09804161507857242
38.98331774000065,-0.17084413711940924
38.99165107000065,-0.23844315155931028
38.99998440000065,-0.30053260136234955
39.00831773000065,-0.35751792994767234
39.01665106000065,-0.4101734292467006
39.02498439000065,-0.45957396961836583
39.03331772000065,-0.5070740899016676
39.04165105000065,-0.5542551272316021
39.04998438000065,-0.6028473780616517
39.05831771000065,-0.6546107554575866
39.06665104000065,-0.7111570692009845
39.07498437000065,-0.7737168716250993
39.08331770000065,-0.8426850309176875
39.09165103000065,-0.917351917635254
39.09998436000065,-0.9954303961253844
39.10831769000065,-1.0729355448187181
39.11665102000065,-1.1443103344738945
39.12498435000065,-1.202873568850164
39.13331768000065,-1.2417487506828384
39.14165101000065,-1.2552989119803577
39.14998434000065,-1.2405773334321744
39.15831767000065,-1.1977962068651795
39.166651000000655,-1.1302247277686612
39.174984330000655,-1.0431477464593306
39.183317660000654,-0.9424566400652012
39.19165099000065,-0.8336398690912766
39.19998432000065,-0.7212893524985402
39.20831765000065,-0.6090394457697176
39.21665098000065,-0.4995189632536357
39.22498431000065,-0.3945465655350224
39.23331764000065,-0.29536793489845586
39.241650970000656,-0.20272106504292747
39.249984300000655,-0.11705718213706433
39.258317630000654,-0.038538077648592114
39.26665096000065,0.033107783607084065
39.27498429000065,0.09835294315749711
39.28331762000065,0.15757043454945271
39.29165095000065,0.21105355788660835
39.29998428000066,0.2586812221943671
39.30831761000066,0.3002067840043882
39.316650940000656,0.3354185960990611
39.324984270000655,0.36414831680685067
39.333317600000655,0.38626535129378625
39.341650930000654,0.40167531340348633
39.34998426000065,0.41032360666465784
39.35831759000065,0.4123494559207404
39.36665092000065,0.40834511112571337
39.37498425000066,0.39906885413568227
39.38331758000066,0.38549094130987677
39.391650910000656,0.36873737557445607
39.399984240000656,0.3501505604716395
39.408317570000655,0.3312362637399717
39.416650900000654,0.3136636040415533
39.42498423000065,0.29921910364181603
39.43331756000066,0.2896850651770397
39.44165089000066,0.2867841078196033
39.44998422000066,0.29193951661807455
39.45831755000066,0.30624883992200364
39.46665088000066,0.330264029775495
39.474984210000656,0.363920550523104
39.483317540000655,0.40654858111390163
39.491650870000655,0.45692525755680086
39.499984200000654,0.5130674832016647
39.50831753000066,0.5719956638605966
39.51665086000066,0.63020916507864
39.52498419000066,0.6838681475077383
39.53331752000066,0.7287305611343198
39.54165085000066,0.7603147513145198
39.549984180000656,0.7738910921581871
39.558317510000656,0.7647730799735194
39.56665084000066,0.7288709832973566
39.57498417000066,0.6634443127018996
39.58331750000066,0.5677506071742642
39.59165083000066,0.44356545374622547
39.59998416000066,0.2953020242727763
39.60831749000066,0.12944747103753892
39.61665082000066,-0.04601849345253877
39.62498415000066,-0.22236560604849173
39.633317480000656,-0.39078592331754297
39.64165081000066,-0.5431023139139993
39.64998414000066,-0.6725727030683915
39.65831747000066,-0.7746123703887227
39.66665080000066,-0.8473551313849312
39.67498413000066,-0.8916090757728538
39.68331746000066,-0.9100738355939467
39.69165079000066,-0.90653733724494
39.699984120000664,-0.8850869599610982
39.70831745000066,-0.8495311622600548
39.71665078000066,-0.8031601542623051
39.72498411000066,-0.7486859217464475
39.73331744000066,-0.6882924318333576
39.74165077000066,-0.6237420912249473
39.74998410000066,-0.5564183460955608
39.75831743000066,-0.4874316808807428
39.76665076000066,-0.41771188213550514
39.774984090000665,-0.3480424579443482
39.783317420000664,-0.27911782322840434
39.79165075000066,-0.2115422688021198
39.79998408000066,-0.14584208750295632
39.80831741000066,-0.08248504402638664
39.81665074000066,-0.02189085059593865
39.82498407000066,0.03555820594655398
39.83331740000067,0.08947909210873076
39.841650730000666,0.13948081780932303
39.849984060000665,0.18520832307968565
39.858317390000664,0.22637770281275585
39.86665072000066,0.26277763479321375
39.87498405000066,0.2942384921328752
39.88331738000066,0.32062950029065995
39.89165071000066,0.3418572488919112
39.89998404000066,0.3578618928387842
39.90831737000067,0.3686043321508522
39.916650700000666,0.37407873304546496
39.924984030000665,0.3743191169617975
39.933317360000665,0.3693968142043367
39.941650690000664,0.35941357387969847
39.94998402000066,0.34448110416222205
39.95831735000066,0.32472579637351257
39.96665068000067,0.30029155539510655
39.97498401000067,0.27133843946535324
39.98331734000067,0.23804198756833578
39.991650670000666,0.20059512172933916
39.999984000000666,0.15921739653910782
40.008317330000665,0.11417085018002092
40.016650660000664,0.06579496556601475
40.02498399000066,0.014484791914363403
40.03331732000066,-0.03929597364800095
40.04165065000067,-0.09497191788108725
40.04998398000067,-0.15183082503582146
40.05831731000067,-0.2089613959269375
40.06665064000067,-0.26519374602088347
40.074983970000666,-0.3191314511254297
40.083317300000665,-0.3690776647472112
40.091650630000665,-0.41297460710074935
40.09998396000067,-0.4484278549716551
40.10831729000067,-0.4727589207496868
40.11665062000067,-0.48314020717549916
40.12498395000067,-0.4768545326213424
40.13331728000067,-0.45168179385984675
40.14165061000067,-0.4063617095886385
40.149983940000666,-0.34105950426950066
40.158317270000666,-0.2575014600826012
40.166650600000665,-0.158894643214507
40.17498393000067,-0.04976095145413105
40.18331726000067,0.06463294270704285
40.19165059000067,0.17869361093734548
40.19998392000067,0.28690664779911834
40.20831725000067,0.3841980359323684
40.21665058000067,0.4663559739656774
40.22498391000067,0.5301718036855124
40.23331724000067,0.5738585522043033
40.24165057000067,0.5971018546479413
40.24998390000067,0.6009858689112474
40.25831723000067,0.5877055792185054
40.26665056000067,0.5603506474882449
40.27498389000067,0.5226079084979245
40.28331722000067,0.47840819568692217
40.29165055000067,0.4318042342797167
40.29998388000067,0.38667945638142365
40.30831721000067,0.3466242228851522
40.31665054000067,0.31459866264836833
40.32498387000067,0.29284018833437586
40.33331720000067,0.28261078108887194
40.34165053000067,0.2841018612319187
40.34998386000067,0.2965716157529976
40.35831719000067,0.318379027408291
40.366650520000675,0.34727584868434513
40.374983850000675,0.3808482740416959
40.383317180000674,0.41670682025947375
40.39165051000067,0.45261238225108935
40.39998384000067,0.4865554173791859
40.40831717000067,0.5167917185043785
40.41665050000067,0.5418520942766262
40.42498383000067,0.5605071799230587
40.43331716000067,0.571768519434465
40.441650490000676,0.5750128247970769
40.449983820000675,0.5699625691783309
40.458317150000674,0.5563863340651253
40.46665048000067,0.5340905540568834
40.47498381000067,0.5029245112945477
40.48331714000067,0.462781105985575
40.49165047000067,0.41356447967756776
40.49998380000068,0.35521524720520714
40.50831713000068,0.2877395469388232
40.516650460000676,0.2112175239358454
40.524983790000675,0.12580863023263256
40.533317120000675,0.031754457412175675
40.541650450000674,-0.07064402251093739
40.54998378000067,-0.1810078683613791
40.55831711000067,-0.2988449363157917
40.56665044000067,-0.42322682121944766
40.57498377000068,-0.5523828377294935
40.58331710000068,-0.6840049068848018
40.591650430000676,-0.8151984579822831
40.599983760000676,-0.942344085946922
40.608317090000675,-1.060944066473448
40.616650420000674,-1.165509268927155
40.62498375000067,-1.2496166196165734
40.63331708000068,-1.306305878675765
40.64165041000068,-1.3290309546301677
40.64998374000068,-1.3131243397157504
40.65831707000068,-1.2573663303409524
40.66665040000068,-1.1647853019758316
40.674983730000676,-1.0421129108550504
40.683317060000675,-0.8984588005658988
40.691650390000675,-0.7438090085995029
40.699983720000674,-0.5879146941070978
40.70831705000068,-0.43953754712949206
40.71665038000068,-0.3058420470091149
40.72498371000068,-0.1918509412799582
40.73331704000068,-0.10012196140556982
40.74165037000068,-0.030703520327620082
40.749983700000676,0.018436179561951312
40.758317030000676,0.05075140081324561
40.76665036000068,0.0703952213009181
40.77498369000068,0.08167384323349346
40.78331702000068,0.08861348988309833
40.79165035000068,0.09475906240097437
40.79998368000068,0.10318461286826205
40.80831701000068,0.11636849467974061
40.81665034000068,0.13611138201120132
40.82498367000068,0.16344498162103757
40.833317000000676,0.19828677988717117
40.84165033000068,0.23995450709205113
40.84998366000068,0.28739100306739895
40.85831699000068,0.33928056359796277
40.86665032000068,0.39419304443906417
40.87498365000068,0.4505696812774125
40.88331698000068,0.5069156296532593
40.89165031000068,0.5617588762224792
40.899983640000684,0.6137819289299618
40.90831697000068,0.6617773083487494
40.91665030000068,0.7047067783885862
40.92498363000068,0.7417052221764391
40.93331696000068,0.7720240454218548
40.94165029000068,0.795090639399141
40.94998362000068,0.8105130387544934
40.95831695000068,0.8180386316003592
40.96665028000068,0.81755815730069
40.974983610000685,0.8091088320463429
40.983316940000684,0.7928759824844842
40.99165027000068,0.7691882150379974
40.99998360000068,0.738562708735472
41.00831693000068,0.7016843310151223
41.01665026000068,0.6593617192566222
41.02498359000068,0.6125861021625036
41.033316920000686,0.5625058714648596
41.041650250000686,0.5103232366044526
41.049983580000685,0.4569172603635243
41.058316910000684,0.4028946641968168
41.06665024000068,0.3487448968568737
41.07498357000068,0.29466960589740665
41.08331690000068,0.24053993618875794
41.09165023000068,0.1858306105615249
41.09998356000068,0.1294846715606644
41.10831689000069,0.06992351209773448
41.116650220000686,0.005145180728289354
41.124983550000685,-0.06708189541563214
41.133316880000685,-0.14892144664734194
41.141650210000684,-0.2420417881701222
41.14998354000068,-0.34731752057373155
41.15831687000068,-0.46450766787344777
41.16665020000069,-0.5921288181984671
41.17498353000069,-0.7277079629203747
41.18331686000069,-0.8679630490867618
41.191650190000686,-1.0092121038675659
41.199983520000686,-1.1476229273211014
41.208316850000685,-1.2793757257100293
41.216650180000684,-1.400795076302872
41.22498351000068,-1.508405528524983
41.23331684000068,-1.5989333424302725
41.24165017000069,-1.6691702638692933
41.24998350000069,-1.7160973551088359
41.25831683000069,-1.7370432410806766
41.26665016000069,-1.7298006392406868
41.274983490000686,-1.6929739636572072
41.283316820000685,-1.6262926922375318
41.291650150000685,-1.530744229426215
41.29998348000069,-1.4084455778693263
41.30831681000069,-1.2624077746783793
41.31665014000069,-1.0964573287022104
41.32498347000069,-0.9148281505126518
41.33331680000069,-0.7218426091782857
41.34165013000069,-0.5217624659819196
41.349983460000686,-0.3187014636706188
41.358316790000686,-0.11650786169921305
41.366650120000685,0.08117532331151772
41.37498345000069,0.27101856196538077
41.38331678000069,0.44991778343790295
41.39165011000069,0.6151432939497363
41.39998344000069,0.7643272014991034
41.40831677000069,0.8955974733615062
41.41665010000069,1.0077128295365474
41.42498343000069,1.099841307594187
41.43331676000069,1.1715461529875022
41.44165009000069,1.2227877578459185
41.44998342000069,1.2539183853890603
41.45831675000069,1.2655869941365308
41.46665008000069,1.2588022830509362
41.47498341000069,1.2351211654426502
41.48331674000069,1.196286316205004
41.49165007000069,1.14429436295413
41.49998340000069,1.0813158366250533
41.50831673000069,1.0096931083142906
41.51665006000069,0.9319093168829463
41.52498339000069,0.8505608071372055
41.53331672000069,0.7683356370704355
41.54165005000069,0.6876945399598409
41.54998338000069,0.6109399203747055
41.55831671000069,0.5401865582333284
41.566650040000695,0.4773044063633248
41.574983370000695,0.4236591938606193
41.583316700000694,0.38000971485417767
41.59165003000069,0.34649966079823047
41.59998336000069,0.3226810247696605
41.60831669000069,0.30757176144417564
41.61665002000069,0.29984265001474564
41.62498335000069,0.2978869135331637
41.63331668000069,0.29960962817966386
41.641650010000696,0.30292302567298435
41.649983340000695,0.3056713134124824
41.658316670000694,0.3058397716231341
41.66665000000069,0.3014201458577982
41.67498333000069,0.2905047979638267
41.68331666000069,0.27134894324211
41.69164999000069,0.24240046571694826
41.6999833200007,0.20234968189914646
41.7083166500007,0.15023560693176546
41.716649980000696,0.08560425051653438
41.724983310000695,0.008729714506616474
41.733316640000695,-0.0794232959951527
41.741649970000694,-0.17708699368007327
41.74998330000069,-0.28171086009092916
41.75831663000069,-0.389995773327699
41.76664996000069,-0.4979944531346176
41.7749832900007,-0.601297926501335
41.7833166200007,-0.6953853300455871
41.791649950000696,-0.7758284490711509
41.799983280000696,-0.838742223283548
41.808316610000695,-0.8811608009674021
41.816649940000694,-0.9012276280717781
41.82498327000069,-0.8984909934150737
41.8333166000007,-0.8739055944336759
41.8416499300007,-0.8294523480637159
41.8499832600007,-0.7679258504318852
41.8583165900007,-0.692516243971622
41.8666499200007,-0.6065644719170659
41.874983250000696,-0.5133734327737545
41.883316580000695,-0.4160496872296436
41.891649910000694,-0.3174166673916469
41.899983240000694,-0.21998599376131253
41.9083165700007,-0.12589427003327686
41.9166499000007,-0.03697687915932875
41.9249832300007,0.045318126026940964
41.9333165600007,0.11982441138598135
41.9416498900007,0.18569588117808977
41.949983220000696,0.24241313129757525
41.958316550000696,0.28969367230365234
41.9666498800007,0.3274172464550136
41.9749832100007,0.355639099068559
41.9833165400007,0.37462300268036486
41.9916498700007,0.3847894414824165
41.9999832000007,0.38660061652358985
42.0083165300007,0.3806049059825092
42.0166498600007,0.3674439827866996
42.0249831900007,0.3477717448192626
42.033316520000696,0.3222715227557452
42.0416498500007,0.2917089981435138
42.0499831800007,0.25684646234816655
42.0583165100007,0.21824051594294028
42.0666498400007,0.17641115221994383
42.0749831700007,0.13191330387878153
42.0833165000007,0.08532994097473541
42.0916498300007,0.0373054934454205
42.099983160000704,-0.011455350226699869
42.1083164900007,-0.060234989135863545
42.1166498200007,-0.10830855096089725
42.1249831500007,-0.15493956149242386
42.1333164800007,-0.19931281578368107
42.1416498100007,-0.24054194110163485
42.1499831400007,-0.2777076705170304
42.1583164700007,-0.30981344638266617
42.1666498000007,-0.33565956956736137
42.174983130000705,-0.35391752998690357
42.183316460000704,-0.36312797380948814
42.1916497900007,-0.36197045226916813
42.1999831200007,-0.3490422708871884
42.2083164500007,-0.32298119556258403
42.2166497800007,-0.2825784088947898
42.2249831100007,-0.22715283195770097
42.233316440000706,-0.15684067154803513
42.241649770000706,-0.07310132514545185
42.249983100000705,0.02109003410107415
42.258316430000704,0.12120155246292302
42.2666497600007,0.22129272933397887
42.2749830900007,0.3144760914241717
42.2833164200007,0.39389961906009474
42.2916497500007,0.45365439779992683
42.2999830800007,0.4898197875431321
42.30831641000071,0.5010428507977229
42.316649740000706,0.4885616540240024
42.324983070000705,0.45556154272875105
42.333316400000705,0.4062615024273048
42.341649730000704,0.345126625784187
42.3499830600007,0.2763214552011521
42.3583163900007,0.2034676523265817
42.36664972000071,0.12961058415412177
42.37498305000071,0.0572480556242397
42.38331638000071,-0.011603245039032428
42.391649710000706,-0.0753583940152694
42.399983040000706,-0.13320044747584275
42.408316370000705,-0.1848517246005689
42.416649700000704,-0.23006450446481422
42.4249830300007,-0.26861152659844445
42.4333163600007,-0.3002940753061751
42.44164969000071,-0.3249630147035959
42.44998302000071,-0.3425448303094335
42.45831635000071,-0.3530624193844961
42.46664968000071,-0.3566532329536159
42.474983010000706,-0.35358059949268617
42.483316340000705,-0.34424366954868507
42.491649670000704,-0.3291635372191667
42.49998300000071,-0.30891632019739484
42.50831633000071,-0.2841701804231665
42.51664966000071,-0.25569239637631963
42.52498299000071,-0.22432436331596398
42.53331632000071,-0.1908827949619386
42.54164965000071,-0.1561740092517602
42.549982980000706,-0.12102469385254189
42.558316310000706,-0.08623856661366579
42.566649640000705,-0.052524121340469826
42.57498297000071,-0.020548493603289354
42.58331630000071,0.009065663079775282
42.59164963000071,0.035754674533568155
42.59998296000071,0.059059946603388584
42.60831629000071,0.0784212828843968
42.61664962000071,0.09273243777243619
42.62498295000071,0.1007123778813068
42.63331628000071,0.10099593081290927
42.64164961000071,0.09213803489626728
42.64998294000071,0.07266950739668473
42.65831627000071,0.04115320922891757
42.66664960000071,-0.0037101194097836523
42.67498293000071,-0.06287634138177514
42.68331626000071,-0.13680445357880167
42.69164959000071,-0.22521374719914375
42.69998292000071,-0.3269062493188856
42.70831625000071,-0.43951707432823856
42.71664958000071,-0.5594414753779806
42.72498291000071,-0.681828234869177
42.73331624000071,-0.8007615991015196
42.74164957000071,-0.9093583937676382
42.74998290000071,-1.0002945218864445
42.75831623000071,-1.0666046738887787
42.766649560000715,-1.102699639185512
42.774982890000715,-1.1055276489467762
42.783316220000714,-1.075262614173897
42.79164955000071,-1.0150320643039465
42.79998288000071,-0.9299449790789388
42.80831621000071,-0.8260010134369627
42.81664954000071,-0.7091854875451848
42.82498287000071,-0.5849642694486349
42.83331620000071,-0.45799181319767973
42.841649530000716,-0.33205709712410136
42.849982860000715,-0.21013133377474452
42.858316190000714,-0.09441486844815689
42.86664952000071,0.013518402314829278
42.87498285000071,0.11271405415548413
42.88331618000071,0.20276241577200035
42.89164951000071,0.2836478143290135
42.89998284000072,0.35562456087094213
42.90831617000072,0.4192472862414761
42.916649500000716,0.4752749701682984
42.924982830000715,0.5245415801259057
42.933316160000714,0.5680001686152082
42.941649490000714,0.6066502555434088
42.94998282000071,0.6414926059893006
42.95831615000071,0.6735026024118819
42.96664948000071,0.7035149044296553
42.97498281000072,0.7322596898790114
42.98331614000072,0.760394662944724
42.991649470000716,0.7883888850128775
42.999982800000716,0.8163695275476851
43.008316130000715,0.8442294337135308
43.016649460000714,0.8717064453204816
43.02498279000071,0.898387122825525
43.03331612000072,0.9237193139241171
43.04164945000072,0.94707347823989
43.04998278000072,0.9677986680182383
43.05831611000072,0.9851528345623833
43.06664944000072,0.9981840964250813
43.074982770000716,1.0058884125471728
43.083316100000715,1.0073423164990676
43.091649430000714,1.0016631359203765
43.099982760000714,0.9879756497962633
43.10831609000072,0.9654308238675047
43.11664942000072,0.933315210991904
43.12498275000072,0.8910750987268783
43.13331608000072,0.8382300334355728
43.14164941000072,0.7744643721505986
43.149982740000716,0.6996698335011265
43.158316070000716,0.6139195769729952
43.16664940000072,0.5175350099094037
43.17498273000072,0.41113696046661696
43.18331606000072,0.2956369491907135
43.19164939000072,0.1722701033635166
43.19998272000072,0.042645805874168476
43.20831605000072,-0.09137158008579162
43.21664938000072,-0.22758445148746698
43.22498271000072,-0.363621130137146
43.233316040000716,-0.49692764244612647
43.24164937000072,-0.6249825005293826
43.24998270000072,-0.7453577287493884
43.25831603000072,-0.8559166537596951
43.26664936000072,-0.9550140975421684
43.27498269000072,-1.0415553112903517
43.28331602000072,-1.1150146790348046
43.29164935000072,-1.175416227424221
43.299982680000724,-1.223273438218717
43.30831601000072,-1.2594857674718847
43.31664934000072,-1.2851009149912853
43.32498267000072,-1.3011404831700057
43.33331600000072,-1.3085636953966528
43.34164933000072,-1.308105924966408
43.34998266000072,-1.3001310055778326
43.35831599000072,-1.2846347598926866
43.36664932000072,-1.2611756619096
43.374982650000725,-1.2288369970134152
43.383315980000724,-1.1863650644548882
43.39164931000072,-1.1321544986279777
43.39998264000072,-1.0644824689825352
43.40831597000072,-0.9816787236245994
43.41664930000072,-0.8825502609968965
43.42498263000072,-0.7666086598411042
43.433315960000726,-0.6343858551290356
43.441649290000726,-0.48760756770297364
43.449982620000725,-0.329038440241265
43.458315950000724,-0.1622600370611144
43.46664928000072,0.008586378625086787
43.47498261000072,0.1792656671938706
43.48331594000072,0.34576241915694644
43.49164927000072,0.5044849018793595
43.49998260000072,0.6523822975310983
43.50831593000073,0.7869942521505424
43.516649260000726,0.906485323152392
43.524982590000725,1.0095904270010019
43.533315920000724,1.0956163954076816
43.541649250000724,1.1643151273111836
43.54998258000072,1.2157756573566505
43.55831591000072,1.2503781563752747
43.56664924000073,1.2686640558110258
43.57498257000073,1.2714831070313084
43.58331590000073,1.25979471190243
43.591649230000726,1.2345691411040876
43.599982560000726,1.1967436961513664
43.608315890000725,1.1472392907171753
43.616649220000724,1.086737850331157
43.62498255000072,1.015794580952391
43.63331588000072,0.9352069066910945
43.64164921000073,0.8459171414646808
43.64998254000073,0.7490243102215917
43.65831587000073,0.6458604549506626
43.66664920000073,0.5379193281586129
43.674982530000726,0.4269429381384175
43.683315860000725,0.3148705831386847
43.691649190000724,0.20388837898490084
43.69998252000073,0.09637723802989541
43.70831585000073,-0.005134556833607107
43.71664918000073,-0.09803469445745559
43.72498251000073,-0.17980175204074728
43.73331584000073,-0.2481693930375143
43.74164917000073,-0.30137166190230863
43.749982500000726,-0.3382337847088224
43.758315830000726,-0.3583811748892719
43.766649160000725,-0.36225444150578356
43.77498249000073,-0.3509811021756559
43.78331582000073,-0.32615414623294403
43.79164915000073,-0.2903581795512712
43.79998248000073,-0.24695496540601636
43.80831581000073,-0.19971995958933728
43.81664914000073,-0.15270339897507365
43.82498247000073,-0.11035439316764907
43.83331580000073,-0.07740535596008662
43.84164913000073,-0.05874980424934138
43.84998246000073,-0.05911404294371254
43.85831579000073,-0.08238182924883075
43.86664912000073,-0.13075285953488208
43.87498245000073,-0.20381972515025762
43.88331578000073,-0.2983795924142453
43.89164911000073,-0.40848372728320365
43.89998244000073,-0.526212363195346
43.90831577000073,-0.6425675113786269
43.91664910000073,-0.7484704531540781
43.92498243000073,-0.8357921535590793
43.93331576000073,-0.8983380270933248
43.94164909000073,-0.9327241462494053
43.94998242000073,-0.9386316397072519
43.95831575000073,-0.9183533326980888
43.966649080000735,-0.8758025717338475
43.974982410000734,-0.8155901964646742
43.983315740000734,-0.7422148753096071
43.99164907000073,-0.6596705953246876
43.99998240000073,-0.5713664144882493
44.00831573000073,-0.4801109882479307
44.01664906000073,-0.3881711573919697
44.02498239000073,-0.29737198359464234
44.03331572000073,-0.20918139590852194
44.041649050000736,-0.12470075312503556
44.049982380000735,-0.044427939378143357
44.058315710000734,0.03127904703979256
44.06664904000073,0.10207229914093613
44.07498237000073,0.1676160696959702
44.08331570000073,0.22758900881046995
44.09164903000073,0.28168310949623443
44.09998236000074,0.3296048065519269
44.10831569000074,0.3710751178021903
44.116649020000736,0.4058301565819199
44.124982350000735,0.433625375929653
44.133315680000734,0.4542378003380447
44.141649010000734,0.46746843257358134
44.14998234000073,0.4731792240250473
44.15831567000073,0.47162604571420597
44.16664900000073,0.4633457122491911
44.17498233000074,0.4490195966440713
44.18331566000074,0.4294966483334278
44.191648990000736,0.40577403088900604
44.199982320000736,0.3790063910891408
44.208315650000735,0.3504898939328087
44.216648980000734,0.32155430085954045
44.22498231000073,0.2935927979397311
44.23331564000074,0.26793518816259243
44.24164897000074,0.24582299110199776
44.24998230000074,0.2281298738995038
44.25831563000074,0.21539192524237216
44.26664896000074,0.20768526811037052
44.274982290000736,0.2044966716198004
44.283315620000735,0.2048259062433421
44.291648950000734,0.20725017440956853
44.299982280000734,0.21003730951817184
44.30831561000074,0.2113706802293878
44.31664894000074,0.20946987838518852
44.32498227000074,0.20293488918762365
44.33331560000074,0.1908432593885108
44.34164893000074,0.1729106239659412
44.349982260000736,0.14961866300887786
44.358315590000736,0.12216977646910769
44.36664892000074,0.09240311706614966
44.37498225000074,0.06268764621115289
44.38331558000074,0.035455775405683725
44.39164891000074,0.012992801519704996
44.39998224000074,-0.002773588371535706
44.40831557000074,-0.0106702681614953
44.41664890000074,-0.010300814025411388
44.42498223000074,-0.0019950920432063994
44.433315560000736,0.013119569654706197
44.44164889000074,0.033527411433975696
44.44998222000074,0.05749931002216712
44.45831555000074,0.08324798306022395
44.46664888000074,0.10908425807433712
44.47498221000074,0.13354772541774804
44.48331554000074,0.15547175046826833
44.49164887000074,0.17390207807887553
44.499982200000744,0.18813122111058184
44.50831553000074,0.19768520393204161
44.51664886000074,0.20238083648334645
44.52498219000074,0.20221901246466295
44.53331552000074,0.19733644837196176
44.54164885000074,0.18804725460369237
44.54998218000074,0.17484119041882396
44.55831551000074,0.15835871583913
44.56664884000074,0.13936219773933553
44.574982170000744,0.11875424834777094
44.583315500000744,0.09747501554643662
44.59164883000074,0.07649493036591433
44.59998216000074,0.05693097879494711
44.60831549000074,0.039924209965007576
44.61664882000074,0.026612307714002456
44.62498215000074,0.01809691458111743
44.633315480000746,0.01516624279652545
44.641648810000746,0.018223518581036522
44.649982140000745,0.027354952424095073
44.658315470000744,0.04223358651900581
44.66664880000074,0.06208256428464809
44.67498213000074,0.08565328852452132
44.68331546000074,0.11142583718406165
44.69164879000074,0.1375540628137272
44.69998212000074,0.16193046591214813
44.70831545000075,0.18236686860006365
44.716648780000746,0.19666653949611823
44.724982110000745,0.20267915277389198
44.733315440000744,0.19844816155892253
44.741648770000744,0.1823885299799432
44.74998210000074,0.1532555209648104
44.75831543000074,0.11028934119977808
44.76664876000075,0.05337051236413511
44.77498209000075,-0.017013357228902518
44.78331542000075,-0.09980581668945142
44.791648750000746,-0.19352223525327944
44.799982080000746,-0.29623599484084373
44.808315410000745,-0.40564281224952364
44.816648740000744,-0.519193762337833
44.82498207000074,-0.634149972015337
44.83331540000074,-0.7475514610404078
44.84164873000075,-0.8562435996512502
44.84998206000075,-0.956833340947138
44.85831539000075,-1.045653343438989
44.86664872000075,-1.1188159429281677
44.874982050000746,-1.1722163049529575
44.883315380000745,-1.2018011820013135
44.891648710000744,-1.204010311340545
44.89998204000075,-1.1760279561963278
44.90831537000075,-1.1162618983972328
44.91664870000075,-1.0248204531707403
44.92498203000075,-0.9037974651395767
44.93331536000075,-0.7569624318839144
44.94164869000075,-0.5892016152475619
44.949982020000746,-0.4060851867527826
44.958315350000746,-0.21345317739493683
44.966648680000745,-0.017158676536312662
44.97498201000075,0.17705480698284656
44.98331534000075,0.36365031338667964
44.99164867000075,0.5374084504848615
44.99998200000075,0.693590485997392
45.00831533000075,0.8282403605349367
45.01664866000075,0.9384664612401062
45.02498199000075,1.0227219517852713
45.03331532000075,1.0808585843767253
45.04164865000075,1.1140769253943668
45.04998198000075,1.1246415739123132
45.05831531000075,1.1155284057409376
45.06664864000075,1.090156294790371
45.07498197000075,1.05202461052115
45.08331530000075,1.0045666091367613
45.09164863000075,0.9510516992662388
45.09998196000075,0.8943648685721999
45.10831529000075,0.8370066442355565
45.11664862000075,0.7810686048852619
45.12498195000075,0.7280642290413168
45.13331528000075,0.6786059827339448
45.14164861000075,0.632659193617254
45.14998194000075,0.589828424677635
45.15831527000075,0.5495012561071656
45.166648600000755,0.5108881298148682
45.174981930000754,0.4730480229880902
45.183315260000754,0.4350795703670167
45.19164859000075,0.3960737959777403
45.19998192000075,0.3552519332205566
45.20831525000075,0.3119264945719836
45.21664858000075,0.2655525174001437
45.22498191000075,0.21575467021310132
45.23331524000075,0.16226220283037712
45.241648570000756,0.10495734895989273
45.249981900000755,0.043899875606775655
45.258315230000754,-0.02071843665186111
45.26664856000075,-0.08856976906150515
45.27498189000075,-0.15918765868771687
45.28331522000075,-0.23197107888304602
45.29164855000075,-0.30615181288907267
45.29998188000076,-0.38076939338828447
45.30831521000076,-0.45473027645208774
45.316648540000756,-0.5267815457060087
45.324981870000755,-0.5958243313961528
45.333315200000754,-0.6608348492985444
45.341648530000754,-0.7206995248519359
45.34998186000075,-0.7742781537352087
45.35831519000075,-0.8204524018398129
45.36664852000075,-0.8582126927393144
45.37498185000076,-0.8867889817755887
45.38331518000076,-0.9057994013342985
45.391648510000756,-0.9153847215054577
45.399981840000756,-0.9163316149026642
45.408315170000755,-0.9101575078493301
45.416648500000754,-0.898962147272319
45.42498183000075,-0.8851871066158041
45.43331516000076,-0.8711831452148074
45.44164849000076,-0.8589199859482538
45.44998182000076,-0.8495317837574138
45.45831515000076,-0.8431172041759519
45.46664848000076,-0.8387169244958166
45.474981810000756,-0.834602502032853
45.483315140000755,-0.8284775073990347
45.491648470000754,-0.817871457192993
45.499981800000754,-0.8004171352046582
45.50831513000076,-0.7740890749476976
45.51664846000076,-0.7373663920878288
45.52498179000076,-0.6893357689215674
45.53331512000076,-0.6296261862162945
45.54164845000076,-0.5584319702893973
45.549981780000756,-0.4765468339108128
45.558315110000756,-0.38510512140604714
45.56664844000076,-0.2855632522001976
45.57498177000076,-0.179575501396169
45.58331510000076,-0.06887077865716341
45.59164843000076,0.04471763207343994
45.59998176000076,0.15921210454496382
45.60831509000076,0.27278929912141386
45.61664842000076,0.38374052875900677
45.62498175000076,0.4905566744579366
45.633315080000756,0.5918462474988125
45.64164841000076,0.6864098966804865
45.64998174000076,0.7731951307302487
45.65831507000076,0.8512845985360696
45.66664840000076,0.9201087671137412
45.67498173000076,0.9792844390733416
45.68331506000076,1.0284825150118084
45.69164839000076,1.0674282703595155
45.699981720000764,1.0959018773650266
45.70831505000076,1.1137405552709934
45.71664838000076,1.1208401399019954
45.72498171000076,1.117155644190595
45.73331504000076,1.1027021860651527
45.74164837000076,1.0776942281240578
45.74998170000076,1.0426869054576884
45.75831503000076,0.9982673107242602
45.76664836000076,0.9452355854663249
45.774981690000764,0.884611930237934
45.783315020000764,0.8176957709019012
45.79164835000076,0.7460372718056069
45.79998168000076,0.6714247599352344
45.80831501000076,0.5959382810742847
45.81664834000076,0.5218926543455726
45.82498167000076,0.45162732196272676
45.833315000000766,0.3873412435762268
45.841648330000766,0.3308313468593115
45.849981660000765,0.2830753363093449
45.858314990000764,0.2440597948346869
45.86664832000076,0.21248461334471838
45.87498165000076,0.18580853126714625
45.88331498000076,0.16053665324987892
45.89164831000076,0.13269342109925159
45.89998164000076,0.09822660153319882
45.90831497000077,0.05367177653179987
45.916648300000766,-0.0034394630753898023
45.924981630000765,-0.07428493906792907
45.933314960000764,-0.15879272923739268
45.941648290000764,-0.2555417777730386
45.94998162000076,-0.3621526663057138
45.95831495000076,-0.4756617484654604
45.96664828000077,-0.5928162521987155
45.97498161000077,-0.7103038592058649
45.98331494000077,-0.8249021042564763
45.991648270000766,-0.9335747169741931
45.999981600000766,-1.0334686845045349
46.008314930000765,-1.1219305901882137
46.016648260000764,-1.1966148010653128
46.02498159000076,-1.2555596071850654
46.03331492000076,-1.2975108618683175
46.04164825000077,-1.3216319152364377
46.04998158000077,-1.327406640481405
46.05831491000077,-1.3146793749614327
46.06664824000077,-1.2836723352802089
46.074981570000766,-1.2349883776609865
46.083314900000765,-1.1695730745102983
46.091648230000764,-1.0885961577459435
46.09998156000077,-0.9934766991589639
46.10831489000077,-0.8858637789702518
46.11664822000077,-0.7674705690531193
46.12498155000077,-0.640069769580398
46.13331488000077,-0.5054979211313362
46.14164821000077,-0.3655116968518853
46.149981540000766,-0.2220545497408844
46.158314870000765,-0.07743506745695032
46.166648200000765,0.06603689473801978
46.17498153000077,0.20595035306365547
46.18331486000077,0.3399343284997945
46.19164819000077,0.46564720949703226
46.19998152000077,0.5808177340095251
46.20831485000077,0.6832385466494514
46.21664818000077,0.7709244865101084
46.22498151000077,0.8421118984014985
46.23331484000077,0.8954722674949852
46.24164817000077,0.9301263259315679
46.24998150000077,0.9456940962718136
46.25831483000077,0.9423930237152534
46.26664816000077,0.9210286208301541
46.27498149000077,0.8829295498255865
46.28331482000077,0.8299093951940102
46.29164815000077,0.7641764072164591
46.29998148000077,0.6882216557893034
46.30831481000077,0.604730499762769
46.31664814000077,0.5164591116145175
46.32498147000077,0.42616590266527626
46.33331480000077,0.33646639957653784
46.34164813000077,0.24978082345427252
46.34998146000077,0.16823993449527513
46.35831479000077,0.09352007935480257
46.366648120000775,0.026824441592834262
46.374981450000774,-0.031069791586772998
46.383314780000774,-0.07979751812241562
46.39164811000077,-0.11937083834256569
46.39998144000077,-0.15012210513609628
46.40831477000077,-0.1726284098754691
46.41664810000077,-0.1876221299669594
46.42498143000077,-0.19584399887010087
46.43331476000077,-0.19797002388098714
46.441648090000776,-0.19462134506061649
46.449981420000775,-0.18633301556652207
46.458314750000774,-0.1735987958269169
46.46664808000077,-0.15685687512386887
46.47498141000077,-0.13646506695171104
46.48331474000077,-0.11278527981619794
46.49164807000077,-0.08611716949019245
46.49998140000078,-0.056796546066023385
46.50831473000078,-0.025317964156748404
46.516648060000776,0.00774287602801219
46.524981390000775,0.041693250214020344
46.533314720000774,0.07576234596686779
46.541648050000774,0.10897561581791398
46.54998138000077,0.1403129969835399
46.55831471000077,0.16877175023271454
46.56664804000077,0.1933694167697686
46.57498137000078,0.21332455101148715
46.58331470000078,0.22811549774334458
46.591648030000776,0.2375051491777345
46.599981360000776,0.2415472492790804
46.608314690000775,0.24049480606125045
46.616648020000774,0.23477169515718982
46.62498135000077,0.22503109685392877
46.63331468000078,0.21188417568907358
46.64164801000078,0.1959302747201362
46.64998134000078,0.17773273273721127
46.65831467000078,0.15785099718045764
46.66664800000078,0.13668658006453266
46.674981330000776,0.11459823824698354
46.683314660000775,0.0919066999479081
46.691647990000774,0.06887500156069187
46.699981320000774,0.04567454454158124
46.70831465000078,0.02243229840648344
46.71664798000078,-0.0006833687153160779
46.72498131000078,-0.023758791802820475
46.73331464000078,-0.04703467235909929
46.74164797000078,-0.07071176778701535
46.749981300000776,-0.09493850405405381
46.758314630000775,-0.11978115545676528
46.76664796000078,-0.14524217993445
46.77498129000078,-0.1712812665303704
46.78331462000078,-0.1978161529494173
46.79164795000078,-0.22472354204806963
46.79998128000078,-0.2518418413116301
46.80831461000078,-0.2789743335713526
46.81664794000078,-0.30589298008153415
46.82498127000078,-0.3323424642820061
46.833314600000776,-0.35804407906472374
46.84164793000078,-0.38268610986419416
46.84998126000078,-0.40590867826834126
46.85831459000078,-0.42733040944961154
46.86664792000078,-0.44655973967610235
46.87498125000078,-0.4631994213119013
46.88331458000078,-0.476861355864446
46.89164791000078,-0.48741020227962273
46.899981240000784,-0.49495991797783945
46.90831457000078,-0.49960354240433036
46.91664790000078,-0.5015104423208477
46.92498123000078,-0.5008882126807344
46.93331456000078,-0.4979938837784334
46.94164789000078,-0.49301452206522783
46.94998122000078,-0.4860561755844243
46.95831455000078,-0.4771398421848717
46.96664788000078,-0.466037001759371
46.974981210000784,-0.4522814485204564
46.983314540000784,-0.43506687505627695
46.99164787000078,-0.4132525572775454
46.99998120000078,-0.3854190102021885
47.00831453000078,-0.35012121299687277
47.01664786000078,-0.30602282394468916
47.02498119000078,-0.2523890047465943
47.033314520000786,-0.18941748633432776
47.041647850000786,-0.11823807957563895
47.049981180000785,-0.04082269896192935
47.058314510000784,0.0401905167086057
47.06664784000078,0.12199778722936909
47.07498117000078,0.20195385304197835
47.08331450000078,0.27777037814214744
47.09164783000078,0.3477831141327431
47.09998116000078,0.4108455993425777
47.10831449000079,0.46630299391285707
47.116647820000786,0.5138363341870285
47.124981150000785,0.553423431915953
47.133314480000784,0.5851908733082838
47.141647810000784,0.6094110073453635
47.14998114000078,0.6263885829595661
47.15831447000078,0.6364726248923894
47.16664780000079,0.6400705038631809
47.17498113000079,0.6375536405385898
47.18331446000079,0.6289309550835437
47.191647790000786,0.6140963791767763
47.199981120000785,0.5930790247347613
47.208314450000785,0.5660394986306332
47.216647780000784,0.5332660327204823
47.22498111000078,0.49517081842972
47.23331444000078,0.45227498106290887
47.24164777000079,0.40519414882644883
47.24998110000079,0.35462387688417946
47.25831443000079,0.3013544032440144
47.26664776000079,0.24631146992156042
47.274981090000786,0.1904682457951678
47.283314420000785,0.1348213310591212
47.291647750000784,0.08045891257915473
47.29998108000079,0.02846844314154099
47.30831441000079,-0.020137242065853524
47.31664774000079,-0.06437489413283559
47.32498107000079,-0.10334003270535994
47.33331440000079,-0.13630638017480187
47.34164773000079,-0.1627529886914349
47.349981060000786,-0.18237545437319375
47.358314390000785,-0.19508225661576778
47.366647720000785,-0.2009954955694748
47.37498105000079,-0.20044117338623102
47.38331438000079,-0.19396081417960298
47.39164771000079,-0.18283228669771612
47.39998104000079,-0.16901096574795163
47.40831437000079,-0.15474468308415107
47.41664770000079,-0.14262383770460035
47.42498103000079,-0.13559146639197145
47.43331436000079,-0.1368878017459017
47.44164769000079,-0.14990685041212334
47.44998102000079,-0.17793633843265239
47.45831435000079,-0.2237556604977289
47.46664768000079,-0.289120407486646
47.47498101000079,-0.3743469393602684
47.48331434000079,-0.47793111738915095
47.49164767000079,-0.5964267143122353
47.49998100000079,-0.7248689653556183
47.50831433000079,-0.8571421574484167
47.51664766000079,-0.9865267993496243
47.52498099000079,-1.1061980948945702
47.53331432000079,-1.2097362395867841
47.54164765000079,-1.2916813726359873
47.54998098000079,-1.3479485743689203
47.55831431000079,-1.3762904792466728
47.566647640000795,-1.3763477132849318
47.574980970000794,-1.3494523141516503
47.583314300000794,-1.2980176364127538
47.59164763000079,-1.2251206577215241
47.59998096000079,-1.1340650178364713
47.60831429000079,-1.0280475253882573
47.61664762000079,-0.9099842606336495
47.62498095000079,-0.7824757947188213
47.63331428000079,-0.6478296764361074
47.641647610000796,-0.5080770980800456
47.649980940000795,-0.3650494862834799
47.658314270000794,-0.22045815698334778
47.66664760000079,-0.07587782558510892
47.67498093000079,0.06727350274538701
47.68331426000079,0.20767974805646186
47.69164759000079,0.344105833794802
47.6999809200008,0.47535239259371465
47.7083142500008,0.600277772011343
47.716647580000796,0.7178352116237348
47.724980910000795,0.8270794115158479
47.733314240000794,0.9271708766670516
47.741647570000794,1.0173809501695437
47.74998090000079,1.0970946906204042
47.75831423000079,1.1657984715815
47.76664756000079,1.2231016202619096
47.7749808900008,1.2687629117479586
47.7833142200008,1.3026965835837745
47.791647550000796,1.3249514734305345
47.799980880000795,1.335688380003982
47.808314210000795,1.3351480740602029
47.816647540000794,1.3236566606628495
47.82498087000079,1.3016165917524034
47.8333142000008,1.2694937934507857
47.8416475300008,1.2278044078783101
47.8499808600008,1.177103027324827
47.8583141900008,1.1179746696540434
47.8666475200008,1.0509997612489226
47.874980850000796,0.9767477363377028
47.883314180000795,0.8958152709730283
47.891647510000794,0.8088348240292037
47.899980840000794,0.7164835360534735
47.9083141700008,0.6194952788621523
47.9166475000008,0.5186744594875095
47.9249808300008,0.41490808786740446
47.9333141600008,0.30917444595713733
47.9416474900008,0.20253919899102565
47.949980820000796,0.09616309604396053
47.958314150000795,-0.008679364892052647
47.9666474800008,-0.1105200749713121
47.9749808100008,-0.20781759473189657
47.9833141400008,-0.29900230637629627
47.9916474700008,-0.3824392404494076
47.9999808000008,-0.45664594266923114
48.0083141300008,-0.5202819800866678
48.0166474600008,-0.5723423106675218
48.0249807900008,-0.6124023897700172
48.033314120000796,-0.6406609118608599
48.0416474500008,-0.6579061578911958
48.0499807800008,-0.6656060297066149
48.0583141100008,-0.6657533234246372
48.0666474400008,-0.6608188312805673
48.0749807700008,-0.6534041027700396
48.0833141000008,-0.6460975325274381
48.0916474300008,-0.6413289139410344
48.099980760000804,-0.6409613890507145
48.1083140900008,-0.6462788905285125
48.1166474200008,-0.6578602040346432
48.1249807500008,-0.6754449862837184
48.1333140800008,-0.6980028401747805
48.1416474100008,-0.7238141966960066
48.1499807400008,-0.7505116352781767
48.1583140700008,-0.7752371611877801
48.1666474000008,-0.7948484802553154
48.174980730000804,-0.8060748679757221
48.183314060000804,-0.8057609004817362
48.1916473900008,-0.7910915733461408
48.1999807200008,-0.7599200209095848
48.2083140500008,-0.7110118044594319
48.2166473800008,-0.6442307278154039
48.2249807100008,-0.5605065213775162
48.233314040000806,-0.4617754857440665
48.241647370000805,-0.3506545655889007
48.249980700000805,-0.23019798856409174
48.258314030000804,-0.10360271513832181
48.2666473600008,0.025982549570559104
48.2749806900008,0.15559005527147685
48.2833140200008,0.2825057539397021
48.2916473500008,0.404305604570895
48.2999806800008,0.5188718670921287
48.30831401000081,0.6243566681105963
48.316647340000806,0.719210643727812
48.324980670000805,0.8022791333084708
48.333314000000804,0.8729745359554235
48.341647330000804,0.9308719008027582
48.3499806600008,0.9756649414985857
48.3583139900008,1.0071604748026917
48.36664732000081,1.0252771225085853
48.37498065000081,1.0300460935265052
48.38331398000081,1.0216106161096319
48.391647310000806,1.0002209387851448
48.399980640000805,0.9662282107082847
48.408313970000805,0.9200785877024364
48.416647300000804,0.8623063082963821
48.4249806300008,0.7935248336755248
48.4333139600008,0.7143997245948948
48.44164729000081,0.6259559744190649
48.44998062000081,0.5297766867570042
48.45831395000081,0.42776315776489826
48.46664728000081,0.3221529607232369
48.474980610000806,0.21558758761113891
48.483313940000805,0.1111679950200393
48.491647270000804,0.012497169653927614
48.49998060000081,-0.07633133088314543
48.50831393000081,-0.15086896776378658
48.51664726000081,-0.2066272498589273
48.52498059000081,-0.23964486863016457
48.53331392000081,-0.2471880600081644
48.54164725000081,-0.22853102153111607
48.549980580000806,-0.1852173872056411
48.558313910000805,-0.12100621753930238
48.566647240000805,-0.04148902627929046
48.57498057000081,0.046593846429807836
48.58331390000081,0.13589554844403068
48.59164723000081,0.21893856602351575
48.59998056000081,0.2885517699939026
48.60831389000081,0.33840406624360747
48.61664722000081,0.363713541175042
48.62498055000081,0.36178479578943895
48.63331388000081,0.33253995104766654
48.64164721000081,0.27835898592266867
48.64998054000081,0.20345103936702488
48.65831387000081,0.11318124705141332
48.66664720000081,0.013243453103219553
48.67498053000081,-0.09079890968517867
48.68331386000081,-0.19377752816990376
48.69164719000081,-0.2911858813094988
48.69998052000081,-0.3791732885509979
48.70831385000081,-0.45474513234610964
48.71664718000081,-0.5158376464105454
48.72498051000081,-0.5615813386806192
48.73331384000081,-0.5922988890996548
48.74164717000081,-0.6089538567266688
48.74998050000081,-0.6129164425255739
48.75831383000081,-0.6057884961123141
48.766647160000815,-0.5892958063431414
48.774980490000814,-0.5651471394070655
48.783313820000814,-0.5349492668779338
48.79164715000081,-0.5001912519778436
48.79998048000081,-0.46216748888089626
48.80831381000081,-0.42203638983202924
48.81664714000081,-0.3807780488578314
48.82498047000081,-0.33920068321467994
48.83331380000081,-0.2980061592343579
48.841647130000815,-0.2577787849507214
48.849980460000815,-0.21895726222030748
48.858313790000814,-0.18186130514748958
48.86664712000081,-0.1467167176933528
48.87498045000081,-0.11366029523296783
48.88331378000081,-0.08273523811496673
48.89164711000081,-0.05386865381423058
48.89998044000082,-0.02690315691443198
48.90831377000082,-0.0016185893966883518
48.916647100000816,0.02216459534936881
48.924980430000815,0.0442709292820878
48.933313760000814,0.06448160289936586
48.941647090000814,0.08247523156232954
48.94998042000081,0.09784295445191896
48.95831375000081,0.11012416882998345
48.96664708000081,0.11881190345079512
48.97498041000082,0.12324870070263702
48.98331374000082,0.12274599585511821
48.991647070000816,0.11660483030602403
48.999980400000815,0.10417619786673799
49.008313730000815,0.08482393833625747
49.016647060000814,0.0581770872002975
49.02498039000081,0.024231777288843723
49.03331372000082,-0.016717468888412558
49.04164705000082,-0.06396362550047667
49.04998038000082,-0.11637921431355616
49.05831371000082,-0.1724844851675238
49.06664704000082,-0.23052318744444364
49.074980370000816,-0.28848226811125904
49.083313700000815,-0.3442400619641249
49.091647030000814,-0.3957063185582871
49.099980360000814,-0.4407555030192686
49.10831369000082,-0.47737486317610617
49.11664702000082,-0.50353083810586
49.12498035000082,-0.5172537535912781
49.13331368000082,-0.5168066782822819
49.14164701000082,-0.5007441116885485
49.149980340000816,-0.46808586359817134
49.158313670000815,-0.41849305583696217
49.16664700000082,-0.35232545688010697
49.17498033000082,-0.27070046247367346
49.18331366000082,-0.1755098021203443
49.19164699000082,-0.0692912565331512
49.19998032000082,0.0450542570952591
49.20831365000082,0.16433371653246334
49.21664698000082,0.2853211587663446
49.22498031000082,0.404925766704563
49.233313640000816,0.5202615415056548
49.24164697000082,0.6287139240302644
49.24998030000082,0.727932929553616
49.25831363000082,0.8159365240742217
49.26664696000082,0.8911077385908038
49.27498029000082,0.9522546923510841
49.28331362000082,0.998534839971327
49.29164695000082,1.0294648693856612
49.299980280000824,1.0449329471679278
49.30831361000082,1.0451948185022797
49.31664694000082,1.0308357594689856
49.32498027000082,1.002708917463269
49.33331360000082,0.9618813048551013
49.34164693000082,0.9096547856108943
49.34998026000082,0.8475030994974374
49.35831359000082,0.7770196053087746
49.36664692000082,0.6999791378586805
49.374980250000824,0.6182411827293206
49.383313580000824,0.5337454767249645
49.39164691000082,0.44841930264598867
49.39998024000082,0.36419343641061935
49.40831357000082,0.2829399047371989
49.41664690000082,0.20628279818982675
49.42498023000082,0.13556101102306645
49.433313560000826,0.07180942093618264
49.441646890000825,0.01570833466696946
49.449980220000825,-0.03244849597995324
49.458313550000824,-0.07287637665654369
49.46664688000082,-0.1062516350653315
49.47498021000082,-0.13356527957588246
49.48331354000082,-0.1559885630554715
49.49164687000082,-0.1749430084029011
49.49998020000082,-0.1919910180899625
49.50831353000083,-0.20864440560655298
49.516646860000826,-0.226489685122717
49.524980190000825,-0.24702734778100285
49.533313520000824,-0.2715937920331723
49.541646850000824,-0.3014456735850724
49.54998018000082,-0.33757853773750424
49.55831351000082,-0.38072902233159805
49.56664684000083,-0.4313140353967852
49.57498017000083,-0.4893051779631304
49.58331350000083,-0.5542112171094975
49.591646830000826,-0.6250832166261324
49.599980160000825,-0.7004537705573929
49.608313490000825,-0.7783501369914634
49.616646820000824,-0.8563661481630119
49.62498015000082,-0.9316960567570937
49.63331348000082,-1.0012894528208511
49.64164681000083,-1.0618588150875286
49.64998014000083,-1.1099938921396202
49.65831347000083,-1.1424578314826639
49.66664680000083,-1.1563339121976017
49.674980130000826,-1.1492308012977657
49.683313460000825,-1.1195265557274148
49.691646790000824,-1.06660667531275
49.69998012000083,-0.9908853052590847
49.70831345000083,-0.8937615840878443
49.71664678000083,-0.7775182622885729
49.72498011000083,-0.6450358817092756
49.73331344000083,-0.499586038060382
49.74164677000083,-0.3447696755349278
49.749980100000826,-0.18424089520626893
49.758313430000825,-0.021575923937704976
49.766646760000825,0.13975119620655327
49.77498009000083,0.29650829379810534
49.78331342000083,0.44586375919785265
49.79164675000083,0.5853497106198797
49.79998008000083,0.7129796774935492
49.80831341000083,0.8272375951940824
49.81664674000083,0.9270914821390207
49.82498007000083,1.0119863427266969
49.83331340000083,1.0817785087327219
49.84164673000083,1.1366983022743606
49.84998006000083,1.177247242158499
49.85831339000083,1.2040639901371464
49.86664672000083,1.2179544157349236
49.87498005000083,1.2197389942206125
49.88331338000083,1.2103174590796892
49.89164671000083,1.1905643749549832
49.89998004000083,1.1613693031404244
49.90831337000083,1.1235763329979873
49.91664670000083,1.0779914546069593
49.92498003000083,1.0253423828123218
49.93331336000083,0.96602238945495
49.94164669000083,0.900380579032576
49.94998002000083,0.8288091714140465
49.95831335000083,0.7517476776751846
49.966646680000835,0.6696871913211185
49.974980010000834,0.5831752880025066
49.983313340000834,0.4928226613211915
49.99164667000083,0.3993095491019054
49.99998000000083,0.3033924167509066
50.00831333000083,0.2059114763206716
50.01664666000083,0.10779618415404818
50.02497999000083,0.010070825476198931
50.03331332000083,-0.0860735353374522
50.041646650000835,-0.1792604978848632
50.049979980000835,-0.26800318557778796
50.058313310000834,-0.35060113958999956
50.06664664000083,-0.4252189459198058
50.07497997000083,-0.48988166191157395
50.08331330000083,-0.5425800417071508
50.09164663000083,-0.5813893650724982
50.09997996000084,-0.6050674994447612
50.10831329000084,-0.6132497880031358
50.116646620000836,-0.6063390235644307
50.124979950000835,-0.5857393364654836
50.133313280000834,-0.5539744984765909
50.141646610000834,-0.5146549773646096
50.14997994000083,-0.4723151449709883
50.15831327000083,-0.4323209708266256
50.16664660000083,-0.4004419186154097
50.17497993000084,-0.3821982999445652
50.18331326000084,-0.38219150534648966
50.191646590000836,-0.4032217353832859
50.199979920000835,-0.44563584770951653
50.208313250000835,-0.5073435913809228
50.216646580000834,-0.584268621246234
50.22497991000083,-0.6711028043703706
50.23331324000084,-0.7621190663870343
50.24164657000084,-0.8517737752820819
50.24997990000084,-0.9349293176022387
50.25831323000084,-1.0070602138565532
50.26664656000084,-1.0644241241155379
50.274979890000836,-1.1040016050365713
50.283313220000835,-1.1236056338907399
50.291646550000834,-1.122005313192456
50.29997988000083,-1.0992526551256383
50.30831321000084,-1.0563576292448895
50.31664654000084,-0.994821742997007
50.32497987000084,-0.916563353083649
50.33331320000084,-0.8238046941178538
50.34164653000084,-0.7188831980528662
50.349979860000836,-0.6041725482916911
50.358313190000835,-0.4819993302740699
50.36664652000084,-0.3545528465732105
50.37497985000084,-0.22391578853139224
50.38331318000084,-0.09198379066023107
50.39164651000084,0.03946202559776786
50.39997984000084,0.16883571471376052
50.40831317000084,0.2946540361525814
50.41664650000084,0.4156080190185132
50.42497983000084,0.5305273480780818
50.433313160000836,0.6383403832701436
50.44164649000084,0.7381593108485235
50.44997982000084,0.8291164462238941
50.45831315000084,0.9102055627040545
50.46664648000084,0.980460440852419
50.47497981000084,1.0389088807367934
50.48331314000084,1.0845866829094724
50.49164647000084,1.1166154832664479
50.499979800000844,1.1341557812827554
50.50831313000084,1.1364886128190708
50.51664646000084,1.1233274566334839
50.52497979000084,1.0946929249858073
50.53331312000084,1.050824428009458
50.54164645000084,0.9923669082556323
50.54997978000084,0.9203436719479601
50.55831311000084,0.836252823026554
50.56664644000084,0.7420557605418998
50.574979770000844,0.6402198523199488
50.583313100000844,0.5337204180202849
50.59164643000084,0.42599899133499647
50.59997976000084,0.32085662669788034
50.60831309000084,0.22225092533927518
50.61664642000084,0.1339644496713525
50.62497975000084,0.05920004500628171
50.633313080000846,0.0001129893027923205
50.641646410000845,-0.042418212792294505
50.649979740000845,-0.0690065991938697
50.658313070000844,-0.08151891618956253
50.66664640000084,-0.0827558334898806
50.67497973000084,-0.0761434874378841
50.68331306000084,-0.06521164294909076
50.69164639000084,-0.05323500739299778
50.69997972000084,-0.043138194939386094
50.70831305000085,-0.03731761775579793
50.716646380000846,-0.037532488827154445
50.724979710000845,-0.04483474692015296
50.733313040000844,-0.05967473577920405
50.74164637000084,-0.08190615932405154
50.74997970000084,-0.11084915114362841
50.75831303000084,-0.1454680601275228
50.76664636000085,-0.1843888290276578
50.77497969000085,-0.22606158913223462
50.78331302000085,-0.26883460104215806
50.791646350000846,-0.3110148845524401
50.799979680000845,-0.351012637129807
50.808313010000845,-0.3873108929854244
50.816646340000844,-0.41860335437256296
50.82497967000084,-0.44373796858484
50.83331300000084,-0.46176911079596555
50.84164633000085,-0.47200879951782776
50.84997966000085,-0.4739744221062905
50.85831299000085,-0.46739572853830713
50.86664632000085,-0.4522338543366705
50.874979650000846,-0.4287527513048916
50.883312980000845,-0.3974204801435424
50.891646310000844,-0.358835050156159
50.89997964000085,-0.3137096185640097
50.90831297000085,-0.2628762215172462
50.91664630000085,-0.20732268007205654
50.92497963000085,-0.14812949512394205
50.93331296000085,-0.08646369919972959
50.94164629000085,-0.02355363665575116
50.949979620000846,0.03933598931950958
50.958312950000845,0.10092049948893898
50.966646280000845,0.1599319628057046
50.97497961000085,0.21514254585419393
50.98331294000085,0.26532865249319926
50.99164627000085,0.30929137033981735
50.99997960000085,0.34596190520856446
51.00831293000085,0.37440177691759313
51.01664626000085,0.393781342182624
51.02497959000085,0.40348799376918487
51.03331292000085,0.40316057795966775
51.04164625000085,0.39270093094456504
51.04997958000085,0.3722771799103567
51.05831291000085,0.3423189146211374
51.06664624000085,0.3035043111130882
51.07497957000085,0.2567568795275864
51.08331290000085,0.20328382978389953
51.09164623000085,0.14448519513635996
51.09997956000085,0.08188277445694088
51.10831289000085,0.017057420305662496
51.11664622000085,-0.04837553845137367
51.12497955000085,-0.11283081328124056
51.13331288000085,-0.17481621809800837
51.14164621000085,-0.23298856082128422
51.14997954000085,-0.2862027662989733
51.15831287000085,-0.33347311742132135
51.166646200000855,-0.37401410542368535
51.174979530000854,-0.4072357124266257
51.183312860000854,-0.4327183398341775
51.19164619000085,-0.45017483018085913
51.19997952000085,-0.45940235900467674
51.20831285000085,-0.4602302189332667
51.21664618000085,-0.4524724076636857
51.22497951000085,-0.4358949109175516
51.23331284000085,-0.41020607168404366
51.241646170000855,-0.3750090415855988
51.249979500000855,-0.32981789165650754
51.258312830000854,-0.2743092268479909
51.26664616000085,-0.20836179216473089
51.27497949000085,-0.13206556535721511
51.28331282000085,-0.046062355545484594
51.29164615000085,0.04838526462059054
51.29997948000086,0.1493442925201138
51.30831281000086,0.2541990309388608
51.316646140000856,0.3598166528457906
51.324979470000855,0.46279772350285464
51.333312800000854,0.5597188113673419
51.34164613000085,0.6473007647922641
51.34997946000085,0.7228144810272684
51.35831279000085,0.7841696361798786
51.36664612000085,0.8301100188735802
51.37497945000086,0.860115221527413
51.38331278000086,0.8744091867932328
51.391646110000856,0.8737310573751866
51.399979440000855,0.8592158901351198
51.408312770000855,0.8321746225097452
51.416646100000854,0.7940836094789715
51.42497943000085,0.7464697795294373
51.43331276000086,0.6907862679141231
51.44164609000086,0.6284108130334958
51.44997942000086,0.5606295687445296
51.45831275000086,0.48863116148038455
51.46664608000086,0.41347368068909857
51.474979410000856,0.3357400045626329
51.483312740000855,0.2558857232898257
51.491646070000854,0.1744186767502088
51.49997940000085,0.09189933034880421
51.50831273000086,0.00893570202988173
51.51664606000086,-0.07382485881233906
51.52497939000086,-0.15570315094826773
51.53331272000086,-0.23599600657882983
51.54164605000086,-0.31398700940302465
51.549979380000856,-0.38895810051637203
51.558312710000855,-0.46016465404364637
51.56664604000086,-0.526842850131174
51.57497937000086,-0.5882571162788921
51.58331270000086,-0.6437162892319284
51.59164603000086,-0.6925896510031485
51.59997936000086,-0.7343192960381034
51.60831269000086,-0.7684298477697215
51.61664602000086,-0.7945357109791
51.62497935000086,-0.8123340948827751
51.633312680000856,-0.8216009363031301
51.64164601000086,-0.8222174462501073
51.64997934000086,-0.8141705114143336
51.65831267000086,-0.797556390589433
51.66664600000086,-0.7729660618315618
51.67497933000086,-0.7415969945883055
51.68331266000086,-0.7049422790980758
51.69164599000086,-0.6647530499248496
51.699979320000864,-0.6230344460228776
51.70831265000086,-0.5820184815845791
51.71664598000086,-0.5440949099488107
51.72497931000086,-0.5116864163179684
51.73331264000086,-0.4870490924471516
51.74164597000086,-0.4719449669701722
51.74997930000086,-0.4671563211726736
51.75831263000086,-0.47227068857078763
51.76664596000086,-0.4853998845637974
51.774979290000864,-0.5031759886177434
51.78331262000086,-0.5211486124500168
51.79164595000086,-0.5342378306526852
51.79997928000086,-0.5374932555263355
51.80831261000086,-0.5268237021889121
51.81664594000086,-0.4996733232171409
51.82497927000086,-0.45517264138082286
51.833312600000866,-0.39422079941373833
51.841645930000865,-0.31894639557248383
51.849979260000865,-0.23230088198468096
51.858312590000864,-0.13744918706938855
51.86664592000086,-0.037466155124631785
51.87497925000086,0.06483843249938126
51.88331258000086,0.16708949555631725
51.89164591000086,0.2673226913153987
51.89997924000086,0.3638765642254691
51.90831257000087,0.45541974312391753
51.916645900000866,0.5409261864500036
51.924979230000865,0.619573922481913
51.933312560000864,0.6906836575645451
51.94164589000086,0.7537897120656167
51.94997922000086,0.808561477633956
51.95831255000086,0.8547854194383323
51.96664588000087,0.8922460967127765
51.97497921000087,0.9207241312333111
51.98331254000087,0.9401244301167506
51.991645870000866,0.9504760444930345
51.999979200000865,0.9519258179945111
52.008312530000865,0.9447307292803782
52.016645860000864,0.9292504058052754
52.02497919000086,0.9059799578982947
52.03331252000086,0.8755624436764728
52.04164585000087,0.8387235229149296
52.04997918000087,0.7962794689843641
52.05831251000087,0.7492018150747315
52.06664584000087,0.6985161880974441
52.074979170000866,0.6453090639091106
52.083312500000865,0.5907673346025792
52.091645830000864,0.5360458272031321
52.09997916000087,0.4822763000696852
52.10831249000087,0.4303525093700452
52.11664582000087,0.3807868621275311
52.12497915000087,0.33385725837258995
52.13331248000087,0.28954150109487625
52.14164581000087,0.24754366639154723
52.149979140000866,0.20726490272621012
52.158312470000865,0.16777782141743075
52.166645800000865,0.12789029807269714
52.17497913000087,0.08620519106974424
52.18331246000087,0.04117527605297465
52.19164579000087,-0.00871266228041735
52.19997912000087,-0.06486632735407873
52.20831245000087,-0.12831834658120816
52.21664578000087,-0.199649676856806
52.22497911000087,-0.2787327902629365
52.23331244000087,-0.364679088883415
52.24164577000087,-0.45587110251492197
52.24997910000087,-0.5499647034346794
52.25831243000087,-0.6440011068305348
52.26664576000087,-0.7348708375285017
52.27497909000087,-0.8194454872621333
52.28331242000087,-0.8948125834377701
52.29164575000087,-0.9586127561511588
52.29997908000087,-1.0091661685154225
52.30831241000087,-1.0455770041444865
52.31664574000087,-1.0676574421427083
52.32497907000087,-1.0758222406709372
52.33331240000087,-1.0709248480050477
52.34164573000087,-1.0541038163242031
52.34997906000087,-1.0266704002001206
52.35831239000087,-0.9899536487134182
52.366645720000875,-0.9451863214958545
52.374979050000874,-0.8934916160340409
52.38331238000087,-0.8358029729646467
52.39164571000087,-0.7729760234866427
52.39997904000087,-0.7057288248589692
52.40831237000087,-0.6345874001086131
52.41664570000087,-0.5599410670374054
52.42497903000087,-0.48207385591015584
52.43331236000087,-0.4011630214036359
52.441645690000875,-0.3172769183622229
52.449979020000875,-0.23044518953079382
52.458312350000874,-0.14071247428870026
52.46664568000087,-0.04817603435329664
52.47497901000087,0.047018848208346876
52.48331234000087,0.14463677440247485
52.49164567000087,0.2442489652583255
52.49997900000088,0.3452285314926931
52.50831233000088,0.4467421851138848
52.516645660000876,0.5477442707574819
52.524978990000875,0.6469220786095604
52.533312320000874,0.7427654345555549
52.54164565000087,0.8336492217786413
52.54997898000087,0.9178405857730761
52.55831231000087,0.9935936154200325
52.56664564000087,1.0592705819107198
52.57497897000088,1.1133643252927254
52.58331230000088,1.1545166115038816
52.591645630000876,1.1816021425939573
52.599978960000875,1.19384718807827
52.608312290000875,1.1908020052964432
52.616645620000874,1.1723543351070618
52.62497895000087,1.138733228662808
52.63331228000088,1.0904417697136777
52.64164561000088,1.0282499551170705
52.64997894000088,0.9532171410898959
52.65831227000088,0.8666404586026651
52.66664560000088,0.7699342517052504
52.674978930000876,0.6646897986968151
52.683312260000875,0.5526226814324932
52.691645590000874,0.4354925816469143
52.69997892000087,0.31519292497504936
52.70831225000088,0.19377307468233787
52.71664558000088,0.07332672545533343
52.72497891000088,-0.043923216295139074
52.73331224000088,-0.15559414431113316
52.74164557000088,-0.2593593282726923
52.749978900000876,-0.35289107861671787
52.758312230000875,-0.43385436157322005
52.76664556000088,-0.4999796101349993
52.77497889000088,-0.5492788616354947
52.78331222000088,-0.5801540065555836
52.79164555000088,-0.5918795753728553
52.79997888000088,-0.5846926812836925
52.80831221000088,-0.5596874321291201
52.81664554000088,-0.5188632580308052
52.824978870000876,-0.4649478694639594
52.833312200000876,-0.401180998331735
52.84164553000088,-0.33125829225468534
52.84997886000088,-0.25906897338130475
52.85831219000088,-0.18867115277248492
52.86664552000088,-0.12402086762224178
52.87497885000088,-0.06882101561418491
52.88331218000088,-0.026290224003301634
52.89164551000088,0.0011516358003953726
52.899978840000884,0.012208301559133694
52.90831217000088,0.006885415352684609
52.91664550000088,-0.013494588213331235
52.92497883000088,-0.0464869641339817
52.93331216000088,-0.0889433670182957
52.94164549000088,-0.1372254098130824
52.94997882000088,-0.18752146486978755
52.95831215000088,-0.23625580551426248
52.96664548000088,-0.28023303608967126
52.974978810000884,-0.3167737657188899
52.98331214000088,-0.34392715500677884
52.99164547000088,-0.3605270158515606
52.99997880000088,-0.36614831594278785
53.00831213000088,-0.3610592001479928
53.01664546000088,-0.34598589063042334
53.02497879000088,-0.32215838864837304
53.033312120000886,-0.29122594017861253
53.041645450000885,-0.2549572418234347
53.049978780000885,-0.21502302113556906
53.058312110000884,-0.17299507193514466
53.06664544000088,-0.130276870145625
53.07497877000088,-0.08811542888565548
53.08331210000088,-0.04758353387417981
53.09164543000088,-0.009618819691151893
53.09997876000088,0.02503199695972214
53.10831209000089,0.05573388609946202
53.116645420000886,0.08197591214620109
53.124978750000885,0.10348905514012058
53.133312080000884,0.12014620738709955
53.14164541000088,0.13184997423542302
53.14997874000088,0.1385308209794824
53.15831207000088,0.1401615987096778
53.16664540000089,0.13692422806439122
53.17497873000089,0.1291918649665723
53.18331206000089,0.1172845584116943
53.191645390000886,0.10155842707558324
53.199978720000885,0.08256446693336707
53.208312050000885,0.06098947257228905
53.216645380000884,0.0377310034570791
53.22497871000088,0.01380502356570538
53.23331204000088,-0.009550088100682466
53.24164537000089,-0.030877383528556575
53.24997870000089,-0.048625976437898843
53.25831203000089,-0.061183075668106636
53.26664536000089,-0.06695093164780185
53.274978690000886,-0.0646653496952562
53.283312020000885,-0.05348047182746927
53.291645350000884,-0.03332783132608075
53.29997868000089,-0.004884516309423313
53.30831201000089,0.030214925102414126
53.31664534000089,0.06957247523783687
53.32497867000089,0.11019122558875864
53.33331200000089,0.1490402267234642
53.34164533000089,0.18322510297133493
53.349978660000886,0.2103824986980247
53.358311990000885,0.22906659047610112
53.366645320000885,0.23882377380440076
53.37497865000089,0.24012631406921583
53.38331198000089,0.2341382461911658
53.39164531000089,0.22255332037207573
53.39997864000089,0.20731224975330054
53.40831197000089,0.19040218396569192
53.41664530000089,0.1736365871504762
53.424978630000886,0.15856728858190805
53.43331196000089,0.14642204999373593
53.44164529000089,0.13801673116208374
53.44997862000089,0.13378296004231546
53.45831195000089,0.13374696763313504
53.46664528000089,0.13769383866975338
53.47497861000089,0.14517724411354999
53.48331194000089,0.1555591011495432
53.49164527000089,0.16798053067284724
53.49997860000089,0.18136527431654023
53.50831193000089,0.19468913344569197
53.51664526000089,0.20705735010012602
53.52497859000089,0.21763039385539695
53.53331192000089,0.22572158299303346
53.54164525000089,0.230774486933596
53.54997858000089,0.232322372964855
53.55831191000089,0.23000466535184247
53.566645240000895,0.22360447953218252
53.574978570000894,0.2130375913901891
53.58331190000089,0.1983285424157525
53.59164523000089,0.17961139331709963
53.59997856000089,0.15713092823617278
53.60831189000089,0.13127539935591007
53.61664522000089,0.10257159953136352
53.62497855000089,0.07165038527264392
53.63331188000089,0.03923569316427827
53.641645210000895,0.006211920136845991
53.649978540000895,-0.026424350899297695
53.658311870000894,-0.057817156753961194
53.66664520000089,-0.08720563003869633
53.67497853000089,-0.11388102771701468
53.68331186000089,-0.1371839977419183
53.69164519000089,-0.1566353153913856
53.6999785200009,-0.17197116534949664
53.7083118500009,-0.18319072961903068
53.716645180000896,-0.19064076022297025
53.724978510000895,-0.19513806289542318
53.733311840000894,-0.19789007143493964
53.74164517000089,-0.20048284381483752
53.74997850000089,-0.20476200193316108
53.75831183000089,-0.21267340069934695
53.76664516000089,-0.22609228013187757
53.7749784900009,-0.24661998162455395
53.7833118200009,-0.2753132948683848
53.791645150000896,-0.31258201278461
53.799978480000895,-0.35810126295045536
53.808311810000895,-0.4108168099502749
53.816645140000894,-0.46908334546838676
53.82497847000089,-0.5309114167402574
53.8333118000009,-0.5940247173821759
53.8416451300009,-0.6560696965904416
53.8499784600009,-0.7146466949664478
53.8583117900009,-0.7673742787948525
53.866645120000896,-0.8120129563798857
53.874978450000896,-0.8464561574963281
53.883311780000895,-0.8688250467598541
53.891645110000894,-0.8773458745530494
53.89997844000089,-0.8705149638025146
53.9083117700009,-0.847159907322567
53.9166451000009,-0.80650176019761
53.9249784300009,-0.7483206046859061
53.9333117600009,-0.6729342193377672
53.9416450900009,-0.5810847241249446
53.949978420000896,-0.4739405091278588
53.958311750000895,-0.3531168694603037
53.9666450800009,-0.220760106617439
53.9749784100009,-0.07928780561496564
53.9833117400009,0.06863548163003354
53.9916450700009,0.22025440062186677
53.9999784000009,0.3727020483718141
54.0083117300009,0.5231405328179306
54.0166450600009,0.6687714060811099
54.024978390000896,0.8068471661072205
54.033311720000896,0.9347906596049043
54.0416450500009,1.0501867687805642
54.0499783800009,1.150860106349974
54.0583117100009,1.234889782256576
54.0666450400009,1.300820265331212
54.0749783700009,1.3476658392354426
54.0833117000009,1.374919790315204
54.0916450300009,1.3825599626691483
54.099978360000904,1.371041376080533
54.1083116900009,1.3413131312418574
54.1166450200009,1.2948026339858445
54.1249783500009,1.2332704855236447
54.1333116800009,1.158626420500954
54.1416450100009,1.0730021585592713
54.1499783400009,0.978628181057337
54.1583116700009,0.8777327967497472
54.1666450000009,0.772466791599618
54.174978330000904,0.664912608416546
54.1833116600009,0.5570263932367128
54.1916449900009,0.45047592771447664
54.1999783200009,0.3466673185124967
54.2083116500009,0.24675087123083217
54.2166449800009,0.15154541707657626
54.2249783100009,0.061458232917286554
54.233311640000906,-0.023320308677980343
54.241644970000905,-0.10275696463810692
54.249978300000905,-0.17694043354713948
54.258311630000904,-0.24604007243786433
54.2666449600009,-0.3102074861844493
54.2749782900009,-0.369548779667749
54.2833116200009,-0.42425246876878087
54.2916449500009,-0.4746424131953963
54.2999782800009,-0.5210278444196346
54.30831161000091,-0.5636643031043128
54.316644940000906,-0.6027595477015423
54.324978270000905,-0.6385249018073015
54.333311600000904,-0.6711036611633814
54.3416449300009,-0.7005941828658659
54.3499782600009,-0.7271246386491395
54.3583115900009,-0.7507207364397787
54.36664492000091,-0.7713125375086192
54.37497825000091,-0.7888186068802059
54.38331158000091,-0.8030502906014267
54.391644910000906,-0.8137135707729903
54.399978240000905,-0.8204463662185
54.408311570000905,-0.8227330429420181
54.416644900000904,-0.8199721979286778
54.4249782300009,-0.8116101509946524
54.4333115600009,-0.7970340964938867
54.44164489000091,-0.7756397926767089
54.44997822000091,-0.7469909576881466
54.45831155000091,-0.710863405038732
54.466644880000906,-0.6672700257623659
54.474978210000906,-0.6164703770487255
54.483311540000905,-0.5589644559958128
54.491644870000904,-0.4954687633926283
54.49997820000091,-0.42683459338087015
54.50831153000091,-0.3540115517925203
54.51664486000091,-0.2780227268193996
54.52497819000091,-0.199788603137299
54.53331152000091,-0.12025703056610296
54.54164485000091,-0.040357187073954914
54.549978180000906,0.03915902514305823
54.558311510000905,0.11750531334141849
54.566644840000905,0.19398090687354275
54.57497817000091,0.26801958720632724
54.58331150000091,0.3390288740871721
54.59164483000091,0.40647292534255464
54.59997816000091,0.46992413795314286
54.60831149000091,0.5289703750960179
54.61664482000091,0.5831756152344438
54.624978150000906,0.6321890648157883
54.63331148000091,0.6757400287018692
54.64164481000091,0.713590700039983
54.64997814000091,0.7454297171115399
54.65831147000091,0.7708765477803531
54.66664480000091,0.7896192578175698
54.67497813000091,0.801428426488861
54.68331146000091,0.8061577774080515
54.69164479000091,0.8037464251761457
54.69997812000091,0.7942211477522951
54.70831145000091,0.7776980261795564
54.71664478000091,0.7543833375995771
54.72497811000091,0.7245735941350321
54.73331144000091,0.6886555019237465
54.74164477000091,0.6471054196715255
54.74997810000091,0.6004904899982467
54.75831143000091,0.5494722573668597
54.766644760000915,0.4948700797980614
54.774978090000914,0.43762319903107727
54.78331142000091,0.3785758898034053
54.79164475000091,0.3186248540904892
54.79997808000091,0.2588032749544449
54.80831141000091,0.20026275687494183
54.81664474000091,0.1442516556052666
54.82497807000091,0.0920893247291687
54.83331140000091,0.04516645340732993
54.841644730000915,0.004790779221548318
54.849978060000915,-0.027896963125405076
54.858311390000914,-0.05211103135017806
54.86664472000091,-0.06766516267559253
54.87497805000091,-0.07514082855402232
54.88331138000091,-0.07595332642055524
54.89164471000091,-0.07241371023052515
54.89997804000092,-0.06757895419023996
54.908311370000916,-0.06485166316619967
54.916644700000916,-0.06748140160954706
54.924978030000915,-0.07829087660595482
54.933311360000914,-0.09912200675709203
54.94164469000091,-0.1305843335446883
54.94997802000091,-0.17223251613049603
54.95831135000091,-0.2226493193313799
54.96664468000091,-0.2797759541654064
54.97497801000092,-0.3413131281921525
54.98331134000092,-0.4049570130789663
54.991644670000916,-0.4684894697769504
54.999978000000915,-0.529928645170144
55.008311330000915,-0.5875867969291015
55.016644660000914,-0.6400552388657548
55.02497799000091,-0.6861777942549369
55.03331132000092,-0.7250321728096643
55.04164465000092,-0.7560165136633573
55.04997798000092,-0.7790676578665598
55.05831131000092,-0.7941992201779101
55.066644640000916,-0.8014312603328491
55.074977970000916,-0.8007931377069302
55.083311300000915,-0.7923289014373491
55.091644630000914,-0.7761050183146525
55.09997796000091,-0.7522169966895877
55.10831129000092,-0.7208006921391251
55.11664462000092,-0.6820442477706729
55.12497795000092,-0.6361972532353327
55.13331128000092,-0.5835785629667017
55.14164461000092,-0.5245815982371511
55.149977940000916,-0.4596776356338035
55.158311270000915,-0.38941710561570575
55.16664460000092,-0.3144272798685836
55.17497793000092,-0.23540744368950395
55.18331126000092,-0.15312454948197698
55.19164459000092,-0.06840307580308688
55.19997792000092,0.017918550968810048
55.20831125000092,0.10501638925943216
55.21664458000092,0.19204884462293476
55.224977910000916,0.2778724930714805
55.233311240000916,0.36089623896622336
55.24164457000092,0.4393961885878571
55.24997790000092,0.5115554459630021
55.25831123000092,0.57547165238716
55.26664456000092,0.6292382867037749
55.27497789000092,0.6709518712440509
55.28331122000092,0.6987975450867696
55.29164455000092,0.7111893412239347
55.299977880000924,0.7068671971038593
55.30831121000092,0.6851125780948502
55.31664454000092,0.6458605415281691
55.32497787000092,0.5897290442812346
55.33331120000092,0.5182296521143213
55.34164453000092,0.43359970225285904
55.34997786000092,0.33881018469874347
55.35831119000092,0.23745073438891168
55.36664452000092,0.13349800807540751
55.374977850000924,0.03114545194586331
55.38331118000092,-0.06546985041708415
55.39164451000092,-0.15244727175848316
55.39997784000092,-0.22651151064182767
55.40831117000092,-0.28517844262719233
55.41664450000092,-0.3268988046033043
55.42497783000092,-0.35122033856173984
55.433311160000926,-0.3587142841266799
55.441644490000925,-0.35062856478217574
55.449977820000925,-0.3287694319850326
55.458311150000924,-0.2952141868229567
55.46664448000092,-0.2521272391867178
55.47497781000092,-0.2016269819164225
55.48331114000092,-0.14570926225044567
55.49164447000092,-0.08629437648018498
55.49997780000092,-0.025072085041829728
55.508311130000926,0.036410849373528696
55.516644460000926,0.09675943160629874
55.524977790000925,0.15477018945227136
55.533311120000924,0.2093954199186377
55.54164445000092,0.25973035049439985
55.54997778000092,0.3050472558296616
55.55831111000092,0.3447974342475163
55.56664444000093,0.37860892591546724
55.57497777000093,0.40628002710844724
55.58331110000093,0.42776838546185364
55.591644430000926,0.4431767802177388
55.599977760000925,0.4527363052302592
55.608311090000925,0.45680028498307124
55.616644420000924,0.45582227685887666
55.62497775000092,0.4503108292528277
55.63331108000092,0.4407949397094691
55.64164441000093,0.4277413731246006
55.64997774000093,0.41156522650689675
55.65831107000093,0.39263900403532914
55.666644400000926,0.3712838451853525
55.674977730000926,0.3477914875342612
55.683311060000925,0.322388453615053
55.691644390000924,0.2952059672419799
55.69997772000093,0.26632717250146337
55.70831105000093,0.23579906345480658
55.71664438000093,0.2036430555999592
55.72497771000093,0.1698678562293924
55.73331104000093,0.13451160389917066
55.74164437000093,0.09766402287292078
55.749977700000926,0.05942604470616387
55.758311030000925,0.01991199823141492
55.766644360000925,-0.0207252785211416
55.77497769000093,-0.062285843392741465
55.78331102000093,-0.10451776402703969
55.79164435000093,-0.1471156029566615
55.79997768000093,-0.1897220733729576
55.80831101000093,-0.23193245667752094
55.81664434000093,-0.27330376187602134
55.824977670000926,-0.3133582253582504
55.83331100000093,-0.35155395194743266
55.84164433000093,-0.3873369127009407
55.84997766000093,-0.4201707196203672
55.85831099000093,-0.44955739290693747
55.86664432000093,-0.4749977732031207
55.87497765000093,-0.496015418171534
55.88331098000093,-0.5122663791707718
55.89164431000093,-0.5236046182529666
55.89997764000093,-0.5300402220279912
55.90831097000093,-0.5317188214595937
55.91664430000093,-0.5288977850548362
55.92497763000093,-0.5220363245451888
55.93331096000093,-0.5117310650378669
55.94164429000093,-0.49862758372263244
55.94997762000093,-0.4833664217256256
55.95831095000093,-0.4665735991927826
55.966644280000935,-0.44876953727390057
55.974977610000934,-0.43024654846101307
55.98331094000093,-0.41100829582349424
55.99164427000093,-0.39073131628957136
55.99997760000093,-0.36875575246876613
56.00831093000093,-0.3440548194078482
56.01664426000093,-0.31518884370009975
56.02497759000093,-0.2805265207732315
56.03331092000093,-0.2382762906687901
56.041644250000935,-0.1867389653169911
56.049977580000935,-0.12462812084626843
56.058310910000934,-0.05121977998434078
56.06664424000093,0.033390677913941895
56.07497757000093,0.12818028447173005
56.08331090000093,0.23134094767750057
56.09164423000093,0.34039599747207194
56.09997756000094,0.45243713226876353
56.108310890000936,0.5644092520205717
56.116644220000936,0.6733435947221381
56.124977550000935,0.7765010620782115
56.133310880000934,0.871479238754671
56.14164421000093,0.9562930166445923
56.14997754000093,1.0293627184333227
56.15831087000093,1.0895160059992242
56.16664420000093,1.1359788520200964
56.17497753000094,1.16829911930134
56.18331086000094,1.1862414459810542
56.191644190000936,1.18987068073358
56.199977520000935,1.1794690483680623
56.208310850000935,1.1554385418129383
56.216644180000934,1.1183776578038547
56.22497751000093,1.069115166037356
56.23331084000094,1.0084797677890178
56.24164417000094,0.9373218499876552
56.24997750000094,0.8565252498533932
56.25831083000094,0.7668875519859488
56.266644160000936,0.6692381876672681
56.274977490000936,0.5645317691005914
56.283310820000935,0.4538455004658019
56.291644150000934,0.33844697965487225
56.29997748000093,0.21977063190558496
56.30831081000094,0.09941030692443699
56.31664414000094,-0.020826338091726907
56.32497747000094,-0.13895676065600066
56.33331080000094,-0.25281121050597805
56.34164413000094,-0.3600561040474631
56.349977460000936,-0.4582852488484679
56.358310790000935,-0.5450636403850657
56.36664412000094,-0.6181106160254642
56.37497745000094,-0.6754059613713126
56.38331078000094,-0.715474508129916
56.39164411000094,-0.7374138669351652
56.39997744000094,-0.7410769455511234
56.40831077000094,-0.7275740189103457
56.41664410000094,-0.6990213192483891
56.424977430000936,-0.6583369786883057
56.433310760000936,-0.6090909965113049
56.44164409000094,-0.5553086326586977
56.44997742000094,-0.5014707086107612
56.45831075000094,-0.45226468489027966
56.46664408000094,-0.4124880398895669
56.47497741000094,-0.3866279873963465
56.48331074000094,-0.3783140081940568
56.49164407000094,-0.3897772610556316
56.499977400000944,-0.42135546969574517
56.50831073000094,-0.47136251166876625
56.51664406000094,-0.5361803837118084
56.52497739000094,-0.6108718400753193
56.53331072000094,-0.6896726878931473
56.54164405000094,-0.7665981627560956
56.54997738000094,-0.835852605224874
56.55831071000094,-0.8921609343935412
56.56664404000094,-0.9311784794332782
56.574977370000944,-0.9496706753603799
56.58331070000094,-0.9458143786270649
56.59164403000094,-0.9192325849630295
56.59997736000094,-0.8708900209715331
56.60831069000094,-0.8026640691042277
56.61664402000094,-0.7171809391989487
56.62497735000094,-0.617517659472362
56.633310680000946,-0.5067248702072281
56.641644010000945,-0.3876558816266358
56.649977340000945,-0.2629025741698235
56.658310670000944,-0.13476195346560002
56.66664400000094,-0.005253932307338677
56.67497733000094,0.12383634903753836
56.68331066000094,0.2509600094976625
56.69164399000094,0.37475183318781374
56.69997732000094,0.49381255115992934
56.708310650000946,0.6068202170544489
56.716643980000946,0.7126105554925332
56.724977310000945,0.810135010104215
56.733310640000944,0.8984571748247858
56.74164397000094,0.976712516325177
56.74997730000094,1.0441301110774461
56.75831063000094,1.1000729318045965
56.76664396000095,1.1440476713694918
56.77497729000095,1.1757375476854675
56.78331062000095,1.1949510436896547
56.791643950000946,1.2016420965479866
56.799977280000945,1.1959271793461288
56.808310610000945,1.1781404988561994
56.816643940000944,1.1488385474782064
56.82497727000094,1.1087192510072146
56.83331060000094,1.0586730538772369
56.84164393000095,0.9997800493897662
56.84997726000095,0.9331890244129063
56.85831059000095,0.8601729535659418
56.866643920000946,0.7820638500471608
56.874977250000946,0.700129469281574
56.883310580000945,0.6155799661914747
56.891643910000944,0.5295723932834852
56.89997724000095,0.4430989519191502
56.90831057000095,0.35696876410383405
56.91664390000095,0.2718165528155189
56.92497723000095,0.18812943112782093
56.93331056000095,0.10628557161852427
56.94164389000095,0.02660085159924905
56.949977220000946,-0.050615559079071344
56.958310550000945,-0.12500529956166864
56.966643880000944,-0.19611628878445933
56.97497721000095,-0.26338403124857424
56.98331054000095,-0.3261245818132479
56.99164387000095,-0.3835554546847411
56.99997720000095,-0.43483310000674724
57.00831053000095,-0.479043606433134
57.01664386000095,-0.515342411310871
57.024977190000946,-0.5430882861542897
57.03331052000095,-0.5619244879076835
57.04164385000095,-0.571837979137893
57.04997718000095,-0.5731912926567074
57.05831051000095,-0.5667247918419817
57.06664384000095,-0.5535303273343348
57.07497717000095,-0.5349551293894047
57.08331050000095,-0.5124060583825547
57.09164383000095,-0.48737284072555714
57.09997716000095,-0.4612959790583779
57.10831049000095,-0.4353843678358524
57.11664382000095,-0.4106727736489546
57.12497715000095,-0.3879364088587788
57.13331048000095,-0.36764067120504956
57.14164381000095,-0.3499963685706251
57.14997714000095,-0.33494953347015183
57.15831047000095,-0.32217953532326987
57.166643800000955,-0.3111579700813861
57.174977130000954,-0.3012229970230056
57.18331046000095,-0.2915419367562671
57.19164379000095,-0.2811550215674768
57.19997712000095,-0.26910023447874953
57.20831045000095,-0.25442731900151844
57.21664378000095,-0.23612880789822532
57.22497711000095,-0.21323830030524915
57.23331044000095,-0.18497544359327367
57.241643770000955,-0.15079494371218846
57.249977100000955,-0.11039066210923192
57.258310430000954,-0.06372572743552793
57.26664376000095,-0.011052293966528605
57.27497709000095,0.047082149880065635
57.28331042000095,0.10984076670403295
57.29164375000095,0.17611622870988064
57.29997708000096,0.2445617152064329
57.308310410000956,0.31366878432510775
57.316643740000956,0.3818595374540715
57.324977070000955,0.4474755799199393
57.333310400000954,0.5088898029056583
57.34164373000095,0.5645981424778036
57.34997706000095,0.6131201870934525
57.35831039000095,0.6530741698692316
57.36664372000095,0.6832995359402905
57.37497705000096,0.7028186750633625
57.38331038000096,0.710860323872192
57.391643710000956,0.7068762408786432
57.399977040000955,0.6905480662896866
57.408310370000954,0.6618440533537051
57.416643700000954,0.6210381583959426
57.42497703000095,0.5687115829491493
57.43331036000096,0.5057295542069682
57.44164369000096,0.43319382012801066
57.44997702000096,0.35246866177330366
57.45831035000096,0.2652679241249797
57.466643680000956,0.1735733515656277
57.474977010000956,0.07970698024289523
57.483310340000955,-0.013759499236426638
57.491643670000954,-0.10395683163425065
57.49997700000095,-0.18771595365240218
57.50831033000096,-0.2616303324146967
57.51664366000096,-0.322193322938583
57.52497699000096,-0.3660271655651094
57.53331032000096,-0.39020130522955915
57.54164365000096,-0.3926976369380431
57.549976980000956,-0.3726512310821998
57.558310310000955,-0.3306555838386865
57.56664364000096,-0.268867506407173
57.57497697000096,-0.19061135354298955
57.58331030000096,-0.10023733270057057
57.59164363000096,-0.002606022219551621
57.59997696000096,0.0971773130707159
57.60831029000096,0.1940746297390626
57.61664362000096,0.2834018236158702
57.624976950000956,0.36100399947183676
57.633310280000956,0.4235998388232092
57.64164361000096,0.46886538206912953
57.64997694000096,0.4956907477071934
57.65831027000096,0.5041463297478628
57.66664360000096,0.4952673950860058
57.67497693000096,0.4709316687976108
57.68331026000096,0.4335327896023402
57.69164359000096,0.38573805618844054
57.699976920000964,0.3302533345206094
57.70831025000096,0.26967034267291706
57.71664358000096,0.2063809505507813
57.72497691000096,0.14253090311609992
57.73331024000096,0.0800016898559575
57.74164357000096,0.020368322158343857
57.74997690000096,-0.035163292324949295
57.75831023000096,-0.08609833026616034
57.76664356000096,-0.13230597478939515
57.774976890000964,-0.17380592570148656
57.78331022000096,-0.21070536906525422
57.79164355000096,-0.24320477964387907
57.79997688000096,-0.2715962637764469
57.80831021000096,-0.2962428735240416
57.81664354000096,-0.3175493088119983
57.82497687000096,-0.33587355265450203
57.833310200000966,-0.35153396509230317
57.841643530000965,-0.3648299206770253
57.849976860000965,-0.37602436914296306
57.858310190000964,-0.3853270717369333
57.86664352000096,-0.39288084792938643
57.87497685000096,-0.39875128503204466
57.88331018000096,-0.4029200732109629
57.89164351000096,-0.4052826459384326
57.89997684000096,-0.40565049472380993
57.908310170000966,-0.4037578047739164
57.916643500000966,-0.3992689232855635
57.924976830000965,-0.3917935726470801
57.933310160000964,-0.38090170100891296
57.94164349000096,-0.36620078790825256
57.94997682000096,-0.34773354876852314
57.95831015000096,-0.3257512784442638
57.96664348000097,-0.3007155881044609
57.97497681000097,-0.273194773800047
57.98331014000097,-0.24399715795962726
57.991643470000966,-0.2142211414724559
57.999976800000965,-0.18522831501266734
58.008310130000964,-0.1585521206977381
58.016643460000964,-0.13584250493636363
58.02497679000096,-0.11874267059354103
58.03331012000096,-0.10873348780111187
58.04164345000097,-0.10685239015067405
58.04997678000097,-0.1135653168905324
58.05831011000097,-0.12846259147107694
58.066643440000966,-0.15029935222278762
58.074976770000966,-0.1771100612779682
58.083310100000965,-0.20650380321775225
58.091643430000964,-0.23575260708458978
58.09997676000097,-0.26204701185396134
58.10831009000097,-0.28271311188869225
58.11664342000097,-0.29545378582551807
58.12497675000097,-0.29839887024908546
58.13331008000097,-0.29020300753272965
58.14164341000097,-0.2700538013427236
58.149976740000966,-0.2377095080154584
58.158310070000965,-0.1934224943250811
58.166643400000964,-0.1379026706364167
58.17497673000097,-0.07220957576715567
58.18331006000097,0.0022371335036202103
58.19164339000097,0.08385369327555708
58.19997672000097,0.17086485115710165
58.20831005000097,0.261415122309136
58.21664338000097,0.35363894838477195
58.224976710000966,0.44571535172368576
58.23331004000097,0.5359100750574181
58.24164337000097,0.6225800790291579
58.24997670000097,0.7042339953664376
58.25831003000097,0.779450572347801
58.26664336000097,0.8469937543103048
58.27497669000097,0.9057542225354849
58.28331002000097,0.954743965204014
58.29164335000097,0.9931655334982624
58.29997668000097,1.0203934882089956
58.30831001000097,1.0359509434505465
58.31664334000097,1.0395194910467813
58.32497667000097,1.0309467815508464
58.33331000000097,1.0102513247214455
58.34164333000097,0.9776243676738058
58.34997666000097,0.9334292848462483
58.35830999000097,0.8781968120071428
58.366643320000975,0.8126418106775797
58.374976650000974,0.7377050070870901
58.38330998000097,0.6544862236242828
58.39164331000097,0.5642491845170713
58.39997664000097,0.4684899204783779
58.40830997000097,0.368832541514642
58.41664330000097,0.26710769456038924
58.42497663000097,0.16524027911138975
58.43330996000097,0.06528838426179993
58.441643290000975,-0.0307089926774314
58.449976620000974,-0.12072592374761193
58.458309950000974,-0.20297397398251707
58.46664328000097,-0.2759042177273981
58.47497661000097,-0.33839550522254597
58.48330994000097,-0.389922623008226
58.49164327000097,-0.43059298324869066
58.49997660000098,-0.46107037837778714
58.508309930000976,-0.48253552821136936
58.516643260000976,-0.4966986871274431
58.524976590000975,-0.5055400740263409
58.533309920000974,-0.5111078778250409
58.54164325000097,-0.5155492067958771
58.54997658000097,-0.520819764613138
58.55830991000097,-0.5285449154985881
58.56664324000097,-0.540039653747913
58.57497657000098,-0.556146741979159
58.58330990000098,-0.5771769842367708
58.591643230000976,-0.6028886337492508
58.599976560000975,-0.6325001292561506
58.608309890000974,-0.6648066685121593
58.616643220000974,-0.6983045615416954
58.62497655000097,-0.7311960445845381
58.63330988000098,-0.7615974965223496
58.64164321000098,-0.7876040795724742
58.64997654000098,-0.8072913872625928
58.65830987000098,-0.8188330162928359
58.666643200000976,-0.8205494408732268
58.674976530000976,-0.8110617838909716
58.683309860000975,-0.7892528990538626
58.691643190000974,-0.7542236696463557
58.69997652000097,-0.7054376260271009
58.70830985000098,-0.6427739136221069
58.71664318000098,-0.566496161354516
58.72497651000098,-0.47725457370009167
58.73330984000098,-0.3760765968679931
58.74164317000098,-0.26428067645697056
58.749976500000976,-0.14343954040191514
58.758309830000975,-0.015409452853569388
58.76664316000098,0.11767941535730683
58.77497649000098,0.25362657016516355
58.78330982000098,0.3901629992874857
58.79164315000098,0.5249459282436549
58.79997648000098,0.6556567865107134
58.80830981000098,0.7800421684383997
58.81664314000098,0.895946696943902
58.824976470000976,1.0013666672497885
58.833309800000976,1.0945009789968263
58.84164313000098,1.1737977165464264
58.84997646000098,1.2379923232739327
58.85830979000098,1.2861428497225211
58.86664312000098,1.3176550307475898
58.87497645000098,1.3323004498809055
58.88330978000098,1.3301960236072419
58.89164311000098,1.3117507496257053
58.899976440000984,1.2776712466510947
58.90830977000098,1.2289436341652586
58.91664310000098,1.166793175241602
58.92497643000098,1.092584785380481
58.93330976000098,1.007824920712527
58.94164309000098,0.9141295232558818
58.94997642000098,0.8130951817208515
58.95830975000098,0.7063390404380243
58.96664308000098,0.5955247457711759
58.974976410000984,0.4822815976074938
58.98330974000098,0.36817785665095065
58.99164307000098,0.2547169683822997
58.99997640000098,0.14329338224222937
59.00830973000098,0.035081130531658455
59.01664306000098,-0.06880598504112817
59.02497639000098,-0.16728993397404765
59.033309720000986,-0.25932944666606333
59.041643050000985,-0.34391223074527244
59.049976380000984,-0.42004496176382183
59.058309710000984,-0.48669203268013395
59.06664304000098,-0.542818798472158
59.07497637000098,-0.5876581114127538
59.08330970000098,-0.620624206866052
59.09164303000098,-0.6412651406243386
59.09997636000098,-0.6493240212142873
59.108309690000986,-0.6448845704300981
59.116643020000986,-0.6284697395765874
59.124976350000985,-0.6011260366415124
59.133309680000984,-0.564473261539593
59.14164301000098,-0.5206973189003509
59.14997634000098,-0.4725331736942173
59.15830967000098,-0.42315287179691663
59.16664300000099,-0.37596085010090274
59.17497633000099,-0.3342507581888269
59.18330966000099,-0.3008849798167135
59.191642990000986,-0.27796614423892635
59.199976320000985,-0.26658370536983605
59.208309650000984,-0.2667445490338169
59.216642980000984,-0.2773824203489816
59.22497631000098,-0.2965849527336456
59.23330964000098,-0.3219453104173465
59.24164297000099,-0.35084003791583795
59.24997630000099,-0.3806820127595314
59.25830963000099,-0.4090999647827263
59.266642960000986,-0.43404846056510693
59.274976290000986,-0.453860345435903
59.283309620000985,-0.4672425725979654
59.291642950000984,-0.47324305344886863
59.29997628000099,-0.47123917408750793
59.30830961000099,-0.46092437185249924
59.31664294000099,-0.4425883673967208
59.32497627000099,-0.4168817334236724
59.33330960000099,-0.3845568225606407
59.34164293000099,-0.3463805557799177
59.349976260000986,-0.3031104057198994
59.358309590000985,-0.2555416699951631
59.366642920000984,-0.20449723266172684
59.37497625000099,-0.15079469025560285
59.38330958000099,-0.09517887762592184
59.39164291000099,-0.03836893224436319
59.39997624000099,0.018932077463983815
59.40830957000099,0.0760452581950832
59.41664290000099,0.13232455564531576
59.424976230000986,0.18717459803017997
59.43330956000099,0.24007997621920085
59.44164289000099,0.2905783951574097
59.44997622000099,0.33825613721030856
59.45830955000099,0.3827515984403851
59.46664288000099,0.42375896583860634
59.47497621000099,0.46103136272329215
59.48330954000099,0.49428560863598725
59.49164287000099,0.5229327650938141
59.49997620000099,0.54634337983369
59.50830953000099,0.5638863549496627
59.51664286000099,0.5749376289248876
59.52497619000099,0.5789708503106693
59.53330952000099,0.5754558301981706
59.54164285000099,0.5639682881865132
59.54997618000099,0.5441437936359238
59.55830951000099,0.5159076498553576
59.566642840000995,0.4793938615857714
59.574976170000994,0.43502804201599315
59.58330950000099,0.38370294087692564
59.59164283000099,0.3267449370670789
59.59997616000099,0.2659030306707563
59.60830949000099,0.2034229862621669
59.61664282000099,0.14190832980714901
59.62497615000099,0.08416537156649474
59.63330948000099,0.03294135042359496
59.641642810000995,-0.009431835111443413
59.649976140000994,-0.04135103442593584
59.658309470000994,-0.062077200510576795
59.66664280000099,-0.0718724600774565
59.67497613000099,-0.07183780250371904
59.68330946000099,-0.06381880225618729
59.69164279000099,-0.05003163746751187
59.699976120001,-0.0327996216520758
59.708309450000996,-0.014267063171189023
59.716642780000996,0.0037229575595062268
59.724976110000995,0.01970786480218912
59.733309440000994,0.03267067515936917
59.74164277000099,0.041868447291364345
59.74997610000099,0.04690926886537065
59.75830943000099,0.047685930489946265
59.76664276000099,0.044274235699027394
59.774976090001,0.03694060320353259
59.783309420001,0.026114824230008087
59.791642750000996,0.012270107030296098
59.799976080000995,-0.004065853245028303
59.808309410000994,-0.02228111868371504
59.816642740000994,-0.041774016343578795
59.82497607000099,-0.06192256157205882
59.833309400001,-0.08206683743952464
59.841642730001,-0.10164282059928073
59.849976060001,-0.12028129796267369
59.858309390001,-0.1376061837543956
59.866642720000996,-0.1532192164547749
59.874976050000996,-0.1667101563076723
59.883309380000995,-0.17763434469019404
59.891642710000994,-0.18551763415732014
59.89997604000099,-0.18991553724148555
59.908309370001,-0.19043234159194
59.916642700001,-0.18673532314749028
59.924976030001,-0.1785664113735914
59.933309360001,-0.16575350610638404
59.941642690001,-0.1482188286720108
59.949976020000996,-0.1259958158106934
59.958309350000995,-0.09944794331122742
59.966642680001,-0.06927432671742358
59.974976010001,-0.03632101510193092
59.983309340001,-0.0016305575009858745
59.991642670001,0.03358957770514975
