frequency_Hz,theory_amplitude
0.0,0.02210400829228132
0.016666673333335724,0.016176374082289308
0.03333334666667145,0.0036008650975061724
0.05000002000000717,5.48330785299065e-05
0.0666666933333429,0.003989545089094724
0.08333336666667862,0.007073265173055635
0.10000004000001433,0.00592082605325232
0.11666671333335006,0.00943288561653789
0.1333333866666858,0.009746434566556762
0.1500000600000215,0.009430261323119034
0.16666673333335724,0.007162492185570269
0.18333340666669296,0.002569249401464723
0.20000008000002867,0.005919257321532246
0.2166667533333644,0.02721840243115619
0.23333342666670012,0.06319330028962405
0.25000010000003586,0.06030369617084597
0.2666667733333716,0.02445441287674399
0.2833334466667073,0.004830428423867605
0.300000120000043,0.0019218053309157013
0.31666679333337877,0.0032257777029833495
0.3333334666667145,0.006031357703185448
0.3500001400000502,0.008933535243754702
0.3666668133333859,0.01865258793462663
0.3833334866667216,0.02957808822784179
0.40000016000005734,0.03284532845201119
0.4166668333333931,0.01614260763069217
0.4333335066667288,0.00865466711377867
0.45000018000006453,0.0055953975534156365
0.46666685333340024,0.01778738378132876
0.48333352666673596,0.03708862797855369
0.5000002000000717,0.03306204611700383
0.5166668733334074,0.01610419319395351
0.5333335466667432,0.00818571033911938
0.5500002200000789,0.00958650003134248
0.5666668933334146,0.007458375288510265
0.5833335666667503,0.0026376894715313378
0.600000240000086,0.00801843997663849
0.6166669133334217,0.04560885092098821
0.6333335866667575,0.08528844552207127
0.6500002600000933,0.05389756620511501
0.666666933333429,0.03588871611137784
0.6833336066667647,0.011565878403549069
0.7000002800001004,0.005268246393247088
0.7166669533334361,0.0015244807034814206
0.7333336266667718,0.006992195383807861
0.7500003000001075,0.024070500562346588
0.7666669733334432,0.07948790651303608
0.783333646666779,0.08188926450245512
0.8000003200001147,0.023599238563870417
0.8166669933334505,0.009758968766394926
0.8333336666667862,0.0032510404634526107
0.8500003400001219,0.005424578198432718
0.8666670133334576,0.010474403788931382
0.8833336866667933,0.010975937200091015
0.9000003600001291,0.009042267620476463
0.9166670333334648,0.006688306885831957
0.9333337066668005,0.0021901537848670327
0.9500003800001362,0.0011992679959168678
0.9666670533334719,0.002589212434531428
0.9833337266668077,0.0019240044366926597
1.0000004000001435,0.011308778527025916
1.016667073333479,0.01938838509856174
1.0333337466668149,0.012885697786462202
1.0500004200001505,0.002534869574334453
1.0666670933334863,0.0016453321492585391
1.0833337666668221,0.0034611272920381034
1.1000004400001577,0.013759954941576074
1.1166671133334936,0.030234198738749
1.1333337866668292,0.023505370551651614
1.150000460000165,0.0098849459012222
1.1666671333335006,0.011487130701644768
1.1833338066668364,0.011101422305997626
1.200000480000172,0.007140978252561287
1.2166671533335078,0.006585177044497486
1.2333338266668434,0.004804918993945025
1.2500005000001793,0.01116869528016739
1.266667173333515,0.008272967929961019
1.2833338466668507,0.0026011544103917324
1.3000005200001865,0.006919845436394834
1.3166671933335221,0.015225090101162197
1.333333866666858,0.014084157056186502
1.3500005400001935,0.011425748856872371
1.3666672133335294,0.035476839477944756
1.383333886666865,0.05033649408767622
1.4000005600002008,0.15779713371493892
1.4166672333335364,0.42863292353312593
1.4333339066668722,0.7859865951006609
1.450000580000208,0.5028837488868115
1.4666672533335436,0.07711950134733214
1.4833339266668795,0.010957597846511777
1.500000600000215,0.008461850585246197
1.516667273333551,0.005917282726365206
1.5333339466668865,0.01896807695336699
1.5500006200002223,0.013196662462950173
1.566667293333558,0.016865590377456996
1.5833339666668937,0.008297580974882713
1.6000006400002293,0.005476401663492551
1.6166673133335652,0.006415845035284936
1.633333986666901,0.015346045859664
1.6500006600002366,0.04908015615630459
1.6666673333335724,0.053829375682779596
1.683334006666908,0.020261555222136005
1.7000006800002438,0.007028611749748471
1.7166673533335794,0.007300761516755862
1.7333340266669153,0.007797015184562866
1.7500007000002509,0.015086306063702978
1.7666673733335867,0.019625345552426066
1.7833340466669225,0.012361642459975421
1.8000007200002581,0.007544113797647091
1.816667393333594,0.007291483490676408
1.8333340666669296,0.004169554627856294
1.8500007400002654,0.002327912453589203
1.866667413333601,0.073342827422514
1.8833340866669368,0.5134509738487774
1.9000007600002724,0.767262164177755
1.9166674333336082,0.293670387080084
1.9333341066669438,0.07497484472426086
1.9500007800002797,0.026975799385136334
1.9666674533336155,0.010805861796425861
1.983334126666951,0.005872955895241982
2.000000800000287,0.0036470443183295636
2.0166674733336225,0.01438495789044728
2.033334146666958,0.03042981747675513
2.050000820000294,0.01358053068128781
2.0666674933336298,0.006016109891974353
2.0833341666669654,0.007338295084359302
2.100000840000301,0.00561187514413551
2.116667513333637,0.0024753637030851482
2.1333341866669726,0.0005811264995193178
2.150000860000308,0.004270611175183659
2.1666675333336443,0.005467524207096488
2.18333420666698,0.005702510309118586
2.2000008800003155,0.011132375472499902
2.216667553333651,0.01075873760596203
2.233334226666987,0.017076729965400942
2.2500009000003227,0.024145475181772808
2.2666675733336583,0.06367764727158286
2.283334246666994,0.12966659604509634
2.30000092000033,0.11052792398706376
2.3166675933336656,0.03528605181611939
2.333334266667001,0.02767397041713877
2.350000940000337,0.013663714523966313
2.366667613333673,0.0048153264287070525
2.3833342866670084,0.004793542767699083
2.400000960000344,0.0019066379129887771
2.41666763333368,0.001330922080816427
2.4333343066670157,0.004381912694083688
2.4500009800003513,0.005120649818069491
2.466667653333687,0.0027373260508024456
2.483334326667023,0.009343630973562084
2.5000010000003585,0.06001437895048404
2.516667673333694,0.17857012013152357
2.53333434666703,0.22483819122580032
2.5500010200003658,0.10121144040140367
2.5666676933337014,0.08924683082218204
2.583334366667037,0.037569221895776696
2.600001040000373,0.02774994428804867
2.6166677133337086,0.016764175645485553
2.6333343866670442,0.012899821500372704
2.65000106000038,0.014312447900170918
2.666667733333716,0.02631044068973505
2.6833344066670515,0.01283460484057634
2.700001080000387,0.013212254302663314
2.716667753333723,0.005126590960162886
2.7333344266670587,0.0017964357072947602
2.7500011000003943,0.0035741271052740745
2.76666777333373,0.007613326950623574
2.783334446667066,0.0030250876331718046
2.8000011200004016,0.007367466451201155
2.816667793333737,0.003105200204965596
2.833334466667073,0.004220618162242946
2.850001140000409,0.004733798621968566
2.8666678133337444,0.0015573286074083423
2.88333448666708,0.003410443356707813
2.900001160000416,0.006018626580805951
2.9166678333337517,0.007793689895978492
2.9333345066670873,0.010073591439268555
2.950001180000423,0.005100084175487603
2.966667853333759,0.00786873964643293
2.9833345266670945,0.00745935568562404
3.00000120000043,0.005236475124125475
3.0166678733337657,0.01029515723250507
3.033334546667102,0.016584077338631285
3.0500012200004374,0.010069187542451502
3.066667893333773,0.0015267976212091324
3.083334566667109,0.008284070891914797
3.1000012400004446,0.0060116572126998665
3.1166679133337802,0.005314632813566987
3.133334586667116,0.00771476731764749
3.150001260000452,0.002022235424971681
3.1666679333337875,0.014250179489867296
3.183334606667123,0.01583513184692051
3.2000012800004587,0.015835037478753658
3.2166679533337947,0.028644965663636758
3.2333346266671303,0.02642325253541296
3.250001300000466,0.004314568787898488
3.266667973333802,0.07519304935834677
3.2833346466671376,0.1872148226612554
3.300001320000473,0.2984096115517985
3.316667993333809,0.19194217314225018
3.333334666667145,0.062349420459967914
3.3500013400004804,0.052013555367076164
3.366668013333816,0.02765879137721425
3.383334686667152,0.03512440699913894
3.4000013600004877,0.035059327913956606
3.4166680333338233,0.03800290078445127
3.433334706667159,0.04189677633090323
3.450001380000495,0.0034743288055236387
3.4666680533338305,0.01577571922723661
3.483334726667166,0.010643927081118247
3.5000014000005018,0.009849748456895825
3.516668073333838,0.0009922287404629429
3.5333347466671734,0.01783390771724785
3.550001420000509,0.040961936116075785
3.566668093333845,0.025815103033633272
3.5833347666671806,0.00563560256517446
3.6000014400005163,0.0033339654350098623
3.616668113333852,0.007866206754873652
3.633334786667188,0.007989520405646081
3.6500014600005235,0.013172421552479531
3.666668133333859,0.006381250303986885
3.6833348066671947,0.0038903270907531882
3.7000014800005308,0.003750942031290404
3.7166681533338664,0.0029634022261293804
3.733334826667202,0.002268018304305702
3.750001500000538,0.0021172832890852004
3.7666681733338736,0.0062775702762263704
3.783334846667209,0.013192249115587829
3.800001520000545,0.005996947106990942
3.816668193333881,0.007932319578431789
3.8333348666672165,0.0038246956354936927
3.850001540000552,0.00607045934149391
3.8666682133338877,0.0037213890667792764
3.8833348866672237,0.003998799584040256
3.9000015600005593,0.005507838588287004
3.916668233333895,0.005940054916869028
3.933334906667231,0.006390780819488879
3.9500015800005666,0.008628156915021478
3.966668253333902,0.010182309779545661
3.9833349266672378,0.010584731764975812
4.000001600000574,0.006773087865291399
4.016668273333909,0.003092087915613952
4.033334946667245,0.009517475889959923
4.050001620000581,0.006045866968523234
4.066668293333916,0.008828913845639072
4.083334966667252,0.009261368767324323
4.100001640000588,0.007217983734592862
4.116668313333924,0.005460954476914781
4.1333349866672595,0.010311403808706505
4.150001660000595,0.03655063208940502
4.166668333333931,0.08618790604338791
4.183335006667266,0.14885223976019257
4.200001680000602,0.0969510335556503
4.216668353333938,0.028407173229355313
4.233335026667274,0.025846711953189466
4.25000170000061,0.013852830636156931
4.266668373333945,0.005808665683352112
4.283335046667281,0.008518888948420185
4.300001720000616,0.008353101381977819
4.316668393333952,0.016908610344295794
4.3333350666672885,0.011307684947536692
4.350001740000624,0.004293480272093265
4.36666841333396,0.004797965341210748
4.383335086667295,0.008989209257592884
4.400001760000631,0.033513301789761994
4.4166684333339665,0.07726002698758686
4.433335106667302,0.07738087730582788
4.450001780000639,0.036547807788205995
4.466668453333974,0.028186310888879774
4.48333512666731,0.01282292590889038
4.500001800000645,0.01138690503174644
4.516668473333981,0.009187041596647034
4.533335146667317,0.009219407918821983
4.550001820000652,0.003571427017263801
4.566668493333988,0.006747389926401573
4.583335166667324,0.0040187147885731925
4.60000184000066,0.004517780340624485
4.6166685133339955,0.004987085963798346
4.633335186667331,0.0047385459756292495
4.650001860000667,0.007993500860731808
4.666668533334002,0.011464969703231853
4.683335206667338,0.011478720511767257
4.700001880000674,0.00416757802572864
4.71666855333401,0.004840090396400685
4.733335226667346,0.004310768512602595
4.750001900000681,0.004021811406942199
4.766668573334017,0.005528696401603967
4.783335246667352,0.008950764758974633
4.800001920000688,0.01426099796308037
4.8166685933340245,0.021826017217451112
4.83333526666736,0.015884408292737722
4.850001940000696,0.010332524290015696
4.866668613334031,0.00693210248055977
4.883335286667367,0.0035002530437077592
4.9000019600007025,0.004320841640942918
4.916668633334038,0.006792152957346539
4.933335306667374,0.002838037190147065
4.95000198000071,0.0004471496253294055
4.966668653334046,0.0015465876192937234
4.983335326667381,0.002818551203234179
5.000002000000717,0.0028266741716073446
5.016668673334053,0.004679969213831283
5.033335346667388,0.009493115545008817
5.050002020000724,0.020009818368273688
5.06666869333406,0.011895253708316934
5.083335366667396,0.014300098665460018
5.1000020400007315,0.015178344769479239
5.116668713334067,0.0066269367944782
5.133335386667403,0.0009060795972862866
5.150002060000738,0.009365170718233243
5.166668733334074,0.02281420769651192
5.18333540666741,0.04797386591974398
5.200002080000746,0.06581075404356729
5.216668753334082,0.038887968009708014
5.233335426667417,0.025904019062534818
5.250002100000753,0.01822931935888878
5.2666687733340884,0.01255116988196576
5.283335446667424,0.01308956811849167
5.30000212000076,0.006707291929664975
5.316668793334096,0.0053366764627841125
5.333335466667432,0.010020227298585628
5.350002140000767,0.003103076027984315
5.366668813334103,0.005296486599645699
5.3833354866674386,0.00602603395492259
5.400002160000774,0.004804106634234988
5.41666883333411,0.002833262968587849
5.433335506667446,0.001083436015367325
5.450002180000782,0.006468987016430455
5.4666688533341175,0.0026985992587837014
5.483335526667453,0.001585435792731696
5.500002200000789,0.0016540397217379807
5.516668873334124,0.0030752889866593625
5.53333554666746,0.000242942953135235
5.550002220000796,0.002685404633438636
5.566668893334132,0.0005833409548690714
5.5833355666674676,0.0019273648411117855
5.600002240000803,0.005215749804610024
5.616668913334139,0.0058903753948156765
5.633335586667474,0.00466869225989054
5.65000226000081,0.004146511533625292
5.666668933334146,0.0008240223465651871
5.683335606667482,0.006448306543683779
5.700002280000818,0.003129026090619561
5.716668953334153,0.0012178290150235479
5.733335626667489,0.0032265365428864297
5.7500023000008245,0.0036759553870502866
5.76666897333416,0.0042242459375429
5.783335646667496,0.004702437989632139
5.800002320000832,0.02005954084757647
5.816668993334168,0.035758040477069424
5.833335666667503,0.03516653627915342
5.850002340000839,0.016202612033631474
5.866669013334175,0.014443543289409897
5.88333568666751,0.008036154397635461
5.900002360000846,0.006975555388616643
5.916669033334182,0.007278759841276142
5.933335706667518,0.003985192476868518
5.9500023800008535,0.00725209802961169
5.966669053334189,0.006437411472603928
5.983335726667525,0.005348968806414261
6.00000240000086,0.005069832095633097
6.016669073334196,0.00416349073744112
6.0333357466675315,0.008196883607474555
6.050002420000868,0.015009383274914438
6.066669093334204,0.03312397318235473
6.083335766667539,0.048069919719961184
6.100002440000875,0.027811467491251702
6.11666911333421,0.01636148578533054
6.133335786667546,0.01201647740116905
6.150002460000882,0.007573962821703782
6.166669133334218,0.0037378172652306843
6.183335806667554,0.0009504487464543252
6.200002480000889,0.007771204213483219
6.216669153334225,0.011034507907151115
6.2333358266675605,0.004565698300051882
6.250002500000896,0.0014888294549382486
6.266669173334232,0.0033096667028275563
6.283335846667568,0.005185080468079602
6.300002520000904,0.014947105425737453
6.316669193334239,0.026045530685983642
6.333335866667575,0.02206878274785142
6.350002540000911,0.01269551807436246
6.366669213334246,0.009317631425681955
6.383335886667582,0.0066502817275549755
6.400002560000917,0.004692547686980816
6.416669233334254,0.003712689168088739
6.4333359066675895,0.003999802163173083
6.450002580000925,0.0019429608443869676
6.466669253334261,0.0021018645239401336
6.483335926667596,0.003010239778221557
6.500002600000932,0.0014216377501560867
6.5166692733342675,0.00035234848411872807
6.533335946667604,0.0007417789083674957
6.55000262000094,0.003008672418479723
6.566669293334275,0.005783224740520988
6.583335966667611,0.003601173450513403
6.600002640000946,0.00046572428267441517
6.616669313334282,0.0008428973738323107
6.633335986667618,0.000936575297306748
6.650002660000954,0.00010392252580526664
6.66666933333429,0.0019687631012310263
6.683336006667625,0.00378521174560277
6.700002680000961,0.005352616073671505
6.7166693533342965,0.005473030316684444
6.733336026667632,0.002146571359236685
6.750002700000968,0.0016214645786908225
6.766669373334304,0.0009965336647796204
6.78333604666764,0.001412118856425107
6.800002720000975,0.0017750454934910812
6.816669393334311,0.001994789105476551
6.833336066667647,0.0015873089555949807
6.850002740000982,0.0007500618075101495
6.866669413334318,0.0011589204195975337
6.883336086667653,0.0009429612829406882
6.90000276000099,0.001333970271195617
6.9166694333343255,0.0038594977160102076
6.933336106667661,0.008526610169340445
6.950002780000997,0.012818947427371172
6.966669453334332,0.008461585754201589
6.983336126667668,0.009437811859409482
7.0000028000010035,0.007692034549045192
7.01666947333434,0.0053473436677750905
7.033336146667676,0.003991932882057371
7.050002820001011,0.005700641525603598
7.066669493334347,0.0029550220950678246
7.083336166667682,0.010363494825114675
7.100002840001018,0.013451516393074472
7.116669513334354,0.007900292663613534
7.13333618666769,0.006923395111542809
7.150002860001026,0.0060261357836382526
7.166669533334361,0.005129641227977446
7.183336206667697,0.0040320179099785905
7.2000028800010325,0.002233259870390558
7.216669553334368,0.0016788341018538515
7.233336226667704,0.0023649934087961377
7.250002900001039,0.001030782104088293
7.266669573334376,0.0016253399927596535
7.283336246667711,0.0019276637245535576
7.300002920001047,0.002950400491965019
7.316669593334383,0.0022157627211817276
7.333336266667718,0.001934248400175764
7.350002940001054,0.003132408686572578
7.366669613334389,0.0020079453734919276
7.383336286667726,0.0018272882505129524
7.4000029600010615,0.0011692526816116917
7.416669633334397,0.0005957277079571886
7.433336306667733,0.0018531231773138647
7.450002980001068,0.003014223974335527
7.466669653334404,0.005316001707913979
7.4833363266677395,0.0053961874993173065
7.500003000001076,0.00257154068564798
7.516669673334412,0.0008033551728614894
7.533336346667747,0.0011299685963110915
7.550003020001083,0.0014588310152736576
7.566669693334418,0.0013921115679212915
7.583336366667754,0.0014421807635011147
7.60000304000109,0.001387460738881135
7.616669713334425,0.0026645296074339717
7.633336386667762,0.0015995660112601469
7.650003060001097,0.0011327064218184084
7.666669733334433,0.0006784673678781583
7.6833364066677685,0.003642091154303847
7.700003080001104,0.01006661754434199
7.71666975333444,0.01494449030742367
7.733336426667775,0.013396090473129564
7.750003100001112,0.008842217978150848
7.766669773334447,0.009015002665529442
7.783336446667783,0.006864644758264458
7.800003120001119,0.006047868881514634
7.816669793334454,0.005613487658139084
7.83333646666779,0.0038643215483412565
7.850003140001125,0.003995176038670048
7.866669813334462,0.0012112949804497604
7.8833364866677975,0.000951225693095862
7.900003160001133,0.0019390617819485102
7.916669833334469,0.0018984421995111443
7.933336506667804,0.004218682090798125
7.95000318000114,0.00337526503218509
7.9666698533344755,0.009356637117357465
7.983336526667811,0.011666937276650078
8.000003200001148,0.006893598146821998
8.016669873334482,0.005516374042526807
8.033336546667819,0.004186159303066242
8.050003220001155,0.0033904390300278785
8.06666989333449,0.0016138805443427842
8.083336566667827,0.0013047999441583682
8.100003240001161,0.0016378852993089554
8.116669913334498,0.0024104926120494725
8.133336586667832,0.0009739139917402251
8.150003260001169,0.0010065091316672182
8.166669933334504,0.0019300992816980898
8.18333660666784,0.0018265866106184877
8.200003280001177,0.0038195679838865597
8.216669953334511,0.006862965277108441
8.233336626667848,0.005511758655630325
8.250003300001183,0.004012935635819464
8.266669973334519,0.00218593541143698
8.283336646667854,0.0014829970781643665
8.30000332000119,0.0015364058466187736
8.316669993334527,0.0010332600044099802
8.333336666667861,0.0010330169296959713
8.350003340001198,0.0011583536116687083
8.366670013334533,0.0012147868826156147
8.38333668666787,0.0016497407830768352
8.400003360001204,0.0008767549332003041
8.41667003333454,0.0009184973309824522
8.433336706667877,0.0009232546234440734
8.450003380001212,0.0006310460548029449
8.466670053334548,0.0006034040924451254
8.483336726667883,0.001332035379742119
8.50000340000122,0.001076341318679504
8.516670073334554,0.0008154499567759128
8.53333674666789,0.000674676827763041
8.550003420001227,0.0005074677509151751
8.566670093334562,0.0014481432560259904
8.583336766667898,0.001978626509348014
8.600003440001233,0.0021870058731812956
8.61667011333457,0.002524692724068025
8.633336786667904,0.0019163262033445358
8.65000346000124,0.0019440301050372589
8.666670133334577,0.001552317548513368
8.683336806667912,0.0012211852004970995
8.700003480001248,0.0006760286934272009
8.716670153334583,0.00015852468697351573
8.73333682666792,0.0006458010080959195
8.750003500001254,0.0006989252313504807
8.76667017333459,0.0009226487814666579
8.783336846667927,0.0005094535482646238
8.800003520001262,0.0007489835918118082
8.816670193334598,0.00245030814339041
8.833336866667933,0.0038311409447328183
8.85000354000127,0.00509217030434881
8.866670213334604,0.0045821809469673985
8.88333688666794,0.005054255910046079
8.900003560001277,0.0036442342165316356
8.916670233334612,0.0027742331536202815
8.933336906667948,0.0022049866318787376
8.950003580001283,0.0019958114023008776
8.96667025333462,0.000805878513357291
8.983336926667954,0.0022147144100436358
9.00000360000129,0.0027643083427022434
9.016670273334626,0.0015094488482628957
9.033336946667962,0.0011100200546346193
9.050003620001299,0.0012000583719995617
9.066670293334633,0.0014348826332097506
9.08333696666797,0.001194532597885048
9.100003640001304,0.001476239574049426
9.116670313334641,0.0009373371907086552
9.133336986667976,0.0009304357207897402
9.150003660001312,0.0010346108140009886
9.166670333334649,0.0008156194614589664
9.183337006667983,0.0002758060666041181
9.20000368000132,0.0008096566560620106
9.216670353334655,0.00048533074110137543
9.233337026667991,0.0004621022443630699
9.250003700001326,0.000871843103225255
9.266670373334662,0.0010200500333350628
9.283337046667999,0.0006542104197692696
9.300003720001333,0.00034716223746591123
9.31667039333467,0.00019345684943549625
9.333337066668005,0.0011902618115637083
9.350003740001341,0.002347108382661313
9.366670413334676,0.003278038842294386
9.383337086668012,0.0033949384563248513
9.400003760001349,0.002122395526280189
9.416670433334684,0.0016109180944352747
9.43333710666802,0.0015147499158848499
9.450003780001355,0.002012561031744416
9.466670453334691,0.0017838226543052294
9.483337126668026,0.0007099281305084677
9.500003800001362,0.0011973030156166122
9.516670473334699,0.0020497350361348703
9.533337146668034,0.0012974137462538908
9.55000382000137,0.0007848553227390293
9.566670493334705,0.0007514185487582546
9.583337166668041,0.0018324779275391918
9.600003840001376,0.0026290528434248636
9.616670513334713,0.0038430672819627053
9.633337186668049,0.00405227562621196
9.650003860001384,0.003438624582156854
9.66667053333472,0.0033049351180234887
9.683337206668055,0.002936019210313376
9.700003880001391,0.002889798942121026
9.716670553334726,0.0022841742997863315
9.733337226668063,0.002361788846865038
9.750003900001397,0.002498928421853499
9.766670573334734,0.0005615866378890237
9.78333724666807,0.0008421451545676495
9.800003920001405,0.0010147759025948503
9.816670593334742,0.000749066673378067
9.833337266668076,0.0011358951427236324
9.850003940001413,0.00047483106035381124
9.866670613334747,0.00222072692253885
9.883337286668084,0.0026401045379782816
9.90000396000142,0.0014123903862047857
9.916670633334755,0.0009231406162542895
9.933337306668092,0.001024784932654246
9.950003980001426,0.0011976969714188172
9.966670653334763,0.00034598151979203486
9.983337326668098,0.0018749650693909972
10.000004000001434,0.001437646188745379
10.01667067333477,0.0009384756697988436
10.033337346668105,0.0008627574451317558
10.050004020001442,0.0007146236834743525
10.066670693334776,0.00032647988315738605
10.083337366668113,0.0006954785824876917
10.100004040001448,0.0012753881932883722
10.116670713334784,0.0014521615993913451
10.13333738666812,0.0010975410660810732
10.150004060001455,0.0011073897829101797
10.166670733334792,0.0005232817200329022
10.183337406668127,0.0004543273575652556
10.200004080001463,0.0006136269911954614
10.216670753334798,0.00012824668286123277
10.233337426668134,0.000547702780279601
10.25000410000147,0.00030981630905317447
10.266670773334805,0.0014678930434823306
10.283337446668142,0.0015353671351942043
10.300004120001477,0.0007632355718358753
10.316670793334813,0.0008340384738670817
10.333337466668148,0.0007640832094681986
10.350004140001484,0.000765328129137582
10.36667081333482,0.0007880959443857588
10.383337486668156,0.001295679278269246
10.400004160001492,0.0006546990804698553
10.416670833334827,0.0003287184660106538
10.433337506668163,0.00041971406854912315
10.450004180001498,0.00040525284853580747
10.466670853334834,0.0005687854406370161
10.48333752666817,0.0003534704469147026
10.500004200001506,0.00022563648224854137
10.516670873334842,0.0007106934430211611
10.533337546668177,0.0009971771233820996
10.550004220001513,0.0009074929207940761
10.566670893334848,0.000691142419791162
10.583337566668185,0.00046167758468165814
10.60000424000152,0.00022662017491210086
10.616670913334856,0.00017787659525938797
10.633337586668192,0.0004825232363964056
10.650004260001527,0.00011929151801924738
10.666670933334863,0.0003444531024811739
10.683337606668198,0.0002490004281759021
10.700004280001535,0.00031311467837863394
10.71667095333487,0.0011239336407610893
10.733337626668206,0.0014592955465464812
10.750004300001542,0.0018216145358626982
10.766670973334877,0.0016436803116693002
10.783337646668214,0.0015661824733528733
10.800004320001548,0.0012548255655288293
10.816670993334885,0.0009487273084134548
10.83333766666822,0.0008397625480488543
10.850004340001556,0.0006956893716965478
10.866671013334892,0.0005386394588205218
10.883337686668227,0.0006910104289799814
10.900004360001564,0.0006970837464423022
10.916671033334898,0.0005184566007587363
10.933337706668235,0.00031030068853676136
10.95000438000157,0.00018566298434075044
10.966671053334906,0.0002864070564934748
10.983337726668243,0.0004305252054766872
11.000004400001577,0.0006160033504468106
11.016671073334914,0.0004204777503358362
11.033337746668249,0.00029744863571887036
11.050004420001585,0.0005062244505768681
11.06667109333492,0.0004637692906196597
11.083337766668256,0.00017852809685752006
11.100004440001593,6.680164469746848e-05
11.116671113334927,4.678838143029666e-05
11.133337786668264,0.00013682427896264407
11.150004460001599,0.0002419520835386145
11.166671133334935,0.00043941022118895273
11.18333780666827,0.00024544832580651626
11.200004480001606,0.00010021097601288101
11.216671153334943,0.00023966987878369037
11.233337826668278,0.0005144190249350599
11.250004500001614,0.0010140584044904665
11.266671173334949,0.0012235232591848403
11.283337846668285,0.0011025571566237976
11.30000452000162,0.0008477259564810464
11.316671193334956,0.0008714334337864411
11.333337866668291,0.0008608239866160328
11.350004540001628,0.0012365718294143043
11.366671213334964,0.0011328988833967386
11.383337886668299,0.0006080310218712211
11.400004560001635,0.0007691971010027419
11.41667123333497,0.0013209811058198157
11.433337906668307,0.0010488119807032406
11.450004580001641,0.0007538974381102341
11.466671253334978,0.0005649543417669911
11.483337926668314,0.000631904578152813
11.500004600001649,0.00037758434511613357
11.516671273334985,0.0007733010422608216
11.53333794666832,0.0010861617040773715
11.550004620001657,0.0010021101615044204
11.566671293334991,0.0009743615438861692
11.583337966668328,0.0009382399245797335
11.600004640001664,0.0009944615227783522
11.616671313334999,0.0008476869375539665
11.633337986668336,0.0009451462043140308
11.65000466000167,0.0008009120204822406
11.666671333335007,0.00046804811082668614
11.683338006668341,0.00029641729433150203
11.700004680001678,0.0005206583542631292
11.716671353335014,0.00033865823475357534
11.73333802666835,0.0004606299263914313
11.750004700001686,0.00016146085027428944
11.76667137333502,0.0006259577435322964
11.783338046668357,0.0006532355507913811
11.800004720001692,0.00021584818926418116
11.816671393335028,0.00012638823186886852
11.833338066668365,0.0001305691101511625
11.8500047400017,0.0003258645465939221
11.866671413335036,0.0002288882786634674
11.88333808666837,0.0011716227871321086
11.900004760001707,0.0009246353861836039
11.916671433335042,0.0005368433693256625
11.933338106668378,0.0006725331564038546
11.950004780001715,0.0006798923483800203
11.96667145333505,0.0004699174015454291
11.983338126668386,0.0006530469181135594
12.00000480000172,0.0006675142174589779
12.016671473335057,0.00039464817580283555
12.033338146668392,0.00021623745251986938
12.050004820001728,0.00033776761282835934
12.066671493335063,0.0002312283970914175
12.0833381666684,5.336618387136125e-05
12.100004840001736,0.0002166759656119296
12.11667151333507,6.296724704028487e-05
12.133338186668407,8.807615129815864e-05
12.150004860001742,0.00020822072146282406
12.166671533335078,0.0006975934389300123
12.183338206668413,0.0006975155627007074
12.20000488000175,0.0005096629096139833
12.216671553335086,0.0005020676150620706
12.23333822666842,0.00046922919806595756
12.250004900001757,0.0004479171069326141
12.266671573335092,0.0006694222030826475
12.283338246668428,0.0008758192465762383
12.300004920001763,0.00043598552929448124
12.3166715933351,8.4068546419245e-05
12.333338266668436,0.00026698030033180673
12.35000494000177,0.000342116122703591
12.366671613335107,0.00022198541431761758
12.383338286668442,0.00015750339261148718
12.400004960001779,0.00020554325676380616
12.416671633335113,9.779938296817298e-05
12.43333830666845,0.00025082787770030915
12.450004980001786,0.0003147673316576596
12.466671653335121,0.000200467024210293
12.483338326668457,2.2697927904425723e-05
12.500005000001792,0.00011277053040425987
12.516671673335129,0.00012452054623063817
12.533338346668463,0.0003527463773160488
12.5500050200018,0.00013720910520492337
12.566671693335136,0.00012244446827518163
12.583338366668471,0.0001346741771941253
12.600005040001808,0.00019480191664073343
12.616671713335142,0.0005819021568429605
12.633338386668479,0.0005734482828312404
12.650005060001813,0.000565868364054959
12.66667173333515,0.00033715649472770425
12.683338406668486,0.00024746649777153716
12.700005080001821,0.00034232943422389083
12.716671753335158,0.00024218249293119404
12.733338426668492,0.0003969883439850247
12.750005100001829,0.0003414237315287575
12.766671773335164,0.0002205448519537893
12.7833384466685,0.00034945648850341187
12.800005120001835,0.0003262614828420228
12.816671793335171,0.00023396419935799008
12.833338466668508,0.00017944565065676886
12.850005140001842,7.031457187100218e-05
12.866671813335179,0.00010384998589119163
12.883338486668514,0.00017904481317447904
12.90000516000185,0.0002537678943347795
12.916671833335185,0.0002582014707245796
12.933338506668521,0.00012145149062701799
12.950005180001858,0.00013222618658043463
12.966671853335193,0.00015648083464267403
12.983338526668529,9.772769279497546e-05
13.000005200001864,6.905033532758369e-05
13.0166718733352,6.440027050379203e-05
13.033338546668535,5.6688101477369906e-05
13.050005220001871,0.0001534001795313775
13.066671893335208,0.00017837870504798544
13.083338566668543,5.559571153050437e-05
13.10000524000188,8.417763145245177e-05
13.116671913335214,9.202613607624928e-05
13.13333858666855,0.00019145127341913323
13.150005260001885,0.000387285513730868
13.166671933335222,0.0004439355905424221
13.183338606668558,0.0003535914520542772
13.200005280001893,0.00028657142470886053
13.21667195333523,0.0003137654227219919
13.233338626668564,0.0004059912179531966
13.2500053000019,0.0006602715111543373
13.266671973335235,0.0005591380345070906
13.283338646668572,0.00020695186312644397
13.300005320001908,0.0001652215537461149
13.316671993335243,0.00048097317777662794
13.33333866666858,0.0005460250597472359
13.350005340001914,0.00042206174325457746
13.36667201333525,0.0003247840955235293
13.383338686668585,0.00020559819495898735
13.400005360001922,6.70037502226279e-05
13.416672033335258,0.00017230873271286773
13.433338706668593,0.00031292237350316317
13.45000538000193,0.00034209691711320185
13.466672053335264,0.00027599116573411047
13.4833387266686,0.00025567837282882653
13.500005400001935,0.00032702896315868734
13.516672073335272,0.0003738962323403645
13.533338746668608,0.00020408644833298242
13.550005420001943,0.00023564005607468175
13.56667209333528,0.00041147429370680963
13.583338766668614,0.00022902398357386468
13.60000544000195,0.00021893557532553837
13.616672113335285,5.849589181676665e-05
13.633338786668622,0.00019266528354008923
13.650005460001957,7.829336716624926e-05
13.666672133335293,0.0002943002511364241
13.68333880666863,0.00028847841485869964
13.700005480001964,4.6350332046803595e-05
13.7166721533353,0.00012413109340923793
13.733338826668636,8.633200296575858e-05
13.750005500001972,0.00012459172891325193
13.766672173335307,0.00016909847457027816
13.783338846668643,0.00043867251283739346
13.80000552000198,0.0003638164728569424
13.816672193335314,0.00014721453476753752
13.833338866668651,0.00030028833775452884
13.850005540001986,0.00034410092094381656
13.866672213335322,0.0003274019239210764
13.883338886668657,0.0004589804464578712
13.900005560001993,0.00039327793146591133
13.91667223333533,0.00021051536745970544
13.933338906668665,4.4622445899363976e-05
13.950005580002001,0.00012371653877536209
13.966672253335336,0.0001973397638874063
13.983338926668672,0.00015222421501472639
14.000005600002007,0.00013326714566242378
14.016672273335343,9.254696891177346e-05
14.03333894666868,0.00010252168447886229
14.050005620002015,0.00014584038253280716
14.066672293335351,0.00023149190684969807
14.083338966668686,0.00024580180905941097
14.100005640002022,0.0002762913545781654
14.116672313335357,0.0002902680435948745
14.133338986668694,0.0002629576976667744
14.15000566000203,0.0002491351191986952
14.166672333335365,0.0003175415468216831
14.183339006668701,0.0003499187200912843
14.200005680002036,0.00022044946318021988
14.216672353335372,6.239093318284868e-05
14.233339026668707,0.00012590287114714875
14.250005700002044,0.0001503984582523212
14.26667237333538,0.00011423614474629364
14.283339046668715,7.179322407365294e-05
14.300005720002051,0.00014367421277004433
14.316672393335386,0.0001070882090365742
14.333339066668723,5.5002817214571594e-05
14.350005740002057,9.76474214679802e-05
14.366672413335394,8.616185299166228e-05
14.383339086668729,6.68083089464732e-05
14.400005760002065,8.805837686948903e-05
14.416672433335401,1.851386116887554e-05
14.433339106668736,9.672935272123058e-05
14.450005780002073,0.00015523579556350436
14.466672453335407,0.00012874442013588236
14.483339126668744,9.725244729195752e-05
14.500005800002079,0.00010259327843464308
14.516672473335415,0.00028602913975166085
14.533339146668752,0.00017840223418400184
14.550005820002086,0.0001321320823280179
14.566672493335423,0.00011897541272872665
14.583339166668758,4.0072754099349546e-05
14.600005840002094,5.937189619927214e-05
14.616672513335429,0.0001140090810999429
14.633339186668765,0.00021646080672757233
14.650005860002102,0.00017277455183643698
14.666672533335436,8.432351787917514e-05
14.683339206668773,0.0002384835718161075
14.700005880002108,0.0002275114645410648
14.716672553335444,0.00016826250590984038
14.733339226668779,0.00010622704270912595
14.750005900002115,4.710650035336426e-05
14.766672573335452,9.62924212619173e-05
14.783339246668787,0.00012454486667433967
14.800005920002123,0.00015692400655091144
14.816672593335458,0.000154217857094333
14.833339266668794,0.00013328414603538664
14.850005940002129,5.2308853790116576e-05
14.866672613335465,4.501420615926295e-05
14.883339286668802,7.9446053310193e-05
14.900005960002137,9.48025720553955e-05
14.916672633335473,4.552935219326743e-05
14.933339306668808,8.798460802059744e-05
14.950005980002144,0.0001286251618454594
14.966672653335479,9.946301527734512e-05
14.983339326668816,3.2960872177419834e-05
15.000006000002152,6.324270066492547e-05
15.016672673335487,2.4964053454003658e-05
15.033339346668823,0.00011012077298012261
15.050006020002158,0.0001806993047913597
15.066672693335494,0.00014911434888546278
15.08333936666883,0.00013764016911490404
15.100006040002166,8.554734173968326e-05
15.116672713335502,5.1700574884145845e-05
15.133339386668837,0.000137728241724116
15.150006060002173,0.0002751923929317876
15.166672733335508,0.00020406488271871526
15.183339406668845,5.859322497649797e-05
15.20000608000218,0.0001211780125494867
15.216672753335516,5.763506158255491e-05
15.23333942666885,0.0001653095134579125
15.250006100002187,0.00018244986693434148
15.266672773335523,0.0002109815647765848
15.283339446668858,0.00013638853099461745
15.300006120002195,6.865912632252352e-05
15.31667279333553,0.00011895303600171868
15.333339466668866,0.00014323114453508606
15.3500061400022,0.00017214176555687097
15.366672813335537,0.00013759462780552843
15.383339486668874,5.005273673823318e-05
15.400006160002208,0.00013823819407218345
15.416672833335545,0.0002113312873589683
15.43333950666888,0.00015286384143180557
15.450006180002216,0.00022519164906654787
15.46667285333555,0.00018775048006259356
15.483339526668887,0.0001242668901421654
15.500006200002224,0.00011784641047277801
15.516672873335558,6.51472834282229e-05
15.533339546668895,6.191556759876007e-05
15.55000622000223,5.8445012196241196e-05
15.566672893335566,0.00020648780420578805
15.5833395666689,0.00017960177757874715
15.600006240002237,3.0279139665963723e-05
15.616672913335574,5.996075881714528e-05
15.633339586668908,6.643945463890652e-05
15.650006260002245,7.30059575495616e-05
15.66667293333558,5.597215502659918e-05
15.683339606668916,8.601883130380677e-05
15.70000628000225,0.00010326457234614062
15.716672953335587,4.990994926849792e-05
15.733339626668924,7.69879382809618e-05
15.750006300002259,8.72055911196001e-05
15.766672973335595,0.00017067351689139368
15.78333964666893,0.0002583223257435867
15.800006320002266,0.00019457329686084704
15.816672993335601,9.845669558505269e-05
15.833339666668937,5.507665857607086e-05
15.850006340002274,4.4172125423665604e-05
15.866673013335609,0.00013380298178646664
15.883339686668945,0.00013590355898018282
15.90000636000228,0.00013731907107305492
15.916673033335616,0.0001254890968726263
15.933339706668951,0.00011036783166621388
15.950006380002288,6.453364610851858e-05
15.966673053335622,8.192345014962504e-05
15.983339726668959,7.620199432087956e-05
16.000006400002295,0.00011084691521370459
16.01667307333563,0.0001239791804919806
16.033339746668965,0.00016167756760990566
16.0500064200023,0.0001285950557692742
16.066673093335638,2.6940915849491612e-05
16.083339766668974,7.573653295658553e-05
16.10000644000231,9.68521097141355e-05
16.116673113335644,8.21528446555046e-05
16.13333978666898,7.491307770533126e-05
16.150006460002317,5.0374886340073794e-05
16.166673133335653,3.313476591103868e-05
16.183339806668986,3.5973574998462936e-05
16.200006480002322,0.00010877588717587781
16.21667315333566,0.00011776776370578336
16.233339826668995,3.83727983110245e-05
16.250006500002332,1.8459978315222704e-05
16.266673173335665,4.911525509492609e-05
16.283339846669,7.870051886986014e-05
16.300006520002338,1.5005122287373911e-05
16.316673193335674,7.61213730671567e-05
16.333339866669007,6.0749149265146166e-05
16.350006540002344,8.9319301985266e-05
16.36667321333568,0.00011742298329882698
16.383339886669017,9.33062979477742e-05
16.400006560002353,3.1390473468451385e-05
16.416673233335686,0.00012773610590122335
16.433339906669023,5.391226544590982e-05
16.45000658000236,8.172245598169553e-05
16.466673253335696,9.386050463904081e-05
16.483339926669032,1.5355050510501653e-06
16.500006600002365,2.6179444170530012e-05
16.5166732733357,7.857905849166932e-05
16.533339946669038,0.0001314682667491493
16.550006620002375,7.917980485908918e-05
16.566673293335707,5.4965107276515626e-05
16.583339966669044,0.00012291555771682828
16.60000664000238,0.00011694002535695371
16.616673313335717,8.199737006210625e-05
16.633339986669053,6.43819030908961e-05
16.650006660002386,2.863733501335026e-05
16.666673333335723,6.263513093591847e-05
16.68334000666906,0.00010061738807640123
16.700006680002396,9.606026835427971e-05
16.716673353335732,9.428270052208702e-05
16.733340026669065,0.0001080547142619033
16.7500067000024,7.578775123308051e-05
16.76667337333574,5.814320425542199e-05
16.783340046669075,8.230805259383029e-05
16.800006720002408,8.210343959611683e-05
16.816673393335744,3.9810665199304195e-05
16.83334006666908,7.37778611427452e-05
16.850006740002417,7.343194223386498e-05
16.866673413335754,6.637995301893606e-05
16.883340086669087,3.596997661576825e-05
16.900006760002423,4.330375785753534e-05
16.91667343333576,8.329295223622876e-06
16.933340106669096,6.608247447870551e-05
16.950006780002433,9.222566086271943e-05
16.966673453335765,3.9288866400299514e-05
16.983340126669102,6.031300159639505e-05
17.00000680000244,2.713250006779654e-05
17.016673473335775,4.716974094853513e-05
17.033340146669108,3.374858259542901e-05
17.050006820002444,9.274519533693498e-05
17.06667349333578,7.342018926121157e-05
17.083340166669117,7.319902004143477e-05
17.100006840002454,0.00012799590791915901
17.116673513335787,5.213550951715212e-05
17.133340186669123,2.2454025341197404e-05
17.15000686000246,0.00010007787599453186
17.166673533335796,0.0001345617074135786
17.18334020666913,8.440147894090662e-05
17.200006880002466,4.839362854343769e-05
17.216673553335802,8.162504175564482e-05
17.23334022666914,0.00010882949116488461
17.250006900002475,0.00012693661062145042
17.266673573335808,9.981627033239533e-05
17.283340246669145,5.6309787683553724e-05
17.30000692000248,0.00010302141002883868
17.316673593335818,0.00014356920803174062
17.333340266669154,0.00012687631200662209
17.350006940002487,0.0001226479007607496
17.366673613335823,8.443944646349613e-05
17.38334028666916,7.39982985535274e-05
17.400006960002496,9.838667376414973e-05
17.41667363333583,9.755868903773823e-05
17.433340306669166,6.791958475629285e-05
17.450006980002502,9.427306806392724e-05
17.46667365333584,0.0001119123769874323
17.483340326669175,8.292827229355148e-05
17.50000700000251,2.9252034767265344e-05
17.516673673335845,3.737733638597511e-05
17.53334034666918,3.589864037014977e-05
17.550007020002518,5.087246164175771e-05
17.566673693335854,3.588175274719074e-05
17.583340366669187,2.656728335628329e-05
17.600007040002524,3.7803999481341614e-05
17.61667371333586,3.383486235965034e-05
17.633340386669197,1.3188130596668638e-05
17.65000706000253,1.4220013223902138e-05
17.666673733335866,4.071654467135326e-05
17.683340406669203,7.145534951304767e-05
17.70000708000254,6.433561207673862e-05
17.716673753335876,5.256764343479557e-05
17.73334042666921,4.134833761126339e-05
17.750007100002545,3.396589152426721e-05
17.76667377333588,5.0871806315779005e-05
17.783340446669218,7.863729318068336e-05
17.800007120002554,8.90253355775633e-05
17.816673793335887,9.491468051423618e-05
17.833340466669224,8.601824175627047e-05
17.85000714000256,2.1807489938961054e-05
17.866673813335897,4.2170730795517414e-05
17.88334048666923,3.612888466243784e-05
17.900007160002566,5.1693743759937415e-05
17.916673833335903,5.6615157615353765e-05
17.93334050666924,0.00011492763374909345
17.950007180002576,8.315192577961175e-05
17.96667385333591,5.354379426507575e-05
17.983340526669245,7.467548236839437e-05
18.00000720000258,6.052568457067403e-05
18.016673873335918,7.499246480046632e-05
18.03334054666925,5.988048743766202e-05
18.050007220002588,3.2527412573500065e-05
18.066673893335924,2.9062452491608548e-05
18.08334056666926,5.684405532233856e-05
18.100007240002597,8.269024875335164e-05
18.11667391333593,6.115635054098488e-05
18.133340586669267,2.013910523658031e-05
18.150007260002603,2.2859890585397704e-05
18.16667393333594,3.6873655346463725e-05
18.183340606669276,6.390392001351053e-05
18.20000728000261,2.8179521211389162e-05
18.216673953335945,8.022459048497072e-05
18.233340626669282,8.538326798380781e-05
18.25000730000262,6.015439713633258e-05
18.26667397333595,7.431972479428704e-05
18.283340646669288,7.033627291401548e-05
18.300007320002624,2.859480850946673e-05
18.31667399333596,1.8345332335866185e-05
18.333340666669297,1.7286010704882547e-05
18.35000734000263,4.457177351671885e-05
18.366674013335967,4.943056983272189e-05
18.383340686669303,6.4517746379966935e-06
18.40000736000264,2.2776049253397476e-05
18.416674033335976,4.655416195623876e-05
18.43334070666931,7.775706554877644e-05
18.450007380002646,5.4723484390343616e-05
18.466674053335982,2.524152858980287e-06
18.48334072666932,4.833743143100012e-05
18.50000740000265,7.505832877325459e-05
18.516674073335988,6.0859170696294564e-05
18.533340746669325,4.19453254814312e-05
18.55000742000266,2.429839498911808e-05
18.566674093335997,4.8922679134832786e-05
18.58334076666933,7.320118604874334e-05
18.600007440002667,6.036633086631955e-05
18.616674113336003,6.042405779331984e-05
18.63334078666934,5.4330083079865866e-05
18.650007460002673,4.459602443178241e-05
18.66667413333601,3.48130559053833e-05
18.683340806669346,5.536167507597604e-05
18.700007480002682,5.4536220095460386e-05
18.71667415333602,2.6585441725933894e-05
18.73334082666935,4.347553393437957e-05
18.75000750000269,4.226662154887426e-05
18.766674173336025,3.95102508689595e-05
18.78334084666936,4.2646202803169614e-05
18.800007520002698,2.1213603649182464e-05
18.81667419333603,2.0792552909509024e-05
18.833340866669367,3.248437410664966e-05
18.850007540002704,3.378626717623175e-05
18.86667421333604,1.5437269317203807e-05
18.883340886669373,3.9650891127569686e-05
18.90000756000271,3.772036609341688e-06
18.916674233336046,3.347521704403852e-05
18.933340906669383,2.0674000343979472e-05
18.95000758000272,3.0470661074677426e-05
18.966674253336052,2.5602342443825568e-05
18.98334092666939,4.092740121690025e-05
19.000007600002725,7.888968249921808e-05
19.01667427333606,4.627797090763948e-05
19.033340946669398,1.1009659648472041e-05
19.05000762000273,4.8068229978653154e-05
19.066674293336067,7.950697292399615e-05
19.083340966669404,5.458250374072097e-05
19.10000764000274,2.3191705694117375e-05
19.116674313336073,4.773532899774735e-05
19.13334098666941,8.70343348807824e-05
19.150007660002746,8.730575586719855e-05
19.166674333336083,6.055223695153973e-05
19.18334100666942,4.441887562906325e-05
19.200007680002752,6.569844913532139e-05
19.21667435333609,7.279657477207289e-05
19.233341026669425,5.3692796125340254e-05
19.25000770000276,3.887557779179138e-05
19.266674373336098,3.709258432621409e-05
19.28334104666943,3.832349908563009e-05
19.300007720002768,5.990477713104568e-05
19.316674393336104,7.743704515239073e-05
19.33334106666944,7.812175220361537e-05
19.350007740002773,6.544553309108311e-05
19.36667441333611,7.580470976886801e-05
19.383341086669446,7.34612635379303e-05
19.400007760002783,4.309026378147396e-05
19.41667443333612,2.2131537272713978e-05
19.433341106669452,3.638018379547138e-06
19.45000778000279,1.877705010103195e-05
19.466674453336125,1.6510963231278393e-05
19.483341126669462,1.8700148216978062e-05
19.500007800002795,1.969449600504917e-05
19.51667447333613,1.477242173196491e-05
19.533341146669468,1.56624371270715e-05
19.550007820002804,1.7992628480346497e-05
19.56667449333614,2.043321991564864e-05
19.583341166669474,1.0915498203760754e-05
19.60000784000281,2.118623288801408e-05
19.616674513336147,3.9336681244289764e-05
19.633341186669483,3.525798968353193e-05
19.65000786000282,2.9295111755367933e-05
19.666674533336153,3.073035227531731e-05
19.68334120666949,3.1265714898091395e-05
19.700007880002826,4.844184265833021e-05
19.716674553336162,6.212103924737987e-05
19.733341226669495,5.875106520602224e-05
19.75000790000283,1.128348247018297e-05
19.766674573336168,4.969624743645845e-05
19.783341246669504,3.544628876851331e-05
19.80000792000284,3.274872811761809e-05
19.816674593336174,4.231605669758018e-05
19.83334126666951,7.303231963374547e-05
19.850007940002847,4.826003157582421e-05
19.866674613336183,3.559522195955305e-05
19.88334128666952,6.177981344546381e-05
19.900007960002853,5.316387009842897e-05
19.91667463333619,4.15081244703567e-05
19.933341306669526,3.745877435289463e-05
19.950007980002862,3.5458815303231894e-05
19.966674653336195,4.0860405831534284e-05
19.98334132666953,4.981808975171872e-05
20.000008000002868,4.986172031671474e-05
20.016674673336205,4.8388750047795064e-05
20.03334134666954,4.021214262011258e-05
20.050008020002874,2.5696242984093945e-05
20.06667469333621,3.765656731858352e-05
20.083341366669547,4.319271290934254e-05
20.100008040002884,1.659334891908533e-05
20.11667471333622,3.6087687082010693e-05
20.133341386669553,5.297069678137772e-05
20.15000806000289,4.4849496962988546e-05
20.166674733336226,3.876028163993973e-05
20.183341406669562,4.308995678986006e-05
20.200008080002895,4.092353046307716e-05
20.216674753336232,2.5046636141269056e-05
20.23334142666957,1.0210839418701058e-05
20.250008100002905,8.979190808062474e-06
20.26667477333624,1.629795039011015e-05
20.283341446669574,1.5884889217731558e-05
20.30000812000291,1.937525777228668e-05
20.316674793336247,2.7809642365620966e-05
20.333341466669584,3.838776724093418e-05
20.350008140002917,3.176273311147038e-05
20.366674813336253,1.4724102094442196e-05
20.38334148666959,1.9530591291009497e-05
20.400008160002926,5.024516298729093e-05
20.416674833336263,4.712457629595824e-05
20.433341506669596,3.1914670536973134e-05
20.450008180002932,2.3018681418340342e-05
20.46667485333627,3.570409737762832e-05
20.483341526669605,4.827735541527186e-05
20.50000820000294,4.3177609522728775e-05
20.516674873336274,3.3136888998755134e-05
20.53334154666961,2.7887661047530065e-05
20.550008220002947,2.8465292454815613e-05
20.566674893336284,2.3917615579362486e-05
20.583341566669617,2.550185763953891e-05
20.600008240002953,3.172909642251039e-05
20.61667491333629,1.6602804952943745e-05
20.633341586669626,2.5947938916492224e-05
20.650008260002963,1.2307451234092806e-05
20.666674933336296,2.6884680793211433e-05
20.683341606669632,2.9389092443897432e-05
20.70000828000297,1.6925136865053258e-05
20.716674953336305,2.3387277172690644e-05
20.73334162666964,1.408319603385766e-05
20.750008300002975,1.6504444002508262e-05
20.76667497333631,3.864173614156621e-05
20.783341646669648,4.4234784694639084e-05
20.800008320002984,2.34650661594719e-05
20.816674993336317,2.236724960738658e-05
20.833341666669654,3.0262222688961566e-05
20.85000834000299,2.3059083385360815e-05
20.866675013336327,1.1474632057590955e-05
20.883341686669663,1.512366791447165e-05
20.900008360002996,3.04278147703828e-05
20.916675033336332,2.53018501498323e-05
20.93334170666967,7.731732305494276e-06
20.950008380003005,2.3618891170424635e-05
20.96667505333634,4.171180292311986e-05
20.983341726669675,3.377365916402449e-05
21.00000840000301,6.38197939060397e-06
21.016675073336348,3.2255123985549965e-05
21.033341746669684,5.5531478153669187e-05
21.050008420003017,5.840629039435912e-05
21.066675093336354,4.74661425295583e-05
21.08334176666969,3.307069145471723e-05
21.100008440003027,3.751392108382288e-05
21.116675113336363,3.8883121528838025e-05
21.133341786669696,2.508389636419341e-05
21.150008460003033,3.562449485727598e-07
21.16667513333637,2.0101646426623492e-05
21.183341806669706,2.9152223339486802e-05
21.20000848000304,3.6673856168194405e-05
21.216675153336375,4.3239652063774074e-05
21.23334182666971,4.118632727218518e-05
21.250008500003048,3.988778490295723e-05
21.266675173336385,5.071977554015939e-05
21.283341846669718,5.407722458187293e-05
21.300008520003054,3.444409099377128e-05
21.31667519333639,1.563701084771101e-05
21.333341866669727,4.516709070877425e-06
21.350008540003063,1.3872301603445785e-06
21.366675213336396,7.1742546451359155e-06
21.383341886669733,6.840966919285976e-06
21.40000856000307,3.852325648168054e-06
21.416675233336406,8.102983259928215e-06
21.43334190666974,8.764005779466804e-06
21.450008580003075,5.9377175767376625e-06
21.466675253336412,1.2550038339253344e-05
21.48334192666975,9.128220217931641e-06
21.500008600003085,9.026131448198048e-06
21.516675273336418,2.6618525833287863e-05
21.533341946669754,2.3208193316568105e-05
21.55000862000309,2.5039520890722806e-05
21.566675293336427,3.159459709253489e-05
21.583341966669764,2.5359926869777983e-05
21.600008640003097,2.5217330992532003e-05
21.616675313336433,3.686351966529092e-05
21.63334198666977,2.2153270211376708e-05
21.650008660003106,2.0136163961586473e-05
21.66667533333644,4.0743812960674466e-05
21.683342006669776,2.9582868867701537e-05
21.700008680003112,2.38659845883054e-05
21.71667535333645,2.8928036509449352e-05
21.733342026669785,4.075535596034563e-05
21.750008700003118,3.0037373575620522e-05
21.766675373336454,1.3920316633706161e-05
21.78334204666979,3.19076848408425e-05
21.800008720003127,3.067299913198836e-05
21.81667539333646,1.8399059069665837e-05
21.833342066669797,1.8648045140651757e-05
21.850008740003133,2.4303821877474115e-05
21.86667541333647,2.4775225925250712e-05
21.883342086669806,2.614713241283423e-05
21.90000876000314,3.349281391631106e-05
21.916675433336476,4.267745603477787e-05
21.933342106669812,4.1305957196651956e-05
21.95000878000315,3.140583429198473e-05
21.966675453336485,2.7587950784269707e-05
21.983342126669818,2.0764181508064583e-05
22.000008800003155,7.067256861583713e-06
22.01667547333649,1.629997240101049e-05
22.033342146669828,2.6443801589277327e-05
22.05000882000316,2.6044478302865163e-05
22.066675493336497,2.274934159158254e-05
22.083342166669834,2.4152251340722058e-05
22.10000884000317,2.3539169358444894e-05
22.116675513336506,1.594288014824458e-05
22.13334218666984,1.167744129741808e-05
22.150008860003176,1.3227943867583888e-05
22.166675533336512,1.832549898973318e-05
22.18334220666985,1.9706824319035662e-05
22.200008880003185,1.287305349022285e-05
22.21667555333652,9.80448184327237e-06
22.233342226669855,1.0847435416853934e-05
22.25000890000319,1.4653361107881792e-05
22.266675573336528,1.1122639649631772e-05
22.28334224666986,9.121115428337285e-06
22.300008920003197,2.6216758633245356e-05
22.316675593336534,2.825561833982342e-05
22.33334226666987,1.9637544216059023e-05
22.350008940003207,1.1599088763333686e-05
22.36667561333654,1.677531367871127e-05
22.383342286669876,2.545965204541585e-05
22.400008960003213,3.0382108803191888e-05
22.41667563333655,1.7577079114799955e-05
22.433342306669886,2.0236717351996636e-05
22.45000898000322,2.5038448492794623e-05
22.466675653336555,2.0866114053713363e-05
22.48334232666989,7.442986662444584e-06
22.500009000003228,6.889182302718873e-06
22.51667567333656,6.762411098994828e-06
22.533342346669897,1.99577387515058e-05
22.550009020003234,1.666842059439582e-05
22.56667569333657,2.9419746045126956e-06
22.583342366669907,1.1196683473175096e-05
22.60000904000324,1.5019754515349376e-05
22.616675713336576,1.631346193243923e-05
22.633342386669913,9.080240579247119e-06
22.65000906000325,1.1615731173012434e-05
22.666675733336582,2.701873950982736e-05
22.68334240666992,3.175370289837156e-05
22.700009080003255,2.1463261617379274e-05
22.71667575333659,1.2481135118496817e-05
22.733342426669928,1.5412873697007416e-05
22.75000910000326,1.5711285077694367e-05
22.766675773336598,7.3079178025166214e-06
22.783342446669934,1.5614703363032788e-06
22.80000912000327,1.174450619892357e-06
22.816675793336607,5.635616182821203e-06
22.83334246666994,3.937937190478796e-06
22.850009140003277,1.1834199626660851e-05
22.866675813336613,2.0305081357309784e-05
22.88334248666995,1.665491788433763e-05
22.900009160003282,2.175959970203546e-06
22.91667583333662,1.4008437881351531e-05
22.933342506669955,2.6110795475189685e-05
22.950009180003292,2.8750008614906583e-05
22.96667585333663,2.696554551495982e-05
22.98334252666996,2.4994748213679864e-05
23.000009200003298,2.325575051067547e-05
23.016675873336634,2.1550215730900648e-05
23.03334254666997,1.4683122661325678e-05
23.050009220003307,1.002883201951822e-05
23.06667589333664,1.515905858575797e-05
23.083342566669977,1.758716472983175e-05
23.100009240003313,1.4851099775632024e-05
23.11667591333665,1.4619772023544923e-05
23.133342586669983,1.4711611342744259e-05
23.15000926000332,1.5208438546466862e-05
23.166675933336656,3.077552115657021e-05
23.183342606669992,3.058073546440624e-05
23.20000928000333,2.4263967313873805e-05
23.21667595333666,1.1832700536465526e-05
23.233342626669998,5.515144798172309e-06
23.250009300003335,7.015635119037149e-06
23.26667597333667,8.160865272703715e-06
23.283342646670004,8.445964612018015e-06
23.30000932000334,6.309837601878232e-06
23.316675993336677,1.3658235166949043e-05
23.333342666670013,1.4300438188538147e-05
23.35000934000335,1.2641922711371044e-05
23.366676013336683,2.3672972443991083e-06
23.38334268667002,9.312473471844986e-06
23.400009360003356,2.441169066282244e-06
23.416676033336692,1.6956373884455238e-05
23.43334270667003,1.5787214363458648e-05
23.45000938000336,1.2435173841665811e-05
23.4666760533367,1.6499462056223587e-05
23.483342726670035,1.6790884860932346e-05
23.50000940000337,2.0058411686584037e-05
23.516676073336704,2.0969384495132668e-05
23.53334274667004,9.315254811093127e-06
23.550009420003377,1.4251073670522536e-05
23.566676093336714,2.8181671377046263e-05
23.58334276667005,2.2321212090099147e-05
23.600009440003383,1.3102326508140411e-05
23.61667611333672,1.620234708644004e-05
23.633342786670056,2.076472419435375e-05
23.650009460003393,1.7442557774539877e-05
23.66667613333673,5.014311389548058e-06
23.683342806670062,7.0922630953907485e-06
23.7000094800034,8.656913169305593e-06
23.716676153336735,3.40968282024464e-06
23.73334282667007,6.910332892700166e-06
23.750009500003404,1.2890187482846627e-05
23.76667617333674,1.3524757755481568e-05
23.783342846670077,1.3292097866124808e-05
23.800009520003414,2.1553362267859643e-05
23.81667619333675,2.5682118405162532e-05
23.833342866670083,2.6875363113571844e-05
23.85000954000342,2.4408365313725668e-05
23.866676213336756,2.3751890637296346e-05
23.883342886670093,1.1529228546281688e-05
23.90000956000343,4.8718010322332255e-06
23.916676233336762,1.1666956474896276e-05
23.9333429066701,1.2179255055674817e-05
23.950009580003435,1.4027438716203434e-05
23.96667625333677,1.0838627415356763e-05
23.983342926670105,5.377002723098412e-06
24.00000960000344,7.731042661479925e-06
24.016676273336778,8.568118034729018e-06
24.033342946670114,6.943942421871297e-06
24.05000962000345,1.1540013758316516e-05
24.066676293336783,1.2697614512968837e-05
24.08334296667012,1.661652461280245e-05
24.100009640003456,9.49554550731031e-06
24.116676313336793,7.756213461899307e-06
24.133342986670126,8.656811931736362e-07
24.150009660003462,9.339419952701762e-06
24.1666763333368,1.0686273195966044e-05
24.183343006670135,6.376359680701634e-06
24.200009680003472,1.5086654084543271e-05
24.216676353336805,1.7074114621066364e-05
24.23334302667014,1.60852306491096e-05
24.250009700003478,6.416293899862285e-06
24.266676373336814,4.524517171782961e-06
24.28334304667015,1.289595449721779e-05
24.300009720003484,1.9060182566286633e-05
24.31667639333682,1.1872252015565364e-05
24.333343066670157,9.70312969314582e-06
24.350009740003493,1.713005589630369e-05
24.366676413336826,1.7920037118483815e-05
24.383343086670163,9.519019876203375e-06
24.4000097600035,5.2422220301739256e-06
24.416676433336836,1.7919825066124853e-06
24.433343106670172,1.37184237150252e-05
24.450009780003505,1.590679205959216e-05
24.46667645333684,1.0703065443692531e-05
24.483343126670178,7.4881308665486e-06
24.500009800003514,1.2044833250036632e-05
24.51667647333685,1.0508167066825724e-05
24.533343146670184,3.483469649936815e-06
24.55000982000352,8.9913094610632e-06
24.566676493336857,1.3717917716414535e-05
24.583343166670193,1.5858071940641832e-05
24.600009840003526,1.0331440589720106e-05
24.616676513336863,4.806567792456675e-06
24.6333431866702,6.9469754302206205e-06
24.650009860003536,8.287574922230302e-06
24.666676533336872,8.33142418794e-06
24.683343206670205,7.916411619650803e-06
24.70000988000354,4.14508309169284e-06
24.716676553336878,4.351275955275929e-06
24.733343226670215,4.890473725197064e-06
24.75000990000355,9.173420588566213e-06
24.766676573336884,7.726082385501856e-06
24.78334324667022,4.278184321690665e-06
24.800009920003557,9.286943771090341e-07
24.816676593336894,5.365525078709124e-06
24.833343266670227,1.041148386731008e-05
24.850009940003563,1.2470885196356437e-05
24.8666766133369,1.1479507236823453e-05
24.883343286670236,1.111394602650388e-05
24.900009960003572,1.0407325064563295e-05
24.916676633336905,9.319932643578462e-06
24.933343306670242,5.505458240352977e-06
24.95000998000358,8.390174243773011e-06
24.966676653336915,1.1880821107683364e-05
24.983343326670248,9.242558258718794e-06
25.000010000003584,1.103885250220061e-05
25.01667667333692,7.5326023877834716e-06
25.033343346670257,4.64642186450098e-06
25.050010020003594,7.3501352005205246e-06
25.066676693336927,1.3167852865158102e-05
25.083343366670263,1.670263464949882e-05
25.1000100400036,1.5508073191772516e-05
25.116676713336936,9.726406948406498e-06
25.133343386670273,2.364213107217552e-06
25.150010060003606,7.2053152873265815e-06
25.166676733336942,8.836153124738786e-06
25.18334340667028,5.977169152650537e-06
25.200010080003615,4.163441288543998e-06
25.216676753336948,8.086298718717075e-06
25.233343426670285,1.1893262889792866e-05
25.25001010000362,9.924146311058294e-06
25.266676773336957,5.5572695481880915e-06
25.283343446670294,6.462493184220213e-06
25.300010120003627,9.539628692679072e-07
25.316676793336963,1.196574940389388e-05
25.3333434666703,1.1291425706322879e-05
25.350010140003636,5.894762442322247e-06
25.366676813336973,4.8318513737766665e-06
25.383343486670306,7.669729332444933e-06
25.400010160003642,1.2205579524172343e-05
25.41667683333698,1.0419029244477265e-05
25.433343506670315,4.241913759372852e-06
25.45001018000365,5.059141522528606e-06
25.466676853336985,1.1745583529119266e-05
25.48334352667032,1.2191756981771932e-05
25.500010200003658,6.821088083261577e-06
25.516676873336994,6.303885807766971e-06
25.533343546670327,9.100897693476158e-06
25.550010220003664,1.1071340856669974e-05
25.566676893337,5.031280527778293e-06
25.583343566670337,2.084542621466592e-06
25.60001024000367,1.8309897033373996e-06
25.616676913337006,4.4858199083233295e-06
25.633343586670343,2.6820125761255123e-06
25.65001026000368,7.0307685992046396e-06
25.666676933337015,6.73415474105241e-06
25.68334360667035,3.5378092705928796e-06
25.700010280003685,7.295624372669568e-06
25.71667695333702,1.3302472477779615e-05
25.733343626670358,1.5980450621824627e-05
25.750010300003694,1.5155830110964398e-05
25.766676973337027,1.2564485455123898e-05
25.783343646670364,8.007672912491113e-06
25.8000103200037,5.739149906943004e-06
25.816676993337037,8.604042165303071e-06
25.83334366667037,5.082515005901768e-06
25.850010340003706,2.79832171375948e-06
25.866677013337043,4.456460798738557e-06
25.88334368667038,4.18739973169741e-06
25.900010360003716,2.810249590561633e-06
25.91667703333705,4.585731234248256e-06
25.933343706670385,3.7988935802542507e-06
25.95001038000372,8.396591667569823e-06
25.966677053337058,8.691042521585044e-06
25.983343726670395,8.28019111372855e-06
26.000010400003728,8.133577146772224e-06
26.016677073337064,6.448543358812892e-06
26.0333437466704,3.1811174387905975e-06
26.050010420003737,6.798227899101494e-06
26.06667709333707,8.771824220325564e-06
26.083343766670406,4.223590727566058e-06
26.100010440003743,7.00787580464863e-06
26.11667711333708,1.1388112851305972e-05
26.133343786670416,9.180392643088262e-06
26.15001046000375,4.8963618528460965e-06
26.166677133337085,6.310926495487555e-07
26.183343806670422,6.631520165877098e-06
26.20001048000376,9.72966965496131e-06
26.216677153337095,1.037325077531163e-05
26.233343826670428,4.1618256949412805e-06
26.250010500003764,5.999927788940504e-06
26.2666771733371,9.930293058077945e-06
26.283343846670437,8.651166002435572e-06
26.30001052000377,5.886752556721047e-06
26.316677193337107,4.546871601729184e-07
26.333343866670443,7.95720722509079e-06
26.35001054000378,1.1330502226716937e-05
26.366677213337116,8.701702070526102e-06
26.38334388667045,5.435809288749051e-06
26.400010560003786,5.362559581399752e-06
26.416677233337122,5.882535803901241e-06
26.43334390667046,4.3745570334431845e-06
26.45001058000379,8.786760262749569e-06
26.466677253337128,7.08421804488412e-06
26.483343926670464,4.543548355748217e-06
26.5000106000038,4.49733131639712e-06
26.516677273337137,1.4474045453915164e-06
26.53334394667047,3.045743013682312e-06
26.550010620003807,2.3913171256608124e-06
26.566677293337143,1.8205201026211308e-06
26.58334396667048,1.46747283109544e-06
26.600010640003816,3.135799319487502e-06
26.61667731333715,3.4565534192258298e-06
26.633343986670486,5.751954450177928e-06
26.650010660003822,8.329413691312158e-06
26.66667733333716,6.384615527030403e-06
26.68334400667049,1.2711715688764703e-06
26.700010680003828,2.7060444702027735e-06
26.716677353337165,3.6043904808903705e-06
26.7333440266705,3.950263800761175e-06
26.750010700003838,5.504541768506529e-06
26.76667737333717,5.748922806997836e-06
26.783344046670507,6.9845483455065995e-06
26.800010720003844,6.056457614822245e-06
26.81667739333718,3.656938185317498e-06
26.833344066670517,2.7842064865770797e-06
26.85001074000385,5.328270955743151e-06
26.866677413337186,6.215449310746433e-06
26.883344086670522,6.726686850833411e-06
26.90001076000386,6.3981886918315845e-06
26.916677433337192,7.047632404975597e-06
26.93334410667053,6.4636115672272e-06
26.950010780003865,4.849083411731477e-06
26.9666774533372,4.581472286067371e-06
26.983344126670538,8.995200522886301e-06
27.00001080000387,8.867838496705178e-06
27.016677473337207,8.256167067986097e-06
27.033344146670544,5.173950815952331e-06
27.05001082000388,1.037793045816975e-06
27.066677493337217,4.918624916209136e-06
27.08334416667055,4.267119003993812e-06
27.100010840003886,5.887079891013449e-07
27.116677513337223,2.3492176087849897e-06
27.13334418667056,5.505942062871376e-06
27.150010860003892,7.669946655685775e-06
27.16667753333723,4.954680435730378e-06
27.183344206670565,6.554257677671846e-06
27.2000108800039,1.2366484776966314e-06
27.216677553337238,4.7021806658602485e-06
27.23334422667057,5.7341652557176105e-06
27.250010900003907,1.6594732660510227e-06
27.266677573337244,3.2786141583515544e-06
27.28334424667058,2.3184264212623334e-06
27.300010920003913,3.7570181276131197e-06
27.31667759333725,4.35203262689803e-06
27.333344266670586,2.8321388618560126e-06
27.350010940003923,2.581569353711924e-06
27.36667761333726,4.4970158817913064e-06
27.383344286670592,5.184443820002169e-06
27.40001096000393,4.48819446126307e-06
27.416677633337265,5.0994083460067875e-06
27.4333443066706,4.887867998312899e-06
27.45001098000394,3.489763834969466e-06
27.46667765333727,2.2764600449875473e-06
27.483344326670608,3.220083395575016e-06
27.500011000003944,2.338726150718157e-06
27.51667767333728,3.6112206470237985e-06
27.533344346670614,5.403544991912551e-06
27.55001102000395,4.717554340333194e-06
27.566677693337287,5.537109250337547e-06
27.583344366670623,5.231287970967788e-06
27.60001104000396,3.2583385600275615e-06
27.616677713337292,3.937849917383414e-06
27.63334438667063,5.806676008391956e-06
27.650011060003965,8.237392329053331e-06
27.666677733337302,9.669152602024787e-06
27.68334440667064,5.522758760028218e-06
27.70001108000397,4.538778075226513e-06
27.716677753337308,5.985191946496117e-06
27.733344426670644,1.759079707650784e-06
27.75001110000398,1.5402092179048946e-06
27.766677773337314,1.9575395412764585e-06
27.78334444667065,2.853566891840131e-06
27.800011120003987,2.2211145736824e-06
27.816677793337323,2.4087428969429324e-06
27.83334446667066,1.7261872642043177e-06
27.850011140003993,1.684065907432981e-06
27.86667781333733,4.4833651407286485e-06
27.883344486670666,6.216217911843604e-06
27.900011160004002,6.850341050035418e-06
27.91667783333734,4.5852539183178736e-06
27.93334450667067,2.1158685968094064e-06
27.950011180004008,4.28144936236087e-06
27.966677853337345,6.192448114770878e-06
27.98334452667068,3.5677952784744502e-06
28.000011200004014,8.931064486512379e-07
28.01667787333735,4.388005429248327e-06
28.033344546670687,5.002766409365976e-06
28.050011220004023,6.493311657098933e-06
28.06667789333736,2.2533815220526223e-06
28.083344566670693,1.2842881558186991e-06
28.10001124000403,3.6863013196016733e-06
28.116677913337366,5.234847230993264e-06
28.133344586670702,3.0956315524183116e-06
28.150011260004035,2.71307706524107e-06
28.166677933337372,3.8008109782527084e-06
28.18334460667071,5.2362201006324325e-06
28.200011280004045,2.585465515229965e-06
28.21667795333738,1.8296535671902343e-06
28.233344626670714,2.717410776729776e-06
28.25001130000405,6.609225356703657e-06
28.266677973337387,6.393849807706769e-06
28.283344646670724,3.456396129530576e-06
28.30001132000406,2.836047882074506e-06
28.316677993337393,2.664152183494343e-06
28.33334466667073,4.860559246645919e-06
28.350011340004066,5.493017904044934e-06
28.366678013337403,2.971950113627773e-06
28.383344686670736,3.854565199478421e-06
28.400011360004072,3.0831277358261397e-06
28.41667803333741,2.37113231119284e-06
28.433344706670745,2.08067827170069e-06
28.45001138000408,1.32947016741373e-06
28.466678053337414,2.0727441550570945e-06
28.48334472667075,2.8895397910594965e-06
28.500011400004087,1.780460547377589e-06
28.516678073337424,2.078557214057914e-06
28.53334474667076,5.011025909259535e-06
28.550011420004093,6.215057235325641e-06
28.56667809333743,3.6848445864167555e-06
28.583344766670766,1.826120569296545e-06
28.600011440004103,2.6930462554294195e-06
28.616678113337436,5.145864289382201e-07
28.633344786670772,1.3780226264724675e-06
28.65001146000411,1.8827998143529935e-06
28.666678133337445,3.249631011612063e-06
28.68334480667078,5.702812369355857e-06
28.700011480004115,3.0481781159390125e-06
28.71667815333745,1.793517858370181e-06
28.733344826670788,5.41920271315262e-07
28.750011500004124,3.041479567523456e-06
28.766678173337457,5.383986670106694e-06
28.783344846670794,4.758106530191777e-06
28.80001152000413,3.50102281480558e-06
28.816678193337466,3.5705868373218854e-06
28.833344866670803,4.604174637072378e-06
28.850011540004136,5.0232142608885444e-06
28.866678213337472,3.270425505397604e-06
28.88334488667081,2.084628282495625e-06
28.900011560004145,4.355048849633736e-06
28.916678233337482,3.5967436169447065e-06
28.933344906670815,3.7322439825193474e-06
28.95001158000415,1.534584908617799e-06
28.966678253337488,1.705618832502049e-06
28.983344926670824,1.1201738574801955e-06
29.000011600004157,8.774871546856549e-07
29.016678273337494,1.464681188321489e-07
29.03334494667083,3.461249661597565e-06
29.050011620004167,4.451593107799911e-06
29.066678293337503,2.7557424876025163e-06
29.083344966670836,4.981602237398281e-06
29.100011640004173,4.982588420929402e-06
29.11667831333751,1.529317943191591e-06
29.133344986670846,2.7885529910886193e-06
29.150011660004182,1.6786400772494822e-06
29.166678333337515,5.96507065981604e-07
29.18334500667085,8.242423983004344e-07
29.200011680004188,1.9320033929796824e-06
29.216678353337524,2.0038261278189926e-06
29.233345026670857,1.7444692653090755e-06
29.250011700004194,2.6870586730899046e-08
29.26667837333753,1.7585429330493324e-06
29.283345046670867,2.5604940134402044e-06
29.300011720004203,2.8873354016348726e-06
29.316678393337536,9.002312642773672e-07
29.333345066670873,1.260447567144593e-06
29.35001174000421,1.99858881393349e-06
29.366678413337546,2.834970189546411e-06
29.383345086670882,2.5715805540859138e-06
29.400011760004215,2.6143675694030605e-06
29.41667843333755,3.5544090192253404e-06
29.433345106670888,2.6852751158087542e-06
29.450011780004225,3.826560474567433e-06
29.466678453337558,5.573374993223908e-06
29.483345126670894,4.026142704687149e-06
29.50001180000423,3.2699207519320524e-06
29.516678473337567,1.2143462512429747e-06
29.533345146670904,1.350867980243621e-06
29.550011820004237,3.99842930599502e-06
29.566678493337573,4.327757521322054e-06
29.58334516667091,3.6621816654310506e-06
29.600011840004246,4.515152684152455e-06
29.61667851333758,3.897344076555827e-06
29.633345186670915,1.527931481499437e-06
29.650011860004252,1.7843994417314945e-06
29.66667853333759,3.762597698636874e-07
29.683345206670925,2.2398148256336573e-06
29.700011880004258,1.256460990060015e-06
29.716678553337594,1.3051465476496018e-06
29.73334522667093,2.9601877483229877e-06
29.750011900004267,2.085423180874842e-06
29.766678573337604,1.2492560729163585e-06
29.783345246670937,2.4614353111938114e-06
29.800011920004273,2.824656738952205e-06
29.81667859333761,2.8601631155215253e-06
29.833345266670946,2.1500422862071652e-06
29.85001194000428,2.1003533905241977e-06
29.866678613337616,4.582504866394928e-06
29.883345286670952,2.441767600478971e-06
29.90001196000429,1.5096182551875131e-06
29.916678633337625,1.7981178803662474e-06
29.933345306670958,3.5233854544084033e-06
29.950011980004295,2.6891852669192698e-06
29.96667865333763,2.6456160353719224e-06
29.983345326670968,2.1114177644740986e-06
30.000012000004304,2.120519168073227e-06
30.016678673337637,3.239060646856737e-06
30.033345346670973,1.8815112699084812e-06
30.05001202000431,1.6909150446535e-06
30.066678693337646,1.7653839174731343e-06
30.08334536667098,1.4419781817178923e-06
30.100012040004316,3.3480605816175096e-07
30.116678713337652,2.4345480942798944e-07
30.13334538667099,2.272834263766046e-06
30.150012060004325,2.9930385698032e-06
30.16667873333766,1.9604852921764227e-06
30.183345406670995,2.828295643915435e-06
30.20001208000433,1.7009348975150036e-06
30.216678753337668,1.5522311787364091e-06
30.233345426671004,2.7386637666019725e-06
30.250012100004337,4.015004763817484e-06
30.266678773337674,3.8568722848463275e-06
30.28334544667101,2.2174897407515795e-06
30.300012120004347,2.593943835202934e-06
30.31667879333768,2.7826440865760937e-06
30.333345466671016,5.621209911540845e-07
30.350012140004353,2.426824380786695e-06
30.36667881333769,2.9615757076852755e-07
30.383345486671026,2.527795675084776e-06
30.40001216000436,1.7287590787840057e-06
30.416678833337695,4.718338997157975e-07
30.43334550667103,1.8750479411146641e-06
30.450012180004368,2.9361370371990063e-06
30.4666788533377,2.8668778696072575e-06
30.483345526671037,1.759230805105021e-06
30.500012200004374,1.613007341646907e-06
30.51667887333771,1.3935900964946752e-06
30.533345546671047,2.234705751207044e-06
30.55001222000438,9.815863149249326e-07
30.566678893337716,8.994818893182343e-07
30.583345566671053,2.611124805769055e-06
30.60001224000439,3.437494167571967e-06
30.616678913337726,2.5230137946066396e-06
30.63334558667106,5.037142265984284e-07
30.650012260004395,4.125848322376411e-07
30.66667893333773,1.7943786734868544e-06
30.683345606671068,2.274865548486027e-06
30.7000122800044,2.7107951801800384e-06
30.716678953337738,1.8219039759281196e-06
30.733345626671074,3.0123328747563373e-06
30.75001230000441,3.062878047346805e-06
30.766678973337747,2.1082168363377744e-06
30.78334564667108,2.0163797092354736e-07
30.800012320004416,1.2264743541566208e-06
30.816678993337753,2.7328370507340483e-06
30.83334566667109,2.01197329144938e-06
30.850012340004426,1.6017373084400026e-06
30.86667901333776,1.7042358273983579e-06
30.883345686671095,5.831904194281718e-07
30.900012360004432,7.218859648660854e-07
30.91667903333777,1.748103642882705e-06
30.9333457066711,1.7898023697867655e-06
30.950012380004438,1.7423750638780497e-06
30.966679053337774,2.667645169387682e-06
30.98334572667111,2.6869237774796606e-06
31.000012400004447,2.5159605832065e-06
31.01667907333778,6.350269047253875e-07
31.033345746671117,1.4524174540694991e-06
31.050012420004453,1.9487721933240758e-06
31.06667909333779,1.1027399277103868e-06
31.083345766671123,1.0751576722755437e-06
31.10001244000446,1.1854274520831492e-06
31.116679113337796,1.0955034708093824e-06
31.133345786671132,1.358681158663561e-06
31.15001246000447,5.485798418920909e-07
31.1666791333378,5.405882162506947e-07
31.183345806671138,1.6636868596393379e-06
31.200012480004474,1.4533360247963316e-06
31.21667915333781,1.2492014402380442e-06
31.233345826671147,5.642917171321568e-07
31.25001250000448,1.9351024878849264e-06
31.266679173337817,2.6656009730904093e-06
31.283345846671153,1.2367992763880066e-06
31.30001252000449,1.1435296165998817e-06
31.316679193337823,2.6086241638571473e-06
31.33334586667116,3.5128232587872336e-06
31.350012540004496,1.5410415698810962e-06
31.366679213337832,3.2831857301583273e-06
31.38334588667117,4.33770702519551e-06
31.4000125600045,1.7119785112144134e-06
31.416679233337838,2.312781880548772e-06
31.433345906671175,5.369364185291827e-07
31.45001258000451,5.941006201087114e-07
31.466679253337848,2.5373217794256325e-06
31.48334592667118,2.2720945722395088e-06
31.500012600004517,1.9808977809023124e-06
31.516679273337854,2.1995848705285215e-06
31.53334594667119,1.953128363942536e-06
31.550012620004523,9.624279989639318e-07
31.56667929333786,5.086132164163491e-07
31.583345966671196,1.1625459455937218e-06
31.600012640004532,7.423561566296998e-07
31.61667931333787,8.666986639429522e-07
31.633345986671202,3.1357715037989754e-06
31.65001266000454,2.3414914799514828e-06
31.666679333337875,6.905844931257226e-07
31.68334600667121,1.2040685733599677e-06
31.700012680004548,2.6923617690857383e-06
31.71667935333788,1.9230089205409794e-06
31.733346026671217,5.230418115113285e-07
31.750012700004554,2.336411457033013e-07
31.76667937333789,1.5274471992421684e-06
31.783346046671223,2.0152868474498853e-06
31.80001272000456,1.086328339696995e-06
31.816679393337896,5.164685399043168e-07
31.833346066671233,1.0279519725288016e-06
31.85001274000457,1.116171657418063e-06
31.866679413337902,1.992760743299293e-06
31.88334608667124,1.091722340441937e-07
31.900012760004575,9.277948094772359e-07
31.91667943333791,1.6747441249568349e-06
31.933346106671245,2.0305926935314837e-06
31.95001278000458,1.6698170591495888e-06
31.966679453337917,1.0484662575318938e-06
31.983346126671254,2.613595209513518e-07
32.00001280000459,4.5032004314781415e-07
32.01667947333792,1.4481708559977265e-06
32.03334614667126,1.8610645515133281e-06
32.050012820004596,1.7062173537298326e-06
32.06667949333793,1.8084088984877684e-06
32.08334616667127,1.1580452034270867e-06
32.1000128400046,8.665187115801163e-07
32.11667951333794,9.399761291898377e-07
32.133346186671275,2.6854520358471047e-06
32.15001286000461,2.8303108519652884e-06
32.16667953333795,3.016928748600777e-06
32.18334620667128,1.7053513572951436e-06
32.20001288000462,1.0333675109520644e-06
32.216679553337954,2.6865441576611185e-06
32.23334622667129,2.037173366027934e-06
32.25001290000463,1.1555979300346482e-06
32.26667957333796,1.2014304833798242e-06
32.28334624667129,7.154685527823985e-07
32.30001292000463,1.5961684271527122e-06
32.316679593337966,6.055052792775615e-07
32.333346266671306,6.639594433571859e-07
32.35001294000464,2.1447156534365044e-06
32.36667961333797,2.4827287050587885e-06
32.38334628667131,2.1188749870256496e-06
32.400012960004645,6.070940506951887e-07
32.416679633337985,2.4127258455387365e-06
32.43334630667132,1.8485310457609446e-06
32.45001298000465,1.318783205199582e-06
32.46667965333799,5.548771025282574e-07
32.483346326671324,2.7873661453812376e-07
32.500013000004664,1.4665578033390484e-06
32.516679673338,1.623472694408309e-06
32.53334634667133,6.087908537046867e-07
32.55001302000467,1.1272669755540205e-06
32.566679693338,1.0695513218708403e-06
32.58334636667134,2.500385536717656e-06
32.600013040004676,1.488408305719747e-06
32.61667971333801,1.017578279813472e-06
32.63334638667135,1.2489934013730976e-06
32.65001306000468,1.90978142323657e-06
32.666679733338015,6.814903501383418e-07
32.683346406671355,4.646380388393295e-07
32.70001308000469,6.945936317901935e-07
32.71667975333803,1.2734259993083546e-06
32.73334642667136,2.29409059504658e-06
32.75001310000469,1.5577364930866814e-06
32.76667977333803,1.2730866880613958e-06
32.783346446671366,1.0251785304907541e-06
32.80001312000471,1.4762238860770184e-06
32.81667979333804,1.4794833282750647e-06
32.83334646667137,1.8949453846791647e-06
32.85001314000471,3.1012966565826084e-07
32.866679813338045,1.6146478977411364e-06
32.883346486671385,1.4299978112585258e-06
32.90001316000472,1.586327325889703e-06
32.91667983333805,4.633334150361664e-07
32.93334650667139,3.591717990535944e-07
32.950013180004724,9.920114585525702e-07
32.966679853338064,9.1950049269492e-07
32.9833465266714,4.561535163439049e-07
33.00001320000473,5.133823645092558e-07
33.01667987333807,1.8394865869280177e-06
33.0333465466714,1.6772123639394551e-06
33.05001322000474,9.22162364187503e-07
33.066679893338076,7.24079558984353e-07
33.08334656667141,1.4507475546901494e-06
33.10001324000475,2.0188536188778327e-06
33.11667991333808,1.8399772463841887e-06
33.133346586671415,6.538349879224188e-07
33.150013260004755,1.8859326925396672e-06
33.16667993333809,1.6243185852741558e-06
33.18334660667143,8.233647075288802e-07
33.20001328000476,6.070416071555031e-08
33.216679953338094,4.190569572528256e-07
33.233346626671434,1.1001220625807993e-06
33.25001330000477,2.6600246420529436e-06
33.26667997333811,2.4558408547208073e-06
33.28334664667144,2.689565921459489e-06
33.30001332000477,2.3766807107595206e-06
33.31667999333811,1.1869988668173838e-06
33.333346666671446,1.793171311793712e-06
33.350013340004786,6.181361925397117e-07
33.36668001333812,9.877112246938823e-07
33.38334668667145,1.5992457210875117e-06
33.40001336000479,2.039415335254443e-06
33.416680033338125,9.329156180457244e-07
33.433346706671465,1.3072927653798293e-06
33.4500133800048,6.748644335992028e-07
33.46668005333813,3.2878295435608e-07
33.48334672667147,1.620174119660932e-07
33.5000134000048,1.2827618621253437e-06
33.51668007333814,1.7508361162197985e-06
33.53334674667148,9.24970060638882e-07
33.55001342000481,3.571215564791065e-07
33.56668009333815,3.690786587900718e-07
33.58334676667148,5.033042093411885e-07
33.600013440004815,7.35684883948973e-07
33.616680113338155,1.4922511851164634e-06
33.63334678667149,5.406781861336087e-07
33.65001346000483,1.534536160105805e-07
33.66668013333816,2.100585027949333e-07
33.683346806671494,1.0143811735183655e-06
33.700013480004834,3.430042905544076e-07
33.71668015333817,7.105200230624373e-07
33.73334682667151,6.424968231350766e-07
33.75001350000484,1.539079652744328e-06
33.76668017333817,1.424152889782293e-06
33.78334684667151,9.151815200684505e-07
33.800013520004846,5.809459838887486e-07
33.816680193338186,5.730003491840462e-07
33.83334686667152,8.247832602545763e-07
33.85001354000485,7.608143869298706e-07
33.86668021333819,1.2447750919173704e-06
33.883346886671525,6.964276896955912e-07
33.900013560004865,1.1600096598912175e-06
33.9166802333382,8.044840800205153e-07
33.93334690667153,2.229872941057194e-06
33.95001358000487,1.8725706045091593e-06
33.966680253338204,9.126217031278868e-07
33.98334692667154,1.8390101362719599e-06
34.00001360000488,1.8068813227588054e-06
34.01668027333821,2.9671445170425783e-07
34.03334694667155,2.8577429541258166e-07
34.05001362000488,1.6857177782344519e-06
34.066680293338216,2.3102901017627084e-06
34.083346966671556,1.3442297071471771e-06
34.10001364000489,1.0865226203906588e-06
34.11668031333823,1.1901966849503857e-06
34.13334698667156,6.638228051757881e-07
34.150013660004895,1.1330133862973512e-06
34.166680333338235,9.65469690188514e-07
34.18334700667157,1.4165505816863092e-06
34.20001368000491,7.271167243034175e-07
34.21668035333824,1.4570247386754121e-06
34.233347026671574,1.3520924312006385e-06
34.250013700004914,1.2566248192760054e-06
34.26668037333825,1.1257663538233625e-06
34.28334704667159,2.1638219046674126e-06
34.30001372000492,1.1271738610245832e-06
34.31668039333825,9.020662674023128e-07
34.33334706667159,1.2827130854715311e-06
34.350013740004925,3.1829834022163676e-07
34.36668041333826,2.059127638637499e-07
34.3833470866716,7.446862546422985e-07
34.40001376000493,1.8219412192240836e-06
34.41668043333827,1.6369205781204058e-06
34.433347106671604,1.140317749764387e-06
34.45001378000494,6.430968384812772e-07
34.46668045333828,1.14004844023256e-06
34.48334712667161,9.032474701552533e-07
34.50001380000495,1.4865325998534215e-06
34.51668047333828,1.1664061979519984e-07
34.533347146671616,8.230339655700208e-07
34.550013820004956,7.670144331266043e-07
34.56668049333829,8.106485814409916e-07
34.58334716667163,6.066640775477384e-07
34.60001384000496,6.291303010387177e-07
34.616680513338295,5.503745609061927e-07
34.633347186671635,1.4557823825259284e-06
34.65001386000497,1.4166351372426152e-06
34.66668053333831,1.4513648553445424e-06
34.68334720667164,1.0363472024913e-06
34.700013880004974,8.828518328393595e-07
34.716680553338314,9.1308630317713e-07
34.73334722667165,1.0877153616917357e-06
34.75001390000499,6.516375147191093e-07
34.76668057333832,1.21164250672634e-06
34.78334724667165,1.7125981377891343e-06
34.80001392000499,1.1667320492540742e-07
34.816680593338326,9.485295518381585e-07
34.83334726667166,1.0158895043651577e-06
34.850013940005,6.180831157060365e-08
34.86668061333833,1.0011094664181826e-06
34.88334728667167,1.012243938912529e-06
34.900013960005005,6.631610393750784e-07
34.91668063333834,7.94234112340136e-07
34.93334730667168,1.6338383447571228e-06
34.95001398000501,1.411967702821982e-06
34.96668065333835,8.295981264685795e-07
34.983347326671684,8.560265262930132e-07
35.00001400000502,1.421623500233946e-06
35.01668067333836,1.0200048756689629e-06
35.03334734667169,8.855019210894127e-07
35.05001402000503,7.60518806431888e-07
35.06668069333836,1.9904640268509424e-06
35.083347366671696,1.2157691351698303e-06
35.100014040005036,5.143445267395482e-07
35.11668071333837,5.23711522828504e-07
35.13334738667171,7.84056026913298e-07
35.15001406000504,1.3854909324172652e-06
35.166680733338374,1.3842295228178899e-06
35.183347406671714,1.3299598282689166e-06
35.20001408000505,1.7804314355145288e-06
35.21668075333838,1.7225315975484066e-06
35.23334742667172,6.687418035509258e-07
35.25001410000505,1.4834034976250897e-07
35.26668077333839,5.317391893227092e-07
35.283347446671726,7.259810983926417e-07
35.30001412000506,6.570648761422584e-07
35.3166807933384,1.2929470392718734e-06
35.33334746667173,9.83811983538716e-07
35.35001414000507,4.894195408208316e-07
35.366680813338405,5.404396671229634e-07
35.38334748667174,3.9748408536706515e-07
35.40001416000508,3.2252334744323834e-07
35.41668083333841,7.804103447632308e-07
35.43334750667175,5.189393617947267e-07
35.450014180005084,1.5315377757702458e-07
35.46668085333842,2.8751253177976004e-07
35.48334752667176,2.858714614561942e-07
35.50001420000509,5.990383004575782e-07
35.51668087333843,1.1620597671270585e-06
35.53334754667176,9.496229855480499e-07
35.550014220005096,6.02795854827225e-07
35.566680893338436,3.022855969308416e-07
35.58334756667177,3.7468302374736647e-07
35.60001424000511,7.615461917276023e-07
35.61668091333844,3.137191391942075e-07
35.633347586671775,1.443930851890483e-07
35.650014260005115,1.093225542974624e-06
35.66668093333845,1.2468014669055556e-06
35.68334760667178,6.306147325367757e-07
35.70001428000512,9.158636873245607e-07
35.716680953338454,1.2382173086414127e-06
35.733347626671794,7.389866619906737e-07
35.75001430000513,1.2237585375626977e-07
35.76668097333846,7.177697904792042e-07
35.7833476466718,6.600600335887645e-07
35.80001432000513,4.490602605656794e-07
35.81668099333847,1.3066675664799007e-06
35.833347666671806,1.415330854598641e-06
35.85001434000514,7.686202850238438e-07
35.86668101333848,1.490686092983787e-06
35.88334768667181,1.0980059410880901e-06
35.90001436000515,1.3294728754006287e-06
35.916681033338484,5.872342881349949e-07
35.93334770667182,3.739477268534128e-07
35.95001438000516,7.241236511941937e-07
35.96668105333849,8.300729807324915e-07
35.98334772667183,1.2807905965135153e-06
36.00001440000516,1.1277700061697328e-06
36.016681073338496,6.584635160863742e-07
36.033347746671836,3.501302361298718e-07
36.05001442000517,6.079209658165467e-07
36.0666810933385,1.3377521536456266e-06
36.08334776667184,8.311361729600912e-07
36.100014440005175,1.113701401629593e-06
36.116681113338515,9.126941359608645e-07
36.13334778667185,7.620534749417957e-07
36.15001446000518,6.8075617076822e-07
36.16668113333852,4.799899557927155e-07
36.183347806671854,6.829302908000985e-07
36.200014480005194,1.307966995797935e-06
36.21668115333853,5.732976394031797e-07
36.23334782667186,3.461924626986868e-07
36.2500145000052,6.839990498136764e-07
36.26668117333853,3.9950832338043263e-07
36.28334784667187,3.5391052709388754e-07
36.300014520005206,8.285246013309567e-07
36.31668119333854,7.139148255043326e-07
36.33334786667188,1.4825450244130736e-07
36.35001454000521,1.783699119434485e-07
36.36668121333855,1.0680997944152094e-07
36.383347886671885,1.4328928630330332e-07
36.40001456000522,8.32291542852689e-07
36.41668123333856,9.25115833766576e-07
36.43334790667189,5.194041596976265e-07
36.45001458000523,2.2056901430116518e-07
36.466681253338564,4.914342303996412e-07
36.4833479266719,9.597445845457759e-08
36.50001460000524,3.9849949291193424e-07
36.51668127333857,2.420443174441927e-07
36.5333479466719,7.494497418827077e-07
36.55001462000524,5.539389851376937e-07
36.566681293338576,6.058767547835685e-07
36.583347966671916,6.346151170713649e-07
36.60001464000525,3.963573699713882e-07
36.61668131333858,4.5641041106489564e-07
36.63334798667192,1.1501381712195201e-06
36.650014660005255,1.1262756740979782e-06
36.666681333338595,1.0562221154575405e-06
36.68334800667193,5.006110797835665e-07
36.70001468000526,3.673024084152618e-07
36.7166813533386,1.1802123768637177e-06
36.73334802667193,6.494922366161067e-07
36.75001470000527,3.56257095799156e-07
36.766681373338606,7.316159659820902e-07
36.78334804667194,1.2149311650338448e-06
36.80001472000528,6.412632365856076e-07
36.81668139333861,6.156904216036834e-07
36.83334806667195,8.277456513477113e-07
36.850014740005285,7.935680442971946e-07
36.86668141333862,1.0077565983932126e-06
36.88334808667196,6.208930225594868e-07
36.90001476000529,1.3497712161878026e-06
36.916681433338624,3.8007462464094653e-07
36.933348106671964,5.182195022881357e-07
36.9500147800053,9.277941557551836e-07
36.96668145333864,1.7190598793332608e-07
36.98334812667197,6.819212926747644e-07
37.0000148000053,6.028749660202959e-07
37.01668147333864,6.41963110802075e-07
37.033348146671976,1.982159813824971e-07
37.050014820005316,6.441153015755029e-07
37.06668149333865,1.021984295943121e-06
37.08334816667198,1.367865464985261e-06
37.10001484000532,1.3293231361786767e-06
37.116681513338655,7.700313176877265e-07
37.133348186671995,2.44455653213881e-07
37.15001486000533,8.582121632348564e-07
37.16668153333866,5.470431889050375e-07
37.183348206672,5.416602425954389e-07
37.200014880005334,1.3951313966536292e-07
37.216681553338674,5.327696642019592e-07
37.23334822667201,3.8699964720381503e-07
37.25001490000534,3.0426986685345976e-07
37.26668157333868,5.318313255401018e-07
37.28334824667201,3.5314256083483564e-07
37.300014920005346,9.197015620096989e-07
37.316681593338686,9.621079346576837e-07
37.33334826667202,8.578386679920434e-07
37.35001494000536,3.735356627605669e-07
37.36668161333869,2.4426944373130336e-07
37.383348286672025,4.2374037692348555e-07
37.400014960005365,4.884939841055224e-07
37.4166816333387,7.373058698634615e-07
37.43334830667204,3.1073083554052903e-07
37.45001498000537,5.270941582147702e-07
37.4666816533387,4.879795615417794e-07
37.48334832667204,4.2855694590777495e-07
37.50001500000538,4.261767566029568e-07
37.51668167333872,5.997543744832896e-07
37.53334834667205,7.89057811238368e-07
37.55001502000538,5.651747554676691e-07
37.56668169333872,3.3798031131815693e-07
37.583348366672055,5.104237358385202e-07
37.600015040005395,4.790669272828641e-07
37.61668171333873,4.4813157456042254e-07
37.63334838667206,2.6143116615306063e-07
37.6500150600054,4.222408293836102e-07
37.666681733338734,1.5887563951508546e-07
37.683348406672074,4.0544287521068214e-07
37.70001508000541,3.6059841982504405e-07
37.71668175333874,4.201810179290319e-07
37.73334842667208,5.362698564971475e-07
37.75001510000541,1.2648873770346045e-06
37.766681773338746,1.1445605283965783e-06
37.783348446672086,1.1335166172327446e-06
37.80001512000542,9.972644167021266e-07
37.81668179333876,2.977517337333958e-07
37.83334846667209,3.9489645542737193e-07
37.850015140005425,7.685927206466616e-07
37.866681813338765,1.780529480797488e-07
37.8833484866721,8.193799401330877e-07
37.90001516000544,8.496453244411204e-07
37.91668183333877,4.180903409775384e-07
37.933348506672104,2.4742569694840515e-07
37.950015180005444,1.8624447659454989e-07
37.96668185333878,1.064819664169715e-06
37.98334852667212,8.817711971446338e-07
38.00001520000545,4.2818232354690304e-07
38.01668187333878,8.916317171041223e-07
38.03334854667212,5.481994457084534e-07
38.050015220005456,2.490359614885333e-07
38.066681893338796,3.3592836649015475e-07
38.08334856667213,2.523177428546272e-07
38.10001524000546,6.393370737276921e-07
38.1166819133388,6.010960020359822e-07
38.133348586672135,2.1775903015271127e-07
38.15001526000547,3.5485439793953826e-07
38.16668193333881,4.5093350557748836e-07
38.18334860667214,4.556527373422927e-07
38.20001528000548,3.5439833390400834e-07
38.216681953338814,3.264597542539711e-07
38.23334862667215,4.195050894691781e-07
38.25001530000549,4.553726111346536e-07
38.26668197333882,1.7637064143166778e-08
38.28334864667216,2.9153885242000684e-07
38.30001532000549,2.0251725616090282e-07
38.316681993338825,3.8537378405494563e-07
38.333348666672165,7.218186145863383e-07
38.3500153400055,7.831713315366353e-07
38.36668201333884,6.456350959367477e-07
38.38334868667217,1.68932871288608e-07
38.400015360005504,2.633962145310002e-07
38.416682033338844,5.374208427876178e-07
38.43334870667218,4.916612943269357e-07
38.45001538000552,4.4145796938006234e-07
38.46668205333885,2.7237764585241403e-07
38.48334872667218,5.321175201852416e-07
38.50001540000552,5.645869541355888e-07
38.516682073338856,5.788715019743613e-07
38.533348746672196,7.406053275739471e-07
38.55001542000553,1.1227216004631225e-06
38.56668209333886,5.572364331166315e-07
38.5833487666722,4.941581638531086e-07
38.600015440005535,4.428511054530632e-07
38.61668211333887,4.721518475060357e-07
38.63334878667221,3.2046583342932715e-07
38.65001546000554,1.0817793241750996e-06
38.66668213333888,4.103143826142262e-07
38.683348806672214,6.241542368511114e-07
38.70001548000555,4.921511625950411e-07
38.71668215333889,7.59468594083048e-07
38.73334882667222,4.044061637613985e-08
38.75001550000556,5.596922452919042e-07
38.76668217333889,6.842493009685103e-07
38.783348846672226,5.028593473720407e-07
38.800015520005566,5.755516664686138e-07
38.8166821933389,3.841418586171755e-07
38.83334886667224,3.6453591291756983e-07
38.85001554000557,3.682398972737812e-07
38.866682213338905,3.752420153063623e-07
38.883348886672245,3.882523570840187e-07
38.90001556000558,6.546959373997346e-07
38.91668223333892,3.803868179572695e-07
38.93334890667225,6.614605147858588e-07
38.950015580005584,1.611387443870486e-07
38.966682253338924,4.3473575275474064e-07
38.98334892667226,5.997950270410802e-07
39.00001560000559,9.799289533715057e-07
39.01668227333893,4.1694329251866067e-07
39.03334894667226,5.764698985842407e-07
39.0500156200056,2.144740198308943e-07
39.066682293338935,2.8092957630326025e-07
39.08334896667227,3.533730642673625e-08
39.10001564000561,2.2552652584489726e-07
39.11668231333894,2.5443493810794816e-07
39.13334898667228,4.556004734642736e-07
39.150015660005614,1.9491593830669095e-07
39.16668233333895,3.986778132973015e-07
39.18334900667229,7.783835408380159e-07
39.20001568000562,1.1512770405514858e-06
39.21668235333896,8.505860233045297e-07
39.23334902667229,1.3998279447347218e-07
39.250015700005626,1.270696291721233e-07
39.266682373338966,4.868834273565627e-07
39.2833490466723,3.823887999850566e-07
39.30001572000564,1.9991465869380477e-07
39.31668239333897,2.3335758698827275e-08
39.333349066672305,4.353854270526921e-07
39.350015740005645,6.574689459492785e-07
39.36668241333898,1.9187957328534243e-07
39.38334908667232,1.8582342217627852e-07
39.40001576000565,2.5786758584089206e-07
39.416682433338984,4.900968474110187e-07
39.433349106672324,7.647497536054244e-07
39.45001578000566,6.670114198894444e-07
39.46668245333899,4.491642502462276e-07
39.48334912667233,3.404373293358974e-07
39.50001580000566,5.553523646810236e-07
39.516682473339,3.6620561911827665e-07
39.533349146672336,4.4282828970879965e-07
39.55001582000567,3.544777350440743e-07
39.56668249333901,1.7820210886273608e-07
39.58334916667234,5.341075926810863e-07
39.60001584000568,4.502904931169159e-07
39.616682513339015,4.971872204696088e-07
39.63334918667235,5.7581583617816e-07
39.65001586000569,1.102316243780571e-06
39.66668253333902,5.534115058649753e-07
39.68334920667236,5.476083992046579e-07
39.700015880005694,7.76819331260551e-07
39.71668255333903,5.538306010174124e-07
39.73334922667237,2.2474462040587917e-07
39.7500159000057,5.016001331671118e-07
39.76668257333904,2.8275950026467324e-07
39.78334924667237,4.6396755706568547e-07
39.800015920005706,5.062220204311445e-07
39.816682593339046,9.083559629088169e-07
39.83334926667238,3.669415285654999e-07
39.85001594000571,2.641367233808318e-07
39.86668261333905,4.497731484383314e-07
39.883349286672384,8.600786177262643e-07
39.900015960005724,3.965553512196622e-07
39.91668263333906,6.100605254849335e-07
39.93334930667239,1.7165297101225255e-07
39.95001598000573,5.659224934191156e-07
39.96668265333906,6.145765436259794e-07
39.9833493266724,2.483306570730937e-07
40.000016000005736,4.107831192779471e-07
40.01668267333907,3.7711312520563215e-07
40.03334934667241,1.5549656929644457e-07
40.05001602000574,3.0897775872002684e-07
40.06668269333908,5.025368278334845e-07
40.083349366672415,6.637394574755978e-07
40.10001604000575,5.125506456698164e-07
40.11668271333909,3.878250247913066e-07
40.13334938667242,4.353056970322444e-07
40.15001606000576,2.2473477550361023e-07
40.166682733339094,3.753860723664054e-07
40.18334940667243,2.933749171100327e-07
40.20001608000577,1.5124347982865534e-07
40.2166827533391,2.486611727175096e-07
40.23334942667244,3.9171947433520203e-07
40.25001610000577,7.612713251696963e-08
40.266682773339106,2.3495059583999292e-07
40.283349446672446,1.2285562059811598e-07
40.30001612000578,4.3516225738205053e-07
40.31668279333911,6.403525633423037e-07
40.33334946667245,1.5894341037104816e-07
40.350016140005785,9.54527961631883e-07
40.366682813339125,3.412394226142414e-07
40.38334948667246,6.499603506207278e-07
40.40001616000579,5.682416658099263e-07
40.41668283333913,2.8330904765965983e-07
40.433349506672464,3.0592440480258295e-07
40.450016180005804,3.2239566161728845e-07
40.46668285333914,2.8569604705651693e-07
40.48334952667247,1.8555183816349445e-07
40.50001620000581,2.884426113190826e-07
40.51668287333914,4.1563461637592554e-07
40.53334954667248,7.367562391593911e-07
40.550016220005816,5.32573015738562e-07
40.56668289333915,6.173687739244444e-07
40.58334956667249,5.567785370483435e-07
40.60001624000582,4.806173700085439e-07
40.61668291333916,2.7638025024741176e-07
40.633349586672495,3.739302530704672e-07
40.65001626000583,2.315207547297422e-07
40.66668293333917,1.2049339300938636e-07
40.6833496066725,4.702777276122294e-07
40.70001628000583,2.7548527761743525e-07
40.71668295333917,5.833427399665152e-07
40.733349626672506,1.9078085294704627e-07
40.750016300005846,1.1056874094493336e-07
40.76668297333918,2.8811660435692034e-07
40.78334964667251,4.0872491041460616e-07
40.80001632000585,4.444249056667419e-07
40.816682993339185,4.837161388059842e-07
40.833349666672525,5.133597261644104e-07
40.85001634000586,2.0209727924509377e-07
40.86668301333919,2.47808672118709e-07
40.88334968667253,2.3236435241609745e-07
40.900016360005864,4.6166213840379256e-07
40.916683033339204,7.102363715040116e-07
40.93334970667254,3.354726922292953e-07
40.95001638000587,2.4879733417482503e-07
40.96668305333921,3.739828804882717e-07
40.98334972667254,1.0975551343977137e-07
41.00001640000588,2.9549263077285607e-07
41.016683073339216,1.495313589476744e-07
41.03334974667255,2.3701939070584619e-07
41.05001642000589,1.9279165073650168e-07
41.06668309333922,1.8178148793535008e-07
41.08334976667256,1.8566859489408214e-07
41.100016440005895,1.8543025287436517e-07
41.11668311333923,3.323594856527266e-07
41.13334978667257,2.86995758059157e-07
41.1500164600059,3.302324698293487e-07
41.166683133339234,1.0136528719228931e-07
41.183349806672574,3.994447811105456e-07
41.20001648000591,4.200961918192327e-07
41.21668315333925,3.1619419113615084e-07
41.23334982667258,5.741511915758646e-07
41.25001650000591,5.835965466594291e-08
41.26668317333925,4.246254039753295e-07
41.283349846672586,1.0236029121896908e-07
41.300016520005926,5.743393039005963e-08
41.31668319333926,4.83074953487562e-07
41.33334986667259,3.51313935598327e-07
41.35001654000593,2.811802160255741e-07
41.366683213339265,7.392309226855671e-07
41.383349886672605,5.666683693307202e-07
41.40001656000594,4.0079072928720804e-07
41.41668323333927,1.777031702892891e-07
41.43334990667261,6.003224367912051e-07
41.45001658000594,4.20903357643935e-07
41.46668325333928,3.923403530571684e-07
41.48334992667262,1.3803293718194182e-07
41.50001660000595,3.693783012254357e-07
41.51668327333929,2.3455257035934173e-07
41.53334994667262,6.30398684491984e-08
41.550016620005955,3.69998928045828e-07
41.566683293339295,2.9972030819334887e-07
41.58334996667263,2.7953283608653075e-07
41.60001664000597,3.876586987238397e-07
41.6166833133393,2.774860082310054e-07
41.633349986672634,4.6809937136039003e-07
41.650016660005974,1.9388395373419525e-07
41.66668333333931,2.0372427552124268e-07
41.68335000667265,3.509195207547516e-07
41.70001668000598,6.082910677184788e-07
41.71668335333931,5.765972858435405e-07
41.73335002667265,3.459606626800805e-07
41.750016700005986,3.016413541915868e-07
41.766683373339326,3.9758770706943674e-07
41.78335004667266,1.6054522303429957e-07
41.80001672000599,6.704821700422819e-07
41.81668339333933,2.5155371466760794e-07
41.833350066672665,1.559032393936729e-07
41.850016740006005,1.2421223385087165e-07
41.86668341333934,4.826014567010686e-08
41.88335008667267,7.067900553735999e-08
41.90001676000601,1.6628344723330436e-07
41.916683433339344,3.2400077642379663e-07
41.93335010667268,2.7554613293525503e-07
41.95001678000602,1.1494715053569924e-07
41.96668345333935,1.7468321280818702e-07
41.98335012667269,1.911464048196504e-07
42.00001680000602,6.702479353874999e-07
42.016683473339356,4.679750203722976e-07
42.033350146672696,1.6362231693499387e-07
42.05001682000603,1.715287066030095e-07
42.06668349333937,2.9385748423573985e-07
42.0833501666727,7.896885686438756e-08
42.100016840006035,4.805683789896192e-07
42.116683513339375,3.5749032058310844e-07
42.13335018667271,9.4075287029201e-08
42.15001686000605,1.969065593855603e-07
42.16668353333938,2.2586163412465721e-07
42.18335020667271,2.9308146619507126e-07
42.200016880006054,1.9428788687022972e-07
42.21668355333939,2.3988427029716804e-07
42.23335022667273,2.1212887085608022e-07
42.25001690000606,2.267253988623654e-07
42.26668357333939,7.396487735459283e-07
42.28335024667273,6.334946587098052e-07
42.300016920006065,8.516235617693401e-08
42.316683593339405,2.188389132113508e-07
42.33335026667274,2.42963110388494e-07
42.35001694000607,3.3340840937855376e-07
42.36668361333941,3.197204834449915e-07
42.383350286672744,1.8136079377548605e-07
42.40001696000608,1.309344608914645e-07
42.41668363333942,2.0306321190409692e-07
42.43335030667275,2.3371905654378885e-07
42.45001698000609,3.9139120183526816e-07
42.46668365333942,1.7952504396180246e-07
42.483350326672756,6.542384873793274e-07
42.500017000006096,6.255211826201204e-07
42.51668367333943,1.3668277082109176e-07
42.53335034667277,3.7073956937219826e-07
42.5500170200061,2.7104378716516983e-07
42.566683693339435,9.076264112575461e-08
42.583350366672775,1.0087583345645938e-07
42.60001704000611,2.449097184800559e-07
42.61668371333945,2.5842208656375543e-07
42.63335038667278,5.488757093412487e-08
42.650017060006114,3.8862488021965953e-07
42.666683733339454,2.2196429840509643e-07
42.68335040667279,1.9323359795205266e-07
42.70001708000613,1.3061060445387577e-07
42.71668375333946,2.3284631009332633e-07
42.73335042667279,3.885913168371247e-07
42.75001710000613,2.8258472178559257e-07
42.766683773339466,1.0574878804209841e-07
42.7833504466728,3.7815980892348533e-07
42.80001712000614,1.3773044328885964e-07
42.81668379333947,3.720133332391725e-07
42.83335046667281,2.8366561846243434e-07
42.850017140006145,5.652206514370514e-08
42.86668381333948,2.7464138078843257e-07
42.88335048667282,4.438296682644065e-07
42.90001716000615,8.784585571343577e-08
42.91668383333949,4.779909779227312e-07
42.933350506672824,3.398519894266674e-07
42.95001718000616,2.1992657498193176e-07
42.9666838533395,2.2701134446142694e-07
42.98335052667283,2.972677015247693e-07
43.00001720000617,1.0850263026647377e-07
43.0166838733395,1.5648909557422216e-07
43.033350546672835,2.7057386382510396e-07
43.050017220006175,2.8708384031529643e-07
43.06668389333951,3.111659143072608e-07
43.08335056667285,6.526591854599089e-08
43.10001724000618,1.7835275907659712e-07
43.116683913339514,2.586181929935993e-07
43.133350586672854,5.104387807519496e-07
43.15001726000619,6.250501527683617e-07
43.16668393333953,1.4646740306280132e-07
43.18335060667286,2.6330174146775123e-07
43.20001728000619,2.5131531468659644e-07
43.21668395333953,1.6704685818408876e-07
43.233350626672866,3.952175862703279e-07
43.2500173000062,3.772685261882636e-07
43.26668397333954,1.829050348307795e-07
43.28335064667287,2.2461605064492808e-07
43.30001732000621,1.2905424578040584e-07
43.316683993339545,3.424598799035969e-07
43.33335066667288,4.851440997639452e-07
43.35001734000622,3.608504564512433e-07
43.36668401333955,3.021408308936006e-07
43.38335068667289,5.455858113736537e-07
43.400017360006224,2.579213873669637e-07
43.41668403333956,3.126052890828398e-07
43.4333507066729,1.8945336605097238e-07
43.45001738000623,1.293007289565411e-07
43.46668405333957,1.8674099619939908e-07
43.4833507266729,4.594338965233914e-07
43.500017400006236,2.7406886288629374e-07
43.516684073339576,2.6213307471885263e-07
43.53335074667291,1.1074059767851349e-07
43.55001742000625,1.629126443452687e-07
43.56668409333958,1.32423652730406e-07
43.583350766672915,2.372516576200283e-07
43.600017440006255,3.5385102816829426e-07
43.61668411333959,1.9808667042272014e-07
43.63335078667292,2.2657527018104295e-08
43.65001746000626,5.5133000377542405e-08
43.666684133339594,2.727249100071895e-07
43.683350806672934,8.021101593937038e-08
43.70001748000627,1.7051503731606602e-07
43.7166841533396,1.7883189590444665e-07
43.73335082667294,1.584905325768054e-07
43.75001750000627,9.311748196850335e-08
43.76668417333961,1.9727960379732569e-07
43.783350846672946,4.2791585094929885e-07
43.80001752000628,9.980086743174855e-08
43.81668419333962,2.4443677889107564e-07
43.83335086667295,2.30913321868065e-07
43.85001754000629,5.697608716691933e-07
43.866684213339624,2.1197427983032077e-07
43.88335088667296,2.5375237205752e-07
43.9000175600063,2.784803630112622e-07
43.91668423333963,4.0183469926099827e-07
43.93335090667297,1.1494791560268006e-07
43.9500175800063,3.358371482531417e-07
43.966684253339636,2.203349657458592e-07
43.983350926672976,3.094711719655081e-07
44.00001760000631,7.372162506756399e-08
44.01668427333965,2.2797833548196085e-07
44.03335094667298,1.4749837980172493e-07
44.050017620006315,1.972468246854666e-07
44.066684293339655,1.8467880023271147e-07
44.08335096667299,2.111463038060785e-07
44.10001764000632,2.5700123838050544e-07
44.11668431333966,2.8815747342160287e-07
44.133350986672994,3.757010144498526e-07
44.150017660006334,1.668065907671749e-07
44.16668433333967,4.061152614223398e-07
44.183351006673,1.9761183580924508e-07
44.20001768000634,5.066583274600453e-07
44.21668435333967,3.4589533693914785e-07
44.23335102667301,5.6017002942911656e-08
44.250017700006346,2.666813364404799e-07
44.26668437333968,1.2702213940005388e-07
44.28335104667302,1.6698865502435218e-07
44.30001772000635,1.9262790739887579e-07
44.31668439333969,3.205832264512121e-07
44.333351066673025,1.4023749027657822e-07
44.35001774000636,7.505294100369745e-08
44.3666844133397,2.3834701323520626e-07
44.38335108667303,3.1911038568337424e-07
44.40001776000637,4.226441632321319e-07
44.416684433339704,1.890045075904565e-07
44.43335110667304,2.6475996949990634e-07
44.45001778000638,6.971212194313603e-08
44.46668445333971,3.6545027984153505e-07
44.48335112667304,1.4288930935818086e-07
44.50001780000638,9.783322796564295e-08
44.516684473339716,2.3833290933265412e-07
44.533351146673056,1.980173211814916e-07
44.55001782000639,6.55345326141689e-08
44.56668449333972,3.9599929855710055e-07
44.58335116667306,4.634417965982788e-07
44.600017840006394,4.218234250797319e-07
44.616684513339735,4.4467100246962456e-07
44.63335118667307,1.7227211322071636e-07
44.6500178600064,2.428106621051804e-07
44.66668453333974,5.6083866765151164e-08
44.68335120667307,1.5536427853270253e-07
44.70001788000641,2.4024960239924933e-07
44.716684553339746,1.8590459606291505e-07
44.73335122667308,2.622408025847005e-07
44.75001790000642,1.4258021561368433e-07
44.76668457333975,1.0571052988290995e-07
44.78335124667309,2.5519093296319186e-07
44.800017920006425,7.60554858220786e-08
44.81668459333976,2.7392906316949675e-07
44.8333512666731,2.3578513192458412e-07
44.85001794000643,1.365052478208633e-07
44.86668461333977,3.126151057588155e-07
44.883351286673104,1.6670422677082537e-07
44.90001796000644,4.836162432865782e-07
44.91668463333978,2.7733756740590685e-07
44.93335130667311,4.960707288491723e-08
44.95001798000644,2.8047010435556847e-07
44.96668465333978,2.2550730612093993e-07
44.983351326673116,3.498916562164658e-07
45.000018000006456,1.5238195720452333e-07
45.01668467333979,1.7104723836128303e-07
45.03335134667312,2.233394085448158e-07
45.05001802000646,3.4106836357176366e-07
45.066684693339795,8.810239187413451e-08
45.083351366673135,3.3084924190795116e-07
45.10001804000647,1.119943870015196e-07
45.1166847133398,2.1559031777846653e-07
45.13335138667314,2.0725058182881708e-07
45.150018060006474,4.45580532735429e-08
45.166684733339814,4.13928063667447e-07
45.18335140667315,2.100543604712601e-07
45.20001808000648,1.4812181121701446e-07
45.21668475333982,2.790549252610088e-07
45.23335142667315,1.2461492631237244e-07
45.25001810000649,2.346630355284907e-07
45.266684773339826,1.48722595712103e-07
45.28335144667316,2.431000957073544e-07
45.3000181200065,1.399223160953806e-07
45.31668479333983,2.4914831502932503e-07
45.333351466673165,2.7109490384188264e-07
45.350018140006505,1.228837310845417e-07
45.36668481333984,1.7484541759538852e-07
45.38335148667318,7.295867437731778e-08
45.40001816000651,1.0973038855852363e-07
45.41668483333984,1.1392131177251527e-07
45.43335150667318,1.1847592986515347e-07
45.450018180006516,1.703338854633132e-07
45.466684853339856,2.4050512253647415e-07
45.48335152667319,2.2730008022948484e-07
45.50001820000652,3.9377979268428267e-07
45.51668487333986,2.1530223017205629e-07
45.533351546673195,1.1581882026153864e-07
45.550018220006535,1.608291587984165e-07
45.56668489333987,1.1339247772148221e-07
45.5833515666732,2.217229535771715e-07
45.60001824000654,2.111001657417489e-07
45.616684913339874,2.0046927862110718e-07
45.633351586673214,9.627439311276604e-08
45.65001826000655,2.6897262482276285e-07
45.66668493333988,1.220092294145922e-07
45.68335160667322,9.76891757560253e-08
45.70001828000655,1.5826613660672407e-07
45.71668495333989,1.7576508917017225e-07
45.733351626673226,1.4721071535990984e-07
45.75001830000656,2.740103433665341e-07
45.7666849733399,2.2415821708578936e-08
45.78335164667323,3.018595928536053e-07
45.800018320006565,1.2278132338206276e-07
45.816684993339905,3.159146152431408e-07
45.83335166667324,2.863803400403225e-07
45.85001834000658,3.277366789100952e-07
45.86668501333991,2.8302279310735907e-07
45.883351686673244,1.6433963789888323e-07
45.900018360006584,2.0769511983313434e-07
45.91668503333992,6.298562402925168e-08
45.93335170667326,2.8703655768565624e-07
45.95001838000659,2.2854216709062411e-07
45.96668505333992,1.6420737444334532e-07
45.98335172667326,2.7042853938827854e-07
46.000018400006596,9.933096575574988e-08
46.016685073339936,4.004091049386654e-08
46.03335174667327,2.509298812455338e-07
46.0500184200066,2.835889386759366e-07
46.06668509333994,1.0804224052796906e-07
46.083351766673275,1.2114302380447668e-07
46.100018440006615,1.4840952568405265e-07
46.11668511333995,1.276821381821548e-07
46.13335178667328,3.999714706529676e-07
46.15001846000662,1.445799972352355e-07
46.16668513333995,2.2881233478307634e-07
46.183351806673286,1.9747036121932824e-07
46.20001848000663,8.518459950876819e-08
46.21668515333996,7.773494499471282e-08
46.2333518266733,1.8793168401541005e-07
46.25001850000663,2.2189303349110552e-07
46.266685173339965,3.601611408009004e-07
46.283351846673305,4.173388272557033e-07
46.30001852000664,8.414603214422405e-08
46.31668519333998,9.882629053891364e-08
46.33335186667331,9.444352295460161e-08
46.350018540006644,2.2844762887125807e-07
46.366685213339984,8.161941178777463e-08
46.38335188667332,1.0395721194243348e-07
46.40001856000666,1.8933631247882607e-07
46.41668523333999,3.505060296633257e-07
46.43335190667332,9.849709895038539e-08
46.45001858000666,4.8677870312618744e-08
46.466685253339996,2.04922687956091e-07
46.483351926673336,6.922969091521099e-08
46.50001860000667,7.344444159028369e-08
46.51668527334,5.479497433055643e-08
46.53335194667334,2.4166081593032953e-07
46.550018620006675,2.064090783493409e-07
46.56668529334001,1.3152654242997625e-07
46.58335196667335,1.3052453847466888e-07
46.60001864000668,2.859760611439936e-07
46.61668531334002,2.8592354400613035e-07
46.633351986673354,1.2998762506766756e-07
46.65001866000669,1.1242134959184445e-07
46.66668533334003,8.13354938876504e-08
46.68335200667336,2.0471943412839871e-07
46.7000186800067,2.9572480942628297e-07
46.71668535334003,1.3299268084006693e-07
46.733352026673366,8.81152536260695e-08
46.750018700006706,3.440525209219928e-07
46.76668537334004,1.0955719496669559e-07
46.78335204667338,1.3090534363470836e-07
46.80001872000671,7.760018312641659e-08
46.816685393340045,7.817459543303438e-08
46.833352066673385,1.5903283053369774e-07
46.85001874000672,3.2040038888572236e-07
46.86668541334006,1.9543469365479657e-07
46.88335208667339,5.1371461589524306e-08
46.90001876000672,1.7843739707821482e-07
46.916685433340064,3.988404920509892e-07
46.9333521066734,2.6471275955077523e-07
46.95001878000674,2.3177530251903702e-07
46.96668545334007,1.289673494482883e-07
46.9833521266734,2.3591590191954844e-07
47.00001880000674,1.2374176981575994e-07
47.016685473340075,2.574796150477811e-07
47.03335214667341,3.645058313435275e-07
47.05001882000675,1.1461730858428565e-07
47.06668549334008,9.127166564411104e-08
47.08335216667342,2.0095587603010595e-07
47.100018840006754,1.4189239546977354e-07
47.11668551334009,7.108394927074928e-08
47.13335218667343,1.5278646333378973e-07
47.15001886000676,2.8012789322011516e-07
47.1666855333401,3.5055269361078154e-07
47.18335220667343,1.721256559022951e-07
47.200018880006766,2.4687864089819584e-07
47.216685553340106,2.2780137556231614e-07
47.23335222667344,9.335199132469327e-08
47.25001890000678,1.7715020792233902e-07
47.26668557334011,1.3230798624611196e-07
47.283352246673445,2.414362165245845e-07
47.300018920006785,8.577279619226769e-08
47.31668559334012,1.3809697645392812e-07
47.33335226667346,2.8890031587821496e-07
47.35001894000679,2.691029520188631e-07
47.366685613340124,7.261733619967265e-08
47.383352286673464,1.5384647673379205e-07
47.4000189600068,9.374197796242021e-08
47.41668563334013,3.7006131216104284e-07
47.43335230667347,1.6002701783204445e-07
47.4500189800068,2.1774306968386947e-07
47.46668565334014,7.168692970103429e-08
47.483352326673476,3.0067833931210064e-07
47.50001900000681,2.28764490892017e-07
47.51668567334015,8.036450380785474e-08
47.53335234667348,3.881802045357833e-07
47.55001902000682,2.615576490519246e-07
47.566685693340155,3.953657748700012e-07
47.58335236667349,3.9510655604869825e-07
47.60001904000683,1.8246847462518818e-07
47.61668571334016,3.273085517256335e-08
47.6333523866735,3.657304178530927e-07
47.650019060006834,6.103238465532494e-09
47.66668573334017,3.8531835650449264e-07
47.68335240667351,1.8513024659939274e-07
47.70001908000684,1.9832239205601973e-07
47.71668575334018,2.8259601386111423e-07
47.73335242667351,1.380402626695685e-07
47.750019100006845,9.286301646715759e-08
47.766685773340186,1.2489834451798565e-07
47.78335244667352,8.94675589573003e-08
47.80001912000686,2.1566700770988097e-07
47.81668579334019,4.0536450125260984e-07
47.833352466673524,2.2793422445650645e-07
47.850019140006864,5.683317760751392e-08
47.8666858133402,1.2486750404935606e-07
47.88335248667353,1.6270236827586286e-07
47.90001916000687,2.5957383886375564e-07
47.9166858333402,2.730961812404792e-07
47.93335250667354,1.8638901187238915e-07
47.950019180006876,3.411239933043726e-07
47.96668585334021,4.231083220919875e-08
47.98335252667355,2.183206814236592e-07
48.00001920000688,1.2105616603820284e-07
48.01668587334022,4.8419110175468454e-08
48.033352546673555,1.3266021905776013e-07
48.05001922000689,5.017187521868046e-08
48.06668589334023,2.1646260975656585e-08
48.08335256667356,1.374496248688736e-07
48.1000192400069,2.1221680859692492e-07
48.116685913340234,1.5803002055967356e-07
48.13335258667357,1.225834209671323e-07
48.15001926000691,1.5480074717220131e-07
48.16668593334024,2.0491165152159308e-07
48.18335260667358,1.6363394370579327e-07
48.20001928000691,4.469025470988458e-08
48.216685953340246,1.508886763450548e-07
48.233352626673586,7.711869210708302e-08
48.25001930000692,4.099240460960146e-08
48.26668597334025,1.263674435060204e-07
48.28335264667359,1.2079975922039114e-07
48.300019320006925,1.703205510238479e-07
48.316685993340265,1.145138676825149e-07
48.3333526666736,2.1864959709506453e-07
48.35001934000693,2.0859709309063958e-07
48.36668601334027,1.1615134860062706e-07
48.383352686673604,9.489640582401868e-08
48.400019360006944,3.000597145221377e-07
48.41668603334028,2.3387131995954913e-07
48.43335270667361,8.505521963542932e-08
48.45001938000695,2.2652664341796023e-07
48.46668605334028,1.0185020880061565e-07
48.48335272667362,1.2899401542099615e-07
48.500019400006956,1.404164263686694e-07
48.51668607334029,1.1042797898550286e-07
48.53335274667363,8.082398624310782e-08
48.55001942000696,1.1806696088963395e-07
48.5666860933403,2.2131832100073493e-07
48.583352766673634,2.5953635383061487e-07
48.60001944000697,2.8843162912979867e-07
48.61668611334031,8.075433302402647e-08
48.63335278667364,2.4049320708233604e-07
48.65001946000698,1.1996463277142537e-07
48.66668613334031,7.688744513827689e-08
48.683352806673646,1.763124258336834e-07
48.700019480006986,7.579543665324416e-08
48.71668615334032,6.456179049081924e-08
48.73335282667365,2.3647103878053028e-07
48.75001950000699,3.7668665515588816e-07
48.766686173340325,1.7017992062846124e-07
48.783352846673665,1.3572107030864554e-07
48.800019520007,1.9790250641936776e-07
48.81668619334033,6.004362395162693e-08
48.83335286667367,5.5842527680827696e-08
48.850019540007004,1.0056187084035412e-07
48.866686213340344,8.244447029653761e-08
48.88335288667368,1.5692620069186715e-07
48.90001956000701,1.3735868259926773e-07
48.91668623334035,2.460933686991079e-07
48.93335290667368,1.1753220239850636e-07
48.95001958000702,1.8683460723840877e-07
48.966686253340356,1.9184412423466736e-07
48.98335292667369,1.5487737253451685e-07
49.00001960000703,2.381793689922425e-07
49.01668627334036,3.222433380938308e-07
49.0333529466737,2.424737585699504e-07
49.050019620007035,2.2088414683114905e-07
49.06668629334037,1.5132775002466336e-07
49.08335296667371,1.388961511648317e-07
49.10001964000704,1.1189581783842252e-07
49.116686313340374,1.8284744343385537e-07
49.133352986673714,8.741093801313821e-08
49.15001966000705,1.510440136598179e-07
49.16668633334039,2.7321643909787498e-08
49.18335300667372,1.8880140032844536e-07
49.20001968000705,1.741244365906386e-07
49.21668635334039,1.9928721603956892e-07
49.233353026673726,1.1932781688553686e-07
49.250019700007066,7.122236055885362e-08
49.2666863733404,5.954931362982458e-08
49.28335304667373,2.0744384638272155e-07
49.30001972000707,1.4993683023188643e-07
49.316686393340404,1.629581348933193e-07
49.333353066673745,3.1161645584225186e-07
49.35001974000708,2.3482805263079758e-07
49.36668641334041,2.37399934261069e-07
49.38335308667375,2.2461916466471196e-07
49.40001976000708,1.8381352389061763e-07
49.41668643334042,2.9649334289632977e-07
49.433353106673756,1.0187196366075763e-07
49.45001978000709,1.1139768881287871e-07
49.46668645334043,1.243330318803441e-07
49.48335312667376,2.3763601457426946e-07
49.5000198000071,3.306978948905474e-08
49.516686473340435,1.2916210299739268e-07
49.53335314667377,1.5352285497186664e-07
49.55001982000711,2.8151189368319906e-07
49.56668649334044,2.607905109851992e-07
49.583353166673774,7.251609890282678e-08
49.600019840007114,2.3936597695017966e-07
49.61668651334045,1.451252199039627e-07
49.63335318667379,1.6854225428517545e-07
49.65001986000712,2.2820190881530773e-07
49.66668653334045,1.4882240148594016e-07
49.68335320667379,1.1161406548475285e-07
49.700019880007126,1.665505804955868e-07
49.716686553340466,1.3399293144337624e-07
49.7333532266738,8.79759768010783e-08
49.75001990000713,1.695233269253476e-07
49.76668657334047,1.793686880639174e-07
49.783353246673805,1.425146237513918e-07
49.800019920007145,9.715663106872696e-08
49.81668659334048,2.227698373555134e-07
49.83335326667381,1.6579746990261045e-07
49.85001994000715,1.1830241989887464e-07
49.866686613340484,1.4343622362097955e-07
49.883353286673824,2.374370575406952e-08
49.90001996000716,9.205725068004594e-08
49.91668663334049,1.7383942145679594e-07
49.93335330667383,2.20026339229931e-07
49.95001998000716,2.2022866473511669e-07
49.966686653340496,1.14466024488233e-07
49.983353326673836,1.357626989366278e-07
50.00002000000717,5.754314297117077e-08
50.01668667334051,1.5379871580190034e-07
50.03335334667384,1.0760063332034464e-07
50.050020020007175,1.5338375631454866e-07
50.066686693340515,1.468830565428414e-07
50.08335336667385,1.6281880070278206e-07
50.10002004000719,9.04692686981805e-08
50.11668671334052,1.3914184278713832e-07
50.13335338667385,2.7705656652713103e-08
50.15002006000719,1.260573063842676e-07
50.166686733340526,1.4249657403845384e-07
50.18335340667387,1.1445285815607305e-07
50.2000200800072,6.528310447801986e-08
50.21668675334053,1.3784778891212981e-07
50.23335342667387,1.2094201642515837e-07
50.250020100007205,2.484935188104433e-07
50.266686773340545,1.744871573709888e-07
50.28335344667388,1.6767570439870914e-07
50.30002012000721,2.375142908605437e-07
50.31668679334055,1.0556201138415192e-07
50.333353466673884,1.4633627047146467e-07
50.350020140007224,9.943934390881636e-08
50.36668681334056,2.2535529792595838e-07
50.38335348667389,2.0278072979531806e-07
50.40002016000723,1.8562018205116372e-07
50.41668683334056,2.022749992899023e-07
50.433353506673896,5.617559283273306e-08
50.450020180007236,1.3858279653639107e-07
50.46668685334057,1.2432321267819347e-07
50.48335352667391,1.219649835311854e-07
50.50002020000724,1.9027169041630434e-07
50.516686873340575,3.0342690499491283e-07
50.533353546673915,1.4721058180743286e-07
50.55002022000725,1.0632092216090186e-07
50.56668689334059,1.230039854055464e-07
50.58335356667392,1.8141801436205546e-07
50.600020240007254,1.5871885364828625e-07
50.616686913340594,6.144583908069609e-08
50.63335358667393,4.804836213032434e-08
50.65002026000727,1.1105366418276211e-07
50.6666869333406,1.763580786701501e-07
50.68335360667393,2.9131716079439853e-08
50.70002028000727,2.5043943582345655e-07
50.716686953340606,1.7501612632875746e-07
50.733353626673946,1.2464880644316097e-07
50.75002030000728,1.5473397009517922e-07
50.76668697334061,2.3898071791215077e-07
50.78335364667395,2.0756206128558557e-07
50.800020320007285,7.784707333058109e-08
50.81668699334062,4.909124686095462e-08
50.83335366667396,1.2792885641247173e-07
50.85002034000729,1.5831953920418102e-07
50.86668701334063,1.8601297016848484e-07
50.88335368667396,1.6411003731108443e-08
50.9000203600073,1.8491907521235153e-07
50.91668703334064,1.8466546395347003e-07
50.93335370667397,5.534876649669368e-09
50.95002038000731,1.1295428133152453e-07
50.96668705334064,5.073966069785065e-08
50.983353726673975,4.238847489180193e-08
51.000020400007315,6.272183302935082e-08
51.01668707334065,9.551171143470078e-08
51.03335374667399,2.390917179038518e-07
51.05002042000732,7.938642376136771e-08
51.066687093340654,6.841387569489342e-08
51.083353766673994,8.970697146333713e-08
51.10002044000733,8.032220575908405e-08
51.11668711334067,1.5181551745435044e-07
51.133353786674,2.2716144666604827e-07
51.15002046000733,9.644396737113925e-08
51.16668713334067,1.3814517303453408e-07
51.183353806674006,1.9056250025413143e-07
51.20002048000734,1.4082205031240352e-07
51.21668715334068,1.1245803445028781e-07
51.23335382667401,6.77322915985808e-08
51.25002050000735,6.546885791744574e-08
51.266687173340685,2.139811115353555e-07
51.28335384667402,4.2715294555160564e-08
51.30002052000736,2.71590245215306e-08
51.31668719334069,8.195416098991771e-08
51.33335386667403,7.852024287706796e-08
51.350020540007364,1.0202430169454782e-07
51.3666872133407,1.4385789012761381e-07
51.38335388667404,8.588564202013281e-08
51.40002056000737,1.1549756927910169e-07
51.41668723334071,1.8636525134943232e-07
51.43335390667404,8.459303118511606e-08
51.450020580007376,1.2379084922475136e-07
51.466687253340716,1.7952266385192626e-08
51.48335392667405,1.362798547255931e-07
51.50002060000739,1.681411730505281e-07
51.51668727334072,7.907222233231672e-08
51.533353946674055,1.0546568207952347e-07
51.550020620007395,2.423177922568308e-08
51.56668729334073,5.4223905640083815e-08
51.58335396667407,1.4220332368479279e-07
51.6000206400074,1.5681562378192963e-07
51.616687313340734,8.860362414616969e-08
51.633353986674074,1.5828143832640227e-08
51.65002066000741,8.842437641605136e-08
51.66668733334074,1.090070409861173e-07
51.68335400667408,5.3526473393794505e-08
51.70002068000741,1.5611857642793994e-07
51.71668735334075,1.2126375683906664e-07
51.733354026674085,1.5511009291315592e-07
51.75002070000742,2.282883859889142e-07
51.76668737334076,2.502261156970409e-07
51.78335404667409,2.344824035413322e-07
51.80002072000743,1.632069882871451e-07
51.816687393340764,6.760890763824229e-08
51.8333540666741,1.6397467803541766e-07
51.85002074000744,1.9851745674874575e-07
51.86668741334077,1.8598042672807528e-07
51.88335408667411,1.3267540880534126e-07
51.90002076000744,8.37432430106744e-08
51.916687433340776,4.517833989302379e-08
51.933354106674116,1.0538643256242321e-07
51.95002078000745,1.8863966151591177e-07
51.96668745334079,1.3727178727638334e-07
51.98335412667412,4.620742247782451e-08
52.000020800007455,1.1272908233420219e-07
52.016687473340795,1.1056861671545865e-07
52.03335414667413,1.434815851179591e-07
52.05002082000746,1.3241038665140802e-07
52.0666874933408,2.4353456538540702e-08
52.083354166674134,2.0161310786861697e-07
52.100020840007474,1.1450777966113906e-07
52.11668751334081,3.342249993758771e-08
52.13335418667414,9.745877097481114e-08
52.15002086000748,1.4972145715985546e-07
52.16668753334081,8.762908823127653e-08
52.18335420667415,1.333496902974098e-07
52.200020880007486,1.0550027245320992e-07
52.21668755334082,9.751453264461337e-08
52.23335422667416,1.7883560586633754e-07
52.25002090000749,1.987043647205934e-07
52.26668757334083,1.3753848041655475e-07
52.283354246674165,1.4710902500461144e-07
52.3000209200075,8.837362878123349e-08
52.31668759334084,1.7275456495186195e-07
52.33335426667417,1.0383960355464989e-07
52.35002094000751,2.659193102012876e-07
52.366687613340844,1.224872249756601e-07
52.38335428667418,1.7579787267597526e-07
52.40002096000752,1.293431526759536e-07
52.41668763334085,9.335810230240796e-08
52.43335430667419,1.229438922104465e-07
52.45002098000752,1.6809179134996895e-07
52.466687653340855,1.0278372167635334e-07
52.483354326674196,1.5500303003411794e-07
52.50002100000753,1.6894884643148143e-07
52.51668767334086,1.4809584989425314e-07
52.5333543466742,8.972436679953127e-08
52.550021020007534,5.223806747815604e-08
52.566687693340874,8.692288219885908e-08
52.58335436667421,1.4828792635468529e-07
52.60002104000754,1.0525664060172087e-07
52.61668771334088,4.595761815345168e-08
52.63335438667421,8.476043066683414e-08
52.65002106000755,3.438273184780856e-08
52.666687733340886,5.937215526227903e-08
52.68335440667422,9.84458365470193e-08
52.70002108000756,1.1434641609925184e-07
52.71668775334089,8.012790543275883e-08
52.73335442667423,1.6235073399197003e-07
52.750021100007565,8.457337965530389e-08
52.7666877733409,8.414588562544433e-08
52.78335444667424,1.6567794673173352e-07
52.80002112000757,6.773597477925745e-08
52.81668779334091,1.2269336990547892e-07
52.833354466674244,2.8129237960932194e-07
52.85002114000758,1.1890043123654307e-07
52.86668781334092,8.414283302044565e-08
52.88335448667425,1.6192711852912062e-07
52.90002116000758,1.8262645929776594e-07
52.91668783334092,2.1295709275072033e-07
52.933354506674256,2.518005460583295e-07
52.950021180007596,2.029666519492321e-07
52.96668785334093,1.540979797721558e-07
52.98335452667426,7.347311768064828e-08
53.0000212000076,5.97938943472803e-08
53.016687873340935,1.861141156452847e-07
53.033354546674275,1.5121737095349116e-07
53.05002122000761,1.4003601393052197e-08
53.06668789334094,3.1935134453415086e-08
53.08335456667428,7.641988144462455e-08
53.100021240007614,1.193126267546338e-07
53.116687913340954,2.4487897241498313e-07
53.13335458667429,2.4294624375773023e-07
53.15002126000762,1.0011887836691918e-07
53.16668793334096,1.3251466033084615e-07
53.18335460667429,1.2940986207009163e-07
53.20002128000763,4.5227193201147327e-08
53.216687953340966,1.3839309051232565e-07
53.2333546266743,1.676754325440716e-07
53.25002130000764,2.0179961087984953e-07
53.26668797334097,2.775678740241768e-07
53.28335464667431,1.618894078633962e-07
53.300021320007644,4.0277354141334036e-08
53.31668799334098,5.267094015547796e-08
53.33335466667432,1.0020502182118177e-07
53.35002134000765,2.456662804841379e-07
53.36668801334098,8.561035325340521e-08
53.38335468667432,7.46661095336924e-08
53.400021360007656,6.710506491717267e-08
53.416688033340996,9.0671420416863e-08
53.43335470667433,9.872517955853918e-08
53.45002138000766,9.302259305860588e-08
53.466688053341,8.419615376786273e-08
53.483354726674335,1.2989552658307113e-07
53.500021400007675,1.8504832922381637e-07
53.51668807334101,6.800448089848849e-08
53.53335474667434,1.4834844364663998e-07
53.55002142000768,1.4999187422359058e-07
53.566688093341014,1.2823926858558843e-07
53.583354766674354,2.8065505893724105e-07
53.60002144000769,1.2359813516483834e-07
53.61668811334102,2.3471221534890614e-07
53.63335478667436,2.3719302706488414e-07
53.65002146000769,1.195684620181177e-07
53.66668813334103,1.2723306574378242e-07
53.683354806674366,1.8762610154137246e-07
53.7000214800077,1.77923295416313e-07
53.71668815334104,1.1561271320373491e-07
53.73335482667437,1.394702393763728e-07
53.750021500007705,1.358733733320061e-07
53.766688173341045,4.726588769153563e-08
53.78335484667438,4.096210208320686e-08
53.80002152000772,1.2144732578399056e-07
53.81668819334105,3.537374935531072e-08
53.833354866674384,1.566469913736833e-07
53.850021540007724,1.1928451970065877e-07
53.86668821334106,1.3881442112921584e-07
53.8833548866744,1.430922659522537e-07
53.90002156000773,1.210487573166121e-07
53.91668823334106,9.698134163605985e-08
53.9333549066744,1.031894825442e-07
53.950021580007736,7.025285984857052e-08
53.966688253341076,1.292066370175827e-07
53.98335492667441,1.5548260619841574e-07
54.00002160000774,1.901310932581567e-07
54.01668827334108,1.3311945498314518e-08
54.033354946674415,1.1586746637588938e-07
54.050021620007755,6.886875016542151e-08
54.06668829334109,3.0273355302752716e-08
54.08335496667442,1.8381462368315346e-08
54.10002164000776,1.0384813613186382e-07
54.11668831334109,1.9720803669564052e-07
54.13335498667443,7.814001186266486e-08
54.150021660007766,2.33455398912252e-07
54.1666883333411,1.3067163122553772e-07
54.18335500667444,3.1469624492345473e-08
54.20002168000777,8.948139944870746e-08
54.216688353341105,6.537797093267116e-08
54.233355026674445,5.8164109654185583e-08
54.25002170000778,1.2500265637137063e-07
54.26668837334112,8.255595743549837e-08
54.28335504667445,9.036528111970218e-08
54.300021720007784,6.074768006978127e-08
54.316688393341124,1.1308632248002544e-08
54.33335506667446,1.7669718273494776e-07
54.3500217400078,1.9448768046312105e-07
54.36668841334113,1.357346741400752e-07
54.38335508667446,1.1014207209890587e-07
54.4000217600078,1.1166917266272694e-07
54.416688433341136,1.6563331307493852e-07
54.433355106674476,2.2129972381765152e-08
54.45002178000781,3.4747029573946586e-08
54.46668845334114,9.167888239429303e-08
54.48335512667448,8.07125116880485e-08
54.500021800007815,1.1775515354419094e-07
54.516688473341155,9.805515989410283e-08
54.53335514667449,1.0819402634281555e-07
54.55002182000782,8.40481343546667e-08
54.56668849334116,7.375260492350438e-08
54.583355166674494,4.917473123409043e-08
54.60002184000783,3.4597881706842954e-08
54.61668851334117,1.536932118834243e-07
54.6333551866745,2.360597667158302e-07
54.65002186000784,1.1673912758431487e-07
54.66668853334117,3.8015342335895974e-08
54.683355206674506,1.0837573897969401e-07
54.700021880007846,1.1236889351468554e-07
54.71668855334118,9.668109339880004e-08
54.73335522667452,1.47592869506796e-07
54.75002190000785,3.905444808581964e-08
54.766688573341185,4.8797343204639815e-08
54.783355246674525,1.1914296880463635e-07
54.80002192000786,1.6658312895441273e-07
54.8166885933412,1.1932375077227587e-07
54.83335526667453,8.732389219797086e-08
54.85002194000786,1.0532786361799722e-07
54.8666886133412,1.6821140517825794e-08
54.883355286674536,6.86856386242555e-08
54.90002196000788,9.378339938028241e-09
54.91668863334121,8.299799739600608e-08
54.93335530667454,1.141206326727624e-07
54.95002198000788,5.05768945096877e-08
54.966688653341215,4.593463472844223e-08
54.983355326674555,1.0379125041521873e-07
55.00002200000789,1.086815368255111e-07
55.01668867334122,1.9820709810901892e-07
55.03335534667456,2.515832306872882e-07
55.050022020007894,1.3061151849044346e-07
55.06668869334123,8.294340569400609e-08
55.08335536667457,1.3239037587403797e-07
55.1000220400079,1.6078029201855607e-07
55.11668871334124,1.289796380719934e-07
55.13335538667457,7.707018707739153e-08
55.150022060007906,6.059517691168125e-08
55.166688733341246,1.905921997263948e-07
55.18335540667458,2.3594187803377246e-07
55.20002208000792,1.6363092634347092e-07
55.21668875334125,1.0780592886415063e-07
55.233355426674585,1.1789769068946738e-07
55.250022100007925,1.3381317719778591e-07
55.26668877334126,6.362324072480778e-08
55.2833554466746,1.1307451161657933e-07
55.30002212000793,9.926469152873701e-08
55.316688793341264,1.6542865826491977e-07
55.333355466674604,2.2584086969599587e-07
55.35002214000794,2.3215221296431763e-07
55.36668881334128,8.418092635748603e-08
55.38335548667461,4.645919086810559e-08
55.40002216000794,1.1096876892365184e-07
55.41668883334128,9.132186863294971e-08
55.433355506674616,1.473113797385914e-07
55.45002218000795,2.1108798114484896e-07
55.46668885334129,8.652024729777165e-08
55.48335552667462,1.18452022331783e-07
55.50002220000796,1.5959005377666446e-07
55.516688873341295,1.991266152157825e-07
55.53335554667463,2.1274307057126925e-07
55.55002222000797,1.8687964863234854e-07
55.5666888933413,9.392467421745232e-08
55.58335556667464,9.554438434841954e-08
55.60002224000797,9.081271423920383e-08
55.61668891334131,9.54897676306698e-08
55.63335558667465,1.3572906633408407e-07
55.65002226000798,6.360454064360037e-08
55.66668893334132,1.2256731236366148e-07
55.68335560667465,1.3871147496994447e-07
55.700022280007985,1.1290648550420597e-07
55.716688953341325,2.3260941011412087e-07
55.73335562667466,1.5192615682833045e-07
55.750022300008,6.155490291231075e-08
55.76668897334133,5.2732487360125856e-08
55.783355646674664,6.581910259022515e-08
55.800022320008004,1.0084909347958897e-07
55.81668899334134,1.8933950260915787e-07
55.83335566667468,1.2731652663592142e-07
55.85002234000801,4.048824948963997e-08
55.86668901334134,3.984845324937717e-08
55.88335568667468,4.5488393313242796e-08
55.900022360008016,7.922784595921991e-08
55.91668903334135,2.00085574156477e-07
55.93335570667469,3.9840950265469486e-08
55.95002238000802,3.099833238612835e-08
55.96668905334136,1.670743178313317e-07
55.983355726674695,7.098414805231063e-08
56.00002240000803,1.4669322212289626e-07
56.01668907334137,5.416634825264201e-08
56.0333557466747,7.177360250068033e-08
56.05002242000804,7.733927779432818e-08
56.066689093341374,2.001085580866986e-07
56.08335576667471,1.375412211586289e-07
56.10002244000805,1.528261923889706e-07
56.11668911334138,1.0366752168229149e-07
56.13335578667472,2.299741692203972e-07
56.15002246000805,1.3050818543054566e-07
56.166689133341386,2.1367425483953984e-07
56.183355806674726,8.309598289142868e-08
56.20002248000806,5.475277017407675e-08
56.2166891533414,2.500167938750681e-08
56.23335582667473,7.085454497691916e-08
56.250022500008065,8.078230670544933e-08
56.266689173341405,1.230263229604842e-07
56.28335584667474,8.368680764093571e-08
56.30002252000807,3.0256625558088086e-08
56.31668919334141,6.017456697092627e-08
56.333355866674744,6.402355188798146e-08
56.350022540008084,1.4147657251498515e-07
56.36668921334142,1.676034669003925e-07
56.38335588667475,1.930508346322453e-07
56.40002256000809,2.393886260594536e-07
56.41668923334142,1.340605135555465e-07
56.43335590667476,8.011445257128484e-08
56.450022580008095,1.0218940061335232e-07
56.46668925334143,1.6576767457460406e-07
56.48335592667477,1.7176123605562122e-07
56.5000226000081,6.05578630244111e-08
56.51668927334144,9.985560050170204e-08
56.533355946674774,1.4369605865110432e-07
56.55002262000811,1.4697969925747346e-07
56.56668929334145,1.4869707954611522e-07
56.58335596667478,2.271053637957059e-07
56.60002264000812,2.1116419358896102e-07
56.61668931334145,2.959078073638891e-07
56.633355986674786,1.4426507913956705e-07
56.650022660008126,5.913027000573429e-08
56.66668933334146,1.337976553158442e-07
56.68335600667479,1.4218935427442495e-07
56.70002268000813,6.548482420960275e-08
56.716689353341465,2.421181936172229e-08
56.733356026674805,2.0376376542290838e-07
56.75002270000814,3.1347975862089987e-07
56.76668937334147,1.8078438202638605e-07
56.78335604667481,1.4198471712708759e-08
56.800022720008144,1.0000815069580381e-07
56.816689393341484,1.2890858818268054e-07
56.83335606667482,1.0842974521994731e-07
56.85002274000815,3.97291113209231e-08
56.86668941334149,9.369921807939557e-08
56.88335608667482,2.005812594100032e-07
56.90002276000816,1.5306558087448355e-07
56.916689433341496,8.974881983763546e-08
56.93335610667483,1.8162620089631904e-07
56.95002278000817,6.860519169383783e-08
56.9666894533415,4.242223364764921e-08
56.98335612667484,1.6379051697693678e-07
57.000022800008175,1.4064818122796044e-07
57.01668947334151,5.866778682021828e-08
57.03335614667485,1.2005170914183606e-07
57.05002282000818,1.4490668227684764e-07
57.06668949334152,1.0600885755064645e-07
57.083356166674854,1.7036133117966298e-07
57.10002284000819,1.4518987523153846e-07
57.11668951334153,5.269734445208039e-08
57.13335618667486,9.334570304993965e-08
57.15002286000819,1.2707744105352285e-07
57.16668953334153,1.6226745652651093e-07
57.183356206674866,9.72200627043248e-08
57.200022880008206,1.381913913617337e-07
57.21668955334154,1.0804822016062916e-07
57.23335622667487,9.364507002945743e-08
57.25002290000821,5.5113315035947664e-08
57.266689573341544,4.558730968191292e-08
57.283356246674884,1.1461448989227771e-08
57.30002292000822,5.44820109260206e-08
57.31668959334155,1.4451863946293806e-07
57.33335626667489,1.6137183237709245e-07
57.35002294000822,1.541647500627134e-07
57.36668961334156,8.544974007123192e-08
57.383356286674896,6.357356848716322e-08
57.40002296000823,7.666909490446426e-08
57.41668963334157,7.712259718279633e-08
57.4333563066749,7.241089144026316e-08
57.45002298000824,4.433257674502282e-08
57.466689653341575,2.7793965230362342e-08
57.48335632667491,1.0088344444965258e-07
57.50002300000825,1.4788095139462937e-07
57.51668967334158,2.385923726492618e-08
57.533356346674914,9.838759512721105e-08
57.550023020008254,3.5799282531464396e-08
57.56668969334159,1.5501785151480813e-07
57.58335636667493,1.319762770176808e-07
57.60002304000826,8.324128054035842e-08
57.61668971334159,5.773995253704138e-08
57.63335638667493,1.6845731199180425e-07
57.650023060008266,1.7852689141680095e-07
57.666689733341606,9.828500765913588e-08
57.68335640667494,1.3465040727621138e-07
57.70002308000827,9.595347085391948e-08
57.71668975334161,5.278243842252453e-08
57.733356426674945,7.567875542377331e-08
57.750023100008285,5.3663584598116874e-08
57.76668977334162,9.056600153842325e-08
57.78335644667495,7.842739994975193e-08
57.80002312000829,5.847320257607127e-08
57.816689793341624,8.656659626593531e-08
57.833356466674964,1.460061277287298e-07
57.8500231400083,1.4000732462666002e-07
57.86668981334163,1.3297009059989778e-07
57.88335648667497,1.4600504521392068e-07
57.9000231600083,7.41204295049015e-08
57.91668983334164,5.59043512699629e-08
57.933356506674976,6.586205217580964e-08
57.95002318000831,6.010312784983671e-08
57.96668985334165,1.1095354477504461e-07
57.98335652667498,1.3327918820533726e-07
58.000023200008314,1.635999152360999e-07
58.016689873341655,1.4625976794352762e-07
58.03335654667499,1.303008370768665e-07
58.05002322000833,1.429163357518107e-07
58.06668989334166,1.455770136351853e-08
58.08335656667499,6.344757139584697e-08
58.10002324000833,9.347284428723599e-08
58.116689913341666,1.0702419086293843e-07
58.133356586675006,1.0847350361480676e-07
58.15002326000834,7.19164470784605e-08
58.16668993334167,8.901405282072528e-08
58.18335660667501,1.0503758136996015e-07
58.200023280008345,7.000250731285239e-08
58.216689953341685,1.105890843933419e-07
58.23335662667502,1.1849028128850671e-07
58.25002330000835,1.2791454867138216e-07
58.26668997334169,4.95105068488798e-08
58.283356646675024,2.953940712922866e-08
58.300023320008364,4.978620503750463e-08
58.3166899933417,6.439394744388296e-08
58.33335666667503,1.2691129906629189e-07
58.35002334000837,1.2721471401876375e-07
58.3666900133417,7.978728964921366e-08
58.383356686675036,9.918892396741102e-08
58.400023360008376,1.3548275124071707e-07
58.41669003334171,2.725585691286756e-07
58.43335670667505,1.3934636064314483e-07
58.45002338000838,5.12523573093542e-09
58.466690053341715,1.98394508389579e-08
58.483356726675055,5.6678097567510236e-08
58.50002340000839,1.569565182095129e-07
58.51669007334173,1.6181177274230612e-07
58.53335674667506,3.805848540770962e-08
58.550023420008394,8.996120692150669e-08
58.566690093341734,8.724292571510574e-08
58.58335676667507,1.173471701643622e-07
58.60002344000841,3.483942251951725e-08
58.61669011334174,1.0918899950092162e-07
58.63335678667507,5.920217170114567e-08
58.65002346000841,6.450371818921299e-08
58.666690133341746,8.922042328089733e-08
58.683356806675086,1.8457569328266355e-07
58.70002348000842,3.725713674836696e-08
58.71669015334175,1.6865117939825206e-07
58.73335682667509,1.3225420654166462e-07
58.750023500008425,7.673695449027944e-08
58.766690173341765,9.108244923294957e-08
58.7833568466751,1.1524672540009533e-07
58.80002352000843,8.168001808455029e-08
58.81669019334177,1.6067617439580637e-07
58.8333568666751,1.6832927101350073e-07
58.850023540008436,1.4155041920827942e-07
58.866690213341776,1.3208407181547454e-07
58.88335688667511,1.54190008821008e-07
58.90002356000845,2.1960094710744221e-07
58.91669023334178,1.0927266430128569e-07
58.933356906675115,1.7020775229712372e-08
58.950023580008455,6.261285145830397e-08
58.96669025334179,7.399720007260395e-08
58.98335692667513,7.188152659256512e-08
59.00002360000846,5.461176790088591e-08
59.016690273341794,3.5739507699997695e-08
59.033356946675134,2.99820373012725e-08
59.05002362000847,1.802423206896955e-07
59.06669029334181,2.4918389224712975e-07
59.08335696667514,5.0419600182179385e-08
59.10002364000847,1.26908826883803e-07
59.11669031334181,1.839860238418107e-07
59.133356986675146,1.1978353568575093e-07
59.150023660008486,4.180765277187353e-08
59.16669033334182,1.1913442645293351e-07
59.18335700667515,1.5455465875140073e-07
59.20002368000849,1.1093191841601409e-07
59.216690353341825,1.0590863192632167e-07
59.23335702667516,2.199249917366281e-08
59.2500237000085,8.127516152122492e-08
59.26669037334183,6.140090898471514e-08
59.28335704667517,1.1640368163820572e-07
59.300023720008504,1.8470867131048452e-08
59.31669039334184,1.09241405628775e-07
59.33335706667518,1.371351180881933e-07
59.35002374000851,1.6564783231509496e-07
59.36669041334185,1.3146961963474457e-07
59.38335708667518,2.5005893331726688e-08
59.400023760008516,1.268585256596807e-07
59.416690433341856,1.4903594853080287e-07
59.43335710667519,1.3530969305541627e-07
59.45002378000853,2.273707254990142e-07
59.46669045334186,1.7310543622835241e-07
59.483357126675195,1.0974885942820964e-07
59.500023800008535,8.287569299595004e-08
59.51669047334187,1.384348423876297e-07
59.53335714667521,7.496917232373813e-08
59.55002382000854,5.472816883012283e-08
59.56669049334187,4.778654791353171e-08
59.58335716667521,1.1313600277976298e-07
59.60002384000855,1.5647055635816045e-07
59.61669051334189,1.3517192199870552e-07
59.63335718667522,1.3646224425404403e-07
59.65002386000855,1.1595296273473168e-07
59.66669053334189,6.768656407842978e-08
59.683357206675225,9.469095365603419e-08
59.70002388000856,8.147708449187759e-08
59.7166905533419,1.4098782281529235e-07
59.73335722667523,1.6014028990996286e-07
59.75002390000857,4.5516665574898155e-08
59.766690573341904,9.377156984205831e-08
59.78335724667524,1.7186457777886843e-07
59.80002392000858,1.5847312339905764e-07
59.81669059334191,3.562813913904453e-09
59.83335726667525,7.089615367763069e-08
59.85002394000858,6.74901099265291e-08
59.866690613341916,6.763244427686267e-08
59.883357286675256,1.4403757183985436e-07
59.90002396000859,1.2956211323933677e-07
59.91669063334193,4.772885040952428e-08
59.93335730667526,1.1768640779855163e-07
59.950023980008595,1.1894515272821964e-07
59.966690653341935,7.209241581999371e-08
59.98335732667527,1.2886548729314161e-07
60.00002400000861,1.321816930295894e-07
